Entity_Type_ID,Entity_Type_Name,Entity_ID,Owned_by_SAM,Owned_by_Display_Name,Own_Datetime,Created_by_SAM,Created_by_Display_Name,Created_Datetime,Modified_by_Sam,Modified_by_Display_Name,Modified_Datetime,Assigned_to_Sam,Assigned_to_Display_Name,Assign_Datetime,Is_Active,RESOURCE_NAME,RESOURCE_NAME_EXD_OBJECT_ID,CUSTOMER_NAME,DEPARTMENT,JOB_NAME,POSITION,START_DATE,END_DATE,ACTIVE,DEPARTMENT_EXD_OBJECT_ID,JOB_NAME_EXD_OBJECT_ID,POSITION_EXD_OBJECT_ID,RELAY_DEPARTMENT,RELAY_DEPARTMENT_EXD_OBJECT_ID,START_DATE DateRange,START_DATE Month,START_DATE Quarter,START_DATE Week,START_DATE WeekNumber,START_DATE Year,START_DATE YearMonth,START_DATE YearQuarter,CUSTOMER_NAME_EXD_OBJECT_ID,RHC_LOCATION,PLACEMENT_NAME,PLACEMENT_STATUS,RHC_LOCATION_EXD_OBJECT_ID,BILLING_AMOUNT,PRO_RATE,CUSTOMER_EMAIL_ADDRESS,REFERRAL_PARTNER,REFERRAL_PARTNER_EXD_OBJECT_ID,SALES_REP,SALES_REP_EXD_OBJECT_ID,REFERRAL_CODE,1ST_PAYMENT_RECEIVED_DATE,REFERRAL_CODE_EXD_OBJECT_ID,REFERRAL_DISCOUNT_RATE,REFERRAL_FEE_PAYMENT_DATE,REFERRAL_RATE,REFERRAL_CODE_END_DATE,BACKFILL,ORDER_FORM_EXECUTION_DATE,CUSTOMER_SUPERVISOR,CUSTOMER_SUPERVISOR_EXD_OBJECT_ID,RELAY_SUPERVISOR,ADDITIONAL_CHARGE,ADDITIONAL_CHARGE_DESCRIPTION,PARENT_REFERRER,RELAY_LOCATION,RELAY_LOCATION_EXD_OBJECT_ID,ANCILLARY_AMOUNT,ANCILLARY_CHARGE,DYNAMIC_TEMPLATE,DYNAMIC_TEMPLATE_EXD_OBJECT_ID,PLACEMENT_TERMINATION_NOTIFICATION_DATE,PLACEMENT_TERMINATION_NOTIFICATION_DATE DateRange,PLACEMENT_TERMINATION_NOTIFICATION_DATE Month,PLACEMENT_TERMINATION_NOTIFICATION_DATE Quarter,PLACEMENT_TERMINATION_NOTIFICATION_DATE Week,PLACEMENT_TERMINATION_NOTIFICATION_DATE WeekNumber,PLACEMENT_TERMINATION_NOTIFICATION_DATE Year,PLACEMENT_TERMINATION_NOTIFICATION_DATE YearMonth,PLACEMENT_TERMINATION_NOTIFICATION_DATE YearQuarter,RELAY_SUPERVISOR_EXD_OBJECT_ID,TURNOVER_BREAKDOWN,ENDING_REASONS,ENDING_REASONS_EXD_OBJECT_ID,TURNOVER_BREAKDOWN_1,TURNOVER_BREAKDOWN_1_EXD_OBJECT_ID,BACKFILL_REQUESTED,EMPLOYEE_RESULT,NOTES_FOR_PLACEMENT_END,COUNTRY,COUNTRY_EXD_OBJECT_ID,PATHWAY,PATHWAY_EXD_OBJECT_ID,FREE_PERIOD____OF_MONTHS_,OPPORTUNITY,OPPORTUNITY_EXD_OBJECT_ID,REFERRAL_PAYMENT_DISCOUNT,REFERRAL_PAYMENT_DISCOUNT_END_DATE,LEAD_SOURCE,TEST_REFERRAL_PARTNE,TECHNOLOGY,TECHNOLOGY_EXD_OBJECT_ID,FREE_PERIOD____OF_DAYS_
100343,Placement,106617,quinn.patel@acme-fake.test,Liam Blake,2024-04-19 18:25:00,arjun.silva@examplecorp.test,Emerson Kim,2024-10-28 09:14:00,liam.vance@examplecorp.test,Noah Rossi,2024-12-04 21:09:00,,,,Y,Liam Reyes,101216,Meridian Foods Inc,Alpha,Jamie Cohen,Accountant,2023-07-22,,Active - Placed,,100593,100591,Customer Support,,REF-6598,5118,Standard,8640,1192,9162,Delta,Standard,100070,,Accountant Placement,,100148,"9,110",No,emerson.garcia@demomail.test,*NONE,100269,Yara Vance,101598,Gamma,,100765,,,,,Alpha,REF-2996,LOT-6590,101633,Standard,,,,Denver,100408,,,Beta,100615,,,,,,,,,,101516,,,100485,,100037,N,,,,100469,Placement,,,REF-2637,105583,,,Other,,,100603,
100262,Placement,106618,liam.sloan@acme-fake.test,Casey Patel,2026-04-23 13:04:00,reese.ford@sampleco.test,Noah Haddad,2024-02-19 00:24:00,aisha.dorsey@sampleco.test,Chen Nguyen,2024-09-04 17:21:00,,,,Y,Mei Brooks,100901,Meridian Networks Inc,Beta,Avery Dorsey,Accountant,2025-08-01,,Active - Placed,100454,100172,100503,Finance,,SKU-8165,8223,Beta,4134,6051,9690,Standard,Beta,100593,,Accountant Placement,,100596,"9,764",No,fatima.ford@demomail.test,Atlas Capital Inc,,Jamie Ford,101691,Gamma,,100664,,,,,Delta,TAG-3443,,101183,Other,,,,Mumbai,100331,,,Delta,100034,,,,,,,,,,101708,,,100139,Involuntary,100673,N,Met Expectations,,Gamma,100400,Placement,100684,,SKU-9524,106029,,,Other,,,100091,
100062,Placement,106620,marco.silva@demomail.test,Mei Whitfield,2023-11-09 05:12:00,drew.brooks@demomail.test,Mei Reyes,2026-03-10 17:34:00,morgan.nguyen@demomail.test,Diego Ivanov,2023-03-17 11:04:00,,,,N,Liam Nguyen,101687,Redwood Ventures Corp,Other,Liam Ford,Recruiter,2026-04-19,2026-07-03,Inactive - Terminated,,100500,100548,Human Resources,,SKU-9634,1802,Standard,6009,6857,1681,Beta,Delta,100232,,Recruiter Placement,,,"15,743",Yes,priya.calder@sampleco.test,*NONE,,Riley Okafor,101501,,,,"1,592",,,,Standard,LOT-2935,,101485,Delta,,,,Chicago,100520,,,Gamma,100165,,,,,,,,,,100808,,,100242,,100492,Y,,Scheduled a check-in for the coming month.,,,Placement,100146,,SKU-6970,104968,,,Standard,,,100136,
100686,Placement,106621,fatima.costa@sampleco.test,Yara Sloan,2026-02-17 07:08:00,mei.garcia@acme-fake.test,Jordan Kim,2026-06-11 13:15:00,chen.sato@sampleco.test,Elena Larsson,2023-08-29 10:22:00,,,,Y,Emerson Ivanov,100962,Horizon Manufacturing Corp,Standard,Emerson Whitfield,Financial Analyst,2026-02-13,,Active - Placed,100209,100243,100481,Software Engineering,,REF-7942,5188,Beta,9936,5151,455,Gamma,Gamma,100673,,Financial Analyst Placement,,100661,"7,345",Yes,reese.vance@demomail.test,*NONE,100368,Taylor Costa,101320,Standard,,100348,,,,,Gamma,REF-9345,,101005,Delta,,,,London,100079,,,Beta,100005,,,,,,,,,,101484,,,100363,,100796,,Below,,Other,,Bench,100030,,REF-3455,105051,,,Gamma,,,,
100322,Placement,106622,emerson.calder@examplecorp.test,Liam Reyes,2022-11-03 19:19:00,marco.calder@examplecorp.test,Fatima Sloan,2024-02-08 22:53:00,jamie.mensah@examplecorp.test,Omar Nguyen,2024-08-15 19:02:00,,,,N,Alex Brooks,101135,Keystone Labs Ltd,Gamma,Drew Mensah,Accountant,2023-05-10,2026-07-22,Inactive,,100040,100164,Recruiting,,REF-9169,4316,Standard,1463,6775,5736,Beta,Beta,100275,,Accountant Placement,,100569,"10,563",Yes,omar.nguyen@sampleco.test,*NONE,,Rowan Patel,101770,Delta,,100026,,,"1,825",,Standard,REF-6720,TAG-8617,101577,Other,,Beta,,Manila,100058,,,Alpha,100366,,,,,,,,,,101441,,Converted to Direct Hire,100709,,100731,N,Met Expectations,Reviewed performance and gathered feedback.,Gamma,100616,Backfill,100094,,SKU-9750,106380,,,Alpha,,,,
100099,Placement,106624,arjun.dorsey@sampleco.test,Rahul Cohen,2025-03-03 15:42:00,jamie.costa@demomail.test,Avery Whitfield,2022-12-19 19:09:00,skyler.blake@acme-fake.test,Avery Whitfield,2025-01-15 07:07:00,,,,N,Marco Brooks,101499,Silverline Systems Co,,Skyler Mensah,Data Analyst,2026-01-18,2026-07-14,Inactive - Terminated,100760,100543,100041,Customer Support,100664,REF-9199,2392,Beta,5339,8701,6348,Delta,Other,100290,,Data Analyst Placement,,,"14,945",No,diego.reyes@demomail.test,*NONE,100213,Fatima Mercer,101609,Gamma,,100688,,,,,Delta,REF-6177,SKU-9385,101655,Beta,,,,Chicago,100056,,,Standard,100793,,,,,,,,,,101217,,Budget Cut,100610,Voluntary,100360,N,Exceeded,Noted a concern to revisit at the next sync.,,100046,Placement,,,TAG-5068,106438,,,Other,,,100568,
100445,Placement,106625,reese.cohen@acme-fake.test,Rahul Okafor,2023-10-22 06:01:00,emerson.whitfield@sampleco.test,Jordan Ashby,2023-01-16 12:10:00,yara.patel@demomail.test,Casey Patel,2025-09-25 09:43:00,,,,Y,Elena Sato,101319,Delta Ventures Inc,,Mei Kim,Marketing Coordinator,2026-02-16,2026-07-28,Inactive - Terminated,100702,100370,100343,Sales,,LOT-9330,7282,Delta,4224,7948,8091,Standard,Alpha,100487,,Marketing Coordinator Placement,,100782,"10,487",Yes,elena.kim@demomail.test,*NONE,100291,Avery Ashby,101505,Beta,,100197,,,,,Beta,LOT-5214,,100884,Other,,,,London,100040,,,Alpha,100255,,,,,,,,,,100936,,Unmet Expectations,100062,Involuntary,,Y,,Aligned on billing and renewal terms.,Delta,100342,Bench,100332,,REF-8598,105516,,,Beta,,,,
100285,Placement,106628,sofia.costa@demomail.test,Chen Mercer,2022-12-05 18:43:00,avery.ashby@examplecorp.test,Reese Vance,2025-09-11 15:03:00,chen.ivanov@examplecorp.test,Skyler Vance,2026-01-26 07:36:00,,,,Y,Arjun Mercer,101483,Northwind Networks Corp,Alpha,Aisha Ashby,Bookkeeper,2024-08-27,2026-06-10,Inactive,100069,100383,100037,Marketing,,REF-1844,9592,Delta,2159,6485,4583,Delta,Beta,100704,,Bookkeeper Placement,,100511,"3,047",Yes,yara.ashby@demomail.test,*NONE,,Taylor Calder,100864,Alpha,,100443,,,"2,377",,Delta,LOT-5568,TAG-3544,101325,Standard,,,,Bengaluru,100180,,,Gamma,100132,,,,,,,,,,100971,,Unmet Expectations,100388,Involuntary,,N,Exceeded,Resolved the outstanding question about scope.,Beta,100213,Placement,100770,,LOT-9005,105223,,,Standard,,,100012,
100726,Placement,106631,jamie.ford@sampleco.test,Arjun Okafor,2026-06-12 18:42:00,liam.sato@acme-fake.test,Morgan Larsson,2026-03-31 18:20:00,yara.kim@demomail.test,Rowan Patel,2025-03-22 02:41:00,,,,N,Casey Haddad,101539,Delta Energy Group,Delta,Marco Nguyen,HR Generalist,2023-09-07,2026-06-10,Inactive,100195,100531,100593,Sales,100498,REF-9606,6368,Standard,5656,5882,5131,Beta,Beta,100322,,HR Generalist Placement,,,"12,639",No,rahul.rossi@acme-fake.test,*NONE,100153,Alex Sloan,101483,Delta,,100046,,,,,Delta,SKU-7712,,100969,Other,,,,Toronto,100563,,,Beta,100656,,,,,,,,,,101593,,Unmet Expectations,100679,Voluntary,100735,N,,Followed up on the open items from last week.,Other,100734,Bench,,,TAG-7545,106256,,,Alpha,,,100259,
100097,Placement,106633,nina.mercer@acme-fake.test,Reese Larsson,2023-02-03 04:32:00,jamie.rossi@demomail.test,Reese Costa,2023-12-11 05:48:00,avery.sloan@acme-fake.test,Omar Reyes,2026-05-28 00:04:00,,,,N,Liam Okafor,101394,Atlas Manufacturing,Delta,Skyler Patel,Operations Associate,2023-09-02,,Active - Placed,,100025,100030,Human Resources,100220,REF-3097,8757,Other,5327,4731,7185,Delta,Beta,100613,,Operations Associate Placement,,100568,"8,372",No,priya.mercer@acme-fake.test,Cardinal Media Ltd,,Mei Dorsey,101674,Delta,,,,,,,Delta,LOT-3872,TAG-6992,101327,Delta,,,,Atlanta,100062,,,Delta,100119,,,,,,,,,,101049,,,100565,,100765,Y,Met Expectations,,Delta,,Direct Hire,,,LOT-6114,105357,,,Standard,,,,
100624,Placement,106636,sofia.ivanov@demomail.test,Reese Haddad,2025-11-26 17:32:00,sofia.mensah@acme-fake.test,Riley Sloan,2023-04-25 00:38:00,jordan.sato@examplecorp.test,Riley Rossi,2023-09-20 15:54:00,,,,Y,Arjun Mercer,101423,Brightpath Retail Ltd,Alpha,Reese Haddad,Software Developer,2025-09-10,,Active - Placed,,100571,100171,Human Resources,,SKU-4735,8195,Beta,4485,9082,7223,Alpha,Standard,100690,,Software Developer Placement,,,"2,389",Yes,sofia.okafor@sampleco.test,*NONE,100469,Casey Ivanov,101073,Other,,100485,,,"2,807",,Other,TAG-1628,REF-5817,101727,Alpha,,,,Manila,100679,,,Delta,100546,,,,,,,,,,101483,,,100684,Voluntary,100310,N,Exceeded,,,100496,Bench,,,LOT-9777,105965,,,Delta,,,100188,
100568,Placement,106638,sofia.mercer@examplecorp.test,Rahul Nguyen,2025-10-26 09:07:00,noah.ashby@examplecorp.test,Chen Costa,2024-08-16 15:12:00,rahul.ivanov@examplecorp.test,Taylor Cohen,2025-04-08 01:02:00,,,,N,Sofia Blake,101409,Granite Industries Co,Standard,Jamie Costa,Project Manager,2025-10-28,2026-06-14,Inactive,,100344,100654,Customer Support,100786,LOT-9586,9044,Beta,4762,5710,4259,Gamma,Beta,100500,,Project Manager Placement,,,"4,421",No,marco.patel@acme-fake.test,*NONE,100383,Drew Garcia,101677,Alpha,,,,,,,Standard,REF-2503,TAG-6051,101000,Gamma,,,,London,100080,,,Other,100128,,,,,,,,,,100904,,Project Ended,100368,,100780,Y,,Noted a concern to revisit at the next sync.,,100702,Trial,100099,,LOT-2936,106446,,,Delta,,,100136,
100223,Placement,106640,casey.reyes@demomail.test,Diego Rossi,2026-07-30 19:40:00,diego.kim@acme-fake.test,Rahul Blake,2026-05-21 12:37:00,priya.cohen@acme-fake.test,Drew Brooks,2024-12-12 12:49:00,,,,Y,Rahul Okafor,101315,Cardinal Solutions Inc,Beta,Taylor Kim,Customer Success Manager,2024-07-15,2026-07-09,Inactive,100305,100197,100506,Data & Analytics,,LOT-3129,8812,Standard,24,855,5904,Delta,Other,100709,,Customer Success Manager Placement,,100200,"4,003",Yes,casey.blake@sampleco.test,*NONE,,Arjun Mensah,101091,Delta,,100185,320,,,,Delta,TAG-1769,,101598,Other,,Alpha,,Seattle,100010,,,Gamma,100763,,,,,,,,,,101049,,Unmet Expectations,100236,Involuntary,100720,N,Below,Shared the updated proposal for review.,,,Bench,100290,,SKU-8808,105528,,,Gamma,,,100658,
100395,Placement,106642,reese.haddad@sampleco.test,Sofia Garcia,2026-04-16 15:32:00,sofia.brooks@acme-fake.test,Elena Costa,2026-02-25 00:22:00,morgan.ford@sampleco.test,Liam Patel,2023-07-22 01:11:00,,,,N,Aisha Cohen,100842,Cobalt Financial LLC,Alpha,Omar Brooks,Data Analyst,2024-11-07,2026-06-25,Inactive,100455,100060,100120,Customer Support,100796,LOT-3743,8128,Alpha,7006,3955,9673,Other,Delta,100122,,Data Analyst Placement,,,"10,081",Yes,taylor.sato@examplecorp.test,*NONE,100110,Omar Calder,101636,Gamma,,100146,"1,710",,,,Gamma,LOT-1103,TAG-6840,101574,Standard,,,,Phoenix,100558,,,Alpha,100158,,,,,,,,,,100925,,Relocation,100314,Involuntary,100017,N,Exceeded,Scheduled a check-in for the coming month.,Beta,100286,Placement,100370,,LOT-8378,105129,,,Standard,,,,
100482,Placement,106643,arjun.blake@acme-fake.test,Diego Mercer,2023-07-06 21:13:00,arjun.mercer@acme-fake.test,Elena Okafor,2022-12-11 23:25:00,priya.larsson@demomail.test,Noah Nguyen,2025-03-25 19:14:00,,,,N,Jamie Haddad,101164,Granite Financial,Beta,Skyler Costa,Customer Success Manager,2023-07-13,,Active - Terminated,,100117,100243,Operations,100656,REF-2675,8743,Beta,2653,2893,8393,Delta,Beta,100645,,Customer Success Manager Placement,,100477,"8,745",Yes,aisha.cohen@demomail.test,*NONE,100705,Jamie Ford,100917,Other,,100352,,,"3,271",,Other,LOT-6508,SKU-9024,101552,Beta,,Alpha,,Denver,100667,,,Standard,100415,,,,,,,,,,101506,,,100215,Involuntary,100097,N,,,Gamma,100168,Placement,100286,,LOT-5453,105238,,,Gamma,,,100683,
100141,Placement,106645,avery.cohen@demomail.test,Morgan Nguyen,2025-11-14 10:15:00,reese.nguyen@demomail.test,Yara Garcia,2026-02-12 20:18:00,reese.rossi@sampleco.test,Nina Sloan,2026-04-10 10:01:00,,,,N,Yara Ivanov,100971,Atlas Labs Ltd,Alpha,Chen Mensah,Operations Associate,2024-07-20,2026-06-06,Inactive - Terminated,100094,100654,100259,Sales,100097,REF-9333,7516,Standard,9818,218,485,Standard,Delta,100479,,Operations Associate Placement,,100165,"4,395",No,alex.blake@examplecorp.test,*NONE,100295,Mei Blake,100864,Standard,,,"1,084",,,,Beta,REF-3112,SKU-4068,101706,Gamma,,,,Chicago,100171,,,Gamma,100759,,,,,,,,,,101209,,Unmet Expectations,100281,Voluntary,100551,N,,Shared the updated proposal for review.,,100531,Direct Hire,100058,,LOT-8106,106338,,,Beta,,,100684,
100470,Placement,106647,nina.cohen@acme-fake.test,Sofia Costa,2026-06-18 02:33:00,alex.ivanov@acme-fake.test,Rowan Cohen,2025-06-19 06:46:00,taylor.whitfield@acme-fake.test,Liam Kim,2023-09-13 00:16:00,,,,Y,Yara Rossi,101752,Vertex Manufacturing LLC,Delta,Elena Ford,HR Generalist,2023-05-15,2026-06-22,Inactive - Terminated,,100498,100686,Operations,100571,REF-3800,2832,Beta,9449,9505,9116,Other,Standard,100282,,HR Generalist Placement,,,"14,272",Yes,reese.ashby@demomail.test,*NONE,100391,Aisha Calder,100937,Delta,,,,,,,Gamma,LOT-2160,LOT-9119,101691,Gamma,,,,Atlanta,100405,,,Delta,100440,,,,,,,,,,100855,,,100722,Involuntary,100603,N,Met Expectations,Reviewed performance and gathered feedback.,,100481,Trial,100645,,REF-3015,105680,,,Delta,,,,
100403,Placement,106649,diego.calder@examplecorp.test,Riley Mercer,2024-11-11 03:04:00,yara.mercer@sampleco.test,Mei Ashby,2024-12-30 11:35:00,jordan.calder@examplecorp.test,Casey Whitfield,2025-01-25 14:46:00,,,,N,Reese Silva,100888,Everest Energy LLC,,Avery Reyes,Financial Analyst,2024-03-01,,Active - Placed,100314,100760,100146,Sales,100731,LOT-9204,2879,Standard,4432,3326,9549,Alpha,Delta,100708,,Financial Analyst Placement,,100389,"3,348",No,nina.kim@sampleco.test,*NONE,100285,Fatima Patel,101489,,,,,,,,Alpha,TAG-8810,SKU-3784,101139,Gamma,,,,Mumbai,100383,,,Gamma,100070,,,,,,,,,,100993,,,100679,Involuntary,100216,Y,Exceeded,,Alpha,,Trial,100328,,TAG-5929,105780,,,Gamma,,,,
100482,Placement,106651,priya.silva@acme-fake.test,Priya Okafor,2025-02-06 15:51:00,elena.okafor@examplecorp.test,Reese Silva,2023-07-02 12:52:00,jamie.patel@acme-fake.test,Reese Calder,2025-12-20 04:42:00,,,,N,Nina Blake,100954,Granite Retail Ltd,Gamma,Morgan Whitfield,QA Engineer,2024-07-02,2026-06-12,Inactive,100800,100142,100568,Operations,100117,LOT-8536,9045,Beta,9468,600,3568,Delta,Alpha,100206,,QA Engineer Placement,,,"2,911",No,jordan.vance@examplecorp.test,*NONE,100459,Chen Costa,100842,Delta,,,,,,,Gamma,TAG-3815,REF-3436,101752,Delta,,,,Chicago,100520,,,Alpha,100192,,,,,,,,,,100943,,Project Ended,100331,,100539,Y,,Discussed timeline and next steps with the account.,,100672,Bench,100161,,TAG-8822,104952,,,Alpha,,,100408,
100573,Placement,106653,alex.brooks@demomail.test,Rahul Calder,2023-04-25 14:29:00,rahul.haddad@demomail.test,Casey Larsson,2025-01-09 10:13:00,taylor.sato@acme-fake.test,Drew Rossi,2023-01-21 09:46:00,,,,N,Diego Mercer,101172,Beacon Group Co,Other,Skyler Costa,Data Analyst,2026-05-24,,Active - Placed,,100020,100799,Human Resources,100295,SKU-7822,4673,Other,5461,5570,5704,Delta,Delta,100531,,Data Analyst Placement,,,"12,938",No,omar.dorsey@acme-fake.test,Cardinal Networks Co,,Sofia Kim,101178,Delta,,,,,806,,Delta,REF-7316,TAG-1366,101501,Alpha,,,,Phoenix,100723,,,Beta,100037,,,,,,,,,,101560,,,100195,,100496,N,Exceeded,,,100473,Bench,100224,,REF-6107,105572,,,Standard,,,100031,
100788,Placement,106656,diego.ivanov@sampleco.test,Diego Ford,2026-07-08 17:52:00,casey.ivanov@acme-fake.test,Arjun Larsson,2023-01-13 09:20:00,avery.garcia@acme-fake.test,Reese Brooks,2023-12-27 03:15:00,,,,Y,Fatima Sloan,101455,Meridian Labs Co,Beta,Omar Haddad,Recruiter,2025-03-09,2026-07-15,Inactive - Terminated,,100788,100389,Operations,100440,SKU-1012,434,Gamma,1822,7093,7378,Beta,Beta,100034,,Recruiter Placement,,,"15,362",No,jamie.dorsey@examplecorp.test,*NONE,,Yara Okafor,101573,Standard,,100735,,,"1,503",,Standard,SKU-2607,LOT-1274,101615,Delta,,,,Chicago,100532,,,Other,100746,,,,,,,,,,101639,,Relocation,100041,Voluntary,100734,,,Aligned on billing and renewal terms.,Delta,100340,Bench,,,REF-8037,105262,,,Alpha,,,,
100620,Placement,106659,noah.costa@acme-fake.test,Aisha Kim,2024-01-30 03:23:00,riley.blake@demomail.test,Fatima Haddad,2023-01-22 01:42:00,elena.garcia@examplecorp.test,Casey Larsson,2023-03-26 14:33:00,,,,Y,Alex Vance,101054,Delta Foods,,Emerson Nguyen,Recruiter,2024-11-18,2026-06-14,Inactive - Terminated,100627,100518,100631,Recruiting,100328,TAG-3879,7388,Gamma,244,9918,487,Alpha,Other,100285,,Recruiter Placement,,,"10,970",Yes,diego.ford@acme-fake.test,Atlas Systems Co,100638,Yara Garcia,101661,Delta,,,"1,247",,,,Gamma,TAG-8451,LOT-1437,101577,Standard,,,,Manila,100715,,,Other,100722,,,,,,,,,,100958,,Project Ended,100468,Involuntary,,Y,Below,Resolved the outstanding question about scope.,,,Placement,100267,,REF-3267,106131,,,Alpha,,,100522,
100352,Placement,106661,alex.calder@demomail.test,Rahul Silva,2023-01-18 01:49:00,fatima.larsson@demomail.test,Jordan Whitfield,2025-02-26 13:49:00,diego.rossi@sampleco.test,Nina Sloan,2022-10-20 13:43:00,,,,Y,Drew Brooks,100882,Pioneer Dynamics Corp,Other,Reese Sato,Marketing Coordinator,2026-03-12,2026-07-28,Inactive,100637,100015,100171,Recruiting,,SKU-6000,1119,Alpha,6829,3236,5139,Gamma,Standard,100146,,Marketing Coordinator Placement,,100075,"13,362",Yes,noah.ashby@sampleco.test,*NONE,100060,Quinn Sato,101767,Standard,,100103,,,,,Other,REF-2936,REF-3348,101374,Other,,,,Dallas,100587,,,Standard,100245,,,,,,,,,,101590,,Project Ended,100120,Voluntary,,N,Met Expectations,Reviewed performance and gathered feedback.,Alpha,100348,Direct Hire,100731,,LOT-8707,105437,,,Other,,,100295,
100254,Placement,106663,omar.rossi@sampleco.test,Mei Ivanov,2024-10-24 01:15:00,chen.costa@examplecorp.test,Jordan Kim,2024-11-18 07:37:00,chen.whitfield@demomail.test,Noah Mensah,2024-07-17 23:55:00,,,,Y,Riley Ford,101157,Ironwood Textiles LLC,Delta,Sofia Mercer,Customer Success Manager,2025-07-20,2026-07-11,Inactive,,100518,100443,Data & Analytics,,LOT-7966,4700,Other,7542,6219,44,Delta,Alpha,100103,,Customer Success Manager Placement,,100037,,Yes,rahul.cohen@demomail.test,*NONE,100522,Marco Nguyen,101479,Standard,,,,,,,Other,LOT-3507,LOT-5818,100864,Delta,,,,Seattle,100559,,,Gamma,100449,,,,,,,,,,101091,,Performance,100654,Involuntary,100637,N,,Reviewed performance and gathered feedback.,,,Placement,100770,,TAG-1848,105960,,,Gamma,,,,
100353,Placement,106665,fatima.rossi@sampleco.test,Morgan Silva,2026-05-07 09:12:00,quinn.ashby@acme-fake.test,Mei Larsson,2023-09-03 21:23:00,taylor.garcia@acme-fake.test,Jordan Whitfield,2026-06-08 12:00:00,,,,Y,Morgan Patel,101573,Northwind Holdings,Beta,Fatima Nguyen,Financial Analyst,2026-03-22,,Active - Placed,,100652,100470,Operations,,TAG-2262,8120,Standard,2618,2797,278,Other,Alpha,100192,,Financial Analyst Placement,,,"10,078",Yes,rahul.kim@acme-fake.test,*NONE,,Arjun Whitfield,100950,Alpha,,100667,,,,,Alpha,SKU-8454,REF-6079,101489,Gamma,,,,Dallas,100731,,,Standard,100239,,,,,,,,,,101555,,,100539,,100597,Y,Below,,Gamma,,Placement,,,TAG-7826,106389,,,Other,,,,
100216,Placement,106668,yara.mercer@sampleco.test,Emerson Kim,2026-05-31 21:43:00,taylor.patel@acme-fake.test,Nina Sato,2024-01-18 17:46:00,jordan.rossi@demomail.test,Noah Haddad,2022-10-26 14:04:00,,,,N,Emerson Whitfield,101273,Cardinal Solutions,Gamma,Jordan Sloan,Accountant,2023-11-17,2026-07-21,Inactive - Terminated,100548,100760,100729,Data & Analytics,,TAG-8555,1138,Delta,1487,834,8676,Standard,Standard,100389,,Accountant Placement,,100531,"15,688",Yes,drew.garcia@sampleco.test,*NONE,100596,Liam Reyes,101631,Other,,100434,,,,,Gamma,LOT-5319,SKU-8176,100873,Delta,,,,London,100563,,,Beta,100500,,,,,,,,,,100999,,,,,100189,Y,Below,Reviewed performance and gathered feedback.,,,Trial,,,SKU-3419,105488,,,Beta,,,100153,
100020,Placement,106669,quinn.brooks@demomail.test,Quinn Mensah,2024-09-26 08:40:00,casey.reyes@sampleco.test,Diego Ford,2026-07-04 10:39:00,omar.reyes@sampleco.test,Quinn Cohen,2026-03-22 09:11:00,,,,Y,Reese Garcia,101257,Atlas Analytics Ltd,,Nina Okafor,Payroll Specialist,2024-10-09,2026-07-17,Inactive,,100516,100646,Human Resources,100702,TAG-8301,440,Gamma,6937,4014,9509,Standard,Beta,100654,,Payroll Specialist Placement,,,"7,696",Yes,aisha.reyes@examplecorp.test,*NONE,,Alex Cohen,101077,Gamma,,,,,176,,Alpha,REF-5397,REF-6847,101116,Delta,,,,Mumbai,100051,,,Standard,100440,,,,,,,,,,101302,,Unmet Expectations,100470,,100227,N,Exceeded,Aligned on billing and renewal terms.,,,Placement,100596,,TAG-6657,105481,,,Other,,,,
100774,Placement,106671,emerson.haddad@demomail.test,Sofia Ivanov,2023-01-10 19:28:00,aisha.silva@demomail.test,Fatima Ford,2022-10-06 07:02:00,yara.garcia@sampleco.test,Morgan Larsson,2024-10-25 20:35:00,,,,Y,Aisha Whitfield,101580,Delta Networks Co,Gamma,Quinn Nguyen,Data Analyst,2023-04-22,,Active - Placed,100280,100104,100434,Accounting,100622,LOT-9652,6067,Beta,2388,2541,7671,Beta,Other,100429,,Data Analyst Placement,,100391,"12,264",Yes,priya.haddad@acme-fake.test,Pioneer Robotics LLP,,Jordan Haddad,100875,Beta,,,,,,,Beta,REF-2187,,101585,Delta,,,,Manila,100554,,,Beta,100099,,,,,,,,,,101063,,,100342,,100535,N,Met Expectations,,,,Direct Hire,100628,,SKU-2252,104910,,,Standard,,,100053,
100005,Placement,106672,rahul.okafor@demomail.test,Fatima Haddad,2023-03-23 17:00:00,priya.blake@examplecorp.test,Rahul Ivanov,2025-11-28 12:40:00,morgan.rossi@sampleco.test,Chen Nguyen,2025-04-01 13:41:00,,,,N,Aisha Ford,101650,Northwind Systems Inc,Beta,Sofia Cohen,Executive Assistant,2024-05-05,,Active - Placed,100313,100275,100455,Customer Support,100765,TAG-2504,1514,Gamma,5320,2445,540,Delta,Standard,100200,,Executive Assistant Placement,,100796,"11,236",Yes,mei.brooks@demomail.test,Redwood Energy Co,,Mei Silva,101027,Delta,,100262,,,,,Gamma,LOT-9509,,101487,Delta,,,,Atlanta,100014,,,Alpha,100041,,,,,,,,,,101471,,,,,100034,Y,,,Standard,,Placement,100123,,REF-3458,106114,,,Gamma,,,,
100302,Placement,106673,rahul.ivanov@acme-fake.test,Elena Patel,2026-02-05 13:26:00,yara.nguyen@sampleco.test,Morgan Haddad,2025-09-19 19:16:00,reese.dorsey@examplecorp.test,Rahul Blake,2023-09-07 13:40:00,,,,N,Yara Garcia,101523,Harbor Holdings LLC,Gamma,Omar Calder,HR Generalist,2024-01-19,,Active - Terminated,,100496,100398,Marketing,,TAG-4327,4433,Standard,3373,9601,3639,Other,Beta,100360,,HR Generalist Placement,,100726,"15,420",No,skyler.silva@demomail.test,*NONE,,Arjun Sloan,101471,Other,,100789,,,,,Delta,SKU-3186,REF-1417,101347,Standard,,,,Toronto,100664,,,Gamma,100542,,,,,,,,,,100877,,,100212,Involuntary,100497,N,Below,,Standard,100386,Placement,,,SKU-6581,105192,,,Other,,,,
100106,Placement,106674,aisha.nguyen@examplecorp.test,Riley Vance,2026-01-23 19:27:00,alex.larsson@sampleco.test,Riley Cohen,2022-11-16 19:49:00,morgan.sloan@sampleco.test,Noah Vance,2023-02-04 17:11:00,,,,N,Quinn Patel,101677,Everest Media LLC,Gamma,Mei Garcia,Recruiter,2023-11-29,2026-06-05,Inactive,100113,100582,100208,Operations,100075,REF-6756,4343,Alpha,2876,9453,3122,Standard,Gamma,100089,,Recruiter Placement,,100763,"6,105",Yes,nina.vance@examplecorp.test,*NONE,100302,Jordan Sato,100967,Delta,,100445,,,"3,072",,Gamma,SKU-2722,REF-9331,101406,Other,,,,Manila,100753,,,Alpha,100771,,,,,,,,,,101071,,Unmet Expectations,100758,,100280,Y,Below,Discussed timeline and next steps with the account.,,100332,Placement,100368,,LOT-5964,105298,,,Beta,,,,
100445,Placement,106675,elena.reyes@acme-fake.test,Jordan Ford,2026-07-21 06:04:00,casey.reyes@examplecorp.test,Noah Ford,2025-07-22 07:17:00,avery.ivanov@sampleco.test,Nina Blake,2023-04-04 14:36:00,,,,Y,Morgan Garcia,101000,Keystone Solutions LLP,Delta,Priya Ford,Support Specialist,2024-12-26,2026-07-01,Inactive,,100062,100456,Data & Analytics,,TAG-4231,6741,Standard,883,7193,7654,Standard,Beta,100746,,Support Specialist Placement,,100452,"12,935",Yes,nina.sloan@sampleco.test,*NONE,100527,Alex Dorsey,101152,Alpha,,,,,,,Alpha,REF-6368,REF-4514,100825,Gamma,,,,Toronto,100699,,,Other,100738,,,,,,,,,,101245,,Project Ended,,Involuntary,100168,N,,Aligned on billing and renewal terms.,Delta,100415,Bench,,,TAG-1289,105136,,,Beta,,,,
100482,Placement,106677,sofia.mensah@sampleco.test,Jamie Sato,2025-11-01 02:39:00,noah.mensah@demomail.test,Riley Whitfield,2023-06-15 06:36:00,riley.whitfield@demomail.test,Elena Calder,2026-06-11 07:35:00,,,,Y,Omar Nguyen,100886,Pioneer Dynamics Group,Beta,Sofia Sato,Operations Associate,2024-07-17,2026-06-13,Inactive,,100185,100345,Operations,,LOT-2843,302,Beta,8931,4139,4056,Other,Alpha,100645,,Operations Associate Placement,,100188,"13,057",No,liam.mercer@demomail.test,Granite Media Group,100607,Fatima Garcia,101021,Gamma,,100356,,,,,Alpha,TAG-7949,,100805,Delta,,,,Denver,100241,,,Beta,100241,,,,,,,,,,101296,,Budget Cut,100690,Involuntary,100443,N,,Shared the updated proposal for review.,,,Placement,,,REF-8012,106398,,,Alpha,,,100069,
100596,Placement,106678,skyler.ivanov@acme-fake.test,Noah Brooks,2025-07-06 10:53:00,rahul.silva@acme-fake.test,Aisha Nguyen,2026-02-14 19:51:00,liam.calder@acme-fake.test,Mei Whitfield,2023-08-30 01:46:00,,,,N,Jamie Ivanov,101286,Cobalt Manufacturing Ltd,Beta,Morgan Blake,Recruiter,2024-02-07,,Active - Placed,100086,100667,100243,Human Resources,100099,TAG-7591,9354,Beta,8098,2073,9206,Beta,Delta,100546,,Recruiter Placement,,100205,"2,952",No,noah.cohen@acme-fake.test,Northwind Robotics LLP,100587,Elena Kim,101338,Alpha,,,,,"4,975",,Beta,REF-9977,TAG-9373,100918,Other,,,,Denver,100070,,,Standard,100734,,,,,,,,,,101370,,,100479,Involuntary,100555,Y,Exceeded,,,100185,Placement,100368,,SKU-7900,105342,,,Alpha,,,,
100780,Placement,106680,sofia.vance@demomail.test,Chen Vance,2024-12-22 17:04:00,liam.costa@demomail.test,Alex Ford,2022-12-31 16:26:00,diego.ashby@acme-fake.test,Skyler Reyes,2023-11-04 18:47:00,,,,Y,Nina Sloan,100964,Delta Holdings LLP,,Sofia Ashby,Project Manager,2026-01-31,2026-06-14,Inactive,100803,100139,100243,Marketing,100089,SKU-5901,7370,Beta,9429,4852,1372,Other,Beta,100759,,Project Manager Placement,,,"17,656",No,noah.reyes@examplecorp.test,*NONE,,Priya Reyes,101441,Delta,,100615,,,,,Alpha,LOT-9977,,101292,Alpha,,,,Seattle,100511,,,Gamma,100780,,,,,,,,,,101010,,Relocation,100420,,100638,Y,Below,Followed up on the open items from last week.,Alpha,100141,Placement,,,REF-1619,105232,,,Beta,,,100479,
100464,Placement,106681,diego.rossi@examplecorp.test,Quinn Vance,2024-10-07 12:29:00,noah.ford@demomail.test,Arjun Kim,2026-03-29 04:10:00,chen.rossi@demomail.test,Priya Okafor,2025-12-31 02:58:00,,,,Y,Jamie Ashby,101353,Beacon Group Corp,Alpha,Reese Kim,Payroll Specialist,2024-03-22,,Active - Placed,100014,100259,100424,Finance,,REF-3498,6249,Other,8730,9087,1441,Alpha,Other,100031,,Payroll Specialist Placement,,100203,"5,959",Yes,marco.reyes@demomail.test,Delta Holdings Corp,,Elena Costa,101487,,,100469,,,,,Alpha,SKU-7079,,101375,Other,,,,Seattle,100798,,,Alpha,100186,,,,,,,,,,101231,,,100705,Involuntary,100487,N,Met Expectations,,Other,,Bench,100683,,TAG-1088,105172,,,Other,,,100447,
100344,Placement,106683,elena.ashby@examplecorp.test,Emerson Okafor,2026-06-27 13:15:00,taylor.larsson@examplecorp.test,Emerson Costa,2022-10-07 15:44:00,emerson.okafor@sampleco.test,Liam Calder,2025-05-31 12:04:00,,,,N,Rowan Ivanov,100990,Beacon Systems Inc,Beta,Skyler Calder,Payroll Specialist,2023-12-04,2026-06-16,Inactive,100277,100400,100539,Operations,100336,LOT-5850,9067,Other,813,6887,1839,Alpha,Alpha,100546,,Payroll Specialist Placement,,100449,"13,202",Yes,arjun.kim@examplecorp.test,*NONE,100530,Jamie Ford,100920,Delta,,100543,,,,,Other,LOT-9623,REF-2473,100907,Other,1163,,,Mumbai,100117,,,Beta,100301,,,,,,,,,,101449,,Converted to Direct Hire,100005,Involuntary,100165,Y,Below,Shared the updated proposal for review.,,100030,Backfill,100456,,TAG-7440,106417,,,Beta,,,,
100400,Placement,106684,marco.blake@sampleco.test,Liam Calder,2024-06-26 10:00:00,reese.vance@demomail.test,Nina Brooks,2025-11-04 18:18:00,sofia.dorsey@demomail.test,Omar Brooks,2026-05-11 03:37:00,,,,N,Fatima Mensah,101072,Silverline Labs Inc,Standard,Taylor Dorsey,Bookkeeper,2023-07-01,,Active - Placed,100571,100796,100242,Accounting,100232,SKU-2055,9485,Other,1874,4110,8970,Other,Other,100342,,Bookkeeper Placement,,100151,"2,685",No,jordan.garcia@sampleco.test,*NONE,100591,Nina Costa,101763,Standard,,,,,,,Standard,REF-1138,LOT-7873,101699,Beta,,,,Toronto,100624,,,Delta,100142,,,,,,,,,,101159,,,100799,Voluntary,100497,N,,,,100342,Backfill,100729,,REF-9938,106507,,,Gamma,,,100333,
100156,Placement,106685,omar.sato@acme-fake.test,Casey Mensah,2026-01-17 12:04:00,emerson.ford@acme-fake.test,Nina Ivanov,2025-07-21 02:51:00,priya.mensah@acme-fake.test,Aisha Reyes,2025-02-05 13:14:00,,,,N,Chen Reyes,101476,Evergreen Industries Inc,Beta,Nina Cohen,Project Manager,2024-07-20,2026-07-05,Inactive,100530,100005,100026,Human Resources,100089,SKU-4800,446,Delta,2077,4965,6405,Beta,Other,100535,,Project Manager Placement,,,"7,986",No,emerson.kim@acme-fake.test,*NONE,100673,Skyler Silva,101146,Alpha,,100746,,,"2,754",,Standard,REF-1241,REF-1227,100857,Delta,,,,Atlanta,100090,,,Delta,100044,,,,,,,,,,101422,,Budget Cut,100532,,100119,N,,Shared the updated proposal for review.,,,Direct Hire,,,REF-6823,105988,,,Standard,,,,
100014,Placement,106686,taylor.blake@sampleco.test,Skyler Calder,2025-03-22 21:47:00,chen.ivanov@demomail.test,Yara Larsson,2023-09-18 00:50:00,drew.brooks@sampleco.test,Jordan Dorsey,2023-09-14 05:39:00,,,,N,Avery Costa,100986,Keystone Foods LLP,Beta,Marco Blake,Executive Assistant,2025-01-20,2026-06-22,Inactive,,100344,100518,Recruiting,,SKU-1145,4795,Standard,9221,2497,9676,Standard,Standard,100646,,Executive Assistant Placement,,100622,"6,039",No,drew.garcia@acme-fake.test,*NONE,100563,Emerson Whitfield,100875,Standard,,,,,"3,115",,Delta,TAG-9005,SKU-7120,101032,Other,5999,,,Phoenix,100649,,,Other,100305,,,,,,,,,,100890,,Performance,100765,,100143,N,Below,Discussed timeline and next steps with the account.,,100746,Placement,100305,,REF-7609,106236,,,Beta,,,,
100449,Placement,106687,fatima.mensah@examplecorp.test,Drew Patel,2025-07-07 10:46:00,drew.patel@examplecorp.test,Priya Costa,2024-01-29 20:02:00,riley.mercer@acme-fake.test,Marco Patel,2026-04-22 08:29:00,,,,N,Emerson Sato,101463,Cobalt Foods LLC,Other,Casey Blake,Project Manager,2024-05-08,2026-06-28,Inactive - Terminated,,100676,100548,Sales,,LOT-8684,1491,Other,9620,3023,4508,Other,Other,100597,,Project Manager Placement,,,,Yes,fatima.ford@acme-fake.test,Harbor Foods LLC,,Nina Mercer,101024,,,,,,486,,Delta,LOT-7829,TAG-2225,101596,Gamma,7130,,,London,100538,,,Delta,100165,,,,,,,,,,101508,,Unmet Expectations,100591,,100216,Y,,Reviewed performance and gathered feedback.,,,Placement,100388,,REF-3192,104925,,,Gamma,,,100015,
100168,Placement,106688,mei.dorsey@acme-fake.test,Sofia Reyes,2023-10-07 05:12:00,marco.vance@demomail.test,Riley Brooks,2024-09-14 08:40:00,jordan.sato@acme-fake.test,Aisha Ivanov,2024-09-06 22:07:00,,,,N,Drew Reyes,101341,Ironwood Labs Co,Alpha,Arjun Nguyen,HR Generalist,2025-06-02,2026-06-17,Inactive,,100269,100759,Sales,,LOT-7103,4013,Delta,2066,8484,3405,Standard,Beta,100440,,HR Generalist Placement,,100513,"11,231",No,elena.nguyen@sampleco.test,*NONE,100702,Elena Sato,100863,Delta,,,118,,,,Alpha,LOT-3376,,101764,Standard,,,,Atlanta,100421,,,Alpha,100182,,,,,,,,,,101498,,Performance,100348,Voluntary,100759,N,,Scheduled a check-in for the coming month.,Alpha,100235,Placement,,,TAG-3630,104843,,,Delta,,,100156,
100342,Placement,106689,mei.ivanov@acme-fake.test,Liam Cohen,2026-07-09 12:22:00,avery.nguyen@demomail.test,Arjun Mercer,2023-07-09 09:28:00,fatima.patel@acme-fake.test,Rowan Vance,2022-11-06 11:24:00,,,,N,Mei Mercer,101043,Lakeside Partners Co,,Diego Okafor,HR Generalist,2024-06-19,,Active - Terminated,100420,100195,100345,Marketing,100560,SKU-5413,3459,Beta,774,230,2109,Gamma,Delta,100313,,HR Generalist Placement,,,"6,038",Yes,alex.cohen@demomail.test,Evergreen Solutions LLP,100360,Rowan Whitfield,101302,Gamma,,,,,"4,880",,Beta,REF-5588,TAG-2574,101073,Other,,,,Atlanta,100119,,,Gamma,100044,,,,,,,,,,101157,,,100069,Involuntary,100280,Y,Exceeded,,Alpha,,Direct Hire,,,TAG-2503,105293,,,Alpha,,,100656,
100405,Placement,106690,chen.silva@acme-fake.test,Diego Larsson,2023-05-18 23:35:00,elena.calder@examplecorp.test,Jamie Ashby,2023-11-18 22:48:00,drew.brooks@acme-fake.test,Diego Silva,2025-03-22 03:51:00,,,,Y,Morgan Reyes,101157,Blue Ridge Capital Corp,Delta,Alex Sloan,QA Engineer,2024-02-25,2026-07-23,Inactive - Terminated,100374,100705,100696,Marketing,100642,TAG-5581,7258,Beta,9341,9537,6532,Beta,Other,100142,,QA Engineer Placement,,100469,"9,707",No,nina.ford@acme-fake.test,Granite Dynamics LLP,,Riley Costa,101518,Other,,,,,,,Standard,LOT-6207,LOT-4179,100919,Delta,,,,Chicago,100242,,,Beta,100091,,,,,,,,,,101168,,Converted to Direct Hire,100239,,100788,Y,,Reviewed performance and gathered feedback.,,,Placement,,,LOT-1279,106524,,,Beta,,,,
100290,Placement,106692,reese.haddad@acme-fake.test,Diego Ford,2024-03-06 20:13:00,diego.dorsey@demomail.test,Liam Okafor,2025-06-23 21:42:00,drew.sloan@demomail.test,Taylor Calder,2025-02-28 06:55:00,,,,Y,Casey Sato,101372,Blue Ridge Energy LLC,Alpha,Emerson Sloan,HR Generalist,2025-02-20,,Active - Placed,100063,100075,100229,Marketing,100037,LOT-7175,4507,Alpha,6837,4151,8750,Standard,Other,100143,,HR Generalist Placement,,100591,"11,641",Yes,sofia.patel@demomail.test,*NONE,,Quinn Calder,101642,Beta,,100383,908,,,,Gamma,LOT-6538,LOT-3052,101138,Alpha,,,,Toronto,100681,,,Gamma,100176,,,,,,,,,,101669,,,100585,Involuntary,100023,,,,Alpha,,Placement,,,TAG-1175,105731,,,Beta,,,100031,
100205,Placement,106694,skyler.blake@demomail.test,Skyler Haddad,2025-01-06 09:49:00,skyler.calder@sampleco.test,Taylor Brooks,2025-11-28 07:10:00,marco.cohen@examplecorp.test,Jordan Vance,2026-01-07 23:57:00,,,,N,Aisha Brooks,101041,Brightpath Manufacturing,Gamma,Liam Reyes,Recruiter,2025-04-03,,Active - Placed,,100235,100195,Recruiting,100395,REF-5672,2568,Alpha,4033,302,3217,Beta,Other,100518,,Recruiter Placement,,100631,"15,724",No,fatima.cohen@examplecorp.test,Keystone Ventures Corp,100168,Morgan Brooks,101157,Delta,,100597,,,,,Beta,TAG-1098,,101198,Alpha,,,,Austin,100670,,,Gamma,100437,,,,,,,,,,101286,,,100269,,100376,Y,Below,,,,Placement,100546,,LOT-8160,106106,,,Beta,,,100056,
100331,Placement,106695,mei.cohen@acme-fake.test,Mei Dorsey,2025-05-03 15:33:00,marco.haddad@sampleco.test,Diego Silva,2025-05-23 02:48:00,jamie.larsson@examplecorp.test,Arjun Brooks,2025-10-03 22:01:00,,,,Y,Mei Mercer,100904,Summit Group LLP,Delta,Yara Nguyen,Software Developer,2023-09-26,,Active - Placed,,100015,100037,Recruiting,100139,REF-8611,8297,Standard,6921,9709,7528,Other,Standard,100076,,Software Developer Placement,,100080,"15,153",No,alex.sato@demomail.test,*NONE,100031,Priya Rossi,101444,Alpha,,,,,,,Alpha,LOT-7587,SKU-9384,101398,Beta,,Alpha,,Austin,100535,,,Gamma,100432,,,,,,,,,,101548,,,100383,Involuntary,100424,Y,,,,100285,Direct Hire,100413,,REF-1843,106399,,,Other,,,100037,
100129,Placement,106698,reese.cohen@examplecorp.test,Morgan Cohen,2023-12-31 19:05:00,emerson.larsson@demomail.test,Priya Ashby,2026-07-25 13:47:00,chen.sloan@acme-fake.test,Mei Rossi,2026-05-17 19:47:00,,,,Y,Morgan Haddad,101135,Ironwood Robotics Group,Beta,Aisha Calder,Software Developer,2026-01-14,,Active - Placed,,100467,100731,Accounting,100014,LOT-6610,7525,Standard,3436,986,7750,Alpha,Delta,100380,,Software Developer Placement,,,"6,255",No,mei.sloan@sampleco.test,Everest Networks,100290,Casey Cohen,100898,Delta,,100786,,,,,Gamma,TAG-3573,LOT-6805,100886,Alpha,,,,Atlanta,100437,,,Standard,100455,,,,,,,,,,100825,,,100172,Voluntary,100189,Y,Below,,Beta,,Bench,100042,,TAG-4519,105692,,,Gamma,,,100664,
100091,Placement,106701,reese.whitfield@sampleco.test,Omar Rossi,2026-05-24 17:55:00,marco.mercer@acme-fake.test,Liam Reyes,2026-05-02 19:36:00,avery.ashby@sampleco.test,Liam Nguyen,2026-05-01 17:40:00,,,,Y,Casey Okafor,101344,Harbor Analytics Ltd,,Casey Calder,Executive Assistant,2025-02-08,,Active - Placed,100559,100672,100517,Customer Support,100041,SKU-3360,414,Delta,7382,3265,1197,Standard,Other,100241,,Executive Assistant Placement,,,"7,369",No,diego.sato@acme-fake.test,*NONE,100770,Riley Costa,101299,Standard,,100637,,,,,Alpha,TAG-5575,TAG-8772,100987,Alpha,,Delta,,Mumbai,100113,,,Gamma,100322,,,,,,,,,,100817,,,100259,,100148,N,Met Expectations,,Standard,100681,Direct Hire,,,SKU-3821,106124,,,Alpha,,,,
100516,Placement,106702,priya.costa@demomail.test,Chen Reyes,2026-05-12 11:20:00,rahul.silva@examplecorp.test,Noah Haddad,2023-09-26 03:59:00,chen.ashby@demomail.test,Morgan Sloan,2025-06-19 15:43:00,,,,Y,Sofia Ford,101702,Delta Health Co,Gamma,Casey Brooks,Financial Analyst,2024-02-14,2026-07-22,Inactive - Terminated,100702,100569,100613,Data & Analytics,,SKU-6361,1730,Delta,5327,5542,4781,Beta,Delta,100259,,Financial Analyst Placement,,100552,"11,493",Yes,emerson.nguyen@demomail.test,Brightpath Analytics Ltd,100185,Avery Sato,101368,Delta,,100360,,,,,Other,SKU-2777,TAG-7416,101141,Beta,,,,Seattle,100190,,,Other,100014,,,,,,,,,,100902,,Project Ended,,,100421,N,Exceeded,Noted a concern to revisit at the next sync.,,,Bench,100426,,LOT-1946,105560,,,Beta,,,100736,
100551,Placement,106703,alex.ashby@sampleco.test,Noah Reyes,2025-12-05 09:20:00,aisha.kim@demomail.test,Marco Reyes,2025-10-19 06:10:00,marco.brooks@demomail.test,Elena Kim,2024-09-29 20:07:00,,,,N,Rowan Larsson,101274,Cobalt Health LLP,,Casey Ashby,Project Manager,2024-08-07,,Active - Placed,,100265,100060,Recruiting,100301,SKU-2483,2951,Beta,6540,4749,6870,Gamma,Standard,100452,,Project Manager Placement,,100548,"11,954",No,omar.sato@acme-fake.test,*NONE,100348,Avery Okafor,101247,Delta,,100331,,,,,Beta,LOT-5236,REF-5298,101755,Standard,,,,Bengaluru,100188,,,Other,100658,,,,,,,,,,101083,,,,,100176,Y,,,Standard,100484,Placement,100513,,LOT-1510,105937,,,Gamma,,,,
100251,Placement,106706,avery.blake@acme-fake.test,Nina Larsson,2025-02-21 02:40:00,marco.reyes@acme-fake.test,Sofia Larsson,2023-05-08 04:22:00,jamie.garcia@acme-fake.test,Fatima Sloan,2024-11-29 15:57:00,,,,N,Liam Nguyen,101682,Lakeside Health Co,Delta,Chen Larsson,Software Developer,2025-02-25,2026-06-28,Inactive - Terminated,,100340,100449,Operations,100146,SKU-8562,4176,Standard,8592,746,8697,Gamma,Gamma,100234,,Software Developer Placement,,100060,,No,arjun.whitfield@sampleco.test,*NONE,100558,Diego Kim,101596,Alpha,,,,,,,Beta,REF-8829,,100844,Beta,,Beta,,Chicago,100026,,,Gamma,100148,,,,,,,,,,101539,,Relocation,100516,Involuntary,100301,,Met Expectations,Aligned on billing and renewal terms.,,100173,Placement,100679,,TAG-1519,105435,,,Delta,,,100227,
100254,Placement,106709,marco.vance@examplecorp.test,Yara Calder,2026-05-27 01:14:00,quinn.sato@examplecorp.test,Omar Rossi,2025-03-12 21:34:00,drew.reyes@examplecorp.test,Jamie Silva,2024-10-04 11:33:00,,,,N,Arjun Blake,101232,Copper Media LLP,,Morgan Haddad,Customer Success Manager,2025-12-07,,Active - Placed,100161,100205,100654,Recruiting,,LOT-2892,7399,Gamma,1760,2133,4311,Other,Delta,100148,,Customer Success Manager Placement,,100177,"2,919",No,casey.reyes@demomail.test,*NONE,100380,Omar Vance,101449,Standard,,100301,,,"2,716",,Other,TAG-9128,TAG-8035,101150,Alpha,,,,Phoenix,100543,,,Gamma,100445,,,,,,,,,,101148,,,100352,Voluntary,100758,N,,,Beta,100420,Placement,100395,,TAG-1512,106404,,,Standard,,,100171,
100106,Placement,106710,avery.ashby@demomail.test,Avery Ford,2024-12-10 15:35:00,jamie.patel@sampleco.test,Elena Mercer,2025-10-21 03:42:00,rowan.vance@acme-fake.test,Rowan Sato,2024-03-01 10:45:00,,,,N,Quinn Ashby,101054,Falcon Systems Corp,Gamma,Arjun Ivanov,Support Specialist,2025-01-13,,Active - Placed,100632,100173,100142,Customer Support,100213,TAG-4307,5706,Beta,8357,2998,1192,Beta,Beta,100408,,Support Specialist Placement,,100343,"1,786",No,taylor.ford@demomail.test,*NONE,,Alex Okafor,101049,Other,,,,,,,Gamma,REF-2480,LOT-9564,101271,Gamma,,,,Austin,100319,,,Delta,100139,,,,,,,,,,101356,,,,Voluntary,100020,N,Met Expectations,,Alpha,100622,Trial,,,LOT-6560,105999,,,Beta,,,100333,
100503,Placement,106711,fatima.mensah@examplecorp.test,Nina Brooks,2023-07-19 08:04:00,noah.garcia@sampleco.test,Omar Silva,2024-07-30 05:05:00,casey.nguyen@examplecorp.test,Avery Okafor,2023-03-21 01:50:00,,,,N,Emerson Mensah,101056,Vertex Group LLP,Delta,Skyler Garcia,Accountant,2023-10-09,2026-06-09,Inactive - Terminated,,100400,100579,Recruiting,,LOT-4642,9386,Beta,4493,4568,8280,Delta,Beta,100106,,Accountant Placement,,100189,"5,687",No,diego.larsson@acme-fake.test,Horizon Media Group,100295,Marco Ivanov,101557,Alpha,,100190,,,,,Delta,REF-8408,REF-3746,100940,Delta,,,,Phoenix,100634,,,Gamma,100539,,,,,,,,,,101570,,Budget Cut,100632,Involuntary,100579,N,Exceeded,Followed up on the open items from last week.,,100203,Bench,,,SKU-2393,105899,,,Delta,,,,
100169,Placement,106713,priya.costa@acme-fake.test,Chen Nguyen,2025-01-12 07:00:00,arjun.silva@acme-fake.test,Elena Cohen,2024-02-07 19:32:00,priya.blake@sampleco.test,Priya Costa,2026-02-12 07:22:00,,,,N,Rowan Cohen,101403,Meridian Logistics,Other,Rowan Calder,Executive Assistant,2025-11-09,,Active - Placed,,100497,100344,Accounting,100148,REF-3184,659,Beta,2434,8508,4843,Delta,Beta,100616,,Executive Assistant Placement,,100091,"8,691",Yes,omar.haddad@acme-fake.test,*NONE,,Arjun Ashby,101779,Gamma,,100173,,,"2,338",,Standard,REF-7882,TAG-3518,101751,Standard,,,,Austin,100234,,,Beta,100770,,,,,,,,,,101295,,,100062,Involuntary,100184,Y,,,Beta,100156,Backfill,,,SKU-4019,105210,,,Beta,,,,
100736,Placement,106714,yara.sato@acme-fake.test,Diego Calder,2023-05-01 13:52:00,sofia.ivanov@examplecorp.test,Skyler Kim,2024-08-30 02:35:00,elena.cohen@sampleco.test,Rowan Cohen,2026-05-29 05:53:00,,,,Y,Fatima Mercer,101431,Vertex Logistics Inc,Alpha,Rowan Garcia,Recruiter,2025-03-24,,Active - Terminated,100559,100091,100069,Accounting,100546,TAG-5455,2511,Other,3110,6847,3776,Standard,Gamma,100470,,Recruiter Placement,,100631,"13,289",Yes,nina.garcia@demomail.test,*NONE,100107,Jamie Mensah,101044,Delta,,100673,,,,,Alpha,LOT-2905,,100855,Standard,,,,Denver,100632,,,Other,100683,,,,,,,,,,101330,,,,Involuntary,100185,Y,,,Beta,100496,Placement,100496,,LOT-8885,105667,,,Other,,,100169,
100543,Placement,106716,yara.sloan@acme-fake.test,Marco Mensah,2026-03-29 23:31:00,aisha.silva@acme-fake.test,Casey Mensah,2024-03-19 01:04:00,diego.nguyen@acme-fake.test,Elena Reyes,2025-09-15 23:32:00,,,,N,Quinn Okafor,101306,Silverline Ventures Inc,Gamma,Noah Haddad,Financial Analyst,2025-05-13,,Active - Placed,100736,100173,100352,Finance,,REF-9301,6855,Gamma,94,9168,2665,Other,Standard,100368,,Financial Analyst Placement,,100759,"16,490",No,yara.silva@examplecorp.test,*NONE,100625,Avery Kim,100930,,,,,,946,,Other,SKU-5487,REF-8937,101689,Gamma,,,,Denver,100699,,,Beta,100456,,,,,,,,,,101485,,,100686,Voluntary,100060,Y,Below,,,100627,Placement,,,TAG-2085,105336,,,Other,,,100153,
100661,Placement,106717,sofia.brooks@demomail.test,Quinn Patel,2025-12-16 17:35:00,marco.garcia@sampleco.test,Taylor Brooks,2022-11-06 11:16:00,yara.whitfield@acme-fake.test,Alex Ivanov,2024-09-09 07:42:00,,,,Y,Casey Brooks,101590,Blue Ridge Ventures Group,Beta,Nina Kim,Financial Analyst,2023-08-02,2026-07-27,Inactive,100251,100443,100511,Customer Support,,SKU-6918,1696,Standard,5914,3036,2502,Other,Gamma,100400,,Financial Analyst Placement,,100638,"2,610",Yes,alex.sato@acme-fake.test,*NONE,100030,Mei Cohen,101284,Beta,,,,,,,Delta,REF-2221,,100927,Other,,Beta,,Atlanta,100129,,,Beta,100625,,,,,,,,,,101139,,Unmet Expectations,100604,,100345,Y,Met Expectations,Aligned on billing and renewal terms.,,,Direct Hire,100542,,SKU-4709,106117,,,Standard,,,100520,
100434,Placement,106720,liam.calder@demomail.test,Morgan Haddad,2024-04-04 00:43:00,omar.silva@examplecorp.test,Elena Cohen,2026-07-10 23:59:00,avery.mercer@demomail.test,Aisha Sloan,2025-10-14 23:53:00,,,,Y,Avery Reyes,101260,Horizon Foods Ltd,Delta,Aisha Reyes,Software Developer,2023-08-01,,Active - Placed,100699,100717,100555,Human Resources,,SKU-5414,9686,Beta,3861,9056,8930,Gamma,Gamma,100684,,Software Developer Placement,,,"2,577",No,yara.mercer@sampleco.test,Everest Labs Inc,100257,Morgan Cohen,101229,Gamma,,100542,,,"3,057",,Beta,SKU-6014,TAG-7556,101116,Gamma,,,,Mumbai,100129,,,Alpha,100348,,,,,,,,,,101194,,,100058,,100212,Y,Met Expectations,,,100690,Placement,,,TAG-9801,105105,,,Alpha,,,100765,
100642,Placement,106722,morgan.mercer@acme-fake.test,Alex Brooks,2026-07-19 08:52:00,fatima.nguyen@examplecorp.test,Reese Haddad,2023-06-28 22:25:00,fatima.cohen@sampleco.test,Mei Patel,2023-11-15 05:09:00,,,,Y,Mei Vance,101133,Horizon Holdings Inc,Alpha,Liam Sloan,Accountant,2026-05-04,2026-07-15,Inactive,100688,100452,100272,Software Engineering,100153,REF-5887,6257,Alpha,3763,5766,3485,Delta,Alpha,100715,,Accountant Placement,,,"8,504",No,mei.sloan@demomail.test,*NONE,,Avery Sloan,101394,Other,,100352,,,"2,590",,Standard,LOT-4814,REF-7895,100811,Delta,,,,Seattle,100205,,,Other,100107,,,,,,,,,,101260,,,100445,Involuntary,100189,N,Exceeded,Scheduled a check-in for the coming month.,,,Placement,100063,,TAG-2347,105135,,,Delta,,,,
100694,Placement,106724,taylor.vance@sampleco.test,Avery Calder,2024-09-22 09:11:00,arjun.mensah@acme-fake.test,Mei Kim,2023-11-16 16:21:00,noah.cohen@demomail.test,Priya Reyes,2025-02-06 23:31:00,,,,Y,Mei Mensah,101486,Falcon Retail Co,,Rowan Silva,Software Developer,2024-03-08,2026-06-11,Inactive - Terminated,,100267,100316,Software Engineering,100034,SKU-6694,7039,Standard,8306,8382,6486,Gamma,Beta,100492,,Software Developer Placement,,100405,"11,784",No,mei.kim@acme-fake.test,*NONE,,Drew Ivanov,101755,Beta,,100455,"1,722",,,,Standard,LOT-7067,TAG-1361,101127,Other,,,,London,100554,,,Gamma,100083,,,,,,,,,,101499,,Performance,100413,Voluntary,100139,N,Exceeded,Scheduled a check-in for the coming month.,Alpha,100579,Placement,100688,,REF-7909,106149,,,Delta,,,,
100715,Placement,106727,jamie.sato@examplecorp.test,Mei Sato,2024-09-30 00:45:00,emerson.silva@examplecorp.test,Elena Ashby,2023-02-09 05:53:00,alex.nguyen@acme-fake.test,Drew Ivanov,2025-05-26 05:26:00,,,,N,Taylor Ford,100943,Blue Ridge Retail Group,,Jordan Nguyen,Project Manager,2023-11-03,2026-06-17,Inactive - Terminated,,100548,100607,Operations,100692,SKU-6925,4104,Alpha,9183,5575,4014,Standard,Alpha,100765,,Project Manager Placement,,,"2,773",No,taylor.calder@demomail.test,*NONE,,Quinn Ashby,101615,Beta,,,,,,,Alpha,TAG-9643,REF-5110,101223,Delta,,,,Phoenix,100169,,,Alpha,100251,,,,,,,,,,101545,,Performance,100798,,100139,Y,Below,Aligned on billing and renewal terms.,Alpha,,Placement,100391,,REF-9524,105417,,,Alpha,,,,
100468,Placement,106729,sofia.mensah@acme-fake.test,Rahul Blake,2026-03-06 11:51:00,rowan.mensah@sampleco.test,Mei Ashby,2024-09-23 02:51:00,avery.costa@demomail.test,Marco Brooks,2025-11-29 03:49:00,,,,Y,Omar Calder,101036,Keystone Group Inc,Alpha,Omar Silva,Executive Assistant,2025-01-13,2026-07-12,Inactive,100227,100576,100770,Accounting,,TAG-1319,3901,Beta,5536,4724,5212,Beta,Gamma,100469,,Executive Assistant Placement,,,"13,994",Yes,rowan.whitfield@sampleco.test,*NONE,100568,Diego Sato,101148,Delta,,,,,,,Other,SKU-1128,SKU-1567,100818,Other,,,,Atlanta,100784,,,Beta,100323,,,,,,,,,,100826,,Relocation,,,100726,Y,,Noted a concern to revisit at the next sync.,,,Placement,,,SKU-9510,106480,,,Beta,,,100511,
100709,Placement,106730,emerson.mercer@sampleco.test,Aisha Whitfield,2025-02-23 01:24:00,casey.sato@demomail.test,Avery Reyes,2025-08-09 18:09:00,liam.ivanov@examplecorp.test,Chen Larsson,2024-10-08 15:13:00,,,,N,Taylor Nguyen,101588,Copper Labs Corp,Delta,Liam Ivanov,Payroll Specialist,2025-08-10,,Active - Terminated,,100468,100576,Marketing,100101,SKU-4024,4425,Gamma,1936,3452,9929,Gamma,Other,100009,,Payroll Specialist Placement,,100107,"6,536",No,chen.okafor@acme-fake.test,Meridian Foods LLP,,Yara Ford,101303,Gamma,,,,,,,Alpha,SKU-7522,,101670,Other,,,,Chicago,100765,,,Standard,100293,,,,,,,,,,101722,,,100132,,100649,Y,,,Alpha,100708,Bench,100090,,TAG-9887,104860,,,Alpha,,,100003,
100664,Placement,106733,taylor.haddad@demomail.test,Morgan Cohen,2024-03-18 12:42:00,jamie.nguyen@demomail.test,Mei Ashby,2024-04-04 07:27:00,aisha.nguyen@acme-fake.test,Marco Calder,2023-11-09 06:00:00,,,,N,Jamie Mensah,100971,Meridian Energy Co,,Jamie Costa,QA Engineer,2023-07-18,,Active - Placed,,100205,100554,Human Resources,,REF-3769,7678,Alpha,7166,8935,6336,Standard,Gamma,100031,,QA Engineer Placement,,100449,"14,253",Yes,fatima.vance@examplecorp.test,*NONE,100527,Arjun Costa,100982,Gamma,,100148,,,,,Standard,SKU-3358,REF-2089,101738,Alpha,,,,Bengaluru,100767,,,Alpha,100360,,,,,,,,,,101094,,,100126,Involuntary,100182,N,Below,,Other,100083,Trial,100658,,SKU-8193,105365,,,Gamma,,,,
100726,Placement,106735,skyler.sato@examplecorp.test,Chen Haddad,2024-01-02 19:44:00,mei.ivanov@demomail.test,Rahul Whitfield,2022-12-22 11:59:00,chen.reyes@acme-fake.test,Taylor Okafor,2024-05-03 14:28:00,,,,N,Quinn Patel,100865,Pioneer Systems,Other,Chen Rossi,Executive Assistant,2025-11-14,2026-06-26,Inactive - Terminated,,100758,100513,Finance,100042,REF-4229,4832,Delta,9283,1788,6341,Other,Standard,100040,,Executive Assistant Placement,,100601,"12,914",Yes,quinn.haddad@demomail.test,Meridian Health Inc,,Mei Reyes,101157,Standard,,100770,,,"2,465",,Gamma,TAG-6522,TAG-4511,101434,Delta,,,,Atlanta,100496,,,Gamma,100265,,,,,,,,,,101217,,Unmet Expectations,100298,,100277,N,Below,Reviewed performance and gathered feedback.,,,Placement,,,TAG-7390,106190,,,Beta,,,100243,
100333,Placement,106737,rahul.ford@sampleco.test,Fatima Costa,2025-05-04 09:57:00,arjun.calder@examplecorp.test,Liam Sato,2025-12-20 14:59:00,morgan.silva@demomail.test,Jamie Nguyen,2023-12-26 00:04:00,,,,Y,Alex Costa,100942,Ironwood Solutions Corp,Beta,Casey Calder,Executive Assistant,2023-10-27,,Active - Placed,100208,100615,100070,Recruiting,100774,REF-4646,2207,Other,854,5471,453,Alpha,Other,100408,,Executive Assistant Placement,,100459,"11,925",No,chen.ford@demomail.test,*NONE,,Sofia Nguyen,101113,Alpha,,,,,840,,Alpha,TAG-7386,SKU-5553,100972,Delta,,,,London,100319,,,Standard,100447,,,,,,,,,,101694,,,100704,Voluntary,100758,N,Exceeded,,Standard,100603,Placement,100786,,TAG-3725,106376,,,Gamma,,,100209,
100569,Placement,106738,liam.mercer@demomail.test,Riley Reyes,2024-12-20 03:10:00,skyler.cohen@demomail.test,Arjun Costa,2024-03-05 16:10:00,elena.mensah@demomail.test,Fatima Silva,2024-08-15 20:19:00,,,,N,Marco Calder,100990,Blue Ridge Systems LLP,Delta,Drew Haddad,Software Developer,2025-05-31,,Active - Placed,100415,100746,100037,Data & Analytics,100523,LOT-6073,6914,Standard,5008,6879,1832,Gamma,Standard,100248,,Software Developer Placement,,100500,"17,898",Yes,avery.ashby@demomail.test,*NONE,,Riley Okafor,100937,Standard,,,158,,604,,Alpha,LOT-7604,TAG-7447,100947,Standard,,,,Austin,100658,,,Gamma,100293,,,,,,,,,,101058,,,100793,Voluntary,100153,N,Below,,Standard,100654,Placement,100334,,SKU-4834,105226,,,Other,,,,
100591,Placement,106739,skyler.brooks@acme-fake.test,Riley Reyes,2022-10-14 21:38:00,drew.larsson@examplecorp.test,Riley Vance,2024-11-22 17:13:00,alex.haddad@examplecorp.test,Skyler Ford,2024-01-21 22:58:00,,,,N,Rowan Whitfield,101106,Cardinal Media Corp,,Jamie Mercer,Customer Success Manager,2024-04-14,,Active - Placed,100386,100126,100003,Software Engineering,100424,SKU-4721,4932,Delta,6991,7755,4189,Gamma,Beta,100772,,Customer Success Manager Placement,,100353,"5,414",No,avery.rossi@sampleco.test,*NONE,100473,Sofia Garcia,100811,Alpha,,100641,,,,,Delta,REF-4784,,100950,Delta,,,,Dallas,100075,,,Standard,100784,,,,,,,,,,100808,,,100262,Voluntary,100408,N,Exceeded,,,100482,Placement,,,LOT-4422,106070,,,Delta,,,100477,
100298,Placement,106742,diego.mercer@examplecorp.test,Skyler Calder,2026-02-26 03:07:00,avery.ivanov@examplecorp.test,Noah Ashby,2024-03-04 18:36:00,skyler.sloan@acme-fake.test,Riley Silva,2022-12-28 17:48:00,,,,N,Taylor Mensah,101698,Silverline Retail Group,Beta,Avery Dorsey,Customer Success Manager,2025-06-05,,Active - Placed,100063,100281,100164,Data & Analytics,100212,TAG-9734,8476,Other,3131,6825,7812,Alpha,Gamma,100784,,Customer Success Manager Placement,,,"8,296",No,aisha.okafor@demomail.test,*NONE,,Jordan Nguyen,101699,Delta,,,,,,,Delta,LOT-2792,REF-3437,101061,Beta,,,,Seattle,100500,,,Alpha,100313,,,,,,,,,,101457,,,100462,Involuntary,100089,,,,Delta,100400,Placement,,,REF-3685,105052,,,Standard,,,100295,
100497,Placement,106745,jordan.mercer@demomail.test,Drew Garcia,2025-08-20 08:46:00,avery.nguyen@demomail.test,Noah Brooks,2025-11-16 16:50:00,liam.silva@examplecorp.test,Elena Nguyen,2024-12-09 05:34:00,,,,Y,Jordan Mercer,101458,Keystone Holdings LLC,,Quinn Larsson,Project Manager,2023-09-08,,Active - Terminated,,100546,100627,Finance,100153,LOT-2538,5484,Beta,871,7841,1938,Delta,Standard,100729,,Project Manager Placement,,,"2,305",Yes,taylor.larsson@sampleco.test,*NONE,100158,Omar Garcia,101306,Delta,,,555,,,,Alpha,LOT-7008,REF-2019,101762,Delta,,,,Mumbai,100126,,,Gamma,100075,,,,,,,,,,101112,,,100527,,100520,N,Met Expectations,,Alpha,100120,Placement,100520,,LOT-7692,106555,,,Beta,,,,
100746,Placement,106746,jamie.ford@sampleco.test,Liam Brooks,2026-01-26 19:17:00,aisha.whitfield@demomail.test,Arjun Silva,2023-09-02 14:14:00,liam.ashby@acme-fake.test,Priya Sloan,2023-10-30 16:58:00,,,,Y,Diego Rossi,101691,Evergreen Solutions,Gamma,Arjun Ashby,Customer Success Manager,2023-10-26,,Active - Placed,,100591,100793,Software Engineering,100010,TAG-6395,8683,Gamma,8860,6998,2499,Alpha,Beta,100786,,Customer Success Manager Placement,,100305,"9,731",No,taylor.sloan@demomail.test,Cardinal Labs Inc,100046,Drew Okafor,101621,Delta,,100638,,,"2,000",,Alpha,REF-5010,TAG-7899,101098,Other,,,,Phoenix,100049,,,Beta,100587,,,,,,,,,,101305,,,100377,Involuntary,100245,Y,,,,,Direct Hire,,,SKU-7522,105969,,,Standard,,,,
100746,Placement,106748,casey.blake@acme-fake.test,Diego Whitfield,2022-12-18 04:30:00,rowan.dorsey@acme-fake.test,Chen Costa,2023-07-14 05:38:00,marco.brooks@demomail.test,Aisha Whitfield,2023-02-26 20:06:00,,,,Y,Casey Kim,101395,Vertex Health Inc,Delta,Jamie Ashby,Marketing Coordinator,2026-02-12,2026-06-12,Inactive - Terminated,100552,100454,100097,Customer Support,100408,TAG-2848,8304,Beta,4112,7571,2774,Standard,Beta,100134,,Marketing Coordinator Placement,,100445,"9,160",Yes,rahul.sloan@examplecorp.test,*NONE,100227,Omar Haddad,101449,Gamma,,100652,614,,,,Delta,SKU-1272,LOT-7060,101232,Delta,3354,,,Mumbai,100056,,,Other,100473,,,,,,,,,,101556,,Converted to Direct Hire,100603,Involuntary,100679,Y,Below,Scheduled a check-in for the coming month.,,100571,Placement,100625,,LOT-9023,106356,,,Alpha,,,,
100161,Placement,106750,rahul.vance@sampleco.test,Yara Okafor,2024-10-07 18:25:00,diego.larsson@demomail.test,Diego Haddad,2023-02-26 04:54:00,liam.ford@acme-fake.test,Casey Cohen,2025-12-31 20:12:00,,,,Y,Priya Garcia,100988,Meridian Solutions Corp,Gamma,Rowan Ford,HR Generalist,2024-02-19,2026-06-25,Inactive,,100040,100415,Data & Analytics,100686,REF-9148,2101,Other,7778,3276,2133,Beta,Delta,100132,,HR Generalist Placement,,100780,"5,207",No,priya.larsson@demomail.test,*NONE,100597,Taylor Whitfield,101238,Beta,,100069,,,,,Gamma,REF-1835,TAG-1310,101263,Other,,,,Phoenix,100420,,,Beta,100672,,,,,,,,,,101691,,Budget Cut,100552,Involuntary,100251,Y,Exceeded,Noted a concern to revisit at the next sync.,Alpha,,Trial,100388,,SKU-5359,106271,,,Standard,,,,
100110,Placement,106752,quinn.haddad@acme-fake.test,Rowan Nguyen,2025-08-14 23:39:00,rahul.whitfield@demomail.test,Aisha Brooks,2024-08-23 23:02:00,liam.kim@demomail.test,Aisha Mercer,2024-09-26 22:02:00,,,,Y,Priya Brooks,101596,Copper Group Inc,Standard,Noah Okafor,Payroll Specialist,2026-02-13,,Active - Placed,100763,100470,100413,Customer Support,100259,TAG-6149,2758,Other,8239,2996,9212,Other,Delta,100469,,Payroll Specialist Placement,,100044,"4,055",No,avery.silva@sampleco.test,*NONE,100408,Emerson Whitfield,101353,Delta,Alpha,100455,,,,,Other,TAG-4455,REF-6164,101298,Delta,,,,Chicago,100780,,,Alpha,100051,,,,,,,,,,101135,,,100468,Involuntary,100498,Y,Below,,,100610,Placement,,,TAG-8523,105067,,,Alpha,,,100500,
100254,Placement,106755,emerson.whitfield@sampleco.test,Diego Sato,2024-11-23 18:03:00,chen.cohen@sampleco.test,Arjun Costa,2022-10-15 23:04:00,omar.patel@examplecorp.test,Liam Costa,2026-05-07 11:07:00,,,,Y,Morgan Dorsey,100956,Copper Media Group,Gamma,Noah Mercer,Recruiter,2025-10-13,,Active - Placed,,100073,100352,Operations,,TAG-2430,6223,Standard,695,6300,5789,Delta,Delta,100216,,Recruiter Placement,,100437,"7,791",No,fatima.ford@examplecorp.test,*NONE,,Rowan Ashby,101770,Delta,,100107,,,,,Alpha,LOT-7049,,101239,Other,,,,Phoenix,100704,,,Standard,100685,,,,,,,,,,101476,,,100053,Voluntary,100604,N,Met Expectations,,Gamma,100079,Placement,,,SKU-9915,106077,,,Beta,,,,
100486,Placement,106758,mei.patel@demomail.test,Fatima Kim,2026-04-30 05:19:00,priya.haddad@examplecorp.test,Priya Mercer,2024-07-11 05:39:00,chen.silva@acme-fake.test,Chen Haddad,2024-08-14 22:17:00,,,,N,Avery Vance,100943,Copper Holdings,Alpha,Taylor Silva,Bookkeeper,2025-07-15,2026-07-06,Inactive - Terminated,100664,100462,100637,Marketing,100107,LOT-2530,2689,Beta,994,9596,3180,Standard,Standard,100546,,Bookkeeper Placement,,100497,"11,382",No,liam.whitfield@examplecorp.test,Keystone Group Co,100099,Riley Blake,101738,Gamma,,,,,,,Alpha,SKU-6696,REF-6275,101209,Standard,,,,Mumbai,100015,,,Gamma,100267,,,,,,,,,,101112,,Performance,100158,Voluntary,100389,N,Below,Shared the updated proposal for review.,,100014,Placement,,,LOT-7012,106127,,,Beta,,,,
100076,Placement,106760,chen.whitfield@demomail.test,Rahul Okafor,2024-05-28 01:27:00,priya.reyes@demomail.test,Yara Ford,2023-03-30 04:01:00,liam.patel@acme-fake.test,Rahul Calder,2025-07-12 20:05:00,,,,N,Emerson Vance,100969,Everest Foods Corp,Delta,Omar Whitfield,Bookkeeper,2024-10-02,,Active - Placed,100172,100395,100418,Customer Support,,SKU-2648,1593,Beta,9487,9240,4605,Delta,Beta,100240,,Bookkeeper Placement,,100410,,Yes,noah.mercer@sampleco.test,Vertex Industries LLP,,Omar Brooks,101121,Other,,100177,,,,,Alpha,LOT-1620,SKU-6571,100867,Delta,,,,Toronto,100654,,,Delta,100560,,,,,,,,,,100875,,,100288,,100598,Y,Met Expectations,,Alpha,100579,Placement,100285,,REF-7025,106037,,,Beta,,,100484,
100746,Placement,106761,mei.patel@acme-fake.test,Nina Sato,2023-03-27 12:11:00,diego.okafor@sampleco.test,Chen Nguyen,2024-02-24 01:50:00,yara.ashby@sampleco.test,Nina Garcia,2024-02-08 05:53:00,,,,Y,Liam Brooks,101234,Silverline Logistics,Beta,Elena Okafor,Accountant,2025-04-09,2026-07-19,Inactive,,100770,100370,Data & Analytics,100099,TAG-9892,7061,Delta,567,7438,9295,Delta,Alpha,100277,,Accountant Placement,,,"12,508",No,omar.nguyen@demomail.test,*NONE,100673,Yara Nguyen,101406,Gamma,,,,,,,Gamma,SKU-2461,,100946,Other,,,,Toronto,100239,,,Other,100016,,,,,,,,,,101619,,Performance,,,100548,,Below,Resolved the outstanding question about scope.,,,Trial,,,TAG-5959,105301,,,Beta,,,,
100340,Placement,106764,elena.silva@acme-fake.test,Jordan Reyes,2024-07-29 21:58:00,sofia.calder@examplecorp.test,Fatima Brooks,2024-09-23 02:35:00,jamie.mensah@demomail.test,Alex Nguyen,2025-08-23 07:05:00,,,,Y,Noah Cohen,101422,Lakeside Energy LLC,Other,Jamie Whitfield,Recruiter,2026-03-12,,Active - Placed,,100238,100008,Human Resources,100506,REF-8015,8406,Delta,8508,1787,7391,Delta,Alpha,100408,,Recruiter Placement,,,"17,323",Yes,rowan.rossi@acme-fake.test,*NONE,100555,Mei Rossi,101763,Beta,,,,,346,,Beta,TAG-1512,,101171,Gamma,,,,Seattle,100642,,,Standard,100759,,,,,,,,,,101741,,,100664,,100143,N,Exceeded,,,100136,Placement,,,TAG-7930,106044,,,Alpha,,,100604,
100415,Placement,106765,priya.ivanov@examplecorp.test,Skyler Reyes,2024-06-27 12:14:00,casey.ivanov@demomail.test,Rahul Dorsey,2022-11-12 12:26:00,rahul.brooks@acme-fake.test,Nina Silva,2025-03-30 01:07:00,,,,Y,Reese Okafor,101157,Blue Ridge Dynamics,Alpha,Casey Cohen,Data Analyst,2023-05-28,,Active - Placed,100588,100288,100777,Marketing,100168,SKU-2631,6750,Beta,7680,6147,43,Beta,Delta,100298,,Data Analyst Placement,,100290,"2,978",No,mei.sato@sampleco.test,*NONE,100328,Rahul Whitfield,101044,Standard,,100588,,,,,Alpha,SKU-8186,TAG-5520,101762,Delta,,Standard,,Phoenix,100123,,,Standard,100777,,,,,,,,,,101101,,,100305,,100008,Y,Exceeded,,,100468,Placement,,,LOT-7546,105652,,,Gamma,,,,
100143,Placement,106768,aisha.ford@sampleco.test,Alex Vance,2026-04-25 08:43:00,rahul.blake@demomail.test,Morgan Okafor,2023-01-27 01:46:00,rowan.ashby@demomail.test,Taylor Garcia,2025-08-09 12:57:00,,,,Y,Arjun Garcia,101293,Northwind Group Co,,Drew Larsson,Accountant,2024-05-03,2026-06-22,Inactive - Terminated,100474,100005,100770,Finance,,LOT-4821,3911,Beta,7308,3089,7016,Beta,Alpha,100604,,Accountant Placement,,100481,"8,535",No,diego.reyes@examplecorp.test,*NONE,,Marco Sloan,101466,Beta,,,193,,,,Other,REF-3976,SKU-8599,100865,Delta,,,,Bengaluru,100359,,,Gamma,100376,,,,,,,,,,101353,,Budget Cut,100424,Involuntary,100555,Y,Met Expectations,Noted a concern to revisit at the next sync.,Gamma,,Placement,100490,,SKU-4804,105615,,,Delta,,,,
100548,Placement,106769,noah.blake@demomail.test,Aisha Larsson,2024-11-02 10:55:00,quinn.mercer@demomail.test,Mei Calder,2025-12-15 13:53:00,rahul.brooks@acme-fake.test,Elena Ford,2024-01-12 02:01:00,,,,Y,Drew Blake,101604,Harbor Dynamics Co,Delta,Jordan Vance,Support Specialist,2024-09-27,2026-06-21,Inactive - Terminated,100291,100574,100308,Operations,100119,SKU-4797,6819,Other,4012,5531,2718,Beta,Beta,100646,,Support Specialist Placement,,,"15,997",Yes,jamie.vance@examplecorp.test,*NONE,100418,Nina Ashby,101003,Gamma,,,"1,420",,,,Beta,REF-3479,LOT-8944,101391,Beta,,,,Manila,100582,,,Standard,100188,,,,,,,,,,100827,,,100097,Involuntary,100538,N,Exceeded,Noted a concern to revisit at the next sync.,Other,100156,Placement,100395,,TAG-7282,105452,,,Other,,,100205,
100046,Placement,106770,drew.kim@demomail.test,Sofia Rossi,2025-01-04 07:54:00,mei.cohen@demomail.test,Fatima Mensah,2023-02-07 12:26:00,drew.patel@demomail.test,Jamie Costa,2024-03-17 02:19:00,,,,Y,Skyler Dorsey,101650,Brightpath Financial,Standard,Nina Calder,Financial Analyst,2024-03-29,,Active - Placed,100506,100470,100267,Sales,,TAG-9577,8180,Standard,8262,8559,3793,Other,Alpha,100503,,Financial Analyst Placement,,100229,,Yes,nina.ford@examplecorp.test,Keystone Dynamics Ltd,100468,Morgan Whitfield,100902,Gamma,,,159,,"4,301",,Delta,LOT-8610,,101487,Other,,,,Austin,100056,,,Gamma,100496,,,,,,,,,,101043,,,100546,Voluntary,100527,Y,Below,,,,Bench,,,LOT-1413,105971,,,Beta,,,,
100667,Placement,106771,alex.vance@examplecorp.test,Mei Brooks,2024-09-19 18:49:00,alex.nguyen@sampleco.test,Rowan Costa,2025-11-28 04:22:00,skyler.vance@acme-fake.test,Riley Brooks,2025-07-28 21:27:00,,,,Y,Sofia Cohen,101418,Blue Ridge Holdings,Standard,Drew Calder,Bookkeeper,2025-05-28,,Active - Placed,100325,100539,100293,Marketing,,REF-3117,2896,Alpha,5468,6960,2614,Standard,Standard,100625,,Bookkeeper Placement,,100543,"5,694",No,omar.blake@sampleco.test,Brightpath Labs Inc,100715,Marco Whitfield,100954,Delta,,100518,,,"1,556",,Other,TAG-5864,SKU-9946,101727,Other,9319,Other,,Toronto,100588,,,Gamma,100132,,,,,,,,,,101431,,,100229,Voluntary,100245,Y,,,,100432,Bench,100750,,TAG-4536,106192,,,Other,,,,
100717,Placement,106772,fatima.patel@sampleco.test,Skyler Reyes,2024-03-02 14:39:00,mei.garcia@acme-fake.test,Reese Brooks,2023-12-16 20:46:00,casey.rossi@acme-fake.test,Jamie Patel,2025-12-01 19:48:00,,,,N,Liam Kim,100873,Lakeside Capital Co,Other,Drew Blake,Data Analyst,2023-05-10,,Active - Placed,,100686,100661,Finance,100115,LOT-8421,1594,Gamma,2498,1094,9328,Gamma,Beta,100490,,Data Analyst Placement,,100455,"3,256",Yes,rahul.garcia@sampleco.test,*NONE,100736,Avery Brooks,101101,Delta,,100551,,,,,Beta,REF-2684,SKU-2152,101296,Standard,,,,Toronto,100224,,,Standard,100604,,,,,,,,,,100918,,,100366,Voluntary,100676,,Below,,,,Bench,,,LOT-9856,104993,,,Delta,,,,
100763,Placement,106774,chen.mercer@sampleco.test,Arjun Reyes,2023-08-17 11:17:00,priya.brooks@sampleco.test,Morgan Costa,2023-05-02 01:52:00,sofia.mensah@acme-fake.test,Fatima Brooks,2024-05-19 01:15:00,,,,N,Sofia Calder,100815,Granite Networks,Delta,Quinn Sloan,HR Generalist,2026-06-02,2026-06-13,Inactive,,100738,100205,Data & Analytics,100325,REF-3333,4651,Gamma,2698,8443,7801,Other,Delta,100799,,HR Generalist Placement,,,"9,172",No,aisha.haddad@examplecorp.test,*NONE,,Sofia Cohen,101770,Standard,,100282,,,,,Gamma,SKU-9041,LOT-9766,101003,Standard,,,,Dallas,100582,,,Standard,100329,,,,,,,,,,101329,,Budget Cut,,,,Y,Met Expectations,Shared the updated proposal for review.,,,Placement,100383,,SKU-3568,105992,,,Standard,,,,
100083,Placement,106776,casey.patel@demomail.test,Avery Cohen,2023-04-07 22:37:00,priya.mercer@acme-fake.test,Jamie Rossi,2025-12-02 15:18:00,diego.blake@acme-fake.test,Yara Blake,2024-01-01 16:43:00,,,,N,Quinn Dorsey,101121,Cardinal Holdings Group,Delta,Chen Calder,Project Manager,2023-12-29,2026-06-09,Inactive,100295,100139,100454,Finance,,LOT-9921,9224,Alpha,6679,3931,8649,Standard,Standard,100445,,Project Manager Placement,,100531,"4,335",Yes,aisha.ivanov@demomail.test,*NONE,100498,Yara Cohen,100857,Beta,,100236,,,,,Alpha,REF-1578,LOT-8837,101698,Other,,,,Denver,100638,,,Other,100332,,,,,,,,,,101077,,Project Ended,100479,Involuntary,100552,N,Below,Followed up on the open items from last week.,,100012,Placement,,,SKU-4349,106594,,,Delta,,,100220,
100389,Placement,106777,nina.blake@acme-fake.test,Taylor Nguyen,2024-12-06 20:26:00,priya.brooks@examplecorp.test,Diego Cohen,2023-04-18 00:25:00,omar.patel@acme-fake.test,Priya Okafor,2026-03-20 01:01:00,,,,Y,Emerson Nguyen,101716,Falcon Financial Inc,,Priya Ford,Project Manager,2026-01-21,2026-06-08,Inactive - Terminated,,100227,100134,Human Resources,100497,SKU-4171,2813,Alpha,7860,9739,8960,Gamma,Beta,100477,,Project Manager Placement,,,"2,159",Yes,morgan.nguyen@examplecorp.test,*NONE,,Riley Haddad,100927,Standard,,,,,,,Beta,LOT-8281,LOT-6548,100883,Standard,,,,Dallas,100587,,,Alpha,100240,,,,,,,,,,101473,,Budget Cut,100203,Voluntary,100255,Y,,Resolved the outstanding question about scope.,,100083,Direct Hire,,,TAG-6859,105475,,,Gamma,,,100286,
100309,Placement,106780,emerson.haddad@examplecorp.test,Emerson Calder,2025-12-07 23:04:00,riley.kim@sampleco.test,Sofia Okafor,2026-06-15 13:41:00,taylor.sloan@sampleco.test,Sofia Mensah,2025-06-18 02:17:00,,,,Y,Casey Mercer,101745,Redwood Foods Ltd,Beta,Jamie Kim,QA Engineer,2024-08-13,,Active - Placed,100197,100513,100248,Recruiting,100329,REF-5911,7598,Alpha,5978,8718,908,Gamma,Delta,100242,,QA Engineer Placement,,,"2,805",Yes,noah.rossi@demomail.test,*NONE,,Riley Blake,101044,Gamma,,,"1,525",,407,,Alpha,TAG-9059,,101150,Other,,,,Austin,100517,,,Gamma,100522,,,,,,,,,,100814,,,100182,,100009,N,,,,,Trial,,,REF-6882,105219,,,Other,,,100615,
100496,Placement,106783,diego.ashby@sampleco.test,Rahul Ivanov,2026-02-09 14:32:00,jordan.sato@demomail.test,Omar Vance,2024-12-19 07:37:00,aisha.okafor@demomail.test,Rowan Patel,2025-12-27 04:41:00,,,,Y,Priya Mercer,101763,Horizon Retail Group,,Arjun Ivanov,Recruiter,2026-03-04,,Active - Placed,100656,100625,100168,Software Engineering,,REF-5407,2092,Other,1892,4212,3821,Delta,Alpha,100113,,Recruiter Placement,,,"8,143",No,jordan.kim@examplecorp.test,*NONE,100180,Elena Vance,100931,Gamma,,100548,,,,,Gamma,REF-2783,,100952,Gamma,,,,Chicago,100073,,,Other,100177,,,,,,,,,,101312,,,100772,Involuntary,100136,Y,,,,,Placement,,,TAG-6099,105884,,,Standard,,,,
100377,Placement,106786,rowan.reyes@sampleco.test,Arjun Rossi,2026-04-01 14:36:00,elena.mensah@demomail.test,Diego Costa,2023-10-21 17:13:00,taylor.larsson@demomail.test,Casey Sato,2025-03-01 13:20:00,,,,N,Sofia Ford,101593,Atlas Retail,Other,Nina Garcia,Bookkeeper,2023-07-15,,Active - Placed,,100798,100498,Operations,100003,LOT-5880,3353,Alpha,5089,6571,5982,Alpha,Delta,100686,,Bookkeeper Placement,,,"6,157",No,quinn.cohen@acme-fake.test,*NONE,,Diego Sloan,101311,Delta,,,,,,,Beta,TAG-2171,LOT-9374,101198,Gamma,,,,Atlanta,100755,,,Gamma,100220,,,,,,,,,,101051,,,100470,Voluntary,100664,N,,,Delta,100686,Placement,100726,,REF-6238,106481,,,Delta,,,,
100694,Placement,106789,morgan.ashby@sampleco.test,Mei Silva,2026-05-19 19:23:00,marco.calder@sampleco.test,Noah Sloan,2026-05-26 15:29:00,avery.cohen@sampleco.test,Skyler Reyes,2022-10-25 16:20:00,,,,N,Morgan Patel,101166,Meridian Industries Inc,Other,Reese Vance,Accountant,2026-01-20,2026-07-23,Inactive - Terminated,,100053,100498,Software Engineering,100400,SKU-5926,5987,Other,7361,1894,9466,Other,Delta,100454,,Accountant Placement,,100158,"5,682",No,priya.sato@examplecorp.test,*NONE,,Emerson Patel,100863,Beta,,100661,,,"4,668",,Standard,LOT-1769,SKU-6019,101528,Other,,,,Seattle,100634,,,Gamma,100702,,,,,,,,,,100842,,Relocation,100679,,100457,N,Met Expectations,Resolved the outstanding question about scope.,,,Bench,,,REF-1391,106609,,,Beta,,,,
100080,Placement,106790,rahul.okafor@demomail.test,Aisha Silva,2023-11-13 19:54:00,liam.ford@demomail.test,Emerson Nguyen,2024-11-17 18:00:00,alex.reyes@examplecorp.test,Emerson Mensah,2025-02-28 20:52:00,,,,Y,Aisha Silva,101166,Silverline Ventures Corp,Standard,Alex Reyes,Software Developer,2025-01-10,,Active - Placed,,100056,100632,Marketing,,REF-7481,3996,Delta,4245,1042,6156,Standard,Delta,100429,,Software Developer Placement,,100360,"3,028",No,rowan.mensah@examplecorp.test,Silverline Ventures Corp,,Liam Blake,100867,Alpha,,100049,,,,,Delta,LOT-8786,SKU-6975,101755,Alpha,,,,Phoenix,100267,,,Other,100134,,,,,,,,,,100997,,,100282,,100473,N,Exceeded,,,100530,Placement,100241,,TAG-6287,105230,,,Gamma,,,,
100106,Placement,106792,rowan.calder@demomail.test,Priya Mercer,2023-06-14 05:34:00,emerson.blake@sampleco.test,Liam Nguyen,2024-03-23 08:38:00,jamie.blake@acme-fake.test,Jordan Mensah,2025-02-11 22:05:00,,,,Y,Casey Ashby,101139,Copper Industries LLC,,Morgan Ford,Data Analyst,2024-10-05,2026-06-10,Inactive - Terminated,,100234,100511,Operations,100486,SKU-8881,753,Gamma,5659,608,5164,Standard,Beta,100704,,Data Analyst Placement,,,"14,473",Yes,jordan.mensah@examplecorp.test,*NONE,100688,Skyler Cohen,100930,Standard,,,"1,896",,,,Beta,LOT-2259,,101426,Standard,,,,Toronto,100417,,,Standard,100434,,,,,,,,,,101487,,Budget Cut,100658,Involuntary,100239,Y,,Aligned on billing and renewal terms.,,,Direct Hire,100546,,REF-1001,105058,,,Beta,,,100526,
100134,Placement,106794,drew.blake@demomail.test,Diego Whitfield,2024-07-30 05:35:00,yara.blake@examplecorp.test,Diego Calder,2023-02-01 14:49:00,drew.brooks@sampleco.test,Drew Sato,2025-10-16 08:50:00,,,,N,Marco Brooks,101585,Copper Labs Group,Delta,Yara Rossi,Payroll Specialist,2026-04-29,2026-06-20,Inactive - Terminated,,100293,100542,Software Engineering,100585,TAG-4450,1053,Delta,6325,9362,9623,Delta,Standard,100192,,Payroll Specialist Placement,,100482,"7,883",Yes,skyler.ivanov@demomail.test,*NONE,100511,Marco Dorsey,100863,Standard,,100517,,,275,,Delta,LOT-3203,,101216,Alpha,,,,Atlanta,100063,,,Gamma,100742,,,,,,,,,,101591,,Budget Cut,100213,Voluntary,100370,,Exceeded,Shared the updated proposal for review.,,100753,Bench,,,REF-8500,106004,,,Gamma,,,,
100479,Placement,106796,aisha.brooks@examplecorp.test,Yara Haddad,2022-10-20 20:43:00,nina.ashby@sampleco.test,Noah Haddad,2023-07-03 00:44:00,aisha.brooks@examplecorp.test,Alex Nguyen,2026-04-18 18:50:00,,,,Y,Riley Kim,101431,Evergreen Textiles Corp,Gamma,Aisha Dorsey,Marketing Coordinator,2025-07-08,,Active - Placed,,100720,100593,Human Resources,100257,REF-3516,1285,Delta,2259,6576,2201,Standard,Other,100462,,Marketing Coordinator Placement,,100467,"7,729",Yes,casey.blake@acme-fake.test,*NONE,100339,Omar Ford,101513,Delta,,,"1,033",,,,Beta,LOT-5125,REF-3013,100883,Gamma,4026,,,Seattle,100420,,,Delta,100511,,,,,,,,,,100933,,,100132,Voluntary,100408,N,Exceeded,,,,Placement,,,SKU-1704,104980,,,Standard,,,,
100786,Placement,106798,reese.mercer@sampleco.test,Liam Mercer,2023-03-19 12:06:00,noah.costa@acme-fake.test,Sofia Ivanov,2025-01-20 04:45:00,noah.blake@examplecorp.test,Drew Brooks,2026-03-31 21:39:00,,,,N,Taylor Silva,101585,Redwood Systems Group,Delta,Emerson Kim,Data Analyst,2023-07-09,2026-06-24,Inactive - Terminated,100020,100251,100313,Data & Analytics,100798,SKU-8918,9159,Alpha,4903,4176,2877,Gamma,Gamma,100596,,Data Analyst Placement,,100398,,Yes,fatima.garcia@examplecorp.test,*NONE,,Nina Haddad,101153,Other,,100115,,,"1,977",,Delta,LOT-5742,REF-6829,101450,Delta,,,,Manila,100333,,,Gamma,100744,,,,,,,,,,101466,,,100767,Voluntary,100744,N,Exceeded,Resolved the outstanding question about scope.,,,Bench,100241,,REF-2616,106264,,,Other,,,,
100699,Placement,106800,jamie.rossi@demomail.test,Nina Nguyen,2025-10-05 22:39:00,reese.okafor@sampleco.test,Casey Sloan,2025-02-20 17:59:00,quinn.mensah@acme-fake.test,Alex Dorsey,2024-12-30 22:58:00,,,,N,Omar Haddad,101260,Blue Ridge Holdings Group,Other,Fatima Dorsey,Data Analyst,2025-01-21,2026-06-10,Inactive,100103,100063,100620,Software Engineering,100291,TAG-4205,7094,Gamma,948,6829,2927,Delta,Other,100195,,Data Analyst Placement,,,"11,527",Yes,jamie.reyes@sampleco.test,*NONE,,Chen Calder,101706,Delta,,100344,,,"4,930",,Gamma,SKU-6692,REF-3585,101677,Standard,,,,Chicago,100301,,,Delta,100598,,,,,,,,,,100947,,Relocation,100134,Voluntary,100432,Y,Exceeded,Aligned on billing and renewal terms.,,100356,Direct Hire,100293,,LOT-8501,106566,,,Beta,,,100738,
100432,Placement,106803,liam.whitfield@examplecorp.test,Reese Blake,2022-12-28 10:14:00,skyler.garcia@examplecorp.test,Omar Brooks,2024-07-08 12:23:00,noah.mercer@acme-fake.test,Yara Sato,2023-02-20 04:11:00,,,,Y,Chen Larsson,100920,Atlas Industries Corp,Beta,Diego Reyes,Executive Assistant,2026-02-20,2026-06-19,Inactive - Terminated,100535,100552,100511,Software Engineering,100277,SKU-1132,6485,Alpha,2352,1408,6867,Standard,Alpha,100429,,Executive Assistant Placement,,100213,"10,938",Yes,mei.patel@acme-fake.test,*NONE,,Morgan Ford,101730,Other,,,846,,,,Alpha,REF-5173,,100914,Standard,,,,London,100770,,,Beta,100800,,,,,,,,,,101764,,Project Ended,100308,Involuntary,100380,N,,Resolved the outstanding question about scope.,,100457,Placement,,,REF-4906,105903,,,Alpha,,,100212,
100408,Placement,106806,omar.ford@sampleco.test,Omar Ford,2023-06-16 19:03:00,rowan.calder@acme-fake.test,Fatima Patel,2023-07-01 20:14:00,sofia.vance@acme-fake.test,Noah Mensah,2023-12-27 14:41:00,,,,Y,Noah Reyes,101508,Cobalt Textiles,Beta,Fatima Mercer,Recruiter,2024-08-28,,Active - Placed,100688,100434,100443,Accounting,,LOT-4802,1189,Beta,7944,6966,5312,Delta,Standard,100759,,Recruiter Placement,,,"8,806",Yes,morgan.reyes@examplecorp.test,Pioneer Dynamics Inc,100744,Liam Kim,100940,Gamma,,100012,"1,594",,"1,275",,Standard,LOT-5049,,101350,Gamma,,,,Seattle,100079,,,Delta,100285,,,,,,,,,,101284,,,100029,Involuntary,100173,N,Below,,Alpha,,Placement,,,REF-7135,105214,,,Other,,,100699,
100408,Placement,106807,morgan.calder@examplecorp.test,Diego Larsson,2025-10-21 00:12:00,rowan.cohen@sampleco.test,Mei Sato,2024-01-27 11:06:00,mei.patel@acme-fake.test,Marco Okafor,2024-03-01 00:54:00,,,,N,Rahul Garcia,100895,Evergreen Ventures Co,Beta,Rowan Okafor,Payroll Specialist,2024-08-20,,Active - Placed,100056,100325,100522,Customer Support,100415,LOT-8331,744,Standard,5376,588,4304,Delta,Gamma,100086,,Payroll Specialist Placement,,100371,"7,669",Yes,skyler.calder@sampleco.test,*NONE,100164,Drew Garcia,101073,Beta,,100673,,,"4,967",,Other,SKU-6511,SKU-4588,101521,Beta,,,,Manila,100234,,,Delta,100063,,,,,,,,,,101355,,,100509,Involuntary,100117,N,Below,,,100538,Placement,100200,,SKU-3283,105027,,,Other,,,100314,
100591,Placement,106810,casey.ivanov@demomail.test,Fatima Ashby,2024-12-10 21:28:00,arjun.okafor@acme-fake.test,Quinn Blake,2024-06-28 23:27:00,mei.haddad@examplecorp.test,Avery Dorsey,2025-05-14 22:08:00,,,,N,Rowan Mercer,101086,Pioneer Media Ltd,Delta,Priya Larsson,Project Manager,2024-10-20,2026-07-14,Inactive - Terminated,100624,100763,100649,Finance,100025,SKU-1038,580,Standard,1860,2082,7495,Delta,Beta,100738,,Project Manager Placement,,,"13,487",Yes,jordan.ford@acme-fake.test,*NONE,100282,Noah Haddad,100826,Beta,,100391,,,,,Gamma,TAG-4007,TAG-5691,100946,Gamma,,,,Toronto,100532,,,Beta,100469,,,,,,,,,,101403,,Project Ended,100551,Involuntary,100440,,,Reviewed performance and gathered feedback.,,100620,Placement,100336,,TAG-9480,106598,,,Delta,,,,
100134,Placement,106812,riley.cohen@acme-fake.test,Avery Larsson,2023-07-25 01:24:00,skyler.garcia@sampleco.test,Fatima Sloan,2023-11-26 20:10:00,mei.patel@demomail.test,Casey Patel,2023-10-06 18:52:00,,,,N,Diego Ford,101669,Summit Manufacturing Corp,Gamma,Alex Blake,QA Engineer,2023-05-07,,Active - Placed,,100386,100574,Sales,100452,LOT-8010,2153,Beta,3389,6110,5157,Gamma,Gamma,100464,,QA Engineer Placement,,,"13,228",No,rahul.silva@examplecorp.test,*NONE,100789,Yara Garcia,101312,Delta,,,,,367,,Delta,SKU-5162,TAG-4819,101254,Alpha,,,,Bengaluru,100058,,,Alpha,100596,,,,,,,,,,101196,,,100443,Involuntary,100257,N,Met Expectations,,Beta,100658,Trial,100418,,SKU-5570,105541,,,Beta,,,100487,
100232,Placement,106813,quinn.mensah@acme-fake.test,Riley Kim,2026-05-08 07:59:00,jamie.haddad@sampleco.test,Nina Silva,2024-02-23 01:40:00,liam.sato@sampleco.test,Marco Reyes,2023-07-26 12:55:00,,,,Y,Casey Vance,101152,Meridian Manufacturing Group,Gamma,Morgan Kim,Recruiter,2024-01-31,,Active - Placed,,100531,100496,Marketing,,REF-6741,3381,Other,6153,6510,8321,Beta,Other,100340,,Recruiter Placement,,,"7,177",Yes,arjun.blake@sampleco.test,Northwind Solutions Ltd,,Sofia Sloan,101191,Delta,,100477,550,,,,Gamma,TAG-5363,REF-8350,100811,Gamma,9176,,,Phoenix,100683,,,Beta,100517,,,,,,,,,,101107,,,100282,Voluntary,100692,N,Met Expectations,,,,Direct Hire,100115,,SKU-6529,106261,,,Gamma,,,100331,
100750,Placement,106814,jordan.sato@demomail.test,Yara Haddad,2023-08-06 15:43:00,liam.nguyen@demomail.test,Priya Nguyen,2024-10-24 18:39:00,mei.reyes@examplecorp.test,Casey Silva,2025-06-09 20:29:00,,,,N,Avery Okafor,101207,Summit Capital Co,Standard,Riley Vance,Financial Analyst,2025-08-06,,Active - Placed,100168,100492,100009,Sales,100487,REF-6148,7078,Other,6904,1000,6893,Other,Gamma,100591,,Financial Analyst Placement,,100760,"3,085",No,sofia.cohen@examplecorp.test,*NONE,,Liam Ivanov,100997,,,,,,"3,875",,Beta,TAG-1346,SKU-9782,101286,Standard,,,,Toronto,100192,,,Delta,100613,,,,,,,,,,101296,,,,Voluntary,100615,Y,Below,,Other,100758,Direct Hire,100782,,TAG-2870,106369,,,Gamma,,,,
100134,Placement,106815,arjun.larsson@acme-fake.test,Morgan Mensah,2023-10-21 23:33:00,yara.larsson@acme-fake.test,Omar Garcia,2025-01-23 19:45:00,rahul.calder@demomail.test,Drew Sloan,2026-06-17 14:49:00,,,,Y,Priya Mensah,101370,Summit Holdings Group,Alpha,Priya Vance,Project Manager,2023-09-19,,Active - Placed,100803,100731,100272,Customer Support,100784,REF-9146,6405,Delta,1265,1871,5407,Standard,Gamma,100182,,Project Manager Placement,,,,No,casey.okafor@acme-fake.test,Meridian Holdings LLC,,Chen Vance,101319,Alpha,,100063,,,,,Gamma,LOT-3699,,101434,Delta,,,,Seattle,100173,,,Other,100079,,,,,,,,,,101639,,,100692,,100044,N,Below,,Other,,Placement,100563,,REF-7651,106520,,,Other,,,100025,
100569,Placement,106817,chen.blake@examplecorp.test,Avery Larsson,2025-06-15 08:54:00,jamie.ivanov@sampleco.test,Emerson Reyes,2024-10-17 04:59:00,jordan.larsson@sampleco.test,Elena Cohen,2023-09-01 12:56:00,,,,N,Liam Silva,101410,Redwood Robotics Co,Alpha,Rahul Mensah,Project Manager,2025-11-06,2026-07-17,Inactive - Terminated,100712,100331,100400,Marketing,100034,REF-6875,4991,Standard,2781,5478,7844,Delta,Alpha,100649,,Project Manager Placement,,100720,"5,686",No,elena.cohen@sampleco.test,*NONE,100042,Fatima Ivanov,100828,Standard,,,,,,,Beta,TAG-3786,REF-1567,100857,Gamma,,,,Seattle,100676,,,Other,100151,,,,,,,,,,101513,,Unmet Expectations,100777,Voluntary,100532,N,Below,Followed up on the open items from last week.,,100503,Placement,100342,,REF-9365,105606,,,Other,,,,
100789,Placement,106820,rowan.brooks@sampleco.test,Nina Ashby,2025-05-08 15:01:00,taylor.sloan@acme-fake.test,Diego Vance,2024-04-22 14:05:00,chen.calder@demomail.test,Sofia Mensah,2024-08-19 02:22:00,,,,Y,Diego Ashby,100860,Meridian Manufacturing,Delta,Riley Reyes,Marketing Coordinator,2025-07-12,,Active - Placed,,100340,100474,Human Resources,,TAG-2037,5858,Standard,1051,8004,2011,Standard,Standard,100531,,Marketing Coordinator Placement,,100234,"11,405",No,riley.ashby@demomail.test,Meridian Foods,,Alex Mensah,100871,Other,,100708,934,,,,Delta,LOT-5769,,100827,Standard,,,,Denver,100262,,,Standard,100298,,,,,,,,,,101039,,,,,100265,Y,,,,100760,Bench,,,SKU-4894,105969,,,Standard,,,100386,
100468,Placement,106821,arjun.rossi@examplecorp.test,Arjun Mensah,2023-03-03 17:51:00,diego.patel@sampleco.test,Noah Patel,2024-02-03 10:07:00,priya.garcia@acme-fake.test,Reese Okafor,2026-03-29 14:51:00,,,,Y,Morgan Ford,101550,Vertex Media LLP,,Liam Costa,Payroll Specialist,2025-03-13,,Active - Placed,,100456,100782,Finance,,LOT-1896,8034,Beta,7953,576,3958,Delta,Alpha,100190,,Payroll Specialist Placement,,100569,"11,567",No,nina.whitfield@acme-fake.test,*NONE,100484,Nina Ford,100948,Gamma,,100763,,,,,Delta,REF-7280,REF-7057,101071,Alpha,,,,Chicago,100158,,,Standard,100799,,,,,,,,,,101730,,,100722,Involuntary,100415,Y,Below,,,100604,Placement,100182,,SKU-7720,106480,,,Beta,,,100803,
100503,Placement,106823,emerson.sloan@demomail.test,Rowan Nguyen,2022-10-31 22:07:00,emerson.reyes@examplecorp.test,Rahul Vance,2024-09-04 16:09:00,rahul.rossi@demomail.test,Morgan Garcia,2025-04-04 17:50:00,,,,N,Quinn Ashby,100922,Brightpath Systems Inc,Alpha,Nina Nguyen,Bookkeeper,2024-01-14,2026-06-20,Inactive,,100097,100025,Operations,100681,TAG-2684,4686,Alpha,7038,5315,9041,Alpha,Standard,100786,,Bookkeeper Placement,,100667,"15,955",No,nina.reyes@demomail.test,Falcon Manufacturing Ltd,,Skyler Mensah,101305,Alpha,,,,,745,,Delta,TAG-6874,TAG-8754,101450,Other,,,,London,100765,,,Delta,100530,,,,,,,,,,101421,,Converted to Direct Hire,100742,Involuntary,,,Below,Reviewed performance and gathered feedback.,,,Placement,100168,,REF-4924,106538,,,Delta,,,100053,
100094,Placement,106826,reese.larsson@acme-fake.test,Omar Costa,2024-04-22 09:50:00,quinn.ivanov@demomail.test,Casey Ashby,2025-03-23 20:59:00,quinn.sato@sampleco.test,Quinn Nguyen,2023-07-26 13:41:00,,,,N,Skyler Ivanov,101691,Brightpath Health LLP,Beta,Arjun Rossi,Payroll Specialist,2025-04-19,,Active - Placed,100513,100023,100523,Accounting,,TAG-3136,3640,Beta,1052,4456,1300,Delta,Gamma,100339,,Payroll Specialist Placement,,,"10,002",No,jamie.rossi@demomail.test,*NONE,100780,Priya Haddad,100964,Other,,100360,,,767,,Delta,TAG-9792,LOT-5193,101319,Other,,,,Bengaluru,100197,,,Beta,100628,,,,,,,,,,101081,,,100282,,100097,Y,Exceeded,,,100069,Placement,,,LOT-8870,105874,,,Alpha,,,,
100759,Placement,106829,aisha.sloan@sampleco.test,Riley Calder,2022-11-25 05:45:00,avery.haddad@demomail.test,Diego Ivanov,2023-11-23 19:40:00,marco.cohen@sampleco.test,Reese Sloan,2023-10-22 08:23:00,,,,Y,Reese Cohen,101471,Silverline Energy Co,Other,Skyler Okafor,QA Engineer,2023-05-20,2026-07-11,Inactive - Terminated,100456,100240,100017,Data & Analytics,,REF-4463,91,Beta,2093,5010,2370,Other,Beta,100235,,QA Engineer Placement,,,"15,722",No,jamie.rossi@sampleco.test,Harbor Energy Group,100329,Nina Blake,101584,Standard,,,,,,,Standard,SKU-5162,SKU-1542,101651,Other,,,,Austin,100434,,,Other,100624,,,,,,,,,,101368,,Project Ended,100339,Voluntary,100104,N,Exceeded,Reviewed performance and gathered feedback.,,100576,Placement,,,SKU-2531,105801,,,Standard,,,,
100291,Placement,106830,jordan.garcia@examplecorp.test,Elena Brooks,2023-03-23 10:04:00,alex.dorsey@sampleco.test,Skyler Patel,2025-06-16 11:55:00,arjun.costa@acme-fake.test,Aisha Sloan,2022-10-08 22:20:00,,,,Y,Omar Sloan,100843,Beacon Manufacturing Ltd,Beta,Jamie Garcia,Software Developer,2025-05-14,2026-06-05,Inactive - Terminated,100617,100475,100005,Customer Support,100254,REF-4568,732,Other,6255,2428,1713,Gamma,Standard,100132,,Software Developer Placement,,100518,"3,635",Yes,marco.vance@demomail.test,Everest Systems Co,100051,Avery Patel,101222,Delta,,100582,,,,,Other,REF-1761,TAG-7045,101764,Standard,2094,,,Toronto,100359,,,Other,100238,,,,,,,,,,101051,,Project Ended,100415,Involuntary,100717,Y,,Discussed timeline and next steps with the account.,,100229,Trial,,,TAG-8653,106369,,,Other,,,100780,
100777,Placement,106833,reese.cohen@demomail.test,Jamie Patel,2024-04-04 20:40:00,priya.vance@demomail.test,Yara Calder,2024-02-27 21:48:00,sofia.patel@acme-fake.test,Emerson Reyes,2023-12-23 21:25:00,,,,N,Diego Kim,101588,Falcon Group Inc,Alpha,Drew Calder,Customer Success Manager,2023-08-16,2026-07-26,Inactive,,100025,100301,Customer Support,,REF-7213,9209,Alpha,3880,5012,8229,Other,Alpha,100638,,Customer Success Manager Placement,,100232,"5,029",Yes,jordan.nguyen@demomail.test,*NONE,,Fatima Reyes,100911,Standard,,100104,,,"4,736",,Alpha,LOT-3898,LOT-3669,101563,Delta,,,,Phoenix,100755,,,Gamma,100184,,,,,,,,,,101558,,Relocation,100685,Voluntary,100604,Y,,Discussed timeline and next steps with the account.,,100128,Bench,100359,,SKU-4580,105569,,,Beta,,,100615,
100363,Placement,106835,aisha.mercer@examplecorp.test,Skyler Calder,2023-03-23 00:00:00,noah.cohen@examplecorp.test,Aisha Calder,2023-12-28 06:38:00,sofia.larsson@demomail.test,Arjun Sloan,2024-11-05 16:57:00,,,,N,Rowan Kim,101143,Ironwood Dynamics Inc,Other,Omar Calder,HR Generalist,2026-02-14,,Active - Placed,100158,100496,100681,Recruiting,,REF-5703,1481,Beta,9693,525,3535,Standard,Alpha,100571,,HR Generalist Placement,,,"2,028",Yes,priya.haddad@demomail.test,*NONE,100696,Jordan Vance,101372,Delta,,,,,,,Alpha,TAG-7794,SKU-9200,101631,Standard,,,,Mumbai,100110,,,Gamma,100403,,,,,,,,,,101110,,,100642,Voluntary,100763,N,,,,,Trial,,,TAG-6107,106007,,,Standard,,,100615,
100360,Placement,106838,avery.brooks@sampleco.test,Priya Mercer,2026-05-12 07:03:00,reese.cohen@demomail.test,Rowan Brooks,2024-02-12 03:45:00,jordan.dorsey@examplecorp.test,Jamie Ford,2023-01-02 15:00:00,,,,N,Nina Rossi,101387,Ironwood Solutions LLC,,Rahul Costa,Support Specialist,2024-04-10,,Active - Placed,100535,100158,100158,Marketing,100449,TAG-7766,1682,Standard,1317,7683,3456,Beta,Delta,100690,,Support Specialist Placement,,100340,"14,208",No,sofia.okafor@examplecorp.test,*NONE,100046,Liam Whitfield,101212,Gamma,,100477,"1,162",,,,Delta,TAG-6150,TAG-3015,101545,Standard,,,,Phoenix,100767,,,Standard,100445,,,,,,,,,,101696,,,100413,Voluntary,100342,,Exceeded,,,,Bench,,,SKU-4258,106332,,,Other,,,100395,
100069,Placement,106841,emerson.sloan@examplecorp.test,Drew Vance,2025-10-13 03:23:00,taylor.whitfield@examplecorp.test,Morgan Silva,2024-11-16 10:56:00,drew.vance@demomail.test,Elena Kim,2023-11-14 12:37:00,,,,N,Emerson Larsson,101612,Meridian Energy Ltd,Delta,Omar Ashby,Bookkeeper,2023-11-11,2026-07-23,Inactive - Terminated,100314,100342,100101,Operations,100526,REF-1299,2952,Standard,170,8419,6663,Other,Other,100457,,Bookkeeper Placement,,,"11,483",No,liam.brooks@demomail.test,*NONE,,Marco Cohen,101406,Beta,,100281,,,"2,164",,Beta,SKU-5591,,101535,Beta,,,,Atlanta,100704,,,Delta,100506,,,,,,,,,,101292,,Budget Cut,100753,Involuntary,100735,Y,,Noted a concern to revisit at the next sync.,,100029,Bench,100469,,TAG-9170,105306,,,Beta,,,100645,
100763,Placement,106842,jordan.mensah@demomail.test,Arjun Reyes,2023-12-25 16:51:00,jordan.patel@acme-fake.test,Sofia Ford,2026-03-03 20:44:00,priya.reyes@sampleco.test,Alex Mensah,2024-06-20 03:38:00,,,,Y,Mei Whitfield,101470,Northwind Media,,Rahul Okafor,Bookkeeper,2024-07-18,,Active - Placed,100457,100417,100735,Recruiting,,LOT-9111,8887,Other,4940,1559,5892,Other,Standard,100319,,Bookkeeper Placement,,,"8,796",Yes,emerson.reyes@sampleco.test,*NONE,,Mei Costa,101119,Beta,,100302,,,,,Standard,TAG-9813,,101400,Alpha,,,,Seattle,100763,,,Beta,100255,,,,,,,,,,101487,,,100314,Involuntary,100638,Y,Exceeded,,Delta,100031,Trial,100417,,TAG-3989,105565,,,Alpha,,,100696,
100360,Placement,106845,emerson.mensah@examplecorp.test,Marco Larsson,2024-05-29 05:11:00,diego.reyes@sampleco.test,Alex Cohen,2022-10-04 16:07:00,skyler.vance@demomail.test,Arjun Mensah,2025-06-02 23:03:00,,,,Y,Omar Calder,101148,Northwind Capital Inc,Delta,Emerson Kim,Software Developer,2023-12-16,,Active - Placed,,100462,100223,Sales,100051,TAG-6639,2907,Other,4546,7620,4704,Delta,Alpha,100729,,Software Developer Placement,,,"1,624",No,alex.blake@sampleco.test,*NONE,100774,Riley Sato,101762,Standard,,100443,"1,977",,"1,094",,Delta,REF-1336,TAG-1546,100832,Other,,,,Denver,100656,,,Alpha,100374,,,,,,,,,,101388,,,100641,Voluntary,100520,N,,,Alpha,100241,Bench,100445,,LOT-3066,105504,,,Alpha,,,,
100371,Placement,106848,rowan.patel@demomail.test,Fatima Okafor,2024-10-02 15:51:00,fatima.haddad@sampleco.test,Avery Larsson,2026-02-06 19:00:00,avery.ford@examplecorp.test,Jamie Calder,2023-07-10 04:09:00,,,,Y,Alex Brooks,100829,Harbor Foods LLP,Delta,Jordan Costa,Bookkeeper,2026-01-24,,Active - Placed,,100132,100190,Data & Analytics,,LOT-6639,1215,Standard,5431,5539,5422,Delta,Alpha,100760,,Bookkeeper Placement,,,"2,997",Yes,marco.ivanov@acme-fake.test,Lakeside Ventures LLC,100117,Riley Ashby,101476,Beta,,,,,,,Delta,TAG-9386,LOT-4721,101042,Gamma,,,,Toronto,100286,,,Alpha,100475,,,,,,,,,,101221,,,100280,Voluntary,100656,Y,Met Expectations,,Beta,100443,Direct Hire,,,REF-3267,106370,,,Alpha,,,100482,
100046,Placement,106849,morgan.dorsey@demomail.test,Taylor Patel,2026-03-26 19:28:00,noah.blake@demomail.test,Morgan Haddad,2023-02-19 06:39:00,nina.dorsey@acme-fake.test,Casey Okafor,2023-07-27 22:25:00,,,,Y,Emerson Ford,101305,Lakeside Retail Inc,Delta,Nina Haddad,Bookkeeper,2026-03-14,,Active - Placed,,100634,100281,Sales,100044,TAG-7688,6989,Standard,4106,1738,117,Gamma,Gamma,100676,,Bookkeeper Placement,,,"14,820",No,jamie.vance@acme-fake.test,*NONE,100712,Elena Mercer,101531,,,,846,,,,Delta,REF-1468,LOT-6874,101588,Alpha,,,,Dallas,100477,,,Other,100758,,,,,,,,,,101625,,,100123,,,Y,Met Expectations,,Delta,100462,Placement,100696,,REF-4970,106070,,,Other,,,100694,
100548,Placement,106850,sofia.sato@demomail.test,Rowan Brooks,2024-06-24 16:37:00,marco.whitfield@demomail.test,Elena Reyes,2026-03-11 06:56:00,riley.silva@examplecorp.test,Omar Reyes,2026-07-02 14:23:00,,,,N,Rowan Reyes,100815,Cobalt Media LLP,,Mei Vance,Recruiter,2024-01-13,,Active - Placed,100625,100487,100370,Accounting,,TAG-2401,8732,Standard,7806,2105,6177,Alpha,Standard,100627,,Recruiter Placement,,100351,"13,704",No,aisha.silva@acme-fake.test,*NONE,,Aisha Okafor,101596,Standard,,,913,,,,Alpha,TAG-7777,LOT-4279,101271,Delta,,,,London,100468,,,Gamma,100482,,,,,,,,,,101041,,,,Voluntary,100146,N,,,Delta,,Placement,100323,,LOT-4296,105282,,,Delta,,,100454,
100736,Placement,106851,casey.rossi@acme-fake.test,Elena Dorsey,2023-07-23 03:11:00,drew.vance@demomail.test,Mei Mensah,2025-09-02 12:08:00,aisha.vance@demomail.test,Fatima Kim,2025-12-20 20:36:00,,,,Y,Aisha Vance,101166,Granite Logistics Inc,Standard,Aisha Blake,Customer Success Manager,2025-09-16,,Active - Placed,100309,100543,100638,Marketing,100681,SKU-7089,309,Beta,8739,4725,2240,Beta,Other,100500,,Customer Success Manager Placement,,100652,"10,945",Yes,quinn.whitfield@examplecorp.test,*NONE,100058,Fatima Okafor,101518,Delta,,,,,"1,177",,Other,LOT-6277,SKU-5429,101395,Other,,,,Toronto,100377,,,Gamma,100673,,,,,,,,,,101323,,,100765,,100178,N,,,,100760,Placement,,,TAG-5531,105357,,,Other,,,100241,
100546,Placement,106852,rowan.kim@demomail.test,Sofia Sato,2023-02-04 03:47:00,omar.sloan@acme-fake.test,Rahul Nguyen,2024-07-13 08:44:00,mei.larsson@acme-fake.test,Elena Blake,2024-05-31 05:11:00,,,,Y,Sofia Vance,100805,Pioneer Energy LLP,Other,Reese Silva,Support Specialist,2025-01-02,,Active - Placed,100101,100345,100041,Accounting,100359,REF-4336,2924,Standard,5128,3984,2686,Other,Gamma,100177,,Support Specialist Placement,,,"16,155",Yes,reese.sato@sampleco.test,Meridian Media LLP,100224,Riley Whitfield,100886,Beta,,100506,,,,,Alpha,TAG-9001,,101636,Alpha,,,,Toronto,100494,,,Other,100161,,,,,,,,,,101585,,,100625,Involuntary,100107,Y,,,,,Bench,100172,,LOT-5566,105642,,,Delta,,,100393,
100558,Placement,106854,omar.sloan@acme-fake.test,Liam Cohen,2024-10-08 09:56:00,chen.rossi@examplecorp.test,Yara Patel,2026-06-22 02:36:00,chen.nguyen@acme-fake.test,Nina Costa,2025-08-13 01:20:00,,,,Y,Sofia Haddad,100887,Copper Industries,Standard,Jamie Rossi,Recruiter,2026-04-15,,Active - Placed,100585,100069,100158,Sales,100014,LOT-5518,1465,Other,7283,8533,4408,Gamma,Gamma,100086,,Recruiter Placement,,100189,"3,357",Yes,chen.mercer@examplecorp.test,*NONE,100417,Skyler Sloan,101106,Gamma,,,,,"3,419",,Beta,REF-4236,,101121,Other,,,,Phoenix,100165,,,Beta,100538,,,,,,,,,,101072,,,100765,Voluntary,100281,N,Met Expectations,,,,Placement,,,TAG-1976,104964,,,Gamma,,,100034,
100325,Placement,106856,emerson.rossi@demomail.test,Reese Dorsey,2024-10-09 01:19:00,arjun.sato@acme-fake.test,Elena Patel,2024-02-07 20:33:00,diego.sato@demomail.test,Arjun Silva,2025-04-07 19:13:00,,,,N,Morgan Costa,101721,Meridian Financial Ltd,Delta,Chen Ford,Marketing Coordinator,2024-02-12,,Active - Placed,100008,100485,100475,Human Resources,100634,TAG-5280,7951,Alpha,9545,4502,5762,Delta,Alpha,100060,,Marketing Coordinator Placement,,100353,"6,593",No,skyler.cohen@acme-fake.test,*NONE,,Avery Kim,101223,Alpha,,100613,,,,,Standard,SKU-1376,SKU-3823,101130,Other,4480,,,Chicago,100658,,,Beta,100558,,,,,,,,,,101271,,,100245,Involuntary,100363,N,,,,100405,Direct Hire,100696,,LOT-2682,105963,,,Gamma,,,,
100359,Placement,106858,noah.okafor@sampleco.test,Rowan Patel,2025-04-06 15:16:00,liam.okafor@acme-fake.test,Priya Kim,2025-05-18 04:13:00,riley.silva@acme-fake.test,Mei Reyes,2023-04-07 21:09:00,,,,N,Rahul Mensah,101239,Vertex Labs Ltd,Delta,Chen Garcia,Accountant,2025-05-17,,Active - Placed,100352,100382,100302,Recruiting,,TAG-1594,8194,Alpha,5402,7544,9806,Delta,Other,100126,,Accountant Placement,,100009,"12,122",No,elena.cohen@acme-fake.test,*NONE,100715,Rowan Sloan,101119,Standard,,100413,113,,,,Gamma,LOT-8914,REF-8761,101359,Standard,,,,Chicago,100066,,,Other,100325,,,,,,,,,,101574,,,100604,,,N,Below,,,100560,Placement,100767,,REF-4123,106229,,,Beta,,,,
100042,Placement,106861,liam.nguyen@sampleco.test,Chen Kim,2023-01-25 07:44:00,casey.sato@examplecorp.test,Emerson Ashby,2024-12-03 02:39:00,casey.mensah@demomail.test,Sofia Whitfield,2025-10-29 08:02:00,,,,Y,Quinn Cohen,101344,Everest Analytics Corp,,Chen Nguyen,Recruiter,2024-07-31,2026-06-18,Inactive - Terminated,100418,100765,100282,Operations,,TAG-9226,5137,Beta,2517,4502,647,Other,Beta,100517,,Recruiter Placement,,,"4,312",No,mei.brooks@acme-fake.test,Summit Foods Inc,100180,Mei Calder,101336,Delta,,,,,,,Standard,REF-2758,REF-5260,101056,Standard,,,,Chicago,100389,,,Alpha,100642,,,,,,,,,,101673,,Converted to Direct Hire,100382,,100447,N,,Resolved the outstanding question about scope.,Other,100445,Placement,,,LOT-8998,106087,,,Standard,,,100496,
100286,Placement,106863,elena.haddad@demomail.test,Rahul Ashby,2024-10-01 03:30:00,avery.garcia@sampleco.test,Drew Sloan,2023-08-07 19:03:00,chen.dorsey@demomail.test,Riley Vance,2025-09-30 17:59:00,,,,N,Priya Rossi,101217,Ironwood Textiles LLP,Other,Omar Patel,Project Manager,2024-10-26,,Active - Placed,,100410,100415,Finance,,REF-7041,1098,Beta,6056,3875,4459,Delta,Other,100136,,Project Manager Placement,,100782,"1,875",No,quinn.ashby@demomail.test,*NONE,,Nina Ashby,101093,Gamma,,100370,,,787,,Beta,SKU-1971,TAG-9413,101374,Alpha,2837,,,Manila,100503,,,Alpha,100474,,,,,,,,,,101086,,,100290,Voluntary,100132,N,Met Expectations,,Gamma,100080,Bench,,,TAG-7791,105181,,,Standard,,,100587,
100206,Placement,106864,diego.larsson@demomail.test,Jamie Ivanov,2026-03-16 15:41:00,liam.ashby@examplecorp.test,Elena Silva,2024-08-28 20:00:00,avery.larsson@examplecorp.test,Quinn Ashby,2023-08-03 11:02:00,,,,Y,Rahul Cohen,101444,Summit Capital Group,Standard,Skyler Silva,Payroll Specialist,2024-08-09,2026-06-29,Inactive,,100506,100333,Software Engineering,,TAG-1284,5685,Alpha,2758,153,7851,Other,Gamma,100485,,Payroll Specialist Placement,,100420,"12,998",Yes,casey.ford@acme-fake.test,Cardinal Industries Inc,,Jordan Ford,101148,Delta,,100542,662,,"4,051",,Standard,LOT-5248,,100826,Alpha,,,,Atlanta,100227,,,Delta,100248,,,,,,,,,,101083,,Project Ended,100526,Voluntary,100046,Y,Met Expectations,Followed up on the open items from last week.,,,Bench,100673,,TAG-3369,105071,,,Alpha,,,100543,
100386,Placement,106865,alex.whitfield@examplecorp.test,Marco Nguyen,2025-03-01 20:39:00,aisha.reyes@sampleco.test,Diego Silva,2025-07-22 06:14:00,jordan.dorsey@acme-fake.test,Elena Ashby,2024-02-29 07:20:00,,,,Y,Rahul Ashby,101368,Harbor Ventures Inc,Alpha,Jordan Sato,Accountant,2023-07-24,,Active - Placed,,100371,100254,Human Resources,,LOT-2449,2046,Beta,5493,5740,8110,Delta,Standard,100452,,Accountant Placement,,,"3,223",Yes,omar.calder@sampleco.test,*NONE,,Noah Larsson,101716,Other,,,540,,,,Gamma,LOT-1828,,101738,Beta,,,,Austin,100598,,,Other,100585,,,,,,,,,,101249,,,100770,,100673,Y,Met Expectations,,,,Placement,100676,,SKU-7763,106236,,,Gamma,,,,
100421,Placement,106867,omar.haddad@acme-fake.test,Liam Costa,2025-07-08 20:37:00,priya.reyes@demomail.test,Sofia Whitfield,2024-02-24 17:21:00,priya.mensah@sampleco.test,Noah Mercer,2024-08-22 22:06:00,,,,N,Rowan Mensah,100867,Beacon Group Co,Gamma,Avery Patel,Payroll Specialist,2024-05-20,2026-06-08,Inactive,,100178,100262,Data & Analytics,,LOT-8841,5676,Delta,6428,4039,9898,Beta,Standard,100477,,Payroll Specialist Placement,,,"1,554",No,chen.mercer@demomail.test,*NONE,100601,Jordan Ford,101242,Alpha,,,,,,,Other,LOT-5659,LOT-9052,101645,Gamma,,Standard,,London,100726,,,Standard,100015,,,,,,,,,,101755,,Converted to Direct Hire,,,100351,N,Exceeded,Followed up on the open items from last week.,,100506,Placement,100107,,LOT-6837,105389,,,Standard,,,,
100255,Placement,106868,rowan.ashby@demomail.test,Drew Calder,2024-01-20 17:24:00,casey.ivanov@acme-fake.test,Alex Nguyen,2026-07-12 16:32:00,arjun.ivanov@acme-fake.test,Elena Patel,2024-01-02 02:06:00,,,,Y,Riley Reyes,101021,Meridian Manufacturing Inc,Standard,Marco Blake,Customer Success Manager,2025-03-02,2026-06-27,Inactive - Terminated,,100746,100132,Software Engineering,100625,REF-9997,5562,Delta,8246,3467,276,Beta,Gamma,100322,,Customer Success Manager Placement,,,"8,784",No,diego.silva@sampleco.test,*NONE,100329,Avery Vance,101350,Gamma,,100014,197,,"1,769",,Other,REF-3316,,101616,Beta,7304,,,Mumbai,100310,,,Standard,100490,,,,,,,,,,101532,,Budget Cut,100129,Involuntary,100293,N,Exceeded,Followed up on the open items from last week.,,,Backfill,100449,,SKU-2288,105365,,,Standard,,,,
100734,Placement,106869,liam.okafor@demomail.test,Rowan Sloan,2025-01-13 14:09:00,noah.sloan@examplecorp.test,Diego Kim,2023-09-08 17:41:00,rahul.costa@examplecorp.test,Morgan Brooks,2024-10-27 14:13:00,,,,Y,Elena Ivanov,101353,Cardinal Capital,Other,Casey Brooks,Recruiter,2025-04-19,,Active - Placed,,100473,100418,Customer Support,,TAG-7381,8811,Alpha,6754,7118,5730,Beta,Gamma,100560,,Recruiter Placement,,100523,"3,587",No,riley.haddad@sampleco.test,*NONE,100799,Casey Okafor,101319,Standard,,100517,,,,,Gamma,TAG-6306,LOT-2657,101682,Standard,,,,Austin,100280,,,Other,100030,,,,,,,,,,101772,,,100646,Voluntary,100076,N,Met Expectations,,Delta,100588,Backfill,100516,,REF-6868,105478,,,Alpha,,,100793,
100216,Placement,106872,drew.nguyen@examplecorp.test,Liam Calder,2025-03-12 09:49:00,morgan.mensah@demomail.test,Jamie Mercer,2022-10-14 21:59:00,skyler.calder@examplecorp.test,Priya Calder,2023-09-08 15:34:00,,,,N,Rowan Ford,101770,Vertex Networks Group,Delta,Aisha Calder,Recruiter,2024-11-26,2026-06-24,Inactive - Terminated,100477,100497,100585,Human Resources,100029,REF-9223,8582,Beta,7530,1680,4269,Standard,Alpha,100345,,Recruiter Placement,,100793,"9,327",Yes,avery.calder@acme-fake.test,*NONE,,Alex Cohen,101157,Delta,,,,,,,Gamma,SKU-8199,,101229,Beta,,,,Manila,100398,,,Standard,100079,,,,,,,,,,100987,,Relocation,100429,Voluntary,100070,Y,,Scheduled a check-in for the coming month.,,,Placement,,,REF-9352,106382,,,Gamma,,,,
100517,Placement,106874,morgan.rossi@sampleco.test,Noah Brooks,2024-05-07 15:19:00,omar.sato@examplecorp.test,Nina Ashby,2024-07-13 18:01:00,jamie.calder@acme-fake.test,Jamie Costa,2023-01-01 18:29:00,,,,Y,Rahul Sloan,100871,Vertex Logistics Group,Standard,Chen Ivanov,Support Specialist,2024-06-15,,Active - Placed,100702,100200,100329,Sales,,REF-8138,8465,Alpha,9639,7046,8920,Alpha,Gamma,100780,,Support Specialist Placement,,100076,"2,637",No,yara.sato@acme-fake.test,*NONE,100240,Sofia Haddad,100956,Beta,,,,,,,Standard,LOT-2863,,101167,Beta,,,,London,100014,,,Other,100530,,,,,,,,,,101096,,,100500,,100106,Y,Met Expectations,,Other,100799,Backfill,100593,,SKU-3001,105630,,,Other,,,100234,
100120,Placement,106876,riley.calder@sampleco.test,Chen Sato,2025-12-19 20:27:00,alex.larsson@sampleco.test,Riley Mercer,2023-10-26 01:25:00,jamie.vance@examplecorp.test,Noah Larsson,2024-07-25 08:11:00,,,,Y,Avery Whitfield,101150,Brightpath Health Inc,Beta,Jamie Calder,Software Developer,2025-02-13,2026-06-29,Inactive - Terminated,,100631,100280,Operations,,SKU-3546,2769,Delta,3993,6321,998,Standard,Beta,100275,,Software Developer Placement,,,"6,696",Yes,liam.rossi@sampleco.test,*NONE,,Sofia Sato,101242,Beta,,100003,,,,,Standard,TAG-4757,REF-9519,101089,Beta,,,,Toronto,100434,,,Beta,100415,,,,,,,,,,101596,,Converted to Direct Hire,100598,Involuntary,100200,N,Exceeded,Shared the updated proposal for review.,Beta,,Bench,100573,,TAG-7103,105564,,,Standard,,,100624,
100370,Placement,106879,noah.rossi@acme-fake.test,Riley Calder,2026-04-02 08:36:00,nina.calder@demomail.test,Mei Cohen,2025-01-23 17:31:00,taylor.silva@sampleco.test,Rowan Larsson,2025-04-02 19:26:00,,,,Y,Liam Vance,100827,Cardinal Analytics Inc,Other,Rowan Rossi,Customer Success Manager,2025-05-14,,Active - Terminated,100569,100622,100676,Accounting,100735,LOT-4680,1250,Gamma,6586,8247,5926,Beta,Delta,100016,,Customer Success Manager Placement,,100645,"12,820",Yes,casey.silva@acme-fake.test,*NONE,100388,Avery Garcia,100948,Standard,,100692,,,668,,Alpha,TAG-3048,SKU-8465,101000,Gamma,,,,Bengaluru,100363,,,Other,100148,,,,,,,,,,101731,,,100376,Involuntary,100049,N,Below,,Other,,Bench,100516,,REF-4466,105853,,,Standard,,,100527,
100604,Placement,106880,mei.nguyen@acme-fake.test,Elena Ivanov,2024-08-31 23:54:00,rowan.okafor@sampleco.test,Jordan Rossi,2024-05-06 14:25:00,rowan.sato@demomail.test,Jordan Mercer,2025-12-12 07:27:00,,,,Y,Taylor Ashby,101381,Granite Capital LLC,Alpha,Taylor Blake,Payroll Specialist,2023-10-29,2026-06-13,Inactive - Terminated,100117,100771,100604,Recruiting,,SKU-3452,4367,Alpha,9743,2913,7262,Gamma,Standard,100262,,Payroll Specialist Placement,,100104,"17,170",No,taylor.whitfield@demomail.test,Atlas Capital Corp,,Drew Costa,100958,Standard,,100389,,,,,Delta,LOT-8167,SKU-1091,101098,Other,,,,Austin,100582,,,Standard,100467,,,,,,,,,,101767,,Performance,100473,Voluntary,100205,N,,Resolved the outstanding question about scope.,,100076,Placement,100334,,REF-5779,105469,,,Other,,,,
100245,Placement,106881,omar.dorsey@examplecorp.test,Yara Patel,2025-07-28 22:35:00,drew.patel@examplecorp.test,Jordan Vance,2024-08-19 19:03:00,liam.calder@demomail.test,Morgan Dorsey,2025-08-03 22:57:00,,,,N,Jordan Ashby,101043,Cobalt Partners Inc,Delta,Emerson Cohen,Support Specialist,2023-09-12,,Active - Placed,100136,100119,100056,Data & Analytics,,TAG-8684,7485,Other,3090,2186,1606,Beta,Alpha,100313,,Support Specialist Placement,,,"17,737",No,drew.rossi@sampleco.test,Delta Retail LLC,100492,Reese Patel,101693,Beta,,,,,"3,868",,Standard,REF-4019,TAG-3225,100873,Standard,,,,Bengaluru,100763,,,Other,100418,,,,,,,,,,101642,,,100445,,100117,N,Exceeded,,,,Placement,100141,,REF-3723,104981,,,Beta,,,,
100673,Placement,106884,avery.silva@examplecorp.test,Skyler Nguyen,2023-09-03 19:37:00,rahul.mercer@acme-fake.test,Alex Whitfield,2025-06-11 22:22:00,riley.nguyen@demomail.test,Liam Blake,2024-09-19 20:28:00,,,,Y,Jordan Sloan,101669,Copper Retail Corp,Standard,Casey Haddad,Executive Assistant,2026-01-09,2026-07-22,Inactive - Terminated,100786,100637,100520,Finance,100652,SKU-9600,6445,Beta,2972,8328,4597,Other,Delta,100069,,Executive Assistant Placement,,,"10,683",No,fatima.garcia@demomail.test,*NONE,100025,Arjun Nguyen,101407,Standard,,100799,,,854,,Gamma,SKU-9659,LOT-5975,101215,Delta,,,,Manila,100543,,,Other,100426,,,,,,,,,,101051,,Budget Cut,100281,Voluntary,100020,,Met Expectations,Noted a concern to revisit at the next sync.,Beta,100360,Placement,100141,,TAG-1404,106052,,,Standard,,,100360,
100049,Placement,106885,emerson.vance@examplecorp.test,Alex Sato,2023-11-03 07:34:00,omar.kim@demomail.test,Priya Silva,2023-07-23 09:30:00,emerson.sloan@acme-fake.test,Liam Garcia,2022-12-19 05:25:00,,,,N,Mei Garcia,101763,Cardinal Networks Co,Delta,Drew Mercer,Data Analyst,2026-03-15,,Active - Placed,100722,100334,100377,Human Resources,100530,REF-7372,8176,Gamma,848,2385,3666,Standard,Delta,100328,,Data Analyst Placement,,100513,"7,303",No,reese.ivanov@examplecorp.test,Redwood Dynamics LLC,100571,Jamie Garcia,101415,Beta,,100503,,,404,,Delta,TAG-6963,LOT-4033,101628,Beta,,,,Phoenix,100539,,,Gamma,100789,,,,,,,,,,101018,,,100632,,100090,N,,,,,Placement,,,LOT-2881,105425,,,Alpha,,,,
100168,Placement,106886,diego.ashby@demomail.test,Morgan Dorsey,2023-09-26 16:48:00,drew.costa@sampleco.test,Jamie Garcia,2024-11-04 07:16:00,skyler.ashby@demomail.test,Emerson Patel,2024-08-14 06:46:00,,,,N,Skyler Sloan,101236,Cardinal Partners Ltd,,Omar Ivanov,Project Manager,2024-06-29,2026-06-07,Inactive,100126,100389,100216,Software Engineering,,LOT-1577,2265,Other,3669,1914,3038,Standard,Standard,100323,,Project Manager Placement,,100585,"10,595",Yes,riley.calder@acme-fake.test,*NONE,,Marco Ford,101607,Delta,,100500,,,,,Standard,REF-2574,TAG-7885,101670,Alpha,,,,London,100496,,,Standard,100136,,,,,,,,,,100988,,Budget Cut,100421,,100128,N,Exceeded,Resolved the outstanding question about scope.,Other,100656,Bench,100667,,REF-6019,105354,,,Gamma,,,,
100546,Placement,106887,taylor.nguyen@sampleco.test,Marco Calder,2025-09-27 23:35:00,reese.garcia@sampleco.test,Chen Rossi,2025-01-12 20:59:00,taylor.cohen@demomail.test,Mei Brooks,2023-03-28 02:51:00,,,,Y,Marco Ford,101764,Keystone Financial Co,Alpha,Reese Rossi,Support Specialist,2024-07-01,,Active - Terminated,100731,100421,100683,Human Resources,100168,LOT-8611,4075,Other,2510,7137,3145,Other,Other,100434,,Support Specialist Placement,,100128,"3,426",No,rowan.ivanov@demomail.test,Silverline Logistics Group,100603,Rahul Blake,101584,Standard,,100656,,,,,Standard,SKU-3661,TAG-1869,101171,Gamma,,,,Austin,100482,,,Standard,100339,,,,,,,,,,101493,,,100429,Voluntary,100110,N,Exceeded,,,,Placement,,,LOT-3842,105239,,,Alpha,,,100208,
100542,Placement,106889,emerson.costa@sampleco.test,Emerson Mensah,2024-07-02 21:33:00,chen.ivanov@acme-fake.test,Casey Mensah,2024-02-28 13:08:00,quinn.okafor@sampleco.test,Diego Dorsey,2024-08-01 02:49:00,,,,N,Chen Sato,100853,Blue Ridge Health Corp,Standard,Chen Okafor,Project Manager,2024-05-19,,Active - Terminated,,100673,100110,Data & Analytics,,SKU-8843,4469,Delta,1212,7235,8945,Beta,Other,100049,,Project Manager Placement,,100717,"11,888",No,elena.mercer@acme-fake.test,Atlas Robotics Inc,100015,Chen Costa,101516,Beta,,100798,165,,"1,900",,Alpha,REF-1368,SKU-1560,101767,Standard,,,,London,100617,,,Standard,100251,,,,,,,,,,101374,,,100141,,100176,Y,Met Expectations,,Standard,,Placement,,,REF-9297,104863,,,Standard,,,100329,
100788,Placement,106891,quinn.sato@sampleco.test,Fatima Reyes,2023-07-13 02:16:00,sofia.rossi@acme-fake.test,Nina Sato,2023-06-06 09:17:00,alex.reyes@acme-fake.test,Fatima Sato,2025-08-28 12:36:00,,,,Y,Drew Brooks,101200,Beacon Manufacturing,Alpha,Rahul Reyes,Payroll Specialist,2025-04-19,,Active - Terminated,,100736,100552,Customer Support,,REF-4238,2579,Alpha,4793,147,8720,Standard,Standard,100220,,Payroll Specialist Placement,,100482,"5,675",No,nina.haddad@sampleco.test,*NONE,100455,Avery Patel,101700,Standard,,,,,,,Other,REF-2014,REF-2086,101013,Beta,,,,Chicago,100470,,,Delta,100113,,,,,,,,,,101247,,,100610,Involuntary,100371,Y,,,Gamma,,Direct Hire,100178,,LOT-1940,105772,,,Standard,,,100336,
100503,Placement,106894,rowan.nguyen@examplecorp.test,Yara Larsson,2023-08-12 21:35:00,sofia.whitfield@acme-fake.test,Jordan Calder,2026-04-20 14:51:00,quinn.haddad@examplecorp.test,Jordan Blake,2025-09-29 20:09:00,,,,Y,Noah Okafor,101083,Everest Labs LLP,Other,Riley Sloan,Executive Assistant,2023-05-25,2026-07-03,Inactive - Terminated,100016,100388,100432,Marketing,100398,TAG-5053,7929,Standard,2496,652,8820,Gamma,Delta,100513,,Executive Assistant Placement,,100468,"15,263",Yes,morgan.brooks@sampleco.test,*NONE,100454,Liam Sloan,101338,Alpha,,100457,,,,,Alpha,REF-6619,REF-9065,101319,Gamma,,,,Toronto,100014,,,Alpha,100169,,,,,,,,,,101461,,Converted to Direct Hire,100173,Involuntary,100340,Y,Below,Resolved the outstanding question about scope.,,100136,Direct Hire,,,REF-7164,106511,,,Other,,,100656,
100395,Placement,106896,jordan.cohen@sampleco.test,Priya Kim,2026-01-29 18:15:00,drew.reyes@acme-fake.test,Alex Silva,2024-06-01 10:15:00,avery.silva@demomail.test,Sofia Patel,2026-02-10 11:38:00,,,,Y,Rowan Silva,101770,Silverline Partners LLP,Standard,Liam Ashby,Project Manager,2023-11-03,2026-06-15,Inactive,,100285,100652,Software Engineering,,REF-4537,4603,Other,7063,6399,5408,Standard,Gamma,100753,,Project Manager Placement,,100070,"5,140",No,avery.sloan@examplecorp.test,*NONE,100309,Chen Ivanov,101542,Alpha,,100083,"1,046",,,,Alpha,TAG-6086,,101573,Gamma,,,,Phoenix,100164,,,Standard,100285,,,,,,,,,,101123,,Budget Cut,100089,Voluntary,100715,N,,Discussed timeline and next steps with the account.,,,Placement,,,TAG-4194,106188,,,Alpha,,,100601,
100532,Placement,106898,liam.costa@demomail.test,Rahul Sloan,2025-10-02 00:19:00,sofia.mercer@examplecorp.test,Nina Whitfield,2023-07-04 17:29:00,arjun.larsson@demomail.test,Sofia Calder,2026-06-02 23:47:00,,,,Y,Marco Blake,101096,Summit Robotics,Beta,Noah Whitfield,QA Engineer,2025-05-15,,Active - Placed,100342,100044,100331,Data & Analytics,100184,TAG-5633,1837,Delta,756,8760,7051,Delta,Gamma,100285,,QA Engineer Placement,,100398,"8,672",No,emerson.kim@examplecorp.test,*NONE,,Nina Whitfield,101326,Alpha,,100111,,,,,Beta,SKU-8160,,101737,Delta,,,,Bengaluru,100548,,,Delta,100532,,,,,,,,,,100950,,,100217,Involuntary,100342,Y,Exceeded,,,100031,Placement,,,SKU-4062,105180,,,Other,,,100792,
100015,Placement,106900,aisha.mensah@sampleco.test,Mei Haddad,2024-05-07 14:20:00,noah.costa@demomail.test,Sofia Cohen,2026-04-18 03:20:00,jamie.whitfield@demomail.test,Arjun Whitfield,2024-01-29 04:23:00,,,,N,Diego Patel,101425,Cardinal Robotics Ltd,Standard,Taylor Okafor,Operations Associate,2025-01-31,2026-07-29,Inactive,100686,100272,100398,Operations,,SKU-5809,9111,Other,2698,2584,1265,Alpha,Standard,100282,,Operations Associate Placement,,100119,"8,146",No,nina.garcia@demomail.test,*NONE,,Morgan Sato,101071,Beta,,,"1,490",,"4,673",,Other,TAG-5777,REF-6219,101035,Other,1033,,,Seattle,100479,,,Delta,100314,,,,,,,,,,101124,,Performance,100542,,100676,N,,Reviewed performance and gathered feedback.,Standard,,Placement,100298,,TAG-4198,106163,,,Alpha,,,,
100554,Placement,106903,rowan.mercer@sampleco.test,Omar Reyes,2023-09-25 18:49:00,omar.patel@demomail.test,Emerson Whitfield,2022-11-24 06:00:00,noah.haddad@acme-fake.test,Marco Okafor,2025-03-21 16:45:00,,,,N,Jamie Ford,101056,Summit Foods Group,Alpha,Omar Sato,Payroll Specialist,2025-01-15,,Active - Placed,,100316,100738,Software Engineering,,LOT-7763,7517,Gamma,5870,6413,5307,Delta,Beta,100398,,Payroll Specialist Placement,,,"2,991",No,arjun.rossi@sampleco.test,*NONE,100506,Mei Reyes,101180,Alpha,,,,,"4,375",,Alpha,SKU-4429,SKU-5857,100853,Delta,,,,Dallas,100523,,,Alpha,100683,,,,,,,,,,101031,,,100322,,100129,N,Met Expectations,,,,Backfill,,,LOT-2298,106112,,,Gamma,,,100753,
100484,Placement,106906,priya.calder@examplecorp.test,Diego Ashby,2025-10-03 07:55:00,skyler.garcia@demomail.test,Emerson Nguyen,2025-12-22 07:24:00,jordan.mercer@acme-fake.test,Skyler Ashby,2025-08-11 22:27:00,,,,Y,Diego Mercer,101266,Falcon Ventures Co,,Marco Mensah,Support Specialist,2024-05-07,2026-07-26,Inactive,,100042,100591,Finance,,LOT-8601,9135,Other,3137,9135,2811,Alpha,Other,100467,,Support Specialist Placement,,,"13,286",Yes,morgan.mensah@acme-fake.test,*NONE,100539,Diego Ivanov,101401,Alpha,,,698,,,,Beta,LOT-7106,TAG-6958,101283,Standard,,,,London,100216,,,Standard,100099,,,,,,,,,,101150,,,100560,Voluntary,,,Below,Resolved the outstanding question about scope.,,100798,Placement,100141,,LOT-3666,106367,,,Gamma,,,100012,
100456,Placement,106909,omar.cohen@sampleco.test,Jamie Sato,2025-08-09 03:48:00,alex.costa@demomail.test,Skyler Sato,2023-07-23 20:50:00,avery.garcia@demomail.test,Arjun Reyes,2024-06-24 04:32:00,,,,Y,Noah Cohen,101266,Falcon Textiles,Alpha,Yara Dorsey,Customer Success Manager,2024-12-22,2026-06-24,Inactive - Terminated,100479,100421,100344,Software Engineering,,LOT-1551,8985,Standard,6283,9765,8700,Gamma,Beta,100129,,Customer Success Manager Placement,,,"6,047",No,priya.vance@examplecorp.test,*NONE,100543,Aisha Haddad,101148,Alpha,,100771,,,"1,401",,Alpha,TAG-5474,TAG-9449,101029,Standard,,,,Bengaluru,100715,,,Other,100555,,,,,,,,,,101274,,Budget Cut,100239,Voluntary,100044,N,Met Expectations,Aligned on billing and renewal terms.,,100257,Backfill,100298,,REF-7842,106114,,,Alpha,,,,
100692,Placement,106912,mei.brooks@acme-fake.test,Sofia Mercer,2026-01-25 21:56:00,elena.reyes@sampleco.test,Noah Nguyen,2025-10-28 20:08:00,avery.kim@demomail.test,Alex Calder,2026-02-11 09:40:00,,,,Y,Alex Okafor,101525,Brightpath Solutions Corp,Standard,Marco Reyes,Accountant,2024-09-04,,Active - Placed,,100332,100188,Data & Analytics,,REF-3373,9913,Other,7777,7276,1990,Alpha,Gamma,100086,,Accountant Placement,,100782,"3,385",Yes,omar.nguyen@acme-fake.test,*NONE,100588,Yara Whitfield,101645,Delta,,100017,,,,,Delta,SKU-5662,REF-6213,101107,Standard,,,,Seattle,100184,,,Gamma,100259,,,,,,,,,,101615,,,,Involuntary,100115,Y,Exceeded,,Beta,100509,Placement,,,SKU-2718,105216,,,Standard,,,100009,
100382,Placement,106915,sofia.dorsey@demomail.test,Drew Brooks,2025-03-22 06:00:00,fatima.vance@demomail.test,Drew Silva,2024-07-10 10:24:00,elena.vance@demomail.test,Jordan Whitfield,2025-01-16 03:29:00,,,,Y,Reese Ivanov,100936,Vertex Robotics LLC,Gamma,Chen Kim,Marketing Coordinator,2025-03-04,,Active - Placed,,100759,100455,Software Engineering,100066,LOT-1140,5158,Other,2626,831,2905,Gamma,Other,100620,,Marketing Coordinator Placement,,100664,"13,298",No,jordan.rossi@demomail.test,Blue Ridge Systems Corp,100709,Nina Mercer,101607,Delta,,100272,,,832,,Alpha,LOT-6591,LOT-3525,101124,Other,,,,Dallas,100588,,,Gamma,100649,,,,,,,,,,101677,,,100398,Involuntary,,,Exceeded,,,100513,Placement,,,SKU-8599,105498,,,Standard,,,100673,
100759,Placement,106917,rowan.ford@acme-fake.test,Casey Nguyen,2025-06-27 19:52:00,quinn.larsson@examplecorp.test,Sofia Patel,2023-09-04 11:05:00,noah.sloan@demomail.test,Mei Reyes,2023-02-24 23:04:00,,,,N,Priya Calder,101653,Granite Energy Corp,Delta,Avery Garcia,Marketing Coordinator,2023-09-17,,Active - Placed,,100786,100360,Software Engineering,,LOT-8988,2559,Alpha,8846,6103,870,Beta,Standard,100123,,Marketing Coordinator Placement,,100696,"11,116",Yes,marco.ashby@sampleco.test,Granite Logistics Inc,,Omar Ivanov,101631,Beta,,100329,,,"3,093",,Delta,REF-5351,LOT-4930,101655,Gamma,,,,Toronto,100598,,,Beta,100542,,,,,,,,,,101015,,,100708,Voluntary,100123,Y,,,,100030,Trial,100185,,REF-6803,106249,,,Beta,,,100376,
100568,Placement,106918,quinn.okafor@examplecorp.test,Alex Mercer,2024-03-28 23:41:00,rahul.garcia@demomail.test,Quinn Haddad,2024-09-15 21:09:00,avery.dorsey@examplecorp.test,Rahul Larsson,2024-03-19 14:15:00,,,,Y,Priya Okafor,101159,Atlas Ventures Corp,Delta,Arjun Ford,Financial Analyst,2024-10-26,2026-06-18,Inactive,100333,100661,100216,Marketing,100796,LOT-9407,8286,Gamma,910,2016,1695,Other,Delta,100479,,Financial Analyst Placement,,,"11,846",No,liam.mercer@acme-fake.test,*NONE,100645,Diego Silva,101191,Other,,100473,,,"3,854",,Beta,TAG-7232,SKU-2949,100815,Alpha,,,,Manila,100023,,,Alpha,100192,,,,,,,,,,101776,,Converted to Direct Hire,100475,,100542,N,Met Expectations,Noted a concern to revisit at the next sync.,,100538,Bench,,,LOT-5003,105499,,,Standard,,,100520,
100593,Placement,106920,yara.blake@examplecorp.test,Emerson Costa,2023-05-11 09:58:00,rowan.rossi@examplecorp.test,Riley Reyes,2026-04-05 07:27:00,diego.whitfield@acme-fake.test,Riley Costa,2023-06-05 03:36:00,,,,Y,Noah Costa,101239,Redwood Networks Corp,Gamma,Alex Reyes,Financial Analyst,2025-08-19,2026-06-19,Inactive,100301,100661,100182,Data & Analytics,,TAG-5286,2640,Gamma,7647,9744,2466,Standard,Delta,100115,,Financial Analyst Placement,,100646,"2,104",No,yara.brooks@demomail.test,*NONE,,Diego Ford,101148,Beta,Beta,100670,668,,,,Alpha,REF-5514,LOT-1815,101374,Delta,,,,Denver,100538,,,Delta,100026,,,,,,,,,,101483,,Relocation,100555,Involuntary,100164,Y,Met Expectations,Noted a concern to revisit at the next sync.,Alpha,,Trial,100760,,LOT-6773,106155,,,Other,,,,
100388,Placement,106923,liam.sato@examplecorp.test,Nina Costa,2026-01-10 00:28:00,sofia.blake@sampleco.test,Aisha Calder,2024-01-05 21:58:00,avery.mensah@sampleco.test,Drew Blake,2026-04-14 06:06:00,,,,Y,Morgan Ashby,101005,Copper Solutions Group,Other,Chen Larsson,HR Generalist,2024-07-19,2026-07-13,Inactive - Terminated,,100063,100538,Sales,100122,LOT-3587,3417,Delta,6017,3489,1189,Alpha,Standard,100344,,HR Generalist Placement,,,"4,468",No,rahul.sato@sampleco.test,*NONE,,Quinn Mensah,101014,Standard,,,,,,,Delta,REF-5480,SKU-2854,101299,Beta,,,,Atlanta,100717,,,Delta,100568,,,,,,,,,,101738,,Performance,100161,Involuntary,100200,N,Exceeded,Shared the updated proposal for review.,,100111,Bench,,,REF-3047,105775,,,Gamma,,,100126,
100479,Placement,106924,drew.ivanov@demomail.test,Drew Ivanov,2024-06-19 11:51:00,rahul.cohen@sampleco.test,Reese Ashby,2025-11-23 12:30:00,yara.kim@demomail.test,Skyler Garcia,2024-10-21 13:02:00,,,,Y,Rowan Blake,100845,Horizon Robotics Ltd,,Drew Whitfield,HR Generalist,2026-05-21,,Active - Terminated,100622,100040,100120,Finance,,LOT-2498,3144,Delta,1203,3287,1503,Delta,Standard,100014,,HR Generalist Placement,,100188,"16,871",No,riley.calder@demomail.test,Keystone Foods LLC,,Nina Rossi,101557,Other,,100568,,,,,Alpha,TAG-5436,SKU-4133,101029,Delta,,,,Austin,100106,,,Alpha,100585,,,,,,,,,,100851,,,100236,Involuntary,100535,Y,Met Expectations,,Alpha,,Bench,100597,,TAG-8351,105367,,,Delta,,,100568,
100079,Placement,106926,alex.mensah@acme-fake.test,Elena Silva,2024-02-09 09:38:00,nina.calder@demomail.test,Fatima Reyes,2023-11-30 22:05:00,jordan.whitfield@examplecorp.test,Avery Blake,2025-12-29 03:01:00,,,,N,Skyler Okafor,101535,Horizon Textiles LLC,Other,Marco Garcia,Customer Success Manager,2023-05-25,,Active - Placed,,100180,100548,Human Resources,100555,LOT-1624,6281,Gamma,5159,9805,5444,Alpha,Standard,100331,,Customer Success Manager Placement,,100023,,No,rahul.dorsey@sampleco.test,*NONE,,Skyler Costa,101269,Standard,,100104,"1,088",,,,Delta,SKU-7860,TAG-4084,101378,Gamma,8015,,,Atlanta,100759,,,Delta,100587,,,,,,,,,,100964,,,100445,,100585,Y,,,Other,,Placement,100686,,SKU-3623,106138,,,Alpha,,,100673,
100720,Placement,106929,aisha.vance@acme-fake.test,Morgan Rossi,2025-12-06 07:35:00,liam.garcia@demomail.test,Emerson Kim,2023-08-19 21:49:00,drew.mensah@examplecorp.test,Avery Sloan,2025-07-31 19:45:00,,,,Y,Omar Dorsey,101691,Pioneer Analytics Co,Alpha,Arjun Cohen,Customer Success Manager,2024-06-19,,Active - Terminated,,100699,100277,Recruiting,,LOT-6102,8031,Delta,5963,7360,1565,Standard,Other,100685,,Customer Success Manager Placement,,100734,"3,800",No,quinn.dorsey@demomail.test,*NONE,,Sofia Haddad,101505,Other,,,,,,,Other,TAG-2726,REF-4100,101356,Other,,Alpha,,Dallas,100182,,,Gamma,100426,,,,,,,,,,100937,,,100051,Involuntary,100548,N,Met Expectations,,,100076,Placement,,,LOT-2365,106273,,,Standard,,,,
100037,Placement,106930,quinn.ivanov@acme-fake.test,Rowan Mensah,2023-03-14 09:25:00,morgan.okafor@acme-fake.test,Jordan Okafor,2022-12-13 13:01:00,rowan.okafor@examplecorp.test,Sofia Blake,2022-10-28 21:50:00,,,,N,Nina Blake,101398,Harbor Labs Ltd,Delta,Rowan Patel,Recruiter,2025-05-28,2026-07-27,Inactive,100452,100474,100386,Marketing,100178,REF-7846,9759,Gamma,2899,5965,8720,Delta,Standard,100539,,Recruiter Placement,,100388,"13,831",Yes,priya.nguyen@examplecorp.test,*NONE,,Taylor Nguyen,101203,Beta,,100368,,,,,Alpha,TAG-4784,LOT-8153,101551,Alpha,,,,Denver,100796,,,Standard,100117,,,,,,,,,,101647,,Converted to Direct Hire,,,100104,Y,Below,Scheduled a check-in for the coming month.,Delta,100386,Placement,100325,,REF-9191,105744,,,Standard,,,,
100598,Placement,106932,morgan.reyes@demomail.test,Reese Ashby,2022-10-02 18:12:00,jordan.calder@examplecorp.test,Emerson Reyes,2023-12-01 08:50:00,arjun.okafor@demomail.test,Jordan Ford,2024-04-24 22:39:00,,,,N,Mei Whitfield,101653,Everest Systems LLP,Delta,Mei Brooks,Software Developer,2023-12-14,2026-06-14,Inactive - Terminated,100282,100189,100627,Marketing,,SKU-9523,1269,Standard,511,9524,8194,Delta,Alpha,100031,,Software Developer Placement,,,"2,783",No,jamie.ford@examplecorp.test,Brightpath Capital LLC,100041,Yara Blake,101178,Delta,,,,,,,Gamma,SKU-8105,REF-9963,101329,Gamma,,,,Seattle,100658,,,Delta,100336,,,,,,,,,,101350,,,100455,Involuntary,100726,Y,Exceeded,Scheduled a check-in for the coming month.,,,Placement,100704,,REF-2447,106285,,,Gamma,,,,
100741,Placement,106933,drew.reyes@sampleco.test,Omar Costa,2024-10-04 03:57:00,chen.silva@examplecorp.test,Avery Mensah,2023-04-19 07:30:00,emerson.ivanov@acme-fake.test,Avery Whitfield,2024-02-15 04:34:00,,,,N,Nina Blake,101484,Keystone Textiles Co,Delta,Riley Garcia,Executive Assistant,2025-07-15,2026-06-28,Inactive,100468,100462,100323,Data & Analytics,,REF-6632,7281,Beta,2095,8829,2403,Delta,Standard,100503,,Executive Assistant Placement,,,"11,427",Yes,drew.whitfield@acme-fake.test,*NONE,,Emerson Calder,101621,Alpha,,,,,"3,733",,Other,TAG-2381,LOT-6861,100834,Delta,,,,Toronto,100634,,,Delta,100741,,,,,,,,,,101212,,Project Ended,,,100408,N,Met Expectations,Reviewed performance and gathered feedback.,Alpha,,Bench,,,TAG-4092,106107,,,Standard,,,,
100146,Placement,106935,avery.garcia@acme-fake.test,Yara Blake,2023-02-10 19:06:00,liam.patel@demomail.test,Noah Sato,2025-12-15 01:50:00,omar.mercer@examplecorp.test,Sofia Sato,2025-11-08 11:12:00,,,,Y,Morgan Mensah,101539,Keystone Labs LLP,Beta,Reese Silva,QA Engineer,2023-05-12,,Active - Placed,100012,100037,100568,Accounting,100234,TAG-5515,1015,Standard,4861,9413,4010,Delta,Other,100803,,QA Engineer Placement,,100331,"4,088",No,jamie.okafor@demomail.test,*NONE,,Skyler Mercer,101619,Standard,,100351,,,,,Other,REF-8562,LOT-4568,100865,Delta,,,,Atlanta,100696,,,Gamma,100513,,,,,,,,,,101303,,,100462,,100139,Y,Exceeded,,Delta,100259,Placement,,,SKU-2729,106049,,,Other,,,100083,
100340,Placement,106937,skyler.haddad@demomail.test,Nina Dorsey,2025-03-09 21:36:00,priya.ashby@examplecorp.test,Rahul Haddad,2023-09-12 09:43:00,rowan.kim@demomail.test,Skyler Sloan,2025-08-09 18:07:00,,,,N,Avery Ashby,101621,Beacon Networks LLP,Alpha,Elena Rossi,Accountant,2024-08-03,,Active - Placed,100574,100356,100334,Accounting,100200,TAG-1387,3150,Gamma,3411,654,5238,Delta,Beta,100066,,Accountant Placement,,,"5,742",No,reese.larsson@examplecorp.test,Granite Networks Co,,Fatima Okafor,101556,Gamma,,100115,426,,,,Standard,SKU-8214,,101501,Standard,,,,Dallas,100415,,,Beta,100615,,,,,,,,,,100922,,,100777,Involuntary,100492,,Met Expectations,,,100314,Trial,,,LOT-5256,105635,,,Gamma,,,100449,
100726,Placement,106938,rahul.larsson@demomail.test,Alex Okafor,2023-05-17 14:51:00,aisha.patel@sampleco.test,Rahul Ford,2023-08-13 11:33:00,jamie.calder@examplecorp.test,Aisha Garcia,2025-08-09 04:08:00,,,,Y,Fatima Ashby,101623,Brightpath Retail LLC,Standard,Elena Ashby,Bookkeeper,2023-10-31,,Active - Placed,100151,100042,100485,Sales,100329,SKU-2071,5204,Other,2706,7755,6356,Standard,Alpha,100368,,Bookkeeper Placement,,100380,"10,741",Yes,rahul.vance@sampleco.test,*NONE,100280,Omar Brooks,101401,Standard,,100420,,,,,Delta,TAG-8966,TAG-9914,101295,Beta,,,,Dallas,100796,,,Gamma,100368,,,,,,,,,,101232,,,100582,,100239,Y,Met Expectations,,Other,100723,Bench,,,TAG-5121,105820,,,Gamma,,,100122,
100188,Placement,106939,liam.kim@demomail.test,Nina Whitfield,2023-07-24 05:58:00,skyler.kim@examplecorp.test,Chen Ivanov,2025-05-11 07:13:00,omar.sloan@acme-fake.test,Sofia Brooks,2024-11-12 23:38:00,,,,N,Quinn Dorsey,101318,Vertex Holdings Ltd,Gamma,Arjun Nguyen,Financial Analyst,2024-11-07,,Active - Placed,100753,100156,100073,Marketing,100432,SKU-3873,6707,Standard,440,5898,7165,Beta,Other,100290,,Financial Analyst Placement,,100322,"10,314",Yes,nina.garcia@demomail.test,Harbor Health LLP,,Skyler Sato,101764,Gamma,,,,,,,Other,TAG-1001,SKU-3655,101178,Other,,,,Bengaluru,100180,,,Delta,100213,,,,,,,,,,101692,,,100217,,,N,Below,,Beta,,Placement,,,REF-2660,105360,,,Gamma,,,100796,
100359,Placement,106942,riley.patel@examplecorp.test,Priya Vance,2025-04-02 08:21:00,taylor.okafor@examplecorp.test,Rahul Reyes,2023-01-27 19:55:00,elena.mensah@demomail.test,Chen Whitfield,2025-04-09 16:46:00,,,,N,Liam Okafor,101483,Summit Industries Group,Alpha,Sofia Sloan,Financial Analyst,2025-06-30,2026-07-04,Inactive,100800,100758,100432,Sales,,TAG-8573,2557,Alpha,232,9082,7599,Gamma,Standard,100688,,Financial Analyst Placement,,,"11,824",No,liam.patel@examplecorp.test,*NONE,100588,Marco Whitfield,101263,Standard,,100405,,,,,Alpha,SKU-4376,REF-7975,101121,Gamma,,,,Chicago,100393,,,Other,100161,,,,,,,,,,101281,,Converted to Direct Hire,100049,Voluntary,100172,N,Met Expectations,Scheduled a check-in for the coming month.,,,Bench,100395,,LOT-3948,105611,,,Alpha,,,100617,
100368,Placement,106944,sofia.ivanov@demomail.test,Rowan Costa,2026-03-31 06:12:00,yara.nguyen@sampleco.test,Rahul Dorsey,2023-02-24 18:31:00,omar.brooks@sampleco.test,Elena Dorsey,2024-08-14 19:21:00,,,,N,Reese Blake,101557,Copper Logistics LLP,,Reese Patel,Bookkeeper,2023-11-22,,Active - Placed,,100351,100316,Software Engineering,100172,TAG-6072,1004,Alpha,4811,7119,9772,Standard,Delta,100582,,Bookkeeper Placement,,100573,,No,casey.whitfield@acme-fake.test,*NONE,100328,Avery Calder,101098,Other,,100767,,,"4,144",,Delta,REF-6414,REF-8611,101215,Beta,,,,Dallas,100736,,,Standard,100712,,,,,,,,,,101051,,,100388,Involuntary,,N,Below,,,,Bench,,,LOT-2188,106500,,,Other,,,100128,
100744,Placement,106947,reese.okafor@sampleco.test,Rahul Ashby,2023-03-21 09:44:00,aisha.silva@examplecorp.test,Alex Ivanov,2026-02-09 23:31:00,rowan.calder@sampleco.test,Yara Calder,2025-08-28 06:09:00,,,,N,Omar Haddad,100845,Everest Logistics LLC,Beta,Priya Okafor,Data Analyst,2024-05-18,,Active - Terminated,,100620,100329,Sales,100129,LOT-8092,3400,Beta,1429,3573,4495,Gamma,Gamma,100786,,Data Analyst Placement,,,"17,264",Yes,casey.reyes@sampleco.test,*NONE,100291,Arjun Dorsey,101063,Gamma,,100356,,,,,Alpha,REF-4271,REF-5029,101590,Beta,,,,Manila,100685,,,Standard,100353,,,,,,,,,,101223,,,100025,,100380,Y,Exceeded,,,,Placement,100091,,LOT-5143,105701,,,Alpha,,,100285,
100704,Placement,106949,diego.calder@sampleco.test,Liam Blake,2024-03-26 20:23:00,drew.larsson@acme-fake.test,Diego Kim,2023-07-17 11:44:00,riley.larsson@sampleco.test,Omar Haddad,2024-05-03 11:24:00,,,,Y,Jordan Calder,101176,Falcon Logistics Group,Other,Quinn Brooks,QA Engineer,2024-11-14,2026-06-07,Inactive,,100511,100542,Marketing,,LOT-7859,7228,Alpha,7105,3556,1186,Other,Beta,100686,,QA Engineer Placement,,,"10,080",Yes,liam.brooks@acme-fake.test,*NONE,,Skyler Kim,101096,Alpha,,100026,,,,,Beta,SKU-5816,SKU-9035,100911,Beta,,,,Chicago,100523,,,Alpha,100708,,,,,,,,,,100873,,Project Ended,100484,,100434,N,Below,Aligned on billing and renewal terms.,,,Bench,100089,,REF-1552,105449,,,Other,,,100437,
100413,Placement,106950,rahul.brooks@examplecorp.test,Arjun Kim,2025-03-18 05:54:00,alex.mercer@acme-fake.test,Jamie Sloan,2024-01-04 20:07:00,chen.silva@acme-fake.test,Sofia Larsson,2026-01-07 22:51:00,,,,Y,Noah Ivanov,101338,Falcon Systems LLC,Gamma,Omar Patel,QA Engineer,2025-11-13,2026-07-15,Inactive,100241,100173,100628,Finance,100645,REF-7607,7871,Gamma,2501,6069,258,Delta,Gamma,100603,,QA Engineer Placement,,100574,"4,668",No,sofia.mercer@examplecorp.test,*NONE,100325,Arjun Dorsey,100890,Beta,,100345,,,,,Gamma,TAG-4658,REF-3466,101096,Alpha,,,,Denver,100470,,,Alpha,100368,,,,,,,,,,101150,,Relocation,100429,Voluntary,100208,N,Exceeded,Discussed timeline and next steps with the account.,,,Direct Hire,100042,,REF-2724,105524,,,Standard,,,,
100692,Placement,106951,yara.reyes@sampleco.test,Jordan Vance,2024-02-25 19:52:00,marco.sloan@acme-fake.test,Jordan Blake,2023-10-20 09:21:00,priya.ivanov@demomail.test,Casey Silva,2025-01-17 23:46:00,,,,Y,Elena Reyes,101400,Falcon Health LLC,Alpha,Rahul Rossi,Support Specialist,2023-10-18,2026-06-05,Inactive,100796,100676,100792,Human Resources,100543,SKU-5419,6328,Standard,9595,3099,8756,Standard,Beta,100777,,Support Specialist Placement,,100066,"11,108",Yes,taylor.nguyen@demomail.test,*NONE,100670,Skyler Sloan,100805,Other,,100272,,,"4,546",,Other,SKU-3163,SKU-4329,100974,Gamma,,,,Chicago,100746,,,Other,100475,,,,,,,,,,101455,,Project Ended,100408,,100216,N,Below,Resolved the outstanding question about scope.,,,Bench,,,TAG-3048,105679,,,Beta,,,,
100531,Placement,106953,avery.cohen@examplecorp.test,Nina Ashby,2023-06-08 04:54:00,jamie.kim@examplecorp.test,Alex Dorsey,2023-12-06 13:58:00,morgan.okafor@demomail.test,Fatima Blake,2022-10-30 00:28:00,,,,Y,Priya Dorsey,101708,Pioneer Media Corp,Beta,Omar Kim,Customer Success Manager,2026-01-06,,Active - Placed,100500,100715,100285,Accounting,,TAG-4678,2910,Standard,2635,8704,3835,Beta,Gamma,100184,,Customer Success Manager Placement,,100086,"11,739",No,emerson.blake@examplecorp.test,Silverline Industries LLC,100025,Omar Sato,101078,Gamma,,100573,,,,,Delta,LOT-3418,REF-3569,101716,Beta,,,,Seattle,100020,,,Standard,100129,,,,,,,,,,101721,,,,,100497,Y,Below,,Alpha,,Placement,,,SKU-2232,105532,,,Standard,,,100417,
100613,Placement,106956,omar.silva@sampleco.test,Reese Ivanov,2023-06-25 03:02:00,taylor.calder@examplecorp.test,Priya Silva,2023-03-07 03:13:00,arjun.rossi@acme-fake.test,Jamie Nguyen,2026-06-15 18:44:00,,,,N,Rowan Costa,100814,Northwind Textiles Ltd,Standard,Jamie Larsson,Financial Analyst,2023-05-22,2026-07-16,Inactive,,100763,100699,Marketing,,LOT-8286,9415,Delta,5260,4147,5564,Delta,Standard,100539,,Financial Analyst Placement,,100103,"6,268",No,diego.silva@acme-fake.test,*NONE,,Reese Whitfield,100860,Delta,,100617,,,"1,942",,Alpha,LOT-6260,TAG-8248,101738,Gamma,,,,Atlanta,100479,,,Alpha,100763,,,,,,,,,,100927,,Project Ended,100042,,100591,Y,Exceeded,Followed up on the open items from last week.,,100103,Placement,100360,,TAG-9586,105408,,,Beta,,,100255,
100215,Placement,106957,marco.kim@examplecorp.test,Avery Blake,2026-07-14 00:51:00,taylor.sloan@demomail.test,Skyler Reyes,2023-01-30 13:30:00,sofia.garcia@examplecorp.test,Jordan Vance,2026-07-17 15:13:00,,,,N,Morgan Ford,101083,Pioneer Logistics Ltd,Standard,Aisha Reyes,Accountant,2024-05-10,2026-07-11,Inactive,,100497,100694,Software Engineering,,SKU-3514,3872,Delta,1168,5791,3281,Delta,Gamma,100151,,Accountant Placement,,100784,"2,154",Yes,priya.rossi@sampleco.test,*NONE,,Reese Ivanov,101320,Other,,100526,,,,,Alpha,SKU-9266,,100950,Beta,,Alpha,,Bengaluru,100469,,,Beta,100462,,,,,,,,,,100990,,Budget Cut,100094,Voluntary,100702,N,,Aligned on billing and renewal terms.,Standard,,Trial,,,SKU-2964,106147,,,Other,,,100587,
100178,Placement,106960,chen.brooks@acme-fake.test,Mei Calder,2023-01-26 16:41:00,jordan.sato@acme-fake.test,Priya Kim,2026-01-10 01:21:00,jordan.ivanov@demomail.test,Jordan Mercer,2023-09-04 21:26:00,,,,Y,Emerson Ivanov,101528,Beacon Labs LLC,Gamma,Liam Patel,Executive Assistant,2026-04-29,2026-07-15,Inactive,,100281,100099,Human Resources,100164,REF-1292,7371,Beta,3639,517,3803,Alpha,Standard,100560,,Executive Assistant Placement,,100548,"14,594",Yes,casey.patel@sampleco.test,*NONE,,Liam Dorsey,100927,Beta,,,,,,,Beta,REF-8127,,101374,Other,,,,Chicago,100115,,,Beta,100333,,,,,,,,,,100826,,,100342,Voluntary,100089,N,Exceeded,Noted a concern to revisit at the next sync.,,100010,Bench,100798,,LOT-3851,105667,,,Other,,,100656,
100582,Placement,106962,drew.haddad@examplecorp.test,Rahul Okafor,2023-05-17 10:05:00,noah.cohen@acme-fake.test,Yara Blake,2024-02-05 09:50:00,taylor.haddad@sampleco.test,Chen Patel,2025-09-14 19:51:00,,,,N,Alex Cohen,101461,Falcon Media Ltd,Alpha,Rahul Silva,Financial Analyst,2026-04-04,2026-06-04,Inactive - Terminated,100313,100565,100388,Accounting,,SKU-9020,3025,Other,1277,5406,1933,Gamma,Alpha,100731,,Financial Analyst Placement,,,"13,448",Yes,nina.sato@demomail.test,Horizon Financial,100003,Diego Mercer,101470,Gamma,,,,,"4,560",,Delta,TAG-1809,REF-6256,100834,Standard,,,,Dallas,100699,,,Delta,100565,,,,,,,,,,101104,,Converted to Direct Hire,100334,Involuntary,,,Below,Scheduled a check-in for the coming month.,,,Bench,,,TAG-3383,104993,,,Delta,,,100340,
100588,Placement,106965,casey.calder@examplecorp.test,Reese Larsson,2023-10-22 01:33:00,drew.mercer@demomail.test,Avery Vance,2023-09-29 18:47:00,omar.kim@examplecorp.test,Rowan Larsson,2025-12-02 16:46:00,,,,N,Rowan Brooks,101707,Atlas Media LLC,Gamma,Casey Reyes,Operations Associate,2023-10-11,2026-07-19,Inactive - Terminated,100010,100173,100548,Human Resources,100272,TAG-8234,4904,Gamma,1943,3855,1176,Beta,Other,100031,,Operations Associate Placement,,100352,"14,829",Yes,alex.brooks@examplecorp.test,*NONE,,Aisha Brooks,101616,Delta,,,,,"3,947",,Other,REF-8945,LOT-9036,101318,Beta,,,,Denver,100073,,,Alpha,100063,,,,,,,,,,101401,,Converted to Direct Hire,100153,,100571,Y,,Shared the updated proposal for review.,,100371,Bench,100530,,LOT-6722,104908,,,Alpha,,,100323,
100285,Placement,106967,marco.calder@examplecorp.test,Liam Costa,2024-12-07 12:06:00,priya.okafor@acme-fake.test,Skyler Silva,2025-03-24 14:57:00,priya.larsson@acme-fake.test,Quinn Calder,2022-10-20 23:33:00,,,,N,Casey Brooks,101699,Delta Foods Co,Standard,Alex Whitfield,Data Analyst,2024-11-06,,Active - Placed,100389,100792,100497,Customer Support,100610,REF-6008,4685,Delta,9852,5839,9154,Other,Other,100457,,Data Analyst Placement,,100694,"13,403",No,yara.kim@acme-fake.test,*NONE,,Drew Mensah,100985,,,100056,,,"1,874",,Gamma,REF-9070,LOT-8635,101401,Other,,,,Seattle,100314,,,Gamma,100255,,,,,,,,,,101666,,,100634,Voluntary,100111,Y,Met Expectations,,Other,,Placement,,,REF-5482,105089,,,Gamma,,,100421,
100684,Placement,106969,fatima.whitfield@examplecorp.test,Morgan Cohen,2023-09-24 00:06:00,rowan.mensah@sampleco.test,Marco Brooks,2025-08-01 20:01:00,reese.nguyen@acme-fake.test,Liam Costa,2024-10-04 06:42:00,,,,Y,Diego Ashby,101191,Ironwood Analytics Inc,Alpha,Fatima Mensah,Project Manager,2025-07-01,,Active - Terminated,100686,100574,100467,Customer Support,,SKU-7843,3247,Gamma,4983,3783,8560,Delta,Beta,100309,,Project Manager Placement,,,"7,378",No,elena.sloan@acme-fake.test,*NONE,100603,Marco Dorsey,101260,Beta,,,,,"4,028",,Delta,REF-7379,REF-8986,101748,Standard,,,,Atlanta,100457,,,Standard,100388,,,,,,,,,,101104,,,100029,,100161,,Met Expectations,,,,Placement,100136,,LOT-2055,106042,,,Delta,,,100235,
100597,Placement,106972,reese.costa@acme-fake.test,Emerson Dorsey,2026-04-22 13:51:00,marco.whitfield@examplecorp.test,Jordan Calder,2024-10-09 19:27:00,elena.haddad@sampleco.test,Priya Larsson,2024-09-29 00:58:00,,,,Y,Alex Mensah,101604,Lakeside Energy Group,Beta,Morgan Ashby,Operations Associate,2025-09-20,,Active - Placed,100417,100552,100301,Operations,100573,REF-9427,3116,Standard,1875,3765,6055,Delta,Alpha,100417,,Operations Associate Placement,,,"7,203",Yes,liam.kim@demomail.test,*NONE,100241,Quinn Dorsey,101455,Alpha,,,,,,,Other,LOT-2794,SKU-2868,101303,Standard,,,,Dallas,100251,,,Beta,100617,,,,,,,,,,101631,,,100302,Involuntary,100291,Y,,,,,Bench,100424,,SKU-8498,106347,,,Alpha,,,,
100189,Placement,106974,omar.calder@sampleco.test,Riley Brooks,2025-09-09 00:18:00,rahul.cohen@demomail.test,Arjun Patel,2024-03-23 03:01:00,quinn.nguyen@demomail.test,Priya Mensah,2025-06-14 21:44:00,,,,N,Alex Reyes,101278,Horizon Robotics Group,Gamma,Jamie Ashby,Support Specialist,2024-02-26,,Active - Placed,100543,100236,100652,Customer Support,100169,LOT-6682,7653,Alpha,7193,2190,6544,Delta,Beta,100509,,Support Specialist Placement,,,,No,liam.reyes@sampleco.test,*NONE,,Diego Silva,101341,Alpha,,100685,,,"2,356",,Standard,TAG-5506,,101239,Alpha,,,,Atlanta,100531,,,Beta,100772,,,,,,,,,,101476,,,,Voluntary,100017,Y,,,,100339,Placement,,,REF-8046,105698,,,Other,,,100134,
100017,Placement,106977,elena.haddad@acme-fake.test,Chen Reyes,2023-07-22 12:57:00,aisha.rossi@acme-fake.test,Aisha Reyes,2022-10-06 01:45:00,yara.garcia@acme-fake.test,Casey Dorsey,2024-06-14 14:52:00,,,,Y,Reese Calder,101051,Northwind Foods LLP,Beta,Yara Whitfield,Operations Associate,2025-10-13,2026-06-09,Inactive - Terminated,100694,100016,100490,Data & Analytics,100041,LOT-5662,4422,Other,3227,846,8436,Delta,Delta,100554,,Operations Associate Placement,,,,No,emerson.ivanov@examplecorp.test,*NONE,,Elena Nguyen,101415,Delta,,100574,,,,,Alpha,LOT-4428,REF-2694,100930,Beta,,,,Mumbai,100293,,,Other,100408,,,,,,,,,,101446,,Converted to Direct Hire,100646,Voluntary,100239,Y,Below,Reviewed performance and gathered feedback.,,100305,Trial,100487,,REF-5557,105535,,,Other,,,,
100242,Placement,106978,diego.cohen@examplecorp.test,Chen Whitfield,2026-01-26 03:11:00,omar.ivanov@examplecorp.test,Avery Whitfield,2025-03-22 09:27:00,aisha.larsson@examplecorp.test,Taylor Blake,2023-03-28 15:43:00,,,,Y,Elena Costa,100873,Meridian Analytics Co,Other,Liam Brooks,Marketing Coordinator,2025-06-23,,Active - Placed,,100686,100467,Accounting,100285,SKU-6862,6064,Delta,9813,70,5343,Alpha,Alpha,100511,,Marketing Coordinator Placement,,100767,"9,912",Yes,omar.ivanov@examplecorp.test,*NONE,100333,Noah Reyes,100942,Standard,,100588,,,,,Alpha,SKU-9416,LOT-4856,101458,Alpha,,,,Dallas,100573,,,Gamma,100622,,,,,,,,,,101473,,,100632,Involuntary,100440,Y,Met Expectations,,,100332,Placement,,,TAG-1464,105578,,,Gamma,,,100796,
100203,Placement,106980,casey.vance@acme-fake.test,Jordan Cohen,2025-06-15 22:34:00,quinn.blake@examplecorp.test,Rahul Cohen,2024-09-12 07:53:00,casey.sato@sampleco.test,Yara Nguyen,2025-08-26 02:24:00,,,,N,Omar Reyes,101599,Ironwood Media,Delta,Morgan Whitfield,Executive Assistant,2024-01-14,2026-07-15,Inactive,100220,100340,100543,Customer Support,100208,TAG-7694,8929,Gamma,1841,5771,9611,Alpha,Beta,100634,,Executive Assistant Placement,,100029,,Yes,yara.silva@sampleco.test,Atlas Manufacturing Co,,Taylor Kim,101707,Alpha,,100582,,,,,Delta,SKU-7406,,101073,Standard,,,,Chicago,100522,,,Beta,100269,,,,,,,,,,100901,,,100110,,100717,,Met Expectations,Reviewed performance and gathered feedback.,Standard,100760,Placement,100255,,TAG-6771,105204,,,Gamma,,,100099,
100352,Placement,106981,skyler.ashby@demomail.test,Morgan Vance,2025-07-09 03:08:00,rahul.reyes@examplecorp.test,Rahul Haddad,2023-08-17 04:16:00,chen.silva@acme-fake.test,Diego Silva,2023-03-25 10:18:00,,,,Y,Fatima Nguyen,100985,Granite Holdings LLP,Alpha,Jordan Nguyen,Payroll Specialist,2025-05-13,2026-07-06,Inactive,100288,100656,100415,Human Resources,100353,LOT-9865,6547,Delta,721,4901,3876,Alpha,Other,100269,,Payroll Specialist Placement,,100255,"6,521",Yes,elena.nguyen@sampleco.test,Harbor Media Corp,100511,Priya Dorsey,100888,Beta,,100269,,,,,Other,REF-3732,REF-1233,101761,Delta,,,,Atlanta,100774,,,Delta,100457,,,,,,,,,,101184,,Relocation,100415,,100503,N,Met Expectations,Resolved the outstanding question about scope.,,100223,Placement,,,REF-1229,106316,,,Gamma,,,,
100552,Placement,106982,skyler.vance@demomail.test,Taylor Mercer,2025-03-06 03:01:00,rahul.ivanov@examplecorp.test,Reese Ford,2023-03-02 17:22:00,jamie.dorsey@examplecorp.test,Arjun Whitfield,2022-10-14 07:39:00,,,,Y,Chen Calder,101007,Granite Systems LLP,Delta,Nina Silva,Recruiter,2025-09-30,,Active - Placed,,100285,100500,Human Resources,,TAG-6713,3412,Beta,9817,393,9147,Gamma,Alpha,100429,,Recruiter Placement,,100455,,Yes,rowan.reyes@demomail.test,Keystone Manufacturing LLC,,Jamie Silva,101190,Alpha,,,,,,,Standard,REF-9300,TAG-6701,101187,Beta,,,,Manila,100122,,,Alpha,100323,,,,,,,,,,101628,,,100588,Voluntary,100417,Y,Below,,Other,100009,Trial,100314,,SKU-5984,105147,,,Alpha,,,100058,
100467,Placement,106984,rowan.ashby@demomail.test,Jamie Dorsey,2024-09-13 01:15:00,chen.sloan@demomail.test,Priya Mensah,2023-04-21 23:11:00,emerson.ford@sampleco.test,Avery Patel,2023-12-14 09:05:00,,,,Y,Quinn Kim,101755,Everest Media LLP,,Liam Kim,HR Generalist,2024-05-23,2026-07-18,Inactive - Terminated,,100405,100316,Customer Support,,SKU-8381,7548,Other,152,8049,3778,Other,Standard,100377,,HR Generalist Placement,,,"9,564",No,elena.haddad@demomail.test,*NONE,100069,Elena Vance,101689,Gamma,,100681,347,,,,Alpha,SKU-5009,TAG-1714,101336,Standard,,,,London,100014,,,Standard,100538,,,,,,,,,,101311,,Budget Cut,100498,Involuntary,100164,Y,Met Expectations,Reviewed performance and gathered feedback.,,100759,Placement,,,REF-1947,106259,,,Beta,,,100058,
100026,Placement,106985,avery.mercer@acme-fake.test,Drew Brooks,2022-12-17 08:38:00,arjun.sato@sampleco.test,Riley Patel,2025-09-18 12:10:00,skyler.sloan@examplecorp.test,Marco Whitfield,2025-08-25 08:06:00,,,,Y,Arjun Silva,101115,Delta Solutions Corp,Delta,Riley Ivanov,Executive Assistant,2023-10-16,2026-07-13,Inactive - Terminated,100481,100062,100443,Marketing,100704,SKU-5466,7148,Other,7197,8553,9123,Alpha,Delta,100591,,Executive Assistant Placement,,100075,"14,235",No,skyler.vance@sampleco.test,*NONE,,Aisha Ashby,100839,Delta,,100517,,,,,Alpha,TAG-3898,,101221,Beta,,,,Seattle,100571,,,Gamma,100203,,,,,,,,,,100950,,,100729,Voluntary,100598,,Below,Noted a concern to revisit at the next sync.,,100487,Bench,,,SKU-1211,105481,,,Alpha,,,,
100628,Placement,106986,rowan.nguyen@sampleco.test,Emerson Costa,2023-08-14 00:57:00,sofia.mensah@sampleco.test,Chen Kim,2026-06-09 04:08:00,diego.vance@examplecorp.test,Nina Sato,2025-03-16 23:15:00,,,,N,Omar Mensah,101341,Cardinal Solutions Group,Delta,Marco Ivanov,Executive Assistant,2024-12-19,,Active - Placed,100020,100530,100403,Accounting,,LOT-3064,5114,Gamma,7594,2174,4612,Delta,Gamma,100628,,Executive Assistant Placement,,,"9,569",Yes,aisha.larsson@demomail.test,*NONE,100213,Chen Whitfield,101772,Gamma,,,,,"1,829",,Standard,REF-2972,REF-7447,101209,Alpha,,,,Mumbai,100684,,,Other,100685,,,,,,,,,,101168,,,100627,Involuntary,100530,N,Below,,Delta,100408,Direct Hire,100498,,SKU-4764,105766,,,Alpha,,,100086,
100192,Placement,106989,mei.patel@sampleco.test,Marco Cohen,2023-11-15 15:04:00,emerson.dorsey@examplecorp.test,Noah Reyes,2023-04-04 04:47:00,riley.dorsey@examplecorp.test,Taylor Silva,2024-12-02 16:58:00,,,,Y,Elena Ashby,101615,Copper Group Ltd,Delta,Riley Ashby,Operations Associate,2024-07-21,,Active - Placed,,100101,100332,Finance,100479,SKU-4182,3882,Delta,5665,9791,4636,Standard,Standard,100576,,Operations Associate Placement,,100239,"16,468",No,sofia.nguyen@sampleco.test,*NONE,100417,Sofia Sloan,100879,Delta,,100685,"1,315",,,,Other,SKU-5902,REF-6673,101439,Beta,,,,Phoenix,100601,,,Delta,100295,,,,,,,,,,100979,,,100395,Involuntary,100800,,Below,,,,Placement,,,LOT-2203,105965,,,Delta,,,,
100111,Placement,106990,marco.brooks@examplecorp.test,Liam Patel,2024-10-30 22:10:00,morgan.cohen@acme-fake.test,Diego Kim,2024-05-31 06:48:00,fatima.sato@demomail.test,Omar Haddad,2024-09-06 18:19:00,,,,Y,Taylor Larsson,100962,Harbor Manufacturing Ltd,Delta,Diego Nguyen,Marketing Coordinator,2026-01-24,,Active - Placed,100262,100479,100015,Operations,,REF-6941,8193,Alpha,7882,7598,1935,Delta,Alpha,100573,,Marketing Coordinator Placement,,,,No,aisha.silva@acme-fake.test,Granite Solutions Inc,100186,Omar Kim,101327,Standard,,,,,,,Other,LOT-5031,,101752,Alpha,,,,Phoenix,100234,,,Alpha,100497,,,,,,,,,,101528,,,100780,,100291,N,,,,,Placement,,,SKU-9202,106247,,,Other,,,,
100473,Placement,106991,drew.haddad@demomail.test,Fatima Haddad,2024-03-13 03:27:00,omar.ivanov@acme-fake.test,Diego Kim,2025-06-24 02:50:00,riley.ashby@acme-fake.test,Marco Vance,2024-11-06 05:01:00,,,,Y,Casey Ivanov,101647,Silverline Partners,Gamma,Riley Ashby,Data Analyst,2024-09-24,2026-06-29,Inactive - Terminated,100546,100641,100046,Accounting,,LOT-9534,3810,Beta,6026,5343,1955,Alpha,Beta,100692,,Data Analyst Placement,,100076,"4,487",Yes,yara.reyes@examplecorp.test,Delta Holdings,,Skyler Haddad,101578,Beta,,,,,"4,289",,Standard,TAG-4304,,100832,Alpha,,,,Denver,100360,,,Gamma,100069,,,,,,,,,,100883,,Relocation,100522,,100008,Y,Below,Noted a concern to revisit at the next sync.,Alpha,100119,Bench,,,TAG-1027,106205,,,Other,,,100753,
100106,Placement,106994,nina.sato@sampleco.test,Fatima Brooks,2024-04-07 06:30:00,rowan.cohen@demomail.test,Marco Brooks,2025-07-17 14:21:00,yara.larsson@examplecorp.test,Chen Sloan,2024-10-30 14:47:00,,,,N,Avery Costa,101306,Keystone Labs LLP,Gamma,Liam Ivanov,Operations Associate,2024-11-20,2026-06-22,Inactive,100688,100012,100516,Accounting,,LOT-9877,8896,Other,2586,9974,9509,Beta,Gamma,100452,,Operations Associate Placement,,100616,"17,726",No,rahul.reyes@acme-fake.test,*NONE,100115,Rahul Okafor,101748,,,100642,,,,,Gamma,TAG-7279,,101486,Delta,,,,Mumbai,100792,,,Delta,100759,,,,,,,,,,100865,,Project Ended,100197,Involuntary,100069,Y,Exceeded,Followed up on the open items from last week.,Beta,100563,Placement,100772,,SKU-5725,106546,,,Standard,,,100440,
100286,Placement,106997,diego.nguyen@acme-fake.test,Quinn Brooks,2024-10-18 03:29:00,sofia.brooks@demomail.test,Jamie Whitfield,2024-10-27 23:37:00,rowan.vance@examplecorp.test,Quinn Sloan,2025-10-20 01:13:00,,,,Y,Priya Ashby,101290,Ironwood Solutions Corp,Other,Mei Patel,Financial Analyst,2025-11-26,2026-07-02,Inactive,100151,100171,100690,Accounting,100151,TAG-3346,4137,Other,7945,8191,786,Standard,Delta,100049,,Financial Analyst Placement,,,"4,951",Yes,jamie.ashby@demomail.test,*NONE,100705,Mei Cohen,101004,Beta,,100569,,,"3,850",,Standard,REF-6686,,101266,Beta,,,,Bengaluru,100455,,,Standard,100585,,,,,,,,,,100997,,Performance,,Voluntary,100171,,Below,Shared the updated proposal for review.,Other,100391,Backfill,100356,,LOT-4081,105931,,,Gamma,,,100107,
100164,Placement,107000,rahul.rossi@sampleco.test,Diego Nguyen,2023-07-10 17:24:00,drew.larsson@acme-fake.test,Quinn Larsson,2025-01-29 12:04:00,aisha.vance@acme-fake.test,Morgan Ivanov,2026-06-16 08:32:00,,,,Y,Taylor Vance,101141,Everest Ventures LLP,Gamma,Aisha Ford,Recruiter,2023-10-10,2026-07-17,Inactive - Terminated,100325,100587,100091,Marketing,100591,REF-4121,214,Gamma,4905,3060,5894,Beta,Gamma,100173,,Recruiter Placement,,100142,"14,456",No,rowan.ford@examplecorp.test,*NONE,,Alex Larsson,101613,Other,,100336,720,,,,Gamma,LOT-8409,REF-1368,101365,Gamma,,Beta,,Seattle,100200,,,Beta,100610,,,,,,,,,,101274,,Converted to Direct Hire,100056,Voluntary,100767,N,Exceeded,Resolved the outstanding question about scope.,,100690,Bench,,,SKU-4135,106348,,,Alpha,,,,
100111,Placement,107002,casey.vance@demomail.test,Jordan Sato,2024-10-16 08:00:00,aisha.calder@demomail.test,Morgan Okafor,2025-01-31 17:13:00,fatima.calder@acme-fake.test,Avery Garcia,2025-02-02 11:53:00,,,,N,Elena Whitfield,101215,Lakeside Health Inc,,Yara Ivanov,Accountant,2025-03-28,2026-07-20,Inactive,100248,100262,100286,Customer Support,,TAG-9479,8499,Standard,6493,4448,3843,Beta,Gamma,100587,,Accountant Placement,,100371,"14,920",Yes,jamie.costa@examplecorp.test,*NONE,,Emerson Sloan,101394,Beta,,100574,,,,,Alpha,SKU-2235,REF-7167,101010,Gamma,,,,Austin,100301,,,Other,100486,,,,,,,,,,101708,,Relocation,100388,,100485,N,Exceeded,Discussed timeline and next steps with the account.,,100389,Placement,,,REF-6483,105447,,,Gamma,,,100336,
100628,Placement,107005,drew.okafor@demomail.test,Riley Vance,2022-11-08 11:08:00,riley.dorsey@sampleco.test,Chen Brooks,2023-09-25 01:17:00,omar.larsson@sampleco.test,Alex Sloan,2024-07-14 21:32:00,,,,N,Liam Mercer,100808,Granite Analytics,Gamma,Arjun Brooks,Financial Analyst,2024-06-15,,Active - Placed,100413,100323,100415,Recruiting,,REF-6839,928,Alpha,7860,9671,9566,Gamma,Standard,100456,,Financial Analyst Placement,,,"13,950",Yes,casey.whitfield@sampleco.test,Blue Ridge Retail Co,,Diego Mensah,100987,Standard,,,,,"2,961",,Other,LOT-4040,,101106,Beta,,,,Seattle,100782,,,Delta,100293,,,,,,,,,,100937,,,100729,Voluntary,100016,Y,Met Expectations,,Alpha,100238,Placement,,,REF-7612,105418,,,Delta,,,,
100464,Placement,107007,marco.calder@acme-fake.test,Aisha Kim,2026-01-31 13:56:00,taylor.ashby@demomail.test,Quinn Reyes,2025-11-17 00:39:00,diego.cohen@acme-fake.test,Morgan Larsson,2025-07-03 22:47:00,,,,Y,Jamie Sloan,101556,Falcon Analytics LLP,Gamma,Casey Rossi,Data Analyst,2024-12-27,,Active - Placed,100574,100468,100565,Accounting,100686,LOT-3455,5428,Delta,6658,7801,6690,Gamma,Standard,100610,,Data Analyst Placement,,100546,"14,546",No,yara.mercer@examplecorp.test,*NONE,100720,Elena Whitfield,101417,Beta,,100746,,,"1,281",,Beta,TAG-8804,,101406,Standard,,,,Phoenix,100597,,,Gamma,100664,,,,,,,,,,101014,,,,,100243,Y,Below,,,100622,Placement,100601,,LOT-2718,106587,,,Beta,,,100236,
100329,Placement,107008,liam.mercer@acme-fake.test,Rahul Blake,2023-02-03 08:44:00,jamie.haddad@acme-fake.test,Liam Nguyen,2025-01-16 04:51:00,rahul.mercer@demomail.test,Nina Whitfield,2024-09-10 03:08:00,,,,N,Liam Reyes,101041,Evergreen Partners Corp,Beta,Marco Mercer,Financial Analyst,2025-03-07,,Active - Placed,,100709,100696,Recruiting,,LOT-2772,3103,Other,1299,2910,2876,Delta,Standard,100060,,Financial Analyst Placement,,,"15,607",Yes,rahul.okafor@acme-fake.test,*NONE,100128,Sofia Reyes,101639,Gamma,,100731,,,"1,447",,Delta,LOT-7898,LOT-7491,101470,Delta,,,,Mumbai,100526,,,Other,100185,,,,,,,,,,101013,,,100789,Involuntary,100656,Y,Exceeded,,,100722,Direct Hire,100571,,REF-5106,105049,,,Other,,,,
100456,Placement,107009,taylor.ivanov@acme-fake.test,Chen Silva,2025-02-02 13:07:00,skyler.ashby@sampleco.test,Morgan Mercer,2025-02-06 22:51:00,avery.haddad@examplecorp.test,Rowan Garcia,2024-02-03 19:27:00,,,,N,Yara Brooks,101741,Granite Manufacturing Ltd,Other,Reese Ford,Project Manager,2023-05-02,,Active - Placed,100053,100708,100051,Accounting,,TAG-7854,2300,Standard,6948,328,7860,Beta,Alpha,100240,,Project Manager Placement,,,"1,971",No,diego.whitfield@demomail.test,*NONE,100631,Rowan Nguyen,101207,Alpha,,,,,"1,010",,Other,TAG-5451,LOT-6161,101010,Beta,,,,Dallas,100731,,,Beta,100715,,,,,,,,,,101176,,,100042,Voluntary,100649,Y,,,Delta,,Bench,100184,,REF-7693,104863,,,Gamma,,,,
100359,Placement,107011,sofia.garcia@sampleco.test,Liam Garcia,2023-05-12 18:22:00,omar.patel@examplecorp.test,Drew Dorsey,2023-06-05 05:38:00,quinn.ivanov@examplecorp.test,Omar Calder,2024-11-01 11:55:00,,,,Y,Elena Calder,101116,Keystone Robotics Inc,Alpha,Chen Sato,Bookkeeper,2024-02-15,,Active - Placed,,100165,100119,Operations,100290,REF-1417,4789,Standard,4845,8036,8351,Standard,Other,100281,,Bookkeeper Placement,,100424,"1,882",Yes,taylor.garcia@demomail.test,Vertex Media,100405,Avery Haddad,100842,Beta,,100661,,,,,Beta,REF-8976,TAG-7386,101293,Delta,,,,Seattle,100132,,,Delta,100041,,,,,,,,,,101525,,,100110,Involuntary,100195,,Exceeded,,Delta,100576,Bench,100774,,REF-5367,106595,,,Gamma,,,,
100351,Placement,107014,casey.reyes@demomail.test,Marco Ford,2023-01-07 11:24:00,quinn.silva@demomail.test,Jordan Reyes,2023-12-02 12:38:00,alex.larsson@demomail.test,Morgan Mensah,2025-12-28 04:42:00,,,,N,Taylor Patel,101617,Delta Labs Inc,Standard,Avery Mensah,Software Developer,2025-09-21,,Active - Placed,,100736,100765,Customer Support,,TAG-9635,5108,Other,9769,3565,1078,Delta,Other,100090,,Software Developer Placement,,100356,"7,808",No,alex.reyes@demomail.test,*NONE,100593,Arjun Nguyen,101044,Gamma,,,,,"3,265",,Gamma,TAG-7097,,101555,Other,,,,Atlanta,100111,,,Other,100485,,,,,,,,,,101178,,,100340,Involuntary,100563,N,,,Standard,,Placement,100684,,REF-7416,106572,,,Alpha,,,,
100688,Placement,107016,yara.dorsey@demomail.test,Omar Brooks,2024-08-27 16:04:00,drew.vance@sampleco.test,Sofia Mercer,2025-07-14 08:54:00,aisha.ford@sampleco.test,Avery Mensah,2024-08-31 01:00:00,,,,Y,Aisha Dorsey,101612,Beacon Holdings Inc,,Taylor Ivanov,Customer Success Manager,2026-01-13,,Active - Placed,,100046,100688,Customer Support,,TAG-2832,4081,Alpha,4298,2380,746,Delta,Standard,100308,,Customer Success Manager Placement,,100351,"8,226",No,avery.sato@examplecorp.test,*NONE,100331,Yara Haddad,100851,Standard,,,,,"3,343",,Other,LOT-5529,LOT-4090,101093,Other,,,,Toronto,100741,,,Alpha,100696,,,,,,,,,,101209,,,100363,Voluntary,100598,Y,Exceeded,,Standard,100468,Bench,100241,,SKU-9908,105214,,,Other,,,100158,
100720,Placement,107017,nina.reyes@sampleco.test,Elena Costa,2024-03-25 16:10:00,aisha.ivanov@examplecorp.test,Aisha Cohen,2023-06-22 09:11:00,morgan.sato@examplecorp.test,Taylor Mercer,2026-05-25 09:44:00,,,,Y,Morgan Vance,101372,Lakeside Solutions Ltd,Beta,Aisha Rossi,Marketing Coordinator,2024-12-30,2026-06-30,Inactive - Terminated,100348,100652,100782,Finance,100075,LOT-5175,7828,Beta,8309,1923,1514,Delta,Alpha,100386,,Marketing Coordinator Placement,,,"9,685",No,jamie.larsson@acme-fake.test,*NONE,100646,Noah Ashby,100843,Alpha,,100749,,,,,Standard,TAG-1902,REF-5628,101498,Gamma,,,,Atlanta,100632,,,Other,100113,,,,,,,,,,101702,,,100603,,100625,Y,,Reviewed performance and gathered feedback.,,100509,Bench,100767,,SKU-7852,104981,,,Other,,,,
100694,Placement,107019,jamie.mercer@sampleco.test,Priya Okafor,2024-01-08 00:22:00,riley.silva@demomail.test,Skyler Costa,2024-04-30 19:42:00,riley.costa@acme-fake.test,Drew Larsson,2025-03-02 12:12:00,,,,Y,Skyler Ashby,101449,Pioneer Holdings LLC,Other,Marco Blake,Financial Analyst,2024-07-08,,Active - Placed,100148,100308,100473,Data & Analytics,,TAG-3095,5947,Other,4066,5994,4299,Gamma,Standard,100142,,Financial Analyst Placement,,,"10,395",Yes,diego.rossi@acme-fake.test,Delta Networks Corp,,Noah Sloan,101051,Standard,,100705,,,,,Delta,REF-6807,LOT-5609,100936,Delta,,,,Denver,100709,,,Gamma,100030,,,,,,,,,,101426,,,100232,Involuntary,100192,N,Exceeded,,,100395,Bench,100136,,REF-2086,105357,,,Standard,,,100784,
100216,Placement,107020,alex.cohen@examplecorp.test,Fatima Ivanov,2023-04-01 13:42:00,yara.sato@acme-fake.test,Taylor Sato,2023-01-29 00:36:00,nina.rossi@sampleco.test,Elena Kim,2025-02-10 13:21:00,,,,Y,Rahul Haddad,101010,Redwood Holdings Co,,Marco Calder,Customer Success Manager,2025-08-14,,Active - Placed,100516,100772,100539,Sales,,LOT-9048,4682,Beta,3032,6714,732,Beta,Alpha,100645,,Customer Success Manager Placement,,100415,"14,719",Yes,quinn.sato@demomail.test,*NONE,,Alex Ford,101168,Standard,,,,,,,Delta,SKU-5592,REF-1487,101485,Gamma,,,,Seattle,100694,,,Standard,100229,,,,,,,,,,101384,,,100792,Voluntary,100245,Y,Below,,,,Bench,100212,,LOT-4782,106278,,,Gamma,,,100552,
100792,Placement,107022,taylor.kim@sampleco.test,Rahul Whitfield,2023-08-18 10:13:00,diego.kim@acme-fake.test,Avery Vance,2024-01-14 12:25:00,emerson.mensah@sampleco.test,Aisha Ashby,2024-03-02 12:34:00,,,,Y,Casey Vance,101458,Evergreen Retail Group,Standard,Mei Cohen,QA Engineer,2024-12-08,2026-06-16,Inactive - Terminated,100363,100688,100080,Sales,100106,SKU-7991,5707,Gamma,7259,7058,3480,Beta,Alpha,100176,,QA Engineer Placement,,100405,"4,835",Yes,jamie.haddad@acme-fake.test,Everest Ventures Ltd,100146,Casey Okafor,101154,Delta,,100169,"1,617",,,,Alpha,LOT-1357,SKU-1033,101238,Beta,,Beta,,Toronto,100615,,,Gamma,100696,,,,,,,,,,101153,,Relocation,,Voluntary,100005,N,Exceeded,Followed up on the open items from last week.,,100652,Placement,100328,,LOT-5947,105526,,,Beta,,,100269,
100449,Placement,107023,casey.mercer@demomail.test,Sofia Brooks,2024-09-23 19:49:00,rahul.reyes@acme-fake.test,Priya Brooks,2024-05-17 15:44:00,liam.whitfield@demomail.test,Arjun Costa,2023-08-21 08:22:00,,,,N,Arjun Garcia,101480,Copper Group LLP,Standard,Alex Whitfield,HR Generalist,2025-04-28,2026-06-20,Inactive - Terminated,,100255,100216,Customer Support,100153,TAG-4308,3623,Delta,6118,1988,6938,Delta,Beta,100223,,HR Generalist Placement,,,"12,838",No,drew.vance@acme-fake.test,Northwind Analytics LLP,100582,Riley Whitfield,101378,Alpha,,100178,,,"4,063",,Gamma,SKU-6324,REF-8054,100851,Other,,,,Atlanta,100099,,,Alpha,100388,,,,,,,,,,100845,,Unmet Expectations,100573,Voluntary,100153,Y,Below,Scheduled a check-in for the coming month.,Delta,100051,Trial,100148,,REF-2779,105864,,,Beta,,,100161,
100046,Placement,107026,reese.haddad@acme-fake.test,Quinn Brooks,2024-09-02 16:03:00,sofia.ivanov@demomail.test,Rahul Cohen,2024-03-13 13:45:00,yara.okafor@demomail.test,Drew Rossi,2026-06-17 15:17:00,,,,Y,Diego Ivanov,101191,Horizon Holdings Ltd,Beta,Rowan Dorsey,Data Analyst,2024-05-29,,Active - Placed,100345,100464,100063,Recruiting,100368,REF-2630,9942,Beta,878,3542,1223,Alpha,Gamma,100591,,Data Analyst Placement,,100516,"11,364",No,morgan.whitfield@acme-fake.test,*NONE,100649,Elena Calder,101696,Standard,,100288,,,,,Standard,TAG-9861,,101106,Standard,,,,Bengaluru,100405,,,Gamma,100506,,,,,,,,,,101531,,,100415,,100475,Y,,,,100474,Bench,,,LOT-9339,105159,,,Gamma,,,,
100192,Placement,107029,morgan.ford@examplecorp.test,Avery Okafor,2023-05-23 11:43:00,emerson.ford@sampleco.test,Liam Patel,2024-02-16 15:46:00,nina.costa@sampleco.test,Quinn Mercer,2023-12-01 07:22:00,,,,Y,Casey Mercer,101251,Horizon Foods Inc,,Noah Mercer,Project Manager,2024-05-23,,Active - Placed,100037,100503,100117,Sales,100523,LOT-7336,224,Delta,8325,2911,2138,Standard,Beta,100212,,Project Manager Placement,,100169,"8,683",No,arjun.garcia@sampleco.test,*NONE,100759,Casey Ivanov,101439,Beta,,,,,,,Delta,REF-9204,SKU-7653,100882,Delta,,,,Chicago,100694,,,Other,100637,,,,,,,,,,101483,,,100200,Voluntary,100798,N,Below,,,,Placement,100413,,SKU-4802,104925,,,Other,,,100003,
100420,Placement,107032,rahul.nguyen@sampleco.test,Elena Mercer,2024-09-17 03:14:00,omar.costa@acme-fake.test,Marco Blake,2024-10-16 10:57:00,casey.ivanov@sampleco.test,Nina Ashby,2023-01-13 02:34:00,,,,N,Emerson Reyes,101758,Vertex Retail Ltd,Other,Jordan Vance,Executive Assistant,2025-02-06,2026-07-13,Inactive,100429,100343,100395,Data & Analytics,100771,TAG-5710,2430,Beta,9485,6061,2587,Beta,Alpha,100486,,Executive Assistant Placement,,100223,"4,791",Yes,quinn.nguyen@acme-fake.test,*NONE,100340,Avery Garcia,101115,Beta,,,"1,953",,"2,446",,Delta,LOT-1688,,101365,Gamma,,,,Dallas,100624,,,Standard,100735,,,,,,,,,,101770,,Relocation,100771,,100506,Y,,Reviewed performance and gathered feedback.,Standard,100245,Placement,,,REF-7626,106496,,,Standard,,,100686,
100763,Placement,107035,riley.garcia@sampleco.test,Liam Ashby,2025-02-13 02:44:00,arjun.silva@examplecorp.test,Priya Sloan,2022-10-27 17:20:00,aisha.vance@acme-fake.test,Avery Reyes,2023-09-14 05:40:00,,,,Y,Elena Haddad,101506,Atlas Industries LLP,,Taylor Patel,Support Specialist,2025-12-05,,Active - Placed,100169,100014,100485,Finance,,SKU-2779,1092,Other,8871,8117,1210,Delta,Beta,100538,,Support Specialist Placement,,100351,"4,864",No,morgan.sato@demomail.test,*NONE,100755,Skyler Rossi,101161,Alpha,,100688,,,,,Delta,REF-1300,LOT-9074,101203,Alpha,,,,Denver,100316,,,Beta,100356,,,,,,,,,,101738,,,,Involuntary,100356,Y,Met Expectations,,,100113,Placement,100197,,REF-7643,106382,,,Other,,,,
100141,Placement,107037,noah.rossi@acme-fake.test,Yara Nguyen,2023-04-21 04:03:00,yara.cohen@demomail.test,Emerson Reyes,2023-02-24 19:45:00,priya.reyes@sampleco.test,Reese Ford,2026-05-24 01:31:00,,,,N,Morgan Brooks,101439,Redwood Labs Corp,,Alex Ford,Executive Assistant,2025-12-23,,Active - Placed,,100685,100656,Software Engineering,,TAG-4341,4946,Delta,160,9345,6626,Gamma,Gamma,100049,,Executive Assistant Placement,,100360,"9,404",No,marco.reyes@acme-fake.test,Northwind Health Group,100020,Arjun Costa,101266,Other,,,,,,,Standard,SKU-2198,REF-4628,101168,Beta,,,,Manila,100503,,,Standard,100188,,,,,,,,,,101312,,,100410,,100086,N,Below,,,100588,Placement,100161,,LOT-7695,105662,,,Standard,,,100291,
100340,Placement,107040,jordan.mercer@sampleco.test,Sofia Larsson,2025-06-20 15:21:00,omar.mercer@acme-fake.test,Marco Haddad,2024-11-21 14:25:00,skyler.brooks@examplecorp.test,Yara Nguyen,2022-11-08 11:03:00,,,,Y,Taylor Blake,100871,Redwood Capital LLP,Gamma,Mei Brooks,Data Analyst,2024-09-28,2026-07-14,Inactive,,100421,100645,Software Engineering,,LOT-9346,503,Delta,8532,4404,9963,Gamma,Other,100708,,Data Analyst Placement,,,"15,795",No,yara.whitfield@examplecorp.test,Falcon Health Inc,,Taylor Vance,101288,Other,,,,,"3,183",,Delta,,LOT-6711,101045,Delta,,,,Mumbai,100596,,,Beta,100516,,,,,,,,,,101121,,Relocation,100128,Voluntary,100780,N,Below,Scheduled a check-in for the coming month.,Standard,100339,Trial,100616,,REF-2481,106042,,,Beta,,,100429,
100285,Placement,107043,quinn.ashby@sampleco.test,Avery Nguyen,2022-11-25 20:11:00,marco.okafor@sampleco.test,Liam Sloan,2024-12-28 06:54:00,liam.haddad@sampleco.test,Avery Haddad,2024-10-10 02:30:00,,,,N,Casey Silva,101178,Silverline Analytics,,Fatima Dorsey,Data Analyst,2024-08-05,,Active - Placed,,100546,100532,Recruiting,,TAG-6879,2843,Delta,8725,8548,3747,Beta,Delta,100485,,Data Analyst Placement,,100029,"3,529",Yes,emerson.larsson@acme-fake.test,Everest Dynamics Corp,100212,Omar Costa,101275,Other,,100685,,,,,Standard,LOT-9548,LOT-9680,101633,Delta,,,,Phoenix,100683,,,Gamma,100530,,,,,,,,,,101236,,,,Involuntary,,Y,,,Delta,,Placement,100332,,REF-4324,105378,,,Delta,,,100336,
100642,Placement,107044,omar.rossi@sampleco.test,Noah Ashby,2022-10-09 01:58:00,elena.patel@examplecorp.test,Jordan Whitfield,2025-01-31 15:42:00,jamie.ford@demomail.test,Skyler Rossi,2026-01-16 15:10:00,,,,Y,Riley Whitfield,100914,Meridian Labs Corp,Gamma,Jamie Sloan,Payroll Specialist,2024-06-05,2026-06-17,Inactive - Terminated,100031,100686,100363,Recruiting,100585,LOT-2278,4613,Alpha,2854,5286,701,Delta,Beta,100664,,Payroll Specialist Placement,,100288,"3,631",Yes,casey.whitfield@sampleco.test,*NONE,,Casey Calder,101633,Beta,,100596,,,,,Other,REF-5066,REF-6033,101359,Beta,,,,Toronto,100445,,,Alpha,100302,,,,,,,,,,100962,,Performance,100053,Voluntary,100017,Y,Met Expectations,Aligned on billing and renewal terms.,,100516,Placement,,,SKU-5802,106450,,,Delta,,,,
100235,Placement,107045,noah.larsson@examplecorp.test,Jamie Ashby,2025-06-03 18:35:00,yara.silva@examplecorp.test,Morgan Cohen,2024-06-01 16:06:00,diego.blake@demomail.test,Rahul Vance,2024-02-26 12:11:00,,,,Y,Morgan Patel,101073,Blue Ridge Analytics LLC,Delta,Elena Mensah,Financial Analyst,2024-07-22,2026-06-05,Inactive - Terminated,,100767,100139,Sales,100334,LOT-1692,10,Standard,2168,822,2048,Beta,Alpha,100579,,Financial Analyst Placement,,,"15,631",Yes,diego.rossi@demomail.test,*NONE,,Rahul Ashby,101085,,,100158,"1,800",,"4,889",,Delta,TAG-8173,SKU-2479,101626,Delta,,,,Manila,100111,,,Beta,100445,,,,,,,,,,100829,,Budget Cut,100063,,100172,N,Below,Followed up on the open items from last week.,,100681,Bench,100696,,LOT-2421,106594,,,Standard,,,100083,
100069,Placement,107048,jamie.dorsey@acme-fake.test,Arjun Patel,2024-04-16 07:05:00,casey.ashby@acme-fake.test,Fatima Okafor,2024-06-19 04:54:00,priya.costa@examplecorp.test,Sofia Dorsey,2025-12-02 19:17:00,,,,Y,Noah Costa,101645,Meridian Holdings Ltd,Alpha,Drew Whitfield,QA Engineer,2023-06-13,,Active - Terminated,100063,100631,100615,Data & Analytics,100765,TAG-8831,8323,Alpha,7159,1832,3083,Gamma,Delta,100393,,QA Engineer Placement,,100020,"7,493",Yes,quinn.okafor@demomail.test,Brightpath Group Group,,Morgan Ashby,101677,Beta,,100632,,,"1,484",,Delta,TAG-2191,REF-6126,101609,Alpha,,,,Phoenix,100576,,,Standard,100148,,,,,,,,,,101089,,,100554,Voluntary,100374,Y,Below,,Delta,100777,Bench,,,REF-7885,105727,,,Other,,,100398,
100285,Placement,107049,aisha.reyes@sampleco.test,Emerson Reyes,2024-07-10 11:33:00,noah.okafor@examplecorp.test,Jamie Ford,2025-02-23 05:35:00,skyler.patel@sampleco.test,Rahul Larsson,2025-01-06 05:50:00,,,,Y,Casey Ivanov,100870,Falcon Energy Corp,Beta,Noah Haddad,Operations Associate,2025-12-05,2026-06-07,Inactive - Terminated,100658,100405,100449,Human Resources,100673,REF-9987,7814,Beta,9414,2526,5879,Gamma,Delta,100554,,Operations Associate Placement,,,,No,skyler.patel@sampleco.test,*NONE,,Noah Dorsey,101010,Standard,,100351,,,"4,076",,Alpha,REF-3245,SKU-9482,100855,Other,,,,Dallas,100058,,,Standard,100569,,,,,,,,,,101403,,Converted to Direct Hire,100445,Voluntary,100565,Y,,Noted a concern to revisit at the next sync.,,100359,Placement,,,REF-6347,105219,,,Standard,,,,
100625,Placement,107051,diego.blake@acme-fake.test,Fatima Haddad,2023-12-01 07:13:00,yara.vance@demomail.test,Jordan Ashby,2026-07-01 02:17:00,reese.nguyen@demomail.test,Jordan Ashby,2025-10-18 09:06:00,,,,Y,Marco Okafor,101247,Evergreen Ventures Ltd,Gamma,Rowan Rossi,Financial Analyst,2025-02-08,2026-07-21,Inactive,,100302,100496,Finance,100041,SKU-9074,7207,Delta,564,550,3439,Alpha,Standard,100313,,Financial Analyst Placement,,100197,"2,719",No,mei.garcia@acme-fake.test,*NONE,100477,Chen Sato,101487,Alpha,,,,,,,Beta,REF-5801,TAG-4015,101545,Other,,,,Manila,100777,,,Beta,100254,,,,,,,,,,101086,,Project Ended,100492,,100628,Y,Below,Scheduled a check-in for the coming month.,Gamma,100604,Backfill,100117,,LOT-9015,105469,,,Standard,,,100008,
100146,Placement,107054,casey.dorsey@acme-fake.test,Mei Ashby,2024-08-29 07:14:00,sofia.kim@demomail.test,Casey Mercer,2024-11-24 02:19:00,priya.cohen@examplecorp.test,Riley Ivanov,2023-10-20 20:07:00,,,,Y,Rahul Ivanov,100857,Vertex Capital Ltd,,Morgan Silva,Support Specialist,2026-05-05,,Active - Placed,100031,100467,100542,Software Engineering,100177,REF-6590,6916,Beta,7475,8009,6358,Standard,Alpha,100467,,Support Specialist Placement,,100664,"11,672",Yes,avery.ford@acme-fake.test,*NONE,100560,Rahul Mensah,101721,Gamma,,100177,,,,,Delta,REF-1183,,101659,Standard,,,,Toronto,100699,,,Delta,100613,,,,,,,,,,101014,,,,Involuntary,100726,N,Met Expectations,,,,Bench,100245,,REF-4642,105872,,,Alpha,,,,
100656,Placement,107057,reese.nguyen@acme-fake.test,Arjun Sloan,2026-05-11 17:06:00,omar.brooks@sampleco.test,Aisha Sato,2026-02-19 05:03:00,jamie.larsson@acme-fake.test,Diego Brooks,2023-04-05 15:56:00,,,,N,Rowan Kim,101758,Copper Solutions Inc,Delta,Liam Blake,Software Developer,2025-10-03,,Active - Placed,100565,100049,100555,Finance,100371,LOT-4335,4066,Standard,1571,8919,6462,Beta,Beta,100368,,Software Developer Placement,,,"13,640",No,fatima.larsson@sampleco.test,*NONE,100168,Taylor Mercer,101223,Beta,,,,,"4,797",,Alpha,TAG-6190,REF-2426,101563,Standard,,,,Austin,100421,,,Other,100742,,,,,,,,,,101628,,,100235,Voluntary,100685,,Exceeded,,,100452,Placement,100731,,LOT-7421,105357,,,Delta,,,100195,
100334,Placement,107058,sofia.calder@demomail.test,Taylor Calder,2026-07-05 22:19:00,skyler.costa@acme-fake.test,Diego Vance,2023-01-13 02:05:00,mei.ivanov@examplecorp.test,Diego Silva,2024-02-12 22:01:00,,,,N,Riley Sloan,101266,Horizon Retail Group,Beta,Emerson Calder,HR Generalist,2025-12-27,,Active - Placed,100391,100517,100452,Finance,,TAG-3356,7785,Gamma,7369,297,638,Delta,Standard,100403,,HR Generalist Placement,,,"16,508",Yes,elena.mercer@acme-fake.test,*NONE,,Riley Mercer,101714,Other,,100206,,,458,,Other,TAG-9866,TAG-6387,100873,Alpha,,,,Manila,100220,,,Delta,100041,,,,,,,,,,101596,,,100005,Voluntary,100569,N,Below,,Other,,Placement,100552,,TAG-1716,105398,,,Standard,,,,
100568,Placement,107061,casey.sloan@acme-fake.test,Yara Whitfield,2025-12-21 06:18:00,emerson.okafor@examplecorp.test,Sofia Larsson,2023-08-02 04:14:00,elena.patel@examplecorp.test,Quinn Nguyen,2026-07-24 18:58:00,,,,Y,Omar Mercer,101249,Falcon Partners Corp,Standard,Chen Ashby,Executive Assistant,2026-01-10,,Active - Terminated,100360,100596,100314,Human Resources,100454,LOT-8459,2414,Beta,6638,9003,9266,Beta,Beta,100408,,Executive Assistant Placement,,,"12,173",No,fatima.reyes@acme-fake.test,*NONE,100702,Taylor Calder,101035,Other,,100113,,,,,Delta,SKU-9278,,101093,Alpha,,,,Denver,100012,,,Delta,100588,,,,,,,,,,100972,,,100634,Voluntary,100715,Y,Below,,,100290,Placement,100352,,LOT-4540,105987,,,Beta,,,100685,
100498,Placement,107064,arjun.calder@examplecorp.test,Omar Haddad,2022-11-14 23:02:00,riley.silva@examplecorp.test,Diego Calder,2025-06-20 00:29:00,marco.larsson@examplecorp.test,Casey Mensah,2026-02-16 05:07:00,,,,N,Fatima Ivanov,101174,Falcon Group Co,,Mei Sato,QA Engineer,2023-04-20,2026-07-05,Inactive,100569,100185,100509,Marketing,100389,TAG-5672,5273,Alpha,9650,9778,139,Standard,Standard,100410,,QA Engineer Placement,,100213,"6,585",No,omar.sloan@sampleco.test,*NONE,,Skyler Ashby,101221,Alpha,,100051,,,,,Delta,TAG-3149,TAG-5157,101621,Beta,,,,Austin,100490,,,Delta,100793,,,,,,,,,,101615,,Project Ended,,Voluntary,100377,N,,Noted a concern to revisit at the next sync.,,,Placement,100398,,SKU-1267,105874,,,Gamma,,,100066,
100470,Placement,107067,marco.mercer@acme-fake.test,Drew Cohen,2024-10-09 00:33:00,alex.vance@demomail.test,Skyler Vance,2022-11-08 02:01:00,elena.okafor@sampleco.test,Mei Ivanov,2026-07-10 04:32:00,,,,N,Emerson Okafor,100877,Keystone Analytics Ltd,Gamma,Elena Calder,Support Specialist,2025-03-19,,Active - Placed,100457,100298,100069,Sales,100374,LOT-7280,6770,Beta,9560,2891,8906,Delta,Delta,100750,,Support Specialist Placement,,,,Yes,mei.okafor@examplecorp.test,*NONE,,Omar Mensah,100954,,,100598,"1,866",,,,Delta,TAG-7296,LOT-3909,101139,Alpha,,,,Chicago,100285,,,Delta,100455,,,,,,,,,,100882,,,100437,,100613,Y,Exceeded,,Beta,100715,Backfill,,,TAG-1246,106274,,,Standard,,,100265,
100750,Placement,107070,rowan.okafor@examplecorp.test,Mei Nguyen,2024-08-14 09:35:00,quinn.nguyen@demomail.test,Rahul Mensah,2026-06-13 00:28:00,rowan.larsson@sampleco.test,Mei Sato,2022-11-26 15:51:00,,,,N,Sofia Rossi,101010,Northwind Systems,Alpha,Elena Sloan,Marketing Coordinator,2025-09-07,2026-07-11,Inactive - Terminated,100690,100224,100457,Operations,100516,SKU-5453,6237,Gamma,184,8107,9412,Beta,Standard,100538,,Marketing Coordinator Placement,,100654,"3,347",No,drew.whitfield@acme-fake.test,*NONE,100627,Skyler Reyes,101186,Standard,,100749,"1,961",,,,Standard,SKU-9412,SKU-8888,101049,Standard,,,,Chicago,100041,,,Standard,100468,,,,,,,,,,101473,,Budget Cut,100774,Voluntary,100681,Y,Exceeded,Discussed timeline and next steps with the account.,,,Bench,,,REF-3453,106553,,,Standard,,,100526,
100177,Placement,107072,reese.ford@demomail.test,Arjun Vance,2025-05-11 10:35:00,quinn.ivanov@sampleco.test,Omar Rossi,2025-01-20 05:04:00,reese.haddad@examplecorp.test,Yara Haddad,2023-01-06 11:45:00,,,,Y,Emerson Kim,101341,Evergreen Analytics Corp,Gamma,Sofia Okafor,Accountant,2026-05-04,2026-07-15,Inactive - Terminated,100679,100267,100234,Sales,100565,SKU-5418,81,Gamma,8107,4458,9275,Standard,Standard,100129,,Accountant Placement,,100770,"3,654",Yes,mei.blake@sampleco.test,Vertex Robotics Group,,Rahul Okafor,101436,Beta,,100535,"1,236",,"1,074",,Delta,SKU-5711,TAG-4711,101556,Standard,,,,Bengaluru,100251,,,Gamma,100500,,,,,,,,,,101401,,Unmet Expectations,100161,Involuntary,100046,Y,Met Expectations,Scheduled a check-in for the coming month.,,,Direct Hire,100310,,TAG-2646,106233,,,Delta,,,100329,
100206,Placement,107074,marco.larsson@demomail.test,Casey Haddad,2022-12-14 10:10:00,morgan.silva@examplecorp.test,Nina Sato,2026-06-18 09:15:00,chen.haddad@sampleco.test,Rahul Mensah,2025-12-24 00:37:00,,,,N,Marco Ivanov,101071,Cardinal Financial Corp,,Priya Whitfield,Project Manager,2024-08-19,,Active - Placed,100793,100530,100509,Finance,100632,LOT-9650,4854,Gamma,1817,3441,9881,Alpha,Delta,100642,,Project Manager Placement,,100760,"12,869",Yes,priya.cohen@acme-fake.test,Cardinal Foods Ltd,,Rahul Calder,101032,Gamma,,,"1,190",,,,Standard,SKU-5953,LOT-9924,100943,Alpha,,,,Dallas,100126,,,Beta,100254,,,,,,,,,,101767,,,100005,,100323,,Below,,Standard,,Placement,,,REF-7675,105884,,,Gamma,,,100552,
100158,Placement,107075,taylor.blake@acme-fake.test,Diego Calder,2026-05-01 00:25:00,omar.reyes@examplecorp.test,Casey Reyes,2025-04-18 19:34:00,emerson.calder@sampleco.test,Yara Kim,2023-11-03 19:13:00,,,,N,Liam Patel,101542,Beacon Group Corp,,Priya Cohen,Customer Success Manager,2023-10-16,2026-06-22,Inactive - Terminated,,100736,100213,Sales,,TAG-7525,7259,Standard,2411,5485,6573,Standard,Delta,100295,,Customer Success Manager Placement,,100056,"17,252",Yes,chen.mercer@sampleco.test,Ironwood Health LLP,100565,Elena Whitfield,101480,Delta,,100558,,,,,Alpha,LOT-7834,TAG-3535,101573,Gamma,8025,,,Manila,100573,,,Delta,100203,,,,,,,,,,101758,,,,Involuntary,100746,N,,Shared the updated proposal for review.,Alpha,100235,Bench,100750,,LOT-7145,105177,,,Standard,,,,
100588,Placement,107076,yara.sato@demomail.test,Elena Silva,2023-12-31 21:06:00,omar.haddad@demomail.test,Morgan Ivanov,2023-03-16 10:14:00,marco.patel@sampleco.test,Morgan Cohen,2023-09-15 09:03:00,,,,N,Priya Nguyen,101426,Summit Capital Ltd,Beta,Reese Sloan,Financial Analyst,2024-07-27,,Active - Placed,100449,100332,100172,Customer Support,100520,LOT-1195,8976,Alpha,884,2681,8166,Alpha,Gamma,100496,,Financial Analyst Placement,,100784,"5,235",No,reese.kim@demomail.test,*NONE,,Skyler Reyes,101505,Standard,,,,,,,Gamma,LOT-5342,SKU-3097,100839,Standard,,Standard,,Chicago,100336,,,Alpha,100029,,,,,,,,,,101607,,,100344,Voluntary,100449,Y,,,Standard,100685,Direct Hire,100103,,REF-7701,106412,,,Alpha,,,,
100800,Placement,107077,omar.calder@acme-fake.test,Alex Nguyen,2026-07-20 08:34:00,liam.calder@sampleco.test,Rowan Dorsey,2026-04-15 19:07:00,emerson.blake@examplecorp.test,Omar Ford,2023-11-27 08:57:00,,,,Y,Jordan Ivanov,101039,Lakeside Solutions Ltd,Standard,Jamie Mensah,Bookkeeper,2025-04-16,2026-06-05,Inactive,100302,100180,100058,Human Resources,100236,REF-1394,2494,Standard,9770,6576,1472,Delta,Beta,100009,,Bookkeeper Placement,,100672,"15,592",Yes,jordan.ivanov@demomail.test,Summit Analytics Ltd,,Elena Nguyen,100848,Other,,100464,,,"3,797",,Other,LOT-1927,LOT-2629,101362,Delta,,,,Toronto,100171,,,Other,100506,,,,,,,,,,101576,,Converted to Direct Hire,100613,Involuntary,100760,N,Below,Followed up on the open items from last week.,Other,,Trial,100744,,SKU-5475,105701,,,Beta,,,100374,
100470,Placement,107080,avery.brooks@sampleco.test,Riley Ford,2025-07-09 04:57:00,quinn.nguyen@examplecorp.test,Marco Rossi,2024-11-18 10:53:00,noah.cohen@examplecorp.test,Rahul Mercer,2024-02-29 07:26:00,,,,N,Rowan Ford,101020,Falcon Labs LLP,Other,Aisha Sloan,Software Developer,2024-06-08,,Active - Placed,,100151,100467,Customer Support,100410,TAG-3737,8468,Alpha,6851,1681,9026,Alpha,Delta,100758,,Software Developer Placement,,100267,"16,860",Yes,diego.cohen@examplecorp.test,*NONE,,Sofia Patel,100808,Beta,,,,,,,Alpha,SKU-6854,REF-4187,101691,Gamma,,,,London,100573,,,Beta,100212,,,,,,,,,,101081,,,100272,,100772,Y,Exceeded,,,100156,Placement,100531,,SKU-2429,105754,,,Gamma,,,100377,
100101,Placement,107083,priya.mensah@sampleco.test,Taylor Ford,2023-07-03 19:29:00,arjun.garcia@sampleco.test,Diego Sato,2023-04-28 12:13:00,emerson.mercer@examplecorp.test,Priya Rossi,2022-10-15 08:47:00,,,,N,Nina Silva,101359,Cobalt Industries,Delta,Jamie Vance,Executive Assistant,2025-07-08,2026-07-29,Inactive,,100158,100585,Sales,100363,LOT-9053,2286,Gamma,5843,6229,178,Alpha,Alpha,100165,,Executive Assistant Placement,,,"11,317",Yes,alex.okafor@acme-fake.test,*NONE,100217,Aisha Costa,100937,Alpha,,100796,"1,067",,,,Gamma,LOT-6256,,101273,Alpha,,Standard,,Denver,100780,,,Alpha,100323,,,,,,,,,,101239,,Relocation,100295,Involuntary,100454,Y,Exceeded,Shared the updated proposal for review.,Beta,,Placement,,,REF-8641,105227,,,Gamma,,,100484,
100744,Placement,107085,chen.vance@examplecorp.test,Noah Brooks,2023-10-18 17:04:00,yara.sato@demomail.test,Aisha Ivanov,2025-05-03 06:25:00,nina.nguyen@sampleco.test,Riley Reyes,2024-05-22 10:24:00,,,,Y,Avery Ivanov,101670,Brightpath Financial Group,Beta,Mei Patel,QA Engineer,2025-09-22,2026-07-12,Inactive,100240,100692,100003,Operations,,REF-4560,4810,Standard,5465,6418,1667,Beta,Other,100610,,QA Engineer Placement,,,"14,122",Yes,emerson.sato@demomail.test,*NONE,,Jordan Haddad,100814,Alpha,,100440,,,"1,989",,Alpha,LOT-4957,TAG-3073,101311,Gamma,,Delta,,London,100736,,,Standard,100086,,,,,,,,,,101336,,Budget Cut,100576,Voluntary,100186,N,,Reviewed performance and gathered feedback.,Delta,100101,Backfill,100301,,SKU-2920,105754,,,Delta,,,100328,
100235,Placement,107088,emerson.ashby@sampleco.test,Skyler Haddad,2023-05-03 10:23:00,priya.silva@examplecorp.test,Casey Garcia,2024-12-06 07:43:00,emerson.cohen@acme-fake.test,Avery Whitfield,2025-03-12 15:42:00,,,,Y,Sofia Garcia,101533,Ironwood Holdings Corp,Standard,Priya Rossi,Project Manager,2025-02-02,,Active - Placed,100031,100654,100484,Finance,100569,SKU-4349,486,Other,9176,9324,1742,Delta,Beta,100720,,Project Manager Placement,,100500,"5,502",No,taylor.ashby@examplecorp.test,*NONE,100243,Priya Larsson,100942,Alpha,,100526,549,,,,Beta,REF-1748,REF-4451,100871,Other,,,,Seattle,100551,,,Delta,100086,,,,,,,,,,101242,,,100538,,100080,N,Exceeded,,,100189,Placement,100389,,LOT-8419,106238,,,Beta,,,100120,
100141,Placement,107091,reese.nguyen@acme-fake.test,Yara Brooks,2025-12-04 01:04:00,diego.okafor@demomail.test,Alex Mensah,2026-01-31 10:44:00,drew.sato@acme-fake.test,Jamie Haddad,2023-05-31 04:18:00,,,,N,Taylor Brooks,100870,Pioneer Retail Co,Delta,Rowan Brooks,Financial Analyst,2023-11-20,,Active - Terminated,100091,100685,100395,Finance,,REF-1453,1132,Standard,5966,6202,7299,Beta,Gamma,100139,,Financial Analyst Placement,,100720,"14,455",Yes,reese.patel@examplecorp.test,*NONE,100212,Omar Brooks,101657,Delta,,,,,819,,Other,SKU-7193,SKU-5386,101015,Beta,,,,Phoenix,100014,,,Standard,100386,,,,,,,,,,101157,,,100282,Involuntary,100010,Y,,,Standard,100119,Placement,100212,,SKU-8480,106335,,,Gamma,,,100046,
100760,Placement,107093,jamie.haddad@sampleco.test,Reese Vance,2024-01-19 20:20:00,reese.patel@examplecorp.test,Rowan Mercer,2023-01-01 15:40:00,alex.larsson@demomail.test,Rowan Ford,2026-07-31 19:00:00,,,,N,Jamie Larsson,101168,Evergreen Textiles Ltd,,Casey Dorsey,Project Manager,2024-02-25,,Active - Placed,100395,100413,100554,Operations,100742,LOT-1245,8779,Gamma,3871,3713,4223,Alpha,Gamma,100288,,Project Manager Placement,,,"7,782",No,alex.vance@acme-fake.test,*NONE,,Sofia Haddad,101601,Other,,,,,,,Beta,LOT-5137,TAG-9035,101159,Gamma,,,,Austin,100598,,,Standard,100161,,,,,,,,,,101772,,,100298,,100731,N,Below,,,100645,Placement,,,LOT-8813,106217,,,Other,,,,
100670,Placement,107095,noah.ashby@examplecorp.test,Jamie Dorsey,2024-09-13 17:27:00,mei.sato@sampleco.test,Reese Ivanov,2024-07-03 22:34:00,jordan.sato@examplecorp.test,Omar Rossi,2025-04-14 23:33:00,,,,Y,Marco Ivanov,101685,Pioneer Partners Ltd,,Rahul Haddad,Recruiter,2025-01-23,,Active - Placed,,100368,100366,Finance,,LOT-8365,3194,Other,1092,3269,3097,Gamma,Other,100255,,Recruiter Placement,,,"15,043",Yes,mei.costa@examplecorp.test,*NONE,100333,Rahul Whitfield,101651,Gamma,,100136,257,,,,Alpha,TAG-9482,TAG-1541,100958,Beta,,,,Toronto,100209,,,Beta,100073,,,,,,,,,,101694,,,100722,Voluntary,100229,N,Below,,,100555,Placement,,,SKU-5786,106408,,,Delta,,,100339,
100652,Placement,107098,taylor.vance@sampleco.test,Mei Sloan,2025-03-22 19:50:00,riley.dorsey@sampleco.test,Jordan Mensah,2024-02-21 10:28:00,skyler.ashby@acme-fake.test,Emerson Reyes,2023-01-07 00:21:00,,,,Y,Emerson Calder,101081,Falcon Retail,Gamma,Diego Mercer,Software Developer,2025-11-03,,Active - Placed,100148,100780,100758,Marketing,100091,REF-5825,7820,Other,9718,9115,6512,Standard,Delta,100257,,Software Developer Placement,,,"1,720",No,avery.ashby@sampleco.test,*NONE,,Jordan Kim,101325,Gamma,,100310,"1,201",,,,Gamma,LOT-5500,,101722,Standard,,,,Seattle,100030,,,Other,100741,,,,,,,,,,101578,,,100120,Involuntary,100235,Y,,,,100684,Placement,,,LOT-8121,106044,,,Alpha,,,100339,
100535,Placement,107099,aisha.reyes@sampleco.test,Aisha Calder,2023-10-23 00:56:00,taylor.haddad@acme-fake.test,Taylor Dorsey,2024-04-29 19:17:00,noah.sato@acme-fake.test,Rahul Vance,2026-05-28 08:12:00,,,,N,Liam Cohen,101293,Ironwood Solutions Ltd,Standard,Taylor Brooks,Bookkeeper,2023-07-14,,Active - Placed,100576,100132,100447,Finance,100107,TAG-5455,5331,Gamma,3004,5068,599,Delta,Standard,100641,,Bookkeeper Placement,,,"13,387",Yes,sofia.costa@demomail.test,Summit Ventures Ltd,100066,Reese Sato,101461,Alpha,,,,,"2,361",,Alpha,REF-3993,SKU-1908,101779,Gamma,,,,Denver,100259,,,Alpha,100042,,,,,,,,,,101674,,,,,100220,N,Below,,Alpha,,Direct Hire,,,LOT-2319,105715,,,Beta,,,,
100509,Placement,107100,drew.okafor@sampleco.test,Aisha Haddad,2025-06-25 00:52:00,riley.ford@sampleco.test,Elena Vance,2024-05-02 18:43:00,drew.patel@acme-fake.test,Morgan Ashby,2023-06-13 02:55:00,,,,Y,Yara Brooks,101471,Ironwood Labs,Beta,Taylor Rossi,Data Analyst,2025-05-11,,Active - Placed,,100334,100313,Finance,,SKU-5051,174,Delta,3883,7769,6168,Alpha,Alpha,100301,,Data Analyst Placement,,100568,"6,301",No,sofia.kim@demomail.test,*NONE,100571,Skyler Garcia,101491,Delta,,100708,,,"1,443",,Standard,REF-3555,REF-2051,101362,Delta,,,,Bengaluru,100684,,,Other,100726,,,,,,,,,,101148,,,100184,Involuntary,100597,,,,Other,100008,Placement,100197,,LOT-7259,106500,,,Beta,,,100063,
100344,Placement,107103,chen.dorsey@demomail.test,Priya Silva,2025-02-04 19:25:00,skyler.sloan@sampleco.test,Chen Vance,2023-01-18 08:00:00,fatima.okafor@examplecorp.test,Diego Kim,2025-08-04 19:54:00,,,,Y,Rowan Reyes,101007,Northwind Industries,Beta,Riley Sato,Recruiter,2025-12-02,,Active - Placed,100704,100356,100420,Human Resources,,LOT-9532,5650,Standard,78,5462,3434,Beta,Alpha,100517,,Recruiter Placement,,,"6,124",No,morgan.blake@sampleco.test,*NONE,,Skyler Reyes,101745,Alpha,,100622,428,,,,Other,REF-4751,REF-1433,100826,Beta,,,,Toronto,100437,,,Standard,100676,,,,,,,,,,101320,,,,Voluntary,100272,Y,Exceeded,,,100208,Placement,,,TAG-5762,106339,,,Standard,,,,
100568,Placement,107104,diego.ford@demomail.test,Skyler Ashby,2023-10-27 21:00:00,skyler.ivanov@demomail.test,Avery Ashby,2024-06-07 01:50:00,nina.sloan@demomail.test,Skyler Nguyen,2023-11-07 14:34:00,,,,Y,Elena Nguyen,101657,Blue Ridge Manufacturing Corp,Alpha,Rahul Whitfield,Support Specialist,2025-05-15,,Active - Placed,100568,100063,100482,Recruiting,100749,LOT-4490,5211,Standard,4406,3995,2426,Delta,Alpha,100293,,Support Specialist Placement,,,"11,548",No,aisha.patel@acme-fake.test,*NONE,100171,Jamie Larsson,100834,Standard,,100631,,,,,Standard,SKU-5540,LOT-1999,101428,Gamma,,,,Chicago,100426,,,Other,100097,,,,,,,,,,100943,,,100177,,100010,N,Exceeded,,,,Direct Hire,,,REF-7489,105442,,,Gamma,,,,
100552,Placement,107105,elena.costa@sampleco.test,Nina Ashby,2026-03-18 19:10:00,quinn.rossi@examplecorp.test,Omar Calder,2025-09-15 04:17:00,riley.brooks@examplecorp.test,Reese Mercer,2025-01-20 03:42:00,,,,Y,Marco Haddad,101601,Silverline Robotics LLC,Delta,Liam Ford,Operations Associate,2024-02-11,2026-06-21,Inactive,100075,100522,100634,Software Engineering,100622,SKU-7248,5942,Beta,9193,806,1176,Other,Beta,100509,,Operations Associate Placement,,,"9,431",Yes,yara.larsson@demomail.test,*NONE,100184,Alex Ashby,101020,Standard,,100637,,,,,Alpha,SKU-7473,LOT-1114,101415,Gamma,,,,Manila,100115,,,Alpha,100684,,,,,,,,,,101319,,Unmet Expectations,100788,Voluntary,100538,N,Below,Noted a concern to revisit at the next sync.,,100359,Placement,100511,,LOT-9662,106266,,,Delta,,,,
100610,Placement,107106,arjun.rossi@acme-fake.test,Arjun Ivanov,2023-02-25 07:49:00,omar.sloan@sampleco.test,Chen Brooks,2024-07-20 21:14:00,casey.mensah@demomail.test,Liam Blake,2022-11-26 12:40:00,,,,Y,Jordan Haddad,101449,Beacon Ventures LLP,Standard,Skyler Blake,Financial Analyst,2025-01-25,,Active - Terminated,,100269,100242,Finance,100634,TAG-7324,4280,Alpha,630,9824,1798,Standard,Delta,100574,,Financial Analyst Placement,,,"4,399",No,liam.haddad@demomail.test,*NONE,,Noah Blake,101619,Gamma,,100023,,,932,,Gamma,SKU-5189,LOT-5371,101779,Delta,,,,Manila,100062,,,Other,100363,,,,,,,,,,101119,,,100415,Involuntary,100060,,Below,,,100649,Placement,100111,,LOT-2793,105905,,,Other,,,100058,
100690,Placement,107108,sofia.okafor@sampleco.test,Skyler Blake,2026-02-26 02:36:00,aisha.nguyen@demomail.test,Morgan Garcia,2025-08-27 15:16:00,nina.blake@demomail.test,Drew Ashby,2023-02-08 11:38:00,,,,Y,Alex Ivanov,100815,Cardinal Manufacturing LLP,Other,Morgan Larsson,Customer Success Manager,2025-09-06,2026-07-01,Inactive,100351,100616,100097,Recruiting,100259,REF-4180,1807,Gamma,2359,9662,6803,Standard,Standard,100492,,Customer Success Manager Placement,,100213,"12,676",No,mei.calder@acme-fake.test,Everest Systems LLP,,Jordan Ford,101010,Beta,,,,,"2,774",,Other,LOT-8067,TAG-8781,101306,Standard,,,,Dallas,100741,,,Gamma,100056,,,,,,,,,,101415,,Unmet Expectations,100113,,100066,,Met Expectations,Reviewed performance and gathered feedback.,Standard,100336,Placement,100255,,REF-3047,106598,,,Other,,,100331,
100339,Placement,107110,nina.dorsey@demomail.test,Drew Mercer,2024-05-04 14:12:00,sofia.reyes@acme-fake.test,Taylor Brooks,2024-09-06 02:48:00,rowan.ivanov@sampleco.test,Marco Cohen,2023-03-26 21:08:00,,,,N,Avery Larsson,101628,Atlas Networks Group,Alpha,Arjun Brooks,Bookkeeper,2025-05-20,2026-06-25,Inactive,100325,100558,100388,Operations,100316,TAG-4018,3491,Other,8748,7714,9347,Other,Other,100793,,Bookkeeper Placement,,,"7,294",Yes,rahul.cohen@sampleco.test,*NONE,100490,Jordan Mensah,101470,Delta,,100565,,,,,Standard,TAG-6409,LOT-5691,101247,Other,,,,Seattle,100288,,,Other,100475,,,,,,,,,,101164,,Unmet Expectations,100457,Voluntary,100017,N,Exceeded,Scheduled a check-in for the coming month.,,100117,Placement,,,TAG-3709,106074,,,Beta,,,100313,
100447,Placement,107113,omar.rossi@sampleco.test,Omar Silva,2024-02-12 11:03:00,liam.larsson@examplecorp.test,Rahul Calder,2022-11-03 04:33:00,jamie.haddad@sampleco.test,Emerson Silva,2024-05-26 06:26:00,,,,N,Alex Haddad,101231,Lakeside Robotics Group,Beta,Elena Okafor,Executive Assistant,2023-09-10,2026-06-17,Inactive - Terminated,100342,100646,100104,Operations,100509,LOT-8209,9717,Delta,333,5522,5849,Other,Standard,100702,,Executive Assistant Placement,,,"14,011",No,chen.whitfield@examplecorp.test,Brightpath Media LLP,100559,Quinn Ashby,101623,Beta,,100171,796,,,,Other,REF-4160,TAG-9693,101473,Beta,,,,Atlanta,100070,,,Gamma,100239,,,,,,,,,,100883,,Budget Cut,100168,Involuntary,100484,Y,Exceeded,Noted a concern to revisit at the next sync.,,100429,Trial,,,TAG-3084,105345,,,Alpha,,,100008,
100685,Placement,107114,liam.okafor@acme-fake.test,Arjun Haddad,2026-04-29 13:33:00,alex.vance@demomail.test,Reese Calder,2025-11-28 04:46:00,drew.brooks@acme-fake.test,Alex Cohen,2025-11-17 14:50:00,,,,Y,Omar Kim,101598,Granite Foods Ltd,Alpha,Sofia Garcia,Recruiter,2025-12-28,,Active - Placed,100637,100386,100343,Customer Support,100359,TAG-4046,7543,Other,6307,9163,1246,Other,Other,100340,,Recruiter Placement,,,"8,754",Yes,alex.sato@acme-fake.test,*NONE,100571,Yara Mensah,101639,Standard,,,"1,316",,,,Standard,TAG-4906,LOT-1576,100946,Standard,,,,Bengaluru,100641,,,Gamma,100316,,,,,,,,,,101532,,,100122,Voluntary,100069,N,Exceeded,,,,Backfill,100771,,TAG-6229,105251,,,Gamma,,,100403,
100421,Placement,107115,rahul.rossi@sampleco.test,Reese Dorsey,2023-10-11 17:05:00,emerson.haddad@acme-fake.test,Avery Dorsey,2022-10-25 03:11:00,nina.mensah@demomail.test,Nina Dorsey,2023-01-11 13:12:00,,,,N,Priya Dorsey,101238,Brightpath Robotics Ltd,Alpha,Omar Reyes,Accountant,2025-07-14,2026-06-21,Inactive - Terminated,100527,100051,100620,Software Engineering,,TAG-8029,8362,Gamma,3842,9483,4245,Gamma,Alpha,100184,,Accountant Placement,,100759,"12,651",Yes,avery.okafor@examplecorp.test,*NONE,100543,Rahul Dorsey,101642,Gamma,,100552,,,,,Alpha,REF-8095,,100834,Beta,,,,Seattle,100694,,,Other,100492,,,,,,,,,,101260,,,100376,,100328,Y,Below,Discussed timeline and next steps with the account.,,100554,Placement,,,REF-6964,105679,,,Alpha,,,,
100690,Placement,107117,drew.okafor@demomail.test,Rowan Brooks,2024-05-16 20:02:00,skyler.costa@sampleco.test,Alex Dorsey,2025-10-18 15:58:00,priya.larsson@demomail.test,Fatima Reyes,2023-03-16 14:12:00,,,,Y,Emerson Blake,101245,Silverline Energy Corp,,Alex Larsson,Customer Success Manager,2023-06-09,2026-07-18,Inactive - Terminated,100672,100772,100029,Data & Analytics,,LOT-7322,5684,Beta,2428,2362,3240,Other,Other,100110,,Customer Success Manager Placement,,100673,"16,358",No,nina.sloan@acme-fake.test,*NONE,,Sofia Ashby,101014,Beta,,100359,,,"3,209",,Alpha,SKU-6053,REF-1314,101139,Alpha,,,,London,100086,,,Gamma,100025,,,,,,,,,,100902,,Unmet Expectations,100649,Voluntary,100694,Y,Exceeded,Aligned on billing and renewal terms.,Gamma,,Placement,100759,,REF-5910,105019,,,Alpha,,,,
100235,Placement,107120,liam.mercer@examplecorp.test,Casey Ivanov,2025-08-26 06:09:00,emerson.cohen@sampleco.test,Jamie Silva,2023-01-16 10:29:00,jamie.silva@sampleco.test,Rowan Calder,2025-07-06 23:09:00,,,,Y,Marco Cohen,101153,Lakeside Ventures LLP,Gamma,Aisha Costa,Marketing Coordinator,2023-06-23,2026-07-25,Inactive - Terminated,100558,100285,100049,Marketing,100203,LOT-9324,7137,Gamma,2217,3021,8618,Delta,Alpha,100165,,Marketing Coordinator Placement,,,"2,688",Yes,diego.ashby@sampleco.test,Copper Health LLC,,Omar Dorsey,101737,Alpha,,,,,,,Alpha,REF-7733,SKU-5218,100964,Delta,,,,Chicago,100789,,,Gamma,100434,,,,,,,,,,100827,,,,Voluntary,100117,Y,Exceeded,Reviewed performance and gathered feedback.,,100143,Placement,,,REF-1727,105666,,,Other,,,100742,
100708,Placement,107122,nina.mercer@sampleco.test,Casey Ivanov,2025-11-06 13:24:00,yara.dorsey@demomail.test,Rowan Nguyen,2026-05-26 09:19:00,quinn.cohen@sampleco.test,Diego Dorsey,2025-04-10 21:25:00,,,,Y,Chen Ford,100883,Cardinal Partners Ltd,Alpha,Aisha Ashby,Support Specialist,2025-07-29,2026-06-20,Inactive,100063,100538,100243,Data & Analytics,100091,SKU-4122,1563,Alpha,4476,9149,8649,Gamma,Standard,100238,,Support Specialist Placement,,,"2,320",No,diego.kim@acme-fake.test,*NONE,,Quinn Ivanov,101722,Gamma,,100380,,,"1,525",,Alpha,LOT-2740,REF-3443,101217,Alpha,,,,Chicago,100434,,,Gamma,100452,,,,,,,,,,101004,,,100106,,100172,Y,Met Expectations,Shared the updated proposal for review.,Other,100151,Bench,,,REF-1908,105823,,,Beta,,,,
100056,Placement,107125,skyler.rossi@acme-fake.test,Yara Costa,2024-01-21 14:37:00,jamie.vance@demomail.test,Casey Mercer,2026-04-11 06:08:00,skyler.blake@examplecorp.test,Priya Calder,2023-02-21 05:21:00,,,,Y,Liam Calder,101266,Granite Health LLP,Other,Chen Vance,Executive Assistant,2023-08-21,,Active - Placed,100429,100030,100538,Software Engineering,100136,REF-6205,1309,Delta,3990,673,2880,Gamma,Other,100120,,Executive Assistant Placement,,100243,"5,281",No,avery.brooks@examplecorp.test,Blue Ridge Financial Inc,100735,Yara Vance,100994,Alpha,,,,,,,Alpha,SKU-7772,SKU-1124,101673,Delta,,,,Bengaluru,100652,,,Delta,100434,,,,,,,,,,101041,,,100286,Involuntary,100031,N,Exceeded,,,,Placement,100107,,LOT-7330,104940,,,Standard,,,100598,
100509,Placement,107128,marco.blake@examplecorp.test,Riley Okafor,2023-06-25 19:42:00,sofia.ashby@examplecorp.test,Fatima Reyes,2023-11-16 06:59:00,drew.mensah@sampleco.test,Rahul Larsson,2025-11-22 09:29:00,,,,N,Chen Rossi,100910,Atlas Foods Group,Alpha,Priya Costa,Accountant,2023-11-15,,Active - Placed,,100382,100195,Software Engineering,100426,SKU-2041,2863,Delta,7320,4988,8739,Standard,Other,100325,,Accountant Placement,,,"12,647",Yes,taylor.blake@acme-fake.test,*NONE,,Reese Okafor,101556,Beta,,100445,350,,,,Gamma,SKU-2345,REF-3351,101388,Delta,,,,Toronto,100470,,,Delta,100681,,,,,,,,,,101338,,,100227,Voluntary,100363,N,,,Alpha,100031,Placement,100178,,LOT-6591,106538,,,Delta,,,100702,
100148,Placement,107131,fatima.ivanov@demomail.test,Reese Mercer,2024-03-24 21:11:00,alex.brooks@acme-fake.test,Jamie Ivanov,2024-09-20 05:15:00,marco.brooks@acme-fake.test,Alex Brooks,2023-04-17 09:57:00,,,,Y,Yara Sato,101577,Atlas Robotics LLC,Standard,Rahul Whitfield,Software Developer,2024-07-12,,Active - Placed,100314,100617,100178,Software Engineering,,TAG-6830,3947,Other,2515,5539,1381,Delta,Alpha,100487,,Software Developer Placement,,100206,"14,687",Yes,elena.silva@acme-fake.test,*NONE,100200,Fatima Mensah,101031,Gamma,,100403,,,,,Standard,TAG-1098,TAG-3161,101058,Gamma,,,,Chicago,100679,,,Alpha,100672,,,,,,,,,,101615,,,100034,Involuntary,100080,Y,Exceeded,,Standard,100755,Placement,100251,,SKU-1538,105531,,,Gamma,,,,
100552,Placement,107134,noah.ashby@sampleco.test,Fatima Haddad,2023-01-16 12:37:00,jamie.vance@sampleco.test,Casey Costa,2023-02-26 05:16:00,riley.ivanov@examplecorp.test,Arjun Vance,2026-01-10 18:22:00,,,,N,Mei Dorsey,101325,Horizon Holdings Co,Alpha,Drew Sloan,QA Engineer,2025-02-13,,Active - Placed,,100386,100604,Marketing,100530,LOT-9046,1996,Alpha,9030,8443,1039,Gamma,Beta,100457,,QA Engineer Placement,,,"2,741",No,rowan.okafor@sampleco.test,*NONE,100094,Marco Patel,101434,Delta,,100477,,,,,Beta,LOT-5871,TAG-5569,101288,Delta,,,,Seattle,100069,,,Delta,100066,,,,,,,,,,101298,,,100146,,100106,,Below,,Gamma,100690,Placement,100712,,LOT-9319,105451,,,Gamma,,,,
100604,Placement,107135,fatima.calder@acme-fake.test,Morgan Nguyen,2023-02-03 20:25:00,marco.patel@sampleco.test,Jamie Cohen,2025-05-11 12:16:00,noah.sato@acme-fake.test,Casey Whitfield,2023-01-10 14:56:00,,,,N,Nina Costa,101341,Everest Logistics Ltd,Beta,Omar Silva,Financial Analyst,2025-01-05,2026-07-11,Inactive - Terminated,100203,100479,100750,Accounting,100731,LOT-2752,9411,Gamma,9141,8482,1758,Delta,Beta,100473,,Financial Analyst Placement,,,"4,299",Yes,casey.kim@sampleco.test,*NONE,100200,Casey Sloan,101598,Standard,,100531,,,"3,799",,Alpha,SKU-5363,,101010,Standard,,,,Mumbai,100511,,,Delta,100641,,,,,,,,,,101585,,Project Ended,100506,Involuntary,100517,N,Exceeded,Shared the updated proposal for review.,,100220,Bench,100511,,REF-4751,106179,,,Other,,,,
100784,Placement,107138,liam.sato@acme-fake.test,Riley Mercer,2025-09-13 22:19:00,mei.kim@examplecorp.test,Omar Sato,2023-03-13 18:01:00,jordan.vance@examplecorp.test,Morgan Mensah,2025-09-22 07:18:00,,,,N,Liam Mercer,101702,Falcon Textiles Group,Delta,Mei Nguyen,Customer Success Manager,2025-10-01,2026-07-04,Inactive - Terminated,,100403,100153,Data & Analytics,100377,REF-7815,2238,Other,303,9894,5699,Alpha,Standard,100715,,Customer Success Manager Placement,,,"9,173",Yes,jamie.blake@sampleco.test,*NONE,,Aisha Rossi,100943,Gamma,,100132,,,,,Beta,REF-4804,,101539,Alpha,,,,Austin,100005,,,Alpha,100467,,,,,,,,,,101153,,Project Ended,100571,,100481,N,Exceeded,Noted a concern to revisit at the next sync.,,,Placement,100265,,LOT-2217,105967,,,Delta,,,100749,
100798,Placement,107140,nina.sloan@acme-fake.test,Rahul Ford,2024-06-19 14:37:00,avery.cohen@examplecorp.test,Priya Mensah,2025-03-20 16:32:00,alex.silva@demomail.test,Jordan Larsson,2022-10-20 10:55:00,,,,Y,Omar Larsson,100922,Blue Ridge Retail LLP,Beta,Aisha Ford,Payroll Specialist,2024-02-28,,Active - Placed,100641,100742,100627,Sales,,REF-3373,2562,Other,8423,184,2638,Delta,Alpha,100265,,Payroll Specialist Placement,,100624,"14,263",No,emerson.silva@demomail.test,*NONE,,Chen Rossi,100843,Other,,,,,,,Delta,REF-1826,TAG-2886,101226,Gamma,,,,London,100539,,,Other,100275,,,,,,,,,,101342,,,100705,Voluntary,100555,Y,,,Standard,100395,Placement,,,SKU-1648,105472,,,Delta,,,100736,
100696,Placement,107143,omar.patel@sampleco.test,Liam Haddad,2025-07-05 04:56:00,rowan.calder@sampleco.test,Nina Okafor,2026-06-28 05:44:00,chen.vance@acme-fake.test,Alex Sato,2024-12-03 21:41:00,,,,Y,Diego Vance,101727,Blue Ridge Analytics Corp,Standard,Morgan Ivanov,Executive Assistant,2023-04-25,2026-07-12,Inactive - Terminated,100120,100445,100440,Software Engineering,100257,LOT-7986,8353,Delta,9486,1329,7034,Delta,Alpha,100314,,Executive Assistant Placement,,,"4,544",Yes,arjun.haddad@demomail.test,*NONE,,Reese Ivanov,100871,Alpha,,100516,,,,,Standard,TAG-3981,TAG-5501,101106,Standard,,,,Manila,100625,,,Delta,100115,,,,,,,,,,101154,,Performance,100408,Involuntary,100726,Y,Met Expectations,Shared the updated proposal for review.,,,Placement,100041,,REF-5427,105578,,,Gamma,,,100008,
100615,Placement,107145,arjun.mercer@examplecorp.test,Chen Patel,2023-06-01 15:58:00,jamie.larsson@examplecorp.test,Reese Haddad,2026-03-08 20:07:00,drew.patel@demomail.test,Liam Ashby,2024-12-19 23:24:00,,,,N,Casey Rossi,101223,Brightpath Retail LLC,Gamma,Alex Sloan,Financial Analyst,2023-05-24,2026-07-14,Inactive,,100023,100443,Accounting,100107,REF-5961,8979,Standard,6203,4542,1110,Delta,Other,100040,,Financial Analyst Placement,,100576,"3,513",No,liam.nguyen@examplecorp.test,*NONE,100492,Chen Patel,101330,Gamma,,100336,"1,318",,,,Other,SKU-6969,,101436,Other,,,,Atlanta,100165,,,Alpha,100558,,,,,,,,,,101226,,Project Ended,100408,Involuntary,,N,Met Expectations,Discussed timeline and next steps with the account.,Delta,100543,Bench,100242,,LOT-6470,105988,,,Beta,,,100788,
100749,Placement,107147,rahul.costa@examplecorp.test,Alex Whitfield,2024-04-10 03:19:00,emerson.ford@acme-fake.test,Aisha Haddad,2024-02-12 20:32:00,omar.sato@examplecorp.test,Diego Sato,2025-02-01 14:26:00,,,,Y,Reese Dorsey,100917,Ironwood Solutions Inc,Other,Chen Calder,Operations Associate,2023-11-08,,Active - Placed,,100104,100694,Sales,,REF-6629,4147,Delta,515,4061,5534,Other,Standard,100169,,Operations Associate Placement,,100400,"15,450",Yes,taylor.vance@demomail.test,*NONE,,Emerson Patel,101508,Gamma,,100189,,,,,Alpha,TAG-1082,SKU-5620,101273,Delta,,,,Atlanta,100377,,,Alpha,100539,,,,,,,,,,101680,,,100129,Involuntary,100585,Y,Met Expectations,,,,Placement,100496,,REF-8556,105364,,,Other,,,,
100587,Placement,107150,arjun.ford@examplecorp.test,Jordan Sloan,2025-01-21 00:15:00,priya.nguyen@examplecorp.test,Fatima Rossi,2023-03-13 18:33:00,avery.sloan@acme-fake.test,Skyler Haddad,2024-10-23 15:24:00,,,,N,Marco Cohen,101716,Ironwood Solutions Group,Beta,Yara Mercer,QA Engineer,2025-04-15,,Active - Placed,,100620,100091,Customer Support,,REF-3370,6797,Alpha,3829,1066,5243,Alpha,Delta,100400,,QA Engineer Placement,,100227,"9,896",No,priya.larsson@demomail.test,*NONE,100426,Riley Costa,101326,Standard,,,,,,,Gamma,TAG-7724,REF-6583,101000,Delta,,,,Austin,100106,,,Standard,100340,,,,,,,,,,101588,,,100473,Involuntary,100298,Y,Exceeded,,,,Placement,100259,,TAG-3470,106223,,,Other,,,,
100376,Placement,107153,reese.haddad@sampleco.test,Emerson Blake,2024-12-29 14:17:00,nina.vance@sampleco.test,Yara Dorsey,2026-01-10 17:51:00,elena.dorsey@demomail.test,Morgan Nguyen,2023-01-13 23:35:00,,,,N,Riley Whitfield,100892,Atlas Labs LLP,Delta,Reese Ivanov,Project Manager,2024-05-01,2026-07-20,Inactive - Terminated,,100129,100227,Finance,,REF-7575,997,Delta,3552,4614,3435,Other,Beta,100620,,Project Manager Placement,,100139,"11,780",No,sofia.ivanov@examplecorp.test,*NONE,100031,Reese Sloan,101044,Gamma,,,432,,"1,016",,Other,,TAG-5833,100855,Alpha,,,,Mumbai,100709,,,Beta,100551,,,,,,,,,,101570,,Converted to Direct Hire,100474,,100574,Y,Exceeded,Shared the updated proposal for review.,,100025,Placement,,,LOT-9721,106091,,,Delta,,,100366,
100631,Placement,107154,omar.mercer@demomail.test,Reese Garcia,2023-02-13 06:04:00,noah.mercer@examplecorp.test,Riley Kim,2025-11-16 22:44:00,jamie.reyes@acme-fake.test,Marco Ashby,2025-12-03 00:38:00,,,,Y,Marco Ashby,101150,Pioneer Holdings Ltd,Alpha,Rahul Ivanov,QA Engineer,2023-12-29,,Active - Placed,100151,100241,100750,Marketing,100616,SKU-7900,5243,Gamma,608,806,2268,Gamma,Other,100224,,QA Engineer Placement,,,"13,781",Yes,reese.cohen@examplecorp.test,*NONE,100015,Morgan Okafor,101412,Beta,,,,,583,,Gamma,SKU-4772,LOT-7180,100948,Beta,,,,Austin,100516,,,Standard,100434,,,,,,,,,,101483,,,100089,Voluntary,100664,N,Below,,,100333,Direct Hire,100115,,SKU-8089,105703,,,Delta,,,,
100370,Placement,107156,emerson.mensah@examplecorp.test,Fatima Ivanov,2025-10-03 17:58:00,jamie.okafor@acme-fake.test,Mei Ashby,2024-07-27 20:57:00,fatima.ford@demomail.test,Fatima Okafor,2023-12-28 10:54:00,,,,Y,Chen Cohen,100863,Horizon Robotics LLP,Standard,Noah Ashby,Marketing Coordinator,2024-08-31,2026-07-12,Inactive - Terminated,100313,100604,100746,Customer Support,100705,TAG-9634,3376,Beta,4514,8349,7871,Delta,Beta,100772,,Marketing Coordinator Placement,,,"17,592",No,reese.sato@examplecorp.test,*NONE,100173,Emerson Costa,101619,Delta,,,,,,,Beta,TAG-9211,TAG-2896,101698,Beta,,,,Phoenix,100343,,,Other,100559,,,,,,,,,,100815,,Relocation,100788,Voluntary,100759,Y,Below,Aligned on billing and renewal terms.,,100551,Bench,100383,,REF-7778,105194,,,Delta,,,100486,
100319,Placement,107158,arjun.ashby@examplecorp.test,Fatima Patel,2023-02-12 01:39:00,drew.vance@demomail.test,Nina Larsson,2023-03-01 04:01:00,jamie.ashby@acme-fake.test,Fatima Cohen,2025-06-16 01:13:00,,,,Y,Diego Ashby,101451,Everest Retail,Beta,Emerson Haddad,Project Manager,2024-08-03,,Active - Terminated,100767,100238,100051,Finance,100242,TAG-6505,4722,Beta,5736,932,2327,Standard,Alpha,100044,,Project Manager Placement,,,"17,837",Yes,sofia.kim@demomail.test,*NONE,,Marco Kim,101238,Alpha,,100026,,,,,Alpha,LOT-1988,REF-7428,101409,Beta,,,,London,100223,,,Other,100642,,,,,,,,,,101463,,,100389,,100661,Y,Exceeded,,,,Placement,100517,,TAG-4295,106587,,,Standard,,,,
100079,Placement,107159,arjun.ivanov@sampleco.test,Reese Garcia,2025-02-02 02:09:00,skyler.cohen@demomail.test,Marco Sato,2023-11-16 15:02:00,quinn.nguyen@examplecorp.test,Morgan Reyes,2023-03-17 14:52:00,,,,N,Mei Brooks,101417,Beacon Manufacturing Ltd,Alpha,Alex Ashby,Recruiter,2023-10-13,2026-07-25,Inactive,,100075,100588,Accounting,100232,SKU-2212,8898,Gamma,1037,4399,7296,Gamma,Alpha,100418,,Recruiter Placement,,100161,"15,050",Yes,jordan.costa@demomail.test,Cardinal Dynamics,,Reese Sloan,101702,Delta,,100377,,,,,Other,REF-6529,REF-8897,101326,Other,,,,Phoenix,100269,,,Standard,100641,,,,,,,,,,101767,,Project Ended,100628,Involuntary,100090,,Below,Aligned on billing and renewal terms.,,100073,Placement,100227,,REF-3917,105137,,,Beta,,,,
100101,Placement,107162,priya.calder@demomail.test,Jamie Ivanov,2024-01-04 05:24:00,skyler.blake@sampleco.test,Nina Rossi,2023-05-13 08:32:00,diego.ivanov@examplecorp.test,Arjun Blake,2025-04-28 05:30:00,,,,Y,Chen Sato,101518,Falcon Health LLC,Beta,Omar Ashby,Accountant,2025-07-20,,Active - Placed,100565,100720,100518,Operations,,SKU-1703,1849,Other,9192,1746,1999,Delta,Delta,100601,,Accountant Placement,,100720,"13,411",Yes,arjun.whitfield@examplecorp.test,*NONE,100164,Rahul Haddad,101617,Beta,Gamma,100803,575,,"3,304",,Alpha,LOT-8911,SKU-4621,101143,Delta,,,,Bengaluru,100103,,,Beta,100607,,,,,,,,,,101471,,,100146,Voluntary,100464,Y,Met Expectations,,,100467,Placement,100111,,LOT-5109,106318,,,Gamma,,,,
100538,Placement,107165,alex.ashby@demomail.test,Riley Patel,2025-04-29 14:06:00,alex.mensah@demomail.test,Arjun Rossi,2023-02-16 02:38:00,rahul.costa@examplecorp.test,Reese Sloan,2023-08-11 16:06:00,,,,Y,Yara Okafor,101692,Redwood Capital Co,Gamma,Casey Haddad,Marketing Coordinator,2024-04-14,,Active - Placed,100262,100374,100178,Human Resources,,TAG-7032,8696,Beta,1627,1438,7015,Other,Other,100010,,Marketing Coordinator Placement,,100053,"13,114",No,mei.cohen@examplecorp.test,Vertex Industries Ltd,100792,Yara Cohen,101410,Delta,,,,,,,Gamma,LOT-8958,LOT-5423,101731,Alpha,,,,Phoenix,100551,,,Beta,100522,,,,,,,,,,101650,,,100734,,100383,N,,,,100366,Bench,100240,,REF-6441,105049,,,Beta,,,100040,
100538,Placement,107167,chen.ford@demomail.test,Sofia Okafor,2023-03-13 18:38:00,avery.mercer@acme-fake.test,Sofia Okafor,2025-09-04 06:32:00,drew.ashby@sampleco.test,Arjun Cohen,2025-12-02 05:14:00,,,,Y,Quinn Reyes,101098,Vertex Systems Corp,,Liam Blake,Data Analyst,2026-04-15,,Active - Terminated,,100597,100482,Recruiting,,LOT-3660,4203,Beta,2763,7875,7050,Beta,Other,100334,,Data Analyst Placement,,,,No,mei.cohen@examplecorp.test,*NONE,,Nina Vance,101139,Delta,,100552,,,,,Standard,LOT-9383,TAG-8342,101582,Other,,,,Dallas,100374,,,Delta,100223,,,,,,,,,,101370,,,100604,,100551,N,,,Beta,100413,Placement,,,LOT-5770,105529,,,Gamma,,,100115,
100101,Placement,107169,rahul.kim@sampleco.test,Elena Calder,2024-06-19 15:48:00,emerson.silva@demomail.test,Sofia Okafor,2025-08-04 21:56:00,arjun.reyes@demomail.test,Omar Blake,2023-09-04 05:33:00,,,,N,Noah Rossi,100904,Cobalt Group Ltd,Beta,Alex Reyes,Software Developer,2025-12-10,2026-06-24,Inactive - Terminated,100205,100539,100386,Sales,,LOT-4290,9067,Delta,4052,5310,3924,Delta,Other,100645,,Software Developer Placement,,100275,"3,220",No,jordan.okafor@demomail.test,*NONE,100151,Taylor Rossi,101216,Other,,100638,,,,,Beta,REF-4389,TAG-3470,101617,Gamma,3625,,,Denver,100370,,,Alpha,100003,,,,,,,,,,101557,,Unmet Expectations,100345,Involuntary,100345,Y,Below,Noted a concern to revisit at the next sync.,,100542,Placement,100560,,SKU-3470,105163,,,Alpha,,,,
100139,Placement,107172,jordan.rossi@demomail.test,Taylor Blake,2024-05-14 05:17:00,aisha.costa@sampleco.test,Casey Okafor,2023-06-24 08:18:00,jamie.cohen@sampleco.test,Drew Okafor,2023-01-14 04:15:00,,,,Y,Priya Kim,101702,Cobalt Holdings Ltd,Other,Rowan Cohen,Operations Associate,2024-02-07,2026-06-30,Inactive,,100126,100153,Software Engineering,100212,REF-5595,6562,Beta,3882,4472,7671,Standard,Gamma,100229,,Operations Associate Placement,,100331,"7,489",Yes,rowan.okafor@acme-fake.test,*NONE,,Emerson Ford,101190,Standard,,100415,,,"2,331",,Standard,REF-5515,LOT-8265,100828,Alpha,,,,Manila,100122,,,Delta,100142,,,,,,,,,,101398,,Relocation,,,100520,Y,Below,Aligned on billing and renewal terms.,,,Placement,,,REF-2915,106374,,,Delta,,,100746,
100542,Placement,107173,jordan.dorsey@demomail.test,Diego Rossi,2023-04-28 03:37:00,omar.sato@sampleco.test,Skyler Garcia,2024-08-29 17:50:00,elena.dorsey@acme-fake.test,Marco Ford,2024-10-18 12:12:00,,,,Y,Skyler Blake,101398,Delta Financial LLP,,Chen Brooks,Support Specialist,2024-11-28,,Active - Placed,,100010,100352,Customer Support,,TAG-6456,6748,Beta,829,6607,77,Other,Beta,100115,,Support Specialist Placement,,100343,,Yes,fatima.garcia@sampleco.test,*NONE,100008,Diego Vance,101548,Other,,100760,,,,,Gamma,SKU-1032,REF-9698,101551,Standard,,,,Denver,100029,,,Standard,100041,,,,,,,,,,100848,,,100240,Voluntary,100432,N,Met Expectations,,,100741,Placement,100104,,SKU-3296,105499,,,Standard,,,,
100527,Placement,107174,riley.nguyen@demomail.test,Rahul Kim,2024-08-04 06:35:00,nina.calder@examplecorp.test,Mei Patel,2023-10-23 03:53:00,emerson.patel@acme-fake.test,Mei Ivanov,2026-02-15 06:13:00,,,,Y,Quinn Sato,101636,Blue Ridge Manufacturing Co,Beta,Quinn Mensah,Customer Success Manager,2023-05-04,2026-06-30,Inactive - Terminated,,100348,100293,Software Engineering,100615,LOT-7345,9528,Delta,9396,2315,7766,Gamma,Alpha,100360,,Customer Success Manager Placement,,100554,"7,077",Yes,casey.ford@sampleco.test,*NONE,100012,Reese Sato,101596,Standard,,100738,,,,,Gamma,LOT-1023,TAG-5643,101296,Beta,,,,Chicago,100119,,,Beta,100366,,,,,,,,,,100914,,Project Ended,100485,,100800,N,Below,Reviewed performance and gathered feedback.,Beta,100240,Placement,,,TAG-6483,105912,,,Alpha,,,,
100462,Placement,107176,yara.vance@examplecorp.test,Yara Cohen,2026-06-25 17:17:00,arjun.ashby@sampleco.test,Liam Rossi,2024-11-29 11:15:00,rowan.costa@acme-fake.test,Yara Ivanov,2026-07-18 18:00:00,,,,N,Avery Nguyen,101621,Ironwood Textiles LLC,Alpha,Mei Sato,QA Engineer,2023-06-16,2026-06-03,Inactive,,100770,100030,Software Engineering,100546,SKU-4891,9368,Alpha,862,7554,3220,Standard,Beta,100293,,QA Engineer Placement,,100418,"7,418",Yes,morgan.ivanov@demomail.test,*NONE,,Elena Mensah,101042,Other,,100546,,,,,Alpha,LOT-4575,SKU-4665,101483,Other,,,,Manila,100457,,,Gamma,100786,,,,,,,,,,101273,,Project Ended,100129,,100158,Y,Exceeded,Resolved the outstanding question about scope.,Beta,100772,Bench,,,TAG-2785,105855,,,Gamma,,,,
100040,Placement,107178,liam.ford@examplecorp.test,Aisha Sato,2025-07-10 04:15:00,drew.mensah@demomail.test,Noah Costa,2025-08-06 20:36:00,casey.ivanov@sampleco.test,Avery Nguyen,2024-11-11 00:08:00,,,,N,Jordan Silva,101051,Pioneer Capital,Beta,Alex Costa,Recruiter,2024-08-23,2026-06-22,Inactive,100129,100353,100286,Human Resources,100243,SKU-5928,1787,Other,8503,4004,5015,Standard,Beta,100322,,Recruiter Placement,,100729,"11,764",No,jordan.ashby@sampleco.test,*NONE,100539,Sofia Whitfield,101104,Beta,,,,,,,Gamma,REF-6717,SKU-2611,100818,Other,,,,Bengaluru,100323,,,Standard,100314,,,,,,,,,,101286,,Converted to Direct Hire,100251,,100257,N,Exceeded,Resolved the outstanding question about scope.,,100408,Placement,,,REF-9387,105528,,,Other,,,100800,
100386,Placement,107179,alex.sloan@acme-fake.test,Taylor Brooks,2023-05-21 01:29:00,morgan.mensah@examplecorp.test,Emerson Calder,2024-06-02 06:16:00,nina.garcia@sampleco.test,Noah Silva,2026-07-31 00:00:00,,,,Y,Riley Sloan,101779,Horizon Systems Co,Beta,Jamie Larsson,Payroll Specialist,2025-06-14,2026-07-17,Inactive - Terminated,,100437,100516,Customer Support,100632,LOT-4017,8485,Delta,2468,1833,9155,Delta,Beta,100332,,Payroll Specialist Placement,,100767,"11,184",Yes,elena.silva@acme-fake.test,*NONE,,Elena Haddad,101738,Standard,,100620,,,"1,465",,Alpha,SKU-7702,,101166,Standard,,Other,,Atlanta,100172,,,Delta,100447,,,,,,,,,,100977,,Project Ended,,Voluntary,100753,N,Below,Discussed timeline and next steps with the account.,,100265,Placement,,,REF-9171,105740,,,Gamma,,,100308,
100008,Placement,107181,noah.blake@sampleco.test,Emerson Rossi,2026-06-15 00:19:00,avery.ford@examplecorp.test,Priya Ashby,2024-09-01 05:41:00,jamie.haddad@acme-fake.test,Fatima Blake,2026-01-19 09:16:00,,,,N,Riley Nguyen,101134,Copper Media Ltd,Standard,Elena Nguyen,Customer Success Manager,2025-03-01,2026-06-15,Inactive - Terminated,100119,100777,100628,Sales,100530,REF-3318,1423,Standard,885,1834,2581,Delta,Alpha,100254,,Customer Success Manager Placement,,100690,"11,461",No,quinn.ivanov@examplecorp.test,*NONE,100386,Alex Haddad,101434,Gamma,,100076,,,,,Other,REF-3308,REF-6033,101362,Alpha,,,,Mumbai,100382,,,Alpha,100432,,,,,,,,,,101042,,Project Ended,100591,,100492,N,Below,Scheduled a check-in for the coming month.,,,Direct Hire,100749,,TAG-7113,106223,,,Standard,,,100075,
100560,Placement,107183,casey.sato@acme-fake.test,Drew Cohen,2023-07-15 18:02:00,jamie.whitfield@demomail.test,Yara Rossi,2025-08-01 19:44:00,rahul.sato@acme-fake.test,Omar Dorsey,2025-08-14 13:53:00,,,,Y,Noah Sato,101249,Evergreen Financial Co,Other,Rowan Mensah,Bookkeeper,2024-09-21,,Active - Terminated,,100161,100395,Operations,,REF-3747,8747,Alpha,1662,2664,1664,Other,Delta,100336,,Bookkeeper Placement,,100788,"4,441",No,aisha.vance@acme-fake.test,*NONE,100445,Yara Ashby,101233,Gamma,,100652,,,"1,485",,Standard,LOT-9395,,101154,Other,,,,Denver,100692,,,Delta,100282,,,,,,,,,,101154,,,100251,,100520,Y,Below,,Alpha,,Placement,,,TAG-2790,106464,,,Alpha,,,100803,
100248,Placement,107185,fatima.vance@demomail.test,Noah Ivanov,2025-02-24 14:30:00,rowan.costa@acme-fake.test,Liam Ashby,2023-12-17 03:34:00,rowan.cohen@acme-fake.test,Jamie Whitfield,2024-09-03 20:29:00,,,,Y,Chen Mercer,101284,Delta Dynamics,Gamma,Yara Costa,Support Specialist,2025-06-30,2026-06-06,Inactive,100195,100164,100216,Accounting,,SKU-5649,2467,Alpha,8604,5111,1665,Delta,Other,100377,,Support Specialist Placement,,100604,"16,948",No,jordan.sloan@demomail.test,Summit Textiles,100625,Casey Haddad,101612,Delta,,,,,,,Beta,LOT-3672,,101245,Delta,,,,Austin,100123,,,Alpha,100195,,,,,,,,,,101642,,Budget Cut,100516,,100398,Y,Exceeded,Followed up on the open items from last week.,Gamma,,Placement,100176,,TAG-6344,106590,,,Beta,,,100415,
100185,Placement,107186,omar.mercer@examplecorp.test,Liam Rossi,2024-08-02 00:46:00,liam.haddad@demomail.test,Quinn Patel,2023-02-02 13:06:00,mei.okafor@acme-fake.test,Elena Sato,2025-12-14 15:58:00,,,,Y,Casey Calder,101505,Pioneer Networks,Other,Chen Whitfield,Data Analyst,2023-11-29,,Active - Placed,,100487,100008,Data & Analytics,,REF-3006,6021,Standard,5574,2158,9353,Delta,Beta,100615,,Data Analyst Placement,,,"9,979",Yes,morgan.rossi@sampleco.test,*NONE,100182,Fatima Okafor,101441,Beta,,100139,,,"1,316",,Alpha,LOT-1160,REF-9968,101407,Gamma,,,,London,100206,,,Gamma,100285,,,,,,,,,,101274,,,100380,Involuntary,100029,Y,Exceeded,,Beta,,Placement,100053,,TAG-3897,106415,,,Gamma,,,,
100617,Placement,107188,avery.sato@demomail.test,Skyler Ivanov,2023-03-09 13:03:00,nina.reyes@demomail.test,Avery Mensah,2022-12-28 02:19:00,yara.calder@demomail.test,Nina Mensah,2023-07-19 18:40:00,,,,Y,Emerson Mercer,101588,Falcon Health LLP,Delta,Nina Ashby,Project Manager,2025-09-02,,Active - Placed,,100293,100484,Customer Support,100551,SKU-9549,4351,Delta,9191,4330,8520,Standard,Delta,100003,,Project Manager Placement,,100563,,No,jordan.kim@acme-fake.test,*NONE,,Liam Mensah,101521,Other,,,,,"3,471",,Gamma,TAG-5863,SKU-5465,101454,Gamma,,,,Chicago,100238,,,Gamma,100251,,,,,,,,,,101577,,,100012,Voluntary,,N,Below,,,,Placement,100110,,LOT-9717,105700,,,Gamma,,,100542,
100468,Placement,107191,elena.larsson@acme-fake.test,Quinn Ashby,2024-06-24 08:51:00,taylor.ivanov@demomail.test,Morgan Mercer,2024-04-27 18:05:00,casey.patel@acme-fake.test,Marco Larsson,2024-10-14 00:44:00,,,,Y,Rahul Larsson,101032,Delta Manufacturing,Standard,Jamie Costa,Bookkeeper,2024-07-14,,Active - Placed,,100526,100008,Data & Analytics,100702,REF-4674,355,Gamma,3704,1383,3547,Beta,Gamma,100500,,Bookkeeper Placement,,,"5,955",Yes,arjun.reyes@examplecorp.test,*NONE,,Yara Sloan,101664,Alpha,,100503,744,,,,Gamma,TAG-2342,LOT-6045,100961,Alpha,,,,Manila,100126,,,Alpha,100690,,,,,,,,,,101353,,,100224,,100717,Y,,,,100134,Placement,100333,,REF-7714,105538,,,Delta,,,100176,
100440,Placement,107193,sofia.kim@examplecorp.test,Arjun Dorsey,2026-01-02 10:19:00,reese.blake@acme-fake.test,Jordan Ashby,2024-03-13 13:14:00,yara.brooks@demomail.test,Riley Sloan,2025-03-24 03:37:00,,,,Y,Liam Costa,100937,Falcon Energy,Beta,Yara Okafor,Accountant,2024-07-30,2026-07-12,Inactive,,100076,100780,Marketing,100115,TAG-8820,4231,Delta,6989,3816,9976,Gamma,Beta,100173,,Accountant Placement,,100120,"14,092",Yes,yara.haddad@examplecorp.test,*NONE,100443,Elena Garcia,101141,Other,,100180,,,,,Gamma,LOT-3145,TAG-3874,101647,Delta,,,,Mumbai,100469,,,Gamma,100046,,,,,,,,,,101446,,Budget Cut,,,100012,,Exceeded,Discussed timeline and next steps with the account.,,100177,Placement,,,LOT-5401,106114,,,Gamma,,,100420,
100415,Placement,107194,quinn.ford@sampleco.test,Avery Vance,2024-10-28 15:15:00,drew.rossi@acme-fake.test,Jamie Vance,2024-02-19 17:31:00,fatima.kim@sampleco.test,Riley Blake,2024-08-21 05:56:00,,,,N,Nina Costa,101763,Granite Manufacturing,Alpha,Priya Vance,Payroll Specialist,2023-05-25,2026-07-16,Inactive - Terminated,100558,100617,100625,Software Engineering,100058,SKU-3782,319,Delta,162,4125,3446,Delta,Beta,100122,,Payroll Specialist Placement,,,"12,527",Yes,quinn.nguyen@examplecorp.test,*NONE,,Jamie Ashby,101563,Delta,,100568,,,,,Beta,LOT-9913,REF-2814,100936,Other,,,,Phoenix,100186,,,Standard,100380,,,,,,,,,,101647,,Project Ended,100020,Involuntary,100786,N,Met Expectations,Discussed timeline and next steps with the account.,,,Trial,100474,,LOT-8182,106339,,,Alpha,,,100591,
100786,Placement,107196,quinn.dorsey@demomail.test,Priya Ivanov,2024-11-28 10:20:00,diego.haddad@demomail.test,Rowan Ivanov,2024-04-18 10:13:00,emerson.ford@demomail.test,Arjun Costa,2026-05-23 06:37:00,,,,Y,Fatima Costa,101711,Cobalt Systems Ltd,Delta,Morgan Whitfield,Bookkeeper,2024-04-14,2026-06-11,Inactive,,100455,100627,Customer Support,100366,SKU-4016,9579,Alpha,3377,5032,7559,Beta,Gamma,100353,,Bookkeeper Placement,,,"13,130",No,jamie.vance@acme-fake.test,Harbor Health Co,,Reese Vance,101078,Gamma,,,301,,"1,970",,Standard,REF-9622,,101326,Beta,,,,Phoenix,100359,,,Standard,100104,,,,,,,,,,101653,,Converted to Direct Hire,100788,,100702,Y,Below,Reviewed performance and gathered feedback.,,100235,Placement,100132,,LOT-1803,106450,,,Standard,,,100195,
100452,Placement,107199,jamie.ashby@sampleco.test,Marco Calder,2022-12-05 15:14:00,aisha.costa@examplecorp.test,Reese Dorsey,2025-04-17 16:35:00,chen.reyes@demomail.test,Diego Costa,2022-10-13 17:16:00,,,,N,Priya Sloan,101036,Beacon Capital Group,Standard,Jordan Kim,Marketing Coordinator,2024-05-22,2026-06-29,Inactive - Terminated,100792,100005,100184,Recruiting,100410,LOT-9820,6342,Beta,3289,5071,3575,Gamma,Gamma,100750,,Marketing Coordinator Placement,,,"16,618",Yes,riley.whitfield@acme-fake.test,*NONE,,Marco Brooks,101683,Gamma,,,"1,254",,"1,156",,Delta,SKU-3256,SKU-5959,101229,Other,,,,Phoenix,100188,,,Gamma,100632,,,,,,,,,,101501,,,100119,Involuntary,100558,Y,Exceeded,Reviewed performance and gathered feedback.,,100771,Bench,100658,,TAG-3342,105242,,,Beta,,,,
100223,Placement,107200,morgan.silva@acme-fake.test,Aisha Garcia,2026-07-28 13:26:00,skyler.haddad@acme-fake.test,Mei Rossi,2024-01-19 21:56:00,rowan.patel@examplecorp.test,Nina Sato,2024-09-01 23:11:00,,,,N,Rowan Mensah,101673,Atlas Robotics Inc,,Riley Rossi,Marketing Coordinator,2025-05-31,2026-06-17,Inactive - Terminated,100380,100195,100738,Data & Analytics,,TAG-2959,3904,Other,3172,4516,1157,Beta,Alpha,100641,,Marketing Coordinator Placement,,,"13,152",No,jamie.sloan@sampleco.test,Horizon Retail,,Drew Rossi,100871,Alpha,,100012,,,,,Gamma,REF-8935,LOT-3327,101498,Other,,,,London,100765,,,Alpha,100192,,,,,,,,,,100918,,Budget Cut,100177,Involuntary,100037,N,Met Expectations,Resolved the outstanding question about scope.,Alpha,100083,Trial,100692,,SKU-8980,105629,,,Standard,,,100212,
100434,Placement,107201,omar.ford@sampleco.test,Nina Ivanov,2024-11-11 09:48:00,nina.vance@sampleco.test,Morgan Larsson,2026-06-12 21:40:00,priya.sato@sampleco.test,Omar Okafor,2023-09-01 17:05:00,,,,Y,Drew Haddad,100834,Atlas Networks Co,Gamma,Priya Larsson,HR Generalist,2024-11-28,,Active - Placed,100076,100591,100681,Accounting,100134,TAG-5153,1992,Gamma,6048,1931,2496,Standard,Other,100026,,HR Generalist Placement,,100239,"3,788",Yes,arjun.calder@examplecorp.test,*NONE,,Marco Ford,101582,Alpha,,100176,,,"4,385",,Alpha,LOT-3466,SKU-4600,100882,Standard,,,,Denver,100415,,,Standard,100672,,,,,,,,,,101655,,,100408,Involuntary,100690,Y,Below,,,100667,Direct Hire,100470,,SKU-5473,106339,,,Gamma,,,100280,
100726,Placement,107204,yara.blake@examplecorp.test,Reese Brooks,2023-12-22 19:47:00,reese.haddad@examplecorp.test,Drew Calder,2022-11-10 14:55:00,yara.vance@acme-fake.test,Marco Okafor,2025-02-21 03:35:00,,,,Y,Diego Mensah,101312,Evergreen Partners Group,Other,Elena Mensah,QA Engineer,2025-05-05,,Active - Placed,100235,100767,100440,Human Resources,100486,SKU-9303,3736,Beta,8092,166,7885,Alpha,Alpha,100511,,QA Engineer Placement,,,"15,663",No,noah.silva@examplecorp.test,Blue Ridge Logistics Ltd,100060,Liam Whitfield,101305,Standard,,100015,"1,308",,"4,232",,Alpha,SKU-9720,LOT-5211,101655,Alpha,,Delta,,Austin,100178,,,Delta,100661,,,,,,,,,,101152,,,100305,Involuntary,100454,N,,,,,Placement,100177,,TAG-7551,105679,,,Gamma,,,100726,
100604,Placement,107206,jamie.silva@acme-fake.test,Quinn Calder,2023-08-21 18:17:00,liam.vance@acme-fake.test,Casey Okafor,2024-04-28 22:29:00,mei.haddad@sampleco.test,Marco Sato,2023-11-09 09:40:00,,,,Y,Casey Costa,101625,Everest Holdings Inc,Gamma,Arjun Mensah,QA Engineer,2025-05-29,,Active - Terminated,100722,100120,100462,Marketing,,TAG-2392,4700,Other,1456,7319,4183,Other,Standard,100765,,QA Engineer Placement,,100518,"2,495",Yes,arjun.patel@demomail.test,*NONE,100386,Rowan Whitfield,101745,Other,,100117,,,"4,825",,Other,SKU-1640,,101607,Gamma,,,,Seattle,100286,,,Beta,100445,,,,,,,,,,100906,,,100591,,100656,N,Exceeded,,,,Direct Hire,100755,,REF-1082,105973,,,Gamma,,,100208,
100511,Placement,107207,quinn.calder@demomail.test,Liam Patel,2023-04-21 04:44:00,arjun.vance@acme-fake.test,Liam Larsson,2023-09-13 02:38:00,fatima.whitfield@acme-fake.test,Yara Dorsey,2025-09-09 06:57:00,,,,N,Morgan Costa,101479,Vertex Capital LLP,Alpha,Elena Rossi,Bookkeeper,2025-06-03,,Active - Placed,100146,100293,100684,Accounting,100308,REF-8167,3541,Delta,4986,4402,3379,Other,Gamma,100248,,Bookkeeper Placement,,100704,"14,970",No,rowan.rossi@sampleco.test,*NONE,100527,Casey Rossi,101434,Delta,,100481,,,,,Standard,TAG-2179,,101694,Beta,,,,Austin,100522,,,Standard,100481,,,,,,,,,,101394,,,100420,Involuntary,100014,Y,Met Expectations,,Gamma,100398,Placement,,,LOT-9120,106234,,,Beta,,,,
100288,Placement,107209,taylor.whitfield@examplecorp.test,Marco Silva,2024-01-26 09:43:00,morgan.rossi@acme-fake.test,Aisha Kim,2022-10-29 12:24:00,diego.mercer@demomail.test,Jamie Sato,2024-11-26 23:41:00,,,,Y,Mei Haddad,101247,Cardinal Holdings,,Taylor Ashby,Marketing Coordinator,2024-03-24,,Active - Placed,100686,100753,100189,Finance,100708,TAG-7784,6337,Delta,3511,2357,6339,Alpha,Alpha,100638,,Marketing Coordinator Placement,,100627,"5,744",No,rahul.vance@sampleco.test,*NONE,100799,Jamie Ivanov,101545,Beta,,100800,,,,,Beta,REF-6094,,101229,Standard,,,,London,100546,,,Delta,100755,,,,,,,,,,101651,,,100254,,100686,N,,,,,Bench,100685,,TAG-4994,105282,,,Delta,,,100546,
100301,Placement,107210,noah.garcia@acme-fake.test,Diego Mensah,2025-05-01 17:04:00,elena.ashby@acme-fake.test,Skyler Ford,2024-06-18 12:23:00,emerson.haddad@examplecorp.test,Rowan Haddad,2024-10-20 20:40:00,,,,N,Marco Sato,101194,Copper Labs Corp,Other,Aisha Silva,Accountant,2025-01-21,2026-06-11,Inactive,100158,100359,100217,Accounting,,TAG-7585,6016,Gamma,832,7550,7537,Alpha,Delta,100395,,Accountant Placement,,100624,"2,465",Yes,liam.dorsey@acme-fake.test,*NONE,100111,Liam Kim,101599,Delta,,100500,,,,,Standard,SKU-6196,SKU-9734,101708,Alpha,,,,Seattle,100492,,,Delta,100664,,,,,,,,,,100977,,Unmet Expectations,100310,Involuntary,100688,N,,Reviewed performance and gathered feedback.,,100177,Bench,,,TAG-9300,106019,,,Delta,,,,
100582,Placement,107213,elena.okafor@sampleco.test,Jordan Ford,2026-07-13 00:04:00,rowan.ashby@examplecorp.test,Jamie Ivanov,2023-11-19 04:29:00,taylor.sloan@acme-fake.test,Taylor Calder,2024-01-22 18:05:00,,,,N,Rahul Okafor,101391,Everest Solutions,Gamma,Rahul Kim,QA Engineer,2025-12-26,,Active - Placed,100272,100637,100212,Software Engineering,100281,LOT-8206,9531,Delta,6910,8926,1969,Delta,Beta,100083,,QA Engineer Placement,,100587,"12,860",No,drew.nguyen@examplecorp.test,*NONE,100731,Taylor Garcia,101104,Gamma,,,,,,,Standard,SKU-8813,,101260,Beta,,,,Dallas,100417,,,Alpha,100786,,,,,,,,,,101767,,,100063,Involuntary,100066,N,Met Expectations,,,,Bench,100212,,TAG-8159,106514,,,Standard,,,100363,
100798,Placement,107215,skyler.costa@acme-fake.test,Yara Patel,2023-11-20 11:21:00,emerson.larsson@acme-fake.test,Arjun Ivanov,2022-10-29 03:16:00,yara.sato@demomail.test,Alex Brooks,2025-03-02 01:01:00,,,,N,Nina Mercer,101326,Delta Networks LLC,Other,Omar Blake,Support Specialist,2023-05-03,,Active - Placed,,100750,100058,Finance,,TAG-4335,2780,Delta,5572,8236,2711,Delta,Standard,100212,,Support Specialist Placement,,,"3,614",Yes,priya.silva@examplecorp.test,Pioneer Retail,,Yara Ivanov,100862,,,,,,,,Beta,TAG-9763,TAG-6186,101764,Beta,,,,Seattle,100568,,,Beta,100110,,,,,,,,,,101375,,,100115,Voluntary,100117,N,Below,,,,Bench,100062,,LOT-8142,105247,,,Beta,,,100220,
100692,Placement,107217,morgan.whitfield@demomail.test,Elena Whitfield,2026-02-14 22:16:00,nina.ivanov@sampleco.test,Emerson Nguyen,2024-11-25 17:17:00,nina.okafor@acme-fake.test,Taylor Blake,2023-03-07 09:23:00,,,,Y,Morgan Whitfield,101247,Keystone Textiles Corp,Delta,Reese Costa,Software Developer,2023-07-06,,Active - Placed,,100238,100063,Finance,100031,REF-8797,8599,Delta,1969,2924,9006,Delta,Delta,100587,,Software Developer Placement,,,"3,859",Yes,taylor.ivanov@acme-fake.test,*NONE,100531,Reese Ashby,101470,Beta,,100771,,,229,,Alpha,TAG-8816,SKU-3225,101164,Other,,,,Denver,100487,,,Beta,100542,,,,,,,,,,101176,,,,Voluntary,100597,,Below,,,,Placement,100440,,TAG-3316,105442,,,Beta,,,,
100464,Placement,107218,taylor.costa@acme-fake.test,Elena Costa,2025-10-03 18:57:00,chen.silva@demomail.test,Alex Silva,2023-10-19 19:46:00,rowan.mensah@sampleco.test,Jamie Ford,2024-02-03 04:19:00,,,,N,Morgan Nguyen,101401,Delta Dynamics Co,Standard,Arjun Silva,Executive Assistant,2025-03-09,,Active - Placed,100301,100699,100681,Operations,,LOT-9277,6069,Other,8504,1759,2491,Alpha,Other,100617,,Executive Assistant Placement,,100345,"10,501",No,diego.ivanov@demomail.test,*NONE,,Yara Vance,101329,Other,,,,,"3,938",,Alpha,TAG-8286,SKU-6016,100956,Alpha,,,,London,100708,,,Gamma,100062,,,,,,,,,,101096,,,,Involuntary,100742,N,Exceeded,,,100646,Placement,100803,,SKU-5118,105319,,,Standard,,,,
100046,Placement,107220,avery.costa@acme-fake.test,Rahul Dorsey,2025-05-06 09:47:00,noah.brooks@sampleco.test,Rowan Ashby,2023-12-07 19:51:00,quinn.silva@acme-fake.test,Diego Haddad,2025-03-23 16:03:00,,,,Y,Fatima Sloan,101621,Lakeside Energy Co,Alpha,Yara Sato,Payroll Specialist,2024-08-22,2026-07-06,Inactive,,100470,100291,Operations,,SKU-9836,6816,Gamma,2350,5086,6461,Beta,Alpha,100627,,Payroll Specialist Placement,,100686,"6,253",No,sofia.okafor@acme-fake.test,*NONE,,Casey Nguyen,100825,Alpha,,100531,"1,823",,,,Beta,TAG-1934,TAG-5184,101598,Delta,2616,,,Toronto,100158,,,Gamma,100558,,,,,,,,,,101166,,,100386,,100672,N,Exceeded,Discussed timeline and next steps with the account.,Standard,100462,Placement,100115,,LOT-4989,105056,,,Beta,,,100799,
100473,Placement,107223,elena.calder@examplecorp.test,Arjun Whitfield,2025-08-06 17:16:00,omar.nguyen@examplecorp.test,Priya Rossi,2025-05-25 02:46:00,emerson.brooks@examplecorp.test,Taylor Calder,2024-12-22 15:57:00,,,,N,Sofia Cohen,101042,Lakeside Systems LLC,Alpha,Riley Haddad,Financial Analyst,2025-04-22,,Active - Placed,,100736,100535,Marketing,100089,SKU-4005,5546,Alpha,5706,4796,3087,Other,Alpha,100295,,Financial Analyst Placement,,100192,"4,276",Yes,riley.kim@sampleco.test,*NONE,,Elena Ford,101693,Gamma,,,,,"3,980",,Delta,LOT-5171,REF-8862,100925,Beta,,,,London,100667,,,Gamma,100702,,,,,,,,,,101487,,,100134,Voluntary,100617,N,Below,,,,Placement,100382,,SKU-1410,105161,,,Alpha,,,,
100738,Placement,107224,omar.sato@demomail.test,Morgan Silva,2026-05-12 14:13:00,marco.mensah@examplecorp.test,Rowan Mensah,2025-05-01 14:24:00,avery.calder@examplecorp.test,Morgan Kim,2025-01-02 19:16:00,,,,N,Marco Garcia,101539,Silverline Financial Co,Beta,Jamie Whitfield,Customer Success Manager,2024-08-02,,Active - Placed,,100180,100696,Customer Support,100642,REF-7134,8111,Gamma,438,1362,8444,Other,Gamma,100496,,Customer Success Manager Placement,,,"8,687",Yes,noah.haddad@demomail.test,*NONE,,Emerson Larsson,101741,Delta,,,,,,,Alpha,SKU-9496,TAG-5525,101044,Delta,,,,Mumbai,100190,,,Other,100235,,,,,,,,,,101263,,,100042,Voluntary,100126,N,Below,,,,Placement,100184,,TAG-7045,105817,,,Delta,,,100616,
100692,Placement,107227,nina.silva@examplecorp.test,Nina Calder,2025-01-28 23:20:00,sofia.ivanov@demomail.test,Priya Blake,2024-03-01 07:18:00,liam.patel@examplecorp.test,Drew Rossi,2025-07-29 06:20:00,,,,Y,Elena Costa,101496,Harbor Financial Group,Gamma,Riley Haddad,Financial Analyst,2025-08-07,2026-07-22,Inactive - Terminated,,100742,100185,Marketing,100692,REF-3645,1587,Other,7239,9029,4257,Gamma,Gamma,100316,,Financial Analyst Placement,,,"2,964",Yes,riley.garcia@demomail.test,*NONE,,Skyler Mercer,101501,Alpha,,100617,,,,,Gamma,TAG-9341,REF-2365,100907,Delta,,,,Chicago,100322,,,Other,100455,,,,,,,,,,101299,,Budget Cut,100593,Voluntary,100293,N,Below,Scheduled a check-in for the coming month.,,100086,Placement,,,SKU-6187,106332,,,Gamma,,,100426,
100076,Placement,107229,avery.dorsey@demomail.test,Alex Calder,2025-01-05 20:28:00,emerson.whitfield@demomail.test,Drew Calder,2024-05-14 20:51:00,noah.larsson@examplecorp.test,Riley Rossi,2025-07-29 16:49:00,,,,N,Yara Kim,100964,Granite Systems Corp,Gamma,Riley Sato,Customer Success Manager,2025-12-22,2026-06-29,Inactive,100615,100069,100205,Accounting,,REF-8394,7453,Gamma,5307,926,2839,Gamma,Standard,100016,,Customer Success Manager Placement,,,"12,410",Yes,arjun.larsson@examplecorp.test,Brightpath Dynamics Group,,Emerson Cohen,101548,Beta,,100182,,,,,Alpha,SKU-8511,TAG-2238,100848,Gamma,,,,Atlanta,100374,,,Gamma,100770,,,,,,,,,,101081,,Unmet Expectations,100432,Involuntary,100255,Y,Met Expectations,Shared the updated proposal for review.,Other,,Trial,,,SKU-8196,106595,,,Gamma,,,,
100799,Placement,107232,jamie.ford@examplecorp.test,Jamie Mensah,2025-05-10 04:42:00,rahul.garcia@sampleco.test,Rowan Haddad,2024-03-20 02:15:00,mei.whitfield@examplecorp.test,Omar Dorsey,2023-11-19 11:02:00,,,,Y,Alex Brooks,101384,Blue Ridge Systems Group,Gamma,Noah Patel,Support Specialist,2024-07-11,2026-07-06,Inactive - Terminated,100738,100374,100141,Sales,100044,REF-1073,3896,Beta,1611,2503,8543,Gamma,Beta,100486,,Support Specialist Placement,,,"17,253",No,reese.ashby@demomail.test,*NONE,,Elena Whitfield,100982,Other,,,,,,,Standard,LOT-5002,TAG-4550,101609,Delta,,,,Phoenix,100178,,,Beta,100405,,,,,,,,,,101203,,,100539,Involuntary,100075,Y,Met Expectations,Scheduled a check-in for the coming month.,,,Placement,100679,,LOT-7127,106364,,,Other,,,100008,
100469,Placement,107234,marco.brooks@examplecorp.test,Riley Vance,2025-01-27 18:34:00,skyler.haddad@acme-fake.test,Fatima Silva,2025-05-17 16:43:00,diego.mercer@examplecorp.test,Nina Ivanov,2025-10-29 04:06:00,,,,Y,Casey Mercer,101741,Lakeside Partners Corp,,Noah Haddad,Recruiter,2025-01-21,2026-07-01,Inactive,100789,100523,100168,Data & Analytics,100026,SKU-8355,1264,Other,5613,3043,9064,Beta,Alpha,100417,,Recruiter Placement,,100206,"14,462",No,jamie.blake@acme-fake.test,*NONE,100313,Rahul Brooks,101153,Gamma,,,,,590,,Gamma,LOT-8118,,100979,Standard,,,,Bengaluru,100257,,,Alpha,100197,,,,,,,,,,101532,,Unmet Expectations,100176,Involuntary,100008,Y,Met Expectations,Followed up on the open items from last week.,Beta,,Bench,100009,,REF-7485,106289,,,Other,,,100123,
100649,Placement,107236,fatima.sato@acme-fake.test,Jordan Whitfield,2023-08-18 16:03:00,aisha.cohen@acme-fake.test,Marco Larsson,2025-05-08 15:36:00,marco.dorsey@acme-fake.test,Marco Okafor,2026-01-27 02:05:00,,,,Y,Noah Brooks,101691,Meridian Logistics Co,Standard,Mei Haddad,Software Developer,2023-07-16,2026-07-20,Inactive,,100634,100587,Software Engineering,,REF-7147,9855,Standard,3698,6207,6889,Delta,Alpha,100742,,Software Developer Placement,,,"2,648",No,mei.ivanov@demomail.test,Everest Media LLP,100360,Rowan Cohen,101226,Gamma,,100484,,,,,Alpha,REF-8821,,101194,Other,,,,Mumbai,100128,,,Standard,100403,,,,,,,,,,101232,,Project Ended,100136,Voluntary,100158,Y,,Followed up on the open items from last week.,,100456,Direct Hire,100469,,REF-2348,105994,,,Standard,,,100134,
100749,Placement,107237,marco.kim@sampleco.test,Fatima Brooks,2023-04-22 19:20:00,chen.costa@examplecorp.test,Marco Nguyen,2026-01-06 19:41:00,emerson.nguyen@acme-fake.test,Priya Larsson,2025-03-17 14:50:00,,,,Y,Yara Brooks,100993,Lakeside Analytics LLP,Gamma,Jordan Garcia,Financial Analyst,2024-11-03,2026-07-07,Inactive - Terminated,100223,100037,100535,Operations,100277,REF-8268,1756,Alpha,7581,2722,6526,Alpha,Alpha,100596,,Financial Analyst Placement,,100370,"14,249",Yes,riley.okafor@sampleco.test,*NONE,,Liam Ashby,101707,Alpha,,100123,,,,,Gamma,REF-7811,REF-8807,101341,Gamma,,,,Denver,100420,,,Gamma,100380,,,,,,,,,,100967,,Budget Cut,100117,,100151,N,,Reviewed performance and gathered feedback.,,,Direct Hire,100722,,LOT-7445,105335,,,Gamma,,,100638,
100774,Placement,107238,yara.patel@examplecorp.test,Drew Mercer,2025-03-20 19:14:00,yara.ivanov@demomail.test,Elena Ford,2025-07-26 10:30:00,chen.blake@demomail.test,Elena Blake,2024-08-19 09:52:00,,,,Y,Jamie Patel,101161,Harbor Media Corp,Standard,Skyler Okafor,Marketing Coordinator,2025-01-27,,Active - Placed,100587,100522,100262,Accounting,100142,TAG-1329,1126,Beta,2356,4175,4855,Beta,Beta,100625,,Marketing Coordinator Placement,,100368,"12,516",Yes,skyler.nguyen@sampleco.test,*NONE,100146,Diego Costa,100891,Standard,,100443,,,"4,103",,Gamma,REF-8993,,100999,Alpha,8612,,,Austin,100089,,,Other,100245,,,,,,,,,,101670,,,100690,,100400,Y,Exceeded,,,,Bench,,,LOT-8505,106426,,,Alpha,,,100056,
100558,Placement,107239,omar.ford@demomail.test,Mei Kim,2023-09-19 13:03:00,rowan.silva@demomail.test,Mei Rossi,2026-07-24 21:08:00,emerson.larsson@acme-fake.test,Aisha Costa,2023-05-15 04:39:00,,,,N,Marco Ivanov,100829,Cardinal Partners Co,Standard,Chen Okafor,Executive Assistant,2024-10-05,,Active - Placed,100310,100429,100620,Recruiting,100340,TAG-2611,5495,Alpha,3354,6136,8514,Other,Delta,100063,,Executive Assistant Placement,,100285,"11,690",Yes,marco.patel@acme-fake.test,*NONE,,Noah Silva,101171,Other,,,,,"2,033",,Gamma,SKU-5427,TAG-3381,100933,Delta,,,,Seattle,100080,,,Beta,100200,,,,,,,,,,101557,,,100015,,100106,N,Below,,Alpha,,Placement,100220,,LOT-3741,105166,,,Standard,,,,
100469,Placement,107240,rahul.ashby@demomail.test,Fatima Ivanov,2023-09-02 23:33:00,elena.okafor@examplecorp.test,Liam Kim,2023-09-29 22:47:00,chen.sato@acme-fake.test,Skyler Okafor,2022-11-26 22:51:00,,,,N,Arjun Sato,100826,Vertex Capital,Standard,Taylor Ford,QA Engineer,2025-08-03,2026-07-15,Inactive,100393,100604,100257,Finance,100104,TAG-5048,6352,Beta,681,6245,1553,Alpha,Delta,100395,,QA Engineer Placement,,,"17,806",Yes,sofia.ashby@acme-fake.test,*NONE,100241,Sofia Mercer,100979,Beta,,100462,,,,,Standard,TAG-4249,LOT-2025,101525,Standard,,,,Manila,100538,,,Alpha,100275,,,,,,,,,,101762,,Relocation,100777,Involuntary,100576,Y,Exceeded,Followed up on the open items from last week.,,,Placement,,,LOT-3831,105009,,,Gamma,,,,
100670,Placement,107241,mei.rossi@sampleco.test,Casey Calder,2026-05-27 11:56:00,skyler.kim@acme-fake.test,Jamie Nguyen,2024-10-07 20:59:00,liam.garcia@examplecorp.test,Casey Kim,2024-12-02 01:13:00,,,,Y,Yara Rossi,100853,Silverline Analytics Corp,Other,Nina Brooks,QA Engineer,2023-11-10,,Active - Placed,100323,100760,100563,Finance,,REF-5370,4495,Delta,1890,6145,4733,Alpha,Other,100420,,QA Engineer Placement,,,"15,463",Yes,jordan.larsson@acme-fake.test,*NONE,,Rahul Cohen,100940,Delta,,100051,,,,,Beta,LOT-8134,,101764,Beta,,,,London,100110,,,Delta,100772,,,,,,,,,,100879,,,100386,Involuntary,100331,,,,,100328,Placement,100610,,REF-1172,105036,,,Alpha,,,,
100380,Placement,107244,nina.costa@examplecorp.test,Rowan Haddad,2023-03-08 07:36:00,marco.ford@acme-fake.test,Omar Ford,2025-08-24 20:11:00,chen.vance@demomail.test,Rahul Haddad,2024-08-15 22:22:00,,,,Y,Liam Kim,101631,Delta Networks,Standard,Alex Silva,Executive Assistant,2026-02-02,,Active - Placed,,100099,100593,Human Resources,,REF-9709,153,Beta,8456,6783,6268,Gamma,Beta,100151,,Executive Assistant Placement,,100649,"12,768",No,rowan.brooks@demomail.test,*NONE,100763,Liam Rossi,101332,,,,"1,708",,,,Gamma,SKU-9556,LOT-8224,101271,Alpha,5849,,,Phoenix,100180,,,Other,100760,,,,,,,,,,101281,,,100242,Involuntary,100285,Y,,,,100617,Placement,100452,,SKU-2451,104978,,,Gamma,,,,
100235,Placement,107245,rowan.mercer@sampleco.test,Jamie Kim,2025-12-18 10:01:00,priya.costa@sampleco.test,Emerson Rossi,2026-05-25 20:10:00,mei.dorsey@sampleco.test,Avery Mensah,2023-11-04 04:30:00,,,,Y,Riley Silva,101516,Atlas Ventures Inc,Gamma,Taylor Vance,Recruiter,2025-01-20,2026-07-02,Inactive,,100388,100046,Recruiting,100030,TAG-5537,6995,Beta,9565,1477,8353,Gamma,Standard,100342,,Recruiter Placement,,100310,"13,150",No,chen.rossi@examplecorp.test,Evergreen Partners Inc,100383,Skyler Ashby,101727,Beta,,,"1,801",,,,Gamma,SKU-6947,TAG-8646,101198,Alpha,,,,Chicago,100281,,,Other,100113,,,,,,,,,,101024,,Budget Cut,100405,,100424,N,,Followed up on the open items from last week.,,,Placement,100224,,SKU-9016,106106,,,Alpha,,,,
100652,Placement,107247,mei.dorsey@sampleco.test,Marco Ford,2023-04-11 18:06:00,skyler.blake@sampleco.test,Quinn Patel,2023-12-15 15:22:00,aisha.brooks@sampleco.test,Fatima Okafor,2025-10-02 06:20:00,,,,N,Sofia Sloan,100818,Lakeside Networks LLC,Alpha,Emerson Silva,HR Generalist,2023-12-30,,Active - Placed,100585,100339,100440,Sales,100051,SKU-7475,4386,Delta,2200,8806,5647,Beta,Standard,100208,,HR Generalist Placement,,100129,"10,219",Yes,quinn.blake@examplecorp.test,Pioneer Systems Corp,,Omar Mercer,100972,Beta,,100443,,,,,Beta,TAG-1995,LOT-1181,101422,Standard,,,,Toronto,100060,,,Beta,100091,,,,,,,,,,101021,,,100474,,,N,Met Expectations,,,100500,Placement,100527,,SKU-8546,105770,,,Beta,,,,
100205,Placement,107248,rowan.mensah@demomail.test,Emerson Kim,2025-04-25 07:00:00,morgan.costa@demomail.test,Casey Whitfield,2024-04-09 09:35:00,casey.mercer@sampleco.test,Reese Mercer,2024-07-08 19:02:00,,,,N,Rowan Reyes,101242,Silverline Analytics Corp,Beta,Liam Garcia,Software Developer,2024-10-09,,Active - Placed,100107,100487,100579,Marketing,100517,REF-8294,8127,Beta,6040,8434,4232,Delta,Gamma,100123,,Software Developer Placement,,,"15,505",No,liam.brooks@acme-fake.test,Summit Energy Inc,,Casey Vance,101651,Beta,,100003,,,,,Beta,TAG-1546,REF-5414,101305,Delta,1501,,,Bengaluru,100555,,,Delta,100083,,,,,,,,,,101550,,,100715,Voluntary,100086,Y,Exceeded,,Gamma,100382,Direct Hire,100789,,SKU-6942,106055,,,Beta,,,100363,
100770,Placement,107251,liam.mercer@acme-fake.test,Rowan Nguyen,2024-01-20 13:31:00,alex.dorsey@sampleco.test,Diego Blake,2023-12-24 01:27:00,aisha.silva@sampleco.test,Nina Haddad,2023-06-06 15:37:00,,,,N,Nina Haddad,101428,Keystone Holdings Corp,Gamma,Nina Blake,Customer Success Manager,2025-01-26,2026-07-28,Inactive,,100571,100731,Operations,,SKU-8912,6035,Beta,9920,406,479,Alpha,Other,100224,,Customer Success Manager Placement,,,"12,157",No,liam.blake@sampleco.test,*NONE,100313,Jamie Ashby,101020,,,,,,,,Beta,LOT-7750,LOT-6353,101406,Standard,,,,Toronto,100146,,,Other,100494,,,,,,,,,,101550,,Project Ended,100236,Voluntary,100410,Y,Below,Scheduled a check-in for the coming month.,,100368,Placement,,,TAG-1079,105521,,,Alpha,,,,
100344,Placement,107254,elena.garcia@acme-fake.test,Morgan Silva,2025-05-21 06:27:00,omar.rossi@acme-fake.test,Quinn Garcia,2024-12-20 09:51:00,emerson.cohen@demomail.test,Reese Ivanov,2026-02-06 03:06:00,,,,N,Marco Sato,101730,Copper Foods Corp,Beta,Casey Nguyen,Marketing Coordinator,2025-06-24,,Active - Placed,,100526,100171,Sales,,SKU-9570,1139,Other,7459,9113,4956,Beta,Beta,100333,,Marketing Coordinator Placement,,,"10,924",Yes,taylor.costa@demomail.test,*NONE,100532,Skyler Cohen,101613,Alpha,,100676,,,,,Other,REF-7445,TAG-9062,101350,Delta,,,,Atlanta,100015,,,Beta,100408,,,,,,,,,,101198,,,100239,Involuntary,100464,Y,Met Expectations,,,100496,Placement,100429,,SKU-9587,106096,,,Delta,,,100128,
100784,Placement,107255,liam.larsson@acme-fake.test,Casey Nguyen,2023-08-24 03:31:00,alex.vance@demomail.test,Avery Nguyen,2025-10-09 09:31:00,marco.dorsey@demomail.test,Taylor Patel,2024-09-02 01:00:00,,,,Y,Casey Ashby,101497,Granite Group Group,,Arjun Sloan,QA Engineer,2023-08-02,,Active - Placed,,100694,100277,Customer Support,,LOT-1684,5858,Delta,3019,1248,877,Delta,Delta,100388,,QA Engineer Placement,,100169,"7,552",No,liam.vance@demomail.test,*NONE,,Sofia Sato,101761,Alpha,,,,,,,Beta,TAG-4604,TAG-5147,101551,Alpha,,,,Austin,100239,,,Beta,100654,,,,,,,,,,101716,,,100803,Involuntary,100563,N,Below,,,100180,Placement,,,LOT-8087,105541,,,Beta,,,,
100771,Placement,107256,mei.whitfield@acme-fake.test,Casey Sloan,2026-07-06 14:41:00,rahul.nguyen@acme-fake.test,Quinn Okafor,2025-09-09 22:46:00,jamie.larsson@examplecorp.test,Nina Ford,2022-11-18 17:34:00,,,,N,Elena Rossi,100883,Cobalt Solutions LLC,,Omar Rossi,Executive Assistant,2025-06-20,2026-06-27,Inactive,100712,100203,100029,Software Engineering,,TAG-4596,5661,Gamma,731,6695,5687,Standard,Delta,100767,,Executive Assistant Placement,,,"6,209",Yes,casey.whitfield@acme-fake.test,Blue Ridge Analytics Inc,,Chen Ivanov,100825,Standard,,100305,,,,,Alpha,REF-5350,,100865,Delta,,,,Dallas,100731,,,Beta,100153,,,,,,,,,,100942,,Relocation,100370,Involuntary,100139,Y,,Shared the updated proposal for review.,Other,100452,Bench,,,SKU-5461,106570,,,Gamma,,,100753,
100487,Placement,107258,elena.sloan@examplecorp.test,Quinn Vance,2026-02-07 15:22:00,aisha.brooks@examplecorp.test,Rahul Reyes,2026-05-31 00:22:00,priya.cohen@examplecorp.test,Quinn Mensah,2025-02-18 22:56:00,,,,Y,Reese Rossi,101072,Northwind Partners,Standard,Reese Okafor,Project Manager,2025-03-04,,Active - Placed,100744,100257,100217,Operations,100736,REF-4241,2267,Beta,6188,9004,1809,Alpha,Other,100168,,Project Manager Placement,,,"3,130",No,noah.okafor@acme-fake.test,*NONE,,Arjun Kim,101767,Alpha,,100106,325,,,,Beta,LOT-7296,,101281,Alpha,,,,Phoenix,100056,,,Delta,100216,,,,,,,,,,100815,,,100765,,100637,N,Exceeded,,,100403,Trial,100661,,SKU-5249,104846,,,Standard,,,,
100267,Placement,107259,omar.mercer@acme-fake.test,Mei Costa,2023-01-29 03:10:00,diego.rossi@demomail.test,Quinn Costa,2023-05-29 23:30:00,diego.sloan@sampleco.test,Skyler Ashby,2025-12-04 13:33:00,,,,N,Rahul Rossi,101083,Northwind Industries Inc,Gamma,Emerson Okafor,Project Manager,2024-10-08,,Active - Placed,,100774,100395,Finance,,TAG-5823,1716,Alpha,6479,9523,9367,Gamma,Standard,100492,,Project Manager Placement,,100424,"13,825",No,arjun.sato@examplecorp.test,*NONE,100115,Alex Haddad,101412,Other,,,,,,,Standard,TAG-3473,LOT-6315,101097,Standard,,,,Manila,100240,,,Gamma,100104,,,,,,,,,,101089,,,100702,Involuntary,100040,N,Exceeded,,,100267,Placement,100613,,SKU-9278,104943,,,Standard,,,100563,
100340,Placement,107261,quinn.silva@acme-fake.test,Omar Cohen,2023-12-24 05:34:00,nina.cohen@examplecorp.test,Sofia Whitfield,2023-02-12 16:54:00,riley.dorsey@acme-fake.test,Casey Sloan,2026-04-11 07:54:00,,,,N,Morgan Reyes,101616,Everest Robotics Ltd,Delta,Diego Costa,QA Engineer,2025-04-06,2026-07-05,Inactive - Terminated,,100073,100742,Recruiting,100182,LOT-5440,1465,Gamma,3511,8775,6092,Standard,Beta,100615,,QA Engineer Placement,,100058,"16,550",Yes,omar.sloan@acme-fake.test,Copper Ventures Co,100417,Chen Rossi,101286,Alpha,,100325,,,"1,989",,Other,TAG-1891,,101041,Beta,,,,Mumbai,100119,,,Standard,100348,,,,,,,,,,101451,,Relocation,100755,,100694,N,,Resolved the outstanding question about scope.,Alpha,100265,Placement,100302,,TAG-9594,105956,,,Standard,,,100673,
100026,Placement,107263,drew.garcia@examplecorp.test,Jamie Whitfield,2022-10-29 07:32:00,reese.dorsey@demomail.test,Nina Brooks,2024-05-29 14:10:00,quinn.costa@examplecorp.test,Taylor Calder,2025-04-06 10:46:00,,,,N,Mei Reyes,101368,Cardinal Foods Group,Delta,Riley Larsson,Support Specialist,2024-06-26,2026-07-15,Inactive - Terminated,,100753,100628,Human Resources,,LOT-4498,9848,Other,2509,7807,1337,Gamma,Other,100569,,Support Specialist Placement,,,"7,828",No,arjun.whitfield@demomail.test,*NONE,100800,Emerson Dorsey,101288,Alpha,,,,,,,Beta,LOT-3715,TAG-6159,101007,Beta,,,,Atlanta,100363,,,Delta,100360,,,,,,,,,,101245,,Relocation,100298,,100012,Y,Met Expectations,Resolved the outstanding question about scope.,Alpha,,Placement,,,TAG-4123,105888,,,Alpha,,,100366,
100631,Placement,107264,diego.whitfield@acme-fake.test,Alex Cohen,2023-01-23 22:15:00,reese.mercer@demomail.test,Marco Reyes,2023-11-27 23:13:00,elena.costa@sampleco.test,Chen Larsson,2026-04-24 11:03:00,,,,N,Chen Ashby,101184,Blue Ridge Analytics Group,Delta,Liam Calder,Operations Associate,2023-06-07,2026-06-06,Inactive - Terminated,,100322,100309,Software Engineering,,SKU-4070,5553,Delta,5817,8319,4969,Gamma,Beta,100239,,Operations Associate Placement,,100110,,Yes,alex.dorsey@acme-fake.test,Evergreen Partners Co,100257,Elena Sato,101010,Standard,,,,,451,,Beta,REF-7883,SKU-9043,101599,Standard,,,,London,100267,,,Beta,100069,,,,,,,,,,101721,,Relocation,100736,Voluntary,100070,N,Met Expectations,Shared the updated proposal for review.,Standard,100168,Placement,,,SKU-4345,106045,,,Beta,,,,
100560,Placement,107267,chen.silva@demomail.test,Chen Dorsey,2023-10-15 01:49:00,arjun.patel@sampleco.test,Sofia Brooks,2026-06-22 22:02:00,noah.brooks@demomail.test,Jordan Whitfield,2024-09-07 14:12:00,,,,N,Nina Nguyen,101761,Redwood Ventures LLC,Gamma,Emerson Ivanov,Project Manager,2025-11-11,2026-07-31,Inactive,100803,100565,100462,Finance,,LOT-7466,5359,Standard,8157,6876,9435,Standard,Alpha,100760,,Project Manager Placement,,100559,"2,721",No,omar.costa@demomail.test,*NONE,100331,Riley Larsson,101355,Beta,,100771,"1,916",,,,Gamma,REF-4449,,101164,Alpha,,,,Manila,100559,,,Delta,100340,,,,,,,,,,101068,,Performance,100563,,100169,N,Exceeded,Aligned on billing and renewal terms.,,,Direct Hire,100360,,LOT-5591,105775,,,Alpha,,,100184,
100205,Placement,107269,chen.ashby@sampleco.test,Priya Garcia,2023-05-07 00:33:00,avery.sloan@acme-fake.test,Sofia Patel,2026-01-28 19:09:00,mei.dorsey@sampleco.test,Noah Haddad,2025-11-19 03:35:00,,,,Y,Avery Haddad,100890,Ironwood Robotics LLP,Gamma,Diego Mensah,Accountant,2024-09-27,,Active - Placed,100016,100410,100722,Accounting,,REF-1670,5454,Delta,6538,6707,3652,Delta,Gamma,100789,,Accountant Placement,,100788,"11,597",No,mei.sloan@acme-fake.test,*NONE,100106,Reese Silva,101752,Gamma,,100429,,,,,Other,TAG-7891,TAG-9399,101097,Gamma,,,,Seattle,100445,,,Alpha,100477,,,,,,,,,,101273,,,100329,Voluntary,100342,,Met Expectations,,,100784,Bench,,,TAG-9221,105827,,,Beta,,,100400,
100370,Placement,107271,casey.dorsey@demomail.test,Riley Dorsey,2024-02-06 06:55:00,casey.haddad@acme-fake.test,Quinn Blake,2026-05-14 00:04:00,mei.brooks@examplecorp.test,Taylor Mensah,2026-07-06 14:54:00,,,,Y,Fatima Costa,101212,Granite Labs Ltd,,Marco Brooks,Data Analyst,2025-09-30,,Active - Placed,,100470,100161,Data & Analytics,100104,REF-9533,4803,Beta,3262,5712,5457,Gamma,Other,100715,,Data Analyst Placement,,,"10,282",No,diego.reyes@demomail.test,*NONE,100080,Jamie Dorsey,100884,Standard,,,,,,,Standard,REF-7398,TAG-8811,101336,Other,,,,Denver,100582,,,Alpha,100083,,,,,,,,,,100990,,,100731,Voluntary,100169,Y,Below,,Beta,,Bench,100417,,REF-8108,105123,,,Beta,,,100079,
100066,Placement,107274,rowan.silva@demomail.test,Rowan Kim,2025-06-02 22:19:00,quinn.sato@examplecorp.test,Morgan Reyes,2023-04-08 22:45:00,quinn.okafor@sampleco.test,Marco Haddad,2024-05-22 02:55:00,,,,N,Omar Blake,100987,Northwind Retail LLP,Delta,Nina Rossi,Operations Associate,2024-06-18,2026-07-15,Inactive,100356,100518,100009,Software Engineering,100176,TAG-6449,1869,Other,2374,2696,7234,Delta,Gamma,100200,,Operations Associate Placement,,100383,"14,759",Yes,mei.vance@demomail.test,*NONE,100596,Marco Mercer,101719,Beta,,,,,,,Delta,TAG-6276,SKU-5606,101341,Gamma,,,,Mumbai,100161,,,Beta,100744,,,,,,,,,,101194,,Budget Cut,100715,Involuntary,100420,N,,Noted a concern to revisit at the next sync.,Standard,100286,Bench,100016,,REF-8226,106559,,,Beta,,,100552,
100765,Placement,107275,yara.ivanov@demomail.test,Alex Vance,2025-05-30 23:09:00,morgan.reyes@examplecorp.test,Noah Dorsey,2023-06-17 17:50:00,diego.blake@sampleco.test,Sofia Mercer,2023-02-02 21:51:00,,,,Y,Taylor Rossi,100946,Everest Robotics,Alpha,Noah Reyes,Operations Associate,2024-01-23,,Active - Placed,,100456,100625,Sales,100235,TAG-5443,1690,Delta,8835,933,1221,Delta,Alpha,100301,,Operations Associate Placement,,100075,"14,016",No,rowan.garcia@acme-fake.test,*NONE,,Aisha Garcia,101238,Delta,,100126,,,"4,335",,Delta,TAG-4163,,101061,Other,,,,Mumbai,100345,,,Standard,100800,,,,,,,,,,101368,,,100469,Involuntary,100185,N,Below,,,,Bench,100151,,SKU-7580,105569,,,Other,,,,
100705,Placement,107276,rahul.ford@sampleco.test,Chen Larsson,2025-09-14 23:32:00,jordan.costa@examplecorp.test,Taylor Vance,2023-08-23 12:30:00,yara.mercer@sampleco.test,Alex Vance,2022-11-17 06:29:00,,,,N,Jamie Okafor,101231,Harbor Manufacturing,Standard,Yara Costa,Project Manager,2024-06-21,2026-06-13,Inactive,,100139,100403,Data & Analytics,100652,SKU-5784,8147,Gamma,878,409,4412,Beta,Standard,100069,,Project Manager Placement,,100624,"7,400",No,rahul.dorsey@examplecorp.test,Beacon Capital LLC,100642,Sofia Sato,101233,Standard,,,,,,,Other,REF-7454,,101631,Standard,,,,Toronto,100156,,,Alpha,100314,,,,,,,,,,101689,,Performance,,Voluntary,,Y,Met Expectations,Noted a concern to revisit at the next sync.,,,Bench,100046,,LOT-4784,105812,,,Alpha,,,100405,
100462,Placement,107279,alex.haddad@demomail.test,Omar Reyes,2026-01-19 11:44:00,riley.ashby@examplecorp.test,Rowan Cohen,2026-01-27 12:30:00,skyler.silva@examplecorp.test,Sofia Ashby,2024-07-09 19:11:00,,,,N,Omar Silva,101228,Evergreen Foods,Delta,Riley Rossi,Recruiter,2024-08-25,2026-07-05,Inactive,100646,100511,100079,Data & Analytics,,REF-9865,1091,Other,2328,3996,7478,Gamma,Gamma,100123,,Recruiter Placement,,100366,"5,658",No,priya.nguyen@demomail.test,*NONE,100738,Yara Sloan,101655,Alpha,,,,,"4,049",,Other,LOT-7818,LOT-7122,101743,Gamma,,,,Mumbai,100469,,,Other,100415,,,,,,,,,,101194,,,100699,Involuntary,100026,Y,Met Expectations,Resolved the outstanding question about scope.,,100497,Placement,100424,,LOT-2413,105578,,,Delta,,,100622,
100345,Placement,107282,avery.okafor@examplecorp.test,Aisha Whitfield,2025-02-03 09:46:00,liam.ashby@sampleco.test,Mei Rossi,2023-10-20 09:07:00,drew.blake@examplecorp.test,Mei Larsson,2025-11-19 19:33:00,,,,Y,Aisha Rossi,101498,Redwood Dynamics LLP,Alpha,Reese Whitfield,Project Manager,2023-10-24,,Active - Placed,,100235,100413,Human Resources,100314,SKU-6390,1190,Standard,5278,8566,4554,Standard,Beta,100248,,Project Manager Placement,,100393,"3,767",Yes,reese.nguyen@sampleco.test,*NONE,100282,Drew Nguyen,101425,Standard,,,,,,,Delta,SKU-4614,TAG-5749,100993,Beta,,,,Dallas,100251,,,Gamma,100712,,,,,,,,,,101607,,,100568,Voluntary,100418,Y,Exceeded,,Alpha,,Placement,100177,,TAG-4313,105159,,,Beta,,,100049,
100658,Placement,107284,jamie.sato@sampleco.test,Aisha Rossi,2025-12-08 09:36:00,noah.whitfield@acme-fake.test,Morgan Ashby,2024-07-11 18:06:00,jamie.larsson@examplecorp.test,Reese Larsson,2023-05-04 03:48:00,,,,N,Emerson Haddad,101035,Beacon Networks LLC,Delta,Skyler Ashby,Marketing Coordinator,2024-04-16,2026-06-09,Inactive,100420,100487,100799,Customer Support,,TAG-6513,1849,Other,8871,3757,4946,Alpha,Other,100413,,Marketing Coordinator Placement,,100322,"9,233",No,jamie.vance@demomail.test,Horizon Solutions Inc,100685,Drew Reyes,101698,Delta,,100617,,,,,Delta,REF-1135,,101711,Beta,,,,Toronto,100192,,,Beta,100723,,,,,,,,,,101463,,Budget Cut,100239,Involuntary,100089,N,Exceeded,Followed up on the open items from last week.,,100286,Bench,100110,,LOT-3619,105024,,,Gamma,,,,
100470,Placement,107287,liam.nguyen@sampleco.test,Omar Brooks,2023-06-19 01:20:00,riley.brooks@sampleco.test,Rowan Dorsey,2023-06-21 23:08:00,sofia.rossi@examplecorp.test,Yara Calder,2025-11-15 13:47:00,,,,N,Skyler Costa,100964,Granite Solutions LLC,Delta,Alex Ford,Marketing Coordinator,2024-01-19,,Active - Terminated,,100467,100239,Accounting,100217,LOT-8743,9684,Delta,5759,9010,6867,Other,Beta,100558,,Marketing Coordinator Placement,,,"12,496",No,riley.rossi@acme-fake.test,*NONE,,Mei Brooks,101422,Alpha,,100359,,,,,Delta,SKU-7628,REF-4678,101773,Gamma,,,,Toronto,100308,,,Delta,100089,,,,,,,,,,101180,,,100763,Involuntary,100702,N,,,,100351,Backfill,100251,,REF-8350,105449,,,Standard,,,,
100156,Placement,107290,sofia.vance@acme-fake.test,Diego Mercer,2023-06-11 05:45:00,arjun.larsson@acme-fake.test,Rahul Vance,2026-01-04 22:40:00,skyler.costa@examplecorp.test,Omar Okafor,2026-01-24 20:54:00,,,,N,Quinn Mensah,101309,Keystone Group Group,Delta,Priya Sato,Operations Associate,2025-12-11,,Active - Placed,,100209,100208,Sales,,LOT-7851,3414,Alpha,7908,5331,3153,Other,Gamma,100391,,Operations Associate Placement,,100683,"10,670",No,drew.mercer@demomail.test,*NONE,100755,Noah Vance,100987,Standard,,100641,,,189,,Beta,TAG-4399,SKU-9219,101650,Beta,,,,London,100383,,,Delta,100173,,,,,,,,,,101283,,,100765,Voluntary,100370,Y,Exceeded,,,100546,Direct Hire,100627,,TAG-8489,106229,,,Alpha,,,100328,
100532,Placement,107292,yara.garcia@demomail.test,Marco Sloan,2023-06-23 16:17:00,arjun.reyes@examplecorp.test,Fatima Mensah,2024-11-19 14:18:00,alex.mensah@sampleco.test,Reese Brooks,2026-04-02 20:39:00,,,,Y,Rahul Mercer,101134,Beacon Dynamics Ltd,Standard,Marco Ford,QA Engineer,2024-06-01,,Active - Placed,,100203,100574,Human Resources,,SKU-3750,1338,Other,6645,4088,8626,Alpha,Other,100195,,QA Engineer Placement,,100060,"9,512",Yes,jordan.ford@acme-fake.test,*NONE,,Mei Cohen,100829,Alpha,,100234,,,,,Standard,REF-3102,TAG-7378,101699,Gamma,,,,London,100509,,,Other,100796,,,,,,,,,,101174,,,100445,Involuntary,100235,,,,,,Placement,100526,,TAG-1053,106296,,,Delta,,,100215,
100712,Placement,107294,rowan.rossi@examplecorp.test,Avery Silva,2024-08-06 01:58:00,noah.rossi@demomail.test,Liam Costa,2024-07-31 23:29:00,aisha.ashby@demomail.test,Yara Costa,2023-11-12 04:32:00,,,,Y,Rowan Ford,101172,Atlas Robotics Ltd,Other,Marco Blake,Project Manager,2024-05-29,,Active - Placed,,100497,100443,Software Engineering,100209,LOT-8672,9382,Alpha,6461,6335,3696,Delta,Other,100120,,Project Manager Placement,,100506,"11,855",Yes,jordan.garcia@demomail.test,*NONE,,Reese Mercer,100817,Delta,,,,,"1,933",,Beta,LOT-6488,TAG-3514,101621,Gamma,,,,Atlanta,100212,,,Other,100767,,,,,,,,,,101458,,,100265,Involuntary,100107,,Exceeded,,,,Direct Hire,100649,,TAG-3481,106391,,,Other,,,,
100186,Placement,107297,fatima.brooks@acme-fake.test,Chen Costa,2025-02-06 14:15:00,sofia.garcia@demomail.test,Jamie Sloan,2025-09-26 10:50:00,taylor.ashby@sampleco.test,Jamie Vance,2024-01-18 20:51:00,,,,N,Taylor Haddad,100948,Cardinal Media Group,Other,Reese Ford,HR Generalist,2024-12-24,2026-06-25,Inactive,,100161,100616,Marketing,100749,TAG-7372,7908,Gamma,206,95,5080,Alpha,Alpha,100026,,HR Generalist Placement,,100415,"16,126",Yes,chen.rossi@acme-fake.test,Meridian Retail LLC,100056,Rowan Sato,101573,Other,,,"1,486",,,,Alpha,TAG-4846,REF-6627,101755,Other,,,,Denver,100014,,,Standard,100259,,,,,,,,,,101217,,Performance,100509,,,N,Exceeded,Followed up on the open items from last week.,Alpha,100205,Placement,,,TAG-5701,106229,,,Beta,,,100485,
100548,Placement,107298,jamie.ford@examplecorp.test,Liam Brooks,2026-07-03 09:38:00,casey.kim@examplecorp.test,Avery Patel,2025-02-11 23:13:00,jamie.patel@acme-fake.test,Drew Kim,2026-02-26 01:54:00,,,,Y,Omar Dorsey,101362,Ironwood Health Ltd,Alpha,Taylor Silva,Financial Analyst,2023-04-24,2026-07-10,Inactive,100498,100604,100325,Operations,100468,TAG-9133,3390,Beta,9555,414,134,Gamma,Standard,100771,,Financial Analyst Placement,,,"14,411",No,chen.ford@sampleco.test,*NONE,100126,Omar Blake,101269,Gamma,,100104,,,,,Standard,LOT-3927,LOT-7587,101296,Standard,,,,Bengaluru,100090,,,Other,100286,,,,,,,,,,100946,,Project Ended,100607,Involuntary,100558,Y,Met Expectations,Shared the updated proposal for review.,,100056,Placement,,,REF-4265,105243,,,Standard,,,100610,
100527,Placement,107301,rowan.larsson@acme-fake.test,Aisha Ivanov,2026-04-03 22:25:00,arjun.ford@examplecorp.test,Emerson Patel,2023-11-21 13:40:00,sofia.patel@acme-fake.test,Elena Silva,2023-01-13 00:34:00,,,,Y,Chen Vance,101577,Everest Logistics Corp,Delta,Jordan Reyes,Accountant,2023-08-05,,Active - Placed,,100113,100503,Human Resources,,REF-6049,63,Beta,2761,5601,1776,Delta,Beta,100579,,Accountant Placement,,100107,"10,686",Yes,drew.dorsey@sampleco.test,*NONE,100146,Alex Mensah,101051,Alpha,,,,,,,Alpha,SKU-1189,,101545,Beta,,,,Denver,100313,,,Gamma,100607,,,,,,,,,,101223,,,100290,Voluntary,,N,Below,,,100094,Placement,100634,,SKU-3751,105489,,,Other,,,,
100579,Placement,107304,rahul.okafor@acme-fake.test,Drew Cohen,2024-12-08 12:05:00,skyler.blake@demomail.test,Fatima Vance,2026-03-04 22:02:00,marco.ivanov@examplecorp.test,Mei Garcia,2025-02-06 04:51:00,,,,Y,Quinn Whitfield,101303,Atlas Group Co,Beta,Rowan Silva,QA Engineer,2025-06-08,2026-07-02,Inactive - Terminated,100771,100037,100242,Accounting,,TAG-7102,4925,Beta,9098,7018,6140,Alpha,Alpha,100596,,QA Engineer Placement,,100371,"8,861",Yes,marco.nguyen@demomail.test,Atlas Logistics Inc,100696,Emerson Dorsey,101423,Delta,,100128,,,,,Alpha,LOT-6370,REF-7995,101303,Other,,,,Manila,100784,,,Other,100597,,,,,,,,,,101772,,Performance,100016,Involuntary,100617,N,Met Expectations,Followed up on the open items from last week.,Other,100340,Placement,,,LOT-9796,106466,,,Standard,,,,
100571,Placement,107306,arjun.silva@sampleco.test,Rowan Nguyen,2026-04-05 12:50:00,omar.ashby@acme-fake.test,Nina Dorsey,2026-02-04 07:21:00,marco.kim@examplecorp.test,Elena Silva,2023-07-18 16:06:00,,,,N,Drew Sato,101457,Keystone Dynamics LLP,Alpha,Skyler Patel,Software Developer,2023-10-20,,Active - Terminated,,100325,100229,Marketing,100232,SKU-4946,2700,Beta,7772,906,4084,Delta,Gamma,100097,,Software Developer Placement,,100293,"10,165",Yes,taylor.patel@sampleco.test,*NONE,,Liam Patel,101565,Delta,,100569,,,,,Delta,REF-7955,SKU-7428,101724,Beta,,,,London,100477,,,Gamma,100551,,,,,,,,,,100828,,,100040,,100060,N,Exceeded,,,100090,Trial,100468,,TAG-6380,106604,,,Standard,,,100136,
100322,Placement,107307,sofia.ford@demomail.test,Nina Brooks,2026-02-20 23:56:00,quinn.whitfield@demomail.test,Rahul Brooks,2025-09-26 11:57:00,elena.ivanov@demomail.test,Morgan Costa,2024-06-25 21:20:00,,,,N,Avery Ashby,100927,Evergreen Manufacturing Group,Standard,Priya Ford,Financial Analyst,2026-02-26,,Active - Placed,100393,100026,100715,Sales,100003,REF-6921,9400,Other,2228,1911,5567,Delta,Alpha,100596,,Financial Analyst Placement,,,"6,091",Yes,sofia.blake@sampleco.test,*NONE,,Morgan Garcia,100827,Alpha,,100340,,,,,Delta,TAG-9868,,101693,Beta,,,,Seattle,100469,,,Alpha,100688,,,,,,,,,,100895,,,100044,Involuntary,100310,Y,,,,100656,Bench,,,TAG-8523,105013,,,Gamma,,,100555,
100295,Placement,107309,reese.costa@demomail.test,Reese Dorsey,2025-06-07 19:09:00,aisha.dorsey@acme-fake.test,Emerson Kim,2026-02-27 07:24:00,elena.whitfield@acme-fake.test,Jordan Larsson,2024-08-10 16:37:00,,,,Y,Mei Vance,100884,Ironwood Partners Corp,Standard,Priya Cohen,HR Generalist,2023-06-09,2026-07-29,Inactive,,100634,100383,Accounting,,REF-3882,9733,Delta,2799,4171,3559,Other,Gamma,100777,,HR Generalist Placement,,100641,"7,873",No,marco.sloan@sampleco.test,Harbor Health LLP,100551,Rahul Ashby,101415,,,,,,,,Standard,SKU-1208,SKU-8092,101096,Standard,,,,Denver,100363,,,Delta,100020,,,,,,,,,,101273,,Converted to Direct Hire,100178,Involuntary,100020,N,Met Expectations,Noted a concern to revisit at the next sync.,Other,100086,Placement,100597,,TAG-2638,105006,,,Beta,,,100676,
100579,Placement,107310,alex.dorsey@sampleco.test,Nina Cohen,2024-02-26 01:45:00,jordan.haddad@sampleco.test,Chen Cohen,2024-04-22 21:39:00,noah.blake@sampleco.test,Sofia Nguyen,2024-07-31 18:17:00,,,,Y,Rowan Rossi,100884,Brightpath Capital Co,Other,Morgan Garcia,Payroll Specialist,2025-07-17,2026-07-09,Inactive,,100192,100197,Recruiting,,LOT-3239,8868,Delta,4980,5010,6853,Beta,Alpha,100569,,Payroll Specialist Placement,,100386,"8,944",No,riley.haddad@sampleco.test,*NONE,100380,Chen Mercer,100875,,,,"1,421",,"1,457",,Other,SKU-3493,,100825,Other,,,,Denver,100371,,,Standard,100305,,,,,,,,,,101518,,Budget Cut,100720,Involuntary,100111,Y,,Scheduled a check-in for the coming month.,,,Placement,100772,,TAG-8123,106374,,,Gamma,,,100481,
100286,Placement,107313,riley.rossi@acme-fake.test,Riley Garcia,2026-02-13 22:54:00,liam.blake@demomail.test,Nina Cohen,2023-06-28 00:23:00,chen.rossi@acme-fake.test,Yara Costa,2023-04-28 05:52:00,,,,Y,Avery Costa,101417,Vertex Analytics Corp,Beta,Aisha Nguyen,Project Manager,2025-09-17,2026-07-04,Inactive,100281,100316,100262,Recruiting,100168,LOT-2409,836,Beta,3886,49,8148,Standard,Beta,100383,,Project Manager Placement,,100242,"1,948",No,mei.whitfield@examplecorp.test,*NONE,100009,Chen Larsson,101619,Standard,,100257,,,,,Alpha,LOT-2931,REF-3029,101332,Delta,,,,Seattle,100726,,,Alpha,100523,,,,,,,,,,101552,,,100134,Voluntary,100305,,Met Expectations,Aligned on billing and renewal terms.,,,Placement,,,REF-9789,105365,,,Beta,,,100770,
100176,Placement,107315,liam.dorsey@sampleco.test,Avery Whitfield,2025-07-11 11:17:00,arjun.costa@acme-fake.test,Nina Larsson,2026-05-28 15:36:00,emerson.vance@sampleco.test,Casey Reyes,2024-03-07 18:24:00,,,,N,Taylor Blake,101171,Granite Solutions LLP,Alpha,Fatima Reyes,Bookkeeper,2025-05-01,2026-07-08,Inactive,100216,100178,100120,Sales,,REF-3244,5299,Standard,8321,2976,4674,Other,Gamma,100542,,Bookkeeper Placement,,,"1,665",Yes,nina.haddad@sampleco.test,*NONE,100760,Elena Whitfield,101645,Standard,,,,,,,Delta,SKU-5350,SKU-5907,101505,Beta,,,,Manila,100477,,,Alpha,100770,,,,,,,,,,101639,,Converted to Direct Hire,100282,,,Y,Met Expectations,Noted a concern to revisit at the next sync.,Beta,100467,Placement,,,SKU-1244,105938,,,Gamma,,,100479,
100738,Placement,107317,sofia.vance@examplecorp.test,Avery Whitfield,2023-08-08 09:10:00,arjun.costa@demomail.test,Drew Whitfield,2024-04-24 21:53:00,omar.reyes@demomail.test,Jordan Patel,2024-10-28 19:42:00,,,,Y,Aisha Ford,101222,Vertex Logistics Ltd,Standard,Rowan Garcia,Project Manager,2023-09-20,2026-07-07,Inactive - Terminated,100069,100262,100631,Software Engineering,,REF-7228,9551,Beta,7108,4210,1369,Standard,Alpha,100302,,Project Manager Placement,,,"16,660",No,mei.reyes@demomail.test,*NONE,100731,Omar Larsson,101455,Standard,,100177,467,,"1,386",,Beta,REF-5881,REF-3377,101318,Alpha,,,,Chicago,100301,,,Alpha,100322,,,,,,,,,,101719,,Unmet Expectations,100670,,100637,N,Met Expectations,Scheduled a check-in for the coming month.,,,Trial,,,TAG-5630,106047,,,Beta,,,,
100496,Placement,107318,jamie.ford@sampleco.test,Aisha Vance,2024-10-27 20:32:00,rahul.vance@demomail.test,Rahul Costa,2025-10-04 03:48:00,marco.garcia@examplecorp.test,Rahul Haddad,2025-07-02 01:18:00,,,,Y,Rahul Garcia,101217,Falcon Logistics,Alpha,Chen Kim,Payroll Specialist,2025-07-06,2026-07-04,Inactive,100685,100188,100734,Accounting,100293,SKU-1498,9289,Other,591,1466,3963,Gamma,Beta,100641,,Payroll Specialist Placement,,,"2,204",No,marco.mensah@sampleco.test,*NONE,,Aisha Ashby,101183,Beta,,100016,,,338,,Alpha,LOT-1050,TAG-8065,101607,Beta,,,,Dallas,100490,,,Beta,100014,,,,,,,,,,101458,,Budget Cut,100079,Involuntary,,N,Below,Scheduled a check-in for the coming month.,,,Bench,100182,,TAG-8067,105425,,,Other,,,100101,
100470,Placement,107320,avery.ashby@demomail.test,Liam Mensah,2023-11-09 17:33:00,sofia.ivanov@sampleco.test,Quinn Haddad,2024-06-09 19:43:00,jordan.vance@examplecorp.test,Reese Larsson,2024-10-26 20:42:00,,,,Y,Fatima Patel,100879,Granite Holdings LLC,,Fatima Costa,Accountant,2025-04-22,2026-07-17,Inactive,,100113,100658,Recruiting,,REF-6057,3619,Beta,9707,2304,4569,Alpha,Beta,100257,,Accountant Placement,,100099,"7,318",Yes,reese.haddad@sampleco.test,*NONE,100269,Skyler Rossi,101013,Alpha,,100265,,,,,Beta,LOT-8708,,101113,Other,,,,Bengaluru,100798,,,Standard,100025,,,,,,,,,,101041,,Converted to Direct Hire,,Involuntary,100075,Y,,Scheduled a check-in for the coming month.,Beta,100755,Placement,,,SKU-9133,106486,,,Gamma,,,100333,
100192,Placement,107321,alex.calder@acme-fake.test,Morgan Okafor,2023-11-22 13:46:00,jordan.ashby@demomail.test,Rowan Sloan,2023-10-14 02:55:00,morgan.costa@acme-fake.test,Morgan Patel,2024-05-24 13:11:00,,,,Y,Jordan Ivanov,101705,Summit Energy Corp,Delta,Quinn Ivanov,Executive Assistant,2024-06-13,2026-07-11,Inactive,,100497,100667,Marketing,100638,SKU-7402,4640,Beta,8512,7024,3407,Alpha,Alpha,100217,,Executive Assistant Placement,,,"13,353",Yes,taylor.garcia@sampleco.test,*NONE,100229,Priya Haddad,101719,Standard,Standard,,"1,276",,"3,493",,Beta,LOT-6430,TAG-8685,101048,Alpha,,,,Seattle,100676,,,Other,100731,,,,,,,,,,101330,,,100107,Voluntary,,Y,Below,Reviewed performance and gathered feedback.,Alpha,100490,Placement,100180,,SKU-8357,106055,,,Alpha,,,100736,
100604,Placement,107323,mei.haddad@acme-fake.test,Skyler Brooks,2026-04-21 05:49:00,sofia.kim@demomail.test,Arjun Larsson,2024-05-25 07:07:00,jamie.mercer@acme-fake.test,Jamie Vance,2022-10-29 11:26:00,,,,N,Taylor Nguyen,101454,Cardinal Analytics LLP,Gamma,Marco Nguyen,Financial Analyst,2025-06-23,2026-07-21,Inactive,,100494,100415,Software Engineering,100089,REF-8978,410,Beta,1577,8197,3724,Gamma,Other,100026,,Financial Analyst Placement,,100468,"13,617",Yes,jamie.dorsey@demomail.test,*NONE,,Jordan Mensah,101159,Alpha,Gamma,100604,,,"2,849",,Other,LOT-5353,,101687,Alpha,,,,Seattle,100622,,,Standard,100020,,,,,,,,,,101727,,Project Ended,100182,Voluntary,100156,N,Below,Scheduled a check-in for the coming month.,Standard,100437,Placement,,,TAG-9234,105777,,,Standard,,,,
100699,Placement,107324,aisha.calder@demomail.test,Diego Brooks,2025-02-24 22:25:00,quinn.vance@acme-fake.test,Nina Rossi,2024-09-21 10:52:00,aisha.larsson@demomail.test,Drew Garcia,2026-06-05 11:06:00,,,,N,Priya Vance,101412,Ironwood Manufacturing Ltd,,Jordan Sato,Project Manager,2024-03-19,,Active - Placed,,100661,100722,Data & Analytics,100173,TAG-8829,1169,Delta,2655,6030,6708,Gamma,Alpha,100596,,Project Manager Placement,,100587,"1,746",Yes,drew.brooks@sampleco.test,*NONE,100235,Jordan Vance,101407,Alpha,,100041,,,,,Gamma,LOT-1942,,101418,Alpha,,,,Toronto,100588,,,Other,100305,,,,,,,,,,100904,,,100224,,100325,N,Met Expectations,,Other,100649,Placement,100484,,SKU-6300,105567,,,Other,,,100322,
100760,Placement,107327,noah.brooks@examplecorp.test,Fatima Mensah,2025-05-01 18:45:00,yara.kim@acme-fake.test,Sofia Nguyen,2025-07-25 19:15:00,casey.haddad@examplecorp.test,Mei Silva,2023-01-05 07:32:00,,,,N,Taylor Larsson,101166,Everest Media LLP,Beta,Omar Patel,Marketing Coordinator,2026-05-12,2026-06-29,Inactive - Terminated,100424,100738,100328,Human Resources,,SKU-2497,6496,Standard,9472,3562,126,Other,Gamma,100686,,Marketing Coordinator Placement,,100734,"7,023",No,mei.sloan@demomail.test,*NONE,100767,Aisha Garcia,101621,Beta,,100400,,,,,Standard,SKU-6159,LOT-1576,101353,Beta,,,,Austin,100646,,,Gamma,100290,,,,,,,,,,101651,,Performance,100654,Involuntary,100786,Y,Below,Aligned on billing and renewal terms.,Beta,100772,Backfill,100356,,SKU-2788,105994,,,Standard,,,100128,
100234,Placement,107330,liam.haddad@sampleco.test,Mei Patel,2025-03-30 04:32:00,reese.garcia@demomail.test,Diego Nguyen,2024-12-25 16:44:00,rowan.calder@examplecorp.test,Chen Cohen,2025-11-05 11:30:00,,,,N,Skyler Mensah,101631,Evergreen Capital LLP,,Avery Calder,Executive Assistant,2024-05-28,,Active - Placed,100083,100527,100097,Human Resources,,REF-5920,8259,Standard,1388,3960,6620,Alpha,Other,100449,,Executive Assistant Placement,,100395,"10,467",No,marco.ivanov@acme-fake.test,*NONE,,Jordan Calder,101029,Beta,,100712,,,,,Gamma,REF-1085,REF-8496,101231,Alpha,,,,London,100542,,,Alpha,100440,,,,,,,,,,101078,,,100543,,100305,Y,Below,,,,Placement,100452,,TAG-1556,105806,,,Other,,,,
100800,Placement,107331,casey.calder@examplecorp.test,Elena Mensah,2024-02-26 08:34:00,jordan.patel@demomail.test,Fatima Vance,2025-01-30 21:33:00,alex.blake@demomail.test,Liam Sloan,2025-11-09 19:03:00,,,,N,Emerson Vance,101576,Vertex Analytics LLC,Other,Priya Silva,Financial Analyst,2026-03-27,,Active - Placed,,100325,100291,Marketing,100282,REF-2353,6385,Other,9893,2831,6023,Other,Delta,100782,,Financial Analyst Placement,,,"4,384",No,elena.brooks@acme-fake.test,Vertex Dynamics Group,100735,Liam Mercer,101269,Gamma,,,,,,,Delta,SKU-9065,LOT-5502,100967,Delta,,,,Phoenix,100468,,,Standard,100344,,,,,,,,,,101216,,,100786,,100009,Y,Met Expectations,,,,Placement,100613,,TAG-7928,105441,,,Alpha,,,,
100443,Placement,107334,avery.silva@sampleco.test,Fatima Calder,2025-01-28 19:28:00,priya.mercer@acme-fake.test,Mei Ivanov,2023-04-18 02:12:00,omar.cohen@sampleco.test,Marco Okafor,2025-08-19 12:26:00,,,,Y,Priya Sato,101578,Beacon Systems,Other,Rahul Ivanov,Software Developer,2024-06-01,,Active - Placed,100559,100151,100457,Software Engineering,100456,LOT-7542,3716,Standard,2720,677,5457,Standard,Gamma,100408,,Software Developer Placement,,,"11,595",Yes,liam.mensah@examplecorp.test,*NONE,,Marco Dorsey,100828,Standard,,100188,,,,,Standard,REF-3735,LOT-6168,101234,Standard,,,,Austin,100344,,,Alpha,100538,,,,,,,,,,100986,,,100240,,100513,N,Exceeded,,,,Direct Hire,,,SKU-7331,105451,,,Alpha,,,100774,
100490,Placement,107336,skyler.haddad@demomail.test,Morgan Vance,2023-11-04 03:48:00,priya.silva@demomail.test,Marco Rossi,2023-04-10 15:59:00,fatima.haddad@sampleco.test,Priya Haddad,2026-04-13 10:33:00,,,,N,Priya Haddad,101139,Northwind Capital Inc,Other,Emerson Silva,Software Developer,2025-01-30,,Active - Placed,,100543,100034,Customer Support,100593,TAG-4214,213,Standard,530,33,4303,Standard,Standard,100298,,Software Developer Placement,,100302,"1,651",Yes,rowan.whitfield@examplecorp.test,*NONE,,Arjun Ivanov,100863,Standard,,,"1,574",,552,,Standard,SKU-8399,,101417,Gamma,,,,Toronto,100482,,,Gamma,100058,,,,,,,,,,101245,,,100097,Voluntary,100363,N,Met Expectations,,,100351,Placement,,,LOT-9009,105185,,,Other,,,100126,
100164,Placement,107338,aisha.patel@demomail.test,Avery Sloan,2024-09-17 15:04:00,morgan.sloan@demomail.test,Nina Ashby,2024-11-16 07:52:00,riley.mercer@acme-fake.test,Rowan Reyes,2023-08-31 16:27:00,,,,N,Diego Larsson,101098,Meridian Holdings Co,Standard,Jamie Whitfield,Executive Assistant,2024-09-13,,Active - Placed,100122,100332,100628,Accounting,,LOT-5977,5088,Gamma,6989,5950,6362,Other,Other,100591,,Executive Assistant Placement,,100262,"2,650",No,omar.blake@sampleco.test,*NONE,,Liam Reyes,100990,Other,,,,,"4,992",,Alpha,TAG-7129,,101773,Other,,,,London,100543,,,Gamma,100523,,,,,,,,,,100988,,,100171,Involuntary,100120,Y,Below,,,,Placement,,,REF-6233,106011,,,Beta,,,100305,
100758,Placement,107340,reese.vance@sampleco.test,Yara Blake,2025-04-15 19:59:00,diego.vance@acme-fake.test,Marco Ivanov,2024-05-23 18:45:00,chen.ford@examplecorp.test,Morgan Ford,2024-04-17 01:18:00,,,,N,Alex Nguyen,101207,Blue Ridge Foods Ltd,Gamma,Diego Silva,Recruiter,2024-07-27,,Active - Placed,,100628,100089,Operations,,SKU-2512,9054,Beta,9525,2746,8391,Beta,Other,100746,,Recruiter Placement,,100223,"12,636",Yes,rahul.rossi@acme-fake.test,*NONE,100195,Skyler Brooks,101320,Alpha,,100424,,,,,Gamma,TAG-4738,TAG-3521,101642,Delta,,,,London,100336,,,Standard,100622,,,,,,,,,,101003,,,100371,Involuntary,100531,,Met Expectations,,,,Placement,100434,,TAG-1872,105727,,,Delta,,,100352,
100503,Placement,107341,jordan.nguyen@sampleco.test,Fatima Whitfield,2026-06-09 18:43:00,drew.cohen@examplecorp.test,Chen Nguyen,2025-12-19 16:47:00,drew.brooks@acme-fake.test,Aisha Silva,2024-06-25 00:43:00,,,,N,Diego Brooks,101374,Blue Ridge Foods Corp,Alpha,Yara Whitfield,Project Manager,2024-11-01,2026-06-26,Inactive,100421,100658,100770,Data & Analytics,,SKU-3299,141,Standard,9133,372,6933,Other,Beta,100607,,Project Manager Placement,,100615,"11,635",No,aisha.dorsey@sampleco.test,*NONE,100500,Quinn Garcia,101496,Delta,,100165,,,,,Alpha,REF-2678,LOT-5041,101302,Delta,,,,Phoenix,100774,,,Alpha,100288,,,,,,,,,,101284,,Relocation,100474,Voluntary,100377,N,,Resolved the outstanding question about scope.,Standard,100786,Placement,100759,,SKU-4457,106355,,,Standard,,,100759,
100291,Placement,107342,fatima.garcia@demomail.test,Casey Ivanov,2024-09-03 15:07:00,fatima.cohen@acme-fake.test,Taylor Ashby,2023-07-06 02:21:00,mei.haddad@acme-fake.test,Jordan Ford,2023-12-17 06:14:00,,,,N,Reese Reyes,101174,Pioneer Textiles Co,Gamma,Yara Ashby,Bookkeeper,2025-10-07,,Active - Placed,100008,100744,100758,Finance,,TAG-9358,8798,Delta,5294,1474,8084,Standard,Alpha,100613,,Bookkeeper Placement,,100053,"1,978",No,noah.sato@acme-fake.test,*NONE,100481,Emerson Mercer,101568,Standard,,,,,,,Standard,SKU-1811,LOT-4735,101048,Alpha,,Other,,Manila,100046,,,Gamma,100113,,,,,,,,,,100972,,,100110,,100089,N,Met Expectations,,Delta,,Placement,100681,,SKU-5898,105642,,,Delta,,,100302,
100205,Placement,107344,nina.silva@sampleco.test,Chen Reyes,2022-12-17 14:12:00,noah.larsson@acme-fake.test,Arjun Kim,2026-06-05 16:06:00,noah.cohen@sampleco.test,Morgan Larsson,2024-08-18 02:59:00,,,,N,Liam Sato,101041,Cardinal Group Group,Gamma,Aisha Haddad,Operations Associate,2025-01-19,2026-06-21,Inactive - Terminated,100415,100122,100285,Data & Analytics,,REF-1943,5300,Standard,3662,375,2768,Beta,Standard,100440,,Operations Associate Placement,,100382,"3,051",No,marco.ashby@examplecorp.test,*NONE,,Sofia Okafor,100808,Alpha,,100771,,,,,Beta,REF-9956,SKU-9030,101196,Gamma,,,,Toronto,100484,,,Standard,100462,,,,,,,,,,101178,,Relocation,100415,Involuntary,100622,N,Exceeded,Aligned on billing and renewal terms.,,100185,Placement,,,SKU-1399,106440,,,Standard,,,100482,
100759,Placement,107345,casey.brooks@demomail.test,Aisha Reyes,2024-05-11 22:35:00,quinn.larsson@demomail.test,Avery Vance,2025-03-12 05:36:00,aisha.mercer@demomail.test,Skyler Rossi,2024-06-06 20:44:00,,,,Y,Casey Okafor,101621,Atlas Analytics Inc,Standard,Reese Whitfield,Accountant,2025-03-15,2026-07-25,Inactive,100106,100511,100377,Data & Analytics,,SKU-6704,5597,Beta,476,5986,8538,Standard,Gamma,100763,,Accountant Placement,,100559,"15,689",Yes,casey.cohen@demomail.test,*NONE,100506,Jamie Sloan,101485,Alpha,,100485,,,,,Gamma,LOT-8963,LOT-1988,101375,Other,,,,Atlanta,100286,,,Alpha,100314,,,,,,,,,,100842,,Project Ended,100010,,100190,N,Exceeded,Scheduled a check-in for the coming month.,,100388,Direct Hire,100490,,SKU-3456,105909,,,Standard,,,100742,
100511,Placement,107348,riley.reyes@demomail.test,Liam Rossi,2026-07-19 17:05:00,jamie.larsson@examplecorp.test,Omar Silva,2024-12-26 04:53:00,fatima.silva@acme-fake.test,Riley Silva,2024-03-11 23:37:00,,,,N,Quinn Ford,101320,Pioneer Holdings Inc,Gamma,Arjun Larsson,Customer Success Manager,2025-06-21,,Active - Placed,100513,100638,100389,Recruiting,100316,LOT-4831,4340,Other,841,4056,9919,Beta,Gamma,100049,,Customer Success Manager Placement,,,"4,244",No,casey.mercer@sampleco.test,*NONE,,Noah Vance,101734,Standard,,100143,,,"3,758",,Other,REF-7210,REF-1750,101031,Alpha,,,,Manila,100415,,,Beta,100646,,,,,,,,,,101770,,,100625,,100325,N,Exceeded,,,,Backfill,,,TAG-1709,105909,,,Beta,,,,
100332,Placement,107351,priya.ivanov@sampleco.test,Drew Silva,2024-08-18 16:10:00,jordan.larsson@acme-fake.test,Nina Reyes,2025-09-05 15:37:00,yara.dorsey@acme-fake.test,Avery Costa,2024-04-12 06:00:00,,,,Y,Alex Nguyen,101233,Blue Ridge Retail,Alpha,Skyler Sloan,Marketing Coordinator,2024-03-02,2026-07-17,Inactive,100753,100452,100091,Human Resources,100664,LOT-6290,942,Other,5848,9891,2829,Standard,Gamma,100542,,Marketing Coordinator Placement,,100474,"14,320",No,marco.haddad@sampleco.test,Pioneer Partners Co,100235,Mei Reyes,101336,Other,,100248,,,,,Gamma,TAG-1603,REF-3392,101621,Alpha,,,,Manila,100484,,,Other,100803,,,,,,,,,,101353,,Unmet Expectations,100482,,100690,,,Followed up on the open items from last week.,,100799,Backfill,100117,,REF-4189,105284,,,Delta,,,,
100319,Placement,107352,morgan.calder@acme-fake.test,Mei Larsson,2024-02-24 09:33:00,quinn.haddad@sampleco.test,Avery Garcia,2026-07-12 05:36:00,aisha.whitfield@demomail.test,Chen Whitfield,2023-09-03 06:36:00,,,,Y,Avery Ford,100958,Summit Systems,Other,Omar Okafor,Operations Associate,2025-11-23,,Active - Placed,100339,100749,100767,Data & Analytics,,SKU-8237,2591,Alpha,2423,1314,1207,Beta,Gamma,100542,,Operations Associate Placement,,,"17,825",Yes,drew.silva@acme-fake.test,*NONE,,Rowan Sato,101484,Other,,,,,,,Delta,SKU-8434,LOT-7341,100879,Standard,,,,Toronto,100395,,,Gamma,100238,,,,,,,,,,101426,,,100156,,100712,N,,,Gamma,100715,Bench,100161,,REF-3435,105688,,,Standard,,,100646,
100265,Placement,107354,omar.whitfield@demomail.test,Priya Reyes,2025-09-27 11:27:00,omar.haddad@acme-fake.test,Arjun Calder,2022-11-15 14:43:00,noah.blake@acme-fake.test,Quinn Ivanov,2023-02-02 06:29:00,,,,Y,Casey Whitfield,100862,Lakeside Textiles Co,Beta,Arjun Whitfield,Financial Analyst,2025-12-27,,Active - Placed,,100755,100705,Data & Analytics,,TAG-7234,3750,Other,8420,1776,442,Alpha,Alpha,100738,,Financial Analyst Placement,,,"6,973",No,emerson.blake@sampleco.test,Lakeside Textiles LLC,100593,Omar Sloan,101412,Gamma,,100522,613,,,,Alpha,SKU-8651,LOT-7814,101779,Other,,,,Dallas,100161,,,Standard,100241,,,,,,,,,,101375,,,,,100069,N,Exceeded,,Standard,,Direct Hire,,,SKU-3448,106405,,,Gamma,,,,
100667,Placement,107356,riley.kim@examplecorp.test,Riley Ivanov,2024-10-13 05:08:00,emerson.haddad@acme-fake.test,Rowan Patel,2023-11-24 02:07:00,drew.ashby@examplecorp.test,Mei Nguyen,2026-04-25 07:41:00,,,,Y,Jamie Silva,101112,Vertex Textiles Corp,Alpha,Avery Cohen,Project Manager,2025-04-25,2026-07-09,Inactive - Terminated,100286,100119,100679,Human Resources,,REF-9599,990,Alpha,9640,4849,5774,Beta,Delta,100573,,Project Manager Placement,,100760,"9,141",No,priya.blake@acme-fake.test,*NONE,100722,Marco Vance,100933,Standard,,,,,,,Alpha,REF-7233,REF-5751,101734,Beta,,Alpha,,London,100434,,,Other,100042,,,,,,,,,,101238,,Performance,100413,Involuntary,,Y,Below,Scheduled a check-in for the coming month.,Alpha,100708,Direct Hire,100645,,TAG-1578,106034,,,Beta,,,100356,
100012,Placement,107359,jordan.sato@acme-fake.test,Emerson Dorsey,2024-12-10 03:05:00,yara.haddad@demomail.test,Casey Garcia,2026-01-12 13:26:00,morgan.ivanov@acme-fake.test,Morgan Calder,2025-04-27 06:00:00,,,,N,Yara Silva,101097,Falcon Solutions Ltd,Standard,Alex Cohen,Bookkeeper,2023-07-17,,Active - Placed,100314,100603,100607,Operations,,LOT-4510,1263,Other,6183,8727,17,Beta,Delta,100034,,Bookkeeper Placement,,,,Yes,jamie.silva@acme-fake.test,Cobalt Logistics Group,100386,Fatima Dorsey,101426,Gamma,,100694,,,"1,013",,Standard,SKU-5831,,101318,Alpha,,,,Denver,100329,,,Gamma,100182,,,,,,,,,,101466,,,100056,Involuntary,100281,N,Below,,,,Bench,100782,,TAG-7487,104981,,,Beta,,,100531,
100576,Placement,107361,omar.sato@sampleco.test,Rowan Dorsey,2024-08-15 08:46:00,nina.blake@examplecorp.test,Jordan Dorsey,2024-04-10 19:58:00,drew.sato@examplecorp.test,Aisha Silva,2024-10-18 20:08:00,,,,Y,Casey Kim,101691,Pioneer Dynamics Ltd,Standard,Diego Ashby,Project Manager,2025-10-30,,Active - Placed,,100119,100042,Data & Analytics,,TAG-4775,3607,Alpha,2704,2518,1717,Gamma,Alpha,100295,,Project Manager Placement,,,"17,185",Yes,aisha.vance@demomail.test,*NONE,,Quinn Brooks,101457,,,100173,,,,,Gamma,TAG-9542,,101455,Delta,4957,,,Chicago,100086,,,Beta,100391,,,,,,,,,,101320,,,100782,Voluntary,100622,N,Exceeded,,,100511,Bench,100380,,SKU-1675,106188,,,Gamma,,,100610,
100649,Placement,107363,emerson.calder@examplecorp.test,Taylor Brooks,2024-05-26 12:06:00,drew.silva@sampleco.test,Nina Reyes,2025-08-05 19:45:00,sofia.haddad@demomail.test,Chen Mensah,2023-11-14 20:21:00,,,,Y,Emerson Silva,101249,Harbor Capital Co,Other,Noah Ford,Software Developer,2026-01-12,,Active - Placed,100380,100408,100445,Customer Support,100511,SKU-1415,4887,Delta,991,293,655,Beta,Gamma,100227,,Software Developer Placement,,100434,"8,463",No,avery.dorsey@examplecorp.test,Keystone Textiles Ltd,,Elena Nguyen,101045,Beta,,100656,,,,,Delta,TAG-9728,REF-5033,100837,Gamma,,,,Phoenix,100029,,,Delta,100449,,,,,,,,,,101436,,,,Voluntary,100340,Y,Met Expectations,,Beta,,Placement,100579,,REF-4641,106415,,,Other,,,100090,
100530,Placement,107364,drew.larsson@examplecorp.test,Avery Okafor,2022-11-21 15:27:00,emerson.silva@examplecorp.test,Yara Sloan,2023-12-31 08:06:00,yara.haddad@sampleco.test,Morgan Silva,2025-02-20 17:19:00,,,,Y,Jordan Ivanov,101598,Lakeside Logistics Co,Standard,Rahul Dorsey,Data Analyst,2023-06-04,2026-06-04,Inactive,,100437,100513,Customer Support,100374,SKU-2528,9612,Alpha,7170,5907,6624,Standard,Other,100469,,Data Analyst Placement,,100799,"11,590",Yes,skyler.blake@demomail.test,Silverline Energy Ltd,100141,Skyler Cohen,101574,Delta,,,"1,512",,,,Gamma,TAG-9909,,101767,Delta,,,,London,100111,,,Gamma,100601,,,,,,,,,,101249,,Project Ended,100535,Involuntary,100487,Y,Exceeded,Shared the updated proposal for review.,,100770,Placement,,,TAG-7334,104869,,,Beta,,,100530,
100552,Placement,107365,quinn.garcia@demomail.test,Taylor Okafor,2025-07-17 02:05:00,casey.kim@acme-fake.test,Riley Ashby,2025-02-04 11:04:00,noah.nguyen@demomail.test,Morgan Larsson,2024-02-02 05:26:00,,,,N,Liam Silva,101049,Lakeside Financial LLP,Delta,Jamie Ashby,Recruiter,2025-07-04,2026-07-27,Inactive - Terminated,100382,100172,100176,Sales,,SKU-2039,4354,Other,9778,5988,5425,Other,Beta,100492,,Recruiter Placement,,,"6,921",No,elena.nguyen@acme-fake.test,*NONE,100597,Chen Cohen,101523,Other,,100272,,,,,Beta,LOT-9445,REF-7015,101063,Delta,,,,Seattle,100652,,,Delta,100302,,,,,,,,,,101157,,Performance,100213,Involuntary,100097,Y,,Discussed timeline and next steps with the account.,,100563,Bench,,,TAG-7169,105887,,,Standard,,,,
100539,Placement,107368,yara.sato@demomail.test,Emerson Reyes,2025-04-07 04:04:00,chen.mensah@examplecorp.test,Rowan Garcia,2025-02-05 02:36:00,quinn.larsson@acme-fake.test,Chen Mercer,2025-06-28 19:38:00,,,,N,Nina Mercer,101761,Granite Financial Corp,Delta,Noah Haddad,Project Manager,2025-01-07,,Active - Placed,,100345,100684,Finance,100683,SKU-1712,5187,Other,9003,9524,6312,Standard,Alpha,100604,,Project Manager Placement,,100517,"15,074",No,avery.dorsey@sampleco.test,*NONE,,Noah Vance,101577,Beta,,,57,,,,Beta,SKU-4112,REF-1114,101431,Alpha,,,,Denver,100169,,,Beta,100255,,,,,,,,,,101077,,,100452,,100014,N,Met Expectations,,,,Trial,100151,,SKU-1543,105912,,,Delta,,,100786,
100189,Placement,107369,diego.reyes@acme-fake.test,Arjun Brooks,2023-05-17 19:03:00,fatima.mercer@examplecorp.test,Alex Mercer,2023-09-06 22:51:00,alex.mercer@demomail.test,Aisha Brooks,2026-03-27 07:19:00,,,,N,Casey Ford,101551,Harbor Holdings LLC,Beta,Sofia Ashby,Support Specialist,2025-02-28,2026-06-09,Inactive - Terminated,100559,100723,100040,Marketing,,REF-2815,8380,Beta,5597,1636,6574,Beta,Gamma,100173,,Support Specialist Placement,,100388,"4,724",No,priya.ivanov@examplecorp.test,*NONE,,Sofia Ford,101436,Gamma,,100243,,,,,Gamma,TAG-8148,REF-4957,101378,Beta,,,,Bengaluru,100329,,,Gamma,100500,,,,,,,,,,101730,,,100596,Involuntary,100765,Y,Exceeded,Followed up on the open items from last week.,Alpha,100641,Bench,,,TAG-7605,105235,,,Standard,,,100473,
100073,Placement,107370,elena.mensah@demomail.test,Aisha Cohen,2025-09-08 00:39:00,marco.nguyen@acme-fake.test,Drew Silva,2024-08-11 11:05:00,arjun.whitfield@demomail.test,Priya Costa,2022-11-25 21:22:00,,,,N,Jamie Calder,100930,Blue Ridge Financial,Beta,Skyler Okafor,Bookkeeper,2024-11-14,2026-07-18,Inactive,100342,100800,100229,Finance,,LOT-8976,8174,Delta,6957,3424,2986,Delta,Other,100180,,Bookkeeper Placement,,100069,"1,608",No,diego.rossi@sampleco.test,*NONE,100432,Sofia Silva,101207,Beta,,,"1,748",,"2,615",,Gamma,REF-7572,,100887,Other,,,,Atlanta,100103,,,Delta,100664,,,,,,,,,,101161,,Converted to Direct Hire,,Voluntary,100464,N,Exceeded,Scheduled a check-in for the coming month.,,100029,Backfill,100704,,SKU-6797,106061,,,Other,,,100180,
100449,Placement,107373,riley.ivanov@demomail.test,Nina Rossi,2022-11-12 14:34:00,sofia.ford@sampleco.test,Aisha Costa,2023-09-16 10:10:00,yara.costa@examplecorp.test,Alex Sloan,2023-02-08 07:03:00,,,,Y,Fatima Vance,101674,Harbor Systems Group,,Mei Mercer,Financial Analyst,2025-11-28,2026-07-15,Inactive,100213,100094,100531,Recruiting,,SKU-4532,6809,Gamma,1325,7526,5890,Delta,Other,100546,,Financial Analyst Placement,,,"3,297",No,avery.patel@examplecorp.test,Northwind Logistics Inc,,Marco Dorsey,101400,Beta,,100449,,,,,Delta,TAG-3127,,101299,Delta,,,,Bengaluru,100220,,,Gamma,100530,,,,,,,,,,101096,,Unmet Expectations,100359,,100449,N,Exceeded,Noted a concern to revisit at the next sync.,,100380,Bench,,,LOT-3891,106190,,,Gamma,,,,
100484,Placement,107375,taylor.brooks@demomail.test,Rahul Mercer,2025-09-24 06:35:00,morgan.silva@examplecorp.test,Rahul Sloan,2023-07-03 07:06:00,priya.cohen@demomail.test,Nina Ashby,2024-12-18 05:29:00,,,,Y,Diego Brooks,101546,Everest Robotics Inc,Other,Aisha Rossi,Marketing Coordinator,2024-09-20,,Active - Placed,,100345,100235,Sales,,LOT-6465,348,Standard,3706,6674,9854,Standard,Beta,100615,,Marketing Coordinator Placement,,,"13,319",Yes,morgan.reyes@examplecorp.test,*NONE,,Quinn Cohen,101187,Other,Delta,100269,,,"3,787",,Alpha,REF-8405,REF-8253,100997,Delta,,,,Bengaluru,100765,,,Alpha,100265,,,,,,,,,,100985,,,100731,Voluntary,100215,N,,,,100654,Placement,,,TAG-1562,105466,,,Other,,,,
100374,Placement,107376,jordan.sato@examplecorp.test,Rahul Mensah,2025-11-06 17:14:00,omar.brooks@sampleco.test,Sofia Nguyen,2023-05-10 10:03:00,taylor.ashby@examplecorp.test,Elena Nguyen,2026-07-07 16:04:00,,,,Y,Jamie Reyes,101532,Brightpath Ventures LLP,Delta,Diego Costa,Support Specialist,2025-07-09,,Active - Terminated,,100772,100720,Finance,,LOT-9499,5877,Other,8535,5944,6121,Beta,Other,100301,,Support Specialist Placement,,100348,"4,727",No,arjun.reyes@demomail.test,Keystone Manufacturing LLP,100212,Rowan Kim,101139,Gamma,,100136,,,"3,833",,Gamma,SKU-1098,LOT-4661,101229,Alpha,,,,Denver,100793,,,Gamma,100254,,,,,,,,,,101707,,,100496,,100542,N,Met Expectations,,,,Bench,100239,,SKU-7899,105258,,,Delta,,,100182,
100694,Placement,107379,omar.cohen@sampleco.test,Jamie Silva,2023-10-22 23:00:00,noah.calder@acme-fake.test,Elena Larsson,2026-07-31 02:51:00,aisha.blake@demomail.test,Diego Vance,2022-10-27 22:56:00,,,,N,Casey Mensah,100910,Blue Ridge Systems Ltd,Standard,Taylor Blake,Executive Assistant,2024-11-21,2026-07-30,Inactive - Terminated,100070,100772,100652,Accounting,100227,LOT-2745,7914,Standard,7192,3036,8264,Standard,Delta,100257,,Executive Assistant Placement,,100555,"5,109",Yes,marco.reyes@demomail.test,Horizon Networks Ltd,100509,Mei Brooks,100826,Standard,,100742,,,,,Alpha,TAG-8195,,101198,Standard,,,,Phoenix,100530,,,Other,100641,,,,,,,,,,101550,,Converted to Direct Hire,100323,,100610,Y,Met Expectations,Reviewed performance and gathered feedback.,Beta,100323,Placement,100395,,SKU-9669,105445,,,Gamma,,,,
100467,Placement,107381,priya.brooks@demomail.test,Yara Nguyen,2024-10-06 09:37:00,elena.haddad@demomail.test,Diego Sloan,2024-01-18 10:19:00,yara.vance@examplecorp.test,Marco Blake,2023-03-03 23:50:00,,,,N,Riley Mercer,101623,Delta Ventures Co,Other,Elena Whitfield,Support Specialist,2024-12-07,,Active - Placed,100269,100426,100473,Data & Analytics,100474,TAG-2064,2646,Other,4782,6199,5215,Alpha,Gamma,100265,,Support Specialist Placement,,,"9,662",No,nina.blake@examplecorp.test,*NONE,100323,Skyler Ford,101486,Delta,,100113,"1,837",,"4,621",,Beta,REF-4590,,101673,Standard,,,,Austin,100673,,,Alpha,100526,,,,,,,,,,100936,,,100526,Involuntary,100755,Y,Below,,,,Placement,,,LOT-4005,104943,,,Other,,,100076,
100661,Placement,107382,morgan.vance@demomail.test,Chen Garcia,2026-04-28 07:50:00,aisha.sato@acme-fake.test,Casey Mercer,2025-05-15 14:03:00,jordan.cohen@acme-fake.test,Mei Mensah,2025-05-31 16:33:00,,,,N,Riley Haddad,100826,Everest Robotics Co,Beta,Mei Garcia,Support Specialist,2024-01-18,,Active - Placed,,100597,100203,Data & Analytics,,LOT-2020,8318,Other,5307,8533,4809,Alpha,Alpha,100040,,Support Specialist Placement,,,"14,649",No,marco.patel@acme-fake.test,*NONE,100132,Quinn Cohen,101755,Alpha,,,"1,019",,,,Delta,SKU-6348,TAG-5105,101682,Other,,,,Bengaluru,100585,,,Other,100285,,,,,,,,,,101238,,,100468,,100686,,,,,100342,Placement,,,SKU-9918,105715,,,Standard,,,100295,
100269,Placement,107383,casey.mercer@examplecorp.test,Marco Okafor,2024-09-17 12:48:00,yara.costa@demomail.test,Jamie Cohen,2024-10-22 23:30:00,jamie.rossi@acme-fake.test,Emerson Ashby,2024-10-15 19:36:00,,,,Y,Skyler Mercer,101391,Silverline Industries Ltd,,Sofia Reyes,Operations Associate,2025-06-08,2026-07-02,Inactive,,100328,100788,Software Engineering,,LOT-9693,2012,Gamma,6828,2005,5437,Beta,Delta,100356,,Operations Associate Placement,,100772,"8,463",No,rahul.garcia@acme-fake.test,*NONE,,Sofia Ashby,101491,Alpha,,100715,,,"3,044",,Beta,LOT-1603,TAG-2397,100979,Gamma,,,,Denver,100254,,,Delta,100555,,,,,,,,,,101153,,Relocation,100208,,100126,N,,Resolved the outstanding question about scope.,Delta,100336,Direct Hire,,,TAG-3455,105265,,,Beta,,,,
100469,Placement,107386,drew.silva@sampleco.test,Sofia Silva,2023-03-19 03:53:00,reese.ivanov@examplecorp.test,Casey Dorsey,2025-07-06 14:00:00,yara.sloan@acme-fake.test,Priya Mensah,2024-01-01 03:55:00,,,,N,Taylor Costa,101514,Vertex Financial Corp,Delta,Drew Reyes,Executive Assistant,2024-07-06,,Active - Placed,100008,100467,100053,Human Resources,,TAG-9430,8988,Delta,1647,7850,9643,Standard,Gamma,100254,,Executive Assistant Placement,,100712,"13,518",Yes,elena.whitfield@acme-fake.test,Redwood Robotics Group,100215,Taylor Blake,101463,Gamma,,100681,,,,,Delta,TAG-7362,TAG-6832,100895,Gamma,,,,Chicago,100684,,,Alpha,100722,,,,,,,,,,101748,,,100328,,100784,N,Below,,,100744,Placement,100282,,LOT-5791,105062,,,Alpha,,,100017,
100522,Placement,107389,marco.ford@sampleco.test,Priya Ashby,2022-11-07 20:03:00,liam.blake@demomail.test,Nina Garcia,2026-07-16 01:56:00,alex.calder@examplecorp.test,Rahul Cohen,2023-04-25 09:18:00,,,,N,Skyler Kim,101135,Pioneer Textiles LLC,Standard,Reese Cohen,QA Engineer,2025-08-21,,Active - Placed,100348,100223,100473,Recruiting,,LOT-8506,7127,Alpha,9717,3549,9386,Alpha,Delta,100473,,QA Engineer Placement,,100060,"13,503",No,avery.brooks@acme-fake.test,*NONE,100477,Chen Rossi,101772,Alpha,,,"1,789",,,,Other,LOT-8599,TAG-4338,101555,Alpha,,,,Manila,100293,,,Gamma,100009,,,,,,,,,,101439,,,100738,,100481,,Met Expectations,,Delta,100161,Trial,,,TAG-9953,105627,,,Delta,,,,
100234,Placement,107392,mei.okafor@examplecorp.test,Reese Ivanov,2024-01-11 10:12:00,nina.silva@examplecorp.test,Rahul Sato,2026-01-27 11:52:00,skyler.patel@examplecorp.test,Taylor Patel,2022-12-16 11:28:00,,,,Y,Omar Cohen,101714,Lakeside Textiles Ltd,Alpha,Diego Reyes,Customer Success Manager,2023-12-25,2026-07-04,Inactive - Terminated,100765,100010,100417,Finance,100482,REF-2516,6173,Gamma,7911,871,9852,Standard,Alpha,100049,,Customer Success Manager Placement,,100168,"5,855",Yes,taylor.haddad@demomail.test,Brightpath Partners LLP,100440,Rahul Ford,101097,Beta,,100741,,,,,Gamma,LOT-6136,,101220,Other,,,,Austin,100034,,,Other,100424,,,,,,,,,,101288,,Project Ended,100568,,100029,Y,Below,Noted a concern to revisit at the next sync.,Other,100272,Placement,100477,,LOT-4948,105979,,,Other,,,,
100500,Placement,107393,taylor.garcia@examplecorp.test,Elena Ashby,2023-12-08 11:53:00,aisha.mensah@acme-fake.test,Omar Garcia,2025-09-10 01:02:00,casey.okafor@demomail.test,Quinn Brooks,2024-02-24 20:35:00,,,,Y,Reese Ford,101180,Everest Financial,Standard,Rahul Rossi,QA Engineer,2024-10-07,2026-06-19,Inactive,100642,100799,100597,Marketing,,LOT-6932,3572,Beta,5400,4621,9942,Other,Beta,100034,,QA Engineer Placement,,100305,"5,800",Yes,omar.larsson@sampleco.test,Vertex Ventures Co,100500,Alex Nguyen,101699,Alpha,,100568,,,"4,605",,Delta,SKU-9371,TAG-6001,101234,Gamma,,,,Dallas,100363,,,Gamma,100008,,,,,,,,,,101696,,Performance,100487,Voluntary,100063,N,,Reviewed performance and gathered feedback.,,100784,Placement,,,REF-9819,105423,,,Delta,,,100062,
100560,Placement,107395,noah.mensah@demomail.test,Morgan Vance,2026-06-20 14:04:00,sofia.brooks@sampleco.test,Nina Blake,2025-05-12 21:05:00,emerson.blake@sampleco.test,Priya Sato,2026-03-20 13:25:00,,,,N,Mei Ashby,101394,Cardinal Financial Group,Beta,Elena Cohen,Accountant,2024-09-22,2026-07-06,Inactive,100482,100535,100058,Accounting,100625,SKU-7328,4441,Gamma,7087,3963,914,Other,Gamma,100788,,Accountant Placement,,100242,"13,326",No,elena.larsson@sampleco.test,Ironwood Group LLC,100293,Elena Cohen,101138,Standard,,100076,393,,,,Standard,TAG-6191,,101269,Other,,,,Toronto,100494,,,Gamma,100593,,,,,,,,,,101428,,Unmet Expectations,100672,,100206,,Exceeded,Aligned on billing and renewal terms.,,100603,Placement,,,TAG-7363,105804,,,Beta,,,100715,
100008,Placement,107397,fatima.whitfield@sampleco.test,Casey Larsson,2023-03-01 18:24:00,morgan.ivanov@demomail.test,Diego Nguyen,2025-04-20 08:55:00,priya.mercer@examplecorp.test,Fatima Costa,2026-03-06 03:46:00,,,,N,Priya Whitfield,101580,Northwind Dynamics Ltd,Delta,Casey Dorsey,Marketing Coordinator,2024-09-10,,Active - Placed,100236,100498,100511,Software Engineering,,TAG-9003,3542,Beta,3957,9002,2334,Alpha,Standard,100058,,Marketing Coordinator Placement,,,"4,197",Yes,reese.reyes@sampleco.test,*NONE,100073,Arjun Ford,101174,Gamma,,,"1,231",,,,Gamma,REF-4038,LOT-3361,101286,Delta,,,,Chicago,100734,,,Beta,100089,,,,,,,,,,101657,,,,,100026,Y,Below,,,100359,Placement,100782,,TAG-8579,105779,,,Gamma,,,,
100016,Placement,107398,elena.vance@acme-fake.test,Chen Brooks,2023-01-26 01:57:00,elena.whitfield@demomail.test,Casey Mercer,2023-09-03 13:54:00,taylor.kim@demomail.test,Noah Mensah,2024-06-13 09:54:00,,,,N,Priya Sato,101296,Summit Media,Gamma,Rowan Patel,Project Manager,2023-05-08,,Active - Terminated,,100551,100301,Sales,100729,LOT-8366,6488,Gamma,5457,357,8664,Standard,Delta,100333,,Project Manager Placement,,100025,"5,761",No,elena.ashby@examplecorp.test,*NONE,100377,Sofia Calder,101274,Other,,,,,,,Beta,REF-1250,TAG-1247,100827,Delta,3403,,,Atlanta,100063,,,Beta,100086,,,,,,,,,,100857,,,100262,Voluntary,100275,N,Exceeded,,,100309,Placement,,,REF-1443,105931,,,Gamma,,,100029,
100513,Placement,107400,elena.okafor@demomail.test,Quinn Sato,2025-11-16 05:14:00,chen.mercer@demomail.test,Taylor Ashby,2026-05-03 23:57:00,elena.dorsey@demomail.test,Quinn Patel,2023-01-20 03:49:00,,,,Y,Emerson Sloan,101476,Blue Ridge Capital Ltd,,Chen Okafor,Payroll Specialist,2025-09-26,2026-06-03,Inactive - Terminated,,100789,100649,Accounting,100104,TAG-5918,3382,Other,5759,9135,8435,Alpha,Standard,100329,,Payroll Specialist Placement,,100658,"7,383",No,marco.vance@sampleco.test,*NONE,,Alex Nguyen,101403,Alpha,,100319,,,790,,Other,TAG-2369,,101721,Gamma,,,,Atlanta,100012,,,Gamma,100789,,,,,,,,,,101580,,Unmet Expectations,100539,,100328,Y,Exceeded,Aligned on billing and renewal terms.,Standard,100285,Backfill,100313,,REF-2097,105731,,,Standard,,,100585,
100685,Placement,107402,rahul.haddad@examplecorp.test,Skyler Ivanov,2025-08-04 21:25:00,alex.sloan@demomail.test,Chen Ivanov,2024-10-09 07:30:00,yara.mensah@examplecorp.test,Jamie Ford,2023-07-07 21:08:00,,,,N,Chen Calder,101319,Summit Industries Group,Other,Taylor Kim,Executive Assistant,2025-08-24,,Active - Terminated,100457,100569,100184,Marketing,,TAG-9048,5320,Gamma,4001,1248,7738,Standard,Beta,100462,,Executive Assistant Placement,,100704,"13,348",No,reese.whitfield@sampleco.test,*NONE,100344,Fatima Ford,101200,Alpha,,100624,,,,,Other,SKU-9046,LOT-7236,101660,Alpha,,,,Toronto,100670,,,Delta,100343,,,,,,,,,,101318,,,100722,,100262,Y,,,Other,100729,Bench,100560,,REF-4618,105906,,,Beta,,,,
100241,Placement,107404,riley.ashby@sampleco.test,Rowan Silva,2025-06-14 14:38:00,fatima.okafor@sampleco.test,Noah Sato,2024-01-21 00:01:00,morgan.brooks@sampleco.test,Emerson Mercer,2025-07-10 16:33:00,,,,N,Jamie Cohen,100940,Pioneer Energy Ltd,,Sofia Whitfield,Data Analyst,2025-06-30,,Active - Terminated,,100742,100569,Recruiting,,LOT-9914,1698,Alpha,8440,141,7772,Other,Standard,100029,,Data Analyst Placement,,100239,"2,118",Yes,drew.reyes@acme-fake.test,*NONE,100178,Fatima Brooks,100892,Gamma,,100415,,,510,,Gamma,TAG-2689,,101013,Beta,,,,Atlanta,100485,,,Standard,100774,,,,,,,,,,101751,,,100424,Voluntary,100613,N,Exceeded,,Standard,100293,Placement,,,LOT-9216,105444,,,Beta,,,,
100417,Placement,107407,emerson.sato@examplecorp.test,Yara Mercer,2024-09-20 08:10:00,quinn.vance@examplecorp.test,Casey Mercer,2024-12-16 17:48:00,omar.okafor@acme-fake.test,Morgan Sloan,2026-04-02 13:08:00,,,,N,Liam Larsson,101585,Granite Textiles Ltd,Standard,Diego Sloan,Support Specialist,2024-06-24,2026-07-25,Inactive - Terminated,100058,100286,100667,Finance,100290,REF-6656,4539,Beta,2390,9272,8222,Alpha,Delta,100377,,Support Specialist Placement,,,"2,397",Yes,morgan.cohen@demomail.test,Falcon Partners Co,,Taylor Calder,101194,Other,,100546,,,,,Alpha,LOT-6408,REF-9993,101657,Delta,,,,London,100014,,,Delta,100031,,,,,,,,,,101139,,Converted to Direct Hire,,Involuntary,100432,N,Exceeded,Resolved the outstanding question about scope.,,100490,Placement,100115,,TAG-8822,105028,,,Other,,,100370,
100128,Placement,107408,skyler.reyes@demomail.test,Liam Sloan,2024-12-16 16:12:00,diego.silva@sampleco.test,Riley Okafor,2025-03-30 20:19:00,diego.haddad@examplecorp.test,Mei Dorsey,2024-01-12 08:08:00,,,,Y,Elena Patel,101247,Everest Textiles LLC,Other,Jamie Costa,Executive Assistant,2024-03-24,,Active - Placed,,100405,100073,Human Resources,100523,REF-7941,173,Alpha,9982,3939,4700,Alpha,Delta,100459,,Executive Assistant Placement,,,"8,366",Yes,rahul.okafor@acme-fake.test,*NONE,100418,Omar Ford,101485,Gamma,,100080,,,,,Alpha,LOT-8337,TAG-4999,100862,Delta,,,,Atlanta,100280,,,Other,100601,,,,,,,,,,100999,,,100454,Involuntary,100305,Y,Below,,Gamma,100792,Direct Hire,100298,,LOT-4254,105066,,,Alpha,,,,
100696,Placement,107409,jamie.costa@demomail.test,Casey Sato,2023-05-26 02:22:00,quinn.reyes@examplecorp.test,Chen Rossi,2024-08-14 07:30:00,liam.nguyen@examplecorp.test,Noah Patel,2024-05-24 22:17:00,,,,Y,Fatima Haddad,101226,Atlas Systems,,Priya Haddad,Payroll Specialist,2023-06-07,2026-06-27,Inactive,100672,100208,100731,Operations,100075,SKU-9749,4987,Alpha,5052,7782,2563,Alpha,Other,100634,,Payroll Specialist Placement,,100146,"1,879",No,rahul.kim@acme-fake.test,Meridian Foods Corp,,Avery Blake,101560,Alpha,,100366,,,,,Alpha,TAG-6656,TAG-4404,101295,Standard,,,,Austin,100548,,,Delta,100288,,,,,,,,,,100827,,Project Ended,100236,,,,Exceeded,Shared the updated proposal for review.,Other,100345,Placement,100169,,REF-9333,106371,,,Other,,,100440,
100717,Placement,107410,quinn.cohen@demomail.test,Yara Garcia,2025-12-06 22:31:00,rowan.costa@sampleco.test,Sofia Costa,2025-02-23 22:32:00,diego.mensah@sampleco.test,Jamie Costa,2025-09-13 08:20:00,,,,Y,Morgan Ford,101215,Brightpath Ventures Inc,Alpha,Riley Okafor,Support Specialist,2025-04-26,2026-06-18,Inactive - Terminated,100129,100720,100685,Software Engineering,100587,REF-6416,9726,Gamma,8411,4961,6662,Beta,Delta,100305,,Support Specialist Placement,,,"11,523",No,jordan.whitfield@sampleco.test,Atlas Financial Ltd,,Morgan Larsson,101124,Other,,,,,,,Standard,TAG-1987,LOT-7038,101503,Beta,,,,Toronto,100310,,,Delta,100319,,,,,,,,,,100950,,,100217,Voluntary,100673,N,Met Expectations,Scheduled a check-in for the coming month.,Gamma,100750,Placement,,,SKU-9644,104862,,,Delta,,,100777,
100277,Placement,107411,liam.okafor@acme-fake.test,Mei Larsson,2025-09-22 18:06:00,emerson.mercer@acme-fake.test,Diego Patel,2023-07-30 05:00:00,diego.patel@sampleco.test,Elena Okafor,2026-04-28 05:33:00,,,,Y,Marco Mercer,101217,Copper Media Co,,Priya Vance,Recruiter,2024-02-02,,Active - Placed,100030,100017,100571,Accounting,,REF-2591,5379,Alpha,5982,6429,5350,Gamma,Standard,100696,,Recruiter Placement,,100245,"14,583",Yes,nina.brooks@acme-fake.test,Blue Ridge Robotics,100386,Rahul Rossi,101174,Alpha,,,,,"1,374",,Delta,TAG-5218,TAG-1205,101274,Standard,,,,Austin,100492,,,Standard,100437,,,,,,,,,,100956,,,100079,Voluntary,100080,N,,,,100391,Bench,100029,,REF-4744,105588,,,Standard,,,100272,
100784,Placement,107413,rowan.brooks@acme-fake.test,Sofia Brooks,2024-03-20 20:08:00,reese.nguyen@acme-fake.test,Arjun Ivanov,2024-02-06 06:32:00,morgan.larsson@examplecorp.test,Drew Reyes,2023-07-08 13:28:00,,,,N,Arjun Okafor,101242,Evergreen Textiles,Standard,Yara Reyes,Support Specialist,2024-05-27,2026-06-18,Inactive - Terminated,,100186,100391,Sales,,LOT-4628,5027,Standard,6544,4282,6705,Beta,Delta,100417,,Support Specialist Placement,,100248,"5,057",No,avery.mercer@sampleco.test,*NONE,,Morgan Brooks,101065,Delta,,100363,256,,,,Delta,TAG-3151,,101620,Standard,,,,Seattle,100302,,,Gamma,100429,,,,,,,,,,101693,,Project Ended,100391,Voluntary,100709,Y,,Shared the updated proposal for review.,Standard,,Placement,100254,,SKU-8770,105867,,,Delta,,,100518,
100513,Placement,107414,reese.costa@acme-fake.test,Alex Vance,2026-07-15 15:07:00,taylor.mensah@acme-fake.test,Yara Patel,2025-07-06 14:25:00,rahul.kim@sampleco.test,Priya Vance,2026-04-27 08:22:00,,,,N,Chen Brooks,100834,Everest Retail Co,Alpha,Morgan Cohen,Software Developer,2024-06-28,2026-06-14,Inactive,,100620,100280,Data & Analytics,,SKU-6050,8087,Delta,2108,9432,7427,Other,Other,100538,,Software Developer Placement,,100128,"9,452",No,aisha.blake@acme-fake.test,*NONE,100559,Fatima Sato,100948,Gamma,,,,,,,Other,LOT-9089,SKU-8782,100892,Beta,,,,Bengaluru,100353,,,Other,100049,,,,,,,,,,101312,,Project Ended,100746,Involuntary,100615,Y,Below,Aligned on billing and renewal terms.,Gamma,100735,Direct Hire,100796,,TAG-6554,105888,,,Other,,,,
100744,Placement,107416,avery.patel@examplecorp.test,Avery Whitfield,2023-11-30 04:34:00,priya.whitfield@sampleco.test,Elena Mercer,2026-02-24 04:56:00,skyler.ivanov@sampleco.test,Liam Whitfield,2025-10-01 00:06:00,,,,N,Diego Costa,100937,Keystone Systems Group,Delta,Fatima Kim,Data Analyst,2023-08-01,,Active - Placed,100704,100770,100280,Data & Analytics,,SKU-9107,1602,Beta,6374,1412,8626,Standard,Beta,100389,,Data Analyst Placement,,100046,"17,020",No,priya.garcia@examplecorp.test,*NONE,100479,Morgan Sloan,101045,Alpha,,100168,"1,475",,,,Other,LOT-7458,LOT-4041,101674,Standard,,,,Seattle,100574,,,Alpha,100634,,,,,,,,,,101015,,,100143,Voluntary,100066,N,Exceeded,,Delta,,Bench,,,REF-6946,105123,,,Delta,,,100429,
100368,Placement,107418,jordan.sato@demomail.test,Noah Larsson,2024-04-18 23:54:00,chen.reyes@acme-fake.test,Arjun Okafor,2023-09-01 18:52:00,mei.ashby@demomail.test,Noah Brooks,2022-10-31 00:48:00,,,,Y,Marco Cohen,101203,Pioneer Solutions,Gamma,Avery Kim,Operations Associate,2025-03-29,,Active - Placed,,100531,100434,Finance,,TAG-6617,4691,Standard,3914,4693,8085,Other,Gamma,100555,,Operations Associate Placement,,100176,,Yes,drew.nguyen@sampleco.test,Silverline Financial Ltd,,Rowan Blake,101596,Standard,,,"1,428",,"3,332",,Standard,LOT-5598,TAG-7374,101533,Gamma,,,,Seattle,100376,,,Gamma,100538,,,,,,,,,,101072,,,100530,Voluntary,100049,Y,Below,,Beta,,Placement,100555,,LOT-2500,106474,,,Alpha,,,,
100069,Placement,107419,elena.cohen@demomail.test,Rahul Ivanov,2025-08-19 17:20:00,sofia.nguyen@sampleco.test,Marco Patel,2024-08-02 02:59:00,omar.sato@acme-fake.test,Rowan Haddad,2024-01-24 00:22:00,,,,Y,Arjun Dorsey,101497,Beacon Robotics LLP,Alpha,Mei Calder,Payroll Specialist,2024-01-25,,Active - Placed,100670,100371,100302,Human Resources,100482,REF-7219,6485,Alpha,2983,8648,3641,Standard,Beta,100156,,Payroll Specialist Placement,,100229,"14,316",Yes,chen.garcia@demomail.test,*NONE,,Skyler Garcia,101485,Delta,,100565,,,"1,989",,Gamma,LOT-3042,REF-9332,101497,Alpha,,,,Dallas,100464,,,Beta,100212,,,,,,,,,,101039,,,100042,,100016,,Met Expectations,,Alpha,,Direct Hire,,,TAG-2371,106426,,,Standard,,,100352,
100518,Placement,107420,casey.haddad@examplecorp.test,Nina Larsson,2026-04-14 17:46:00,yara.mercer@acme-fake.test,Emerson Ashby,2025-10-11 01:55:00,elena.calder@examplecorp.test,Alex Ford,2024-07-08 11:26:00,,,,N,Reese Nguyen,101613,Meridian Solutions LLC,,Priya Kim,Recruiter,2023-12-20,,Active - Placed,100267,100325,100486,Marketing,100628,REF-8336,5613,Alpha,3563,469,2467,Other,Standard,100490,,Recruiter Placement,,100426,"14,525",No,jamie.patel@demomail.test,*NONE,,Liam Vance,101305,Standard,,100518,,,,,Beta,REF-3502,SKU-9409,101573,Alpha,,,,Manila,100485,,,Other,100008,,,,,,,,,,101004,,,100351,Voluntary,100591,,,,Alpha,,Trial,100020,,LOT-3620,105442,,,Delta,,,100646,
100178,Placement,107422,drew.reyes@sampleco.test,Priya Brooks,2026-03-29 10:41:00,diego.ivanov@examplecorp.test,Chen Mensah,2023-08-19 16:39:00,diego.mensah@sampleco.test,Sofia Garcia,2024-08-17 23:04:00,,,,Y,Fatima Ford,101374,Cobalt Foods LLP,Beta,Chen Calder,Customer Success Manager,2024-09-06,,Active - Placed,,100240,100518,Marketing,100763,LOT-7054,1486,Standard,7783,7070,2345,Alpha,Gamma,100576,,Customer Success Manager Placement,,,"2,446",Yes,chen.rossi@examplecorp.test,*NONE,100800,Chen Reyes,100862,Standard,,100705,,,,,Gamma,TAG-2147,REF-7222,101350,Beta,,Other,,Austin,100587,,,Delta,100042,,,,,,,,,,101711,,,100049,,100403,Y,Met Expectations,,Other,100086,Direct Hire,,,TAG-4233,105685,,,Beta,,,,
100447,Placement,107425,emerson.cohen@acme-fake.test,Omar Haddad,2024-10-20 21:12:00,jamie.larsson@acme-fake.test,Noah Reyes,2024-06-15 15:10:00,drew.silva@sampleco.test,Arjun Vance,2023-02-25 13:27:00,,,,Y,Arjun Ford,100904,Lakeside Holdings Inc,,Sofia Mercer,Operations Associate,2026-03-14,2026-07-17,Inactive,,100020,100316,Recruiting,,TAG-7399,2640,Alpha,6261,1811,4607,Beta,Delta,100197,,Operations Associate Placement,,,"2,946",Yes,omar.sloan@examplecorp.test,*NONE,100708,Quinn Garcia,101609,,,100625,,,"3,609",,Beta,SKU-1526,,101190,Other,,,,Atlanta,100676,,,Delta,100288,,,,,,,,,,101063,,Unmet Expectations,100613,,100091,Y,,Shared the updated proposal for review.,Gamma,100792,Placement,100062,,REF-5366,106126,,,Beta,,,100542,
100090,Placement,107428,chen.okafor@demomail.test,Jordan Haddad,2023-11-21 07:11:00,morgan.ford@acme-fake.test,Jamie Ivanov,2024-02-24 01:31:00,arjun.garcia@sampleco.test,Diego Reyes,2023-05-29 19:29:00,,,,N,Sofia Ivanov,101171,Beacon Dynamics Group,Delta,Skyler Haddad,Operations Associate,2025-07-25,,Active - Terminated,,100664,100215,Accounting,100203,SKU-6601,5659,Beta,1353,5227,4821,Standard,Gamma,100477,,Operations Associate Placement,,100696,"9,164",No,sofia.nguyen@acme-fake.test,*NONE,100224,Aisha Ford,100895,Delta,,100334,,,"4,842",,Gamma,LOT-3553,,100879,Alpha,,,,Bengaluru,100368,,,Beta,100041,,,,,,,,,,101327,,,100126,Involuntary,100111,Y,Exceeded,,Alpha,100146,Backfill,100009,,TAG-9164,105075,,,Delta,,,,
100049,Placement,107431,jamie.costa@acme-fake.test,Reese Silva,2025-06-23 08:07:00,jordan.nguyen@sampleco.test,Casey Kim,2023-03-04 20:28:00,rowan.mercer@acme-fake.test,Taylor Ashby,2024-09-16 03:43:00,,,,Y,Marco Calder,101434,Pioneer Manufacturing Inc,Standard,Rahul Dorsey,Customer Success Manager,2024-06-18,2026-06-18,Inactive - Terminated,100382,100601,100788,Customer Support,,SKU-2590,2404,Gamma,5676,6486,510,Standard,Standard,100670,,Customer Success Manager Placement,,100190,"10,696",Yes,elena.ford@demomail.test,*NONE,,Casey Calder,100843,Alpha,,,,,,,Standard,SKU-6366,REF-7819,101762,Other,,,,Chicago,100241,,,Standard,100395,,,,,,,,,,101093,,Unmet Expectations,100168,Involuntary,100097,Y,Exceeded,Scheduled a check-in for the coming month.,Other,100206,Placement,100516,,LOT-7608,105269,,,Standard,,,100223,
100418,Placement,107432,liam.ford@examplecorp.test,Chen Reyes,2025-05-18 18:42:00,elena.ford@acme-fake.test,Fatima Whitfield,2025-11-11 17:29:00,reese.mercer@acme-fake.test,Rahul Larsson,2024-08-03 09:13:00,,,,N,Reese Larsson,101642,Cardinal Holdings LLP,Standard,Chen Mercer,Operations Associate,2025-02-08,2026-07-27,Inactive - Terminated,,100467,100025,Marketing,100079,SKU-8801,7063,Alpha,9078,2087,5532,Beta,Delta,100603,,Operations Associate Placement,,,"12,320",No,jordan.cohen@examplecorp.test,*NONE,100314,Emerson Brooks,101078,Standard,,,,,,,Other,LOT-8241,TAG-1229,100843,Other,,,,Mumbai,100532,,,Standard,100046,,,,,,,,,,101327,,Relocation,100172,,,Y,Below,Shared the updated proposal for review.,Standard,100142,Backfill,100044,,REF-3441,105020,,,Beta,,,,
100126,Placement,107435,taylor.mercer@acme-fake.test,Elena Garcia,2024-07-25 12:20:00,skyler.garcia@acme-fake.test,Liam Vance,2023-02-18 07:29:00,chen.ashby@demomail.test,Nina Whitfield,2025-04-15 19:24:00,,,,Y,Marco Patel,101107,Cardinal Analytics Group,Delta,Noah Mercer,QA Engineer,2025-08-09,,Active - Placed,100008,100803,100709,Human Resources,,REF-7140,1333,Delta,1216,8381,8352,Standard,Standard,100588,,QA Engineer Placement,,100255,"13,264",Yes,avery.nguyen@demomail.test,*NONE,,Rahul Mensah,100895,Beta,,,,,"4,678",,Alpha,SKU-8194,SKU-3978,100828,Standard,,,,Seattle,100601,,,Other,100622,,,,,,,,,,101551,,,100243,Voluntary,100342,Y,Exceeded,,,100753,Direct Hire,100709,,SKU-3107,106606,,,Alpha,,,,
100734,Placement,107437,fatima.sloan@examplecorp.test,Aisha Costa,2025-01-18 20:28:00,morgan.silva@acme-fake.test,Alex Okafor,2026-02-10 21:13:00,chen.rossi@examplecorp.test,Priya Vance,2023-01-15 06:12:00,,,,Y,Liam Vance,101045,Pioneer Labs LLP,Beta,Noah Cohen,Recruiter,2023-08-26,,Active - Placed,100437,100735,100429,Recruiting,,REF-7527,1321,Other,424,4943,5856,Delta,Other,100735,,Recruiter Placement,,,"8,733",No,fatima.rossi@demomail.test,*NONE,100755,Chen Rossi,101083,Beta,,100683,,,"1,778",,Delta,REF-8279,LOT-5393,100862,Other,,,,Denver,100760,,,Alpha,100331,,,,,,,,,,101020,,,,Involuntary,100003,,,,Beta,100615,Placement,100526,,LOT-9693,106423,,,Other,,,100774,
100305,Placement,107438,arjun.reyes@examplecorp.test,Casey Mercer,2026-03-26 20:16:00,quinn.costa@demomail.test,Liam Cohen,2025-05-02 02:18:00,elena.brooks@acme-fake.test,Arjun Garcia,2025-05-06 02:53:00,,,,Y,Rowan Mercer,100855,Everest Media Co,Standard,Priya Sato,Accountant,2026-04-13,,Active - Placed,100164,100712,100176,Marketing,100569,REF-9079,3780,Standard,5932,6417,4081,Other,Delta,100760,,Accountant Placement,,100429,"7,524",No,rowan.kim@demomail.test,Beacon Systems Corp,100485,Taylor Silva,101018,Delta,,100342,,,,,Alpha,REF-1600,SKU-4923,101764,Beta,,,,London,100389,,,Delta,100156,,,,,,,,,,101699,,,100613,Involuntary,100459,,Met Expectations,,Standard,,Trial,,,TAG-9321,105232,,,Alpha,,,,
100086,Placement,107440,alex.silva@sampleco.test,Quinn Ford,2025-12-19 03:45:00,rowan.kim@sampleco.test,Reese Larsson,2025-07-15 21:40:00,mei.dorsey@examplecorp.test,Riley Haddad,2026-06-13 00:43:00,,,,N,Taylor Costa,100956,Meridian Networks Group,Alpha,Aisha Whitfield,Data Analyst,2023-06-24,2026-06-12,Inactive - Terminated,,100551,100734,Sales,,LOT-9616,3234,Alpha,544,4172,2246,Delta,Other,100796,,Data Analyst Placement,,100066,"14,389",Yes,aisha.reyes@demomail.test,Redwood Labs LLC,100596,Jamie Silva,101013,Delta,,100543,,,,,Standard,SKU-2840,REF-7273,101708,Beta,,,,Bengaluru,100628,,,Gamma,100374,,,,,,,,,,101209,,,100667,,100122,Y,Below,Shared the updated proposal for review.,,,Trial,100115,,REF-5582,106186,,,Gamma,,,100186,
100654,Placement,107443,diego.vance@examplecorp.test,Jamie Patel,2024-07-15 21:26:00,skyler.okafor@examplecorp.test,Skyler Reyes,2024-01-21 22:28:00,fatima.blake@sampleco.test,Elena Blake,2023-04-19 02:24:00,,,,Y,Arjun Ivanov,101388,Vertex Capital Inc,Beta,Taylor Costa,QA Engineer,2026-04-12,,Active - Placed,100588,100040,100552,Human Resources,100403,LOT-6144,589,Beta,7478,3127,5230,Beta,Alpha,100755,,QA Engineer Placement,,100240,"16,379",Yes,chen.mensah@demomail.test,*NONE,100343,Emerson Mercer,101694,,,100598,,,,,Gamma,TAG-2964,,101518,Beta,,,,Dallas,100457,,,Beta,100708,,,,,,,,,,101220,,,100798,Voluntary,100437,Y,Below,,Beta,100736,Trial,,,LOT-2489,105329,,,Standard,,,,
100554,Placement,107444,morgan.dorsey@demomail.test,Omar Dorsey,2022-11-21 02:32:00,casey.whitfield@acme-fake.test,Sofia Cohen,2024-03-11 08:53:00,noah.cohen@examplecorp.test,Jamie Nguyen,2025-04-08 22:26:00,,,,N,Liam Brooks,101751,Pioneer Logistics LLP,,Liam Whitfield,Financial Analyst,2025-10-07,2026-07-08,Inactive - Terminated,100443,100598,100141,Finance,100302,LOT-9717,5314,Gamma,2582,5554,8855,Delta,Gamma,100686,,Financial Analyst Placement,,100585,"2,043",Yes,quinn.ashby@sampleco.test,*NONE,100334,Riley Brooks,100817,Delta,,100153,,,,,Gamma,LOT-7643,REF-6956,101539,Beta,6127,,,Austin,100206,,,Other,100153,,,,,,,,,,101398,,Converted to Direct Hire,100345,Voluntary,100336,N,Met Expectations,Reviewed performance and gathered feedback.,,,Backfill,,,LOT-3244,106586,,,Alpha,,,100571,
100622,Placement,107447,rahul.garcia@acme-fake.test,Arjun Larsson,2025-05-13 08:41:00,yara.okafor@examplecorp.test,Casey Sloan,2023-02-19 03:18:00,morgan.garcia@sampleco.test,Rahul Rossi,2022-11-26 05:51:00,,,,Y,Rowan Nguyen,101493,Lakeside Dynamics Corp,,Aisha Garcia,Software Developer,2024-08-19,2026-06-20,Inactive - Terminated,,100548,100494,Software Engineering,100582,SKU-6197,951,Standard,6837,1562,3479,Gamma,Other,100008,,Software Developer Placement,,,"2,244",No,jamie.haddad@sampleco.test,*NONE,100418,Riley Whitfield,100890,Alpha,,100753,,,,,Beta,REF-2181,SKU-3474,101391,Other,,,,Toronto,100209,,,Beta,100503,,,,,,,,,,101159,,Converted to Direct Hire,100353,,100200,N,Below,Noted a concern to revisit at the next sync.,,,Placement,,,REF-8317,106321,,,Other,,,100755,
100020,Placement,107448,aisha.patel@examplecorp.test,Arjun Larsson,2026-04-19 02:08:00,reese.cohen@examplecorp.test,Diego Sato,2023-12-08 05:31:00,yara.sato@demomail.test,Avery Garcia,2023-08-23 13:59:00,,,,N,Casey Whitfield,101633,Copper Robotics LLP,Other,Jamie Haddad,Financial Analyst,2024-10-27,,Active - Placed,100405,100767,100726,Accounting,,TAG-6585,3945,Other,2814,7824,3680,Other,Delta,100334,,Financial Analyst Placement,,,"5,007",Yes,avery.nguyen@demomail.test,*NONE,100786,Mei Brooks,101249,Standard,,100328,,,,,Delta,,TAG-8072,101418,Delta,,,,Dallas,100363,,,Beta,100066,,,,,,,,,,101254,,,100610,Voluntary,,N,Below,,Gamma,100171,Direct Hire,,,LOT-6830,105031,,,Gamma,,,100117,
100767,Placement,107451,jordan.dorsey@sampleco.test,Emerson Patel,2023-10-03 09:20:00,jamie.calder@acme-fake.test,Riley Sloan,2024-08-17 07:06:00,diego.whitfield@examplecorp.test,Noah Garcia,2025-04-03 19:56:00,,,,Y,Diego Costa,100961,Granite Dynamics,Gamma,Arjun Ford,Marketing Coordinator,2024-05-08,,Active - Placed,,100729,100169,Human Resources,,LOT-8915,603,Other,364,8437,4023,Beta,Standard,100758,,Marketing Coordinator Placement,,,"9,182",Yes,noah.mercer@examplecorp.test,*NONE,,Rowan Whitfield,100936,Alpha,,100029,,,,,Beta,SKU-3207,TAG-3970,100890,Beta,,,,Dallas,100538,,,Other,100195,,,,,,,,,,101318,,,100344,Involuntary,100424,Y,Met Expectations,,,,Bench,100503,,LOT-1307,105311,,,Other,,,100731,
100417,Placement,107452,priya.sato@demomail.test,Sofia Mercer,2024-07-22 04:05:00,reese.garcia@examplecorp.test,Jordan Blake,2024-07-06 04:50:00,omar.calder@examplecorp.test,Liam Cohen,2026-06-09 20:42:00,,,,N,Taylor Nguyen,101116,Brightpath Holdings Ltd,Gamma,Aisha Blake,Operations Associate,2025-08-26,2026-06-08,Inactive - Terminated,,100171,100206,Human Resources,100146,TAG-3825,1182,Standard,3213,7634,7666,Beta,Standard,100516,,Operations Associate Placement,,100454,"5,395",No,jamie.reyes@acme-fake.test,*NONE,100234,Emerson Kim,101138,Alpha,,100576,,,"1,392",,Standard,TAG-8335,,101325,Delta,,,,Dallas,100568,,,Other,100459,,,,,,,,,,101178,,,100638,Voluntary,100029,,Exceeded,Scheduled a check-in for the coming month.,Alpha,100616,Bench,,,SKU-9678,106356,,,Gamma,,,,
100026,Placement,107455,emerson.ford@demomail.test,Elena Mercer,2026-04-20 22:12:00,morgan.okafor@examplecorp.test,Yara Reyes,2024-01-22 11:43:00,nina.okafor@sampleco.test,Reese Ashby,2024-09-07 22:23:00,,,,Y,Marco Silva,101353,Meridian Media LLP,Beta,Reese Whitfield,Customer Success Manager,2025-10-05,,Active - Placed,100184,100120,100388,Accounting,,LOT-9344,3277,Beta,3635,5535,6344,Gamma,Other,100443,,Customer Success Manager Placement,,100527,"2,750",Yes,fatima.haddad@acme-fake.test,*NONE,100171,Priya Vance,101054,Delta,,,,,,,Standard,TAG-7573,REF-5955,101311,Delta,,,,Bengaluru,100661,,,Alpha,100370,,,,,,,,,,100937,,,100449,Voluntary,100180,Y,,,,,Direct Hire,100023,,LOT-1686,105051,,,Alpha,,,100008,
100573,Placement,107458,quinn.sloan@examplecorp.test,Mei Dorsey,2023-04-24 13:38:00,elena.sloan@examplecorp.test,Rahul Nguyen,2026-06-05 15:09:00,jordan.mercer@examplecorp.test,Riley Ford,2026-03-27 04:30:00,,,,Y,Elena Silva,101014,Horizon Labs,Delta,Elena Mensah,Operations Associate,2024-03-02,,Active - Placed,,100569,100642,Data & Analytics,100216,SKU-9450,6174,Other,1246,4599,3622,Other,Alpha,100681,,Operations Associate Placement,,,,Yes,yara.silva@demomail.test,*NONE,100604,Arjun Costa,101727,,,100738,,,,,Delta,LOT-8380,REF-3203,101176,Other,,,,London,100128,,,Alpha,100749,,,,,,,,,,100948,,,100359,,100053,N,,,,100238,Placement,100548,,REF-9872,105365,,,Delta,,,,
100128,Placement,107461,skyler.nguyen@sampleco.test,Jordan Patel,2026-07-14 18:20:00,drew.whitfield@examplecorp.test,Arjun Brooks,2022-12-21 06:56:00,arjun.mercer@demomail.test,Jamie Okafor,2023-12-17 10:13:00,,,,N,Avery Ford,101372,Keystone Holdings,Gamma,Omar Dorsey,Support Specialist,2025-04-15,,Active - Placed,100715,100702,100177,Operations,,REF-2064,3584,Standard,9667,3890,9294,Beta,Alpha,100741,,Support Specialist Placement,,,"5,885",Yes,rahul.brooks@acme-fake.test,Brightpath Health,,Diego Blake,101461,,,100646,,,"2,511",,Standard,LOT-9834,,101633,Beta,,,,Manila,100056,,,Delta,100610,,,,,,,,,,101631,,,100408,Involuntary,100200,Y,Met Expectations,,Other,,Placement,100685,,TAG-4792,105277,,,Beta,,,,
100702,Placement,107462,jordan.whitfield@examplecorp.test,Rowan Haddad,2024-07-18 13:45:00,casey.kim@examplecorp.test,Fatima Dorsey,2026-07-19 17:28:00,jamie.mensah@examplecorp.test,Yara Garcia,2025-12-21 02:48:00,,,,N,Mei Ashby,101035,Northwind Networks LLC,Other,Rahul Blake,Executive Assistant,2024-08-21,,Active - Terminated,100325,100188,100352,Marketing,100015,LOT-8281,6194,Beta,3031,3064,5488,Gamma,Beta,100742,,Executive Assistant Placement,,100176,"11,097",Yes,riley.costa@acme-fake.test,*NONE,100255,Jamie Rossi,101051,Other,,100793,,,,,Standard,REF-9850,REF-7739,101115,Standard,,,,Mumbai,100726,,,Standard,100800,,,,,,,,,,100930,,,100142,Voluntary,100582,Y,Met Expectations,,Alpha,100765,Placement,,,SKU-1862,105243,,,Gamma,,,100290,
100079,Placement,107464,reese.calder@sampleco.test,Aisha Silva,2024-02-04 23:25:00,morgan.garcia@sampleco.test,Fatima Calder,2025-07-02 13:27:00,rahul.garcia@demomail.test,Aisha Whitfield,2023-04-10 20:54:00,,,,Y,Emerson Brooks,101081,Northwind Retail Corp,Gamma,Sofia Patel,Financial Analyst,2025-04-17,2026-06-19,Inactive - Terminated,100604,100192,100530,Operations,100398,SKU-1911,1383,Alpha,8133,9836,540,Standard,Standard,100616,,Financial Analyst Placement,,,,No,drew.silva@acme-fake.test,*NONE,,Diego Cohen,101327,Delta,,100597,,,"4,784",,Alpha,REF-9557,TAG-4827,101709,Alpha,,,,London,100569,,,Standard,100620,,,,,,,,,,101101,,Performance,100432,Voluntary,100206,,Below,Noted a concern to revisit at the next sync.,,100269,Direct Hire,,,LOT-4418,105477,,,Beta,,,,
100798,Placement,107466,fatima.brooks@acme-fake.test,Nina Dorsey,2023-04-30 15:45:00,chen.sato@demomail.test,Omar Calder,2025-07-17 13:21:00,sofia.reyes@acme-fake.test,Taylor Mercer,2025-10-07 05:14:00,,,,Y,Noah Sato,101677,Copper Ventures LLP,Alpha,Sofia Blake,Software Developer,2024-08-17,2026-07-16,Inactive,100380,100063,100310,Sales,100517,REF-6566,8330,Delta,4183,6918,9522,Standard,Gamma,100034,,Software Developer Placement,,,"13,809",Yes,casey.sato@sampleco.test,*NONE,100413,Reese Mensah,101356,Alpha,,,,,,,Alpha,TAG-9665,TAG-5628,100974,Other,,,,Dallas,100613,,,Alpha,100744,,,,,,,,,,101513,,Relocation,100736,Voluntary,100731,N,Exceeded,Reviewed performance and gathered feedback.,Gamma,100694,Direct Hire,,,LOT-8983,105996,,,Delta,,,100467,
100262,Placement,107467,rahul.brooks@sampleco.test,Alex Ivanov,2023-12-16 11:32:00,emerson.mensah@acme-fake.test,Nina Silva,2025-05-06 10:42:00,arjun.ashby@sampleco.test,Aisha Larsson,2024-05-12 08:16:00,,,,Y,Elena Rossi,101642,Cardinal Group Group,Other,Casey Ashby,HR Generalist,2026-03-05,2026-07-25,Inactive - Terminated,100503,100554,100041,Sales,100073,LOT-9581,2062,Beta,2992,2948,4193,Alpha,Alpha,100168,,HR Generalist Placement,,100203,"2,989",No,arjun.silva@examplecorp.test,*NONE,,Emerson Okafor,100895,Alpha,,,,,,,Alpha,TAG-9439,LOT-1841,101417,Standard,,,,Manila,100293,,,Beta,100026,,,,,,,,,,101692,,Converted to Direct Hire,100774,,100793,,,Resolved the outstanding question about scope.,,,Placement,100008,,TAG-4042,106160,,,Other,,,100309,
100558,Placement,107470,casey.ashby@acme-fake.test,Riley Mercer,2024-05-12 08:18:00,drew.blake@examplecorp.test,Marco Kim,2025-08-07 06:31:00,alex.sato@sampleco.test,Skyler Larsson,2024-01-19 06:27:00,,,,Y,Jordan Silva,100860,Delta Financial,,Casey Whitfield,QA Engineer,2024-07-10,2026-07-03,Inactive,100305,100265,100232,Accounting,,LOT-9189,3438,Delta,2846,1804,9956,Delta,Standard,100080,,QA Engineer Placement,,,"1,899",No,emerson.mercer@sampleco.test,*NONE,100376,Priya Vance,101447,Alpha,,,,,,,Alpha,SKU-9227,LOT-5241,101439,Delta,,,,Mumbai,100692,,,Delta,100642,,,,,,,,,,100898,,Converted to Direct Hire,100799,Involuntary,100513,N,Met Expectations,Scheduled a check-in for the coming month.,Beta,,Placement,100517,,REF-5165,106102,,,Delta,,,,
100763,Placement,107472,jamie.silva@demomail.test,Jordan Mercer,2025-11-06 11:19:00,yara.haddad@sampleco.test,Chen Nguyen,2025-09-23 16:26:00,liam.mensah@examplecorp.test,Rahul Brooks,2025-03-05 22:16:00,,,,Y,Casey Sato,100825,Vertex Group Group,Delta,Skyler Reyes,Executive Assistant,2026-05-06,,Active - Placed,100792,100417,100498,Accounting,100758,LOT-5092,2065,Beta,8615,4858,4243,Standard,Beta,100496,,Executive Assistant Placement,,,"3,108",No,quinn.okafor@examplecorp.test,Northwind Manufacturing,100363,Marco Whitfield,101692,Standard,,100645,,,,,Standard,LOT-5030,,101212,Delta,,,,Toronto,100400,,,Standard,100656,,,,,,,,,,100870,,,100780,Involuntary,100037,N,,,Gamma,100400,Bench,,,SKU-3661,105597,,,Beta,,,100418,
100229,Placement,107473,sofia.nguyen@acme-fake.test,Quinn Whitfield,2023-01-07 12:20:00,fatima.reyes@examplecorp.test,Rahul Ivanov,2023-08-13 18:31:00,casey.costa@examplecorp.test,Yara Vance,2026-01-17 07:55:00,,,,N,Reese Patel,101223,Falcon Networks Ltd,Alpha,Aisha Cohen,QA Engineer,2023-11-13,,Active - Placed,100153,100481,100742,Sales,100168,TAG-7692,2795,Delta,7217,5344,4819,Standard,Gamma,100593,,QA Engineer Placement,,,"3,046",Yes,emerson.kim@acme-fake.test,*NONE,,Elena Kim,101613,Beta,,100106,"1,019",,,,Alpha,LOT-8215,TAG-5090,101406,Other,,,,Bengaluru,100106,,,Gamma,100462,,,,,,,,,,101183,,,100388,,100637,Y,Below,,Delta,100686,Trial,100208,,LOT-3562,105430,,,Delta,,,,
100780,Placement,107475,quinn.reyes@sampleco.test,Quinn Ford,2023-09-28 23:37:00,taylor.mensah@acme-fake.test,Morgan Calder,2023-01-03 04:27:00,yara.reyes@demomail.test,Rahul Cohen,2022-10-20 09:56:00,,,,N,Alex Sato,101104,Northwind Networks Inc,Standard,Mei Sloan,Operations Associate,2024-04-05,,Active - Placed,,100012,100328,Finance,100309,LOT-8066,5450,Alpha,2112,6310,3152,Delta,Alpha,100467,,Operations Associate Placement,,,"9,317",No,yara.dorsey@acme-fake.test,Ironwood Ventures Ltd,100473,Aisha Sloan,101293,Beta,,,"1,665",,,,Beta,TAG-3221,,101096,Beta,,,,London,100236,,,Other,100168,,,,,,,,,,101124,,,100351,,100313,N,,,,100731,Backfill,100014,,SKU-9944,105988,,,Beta,,,100731,
100624,Placement,107476,riley.blake@demomail.test,Casey Mensah,2023-01-23 20:52:00,sofia.silva@acme-fake.test,Emerson Larsson,2023-12-31 15:56:00,rahul.sloan@acme-fake.test,Rahul Larsson,2024-06-25 19:06:00,,,,Y,Priya Kim,101356,Vertex Industries,Gamma,Arjun Sato,Project Manager,2023-06-01,2026-06-08,Inactive,,100314,100554,Data & Analytics,100616,TAG-2643,5686,Gamma,9519,7363,7359,Beta,Delta,100323,,Project Manager Placement,,,"12,239",Yes,chen.nguyen@acme-fake.test,*NONE,,Elena Whitfield,100821,Delta,,,,,,,Delta,REF-8865,TAG-9360,101604,Delta,,,,Denver,100176,,,Standard,100576,,,,,,,,,,101412,,Performance,100235,Involuntary,,Y,Met Expectations,Noted a concern to revisit at the next sync.,,,Placement,,,REF-5677,104964,,,Other,,,100424,
100213,Placement,107479,rahul.sloan@examplecorp.test,Chen Okafor,2025-10-14 11:34:00,chen.ivanov@sampleco.test,Priya Dorsey,2025-01-23 23:54:00,mei.calder@examplecorp.test,Drew Cohen,2023-10-23 15:27:00,,,,N,Drew Dorsey,100931,Vertex Logistics,Alpha,Emerson Larsson,Executive Assistant,2026-02-20,2026-07-05,Inactive - Terminated,100622,100464,100184,Operations,,SKU-8630,5105,Delta,2942,5908,7001,Delta,Alpha,100767,,Executive Assistant Placement,,,"2,398",Yes,emerson.cohen@acme-fake.test,Brightpath Logistics LLP,100449,Diego Costa,101238,Other,,100310,774,,,,Gamma,TAG-5696,TAG-3639,101031,Delta,,,,Chicago,100638,,,Beta,100290,,,,,,,,,,101075,,Performance,,Voluntary,100554,Y,,Noted a concern to revisit at the next sync.,Other,,Placement,,,SKU-9076,104979,,,Standard,,,100223,
100143,Placement,107482,yara.mensah@examplecorp.test,Yara Brooks,2025-03-02 15:12:00,drew.kim@acme-fake.test,Arjun Whitfield,2023-09-07 05:02:00,elena.dorsey@demomail.test,Chen Garcia,2026-02-05 10:13:00,,,,Y,Reese Mensah,101458,Falcon Foods Inc,Beta,Liam Kim,Support Specialist,2024-01-22,2026-07-06,Inactive,100236,100770,100014,Operations,,SKU-8650,5216,Delta,289,731,9039,Standard,Delta,100235,,Support Specialist Placement,,100770,"3,395",Yes,diego.ivanov@sampleco.test,*NONE,,Fatima Sato,101274,Beta,,100398,,,"2,318",,Beta,LOT-9066,TAG-1112,101257,Gamma,,,,Seattle,100363,,,Other,100146,,,,,,,,,,100954,,,100012,Voluntary,100069,Y,,Scheduled a check-in for the coming month.,Gamma,,Backfill,100516,,SKU-8598,105679,,,Delta,,,100437,
100624,Placement,107485,drew.dorsey@sampleco.test,Chen Kim,2023-07-01 19:46:00,drew.costa@examplecorp.test,Rowan Ford,2024-08-07 05:00:00,chen.kim@sampleco.test,Priya Costa,2025-03-20 23:02:00,,,,N,Chen Nguyen,101550,Keystone Logistics LLC,Standard,Casey Nguyen,QA Engineer,2024-10-10,2026-06-03,Inactive - Terminated,100699,100717,100195,Operations,100058,TAG-8418,4365,Beta,2174,2081,2706,Other,Alpha,100370,,QA Engineer Placement,,,"2,530",Yes,diego.patel@demomail.test,Evergreen Networks LLC,100383,Mei Brooks,100862,Delta,,,,,"4,938",,Standard,LOT-4918,,101260,Alpha,,,,Manila,100560,,,Delta,100563,,,,,,,,,,101563,,Converted to Direct Hire,100563,Involuntary,100511,Y,Exceeded,Reviewed performance and gathered feedback.,,100293,Backfill,100506,,REF-9027,105560,,,Standard,,,100455,
100310,Placement,107486,avery.ashby@examplecorp.test,Riley Nguyen,2023-08-21 02:30:00,rahul.vance@demomail.test,Arjun Rossi,2026-06-14 03:12:00,jordan.larsson@examplecorp.test,Drew Silva,2023-06-11 14:56:00,,,,Y,Avery Blake,101767,Lakeside Networks,Alpha,Drew Rossi,Recruiter,2026-04-08,2026-07-26,Inactive,100238,100517,100641,Marketing,100153,LOT-6911,20,Beta,6420,4084,3157,Gamma,Beta,100692,,Recruiter Placement,,,"5,835",Yes,liam.costa@acme-fake.test,*NONE,100224,Noah Larsson,101570,Other,,,,,,,Gamma,SKU-5041,TAG-8212,101263,Alpha,6651,,,Seattle,100631,,,Alpha,100151,,,,,,,,,,101633,,Converted to Direct Hire,100523,,,N,Met Expectations,Shared the updated proposal for review.,Gamma,100532,Bench,100798,,LOT-3990,105132,,,Alpha,,,100286,
100031,Placement,107488,morgan.ashby@examplecorp.test,Diego Calder,2024-07-08 03:15:00,mei.reyes@sampleco.test,Chen Ford,2023-02-11 16:32:00,elena.okafor@examplecorp.test,Chen Brooks,2023-09-07 09:14:00,,,,Y,Quinn Patel,101692,Ironwood Capital Group,Gamma,Nina Larsson,Marketing Coordinator,2024-07-31,2026-06-24,Inactive - Terminated,100749,100340,100523,Software Engineering,,REF-1437,6617,Beta,9716,2969,6465,Delta,Gamma,100793,,Marketing Coordinator Placement,,100475,"7,182",Yes,jamie.reyes@acme-fake.test,Everest Labs LLC,,Diego Kim,101617,Standard,,100601,,,977,,Beta,REF-8713,,101683,Other,,,,Atlanta,100482,,,Other,100343,,,,,,,,,,101056,,Performance,100025,,100455,N,Below,Reviewed performance and gathered feedback.,,,Placement,,,LOT-8467,105311,,,Gamma,,,100517,
100638,Placement,107489,jordan.silva@examplecorp.test,Riley Dorsey,2025-06-17 22:22:00,taylor.ford@acme-fake.test,Rahul Costa,2025-01-14 13:12:00,chen.mercer@acme-fake.test,Skyler Rossi,2024-03-25 08:14:00,,,,N,Taylor Kim,100853,Ironwood Textiles Group,Alpha,Reese Garcia,Software Developer,2025-03-19,,Active - Terminated,100069,100003,100148,Operations,,LOT-2669,6767,Standard,406,6410,9408,Other,Gamma,100467,,Software Developer Placement,,,"7,975",Yes,reese.ivanov@demomail.test,Keystone Robotics Ltd,,Rahul Vance,100920,Beta,,100206,,,,,Alpha,REF-3628,SKU-6784,100986,Standard,,Beta,,Toronto,100652,,,Standard,100339,,,,,,,,,,100882,,,100363,Voluntary,100206,Y,Below,,,,Placement,100604,,LOT-7915,105464,,,Alpha,,,,
100288,Placement,107491,jamie.costa@sampleco.test,Skyler Mensah,2024-01-19 21:05:00,priya.calder@demomail.test,Priya Sato,2023-11-04 05:04:00,alex.mensah@sampleco.test,Emerson Ivanov,2022-10-11 19:27:00,,,,N,Arjun Garcia,101312,Atlas Systems Co,Other,Sofia Mensah,Support Specialist,2023-04-25,2026-06-12,Inactive - Terminated,100535,100517,100552,Accounting,100477,SKU-8567,4764,Other,4945,9248,7812,Other,Alpha,100410,,Support Specialist Placement,,100610,"13,641",Yes,quinn.whitfield@examplecorp.test,*NONE,100086,Jordan Ivanov,100851,Gamma,,100213,,,,,Standard,TAG-1659,,101015,Gamma,,,,London,100040,,,Gamma,100139,,,,,,,,,,101670,,Unmet Expectations,100255,Involuntary,100709,Y,Exceeded,Shared the updated proposal for review.,,,Placement,,,TAG-2705,105363,,,Gamma,,,,
100374,Placement,107493,avery.sato@acme-fake.test,Yara Larsson,2024-12-04 04:07:00,nina.kim@examplecorp.test,Diego Calder,2023-07-06 07:43:00,arjun.silva@acme-fake.test,Riley Mensah,2022-12-22 13:34:00,,,,Y,Emerson Ford,101148,Meridian Labs Group,,Diego Larsson,Data Analyst,2025-09-22,2026-06-09,Inactive - Terminated,100759,100579,100470,Marketing,100023,LOT-9946,2523,Standard,8738,9274,2389,Delta,Beta,100143,,Data Analyst Placement,,100405,"14,385",Yes,mei.dorsey@acme-fake.test,*NONE,100146,Nina Larsson,100886,Delta,,100467,,,,,Standard,REF-2885,SKU-1008,101068,Delta,,,,Seattle,100573,,,Standard,100269,,,,,,,,,,101394,,,100217,,100753,N,Exceeded,Noted a concern to revisit at the next sync.,,100090,Trial,100632,,SKU-2675,105722,,,Standard,,,100627,
100723,Placement,107495,fatima.ashby@sampleco.test,Emerson Mercer,2025-10-19 02:36:00,alex.silva@acme-fake.test,Avery Reyes,2022-10-24 10:47:00,liam.whitfield@acme-fake.test,Emerson Rossi,2024-05-17 18:19:00,,,,N,Jamie Sloan,101325,Everest Industries Co,Delta,Arjun Brooks,Customer Success Manager,2024-11-06,,Active - Placed,100334,100426,100596,Sales,100083,LOT-1986,4603,Beta,6855,9677,3235,Other,Standard,100679,,Customer Success Manager Placement,,100229,"14,569",Yes,quinn.sloan@demomail.test,*NONE,100195,Sofia Garcia,101450,Standard,,,,,,,Delta,REF-5879,,101220,Alpha,,,,Bengaluru,100310,,,Beta,100694,,,,,,,,,,100990,,,100694,Involuntary,100462,Y,,,,100742,Trial,,,LOT-8976,106008,,,Gamma,,,100777,
100449,Placement,107496,drew.garcia@acme-fake.test,Priya Ashby,2024-02-29 04:53:00,jordan.ashby@acme-fake.test,Riley Vance,2025-11-25 09:41:00,morgan.ivanov@examplecorp.test,Yara Patel,2024-04-04 08:23:00,,,,N,Nina Costa,101271,Northwind Manufacturing Co,Alpha,Chen Sloan,QA Engineer,2025-08-23,,Active - Placed,100123,100245,100624,Recruiting,,LOT-9420,4024,Alpha,2694,7152,7956,Standard,Alpha,100122,,QA Engineer Placement,,100010,"9,388",Yes,morgan.mensah@acme-fake.test,*NONE,100723,Omar Ford,100829,Delta,,100454,,,,,Standard,REF-1465,REF-6299,101666,Alpha,,,,Dallas,100251,,,Delta,100110,,,,,,,,,,101491,,,100746,Involuntary,100654,N,Met Expectations,,,100443,Placement,100702,,TAG-2927,105486,,,Beta,,,100704,
100417,Placement,107498,yara.sloan@examplecorp.test,Marco Mercer,2025-06-10 06:12:00,morgan.mercer@acme-fake.test,Marco Sato,2025-11-07 20:37:00,diego.kim@sampleco.test,Mei Silva,2025-04-15 20:29:00,,,,Y,Mei Calder,101499,Keystone Retail LLC,Standard,Arjun Haddad,Project Manager,2026-05-23,,Active - Placed,100410,100223,100531,Human Resources,,TAG-4348,5193,Beta,9827,8643,2492,Standard,Alpha,100104,,Project Manager Placement,,100516,"6,251",No,noah.nguyen@examplecorp.test,*NONE,100073,Aisha Sato,101680,Standard,,,,,"1,032",,Delta,SKU-6345,LOT-9150,101271,Gamma,,,,Denver,100359,,,Standard,100083,,,,,,,,,,101309,,,100551,Voluntary,100571,Y,Met Expectations,,Delta,100763,Placement,,,LOT-3436,105862,,,Other,,,100389,
100291,Placement,107500,sofia.patel@acme-fake.test,Rowan Reyes,2025-08-15 03:34:00,nina.costa@sampleco.test,Rowan Mensah,2024-10-29 13:59:00,rahul.okafor@sampleco.test,Drew Sato,2025-10-18 11:45:00,,,,Y,Elena Calder,101499,Copper Media Inc,Beta,Casey Mensah,Data Analyst,2024-02-27,,Active - Placed,100395,100709,100173,Data & Analytics,100342,LOT-1820,188,Delta,8387,721,1381,Gamma,Beta,100029,,Data Analyst Placement,,100722,"4,910",Yes,fatima.mercer@examplecorp.test,*NONE,100474,Nina Brooks,101531,Alpha,,,,,,,Gamma,REF-3950,SKU-7037,101473,Other,,,,Seattle,100308,,,Beta,100684,,,,,,,,,,100808,,,100141,,100637,N,,,Beta,,Trial,100497,,REF-7806,106306,,,Gamma,,,100333,
100123,Placement,107501,mei.cohen@examplecorp.test,Sofia Dorsey,2022-11-24 22:42:00,alex.okafor@acme-fake.test,Jamie Haddad,2023-06-30 15:15:00,nina.larsson@sampleco.test,Arjun Vance,2024-06-18 12:44:00,,,,N,Fatima Patel,101266,Keystone Dynamics Ltd,Alpha,Casey Reyes,Support Specialist,2026-05-08,,Active - Placed,,100008,100132,Accounting,100280,SKU-8701,5654,Delta,7495,4470,272,Beta,Standard,100040,,Support Specialist Placement,,100569,"7,472",No,arjun.calder@sampleco.test,*NONE,,Fatima Mercer,101216,Delta,,,,,"1,427",,Other,REF-7331,LOT-8894,101143,Alpha,,,,Mumbai,100634,,,Beta,100400,,,,,,,,,,101441,,,100220,Involuntary,100328,N,,,,100062,Direct Hire,,,SKU-3422,105950,,,Standard,,,,
100046,Placement,107503,riley.dorsey@demomail.test,Jamie Dorsey,2026-04-13 05:32:00,liam.vance@acme-fake.test,Yara Sloan,2025-02-20 11:06:00,alex.rossi@sampleco.test,Omar Calder,2023-12-11 13:52:00,,,,N,Noah Cohen,100961,Blue Ridge Partners Corp,Gamma,Priya Okafor,Financial Analyst,2023-12-01,2026-07-09,Inactive - Terminated,100637,100486,100685,Data & Analytics,,LOT-8453,9930,Delta,2095,83,1747,Delta,Beta,100242,,Financial Analyst Placement,,100736,"5,455",No,rowan.kim@demomail.test,*NONE,,Priya Vance,101395,Alpha,,100042,,,,,Other,LOT-6014,REF-9404,101121,Beta,,,,Manila,100646,,,Standard,100089,,,,,,,,,,100927,,,100168,Voluntary,100658,Y,Below,Scheduled a check-in for the coming month.,Delta,100532,Bench,,,SKU-6815,106007,,,Other,,,100008,
100295,Placement,107506,riley.sloan@acme-fake.test,Arjun Kim,2023-04-18 18:44:00,rowan.mercer@sampleco.test,Emerson Cohen,2026-07-24 02:49:00,emerson.sato@sampleco.test,Chen Mercer,2024-03-07 17:09:00,,,,Y,Drew Reyes,101203,Cardinal Systems Corp,Other,Arjun Sloan,Software Developer,2024-12-03,,Active - Placed,100454,100158,100034,Sales,100370,SKU-5809,8268,Delta,4167,1268,9202,Gamma,Other,100169,,Software Developer Placement,,,"12,900",Yes,mei.costa@sampleco.test,*NONE,100340,Fatima Ivanov,100925,Gamma,,100395,,,,,Delta,LOT-2275,REF-3884,101707,Gamma,,Other,,Seattle,100213,,,Beta,100117,,,,,,,,,,100871,,,100722,,100009,N,Below,,,100186,Direct Hire,,,LOT-7693,106266,,,Alpha,,,100305,
100673,Placement,107508,quinn.garcia@examplecorp.test,Casey Nguyen,2024-05-18 05:07:00,quinn.sloan@acme-fake.test,Chen Costa,2022-12-05 03:36:00,morgan.sloan@sampleco.test,Avery Haddad,2023-05-09 18:09:00,,,,N,Chen Kim,101257,Vertex Logistics LLP,Standard,Riley Okafor,Project Manager,2024-11-05,,Active - Placed,,100518,100509,Finance,,TAG-7074,3735,Alpha,6727,3581,2067,Standard,Gamma,100305,,Project Manager Placement,,100736,"11,351",Yes,chen.kim@examplecorp.test,*NONE,100212,Chen Whitfield,101496,Other,,100796,,,,,Beta,LOT-8265,SKU-7101,101319,Gamma,3980,,,Dallas,100744,,,Gamma,100452,,,,,,,,,,101617,,,100432,,100702,Y,Met Expectations,,Standard,100281,Direct Hire,100462,,REF-9143,106152,,,Beta,,,100310,
100094,Placement,107511,marco.okafor@examplecorp.test,Alex Calder,2025-09-10 07:15:00,mei.kim@acme-fake.test,Aisha Dorsey,2023-06-15 08:56:00,aisha.nguyen@sampleco.test,Omar Costa,2025-10-01 20:03:00,,,,Y,Sofia Blake,101184,Copper Media Inc,Alpha,Yara Ford,Data Analyst,2024-11-12,,Active - Placed,100417,100604,100571,Accounting,,TAG-9453,1167,Alpha,7894,9645,9823,Beta,Beta,100403,,Data Analyst Placement,,100403,"7,293",No,omar.calder@acme-fake.test,*NONE,,Jamie Silva,101463,Gamma,,100753,,,,,Beta,REF-8264,,101708,Standard,,,,Seattle,100189,,,Delta,100793,,,,,,,,,,101653,,,100702,,100319,N,Met Expectations,,,100066,Bench,,,TAG-3895,105575,,,Other,,,100269,
100239,Placement,107512,yara.okafor@demomail.test,Jordan Patel,2023-11-29 05:06:00,fatima.garcia@acme-fake.test,Rowan Cohen,2025-09-17 19:37:00,avery.sato@examplecorp.test,Aisha Nguyen,2024-07-06 15:44:00,,,,Y,Fatima Larsson,101215,Vertex Retail LLC,,Jordan Okafor,Executive Assistant,2024-09-17,,Active - Placed,100062,100094,100565,Data & Analytics,,REF-7041,2919,Other,9,6051,4881,Beta,Standard,100143,,Executive Assistant Placement,,,"4,290",Yes,sofia.okafor@demomail.test,*NONE,,Fatima Mensah,101221,Beta,,100637,220,,,,Standard,SKU-3242,,101617,Delta,,,,Dallas,100097,,,Gamma,100189,,,,,,,,,,101449,,,100086,Involuntary,,N,Met Expectations,,,,Bench,100664,,TAG-9874,106307,,,Other,,,100786,
100782,Placement,107513,priya.silva@demomail.test,Chen Blake,2024-03-29 12:07:00,arjun.whitfield@acme-fake.test,Morgan Rossi,2025-08-03 17:41:00,casey.blake@sampleco.test,Omar Larsson,2026-03-17 17:08:00,,,,N,Marco Okafor,101693,Harbor Media,Gamma,Omar Haddad,Accountant,2025-05-12,,Active - Placed,100103,100339,100107,Finance,100014,TAG-8274,9059,Standard,4363,1024,2760,Standard,Other,100497,,Accountant Placement,,,"8,008",Yes,fatima.kim@acme-fake.test,*NONE,100479,Liam Vance,101121,Delta,,,,,,,Other,REF-7887,,101123,Standard,,,,Atlanta,100503,,,Standard,100641,,,,,,,,,,101451,,,100025,Involuntary,100008,N,,,,100216,Backfill,,,REF-8184,105062,,,Delta,,,,
100090,Placement,107516,casey.garcia@sampleco.test,Fatima Blake,2023-04-23 16:03:00,priya.mensah@acme-fake.test,Fatima Ivanov,2022-11-22 20:58:00,fatima.whitfield@examplecorp.test,Riley Brooks,2023-07-31 20:28:00,,,,N,Omar Sloan,100947,Redwood Labs,Gamma,Elena Sato,Customer Success Manager,2023-09-26,2026-06-21,Inactive - Terminated,100342,100518,100565,Accounting,,REF-5409,2744,Gamma,7238,6803,1283,Beta,Standard,100418,,Customer Success Manager Placement,,100731,"8,598",Yes,alex.vance@examplecorp.test,Atlas Analytics Inc,,Fatima Silva,100887,Delta,,100107,,,,,Beta,TAG-4456,,101231,Gamma,,,,London,100195,,,Standard,100652,,,,,,,,,,101557,,Project Ended,,,100415,N,,Aligned on billing and renewal terms.,,100391,Bench,100558,,REF-8033,106017,,,Beta,,,100539,
100568,Placement,107519,jamie.nguyen@examplecorp.test,Riley Sloan,2024-07-04 05:20:00,sofia.reyes@demomail.test,Noah Brooks,2025-07-30 18:04:00,taylor.okafor@acme-fake.test,Drew Whitfield,2024-10-31 14:59:00,,,,N,Priya Vance,101601,Ironwood Manufacturing Co,Alpha,Nina Okafor,Support Specialist,2026-01-05,2026-06-14,Inactive,,100008,100272,Data & Analytics,100627,TAG-3209,9718,Delta,3149,3244,958,Alpha,Alpha,100654,,Support Specialist Placement,,100474,"4,564",No,jordan.cohen@examplecorp.test,Harbor Ventures Group,100153,Jordan Patel,101107,Beta,,,422,,,,Delta,LOT-2301,,101205,Other,,,,Atlanta,100153,,,Gamma,100251,,,,,,,,,,101576,,Relocation,100571,Voluntary,100313,Y,Below,Resolved the outstanding question about scope.,,100641,Bench,100091,,SKU-9564,104973,,,Delta,,,100634,
100415,Placement,107522,noah.calder@sampleco.test,Arjun Ivanov,2026-02-25 04:40:00,rowan.cohen@acme-fake.test,Arjun Garcia,2023-07-27 18:35:00,priya.blake@sampleco.test,Skyler Mercer,2024-04-16 20:02:00,,,,Y,Rahul Dorsey,101275,Everest Health,Other,Rahul Blake,Executive Assistant,2026-01-20,,Active - Placed,,100470,100552,Human Resources,100031,TAG-1280,8726,Alpha,3534,2618,4875,Other,Gamma,100331,,Executive Assistant Placement,,100753,"17,733",Yes,skyler.cohen@sampleco.test,*NONE,,Emerson Silva,100947,Beta,,,,,"1,771",,Gamma,LOT-5977,REF-3105,101501,Alpha,,,,Atlanta,100023,,,Standard,100042,,,,,,,,,,101410,,,100532,,100302,Y,Met Expectations,,,,Placement,100192,,LOT-4731,105053,,,Gamma,,,100319,
100793,Placement,107524,morgan.sato@demomail.test,Fatima Larsson,2023-01-26 18:04:00,mei.mercer@demomail.test,Yara Kim,2022-11-20 09:05:00,fatima.brooks@acme-fake.test,Rahul Haddad,2025-09-18 11:14:00,,,,Y,Mei Mensah,101013,Evergreen Robotics LLC,,Yara Sloan,Financial Analyst,2025-10-04,,Active - Terminated,,100753,100555,Data & Analytics,100741,REF-9361,8917,Standard,3181,8531,4794,Beta,Gamma,100760,,Financial Analyst Placement,,,"5,098",Yes,quinn.larsson@examplecorp.test,*NONE,,Rahul Ford,101692,Gamma,,100091,,,,,Beta,SKU-4996,REF-9021,101342,Gamma,,,,Denver,100617,,,Beta,100622,,,,,,,,,,100837,,,100132,Involuntary,100434,Y,Exceeded,,Delta,100020,Placement,100667,,TAG-8701,105667,,,Delta,,,100749,
100679,Placement,107526,riley.nguyen@sampleco.test,Nina Garcia,2025-07-13 04:04:00,elena.kim@demomail.test,Rowan Haddad,2024-04-13 16:18:00,elena.garcia@sampleco.test,Taylor Ashby,2025-03-19 04:53:00,,,,N,Chen Sato,101545,Beacon Textiles Corp,Alpha,Chen Calder,Data Analyst,2024-08-30,,Active - Placed,100185,100490,100709,Accounting,100216,SKU-2090,9333,Standard,8682,871,3890,Beta,Other,100026,,Data Analyst Placement,,100063,"5,430",No,jamie.mensah@acme-fake.test,Summit Partners Corp,,Nina Silva,101209,Alpha,,100789,"1,687",,,,Delta,SKU-4234,SKU-3846,101110,Delta,,,,Denver,100388,,,Delta,100543,,,,,,,,,,101491,,,100328,Involuntary,100176,N,Met Expectations,,Beta,100767,Placement,,,TAG-4260,105056,,,Delta,,,100421,
100530,Placement,107529,priya.nguyen@sampleco.test,Morgan Nguyen,2024-01-07 08:22:00,jamie.ashby@examplecorp.test,Quinn Reyes,2023-06-10 22:09:00,yara.costa@acme-fake.test,Priya Sloan,2024-06-19 05:24:00,,,,Y,Omar Silva,101588,Falcon Capital Corp,Other,Casey Rossi,Bookkeeper,2023-08-24,2026-06-28,Inactive,100558,100559,100383,Marketing,100709,REF-6223,2442,Delta,7283,8469,1194,Delta,Alpha,100380,,Bookkeeper Placement,,,"1,816",Yes,skyler.kim@sampleco.test,*NONE,100070,Quinn Okafor,101041,,,,"1,601",,,,Other,TAG-9844,REF-6865,100888,Standard,,,,Manila,100331,,,Other,100445,,,,,,,,,,101505,,Relocation,100398,Voluntary,100646,Y,,Aligned on billing and renewal terms.,Standard,,Direct Hire,,,REF-8325,105905,,,Beta,,,,
100030,Placement,107531,sofia.okafor@demomail.test,Elena Patel,2023-10-11 20:42:00,skyler.cohen@examplecorp.test,Chen Patel,2026-02-10 15:08:00,alex.ivanov@examplecorp.test,Elena Calder,2025-06-24 11:30:00,,,,N,Chen Brooks,100947,Blue Ridge Textiles Co,Delta,Fatima Sloan,Data Analyst,2025-03-10,,Active - Placed,,100772,100708,Sales,100041,TAG-2377,5649,Alpha,2293,1037,5611,Alpha,Beta,100684,,Data Analyst Placement,,100667,"12,544",No,aisha.whitfield@acme-fake.test,*NONE,,Morgan Haddad,101341,Beta,,100308,,,,,Beta,TAG-7638,TAG-3455,101292,Beta,,,,Bengaluru,100269,,,Beta,100293,,,,,,,,,,100862,,,100241,,100788,N,Below,,,100267,Trial,100182,,TAG-3350,105583,,,Alpha,,,100255,
100449,Placement,107533,avery.whitfield@sampleco.test,Nina Garcia,2024-02-28 10:04:00,casey.sloan@examplecorp.test,Taylor Okafor,2026-03-30 01:14:00,casey.kim@demomail.test,Rowan Garcia,2025-10-25 03:42:00,,,,Y,Liam Calder,101329,Redwood Ventures Inc,Standard,Chen Ivanov,Software Developer,2025-01-28,,Active - Placed,100539,100755,100620,Recruiting,,REF-7384,6817,Gamma,6471,8743,9857,Delta,Alpha,100800,,Software Developer Placement,,100455,"13,206",No,rahul.rossi@sampleco.test,*NONE,100308,Arjun Haddad,101334,Standard,,100516,,,,,Standard,REF-4958,LOT-7070,101058,Standard,,,,London,100314,,,Beta,100063,,,,,,,,,,101113,,,100750,Involuntary,100282,N,Below,,,,Placement,100616,,SKU-9759,106121,,,Delta,,,100432,
100539,Placement,107535,drew.nguyen@examplecorp.test,Sofia Ashby,2024-10-30 08:31:00,jamie.whitfield@sampleco.test,Jordan Haddad,2024-06-24 13:44:00,reese.sato@sampleco.test,Skyler Dorsey,2022-11-25 21:51:00,,,,N,Quinn Mensah,100871,Meridian Capital Co,Delta,Omar Reyes,Software Developer,2025-12-21,,Active - Placed,100652,100254,100475,Recruiting,,REF-2589,7904,Other,1369,2581,2067,Beta,Standard,100532,,Software Developer Placement,,100664,"6,042",Yes,priya.blake@demomail.test,Brightpath Dynamics Inc,,Reese Whitfield,101123,Standard,,100063,886,,"1,035",,Beta,LOT-4511,SKU-7621,101531,Delta,,,,Manila,100511,,,Beta,100016,,,,,,,,,,101707,,,100232,Voluntary,,N,,,Alpha,100132,Direct Hire,,,LOT-1602,105336,,,Other,,,,
100173,Placement,107536,alex.dorsey@examplecorp.test,Arjun Mercer,2025-04-11 15:49:00,omar.okafor@sampleco.test,Jordan Blake,2024-04-12 17:14:00,jordan.ford@acme-fake.test,Priya Garcia,2023-01-23 12:51:00,,,,N,Casey Sato,101207,Silverline Media Co,Delta,Diego Ashby,Project Manager,2025-01-09,,Active - Placed,100380,100620,100014,Data & Analytics,,REF-3397,4701,Alpha,7109,349,867,Beta,Beta,100343,,Project Manager Placement,,100053,"8,399",Yes,elena.reyes@examplecorp.test,*NONE,100056,Taylor Ivanov,101484,Alpha,,100587,260,,,,Delta,SKU-6610,SKU-9696,101538,Standard,,,,Denver,100485,,,Standard,100164,,,,,,,,,,101682,,,100664,Involuntary,100014,N,Below,,Gamma,100229,Placement,,,REF-6792,106423,,,Beta,,,100267,
100726,Placement,107539,quinn.sloan@sampleco.test,Rowan Ford,2024-11-01 21:02:00,yara.blake@sampleco.test,Diego Ivanov,2024-04-04 18:00:00,avery.haddad@acme-fake.test,Fatima Ivanov,2026-03-05 15:32:00,,,,N,Nina Costa,101593,Northwind Textiles Corp,Delta,Fatima Kim,Project Manager,2024-11-19,,Active - Placed,100426,100479,100571,Finance,,LOT-3713,9465,Alpha,1319,7000,7981,Alpha,Beta,100017,,Project Manager Placement,,,"13,447",No,drew.mercer@sampleco.test,Atlas Industries LLP,,Yara Ford,101546,Other,,100017,,,,,Delta,REF-4896,REF-3276,100867,Gamma,,,,Dallas,100673,,,Other,100313,,,,,,,,,,101691,,,100097,,100066,Y,,,Beta,100634,Direct Hire,100408,,REF-6929,106450,,,Standard,,,100255,
100302,Placement,107541,jamie.nguyen@sampleco.test,Rowan Rossi,2023-04-25 21:18:00,priya.reyes@examplecorp.test,Avery Ford,2025-02-01 22:16:00,noah.sloan@sampleco.test,Drew Garcia,2025-03-26 06:34:00,,,,Y,Chen Larsson,101604,Cardinal Robotics LLP,Delta,Mei Mercer,Marketing Coordinator,2023-11-22,2026-06-06,Inactive - Terminated,100615,100305,100386,Data & Analytics,100481,SKU-9868,5812,Alpha,5479,4388,8798,Gamma,Beta,100374,,Marketing Coordinator Placement,,100670,"6,749",No,noah.ford@demomail.test,*NONE,,Noah Okafor,101508,Delta,,100190,,,,,Beta,SKU-8487,,100972,Alpha,,,,Denver,100516,,,Other,100216,,,,,,,,,,100930,,Performance,100280,Voluntary,100613,Y,,Discussed timeline and next steps with the account.,Gamma,100376,Trial,,,TAG-2604,106435,,,Gamma,,,100770,
100496,Placement,107543,emerson.patel@demomail.test,Quinn Haddad,2022-10-06 00:19:00,mei.larsson@sampleco.test,Nina Haddad,2026-03-22 07:17:00,marco.larsson@acme-fake.test,Nina Nguyen,2023-10-18 20:26:00,,,,N,Elena Vance,101761,Redwood Capital LLC,,Emerson Cohen,Customer Success Manager,2025-03-26,2026-07-13,Inactive,,100023,100417,Data & Analytics,100494,SKU-4395,1453,Beta,9538,8791,112,Alpha,Beta,100146,,Customer Success Manager Placement,,100548,"5,373",Yes,skyler.garcia@sampleco.test,*NONE,100694,Sofia Haddad,100887,Standard,,,"1,287",,467,,Beta,LOT-5093,SKU-4821,101085,Alpha,,,,Toronto,100298,,,Beta,100083,,,,,,,,,,100863,,Budget Cut,100731,,100272,N,Exceeded,Resolved the outstanding question about scope.,Beta,100243,Trial,100331,,SKU-2912,105698,,,Delta,,,100136,
100684,Placement,107544,avery.sloan@demomail.test,Sofia Costa,2026-05-30 23:43:00,skyler.cohen@examplecorp.test,Marco Ford,2024-11-09 22:08:00,casey.kim@demomail.test,Jamie Mercer,2024-04-09 18:05:00,,,,N,Riley Silva,100818,Harbor Ventures Inc,Gamma,Taylor Haddad,Bookkeeper,2025-07-04,,Active - Placed,,100129,100044,Finance,,LOT-8576,799,Delta,6142,6492,2306,Beta,Beta,100352,,Bookkeeper Placement,,,"7,103",No,quinn.brooks@examplecorp.test,*NONE,100734,Avery Dorsey,101146,Gamma,,100370,,,,,Gamma,REF-9911,LOT-2404,100815,Delta,,,,Bengaluru,100089,,,Beta,100238,,,,,,,,,,100954,,,100742,,100123,N,Exceeded,,Gamma,100596,Placement,100328,,LOT-3915,105027,,,Other,,,100667,
100520,Placement,107546,priya.vance@examplecorp.test,Noah Haddad,2025-11-16 19:19:00,rahul.nguyen@examplecorp.test,Reese Patel,2022-12-04 16:42:00,rowan.cohen@examplecorp.test,Liam Silva,2025-03-14 07:13:00,,,,N,Nina Ford,101410,Vertex Media Group,,Mei Larsson,Accountant,2024-07-29,,Active - Terminated,100744,100216,100429,Human Resources,,SKU-1907,4606,Gamma,6623,4120,1943,Gamma,Alpha,100750,,Accountant Placement,,,"16,987",Yes,nina.calder@sampleco.test,*NONE,100180,Mei Okafor,101458,,,,,,"2,154",,Gamma,LOT-9614,,101091,Standard,,,,Manila,100500,,,Standard,100066,,,,,,,,,,101015,,,100280,,100641,Y,Met Expectations,,,,Placement,100690,,REF-6379,106169,,,Standard,,,100016,
100530,Placement,107548,jamie.haddad@examplecorp.test,Priya Cohen,2026-03-17 02:59:00,morgan.ashby@sampleco.test,Alex Ivanov,2024-09-19 15:37:00,avery.rossi@examplecorp.test,Rahul Larsson,2022-12-07 03:45:00,,,,Y,Avery Rossi,101209,Everest Capital Corp,Other,Jamie Costa,Payroll Specialist,2025-06-14,2026-07-25,Inactive,100151,100763,100789,Customer Support,100503,SKU-2725,8138,Gamma,794,6490,2587,Alpha,Gamma,100017,,Payroll Specialist Placement,,,"16,175",No,elena.brooks@sampleco.test,*NONE,100421,Alex Haddad,100808,Standard,,100467,,,,,Gamma,REF-7383,LOT-7221,101501,Alpha,,,,Seattle,100031,,,Gamma,100188,,,,,,,,,,101461,,Relocation,100774,Voluntary,100062,N,Exceeded,Discussed timeline and next steps with the account.,Standard,100351,Placement,,,REF-7133,104970,,,Beta,,,100197,
100593,Placement,107551,yara.nguyen@acme-fake.test,Skyler Blake,2023-08-21 04:50:00,drew.sloan@acme-fake.test,Yara Whitfield,2024-11-02 22:03:00,aisha.sato@sampleco.test,Jamie Ford,2024-09-30 18:55:00,,,,N,Quinn Dorsey,100863,Horizon Media Group,Standard,Marco Silva,Accountant,2024-12-21,,Active - Placed,,100788,100368,Sales,100516,REF-9596,9116,Alpha,8702,3535,5512,Beta,Delta,100601,,Accountant Placement,,100765,"13,296",Yes,jamie.mercer@sampleco.test,Pioneer Dynamics Corp,100060,Reese Dorsey,101049,Alpha,,100482,"1,162",,"3,089",,Beta,REF-5536,,101078,Beta,,,,Austin,100245,,,Gamma,100342,,,,,,,,,,101406,,,100141,,,Y,,,Standard,100759,Direct Hire,100434,,TAG-8980,106192,,,Standard,,,,
100110,Placement,107552,rahul.ashby@demomail.test,Quinn Ivanov,2023-09-04 02:16:00,priya.blake@sampleco.test,Elena Kim,2025-06-24 03:59:00,rahul.kim@demomail.test,Jordan Ivanov,2024-04-06 18:17:00,,,,Y,Arjun Haddad,100815,Granite Health LLC,Beta,Drew Vance,Recruiter,2025-02-04,,Active - Placed,100641,100215,100026,Customer Support,,LOT-8989,3668,Delta,6054,70,7812,Standard,Other,100086,,Recruiter Placement,,100591,,Yes,reese.haddad@examplecorp.test,Everest Textiles Group,100313,Alex Calder,101599,Alpha,,100582,,,"4,395",,Other,LOT-5761,LOT-1518,101260,Other,,,,Seattle,100587,,,Other,100356,,,,,,,,,,100999,,,100103,Voluntary,100391,Y,Met Expectations,,Gamma,,Placement,100749,,TAG-6096,105223,,,Delta,,,100559,
100484,Placement,107555,skyler.mensah@examplecorp.test,Quinn Rossi,2025-10-27 02:36:00,skyler.mensah@demomail.test,Casey Mensah,2023-07-24 09:38:00,emerson.okafor@examplecorp.test,Fatima Ivanov,2022-12-10 04:28:00,,,,Y,Liam Cohen,100871,Northwind Robotics Corp,Alpha,Quinn Larsson,Data Analyst,2024-03-21,2026-06-05,Inactive,,100661,100393,Accounting,100593,SKU-3822,2145,Standard,4401,5683,7920,Standard,Delta,100415,,Data Analyst Placement,,,"2,002",No,jamie.sato@demomail.test,Harbor Systems,100323,Aisha Ashby,101588,Standard,,,"1,764",,"1,266",,Standard,SKU-6405,SKU-4098,100841,Beta,,,,Manila,100455,,,Gamma,100673,,,,,,,,,,101417,,Performance,100148,,,Y,Below,Aligned on billing and renewal terms.,,100172,Direct Hire,100642,,LOT-3773,105374,,,Standard,,,100558,
100624,Placement,107556,casey.sato@demomail.test,Drew Okafor,2022-10-27 01:55:00,elena.sloan@acme-fake.test,Alex Blake,2023-03-01 18:04:00,riley.silva@examplecorp.test,Emerson Reyes,2025-06-26 03:03:00,,,,N,Aisha Whitfield,101471,Brightpath Group LLP,Standard,Noah Vance,HR Generalist,2023-11-07,2026-07-14,Inactive - Terminated,,100186,100348,Sales,,TAG-6372,1975,Beta,3758,6272,7304,Other,Beta,100391,,HR Generalist Placement,,100234,"17,898",No,jamie.dorsey@sampleco.test,*NONE,100520,Drew Haddad,100832,Gamma,,100094,233,,,,Delta,TAG-2334,SKU-9984,101222,Delta,,,,Mumbai,100759,,,Gamma,100445,,,,,,,,,,101161,,Unmet Expectations,100277,,100398,N,,Aligned on billing and renewal terms.,Delta,100616,Placement,,,REF-5168,106190,,,Delta,,,100729,
100164,Placement,107558,quinn.kim@demomail.test,Diego Kim,2025-09-30 00:25:00,quinn.kim@sampleco.test,Noah Calder,2026-07-12 17:07:00,jamie.garcia@sampleco.test,Yara Mercer,2024-11-25 01:28:00,,,,N,Riley Vance,101628,Delta Foods Ltd,Alpha,Aisha Patel,Operations Associate,2024-03-03,2026-06-14,Inactive - Terminated,100293,100016,100656,Recruiting,,SKU-5760,2844,Other,324,8694,8432,Gamma,Alpha,100132,,Operations Associate Placement,,,"3,115",Yes,rahul.nguyen@acme-fake.test,*NONE,100393,Jordan Ford,101266,Standard,,100479,,,"1,761",,Beta,SKU-9714,,101479,Delta,,,,Denver,100158,,,Standard,100305,,,,,,,,,,101457,,Performance,100400,Involuntary,100792,N,Met Expectations,Aligned on billing and renewal terms.,,,Placement,,,REF-6318,106098,,,Standard,,,100224,
100259,Placement,107561,rahul.reyes@examplecorp.test,Yara Haddad,2023-11-23 06:26:00,avery.reyes@sampleco.test,Taylor Larsson,2024-08-13 03:31:00,elena.costa@acme-fake.test,Skyler Dorsey,2023-08-10 11:23:00,,,,N,Reese Rossi,101619,Horizon Financial Corp,Alpha,Reese Haddad,Support Specialist,2024-03-23,,Active - Terminated,100800,100715,100479,Data & Analytics,,REF-5811,1803,Gamma,8513,9530,3076,Standard,Alpha,100494,,Support Specialist Placement,,,"8,655",Yes,sofia.brooks@sampleco.test,*NONE,100582,Sofia Larsson,101779,Gamma,,100363,,,,,Gamma,REF-2104,,101063,Beta,,,,Mumbai,100539,,,Alpha,100099,,,,,,,,,,101205,,,100758,Involuntary,100075,Y,Met Expectations,,,,Placement,100415,,TAG-8412,105062,,,Alpha,,,100309,
100229,Placement,107563,reese.larsson@acme-fake.test,Emerson Patel,2023-07-21 11:14:00,rahul.nguyen@demomail.test,Drew Kim,2024-03-31 17:25:00,alex.rossi@examplecorp.test,Elena Brooks,2025-03-03 03:01:00,,,,Y,Mei Sloan,100930,Beacon Logistics Corp,Delta,Reese Mensah,Data Analyst,2024-12-12,,Active - Placed,100481,100090,100342,Human Resources,100386,TAG-3213,113,Other,455,9932,4872,Other,Other,100153,,Data Analyst Placement,,100177,"12,647",Yes,emerson.okafor@examplecorp.test,*NONE,,Quinn Larsson,101751,Beta,,,"1,807",,,,Other,SKU-9329,TAG-4041,101133,Gamma,,,,Austin,100206,,,Delta,100788,,,,,,,,,,101659,,,100400,,100158,Y,Exceeded,,,,Placement,,,LOT-3480,104968,,,Alpha,,,100182,
100366,Placement,107566,chen.mensah@examplecorp.test,Marco Patel,2022-11-20 17:40:00,skyler.brooks@sampleco.test,Yara Vance,2026-03-01 00:36:00,arjun.brooks@examplecorp.test,Yara Whitfield,2024-07-16 18:50:00,,,,N,Noah Brooks,101295,Beacon Partners LLC,Alpha,Morgan Garcia,Project Manager,2025-08-16,,Active - Placed,100518,100646,100731,Recruiting,,TAG-4532,4540,Alpha,3551,1318,175,Gamma,Beta,100200,,Project Manager Placement,,,"12,179",No,chen.nguyen@acme-fake.test,*NONE,,Noah Calder,100832,Gamma,,100186,,,,,Beta,LOT-6610,SKU-9419,101115,Alpha,,,,Phoenix,100148,,,Alpha,100522,,,,,,,,,,100867,,,100777,Voluntary,100615,N,Exceeded,,,,Bench,100788,,TAG-4012,106416,,,Alpha,,,100410,
100516,Placement,107568,priya.ivanov@demomail.test,Chen Ford,2023-09-30 12:48:00,taylor.dorsey@sampleco.test,Jamie Okafor,2025-02-28 16:05:00,marco.nguyen@sampleco.test,Liam Sato,2026-03-13 07:06:00,,,,Y,Liam Vance,101682,Vertex Holdings Corp,Beta,Morgan Kim,Customer Success Manager,2025-04-06,,Active - Placed,,100370,100744,Accounting,100628,REF-4812,99,Alpha,3365,6104,5779,Gamma,Gamma,100560,,Customer Success Manager Placement,,100755,"10,214",No,arjun.mercer@acme-fake.test,*NONE,,Taylor Ivanov,101063,Alpha,,100497,,,,,Beta,LOT-5618,REF-1815,101044,Other,,,,Denver,100413,,,Gamma,100771,,,,,,,,,,101164,,,100178,Voluntary,100763,Y,Exceeded,,,,Bench,100796,,REF-7025,105067,,,Gamma,,,100464,
100030,Placement,107569,casey.ivanov@examplecorp.test,Casey Patel,2023-12-19 21:44:00,mei.kim@examplecorp.test,Alex Cohen,2023-09-05 23:47:00,noah.ashby@demomail.test,Aisha Sloan,2024-02-29 06:08:00,,,,Y,Elena Larsson,101249,Pioneer Health Ltd,Alpha,Avery Sato,Accountant,2025-02-08,2026-06-21,Inactive - Terminated,,100729,100141,Accounting,,LOT-9412,8977,Delta,9478,3797,6100,Gamma,Other,100178,,Accountant Placement,,,"16,926",Yes,nina.ivanov@sampleco.test,Cardinal Retail Co,100702,Marco Ashby,101234,Delta,,100560,622,,"3,972",,Gamma,REF-4585,REF-6743,101680,Other,,,,Manila,100142,,,Delta,100103,,,,,,,,,,100942,,Unmet Expectations,100742,Involuntary,100391,N,Below,Noted a concern to revisit at the next sync.,Beta,100168,Placement,100340,,LOT-1390,105600,,,Delta,,,100523,
100172,Placement,107571,arjun.okafor@sampleco.test,Mei Mensah,2026-05-05 00:24:00,diego.costa@examplecorp.test,Yara Dorsey,2023-10-27 15:45:00,morgan.vance@demomail.test,Jamie Kim,2023-12-26 23:16:00,,,,N,Rowan Kim,100919,Copper Holdings,Gamma,Aisha Ford,Customer Success Manager,2025-10-30,,Active - Placed,100389,100015,100616,Sales,,LOT-2529,8413,Other,5111,1291,5797,Beta,Beta,100148,,Customer Success Manager Placement,,,"6,269",Yes,drew.reyes@acme-fake.test,*NONE,,Avery Patel,101188,Alpha,,100649,556,,,,Other,SKU-8956,,101551,Other,,,,Toronto,100679,,,Beta,100073,,,,,,,,,,101398,,,100016,Involuntary,100684,Y,Met Expectations,,,100625,Placement,100627,,LOT-8214,106091,,,Standard,,,,
100771,Placement,107572,chen.nguyen@sampleco.test,Chen Mensah,2026-06-10 03:12:00,jamie.haddad@acme-fake.test,Drew Sloan,2025-06-30 06:45:00,morgan.larsson@examplecorp.test,Avery Brooks,2023-08-04 16:09:00,,,,N,Omar Sato,101334,Brightpath Industries,Alpha,Yara Rossi,Project Manager,2023-06-26,,Active - Placed,100136,100447,100190,Recruiting,100559,LOT-5580,1836,Gamma,7215,4293,4319,Delta,Gamma,100190,,Project Manager Placement,,100141,"4,727",No,nina.ashby@sampleco.test,*NONE,,Mei Whitfield,100914,Standard,,100667,,,920,,Other,TAG-9191,SKU-5903,101568,Beta,,,,Seattle,100628,,,Beta,100291,,,,,,,,,,100844,,,100755,Voluntary,100473,,Met Expectations,,,100588,Placement,100694,,LOT-5840,106374,,,Standard,,,,
100352,Placement,107575,avery.calder@acme-fake.test,Drew Haddad,2024-07-08 07:06:00,sofia.ivanov@demomail.test,Emerson Calder,2026-07-10 11:44:00,aisha.blake@acme-fake.test,Taylor Dorsey,2024-05-01 18:10:00,,,,N,Alex Ivanov,101734,Cobalt Networks Co,,Aisha Sato,Executive Assistant,2024-03-09,2026-07-25,Inactive - Terminated,,100180,100770,Recruiting,100656,SKU-1080,670,Other,4865,6350,3600,Alpha,Delta,100161,,Executive Assistant Placement,,,"9,296",No,priya.ford@sampleco.test,*NONE,100516,Morgan Nguyen,101601,Standard,,,"1,288",,,,Alpha,REF-7952,,101535,Gamma,,,,Phoenix,100565,,,Alpha,100005,,,,,,,,,,101209,,,100485,Voluntary,100543,N,Exceeded,Followed up on the open items from last week.,,,Direct Hire,100262,,SKU-6971,105320,,,Alpha,,,100782,
100518,Placement,107576,chen.whitfield@acme-fake.test,Jamie Ashby,2026-02-18 18:48:00,fatima.whitfield@sampleco.test,Jordan Whitfield,2026-06-06 08:21:00,fatima.dorsey@acme-fake.test,Aisha Calder,2024-12-30 12:50:00,,,,Y,Fatima Dorsey,101212,Blue Ridge Robotics Group,Other,Reese Costa,Bookkeeper,2025-11-29,2026-06-20,Inactive,100016,100343,100205,Marketing,100066,LOT-3191,8724,Gamma,5402,4734,4701,Alpha,Gamma,100684,,Bookkeeper Placement,,,"17,707",No,emerson.larsson@sampleco.test,Evergreen Textiles LLC,100767,Avery Dorsey,101548,Delta,,100389,"1,592",,,,Gamma,TAG-7496,SKU-1086,101764,Alpha,,,,Seattle,100408,,,Delta,100370,,,,,,,,,,101302,,,100447,,100232,N,,Resolved the outstanding question about scope.,Alpha,100670,Placement,100503,,TAG-5459,105174,,,Standard,,,100799,
100690,Placement,107578,emerson.silva@acme-fake.test,Marco Patel,2024-02-28 19:26:00,alex.sloan@sampleco.test,Yara Sato,2023-08-24 14:14:00,riley.sato@examplecorp.test,Taylor Vance,2026-06-02 15:21:00,,,,N,Noah Larsson,101680,Meridian Retail Group,Standard,Riley Larsson,Operations Associate,2025-02-05,2026-06-14,Inactive - Terminated,,100089,100040,Accounting,,SKU-2208,3224,Delta,8401,1564,6882,Alpha,Delta,100290,,Operations Associate Placement,,100676,"12,245",No,taylor.ashby@examplecorp.test,*NONE,100705,Yara Kim,101770,Beta,,,,,,,Delta,TAG-9551,TAG-2639,100825,Gamma,,,,Phoenix,100165,,,Delta,100206,,,,,,,,,,101183,,Project Ended,100314,Voluntary,100523,N,Exceeded,Aligned on billing and renewal terms.,,,Placement,100596,,TAG-8207,105099,,,Standard,,,100153,
100685,Placement,107580,morgan.ashby@sampleco.test,Mei Costa,2025-09-27 04:21:00,riley.patel@acme-fake.test,Liam Reyes,2024-12-07 07:11:00,sofia.haddad@acme-fake.test,Liam Calder,2023-12-08 17:25:00,,,,Y,Reese Ashby,100982,Silverline Capital Co,Delta,Taylor Brooks,HR Generalist,2024-03-15,2026-06-26,Inactive,,100248,100551,Software Engineering,,SKU-1583,7511,Alpha,7367,6036,9308,Delta,Alpha,100023,,HR Generalist Placement,,,"4,753",Yes,noah.costa@demomail.test,*NONE,,Chen Mensah,100988,Gamma,,100699,,,"1,997",,Alpha,LOT-4930,REF-2770,100956,Alpha,,,,Atlanta,100063,,,Beta,100622,,,,,,,,,,101150,,Converted to Direct Hire,100405,Voluntary,100200,Y,,Discussed timeline and next steps with the account.,Other,100220,Placement,,,TAG-9427,105842,,,Alpha,,,,
100192,Placement,107583,omar.okafor@demomail.test,Avery Larsson,2026-04-16 22:15:00,jamie.garcia@sampleco.test,Mei Mensah,2025-07-02 07:47:00,riley.dorsey@sampleco.test,Skyler Ashby,2026-04-27 09:37:00,,,,N,Noah Ford,101101,Northwind Media Group,Gamma,Arjun Ford,Data Analyst,2024-12-31,2026-06-26,Inactive,100763,100269,100386,Recruiting,100251,TAG-6143,8082,Delta,4589,9941,5491,Standard,Other,100596,,Data Analyst Placement,,,"4,756",No,diego.ivanov@examplecorp.test,Granite Media LLC,100316,Noah Dorsey,101121,Gamma,,,,,,,Other,LOT-3819,SKU-6712,101098,Gamma,,,,Manila,100281,,,Other,100632,,,,,,,,,,101146,,Converted to Direct Hire,100571,Voluntary,100290,Y,Exceeded,Noted a concern to revisit at the next sync.,,100723,Placement,100744,,TAG-9955,105605,,,Delta,,,100569,
100277,Placement,107585,priya.larsson@sampleco.test,Drew Kim,2023-09-22 20:53:00,marco.ashby@acme-fake.test,Liam Calder,2025-07-10 21:57:00,riley.costa@demomail.test,Emerson Mensah,2025-12-26 17:04:00,,,,Y,Diego Cohen,100917,Northwind Health Co,Other,Taylor Haddad,Accountant,2024-05-16,,Active - Placed,100800,100009,100755,Marketing,100348,TAG-6385,3005,Delta,3973,2311,6612,Other,Other,100750,,Accountant Placement,,100597,"15,794",No,avery.silva@examplecorp.test,*NONE,100652,Morgan Sato,100821,Beta,,100236,,,,,Gamma,REF-7364,REF-3909,101068,Standard,,,,Chicago,100526,,,Gamma,100089,,,,,,,,,,101598,,,100180,Involuntary,100800,Y,Below,,Gamma,,Backfill,,,REF-4188,105853,,,Standard,,,100241,
100368,Placement,107588,skyler.calder@sampleco.test,Aisha Patel,2025-02-19 16:54:00,casey.ford@acme-fake.test,Fatima Nguyen,2025-02-16 00:06:00,taylor.ford@acme-fake.test,Jordan Vance,2023-01-19 02:10:00,,,,N,Liam Calder,101130,Harbor Labs Inc,Beta,Casey Costa,QA Engineer,2023-11-06,,Active - Placed,,100063,100750,Operations,,SKU-5879,5721,Alpha,1985,7409,5202,Beta,Alpha,100348,,QA Engineer Placement,,,"17,646",No,elena.ford@examplecorp.test,*NONE,,Liam Rossi,100931,Beta,,100044,,,,,Other,TAG-6944,SKU-5239,101560,Delta,,,,Bengaluru,100353,,,Alpha,100097,,,,,,,,,,101342,,,100286,Voluntary,100172,N,Exceeded,,,100063,Placement,100759,,LOT-3150,106543,,,Beta,,,,
100290,Placement,107590,skyler.reyes@examplecorp.test,Quinn Mercer,2023-10-12 19:31:00,rowan.reyes@demomail.test,Jordan Reyes,2024-03-17 20:17:00,aisha.brooks@sampleco.test,Emerson Rossi,2023-09-18 14:44:00,,,,Y,Rahul Nguyen,100853,Delta Foods Group,Standard,Marco Mensah,HR Generalist,2023-07-09,,Active - Placed,100551,100617,100113,Customer Support,100793,REF-4584,5825,Delta,7429,7153,1668,Beta,Delta,100705,,HR Generalist Placement,,100403,"14,938",Yes,nina.silva@demomail.test,*NONE,100652,Casey Vance,101577,Delta,,100753,"1,086",,"1,962",,Alpha,LOT-6610,REF-3810,101552,Other,,,,London,100200,,,Beta,100094,,,,,,,,,,100952,,,100604,Voluntary,100601,N,Below,,Alpha,,Direct Hire,100661,,TAG-4244,105548,,,Beta,,,,
100793,Placement,107592,chen.blake@sampleco.test,Alex Ford,2026-05-08 19:26:00,casey.mercer@demomail.test,Sofia Ashby,2024-07-31 23:49:00,fatima.patel@examplecorp.test,Drew Larsson,2024-04-15 23:54:00,,,,Y,Nina Haddad,100861,Northwind Health LLP,Gamma,Alex Cohen,Bookkeeper,2024-05-26,,Active - Terminated,100142,100527,100591,Marketing,100588,REF-9144,9679,Other,957,6969,7951,Delta,Other,100334,,Bookkeeper Placement,,100164,"6,823",No,aisha.sato@examplecorp.test,*NONE,,Riley Cohen,101685,Beta,,100563,,,"2,051",,Standard,REF-4226,LOT-1880,101000,Delta,,,,Atlanta,100302,,,Standard,100456,,,,,,,,,,101054,,,100624,,,Y,Exceeded,,Other,100360,Placement,100551,,LOT-8105,106210,,,Delta,,,100685,
100117,Placement,107594,marco.brooks@examplecorp.test,Yara Garcia,2023-04-10 05:43:00,jordan.ford@demomail.test,Taylor Nguyen,2023-03-10 15:35:00,rahul.whitfield@examplecorp.test,Yara Larsson,2024-03-02 19:59:00,,,,N,Morgan Ivanov,101000,Cobalt Networks Group,Gamma,Quinn Sloan,Support Specialist,2025-10-13,,Active - Placed,100101,100128,100040,Finance,100420,LOT-2008,6111,Alpha,3589,3063,2526,Alpha,Delta,100793,,Support Specialist Placement,,,,Yes,rowan.kim@acme-fake.test,*NONE,100681,Aisha Ivanov,101327,Other,,100467,,,,,Alpha,LOT-5298,SKU-8487,101271,Beta,,,,Bengaluru,100722,,,Other,100631,,,,,,,,,,100920,,,100255,Involuntary,100526,Y,Exceeded,,,,Placement,,,TAG-4646,105319,,,Other,,,,
100314,Placement,107597,arjun.silva@demomail.test,Jordan Nguyen,2023-05-30 16:58:00,avery.blake@examplecorp.test,Marco Rossi,2023-03-11 15:46:00,chen.mensah@acme-fake.test,Chen Mensah,2024-11-03 12:37:00,,,,Y,Priya Blake,101035,Copper Health LLC,Standard,Alex Whitfield,Payroll Specialist,2025-03-21,,Active - Placed,100601,100481,100091,Human Resources,100772,LOT-5759,1790,Delta,214,4968,2314,Gamma,Gamma,100111,,Payroll Specialist Placement,,,"15,161",No,diego.larsson@sampleco.test,*NONE,100049,Casey Okafor,101257,Alpha,,,,,"4,156",,Beta,TAG-9903,SKU-5209,101734,Other,,,,Bengaluru,100180,,,Delta,100576,,,,,,,,,,101334,,,100305,,100543,,,,Beta,100336,Direct Hire,100319,,TAG-1513,106572,,,Gamma,,,100796,
100277,Placement,107599,emerson.okafor@acme-fake.test,Skyler Mensah,2024-04-16 20:35:00,quinn.cohen@sampleco.test,Aisha Okafor,2023-12-23 04:39:00,aisha.vance@sampleco.test,Jamie Okafor,2025-03-22 10:45:00,,,,Y,Skyler Costa,101677,Cobalt Robotics Inc,Alpha,Priya Blake,Software Developer,2026-02-17,,Active - Placed,100418,100044,100099,Accounting,100445,LOT-5602,1322,Gamma,457,7792,239,Other,Other,100172,,Software Developer Placement,,,"3,635",No,riley.mensah@sampleco.test,*NONE,100597,Sofia Mercer,100997,Delta,,100481,"1,707",,,,Delta,LOT-2856,,101473,Alpha,,,,Mumbai,100658,,,Delta,100366,,,,,,,,,,101168,,,100538,,100041,Y,Exceeded,,,100535,Direct Hire,100336,,SKU-2800,105822,,,Delta,,,100015,
100017,Placement,107602,yara.sloan@demomail.test,Aisha Haddad,2023-06-11 07:10:00,jordan.blake@sampleco.test,Rowan Mensah,2025-04-11 07:35:00,chen.ashby@examplecorp.test,Skyler Blake,2026-02-07 22:49:00,,,,Y,Rowan Costa,101657,Cobalt Health Group,Alpha,Elena Okafor,Data Analyst,2025-04-25,2026-06-29,Inactive,,100339,100333,Data & Analytics,100649,TAG-9289,5326,Gamma,247,4775,4708,Standard,Other,100696,,Data Analyst Placement,,100475,"5,821",Yes,aisha.blake@acme-fake.test,*NONE,,Emerson Mensah,101669,Gamma,,100452,,,,,Gamma,REF-2319,TAG-4842,100910,Alpha,1901,,,Chicago,100656,,,Delta,100617,,,,,,,,,,101296,,Unmet Expectations,100424,Involuntary,100432,Y,Met Expectations,Scheduled a check-in for the coming month.,,100477,Bench,100223,,TAG-5498,106474,,,Delta,,,100792,
100308,Placement,107603,diego.mercer@sampleco.test,Nina Ford,2025-09-30 05:24:00,jamie.blake@demomail.test,Yara Blake,2024-11-04 02:05:00,morgan.mensah@sampleco.test,Omar Sloan,2026-05-16 09:25:00,,,,Y,Fatima Dorsey,101073,Redwood Labs LLP,Other,Avery Ashby,Support Specialist,2025-11-25,,Active - Placed,100136,100496,100360,Human Resources,,SKU-2016,5630,Alpha,5002,4621,2163,Gamma,Alpha,100275,,Support Specialist Placement,,100492,"4,616",No,chen.costa@sampleco.test,Harbor Labs,,Mei Brooks,100943,Gamma,,,"1,667",,,,Gamma,SKU-3689,REF-4039,101018,Standard,,,,Seattle,100415,,,Delta,100122,,,,,,,,,,101266,,,100107,,100704,N,Below,,,100601,Placement,,,REF-7674,106516,,,Alpha,,,,
100310,Placement,107604,quinn.patel@examplecorp.test,Fatima Rossi,2024-03-22 04:28:00,marco.kim@demomail.test,Diego Sato,2025-09-09 23:34:00,alex.nguyen@acme-fake.test,Nina Dorsey,2024-03-27 02:07:00,,,,N,Reese Blake,101054,Vertex Solutions Co,Delta,Rowan Silva,Customer Success Manager,2024-04-15,2026-07-10,Inactive,100344,100275,100588,Data & Analytics,100049,SKU-5062,2950,Alpha,8126,6252,795,Delta,Other,100555,,Customer Success Manager Placement,,100479,"7,182",Yes,mei.ashby@examplecorp.test,*NONE,,Alex Mercer,100931,Delta,,,,,,,Beta,SKU-5721,LOT-6651,101137,Standard,,,,Austin,100141,,,Delta,100117,,,,,,,,,,101466,,Budget Cut,100760,Voluntary,100141,Y,Met Expectations,Discussed timeline and next steps with the account.,,,Placement,100062,,SKU-4453,106234,,,Standard,,,100056,
100426,Placement,107606,marco.sloan@examplecorp.test,Morgan Cohen,2025-02-05 01:42:00,liam.rossi@sampleco.test,Arjun Ivanov,2026-07-10 15:18:00,marco.blake@sampleco.test,Morgan Kim,2023-01-16 15:34:00,,,,N,Yara Mercer,101708,Ironwood Labs Co,Standard,Yara Blake,QA Engineer,2024-12-16,2026-07-12,Inactive,100058,100282,100041,Customer Support,,SKU-1789,3171,Beta,3248,8834,1693,Alpha,Other,100352,,QA Engineer Placement,,100298,"6,888",No,chen.larsson@demomail.test,*NONE,100704,Nina Nguyen,100994,Beta,,,,,,,Other,SKU-9775,,101550,Gamma,,,,Bengaluru,100143,,,Gamma,100010,,,,,,,,,,101312,,Relocation,100494,Voluntary,100789,,Below,Discussed timeline and next steps with the account.,,100667,Placement,,,LOT-1242,105234,,,Gamma,,,100552,
100224,Placement,107607,nina.mercer@demomail.test,Emerson Vance,2024-03-25 08:23:00,casey.dorsey@acme-fake.test,Mei Ashby,2026-02-12 18:14:00,emerson.okafor@examplecorp.test,Rahul Dorsey,2024-01-09 17:20:00,,,,N,Reese Ivanov,101698,Ironwood Industries LLP,,Rahul Larsson,Recruiter,2024-12-22,2026-07-05,Inactive,100223,100371,100789,Human Resources,100573,LOT-3562,8783,Gamma,6986,524,4077,Beta,Delta,100331,,Recruiter Placement,,100010,"7,823",No,priya.mensah@demomail.test,*NONE,100486,Quinn Rossi,100997,Gamma,,100060,,,"1,337",,Delta,TAG-4692,SKU-6536,101412,Standard,,,,Denver,100729,,,Beta,100141,,,,,,,,,,101403,,Performance,100486,,100343,Y,Below,Noted a concern to revisit at the next sync.,,,Placement,100188,,SKU-4005,106389,,,Standard,,,100079,
100715,Placement,107610,quinn.silva@acme-fake.test,Quinn Brooks,2025-09-15 21:31:00,rahul.blake@demomail.test,Quinn Cohen,2025-07-18 10:44:00,omar.mercer@acme-fake.test,Jamie Rossi,2026-05-30 14:23:00,,,,Y,Rowan Calder,101098,Granite Industries,Alpha,Skyler Costa,Software Developer,2025-07-11,2026-06-29,Inactive,,100479,100462,Accounting,,REF-2106,8983,Delta,9483,8235,914,Other,Standard,100008,,Software Developer Placement,,,"6,573",No,rahul.vance@examplecorp.test,Harbor Textiles LLP,100403,Avery Cohen,101161,Standard,,100051,677,,"3,976",,Standard,LOT-4420,TAG-5816,101484,Alpha,,,,Denver,100023,,,Alpha,100523,,,,,,,,,,100911,,Converted to Direct Hire,100772,,100192,Y,Exceeded,Noted a concern to revisit at the next sync.,Alpha,100325,Placement,100704,,LOT-8932,105492,,,Beta,,,100165,
100348,Placement,107613,morgan.mensah@examplecorp.test,Jamie Patel,2022-12-08 10:20:00,skyler.ford@demomail.test,Skyler Sloan,2024-03-05 00:00:00,rowan.cohen@demomail.test,Skyler Ford,2023-12-21 12:31:00,,,,Y,Morgan Haddad,101247,Granite Health Group,Standard,Noah Larsson,Operations Associate,2025-01-28,2026-06-16,Inactive - Terminated,100134,100241,100679,Marketing,100037,TAG-1821,902,Gamma,3516,1114,1792,Delta,Delta,100403,,Operations Associate Placement,,100497,"13,107",No,quinn.kim@acme-fake.test,Blue Ridge Holdings Inc,100641,Omar Nguyen,101311,Alpha,,100637,432,,,,Gamma,SKU-9387,,101560,Alpha,,,,Seattle,100042,,,Beta,100151,,,,,,,,,,101602,,Budget Cut,100477,,100410,,,Scheduled a check-in for the coming month.,Standard,100723,Placement,100720,,REF-9058,105969,,,Other,,,100241,
100726,Placement,107614,fatima.garcia@sampleco.test,Jordan Silva,2026-03-15 19:20:00,casey.reyes@acme-fake.test,Elena Calder,2025-11-23 19:32:00,morgan.rossi@examplecorp.test,Quinn Vance,2023-02-26 20:32:00,,,,N,Casey Silva,101137,Blue Ridge Partners Corp,Delta,Jordan Mercer,Data Analyst,2025-02-04,,Active - Placed,100016,100513,100111,Recruiting,,REF-5636,4677,Alpha,4765,3079,8472,Alpha,Other,100690,,Data Analyst Placement,,100576,"2,048",Yes,sofia.vance@acme-fake.test,*NONE,100627,Yara Dorsey,100962,Alpha,,100188,,,,,Gamma,SKU-3484,LOT-9639,100967,Gamma,,,,Seattle,100548,,,Delta,100568,,,,,,,,,,101078,,,100058,Involuntary,100141,Y,,,Gamma,,Placement,100702,,REF-2176,105938,,,Delta,,,100206,
100234,Placement,107617,rowan.mercer@demomail.test,Morgan Larsson,2024-12-31 05:26:00,morgan.rossi@acme-fake.test,Rahul Blake,2026-04-15 20:05:00,priya.silva@examplecorp.test,Chen Ford,2026-03-11 04:00:00,,,,N,Marco Reyes,101042,Redwood Solutions Group,Alpha,Alex Ivanov,Bookkeeper,2025-06-24,2026-06-04,Inactive,100628,100360,100359,Customer Support,100113,LOT-6905,1544,Gamma,2090,4783,3090,Other,Delta,100656,,Bookkeeper Placement,,100356,"4,579",No,noah.rossi@examplecorp.test,*NONE,100792,Fatima Silva,101311,Delta,,100782,"1,331",,,,Delta,LOT-6959,TAG-5336,100844,Other,,,,Toronto,100770,,,Alpha,100634,,,,,,,,,,101700,,,100530,Voluntary,100173,N,Below,Aligned on billing and renewal terms.,Beta,,Placement,100223,,LOT-5529,105996,,,Other,,,100585,
100683,Placement,107618,taylor.ford@sampleco.test,Skyler Patel,2025-11-21 12:21:00,emerson.vance@acme-fake.test,Avery Mercer,2025-09-23 02:45:00,jordan.reyes@examplecorp.test,Riley Costa,2024-02-25 00:56:00,,,,Y,Chen Sato,101434,Evergreen Foods Group,Other,Fatima Cohen,Bookkeeper,2025-03-14,,Active - Terminated,100535,100017,100692,Operations,,LOT-5679,6629,Gamma,455,1017,5388,Other,Standard,100542,,Bookkeeper Placement,,100017,"14,296",No,skyler.dorsey@demomail.test,*NONE,100696,Fatima Larsson,101286,Gamma,,100576,,,,,Alpha,TAG-9188,REF-7017,101032,Alpha,,,,Mumbai,100527,,,Alpha,100661,,,,,,,,,,101660,,,100169,Voluntary,100240,Y,Below,,Alpha,,Bench,,,REF-7296,105273,,,Beta,,,100173,
100227,Placement,107621,marco.okafor@acme-fake.test,Reese Sato,2026-01-20 19:57:00,avery.nguyen@demomail.test,Priya Reyes,2024-06-29 01:49:00,arjun.reyes@demomail.test,Yara Sato,2025-11-12 07:23:00,,,,N,Noah Ford,101139,Evergreen Foods LLC,,Elena Ford,Support Specialist,2025-01-21,,Active - Placed,,100215,100432,Operations,,TAG-5760,6674,Gamma,8507,1819,8070,Alpha,Beta,100356,,Support Specialist Placement,,100793,"6,029",No,rahul.cohen@sampleco.test,*NONE,100101,Omar Ivanov,101068,Other,,,,,94,,Delta,TAG-8085,,100867,Alpha,,,,Austin,100642,,,Gamma,100780,,,,,,,,,,101135,,,,,100543,Y,Exceeded,,,100239,Placement,,,SKU-9624,106226,,,Beta,,,,
100190,Placement,107624,jordan.mercer@sampleco.test,Riley Okafor,2024-12-01 17:22:00,casey.ashby@demomail.test,Taylor Rossi,2026-06-03 18:29:00,casey.larsson@acme-fake.test,Omar Vance,2023-02-08 05:38:00,,,,N,Casey Sato,101489,Atlas Manufacturing Ltd,,Rahul Vance,Operations Associate,2025-08-03,2026-07-03,Inactive,,100328,100736,Finance,,LOT-1571,1049,Delta,9515,7824,5645,Gamma,Other,100111,,Operations Associate Placement,,100591,"11,785",Yes,riley.kim@examplecorp.test,*NONE,,Elena Costa,101018,Other,,100107,,,,,Standard,LOT-4300,SKU-7330,100879,Standard,,,,Atlanta,100763,,,Other,100620,,,,,,,,,,100964,,Budget Cut,100473,Involuntary,100437,N,Exceeded,Noted a concern to revisit at the next sync.,Alpha,,Bench,,,LOT-6020,106207,,,Gamma,,,,
100464,Placement,107626,elena.ivanov@demomail.test,Arjun Reyes,2023-03-23 11:56:00,riley.mensah@demomail.test,Diego Nguyen,2023-08-10 11:56:00,casey.nguyen@acme-fake.test,Jordan Blake,2024-11-15 15:26:00,,,,Y,Skyler Dorsey,101521,Meridian Media LLP,Standard,Casey Sato,Recruiter,2025-01-05,2026-06-23,Inactive,,100777,100789,Data & Analytics,100788,TAG-8157,4777,Other,8936,4713,1622,Delta,Delta,100206,,Recruiter Placement,,,"16,929",Yes,rowan.mensah@acme-fake.test,*NONE,,Rahul Okafor,101137,Delta,,100295,,,,,Beta,TAG-8687,,101031,Delta,,Alpha,,Phoenix,100190,,,Standard,100759,,,,,,,,,,101550,,Budget Cut,100090,,100281,Y,Met Expectations,Followed up on the open items from last week.,Standard,,Placement,,,LOT-3070,105417,,,Standard,,,,
100325,Placement,107629,nina.reyes@demomail.test,Riley Sato,2023-10-19 10:35:00,casey.vance@sampleco.test,Drew Brooks,2024-10-05 16:24:00,taylor.sloan@examplecorp.test,Chen Blake,2024-02-10 15:02:00,,,,N,Fatima Okafor,101278,Cobalt Textiles,Delta,Omar Mercer,Project Manager,2026-06-01,,Active - Placed,100090,100696,100672,Software Engineering,,LOT-6219,5560,Delta,3434,5453,7282,Beta,Other,100530,,Project Manager Placement,,100235,,No,avery.dorsey@sampleco.test,*NONE,100132,Marco Okafor,101342,Other,,,"1,392",,,,Beta,TAG-7211,SKU-8121,101178,Other,,,,Denver,100755,,,Alpha,100464,,,,,,,,,,100825,,,100684,,100631,N,Met Expectations,,Gamma,100462,Direct Hire,100200,,LOT-2941,105544,,,Alpha,,,100016,
100464,Placement,107630,mei.whitfield@sampleco.test,Nina Sloan,2022-10-08 02:47:00,priya.calder@sampleco.test,Jordan Blake,2026-07-18 14:34:00,elena.rossi@sampleco.test,Casey Vance,2022-11-10 22:00:00,,,,N,Noah Sato,101407,Beacon Systems Co,Beta,Jordan Dorsey,Accountant,2024-11-19,,Active - Placed,100652,100565,100168,Operations,100139,LOT-3954,8104,Gamma,3579,2427,7647,Beta,Standard,100568,,Accountant Placement,,,"12,022",Yes,marco.silva@acme-fake.test,*NONE,100041,Quinn Patel,101077,,,,393,,,,Gamma,LOT-4417,,101415,Other,,,,London,100280,,,Other,100531,,,,,,,,,,101613,,,100670,Voluntary,100792,Y,Met Expectations,,,100673,Placement,100101,,LOT-1342,104961,,,Other,,,100153,
100546,Placement,107633,alex.dorsey@acme-fake.test,Rowan Reyes,2024-11-11 06:49:00,sofia.kim@demomail.test,Reese Ashby,2026-04-22 11:11:00,arjun.reyes@examplecorp.test,Mei Ashby,2026-03-10 12:09:00,,,,Y,Elena Sloan,101546,Pioneer Energy Corp,Standard,Marco Dorsey,Project Manager,2025-12-04,,Active - Placed,100122,100720,100800,Marketing,100213,REF-1974,6327,Beta,3410,792,6321,Other,Other,100753,,Project Manager Placement,,,"14,282",No,omar.reyes@demomail.test,*NONE,,Rowan Okafor,100829,Other,,100363,,,"4,318",,Alpha,REF-1852,LOT-2575,101330,Standard,2557,,,Mumbai,100686,,,Gamma,100030,,,,,,,,,,101341,,,100051,,100224,N,,,,100520,Backfill,,,LOT-5629,106379,,,Delta,,,100459,
100676,Placement,107636,quinn.brooks@acme-fake.test,Elena Cohen,2023-02-08 10:42:00,casey.mensah@examplecorp.test,Morgan Rossi,2023-07-22 03:52:00,emerson.ashby@sampleco.test,Jamie Nguyen,2025-08-17 06:25:00,,,,Y,Sofia Cohen,101693,Everest Financial Group,Delta,Taylor Sloan,Recruiter,2025-09-03,2026-06-10,Inactive,100796,100722,100182,Finance,,TAG-1020,4614,Alpha,3456,2987,2488,Gamma,Standard,100741,,Recruiter Placement,,100205,"16,732",Yes,omar.okafor@sampleco.test,Vertex Foods,,Morgan Okafor,101159,Standard,,100749,,,,,Standard,REF-3162,LOT-8243,101073,Beta,,,,Denver,100565,,,Beta,100708,,,,,,,,,,100857,,,100526,Involuntary,100759,N,,Followed up on the open items from last week.,Standard,,Placement,100352,,SKU-1083,105787,,,Other,,,100079,
100437,Placement,107637,mei.vance@sampleco.test,Sofia Mercer,2022-11-23 01:15:00,arjun.dorsey@acme-fake.test,Skyler Ford,2023-12-18 13:20:00,rahul.rossi@acme-fake.test,Omar Nguyen,2022-12-27 09:42:00,,,,Y,Morgan Garcia,100828,Atlas Group Inc,,Elena Costa,Operations Associate,2023-07-02,2026-07-24,Inactive,100117,100770,100203,Operations,100208,TAG-1647,5137,Gamma,9416,3634,1750,Beta,Alpha,100452,,Operations Associate Placement,,,"11,716",No,rowan.whitfield@sampleco.test,Granite Robotics Inc,,Jordan Blake,100848,Other,,100574,869,,,,Alpha,REF-6122,LOT-8042,101263,Beta,,,,Bengaluru,100517,,,Other,100530,,,,,,,,,,100861,,Project Ended,100641,Voluntary,100770,Y,Met Expectations,Noted a concern to revisit at the next sync.,,,Bench,,,TAG-5217,106361,,,Gamma,,,100673,
100400,Placement,107638,reese.cohen@examplecorp.test,Marco Cohen,2023-08-06 13:18:00,avery.blake@demomail.test,Drew Okafor,2025-12-23 06:00:00,rahul.blake@examplecorp.test,Diego Reyes,2025-04-25 12:21:00,,,,Y,Chen Sloan,101075,Horizon Industries Group,,Diego Mercer,Bookkeeper,2026-01-28,,Active - Placed,100788,100527,100652,Customer Support,100786,LOT-9934,2740,Delta,353,517,3875,Alpha,Alpha,100382,,Bookkeeper Placement,,100746,"10,501",No,jamie.dorsey@acme-fake.test,*NONE,,Skyler Silva,101327,Standard,,100371,,,"1,747",,Beta,LOT-5569,LOT-8469,100985,Standard,,Beta,,Austin,100328,,,Gamma,100051,,,,,,,,,,101051,,,,Involuntary,100610,Y,,,Delta,,Placement,100426,,REF-5560,105072,,,Beta,,,100664,
100403,Placement,107639,casey.kim@examplecorp.test,Morgan Ashby,2024-08-21 04:00:00,rowan.larsson@acme-fake.test,Omar Okafor,2025-10-21 04:36:00,mei.sato@demomail.test,Rowan Blake,2026-05-25 21:45:00,,,,Y,Fatima Mercer,100867,Harbor Partners LLC,Alpha,Emerson Mercer,Payroll Specialist,2024-11-04,,Active - Placed,100511,100151,100631,Software Engineering,100158,TAG-2040,5175,Standard,5421,7246,6552,Alpha,Beta,100616,,Payroll Specialist Placement,,100702,"2,203",No,casey.nguyen@demomail.test,*NONE,100328,Quinn Ford,101403,Other,,100641,,,"1,315",,Beta,TAG-6961,TAG-5323,101233,Gamma,,,,Phoenix,100729,,,Alpha,100726,,,,,,,,,,101709,,,100692,,100386,N,Exceeded,,Gamma,100429,Bench,,,LOT-8002,106247,,,Alpha,,,,
100440,Placement,107640,quinn.mercer@sampleco.test,Priya Ford,2025-05-25 02:26:00,aisha.whitfield@sampleco.test,Taylor Cohen,2024-05-21 11:55:00,yara.kim@sampleco.test,Riley Nguyen,2025-03-09 01:52:00,,,,Y,Chen Okafor,100927,Blue Ridge Energy LLP,,Omar Sato,Software Developer,2026-05-22,2026-06-09,Inactive - Terminated,,100437,100708,Sales,100040,REF-6175,5761,Alpha,820,5999,6481,Delta,Alpha,100760,,Software Developer Placement,,,"13,215",No,casey.garcia@demomail.test,*NONE,100462,Rowan Garcia,101309,,,100563,,,,,Other,SKU-4119,,101705,Beta,,,,Dallas,100667,,,Standard,100200,,,,,,,,,,101010,,Converted to Direct Hire,100511,Involuntary,100786,N,Below,Aligned on billing and renewal terms.,Standard,,Trial,100329,,SKU-1298,106416,,,Beta,,,,
100641,Placement,107643,fatima.ivanov@sampleco.test,Fatima Cohen,2023-04-06 00:28:00,chen.dorsey@acme-fake.test,Mei Sloan,2024-07-05 10:30:00,avery.dorsey@demomail.test,Morgan Garcia,2025-12-07 18:16:00,,,,Y,Noah Mensah,101446,Falcon Foods Inc,Standard,Diego Vance,Accountant,2024-07-24,2026-07-02,Inactive - Terminated,100759,100645,100368,Recruiting,,TAG-3820,4076,Alpha,120,1659,6687,Other,Alpha,100239,,Accountant Placement,,100351,"11,921",No,rowan.okafor@acme-fake.test,*NONE,100216,Jordan Haddad,100962,Other,,100511,229,,,,Delta,SKU-1135,,101677,Standard,,,,Mumbai,100763,,,Beta,100576,,,,,,,,,,101449,,Project Ended,100459,Voluntary,100705,N,Below,Reviewed performance and gathered feedback.,,,Placement,100008,,REF-3252,105469,,,Standard,,,100777,
100445,Placement,107644,aisha.garcia@acme-fake.test,Aisha Garcia,2022-10-19 13:10:00,casey.haddad@acme-fake.test,Reese Dorsey,2023-11-23 02:41:00,noah.cohen@sampleco.test,Riley Mensah,2025-11-16 15:27:00,,,,N,Riley Haddad,100962,Brightpath Energy LLC,Beta,Avery Larsson,Recruiter,2025-08-13,2026-07-12,Inactive - Terminated,100243,100164,100178,Software Engineering,,SKU-7530,6609,Alpha,6862,7697,2080,Standard,Other,100015,,Recruiter Placement,,100475,"16,243",Yes,priya.blake@sampleco.test,*NONE,100275,Rowan Mercer,101229,Alpha,,,"1,481",,,,Delta,SKU-1337,SKU-3204,101535,Standard,,,,Atlanta,100236,,,Beta,100383,,,,,,,,,,101633,,Unmet Expectations,100452,Voluntary,100153,N,Exceeded,Noted a concern to revisit at the next sync.,,100212,Placement,,,TAG-6465,106347,,,Gamma,,,100212,
100046,Placement,107647,jordan.haddad@examplecorp.test,Jordan Rossi,2025-09-23 14:19:00,reese.ford@acme-fake.test,Liam Haddad,2026-07-07 02:48:00,aisha.dorsey@demomail.test,Arjun Larsson,2024-11-14 09:33:00,,,,Y,Alex Nguyen,101480,Granite Robotics Ltd,Other,Jamie Calder,Financial Analyst,2025-12-15,2026-07-29,Inactive,100625,100770,100574,Finance,100040,SKU-8436,1943,Beta,9196,6415,4278,Standard,Beta,100245,,Financial Analyst Placement,,100494,"2,347",No,jamie.mercer@acme-fake.test,*NONE,,Liam Blake,101068,Gamma,,100454,,,,,Gamma,LOT-3038,LOT-1342,100844,Alpha,,,,Austin,100645,,,Standard,100238,,,,,,,,,,101168,,Project Ended,100467,Voluntary,100772,N,,Discussed timeline and next steps with the account.,Gamma,,Bench,,,TAG-5249,105806,,,Other,,,100037,
100755,Placement,107650,arjun.ashby@demomail.test,Aisha Patel,2024-08-01 22:21:00,liam.brooks@demomail.test,Mei Vance,2025-01-07 03:55:00,priya.kim@acme-fake.test,Jamie Dorsey,2024-10-16 21:27:00,,,,Y,Elena Vance,101466,Redwood Analytics Co,,Yara Garcia,HR Generalist,2023-09-27,,Active - Terminated,100408,100452,100456,Operations,100555,TAG-9495,9827,Alpha,7910,3617,1647,Standard,Other,100075,,HR Generalist Placement,,100670,"9,568",No,emerson.kim@examplecorp.test,Blue Ridge Systems Group,,Diego Okafor,100887,Beta,,100479,,,454,,Other,SKU-2291,TAG-2125,101573,Standard,,,,Toronto,100301,,,Delta,100688,,,,,,,,,,101545,,,100003,Involuntary,100386,N,Met Expectations,,Beta,,Backfill,,,TAG-5167,104908,,,Other,,,100232,
100720,Placement,107652,reese.nguyen@examplecorp.test,Omar Sato,2025-08-15 09:20:00,rahul.brooks@sampleco.test,Sofia Haddad,2023-03-25 18:49:00,reese.larsson@examplecorp.test,Arjun Silva,2024-10-27 18:54:00,,,,N,Elena Sloan,101130,Evergreen Holdings Corp,Other,Noah Brooks,Software Developer,2024-01-19,2026-06-08,Inactive - Terminated,100649,100026,100440,Marketing,100010,SKU-9000,6366,Other,8696,4965,2988,Standard,Beta,100003,,Software Developer Placement,,100767,"9,606",No,skyler.patel@sampleco.test,*NONE,,Emerson Ford,101476,Delta,,100596,,,,,Standard,LOT-5945,SKU-8232,101106,Alpha,,,,Seattle,100484,,,Other,100712,,,,,,,,,,101485,,Performance,100126,Involuntary,100030,N,Exceeded,Noted a concern to revisit at the next sync.,Gamma,,Placement,,,TAG-5116,106229,,,Standard,,,100192,
100658,Placement,107655,avery.sato@sampleco.test,Noah Vance,2024-05-28 23:44:00,avery.silva@sampleco.test,Sofia Sato,2026-02-19 20:39:00,morgan.ford@demomail.test,Sofia Nguyen,2025-11-29 17:16:00,,,,N,Rahul Cohen,101043,Silverline Capital,,Priya Sloan,Customer Success Manager,2023-07-21,,Active - Placed,100182,100585,100692,Accounting,100348,LOT-2576,3870,Beta,5251,1429,7340,Alpha,Delta,100239,,Customer Success Manager Placement,,100115,"12,950",Yes,skyler.silva@demomail.test,*NONE,100104,Rowan Dorsey,101286,Beta,,100113,"1,586",,,,Gamma,REF-2664,LOT-8508,101737,Gamma,,,,Dallas,100323,,,Gamma,100208,,,,,,,,,,101327,,,100462,Involuntary,100511,N,Exceeded,,,100690,Direct Hire,,,TAG-4062,106077,,,Standard,,,100576,
100336,Placement,107656,chen.rossi@sampleco.test,Omar Mercer,2024-07-04 20:39:00,diego.vance@acme-fake.test,Quinn Kim,2024-03-19 19:02:00,yara.ivanov@demomail.test,Morgan Garcia,2024-07-24 02:25:00,,,,Y,Jamie Haddad,101642,Beacon Holdings Corp,Beta,Emerson Whitfield,Software Developer,2024-03-15,2026-07-09,Inactive - Terminated,,100634,100115,Data & Analytics,100400,SKU-3173,5941,Other,5617,9593,9224,Alpha,Other,100449,,Software Developer Placement,,,"6,306",No,omar.haddad@examplecorp.test,*NONE,,Riley Ashby,101014,Other,,100474,,,,,Alpha,TAG-9825,TAG-9142,101184,Gamma,,,,Dallas,100323,,,Alpha,100025,,,,,,,,,,101159,,Relocation,100588,Voluntary,100309,N,,Discussed timeline and next steps with the account.,Beta,,Placement,,,TAG-2826,106358,,,Gamma,,,,
100744,Placement,107659,taylor.mensah@acme-fake.test,Rahul Costa,2023-02-16 16:34:00,rowan.kim@sampleco.test,Riley Haddad,2026-03-06 04:59:00,noah.dorsey@demomail.test,Avery Mensah,2024-08-03 05:54:00,,,,Y,Rahul Nguyen,101486,Horizon Labs Ltd,Beta,Casey Ford,Bookkeeper,2025-01-12,2026-07-08,Inactive - Terminated,,100031,100628,Customer Support,100462,LOT-1725,6293,Standard,4592,2492,8765,Delta,Gamma,100587,,Bookkeeper Placement,,100353,"7,321",No,priya.calder@sampleco.test,*NONE,100539,Jordan Rossi,100999,Beta,Standard,,,,,,Gamma,REF-5954,LOT-8567,101231,Delta,,,,Atlanta,100638,,,Gamma,100076,,,,,,,,,,101247,,Project Ended,100789,Involuntary,100153,Y,Met Expectations,Discussed timeline and next steps with the account.,,,Placement,,,LOT-3858,105185,,,Beta,,,100177,
100111,Placement,107661,jordan.ford@examplecorp.test,Rowan Okafor,2026-01-01 10:54:00,sofia.rossi@sampleco.test,Arjun Reyes,2026-03-23 10:36:00,diego.costa@sampleco.test,Avery Okafor,2023-05-31 05:46:00,,,,N,Taylor Costa,101734,Blue Ridge Logistics Group,Standard,Quinn Okafor,HR Generalist,2024-09-29,2026-07-13,Inactive - Terminated,,100208,100603,Data & Analytics,100200,LOT-3687,8270,Beta,9748,6854,5088,Other,Gamma,100462,,HR Generalist Placement,,100066,"10,882",No,jordan.silva@examplecorp.test,*NONE,100767,Chen Costa,101578,Beta,,,,,,,Gamma,REF-4658,LOT-8649,100825,Gamma,,,,Seattle,100738,,,Other,100209,,,,,,,,,,101604,,Relocation,100749,Involuntary,100686,N,,Discussed timeline and next steps with the account.,Alpha,100329,Placement,100477,,SKU-8537,105166,,,Other,,,,
100066,Placement,107662,elena.kim@sampleco.test,Riley Reyes,2023-10-13 13:40:00,rahul.dorsey@examplecorp.test,Chen Nguyen,2025-09-01 01:46:00,rahul.rossi@demomail.test,Fatima Reyes,2024-07-30 08:30:00,,,,N,Quinn Haddad,101174,Cardinal Robotics Inc,Alpha,Omar Costa,QA Engineer,2024-07-07,,Active - Placed,100487,100290,100272,Human Resources,,REF-8819,5471,Other,2047,7097,5315,Gamma,Gamma,100610,,QA Engineer Placement,,,"5,765",Yes,elena.sloan@sampleco.test,*NONE,,Nina Mensah,100839,Alpha,,100405,,,,,Gamma,LOT-9440,LOT-3745,100818,Beta,9500,,,Atlanta,100516,,,Beta,100398,,,,,,,,,,101454,,,100215,Involuntary,100403,,Below,,Alpha,,Placement,100518,,TAG-2587,105879,,,Beta,,,100393,
100408,Placement,107663,drew.haddad@examplecorp.test,Diego Kim,2025-02-09 12:46:00,omar.sloan@sampleco.test,Marco Silva,2025-12-02 22:10:00,taylor.ashby@examplecorp.test,Aisha Cohen,2023-10-20 01:34:00,,,,Y,Marco Brooks,101251,Beacon Foods LLC,Gamma,Casey Ashby,Support Specialist,2024-07-16,,Active - Placed,,100017,100579,Finance,100110,SKU-5024,5744,Other,6575,1608,3118,Other,Gamma,100696,,Support Specialist Placement,,100046,"5,018",No,chen.haddad@examplecorp.test,*NONE,100658,Elena Sloan,101093,Delta,,,"1,880",,,,Gamma,REF-1010,,101251,Alpha,,,,Denver,100415,,,Other,100269,,,,,,,,,,100930,,,100539,,100531,N,,,Alpha,,Backfill,100679,,TAG-3281,106246,,,Alpha,,,100443,
100792,Placement,107665,arjun.mensah@demomail.test,Drew Silva,2023-05-24 16:35:00,sofia.brooks@demomail.test,Mei Dorsey,2023-12-06 05:28:00,rahul.whitfield@demomail.test,Taylor Blake,2023-04-07 13:57:00,,,,N,Alex Sato,101680,Blue Ridge Media,Gamma,Rowan Cohen,Data Analyst,2025-05-15,,Active - Placed,100099,100313,100248,Marketing,100582,REF-2265,724,Gamma,4512,9591,308,Alpha,Alpha,100308,,Data Analyst Placement,,100386,"4,579",Yes,yara.garcia@examplecorp.test,*NONE,,Arjun Reyes,101058,Standard,,100717,,,,,Other,REF-1074,SKU-9018,101590,Delta,,,,London,100758,,,Gamma,100729,,,,,,,,,,100845,,,,Involuntary,100049,Y,Exceeded,,,100462,Backfill,,,REF-2317,105345,,,Gamma,,,100242,
100239,Placement,107668,noah.blake@acme-fake.test,Quinn Ashby,2022-11-04 11:53:00,jordan.cohen@demomail.test,Yara Calder,2023-05-22 04:47:00,jamie.blake@sampleco.test,Quinn Nguyen,2026-04-02 15:46:00,,,,N,Diego Vance,101578,Beacon Foods LLC,,Priya Vance,Operations Associate,2024-03-09,,Active - Placed,,100610,100079,Marketing,,LOT-2523,9369,Alpha,7099,1702,3053,Other,Beta,100759,,Operations Associate Placement,,100473,"10,009",No,sofia.costa@acme-fake.test,Meridian Holdings Ltd,,Noah Blake,101584,Gamma,,100490,487,,,,Alpha,REF-2319,SKU-3164,100888,Gamma,,,,Chicago,100457,,,Alpha,100576,,,,,,,,,,101400,,,100208,Involuntary,100670,Y,Below,,Gamma,,Placement,100255,,TAG-1761,106251,,,Delta,,,,
100749,Placement,107671,reese.sato@demomail.test,Mei Blake,2025-11-27 16:39:00,fatima.sato@acme-fake.test,Rahul Nguyen,2026-01-09 05:34:00,quinn.mercer@sampleco.test,Yara Okafor,2023-11-15 21:41:00,,,,N,Jordan Reyes,101368,Cobalt Textiles Group,Gamma,Quinn Ashby,Customer Success Manager,2025-01-17,2026-07-30,Inactive,100178,100440,100475,Human Resources,,TAG-3634,5991,Delta,836,6698,974,Other,Standard,100452,,Customer Success Manager Placement,,100143,"12,387",No,noah.rossi@acme-fake.test,*NONE,100040,Reese Vance,100811,Alpha,,100793,,,,,Standard,REF-9597,,100891,Delta,,Gamma,,Austin,100217,,,Other,100551,,,,,,,,,,100990,,Unmet Expectations,100452,Involuntary,100628,Y,Exceeded,Scheduled a check-in for the coming month.,,,Bench,100313,,SKU-8218,105345,,,Other,,,100539,
100342,Placement,107672,sofia.silva@sampleco.test,Skyler Okafor,2023-03-01 09:30:00,yara.cohen@examplecorp.test,Chen Ashby,2026-06-17 00:45:00,jamie.dorsey@examplecorp.test,Reese Garcia,2024-03-20 10:05:00,,,,Y,Mei Reyes,101007,Silverline Partners Group,Alpha,Rahul Sato,Marketing Coordinator,2025-07-17,2026-07-21,Inactive - Terminated,100122,100552,100360,Finance,100269,REF-9913,8114,Gamma,814,5763,1583,Alpha,Other,100424,,Marketing Coordinator Placement,,,"6,876",No,drew.garcia@examplecorp.test,*NONE,100020,Rowan Nguyen,101336,Other,,100539,"1,443",,,,Alpha,SKU-4157,TAG-7918,100958,Gamma,,,,Austin,100288,,,Standard,100383,,,,,,,,,,101049,,Unmet Expectations,100203,Involuntary,100661,Y,Met Expectations,Noted a concern to revisit at the next sync.,Alpha,,Trial,,,REF-9430,106415,,,Beta,,,100290,
100604,Placement,107674,liam.garcia@acme-fake.test,Priya Mensah,2023-06-01 19:39:00,arjun.vance@sampleco.test,Emerson Haddad,2025-11-13 05:06:00,yara.ashby@examplecorp.test,Rowan Okafor,2024-10-03 17:11:00,,,,Y,Drew Patel,101499,Blue Ridge Dynamics Group,Other,Riley Dorsey,Support Specialist,2023-10-02,,Active - Placed,,100530,100235,Data & Analytics,,TAG-3541,3629,Standard,1412,9530,4003,Gamma,Standard,100641,,Support Specialist Placement,,,"3,458",Yes,noah.mercer@demomail.test,*NONE,100148,Rahul Silva,101631,Other,,100190,,,,,Delta,TAG-8605,LOT-3469,101035,Beta,,,,Mumbai,100565,,,Beta,100506,,,,,,,,,,101238,,,100305,Voluntary,100229,Y,Met Expectations,,Standard,100530,Bench,,,SKU-4569,105161,,,Alpha,,,100062,
100667,Placement,107676,diego.dorsey@acme-fake.test,Jamie Kim,2022-12-29 01:25:00,omar.brooks@demomail.test,Skyler Sloan,2026-05-29 03:36:00,arjun.blake@examplecorp.test,Marco Brooks,2023-02-24 02:04:00,,,,Y,Fatima Blake,101716,Keystone Textiles LLP,Beta,Liam Rossi,HR Generalist,2024-01-28,2026-06-24,Inactive - Terminated,100053,100395,100742,Software Engineering,,LOT-9328,3271,Delta,505,8575,1298,Gamma,Gamma,100709,,HR Generalist Placement,,,"4,340",Yes,avery.whitfield@acme-fake.test,*NONE,,Priya Vance,101247,Other,,,,,,,Alpha,REF-3269,REF-7149,101616,Beta,,,,Phoenix,100238,,,Delta,100281,,,,,,,,,,101167,,,100560,,100302,N,,Noted a concern to revisit at the next sync.,Standard,,Placement,100616,,REF-1268,105455,,,Standard,,,,
100457,Placement,107677,taylor.garcia@sampleco.test,Rowan Sloan,2024-09-18 14:47:00,aisha.nguyen@examplecorp.test,Diego Sloan,2025-04-20 14:58:00,jamie.ivanov@acme-fake.test,Drew Costa,2025-06-15 06:01:00,,,,N,Casey Silva,101134,Vertex Industries Co,Delta,Priya Nguyen,Payroll Specialist,2024-06-10,,Active - Terminated,,100559,100340,Accounting,,TAG-2459,4228,Delta,7271,4104,5944,Beta,Delta,100526,,Payroll Specialist Placement,,100295,"10,984",Yes,morgan.blake@sampleco.test,Northwind Textiles,,Omar Dorsey,101463,Other,,100585,,,,,Gamma,SKU-3138,REF-1621,100888,Gamma,,,,Manila,100746,,,Beta,100070,,,,,,,,,,101689,,,100517,Involuntary,,N,Met Expectations,,,,Bench,100490,,SKU-3398,105253,,,Other,,,100694,
100649,Placement,107679,alex.sato@acme-fake.test,Reese Larsson,2023-04-01 06:19:00,rowan.vance@sampleco.test,Yara Ashby,2025-05-13 14:30:00,omar.okafor@demomail.test,Chen Dorsey,2026-01-19 15:00:00,,,,Y,Jamie Haddad,101691,Atlas Financial LLP,,Jamie Calder,QA Engineer,2023-07-12,2026-06-14,Inactive,100153,100424,100400,Operations,100753,SKU-5500,842,Standard,6466,26,8931,Gamma,Other,100161,,QA Engineer Placement,,,"3,543",No,quinn.mercer@examplecorp.test,*NONE,,Mei Nguyen,100986,Beta,,100200,495,,379,,Standard,REF-6512,REF-8728,101673,Standard,,,,Atlanta,100771,,,Gamma,100376,,,,,,,,,,101480,,Unmet Expectations,100709,Voluntary,100146,N,Met Expectations,Scheduled a check-in for the coming month.,Other,100195,Bench,100479,,TAG-5111,104978,,,Standard,,,,
100010,Placement,107682,morgan.whitfield@sampleco.test,Fatima Calder,2026-05-09 13:38:00,priya.ivanov@sampleco.test,Omar Ashby,2025-12-17 19:44:00,aisha.whitfield@demomail.test,Drew Cohen,2022-10-10 14:26:00,,,,Y,Yara Rossi,101664,Cardinal Partners LLP,Beta,Quinn Garcia,Support Specialist,2025-07-04,2026-06-11,Inactive - Terminated,100132,100344,100115,Finance,100143,TAG-2243,9028,Standard,6044,1253,7213,Alpha,Beta,100094,,Support Specialist Placement,,100075,"11,741",Yes,jamie.haddad@sampleco.test,Keystone Group Group,100323,Fatima Larsson,101651,Delta,,,,,,,Standard,LOT-3226,,101086,Standard,,,,Phoenix,100692,,,Gamma,100351,,,,,,,,,,101209,,Performance,100475,,100161,N,Met Expectations,Aligned on billing and renewal terms.,,,Placement,100432,,LOT-8795,106613,,,Other,,,100215,
100026,Placement,107684,yara.haddad@demomail.test,Fatima Rossi,2023-01-24 13:04:00,diego.sloan@examplecorp.test,Taylor Larsson,2024-12-19 08:37:00,nina.garcia@sampleco.test,Emerson Costa,2025-04-14 23:47:00,,,,Y,Quinn Vance,101466,Vertex Logistics LLP,Delta,Priya Dorsey,Support Specialist,2023-04-22,,Active - Placed,100518,100195,100329,Customer Support,,TAG-6876,1248,Beta,9246,1870,3832,Gamma,Alpha,100269,,Support Specialist Placement,,100440,,Yes,nina.haddad@demomail.test,Summit Financial LLP,100742,Liam Sato,101187,Beta,,,,,,,Delta,,SKU-6684,101673,Gamma,,,,Mumbai,100120,,,Delta,100056,,,,,,,,,,101655,,,100656,Involuntary,100388,N,Below,,Gamma,100694,Bench,,,LOT-5308,104984,,,Standard,,,,
100143,Placement,107685,emerson.dorsey@examplecorp.test,Fatima Garcia,2023-07-03 19:07:00,yara.larsson@acme-fake.test,Rahul Calder,2026-04-18 13:09:00,aisha.kim@acme-fake.test,Yara Larsson,2024-09-10 06:14:00,,,,Y,Avery Mercer,101203,Copper Retail Corp,Gamma,Nina Vance,Operations Associate,2025-07-13,,Active - Placed,,100334,100184,Software Engineering,,REF-5529,3601,Gamma,3946,3397,9684,Alpha,Delta,100574,,Operations Associate Placement,,100298,"17,953",Yes,rowan.rossi@examplecorp.test,*NONE,,Alex Calder,101394,Delta,,100126,,,,,Beta,LOT-9094,LOT-5341,101068,Gamma,,,,Austin,100596,,,Standard,100434,,,,,,,,,,101628,,,100506,Involuntary,,N,Exceeded,,,100254,Trial,100481,,TAG-8162,105971,,,Other,,,100490,
100101,Placement,107687,skyler.calder@acme-fake.test,Skyler Rossi,2026-01-28 07:37:00,sofia.reyes@examplecorp.test,Priya Nguyen,2024-01-26 11:59:00,diego.sato@acme-fake.test,Morgan Calder,2025-03-30 12:58:00,,,,N,Chen Okafor,101706,Delta Energy Ltd,Beta,Aisha Sato,QA Engineer,2026-04-01,,Active - Placed,,100177,100029,Sales,100325,REF-4122,3771,Standard,4453,9995,2648,Beta,Gamma,100015,,QA Engineer Placement,,100195,"17,259",No,morgan.garcia@demomail.test,Beacon Textiles,,Nina Vance,101251,Alpha,,100058,,,,,Alpha,SKU-6132,LOT-7199,101767,Standard,,,,Chicago,100227,,,Standard,100136,,,,,,,,,,101428,,,100298,Involuntary,,N,Exceeded,,,100569,Direct Hire,,,SKU-1023,105425,,,Other,,,100464,
100058,Placement,107689,avery.silva@sampleco.test,Quinn Kim,2022-10-18 17:36:00,quinn.okafor@demomail.test,Drew Garcia,2022-10-23 00:57:00,mei.larsson@acme-fake.test,Rahul Okafor,2025-11-24 22:00:00,,,,Y,Avery Brooks,100993,Copper Robotics Inc,Gamma,Sofia Patel,Financial Analyst,2023-09-17,,Active - Terminated,,100798,100543,Data & Analytics,100539,SKU-8482,342,Delta,6753,5975,3904,Other,Other,100704,,Financial Analyst Placement,,,,Yes,skyler.blake@demomail.test,*NONE,,Arjun Blake,101593,Beta,,,424,,"2,583",,Standard,REF-4099,,100883,Beta,,,,Chicago,100527,,,Delta,100348,,,,,,,,,,101711,,,100352,,,N,Below,,,100705,Bench,100313,,TAG-1975,106008,,,Beta,,,100457,
100368,Placement,107690,emerson.haddad@demomail.test,Yara Kim,2025-04-03 00:12:00,arjun.whitfield@examplecorp.test,Rahul Blake,2023-10-10 07:31:00,elena.silva@examplecorp.test,Reese Ford,2024-04-03 08:41:00,,,,Y,Marco Brooks,101418,Vertex Networks Ltd,,Taylor Brooks,Bookkeeper,2023-05-11,,Active - Placed,100735,100482,100232,Accounting,,SKU-4524,2757,Other,6813,8054,3207,Other,Delta,100069,,Bookkeeper Placement,,100459,"11,200",Yes,rahul.sloan@demomail.test,*NONE,,Aisha Kim,101441,Alpha,,100229,,,,,Other,LOT-5572,LOT-2601,101548,Alpha,,,,Manila,100753,,,Alpha,100708,,,,,,,,,,100826,,,100356,Voluntary,100709,N,,,,100316,Bench,100513,,TAG-2301,105298,,,Gamma,,,,
100141,Placement,107691,mei.ashby@acme-fake.test,Marco Blake,2025-03-13 15:11:00,nina.sato@sampleco.test,Nina Ashby,2024-11-06 02:21:00,sofia.patel@sampleco.test,Yara Garcia,2023-06-28 01:26:00,,,,Y,Omar Ashby,100925,Brightpath Dynamics Corp,Other,Alex Costa,Recruiter,2023-08-12,,Active - Placed,100141,100115,100195,Recruiting,,REF-9886,5424,Beta,2975,2742,2842,Delta,Gamma,100314,,Recruiter Placement,,100240,"11,509",No,drew.cohen@examplecorp.test,Blue Ridge Industries Corp,100348,Drew Reyes,100857,Standard,,,,,,,Gamma,REF-6149,,101516,Beta,,,,Atlanta,100203,,,Standard,100040,,,,,,,,,,101138,,,100371,Voluntary,100008,N,,,,,Bench,100016,,REF-2969,104956,,,Delta,,,100182,
100398,Placement,107693,rahul.mensah@sampleco.test,Fatima Ford,2024-06-30 05:34:00,marco.patel@sampleco.test,Emerson Dorsey,2025-03-13 21:37:00,chen.calder@sampleco.test,Alex Nguyen,2023-01-07 08:54:00,,,,Y,Reese Costa,101332,Granite Health LLC,Standard,Avery Whitfield,Recruiter,2025-04-15,,Active - Placed,,100238,100359,Software Engineering,,REF-1940,7455,Beta,819,5953,9719,Standard,Other,100803,,Recruiter Placement,,100473,"9,582",No,sofia.mercer@acme-fake.test,*NONE,100799,Diego Mensah,101612,Beta,,,,,,,Gamma,REF-8102,SKU-9343,101616,Beta,,,,Atlanta,100313,,,Gamma,100290,,,,,,,,,,101734,,,100782,Voluntary,100119,N,,,,,Bench,100014,,LOT-6770,105051,,,Gamma,,,100339,
100119,Placement,107695,mei.mercer@sampleco.test,Nina Haddad,2023-07-14 09:10:00,riley.sloan@examplecorp.test,Riley Cohen,2025-01-30 12:58:00,yara.costa@demomail.test,Noah Ivanov,2022-12-16 17:14:00,,,,Y,Skyler Dorsey,101003,Pioneer Capital,,Casey Kim,Operations Associate,2025-01-11,,Active - Placed,100371,100596,100656,Marketing,,LOT-3558,3260,Gamma,3788,646,7725,Delta,Delta,100126,,Operations Associate Placement,,,"6,047",No,avery.sloan@demomail.test,Harbor Robotics,100239,Rowan Sato,101552,Standard,,100729,,,,,Delta,SKU-3261,,101226,Alpha,,,,Mumbai,100376,,,Alpha,100344,,,,,,,,,,100895,,,100656,,100598,Y,,,,100097,Bench,100735,,REF-3531,106601,,,Beta,,,,
100049,Placement,107698,quinn.whitfield@demomail.test,Alex Dorsey,2026-04-15 05:59:00,diego.larsson@acme-fake.test,Casey Nguyen,2026-04-12 19:52:00,yara.haddad@examplecorp.test,Casey Ford,2024-04-10 14:21:00,,,,Y,Aisha Ford,101375,Keystone Retail LLP,Standard,Rowan Nguyen,Accountant,2024-03-12,2026-07-29,Inactive,,100683,100516,Finance,100319,SKU-2807,1257,Delta,4131,9652,9777,Beta,Gamma,100172,,Accountant Placement,,100413,"14,452",No,drew.mercer@sampleco.test,*NONE,100574,Sofia Reyes,101180,Beta,,100523,"1,550",,,,Gamma,LOT-3745,REF-5907,101436,Beta,,,,London,100014,,,Alpha,100240,,,,,,,,,,101274,,Project Ended,,Involuntary,100526,N,Met Expectations,Resolved the outstanding question about scope.,,,Bench,,,REF-7389,104886,,,Other,,,100622,
100494,Placement,107700,emerson.rossi@acme-fake.test,Liam Rossi,2024-09-27 07:26:00,noah.sato@demomail.test,Omar Patel,2024-01-10 05:57:00,morgan.vance@acme-fake.test,Priya Silva,2024-07-07 21:08:00,,,,N,Marco Garcia,101260,Summit Energy Corp,Other,Nina Rossi,Customer Success Manager,2025-07-25,2026-07-06,Inactive,,100517,100792,Recruiting,100242,REF-4485,6671,Delta,3179,4962,1783,Beta,Gamma,100690,,Customer Success Manager Placement,,100616,"14,670",Yes,aisha.blake@examplecorp.test,*NONE,100122,Emerson Sato,101315,Delta,,100359,,,,,Other,SKU-8506,,101302,Delta,,,,Denver,100699,,,Beta,100192,,,,,,,,,,101148,,Relocation,,,100624,N,Met Expectations,Followed up on the open items from last week.,,100223,Placement,,,TAG-7108,106145,,,Gamma,,,,
100126,Placement,107702,yara.brooks@sampleco.test,Fatima Sato,2023-07-21 03:36:00,priya.ivanov@demomail.test,Jordan Sato,2023-11-18 17:59:00,elena.reyes@examplecorp.test,Skyler Silva,2025-01-06 15:04:00,,,,N,Skyler Ivanov,101220,Beacon Systems Group,Alpha,Yara Rossi,Executive Assistant,2026-02-04,2026-06-10,Inactive - Terminated,100607,100511,100712,Accounting,100494,LOT-5382,4187,Standard,929,8268,6233,Alpha,Alpha,100424,,Executive Assistant Placement,,,"15,428",No,morgan.dorsey@demomail.test,*NONE,100574,Mei Brooks,101762,Other,,100107,,,,,Delta,TAG-4752,,101410,Beta,,,,Mumbai,100741,,,Beta,100240,,,,,,,,,,101458,,,100625,Voluntary,100490,Y,Below,Reviewed performance and gathered feedback.,Standard,,Placement,,,REF-1640,105394,,,Gamma,,,100546,
100686,Placement,107704,casey.mercer@examplecorp.test,Rowan Garcia,2022-10-11 19:42:00,diego.blake@acme-fake.test,Aisha Ivanov,2026-06-08 06:17:00,elena.cohen@sampleco.test,Skyler Silva,2022-11-09 01:39:00,,,,N,Jamie Sloan,101673,Beacon Textiles LLC,Other,Rowan Nguyen,Marketing Coordinator,2024-02-12,,Active - Placed,,100487,100470,Human Resources,,REF-3174,4080,Beta,9679,4244,3635,Gamma,Standard,100485,,Marketing Coordinator Placement,,100560,"6,610",Yes,priya.sato@acme-fake.test,*NONE,,Arjun Sato,101577,Gamma,,,"1,681",,"2,438",,Beta,SKU-2934,LOT-6064,100837,Beta,,,,Denver,100008,,,Standard,100560,,,,,,,,,,101146,,,100615,Involuntary,100340,Y,Met Expectations,,Alpha,,Direct Hire,100437,,SKU-2624,105194,,,Gamma,,,,
100408,Placement,107707,aisha.haddad@demomail.test,Priya Ford,2025-10-10 18:38:00,casey.vance@demomail.test,Priya Brooks,2024-11-10 03:38:00,noah.brooks@sampleco.test,Taylor Haddad,2024-08-09 14:58:00,,,,Y,Emerson Costa,101093,Copper Manufacturing Inc,,Rahul Costa,Customer Success Manager,2024-03-28,,Active - Placed,100322,100684,100571,Data & Analytics,100627,TAG-2521,7449,Delta,7298,7299,3112,Gamma,Delta,100469,,Customer Success Manager Placement,,100729,"13,555",No,alex.cohen@sampleco.test,*NONE,,Fatima Rossi,101370,Beta,,100104,"1,190",,,,Gamma,SKU-4301,SKU-5918,100988,Alpha,,,,London,100353,,,Alpha,100552,,,,,,,,,,101602,,,100398,Voluntary,,Y,Met Expectations,,Alpha,100051,Bench,,,SKU-9027,105944,,,Other,,,,
100168,Placement,107710,rahul.vance@sampleco.test,Marco Ivanov,2025-07-12 15:38:00,skyler.reyes@sampleco.test,Aisha Calder,2025-09-29 05:59:00,omar.silva@demomail.test,Taylor Mercer,2025-05-23 09:44:00,,,,Y,Diego Sato,101418,Northwind Capital LLC,,Sofia Mensah,Accountant,2025-05-09,,Active - Placed,,100673,100148,Human Resources,,LOT-1819,6592,Standard,8120,6367,2023,Other,Delta,100487,,Accountant Placement,,100176,"8,231",Yes,jamie.mensah@demomail.test,*NONE,,Rahul Sloan,101146,Other,,100148,,,"2,153",,Beta,SKU-8847,SKU-3648,101234,Delta,,,,Chicago,100255,,,Standard,100251,,,,,,,,,,101281,,,100240,,100522,Y,,,,100329,Backfill,100110,,REF-3424,105058,,,Delta,,,,
100208,Placement,107713,elena.cohen@demomail.test,Emerson Vance,2026-03-02 15:48:00,jamie.dorsey@examplecorp.test,Noah Patel,2024-10-04 22:20:00,fatima.whitfield@examplecorp.test,Noah Sato,2025-06-10 20:37:00,,,,Y,Nina Whitfield,101398,Cobalt Foods Co,Delta,Fatima Okafor,Support Specialist,2025-05-07,2026-06-08,Inactive - Terminated,,100046,100070,Recruiting,100359,TAG-4652,4918,Delta,3588,6496,9793,Standard,Alpha,100348,,Support Specialist Placement,,,"17,663",No,rahul.mercer@examplecorp.test,*NONE,100405,Aisha Haddad,101320,Alpha,,100215,,,,,Beta,LOT-5065,,101609,Beta,,,,Mumbai,100010,,,Delta,100574,,,,,,,,,,101196,,Unmet Expectations,100673,Involuntary,100632,,,Scheduled a check-in for the coming month.,Standard,100146,Placement,100143,,LOT-3176,105693,,,Standard,,,,
100596,Placement,107714,alex.rossi@acme-fake.test,Omar Larsson,2025-04-02 08:38:00,yara.patel@examplecorp.test,Avery Sloan,2023-12-21 22:20:00,skyler.costa@examplecorp.test,Casey Mensah,2026-06-24 12:05:00,,,,N,Quinn Rossi,101138,Beacon Industries Co,Standard,Chen Vance,Financial Analyst,2025-08-30,,Active - Placed,,100073,100259,Data & Analytics,100571,SKU-5650,8938,Alpha,2261,5745,8062,Gamma,Alpha,100731,,Financial Analyst Placement,,100753,"13,073",Yes,taylor.calder@examplecorp.test,*NONE,,Drew Rossi,101560,Delta,,100377,,,686,,Delta,LOT-5379,,101604,Alpha,,,,Chicago,100255,,,Other,100410,,,,,,,,,,101180,,,,Involuntary,100169,N,Exceeded,,,,Placement,100128,,SKU-4491,106569,,,Gamma,,,100796,
100641,Placement,107715,quinn.ashby@acme-fake.test,Nina Blake,2024-04-10 21:41:00,rowan.whitfield@sampleco.test,Mei Larsson,2023-05-10 19:11:00,fatima.mensah@demomail.test,Elena Rossi,2024-03-09 23:17:00,,,,N,Taylor Ashby,101094,Meridian Media,Beta,Marco Mensah,Customer Success Manager,2023-05-22,,Active - Placed,100132,100490,100182,Data & Analytics,100479,SKU-4077,8733,Other,1736,7471,7717,Other,Standard,100459,,Customer Success Manager Placement,,,"8,373",No,arjun.ashby@examplecorp.test,Cardinal Systems Inc,,Alex Sloan,101293,Other,,,398,,,,Gamma,REF-9182,SKU-3618,101573,Gamma,,,,London,100679,,,Beta,100141,,,,,,,,,,101455,,,100023,Voluntary,100285,N,,,Beta,100178,Trial,100255,,LOT-4208,106303,,,Gamma,,,100803,
100293,Placement,107716,taylor.ford@demomail.test,Mei Ivanov,2023-07-02 14:20:00,noah.costa@examplecorp.test,Priya Okafor,2025-02-13 09:22:00,riley.cohen@acme-fake.test,Quinn Ivanov,2025-06-26 09:57:00,,,,N,Drew Kim,101621,Northwind Energy Ltd,,Jamie Dorsey,Support Specialist,2025-12-11,,Active - Terminated,100513,100613,100667,Operations,100217,REF-1495,5706,Alpha,2547,5558,7663,Beta,Other,100405,,Support Specialist Placement,,100388,"13,520",Yes,alex.okafor@sampleco.test,*NONE,100470,Jordan Mercer,101305,,,,,,"1,686",,Other,REF-7086,REF-8838,101521,Delta,,,,Austin,100025,,,Other,100632,,,,,,,,,,101260,,,100753,Voluntary,100788,Y,Below,,Other,,Placement,100565,,REF-2395,105216,,,Other,,,100526,
100235,Placement,107717,avery.sato@demomail.test,Drew Reyes,2023-09-30 10:08:00,noah.brooks@examplecorp.test,Nina Mensah,2024-06-25 22:46:00,arjun.patel@demomail.test,Taylor Ford,2023-04-29 10:45:00,,,,Y,Casey Whitfield,101044,Horizon Partners LLP,Delta,Sofia Vance,Project Manager,2024-02-12,,Active - Placed,100010,100359,100386,Accounting,,LOT-2440,2264,Delta,2676,9858,2030,Beta,Gamma,100736,,Project Manager Placement,,,"12,389",No,chen.ford@demomail.test,*NONE,,Quinn Larsson,101505,Alpha,,100010,,,,,Delta,SKU-4504,,101330,Alpha,2845,,,Dallas,100172,,,Other,100511,,,,,,,,,,101525,,,100638,,,N,Exceeded,,Gamma,100617,Placement,100293,,REF-7712,106083,,,Beta,,,,
100066,Placement,107719,sofia.nguyen@demomail.test,Aisha Reyes,2022-12-13 09:32:00,sofia.reyes@demomail.test,Avery Ford,2026-01-25 17:17:00,diego.ashby@sampleco.test,Jordan Sloan,2023-06-02 21:03:00,,,,N,Yara Garcia,101407,Delta Manufacturing LLC,Other,Rowan Kim,Data Analyst,2025-07-17,2026-07-24,Inactive - Terminated,100366,100559,100069,Sales,100046,REF-4332,9659,Other,5901,9297,6738,Other,Standard,100786,,Data Analyst Placement,,,"15,365",No,morgan.kim@sampleco.test,*NONE,,Sofia Silva,101200,Standard,,100455,,,"3,621",,Alpha,REF-4181,,101406,Gamma,,,,Chicago,100664,,,Delta,100248,,,,,,,,,,101374,,Converted to Direct Hire,100220,Voluntary,100511,Y,Exceeded,Aligned on billing and renewal terms.,,100066,Placement,100526,,REF-8429,105202,,,Standard,,,,
100548,Placement,107722,quinn.ford@acme-fake.test,Taylor Haddad,2024-01-31 17:27:00,reese.brooks@demomail.test,Aisha Reyes,2024-03-25 09:38:00,priya.mercer@sampleco.test,Skyler Kim,2024-07-17 15:36:00,,,,N,Rowan Costa,101577,Blue Ridge Holdings Inc,Alpha,Skyler Mercer,QA Engineer,2024-06-14,,Active - Placed,,100151,100487,Sales,,SKU-1353,6791,Alpha,3549,7799,9242,Alpha,Alpha,100366,,QA Engineer Placement,,,"7,695",Yes,omar.rossi@demomail.test,Keystone Solutions Inc,,Jordan Kim,100829,,,,275,,62,,Standard,REF-7326,SKU-6525,100863,Alpha,,,,Manila,100305,,,Other,100429,,,,,,,,,,101455,,,100664,Voluntary,100063,N,Exceeded,,,,Placement,100185,,SKU-8724,105941,,,Gamma,,,100370,
100336,Placement,107724,reese.haddad@sampleco.test,Alex Mensah,2023-06-05 00:29:00,yara.ivanov@acme-fake.test,Riley Dorsey,2023-07-29 20:50:00,mei.patel@examplecorp.test,Yara Rossi,2025-03-19 00:48:00,,,,Y,Priya Brooks,101694,Cardinal Foods Inc,Other,Sofia Mercer,Recruiter,2025-03-15,2026-06-13,Inactive - Terminated,,100053,100189,Recruiting,,LOT-2254,4700,Delta,9379,4670,4093,Standard,Standard,100765,,Recruiter Placement,,,"7,907",No,casey.okafor@sampleco.test,Delta Labs Corp,100134,Avery Whitfield,101031,Gamma,,,,,,,Standard,SKU-5381,,101461,Beta,,,,Atlanta,100410,,,Alpha,100625,,,,,,,,,,101391,,Project Ended,100080,Involuntary,100676,N,Met Expectations,Followed up on the open items from last week.,,100232,Trial,100291,,SKU-1082,105006,,,Alpha,,,100767,
100551,Placement,107727,mei.costa@sampleco.test,Casey Haddad,2023-05-08 18:39:00,drew.ashby@sampleco.test,Drew Blake,2025-01-20 04:02:00,rahul.nguyen@acme-fake.test,Nina Ford,2025-11-29 13:15:00,,,,N,Jordan Kim,101724,Northwind Partners Inc,Beta,Liam Kim,Data Analyst,2025-01-15,,Active - Placed,,100185,100056,Software Engineering,100119,LOT-4229,7816,Other,456,3872,9321,Gamma,Other,100308,,Data Analyst Placement,,100190,"3,804",Yes,liam.silva@acme-fake.test,*NONE,100526,Rowan Mercer,101024,Gamma,,100106,,,"3,055",,Gamma,LOT-7856,LOT-7878,101650,Gamma,,,,Seattle,100316,,,Delta,100690,,,,,,,,,,101115,,,100255,,100236,N,Exceeded,,,,Placement,,,TAG-3942,106186,,,Standard,,,100755,
100285,Placement,107728,marco.ashby@acme-fake.test,Jamie Sloan,2025-01-09 19:32:00,mei.mercer@sampleco.test,Priya Sloan,2025-11-28 02:13:00,quinn.patel@examplecorp.test,Rowan Ford,2022-11-04 13:09:00,,,,N,Skyler Brooks,101065,Pioneer Dynamics LLP,Delta,Reese Ford,Executive Assistant,2024-10-10,,Active - Placed,,100030,100749,Sales,,SKU-7556,5357,Beta,4139,2331,1626,Delta,Standard,100622,,Executive Assistant Placement,,,"4,088",No,casey.garcia@sampleco.test,Atlas Industries Ltd,,Marco Calder,101591,Alpha,,100702,,,,,Delta,REF-7890,SKU-1519,101247,Beta,,,,London,100325,,,Gamma,100190,,,,,,,,,,101286,,,100281,,,N,Below,,Standard,100229,Trial,,,SKU-1559,106446,,,Beta,,,,
100134,Placement,107730,yara.vance@sampleco.test,Fatima Garcia,2026-01-20 03:41:00,taylor.vance@examplecorp.test,Omar Ashby,2024-03-17 23:56:00,drew.ivanov@acme-fake.test,Avery Mercer,2025-12-11 17:24:00,,,,Y,Priya Larsson,101657,Keystone Group Group,Beta,Noah Calder,Executive Assistant,2025-09-17,,Active - Placed,100670,100139,100527,Sales,100661,TAG-7245,1134,Other,7549,7770,4468,Alpha,Delta,100715,,Executive Assistant Placement,,,,Yes,aisha.silva@examplecorp.test,*NONE,100371,Rahul Cohen,101141,Standard,,,,,,,Gamma,TAG-8997,LOT-9876,101400,Beta,,Beta,,Chicago,100248,,,Alpha,100652,,,,,,,,,,101284,,,100336,Involuntary,100240,N,,,Standard,,Placement,,,LOT-8747,104896,,,Other,,,,
100215,Placement,107732,casey.okafor@sampleco.test,Nina Sato,2026-05-19 20:33:00,taylor.okafor@acme-fake.test,Emerson Ashby,2025-12-27 07:49:00,fatima.ivanov@examplecorp.test,Priya Ford,2024-07-05 06:01:00,,,,Y,Taylor Mensah,101436,Atlas Ventures LLC,Delta,Chen Larsson,Recruiter,2026-03-21,,Active - Placed,100617,100184,100634,Operations,,LOT-1930,5954,Beta,6697,2264,6690,Gamma,Standard,100591,,Recruiter Placement,,,"3,746",Yes,morgan.nguyen@acme-fake.test,*NONE,100227,Morgan Kim,101702,Other,,100634,,,,,Alpha,SKU-7032,SKU-3737,100845,Gamma,,,,Mumbai,100490,,,Beta,100645,,,,,,,,,,101563,,,100351,,100784,,,,,100391,Placement,,,LOT-8847,105423,,,Other,,,100345,
100353,Placement,107735,jordan.sloan@demomail.test,Quinn Sato,2023-12-06 18:08:00,rahul.haddad@sampleco.test,Morgan Dorsey,2025-07-19 05:09:00,riley.kim@demomail.test,Yara Rossi,2023-06-13 19:30:00,,,,Y,Rowan Sato,101061,Granite Energy Co,,Taylor Costa,Support Specialist,2026-02-20,,Active - Placed,100115,100041,100582,Recruiting,,REF-6450,6990,Delta,9270,3589,6131,Gamma,Beta,100094,,Support Specialist Placement,,100474,"10,570",Yes,marco.sato@demomail.test,*NONE,100107,Rahul Ashby,100972,Beta,,,,,,,Standard,REF-4293,REF-2073,101174,Alpha,6647,,,Bengaluru,100758,,,Alpha,100016,,,,,,,,,,101685,,,100128,,,Y,Met Expectations,,,100331,Trial,100223,,LOT-2093,105777,,,Gamma,,,,
100223,Placement,107738,rowan.mercer@demomail.test,Mei Patel,2023-01-25 00:07:00,arjun.costa@sampleco.test,Alex Sato,2024-02-04 09:52:00,aisha.cohen@acme-fake.test,Taylor Blake,2026-04-18 05:37:00,,,,Y,Fatima Patel,101075,Pioneer Partners Group,Other,Yara Cohen,Marketing Coordinator,2026-01-12,2026-07-20,Inactive - Terminated,100565,100685,100262,Recruiting,,REF-2414,2505,Standard,1084,3325,8753,Other,Delta,100185,,Marketing Coordinator Placement,,100487,"9,489",No,morgan.ashby@demomail.test,*NONE,100186,Arjun Costa,100839,Beta,,,,,812,,Delta,SKU-9129,LOT-7147,101439,Beta,,,,Phoenix,100236,,,Other,100798,,,,,,,,,,101269,,Converted to Direct Hire,100738,Involuntary,100245,Y,Exceeded,Shared the updated proposal for review.,,,Trial,100046,,REF-4185,106309,,,Standard,,,100316,
100308,Placement,107739,mei.ashby@examplecorp.test,Arjun Mercer,2023-02-02 06:17:00,sofia.garcia@sampleco.test,Riley Cohen,2024-05-21 11:31:00,sofia.ashby@sampleco.test,Sofia Kim,2024-08-27 13:02:00,,,,Y,Avery Calder,101188,Pioneer Manufacturing Co,,Mei Cohen,Accountant,2023-12-19,,Active - Placed,100523,100738,100069,Finance,,REF-5317,7566,Beta,8161,7310,3685,Beta,Other,100704,,Accountant Placement,,,"16,900",Yes,diego.sato@sampleco.test,Pioneer Ventures,100459,Yara Mensah,101738,Delta,,,,,,,Beta,SKU-5662,LOT-5974,101203,Other,,,,Phoenix,100234,,,Gamma,100267,,,,,,,,,,101451,,,100235,,100445,Y,Met Expectations,,,,Direct Hire,100257,,REF-4768,105190,,,Alpha,,,,
100288,Placement,107742,jamie.blake@demomail.test,Fatima Silva,2024-08-02 07:38:00,skyler.ford@examplecorp.test,Rahul Sato,2024-06-25 23:26:00,yara.blake@examplecorp.test,Yara Mercer,2024-01-09 19:41:00,,,,N,Avery Sloan,101167,Granite Media LLP,Alpha,Omar Garcia,Data Analyst,2024-08-26,,Active - Placed,,100673,100184,Sales,,TAG-9493,8148,Standard,708,4327,2406,Standard,Beta,100009,,Data Analyst Placement,,100143,,Yes,drew.silva@sampleco.test,Granite Industries LLC,,Nina Okafor,101607,Gamma,,,,,"4,374",,Alpha,TAG-7658,LOT-4648,101615,Standard,,,,Seattle,100026,,,Standard,100332,,,,,,,,,,100848,,,100023,,,Y,Exceeded,,,,Placement,,,REF-3657,105115,,,Standard,,,,
100470,Placement,107744,taylor.patel@acme-fake.test,Fatima Silva,2024-03-07 20:52:00,morgan.nguyen@acme-fake.test,Casey Haddad,2024-01-18 21:00:00,taylor.sloan@demomail.test,Elena Brooks,2023-05-22 15:32:00,,,,N,Casey Calder,100815,Meridian Manufacturing Corp,Gamma,Arjun Sloan,Bookkeeper,2024-02-01,,Active - Placed,100758,100772,100101,Marketing,100585,SKU-6983,4112,Delta,1897,1040,3942,Delta,Standard,100215,,Bookkeeper Placement,,100056,"10,972",Yes,skyler.brooks@acme-fake.test,Copper Networks Inc,100676,Priya Brooks,101041,Beta,,,,,,,Other,LOT-8791,REF-1101,101007,Beta,,,,Manila,100062,,,Gamma,100391,,,,,,,,,,100883,,,100389,Involuntary,100280,N,Below,,Standard,,Placement,,,TAG-3592,105796,,,Delta,,,,
100641,Placement,107745,aisha.cohen@examplecorp.test,Riley Ivanov,2024-10-18 08:41:00,skyler.mercer@sampleco.test,Fatima Patel,2026-06-01 09:38:00,diego.vance@sampleco.test,Quinn Calder,2023-12-17 05:00:00,,,,Y,Elena Okafor,101406,Blue Ridge Energy Ltd,Gamma,Jamie Mensah,HR Generalist,2023-09-20,2026-07-01,Inactive,100646,100736,100712,Sales,100497,SKU-6733,552,Beta,2149,9792,8041,Alpha,Beta,100454,,HR Generalist Placement,,100527,"8,696",No,drew.dorsey@sampleco.test,*NONE,100597,Mei Silva,101168,Beta,,,,,,,Alpha,TAG-5945,,101542,Beta,,,,Chicago,100487,,,Alpha,100282,,,,,,,,,,100871,,Unmet Expectations,100632,Involuntary,100788,,Exceeded,Resolved the outstanding question about scope.,,,Placement,,,SKU-6601,105196,,,Alpha,,,100558,
100746,Placement,107746,noah.sato@examplecorp.test,Reese Sato,2023-08-27 20:39:00,omar.ivanov@demomail.test,Noah Ivanov,2026-07-12 05:07:00,nina.ashby@demomail.test,Rahul Vance,2024-06-15 05:52:00,,,,N,Priya Kim,101356,Blue Ridge Retail LLC,Beta,Yara Reyes,Financial Analyst,2024-08-03,,Active - Placed,100774,100679,100058,Data & Analytics,100216,REF-1999,4329,Other,3595,334,6552,Gamma,Gamma,100158,,Financial Analyst Placement,,,"5,451",Yes,noah.calder@demomail.test,*NONE,100301,Omar Okafor,101651,Standard,,100037,"1,063",,,,Standard,TAG-6436,TAG-5817,101188,Other,,,,Austin,100351,,,Standard,100391,,,,,,,,,,101010,,,100555,,100420,Y,Met Expectations,,Standard,100555,Placement,100016,,SKU-7933,106418,,,Standard,,,100459,
100113,Placement,107749,elena.blake@sampleco.test,Jordan Ashby,2025-02-08 17:33:00,drew.blake@examplecorp.test,Yara Larsson,2026-06-12 19:16:00,jordan.silva@sampleco.test,Emerson Garcia,2023-09-21 01:28:00,,,,Y,Sofia Cohen,101378,Falcon Networks Co,Delta,Alex Haddad,QA Engineer,2023-11-04,,Active - Placed,,100530,100058,Marketing,100417,LOT-7684,898,Alpha,8160,6635,3750,Alpha,Other,100607,,QA Engineer Placement,,,"13,917",Yes,arjun.okafor@acme-fake.test,Atlas Systems LLP,100037,Noah Garcia,101003,Beta,,,,,,,Beta,SKU-8447,TAG-6576,101378,Gamma,,,,Phoenix,100168,,,Standard,100464,,,,,,,,,,101480,,,100625,Voluntary,,N,Below,,Delta,100348,Placement,100235,,TAG-7625,104869,,,Delta,,,100353,
100042,Placement,107751,morgan.nguyen@demomail.test,Marco Sato,2023-03-21 16:45:00,skyler.garcia@acme-fake.test,Fatima Brooks,2025-02-07 01:23:00,yara.haddad@examplecorp.test,Jordan Mercer,2024-03-06 01:40:00,,,,Y,Nina Mensah,101031,Keystone Group LLP,Standard,Mei Calder,Accountant,2024-01-24,,Active - Placed,100343,100026,100588,Operations,100235,LOT-1663,6637,Delta,5132,2224,4853,Beta,Beta,100509,,Accountant Placement,,,"8,719",No,riley.cohen@sampleco.test,Evergreen Retail LLP,100603,Casey Patel,101257,Other,,,"1,398",,,,Gamma,LOT-6715,,101029,Beta,,,,London,100242,,,Other,100530,,,,,,,,,,101767,,,100632,,100110,N,Below,,,,Placement,,,REF-6908,106348,,,Standard,,,100622,
100153,Placement,107754,rahul.ashby@examplecorp.test,Riley Silva,2024-09-14 06:04:00,rowan.larsson@demomail.test,Noah Garcia,2024-08-06 13:42:00,mei.haddad@acme-fake.test,Jamie Dorsey,2022-11-09 15:04:00,,,,Y,Noah Blake,101584,Northwind Media Inc,Gamma,Skyler Sloan,Software Developer,2024-06-29,2026-07-16,Inactive,100736,100492,100767,Data & Analytics,100765,TAG-7697,9496,Gamma,328,9869,6879,Other,Beta,100742,,Software Developer Placement,,,"11,380",No,omar.reyes@sampleco.test,*NONE,100782,Morgan Rossi,100948,Alpha,,,,,"2,469",,Alpha,TAG-5218,,101458,Delta,,,,Toronto,100076,,,Delta,100684,,,,,,,,,,101612,,Unmet Expectations,100161,Voluntary,100293,,Exceeded,Resolved the outstanding question about scope.,Alpha,100777,Bench,,,TAG-8469,106578,,,Alpha,,,100729,
100069,Placement,107757,arjun.kim@examplecorp.test,Mei Larsson,2025-02-15 12:58:00,liam.ashby@examplecorp.test,Liam Ashby,2024-08-06 06:25:00,elena.ivanov@examplecorp.test,Nina Brooks,2022-12-23 16:06:00,,,,Y,Avery Larsson,101557,Granite Networks Ltd,Beta,Drew Brooks,Executive Assistant,2023-12-10,2026-07-17,Inactive - Terminated,100690,100139,100443,Finance,100288,SKU-8299,7539,Standard,6264,1177,6996,Gamma,Delta,100122,,Executive Assistant Placement,,100560,"12,364",Yes,mei.cohen@acme-fake.test,*NONE,,Riley Ashby,101342,Delta,,,,,,,Gamma,LOT-4841,REF-5346,101231,Standard,,,,Chicago,100110,,,Standard,100115,,,,,,,,,,101097,,,100613,,100356,,Exceeded,Noted a concern to revisit at the next sync.,Other,,Trial,100800,,LOT-5362,105028,,,Other,,,,
100509,Placement,107760,sofia.kim@sampleco.test,Sofia Nguyen,2024-03-22 03:39:00,morgan.vance@examplecorp.test,Chen Patel,2023-04-03 23:30:00,chen.brooks@sampleco.test,Alex Calder,2025-01-18 09:53:00,,,,N,Diego Haddad,101410,Brightpath Energy Ltd,Alpha,Jordan Blake,Financial Analyst,2024-05-10,,Active - Placed,100376,100615,100535,Sales,100245,TAG-5521,3743,Gamma,5980,8267,3187,Beta,Standard,100597,,Financial Analyst Placement,,100617,"14,538",No,morgan.larsson@demomail.test,*NONE,,Jordan Garcia,100865,Standard,,,,,,,Standard,TAG-9163,SKU-9036,101356,Beta,,,,Chicago,100269,,,Beta,100559,,,,,,,,,,101231,,,100368,,100426,Y,Met Expectations,,,100091,Placement,,,SKU-3226,105053,,,Gamma,,,,
100702,Placement,107762,yara.vance@sampleco.test,Skyler Mercer,2023-07-28 12:04:00,reese.patel@sampleco.test,Diego Vance,2023-08-06 07:39:00,diego.reyes@acme-fake.test,Drew Sato,2022-11-13 02:38:00,,,,N,Jamie Ivanov,101326,Beacon Retail Ltd,Beta,Sofia Haddad,HR Generalist,2025-12-10,,Active - Placed,100498,100285,100468,Software Engineering,,REF-5073,3130,Alpha,4207,6682,6711,Delta,Gamma,100527,,HR Generalist Placement,,,"13,434",No,drew.kim@sampleco.test,*NONE,,Marco Vance,101410,Standard,,100305,165,,,,Gamma,TAG-7653,SKU-9178,101513,Beta,,,,Phoenix,100169,,,Other,100342,,,,,,,,,,100860,,,100259,,100104,Y,,,,,Trial,100474,,SKU-2955,105706,,,Alpha,,,100400,
100257,Placement,107763,mei.silva@examplecorp.test,Drew Mensah,2025-12-20 07:17:00,taylor.nguyen@acme-fake.test,Riley Vance,2024-03-27 11:44:00,skyler.ford@examplecorp.test,Marco Nguyen,2025-05-15 05:09:00,,,,N,Aisha Ford,101545,Horizon Financial LLC,Standard,Drew Rossi,Customer Success Manager,2024-01-31,2026-07-23,Inactive - Terminated,,100005,100029,Human Resources,100223,REF-4165,2707,Gamma,1777,6346,256,Delta,Gamma,100192,,Customer Success Manager Placement,,100343,"6,259",Yes,chen.costa@sampleco.test,*NONE,,Jamie Silva,101045,Other,,100774,,,,,Delta,LOT-7524,LOT-6813,101499,Beta,,,,Mumbai,100295,,,Standard,100622,,,,,,,,,,101498,,Unmet Expectations,100470,,100661,Y,Below,Shared the updated proposal for review.,Other,100616,Trial,100235,,LOT-1674,105227,,,Standard,,,100645,
100348,Placement,107765,elena.reyes@examplecorp.test,Nina Ashby,2025-12-31 22:42:00,taylor.mercer@sampleco.test,Mei Rossi,2023-04-22 20:14:00,quinn.ashby@demomail.test,Morgan Vance,2026-05-24 02:59:00,,,,Y,Emerson Okafor,101021,Northwind Analytics Inc,Delta,Sofia Kim,Software Developer,2023-08-20,2026-07-25,Inactive - Terminated,100736,100568,100539,Operations,100126,TAG-8554,1777,Beta,8153,9254,3625,Gamma,Standard,100736,,Software Developer Placement,,,"14,615",No,sofia.costa@acme-fake.test,*NONE,,Quinn Mercer,101251,Delta,,100793,,,,,Delta,SKU-5017,LOT-6673,101499,Gamma,,,,Chicago,100456,,,Other,100569,,,,,,,,,,101374,,Unmet Expectations,100587,Involuntary,100443,N,Exceeded,Shared the updated proposal for review.,,100099,Trial,100518,,TAG-3832,105627,,,Gamma,,,100094,
100056,Placement,107767,skyler.calder@sampleco.test,Quinn Patel,2023-07-20 11:32:00,rowan.sato@sampleco.test,Morgan Costa,2025-04-30 10:18:00,rahul.ford@acme-fake.test,Yara Nguyen,2023-10-19 12:20:00,,,,N,Nina Ivanov,101043,Delta Partners Group,Delta,Noah Sloan,HR Generalist,2024-11-20,,Active - Placed,100467,100517,100796,Sales,100667,SKU-7504,8189,Gamma,5258,2827,2756,Other,Beta,100189,,HR Generalist Placement,,100049,"10,122",Yes,liam.patel@examplecorp.test,*NONE,,Yara Sloan,101344,Other,,,,,,,Standard,REF-8436,TAG-5295,101048,Delta,,,,Bengaluru,100565,,,Beta,100323,,,,,,,,,,101157,,,100275,,100744,N,,,,,Trial,100667,,TAG-4486,104937,,,Gamma,,,100744,
100516,Placement,107770,emerson.ivanov@demomail.test,Omar Kim,2025-01-30 00:51:00,elena.silva@sampleco.test,Elena Ivanov,2023-08-25 22:09:00,emerson.ivanov@examplecorp.test,Liam Sloan,2024-04-03 06:59:00,,,,N,Chen Kim,101590,Horizon Ventures Co,Gamma,Fatima Ivanov,Payroll Specialist,2025-01-13,,Active - Placed,100503,100552,100103,Accounting,100200,TAG-2403,7909,Alpha,5508,101,7286,Other,Standard,100464,,Payroll Specialist Placement,,100610,"10,855",No,taylor.cohen@examplecorp.test,Copper Industries Ltd,,Elena Reyes,100818,Gamma,,100429,,,,,Gamma,TAG-3133,TAG-8546,101555,Gamma,,,,Austin,100498,,,Other,100403,,,,,,,,,,101161,,,100215,Involuntary,100351,N,,,Standard,100746,Direct Hire,100603,,LOT-4896,105718,,,Alpha,,,100051,
100511,Placement,107773,liam.haddad@acme-fake.test,Rowan Costa,2023-12-12 22:39:00,reese.costa@sampleco.test,Casey Ford,2023-05-24 23:52:00,elena.sato@acme-fake.test,Rahul Calder,2026-04-06 02:32:00,,,,Y,Diego Haddad,101557,Meridian Retail LLC,,Noah Silva,Project Manager,2024-11-13,2026-06-29,Inactive - Terminated,100393,100122,100272,Accounting,,REF-1022,6569,Standard,379,2791,9831,Standard,Standard,100185,,Project Manager Placement,,,"17,997",Yes,yara.silva@demomail.test,Meridian Financial Co,100037,Jordan Reyes,101451,Beta,,,,,"4,645",,Alpha,LOT-2601,TAG-5914,101378,Gamma,,,,Mumbai,100479,,,Standard,100103,,,,,,,,,,100994,,Performance,100758,,100758,Y,Exceeded,Followed up on the open items from last week.,Alpha,100370,Placement,,,SKU-5856,106421,,,Other,,,100459,
100777,Placement,107775,sofia.ivanov@sampleco.test,Mei Garcia,2024-09-19 16:59:00,morgan.calder@acme-fake.test,Arjun Sloan,2026-07-30 00:34:00,arjun.mercer@acme-fake.test,Liam Whitfield,2024-03-09 06:12:00,,,,N,Jamie Haddad,101119,Summit Industries Co,,Elena Costa,HR Generalist,2023-05-03,,Active - Placed,,100554,100410,Recruiting,100239,LOT-4535,8630,Beta,3380,3406,2424,Beta,Gamma,100360,,HR Generalist Placement,,100235,"6,694",Yes,fatima.whitfield@examplecorp.test,Granite Robotics Ltd,100625,Marco Ford,101138,Alpha,,100800,"1,744",,"2,746",,Beta,SKU-1092,LOT-9205,101563,Delta,,,,Manila,100380,,,Delta,100638,,,,,,,,,,100974,,,100302,Voluntary,100040,N,,,,,Placement,100360,,TAG-9777,105182,,,Standard,,,100421,
100717,Placement,107778,quinn.rossi@acme-fake.test,Fatima Kim,2026-01-22 12:47:00,riley.rossi@examplecorp.test,Riley Brooks,2025-05-11 02:06:00,taylor.garcia@demomail.test,Mei Mercer,2024-06-07 20:29:00,,,,Y,Liam Patel,101555,Brightpath Capital Inc,,Noah Haddad,Operations Associate,2023-04-29,,Active - Terminated,100148,100543,100331,Marketing,100683,SKU-1974,9860,Beta,946,8090,1625,Alpha,Beta,100143,,Operations Associate Placement,,,"16,739",Yes,skyler.mensah@demomail.test,*NONE,100393,Avery Mercer,101485,Standard,,,,,,,Delta,TAG-3724,LOT-1245,101146,Alpha,,,,Seattle,100780,,,Standard,100314,,,,,,,,,,101391,,,100616,,100148,N,Below,,Alpha,100408,Placement,,,REF-9728,106289,,,Alpha,,,,
100180,Placement,107780,morgan.blake@examplecorp.test,Morgan Garcia,2025-12-31 10:30:00,morgan.vance@acme-fake.test,Yara Calder,2024-04-07 08:14:00,noah.cohen@sampleco.test,Casey Dorsey,2024-11-03 13:15:00,,,,N,Quinn Larsson,101123,Horizon Retail,,Taylor Larsson,HR Generalist,2025-04-11,,Active - Placed,100371,100212,100585,Software Engineering,100555,TAG-2719,5740,Alpha,1342,8503,7121,Gamma,Other,100542,,HR Generalist Placement,,100443,"14,193",No,taylor.nguyen@demomail.test,*NONE,100245,Priya Brooks,101409,Delta,,,"1,978",,,,Other,LOT-2441,SKU-2164,100864,Standard,,,,Mumbai,100613,,,Standard,100470,,,,,,,,,,101773,,,100403,Involuntary,100417,N,Met Expectations,,,100607,Direct Hire,100673,,SKU-8756,106351,,,Gamma,,,,
100281,Placement,107783,rahul.ashby@examplecorp.test,Skyler Rossi,2024-01-27 09:44:00,riley.kim@acme-fake.test,Drew Silva,2024-04-22 21:30:00,liam.sloan@examplecorp.test,Priya Larsson,2026-05-11 09:31:00,,,,N,Rowan Kim,101138,Cobalt Ventures Ltd,Beta,Jordan Reyes,HR Generalist,2026-01-16,2026-06-12,Inactive - Terminated,100309,100236,100798,Accounting,,REF-7970,8727,Alpha,3718,3728,1113,Standard,Alpha,100722,,HR Generalist Placement,,100070,"6,160",Yes,nina.ashby@demomail.test,*NONE,100371,Omar Ashby,101403,Other,,,,,,,Beta,REF-3410,,100855,Standard,,,,Toronto,100673,,,Gamma,100103,,,,,,,,,,101628,,Converted to Direct Hire,100374,Voluntary,100526,Y,Exceeded,Shared the updated proposal for review.,Gamma,100767,Bench,100265,,TAG-3923,105430,,,Standard,,,100498,
100094,Placement,107785,morgan.vance@examplecorp.test,Avery Whitfield,2025-12-18 15:39:00,noah.rossi@demomail.test,Elena Dorsey,2026-01-01 19:35:00,aisha.cohen@sampleco.test,Morgan Mensah,2025-02-11 02:27:00,,,,N,Liam Patel,101548,Pioneer Manufacturing Ltd,Other,Fatima Mensah,Bookkeeper,2024-12-09,,Active - Placed,100366,100119,100165,Finance,100009,REF-5102,1130,Other,1571,1763,7385,Delta,Gamma,100129,,Bookkeeper Placement,,100217,"9,481",Yes,arjun.sloan@sampleco.test,Cobalt Group Co,100763,Avery Nguyen,101048,Beta,,100490,"1,166",,,,Standard,REF-9508,,101302,Other,,,,Dallas,100610,,,Beta,100342,,,,,,,,,,101249,,,100380,,100103,N,Exceeded,,Delta,100119,Placement,,,SKU-3161,105435,,,Standard,,,,
100313,Placement,107788,marco.reyes@sampleco.test,Chen Whitfield,2025-02-05 18:22:00,emerson.garcia@acme-fake.test,Fatima Sloan,2023-03-24 01:01:00,chen.whitfield@examplecorp.test,Emerson Nguyen,2024-12-24 03:55:00,,,,N,Omar Ashby,101615,Harbor Analytics,Gamma,Fatima Brooks,Software Developer,2024-05-21,2026-06-21,Inactive - Terminated,100746,100596,100469,Marketing,,TAG-7070,1802,Other,1663,7939,6441,Beta,Delta,100293,,Software Developer Placement,,,"1,579",No,reese.silva@sampleco.test,*NONE,100380,Sofia Haddad,100940,Standard,,100477,476,,,,Other,SKU-7156,SKU-9070,100892,Beta,189,,,Austin,100066,,,Delta,100173,,,,,,,,,,101271,,Performance,100413,Involuntary,100722,Y,,Aligned on billing and renewal terms.,,100042,Placement,100558,,SKU-5655,106112,,,Delta,,,100117,
100269,Placement,107789,emerson.mensah@acme-fake.test,Rahul Costa,2026-04-27 14:50:00,rahul.ivanov@sampleco.test,Omar Kim,2023-01-05 11:20:00,rowan.ashby@demomail.test,Alex Larsson,2022-11-15 21:39:00,,,,N,Aisha Ford,101180,Pioneer Group Co,Standard,Diego Cohen,HR Generalist,2023-09-14,,Active - Placed,100485,100281,100767,Accounting,,REF-2548,9306,Other,3444,4817,9099,Alpha,Gamma,100527,,HR Generalist Placement,,100009,"16,921",No,yara.larsson@acme-fake.test,*NONE,,Nina Silva,100904,Other,,100089,,,,,Alpha,SKU-1724,SKU-8820,101168,Standard,,,,Seattle,100685,,,Beta,100391,,,,,,,,,,101620,,,100686,Voluntary,100509,Y,Below,,,100041,Placement,,,SKU-5467,105960,,,Gamma,,,100339,
100345,Placement,107791,skyler.reyes@acme-fake.test,Chen Nguyen,2026-05-18 19:23:00,emerson.calder@acme-fake.test,Arjun Mercer,2024-12-18 19:10:00,sofia.whitfield@examplecorp.test,Drew Garcia,2024-03-18 17:31:00,,,,Y,Riley Rossi,100902,Redwood Industries Corp,,Marco Silva,Customer Success Manager,2025-08-25,2026-06-18,Inactive,,100212,100649,Data & Analytics,,TAG-1122,1956,Alpha,592,9987,9425,Alpha,Beta,100685,,Customer Success Manager Placement,,,"4,767",Yes,fatima.mensah@examplecorp.test,Pioneer Financial LLP,,Aisha Reyes,100907,Delta,,100248,,,"3,730",,Standard,REF-6563,,100936,Other,,,,London,100356,,,Beta,100328,,,,,,,,,,101311,,,100413,,100342,N,,Discussed timeline and next steps with the account.,,100656,Placement,100189,,SKU-7176,105398,,,Standard,,,,
100329,Placement,107794,mei.whitfield@acme-fake.test,Riley Silva,2025-12-20 19:34:00,mei.ashby@demomail.test,Casey Ashby,2025-05-20 00:13:00,casey.vance@acme-fake.test,Aisha Whitfield,2026-02-14 07:15:00,,,,Y,Diego Reyes,100988,Evergreen Energy,Gamma,Taylor Mensah,Project Manager,2025-09-13,2026-07-13,Inactive,100079,100275,100269,Customer Support,,LOT-4111,2350,Alpha,1099,9543,4609,Standard,Alpha,100049,,Project Manager Placement,,,"12,991",No,drew.dorsey@sampleco.test,Atlas Ventures Ltd,,Nina Ashby,101626,Other,,100624,,,,,Gamma,REF-1201,REF-3913,101599,Gamma,,,,Chicago,100272,,,Other,100089,,,,,,,,,,100947,,Unmet Expectations,100388,,100440,Y,Met Expectations,Shared the updated proposal for review.,Other,,Direct Hire,100738,,LOT-8632,105747,,,Other,,,,
100777,Placement,107797,emerson.ford@demomail.test,Priya Dorsey,2024-08-24 09:39:00,liam.whitfield@sampleco.test,Liam Costa,2024-03-16 08:01:00,drew.dorsey@examplecorp.test,Fatima Kim,2023-02-16 16:50:00,,,,N,Diego Haddad,101447,Blue Ridge Media Corp,,Jordan Blake,Software Developer,2026-06-02,2026-06-18,Inactive - Terminated,,100593,100037,Finance,100063,SKU-9596,6162,Beta,5569,4133,9999,Alpha,Gamma,100217,,Software Developer Placement,,100738,"17,241",Yes,taylor.brooks@examplecorp.test,Harbor Retail,,Quinn Cohen,101480,Alpha,,100539,,,,,Delta,REF-2275,,101223,Beta,,,,Bengaluru,100042,,,Gamma,100241,,,,,,,,,,101444,,Relocation,100238,,100389,Y,,Shared the updated proposal for review.,Other,100571,Placement,,,SKU-6803,106059,,,Standard,,,100200,
100656,Placement,107798,taylor.haddad@sampleco.test,Jordan Larsson,2024-07-27 19:38:00,chen.okafor@acme-fake.test,Alex Okafor,2026-06-16 14:00:00,quinn.garcia@sampleco.test,Emerson Mercer,2024-10-14 14:21:00,,,,Y,Elena Blake,100870,Blue Ridge Ventures Co,Gamma,Elena Brooks,Software Developer,2025-12-11,,Active - Placed,100076,100523,100053,Finance,100464,LOT-2918,1775,Alpha,6704,3895,3394,Alpha,Delta,100037,,Software Developer Placement,,100683,"11,578",No,sofia.ivanov@acme-fake.test,*NONE,100215,Rahul Okafor,101645,Standard,,,,,,,Standard,SKU-7256,REF-1336,100845,Beta,,,,Dallas,100424,,,Gamma,100328,,,,,,,,,,101138,,,100799,Voluntary,100169,Y,,,Other,,Backfill,,,SKU-4702,105790,,,Standard,,,,
100518,Placement,107800,yara.ford@demomail.test,Avery Sloan,2025-12-14 14:00:00,emerson.vance@sampleco.test,Riley Blake,2023-02-03 01:16:00,avery.haddad@acme-fake.test,Elena Calder,2023-06-21 04:08:00,,,,Y,Rahul Dorsey,101174,Horizon Manufacturing LLP,Other,Jamie Dorsey,QA Engineer,2024-03-06,,Active - Placed,100291,100573,100275,Marketing,100336,TAG-8301,3564,Beta,6550,7303,8394,Alpha,Gamma,100288,,QA Engineer Placement,,100139,"12,255",Yes,riley.vance@examplecorp.test,Cardinal Partners LLP,,Avery Brooks,101666,Beta,,,,,,,Alpha,TAG-6621,TAG-8047,100919,Beta,,,,Bengaluru,100282,,,Other,100788,,,,,,,,,,100979,,,,Involuntary,100185,N,,,,100220,Trial,,,REF-9172,105553,,,Alpha,,,,
100398,Placement,107802,taylor.whitfield@acme-fake.test,Priya Brooks,2025-05-08 06:12:00,yara.calder@sampleco.test,Noah Ford,2023-10-15 09:36:00,yara.mercer@demomail.test,Elena Haddad,2023-04-21 12:48:00,,,,N,Omar Cohen,101342,Vertex Manufacturing LLC,Other,Reese Mensah,Payroll Specialist,2024-04-06,,Active - Placed,,100325,100091,Marketing,100741,LOT-8178,9891,Other,1490,1558,3537,Standard,Beta,100475,,Payroll Specialist Placement,,100692,"17,638",Yes,noah.brooks@demomail.test,*NONE,100685,Rahul Sato,101412,Alpha,,100189,,,"1,855",,Alpha,REF-1089,,101737,Standard,,,,Denver,100722,,,Alpha,100624,,,,,,,,,,100948,,,100509,,100220,Y,Exceeded,,,,Trial,,,REF-1802,105129,,,Beta,,,100625,
100593,Placement,107803,emerson.ivanov@demomail.test,Reese Blake,2026-06-08 17:51:00,quinn.reyes@acme-fake.test,Avery Rossi,2025-01-01 01:05:00,morgan.mensah@demomail.test,Skyler Ashby,2024-10-02 06:04:00,,,,N,Yara Silva,101651,Redwood Robotics Inc,,Skyler Cohen,Support Specialist,2026-04-27,2026-06-13,Inactive,100238,100573,100527,Operations,100301,REF-3512,6070,Beta,4845,5206,72,Gamma,Delta,100759,,Support Specialist Placement,,100031,"15,013",Yes,rahul.costa@sampleco.test,*NONE,,Morgan Cohen,100902,Beta,,,,,,,Delta,LOT-8166,REF-1390,100901,Alpha,,,,Mumbai,100403,,,Delta,100735,,,,,,,,,,101516,,Converted to Direct Hire,100310,Voluntary,100455,,Exceeded,Resolved the outstanding question about scope.,,100333,Bench,100076,,SKU-1608,105401,,,Other,,,100601,
100254,Placement,107804,riley.reyes@demomail.test,Fatima Ivanov,2023-09-05 19:36:00,alex.whitfield@examplecorp.test,Aisha Haddad,2026-04-06 06:16:00,skyler.calder@acme-fake.test,Aisha Okafor,2023-07-12 23:29:00,,,,Y,Jamie Haddad,101497,Beacon Partners Ltd,Standard,Rahul Cohen,Data Analyst,2023-12-13,,Active - Terminated,100717,100498,100359,Marketing,100625,LOT-6231,5513,Delta,8813,223,1703,Other,Alpha,100277,,Data Analyst Placement,,,"12,983",No,mei.sato@examplecorp.test,*NONE,100667,Liam Ford,100863,Alpha,,,,,,,Beta,SKU-3994,REF-5406,101454,Alpha,,,,Chicago,100333,,,Other,100622,,,,,,,,,,101365,,,100227,Involuntary,100464,Y,Below,,,100186,Placement,100591,,TAG-9267,106112,,,Alpha,,,100767,
100486,Placement,107807,emerson.dorsey@acme-fake.test,Nina Ford,2023-07-09 22:49:00,rahul.mensah@acme-fake.test,Marco Ford,2025-07-18 11:02:00,nina.calder@sampleco.test,Jordan Ashby,2023-11-30 14:58:00,,,,N,Taylor Ivanov,101449,Pioneer Analytics LLC,Beta,Elena Ford,Accountant,2026-03-05,,Active - Placed,100171,100676,100434,Marketing,100624,LOT-6207,1357,Alpha,9137,4398,5444,Standard,Gamma,100153,,Accountant Placement,,100062,"2,162",No,sofia.mensah@acme-fake.test,*NONE,100197,Taylor Kim,101691,Beta,,100405,,,452,,Delta,LOT-5283,,101198,Alpha,,,,London,100272,,,Gamma,100015,,,,,,,,,,101222,,,100208,,100686,N,Exceeded,,,100664,Placement,100243,,TAG-5004,105334,,,Standard,,,100588,
100726,Placement,107808,casey.cohen@examplecorp.test,Casey Brooks,2026-02-24 13:58:00,sofia.mensah@demomail.test,Jordan Garcia,2023-01-08 13:13:00,rowan.mercer@acme-fake.test,Reese Okafor,2026-01-09 18:01:00,,,,N,Avery Mensah,101216,Cardinal Logistics Co,Standard,Rowan Ford,Recruiter,2024-12-18,2026-07-12,Inactive - Terminated,,100132,100058,Software Engineering,100066,SKU-4346,1037,Other,9186,9978,3977,Other,Other,100382,,Recruiter Placement,,100498,"7,409",Yes,aisha.reyes@acme-fake.test,*NONE,,Elena Haddad,100867,Alpha,,100269,,,,,Beta,REF-1927,TAG-2972,101284,Beta,,,,Bengaluru,100189,,,Other,100343,,,,,,,,,,100860,,Budget Cut,100128,Involuntary,100455,N,Met Expectations,Scheduled a check-in for the coming month.,Gamma,100734,Placement,100383,,TAG-7690,105938,,,Beta,,,,
100241,Placement,107810,nina.whitfield@sampleco.test,Sofia Silva,2024-08-05 05:53:00,drew.larsson@acme-fake.test,Yara Mensah,2026-04-26 08:03:00,jamie.rossi@demomail.test,Omar Ivanov,2024-06-19 22:11:00,,,,N,Noah Mensah,101325,Silverline Textiles Inc,Standard,Sofia Reyes,Operations Associate,2024-11-07,2026-07-19,Inactive - Terminated,100482,100156,100535,Finance,100049,LOT-4079,5820,Standard,2159,3964,4165,Delta,Alpha,100117,,Operations Associate Placement,,,"13,918",No,omar.rossi@demomail.test,*NONE,100500,Jamie Nguyen,100815,Beta,,,,,,,Gamma,TAG-3775,REF-2343,101722,Standard,,,,Austin,100459,,,Alpha,100374,,,,,,,,,,101412,,Performance,100420,Involuntary,100234,N,,Resolved the outstanding question about scope.,Beta,100759,Placement,,,LOT-4560,105136,,,Gamma,,,100413,
100014,Placement,107812,mei.ashby@sampleco.test,Arjun Ford,2023-09-19 10:37:00,emerson.reyes@sampleco.test,Yara Garcia,2024-06-09 00:55:00,sofia.mensah@demomail.test,Skyler Silva,2023-03-01 00:21:00,,,,Y,Liam Rossi,101329,Cardinal Labs Corp,Beta,Morgan Mensah,Recruiter,2026-03-15,,Active - Placed,,100652,100314,Human Resources,100213,REF-7554,5680,Other,9590,8775,1879,Alpha,Delta,100177,,Recruiter Placement,,,"11,203",Yes,reese.vance@sampleco.test,Pioneer Retail Ltd,100788,Casey Ford,101425,Standard,,100624,"1,970",,,,Beta,TAG-1113,SKU-8222,101657,Beta,,Beta,,Manila,100542,,,Other,100625,,,,,,,,,,100891,,,100015,,100161,Y,Below,,,100692,Placement,,,LOT-9332,106190,,,Other,,,100591,
100091,Placement,107815,casey.calder@acme-fake.test,Riley Brooks,2023-11-04 03:47:00,aisha.costa@acme-fake.test,Drew Blake,2023-03-04 22:40:00,liam.costa@examplecorp.test,Mei Okafor,2025-02-23 13:15:00,,,,Y,Morgan Patel,101216,Everest Dynamics Inc,,Elena Reyes,Accountant,2024-11-13,,Active - Terminated,,100613,100023,Operations,,SKU-2221,9640,Gamma,861,3642,9365,Gamma,Standard,100205,,Accountant Placement,,,"12,975",No,casey.larsson@acme-fake.test,*NONE,100220,Reese Sato,100952,Alpha,,,,,779,,Gamma,TAG-3191,,100933,Delta,,Delta,,Chicago,100107,,,Alpha,100569,,,,,,,,,,101000,,,100313,,100408,N,Exceeded,,,100717,Direct Hire,100188,,REF-9488,104872,,,Beta,,,100645,
100062,Placement,107816,diego.whitfield@demomail.test,Diego Reyes,2023-06-02 04:00:00,aisha.ford@sampleco.test,Liam Reyes,2025-11-17 07:49:00,morgan.rossi@acme-fake.test,Sofia Calder,2026-01-03 23:57:00,,,,Y,Chen Blake,100987,Falcon Media Inc,,Reese Cohen,Customer Success Manager,2025-09-12,2026-07-19,Inactive - Terminated,100073,100020,100593,Sales,100673,TAG-5066,1123,Alpha,9423,8756,2528,Other,Alpha,100723,,Customer Success Manager Placement,,,"17,294",Yes,alex.haddad@sampleco.test,*NONE,100310,Priya Okafor,101384,Delta,,,,,"1,328",,Standard,LOT-4207,LOT-2796,100870,Standard,,,,Denver,100736,,,Alpha,100469,,,,,,,,,,101041,,Relocation,100798,Voluntary,100771,Y,Exceeded,Shared the updated proposal for review.,Gamma,,Placement,100558,,LOT-1484,106421,,,Gamma,,,100351,
100291,Placement,107819,riley.reyes@demomail.test,Taylor Haddad,2026-06-21 18:57:00,aisha.whitfield@examplecorp.test,Mei Dorsey,2023-07-22 10:51:00,nina.vance@examplecorp.test,Priya Larsson,2026-02-20 15:23:00,,,,Y,Noah Larsson,101709,Vertex Retail Ltd,Gamma,Casey Okafor,HR Generalist,2026-01-20,,Active - Placed,,100128,100184,Customer Support,,REF-9018,53,Gamma,1998,7346,6451,Alpha,Other,100604,,HR Generalist Placement,,,"5,925",No,drew.mensah@acme-fake.test,*NONE,100418,Aisha Patel,101319,Beta,,100117,,,890,,Alpha,SKU-1494,TAG-6575,101135,Delta,,,,London,100738,,,Beta,100158,,,,,,,,,,101161,,,100496,,100554,Y,Met Expectations,,,100774,Bench,,,SKU-5251,105796,,,Beta,,,,
100041,Placement,107821,noah.nguyen@demomail.test,Rowan Blake,2023-12-22 05:57:00,alex.rossi@examplecorp.test,Priya Sloan,2026-07-09 16:51:00,skyler.ashby@sampleco.test,Aisha Cohen,2024-08-23 04:04:00,,,,Y,Elena Rossi,101330,Lakeside Group Inc,Alpha,Alex Ivanov,Bookkeeper,2024-10-09,2026-07-01,Inactive,100371,100579,100386,Accounting,100153,LOT-3446,7464,Standard,261,4097,6632,Delta,Delta,100573,,Bookkeeper Placement,,100622,"16,974",No,skyler.larsson@demomail.test,*NONE,100555,Elena Nguyen,101421,Alpha,,,"1,464",,,,Standard,REF-5113,SKU-1720,101621,Delta,,,,Phoenix,100275,,,Other,100410,,,,,,,,,,101633,,,100056,,100245,,Exceeded,Resolved the outstanding question about scope.,,100593,Placement,100591,,REF-2741,106184,,,Alpha,,,,
100090,Placement,107822,mei.larsson@acme-fake.test,Chen Nguyen,2023-10-01 16:00:00,arjun.ford@demomail.test,Jamie Ford,2025-04-03 14:04:00,riley.ford@examplecorp.test,Mei Reyes,2023-07-27 00:21:00,,,,N,Nina Ashby,101660,Beacon Logistics LLC,Alpha,Alex Reyes,Data Analyst,2024-03-03,2026-07-07,Inactive - Terminated,,100134,100343,Customer Support,,REF-8375,4895,Gamma,3088,8668,7959,Standard,Beta,100560,,Data Analyst Placement,,100482,"16,693",Yes,yara.blake@examplecorp.test,*NONE,100313,Morgan Nguyen,101698,Delta,,100681,"1,160",,,,Alpha,TAG-4074,TAG-2468,100873,Beta,,,,Seattle,100494,,,Delta,100585,,,,,,,,,,101184,,,100497,Voluntary,100434,Y,,Reviewed performance and gathered feedback.,,100188,Bench,100440,,SKU-7152,106223,,,Beta,,,100083,
100792,Placement,107824,liam.rossi@demomail.test,Nina Garcia,2025-08-18 23:45:00,arjun.haddad@examplecorp.test,Chen Nguyen,2023-10-08 13:40:00,sofia.larsson@demomail.test,Diego Vance,2025-11-07 20:22:00,,,,N,Rahul Reyes,101205,Lakeside Labs LLP,Other,Nina Ashby,Operations Associate,2025-03-27,2026-06-09,Inactive,,100251,100017,Recruiting,,LOT-8435,192,Gamma,7293,1154,1956,Alpha,Gamma,100238,,Operations Associate Placement,,,"14,582",Yes,rahul.sloan@acme-fake.test,Atlas Robotics Corp,,Quinn Haddad,101570,Gamma,,100041,,,,,Gamma,REF-2916,REF-1096,100832,Delta,,,,Chicago,100601,,,Gamma,100780,,,,,,,,,,101273,,Unmet Expectations,100760,Involuntary,100661,,Met Expectations,Scheduled a check-in for the coming month.,,,Direct Hire,100188,,REF-6441,105215,,,Alpha,,,,
100686,Placement,107825,riley.whitfield@acme-fake.test,Jordan Whitfield,2024-09-11 09:14:00,liam.nguyen@sampleco.test,Liam Kim,2026-07-08 04:31:00,diego.rossi@acme-fake.test,Reese Ivanov,2022-12-17 20:31:00,,,,N,Emerson Reyes,101021,Vertex Retail,Other,Morgan Brooks,Operations Associate,2023-04-28,,Active - Placed,100485,100314,100582,Finance,100232,REF-2325,9701,Standard,6280,8171,552,Beta,Beta,100454,,Operations Associate Placement,,,"14,401",Yes,nina.silva@sampleco.test,*NONE,,Jamie Costa,100927,Delta,,100418,396,,,,Alpha,SKU-6211,TAG-2119,101207,Alpha,,,,Denver,100601,,,Alpha,100107,,,,,,,,,,100818,,,100415,Voluntary,100005,Y,,,,100178,Backfill,,,TAG-8093,105799,,,Delta,,,100377,
100563,Placement,107826,reese.sato@demomail.test,Jamie Dorsey,2026-06-23 20:40:00,liam.cohen@demomail.test,Arjun Mensah,2024-09-15 23:18:00,morgan.nguyen@sampleco.test,Elena Sato,2023-06-02 04:21:00,,,,N,Chen Sato,101388,Evergreen Energy LLP,Standard,Chen Rossi,Operations Associate,2025-08-14,2026-06-03,Inactive,,100334,100420,Accounting,100177,REF-5790,5169,Standard,1928,7533,969,Alpha,Gamma,100205,,Operations Associate Placement,,,"10,097",No,reese.mercer@sampleco.test,*NONE,,Diego Ashby,101203,,,,,,,,Standard,LOT-9546,,101677,Alpha,,,,Phoenix,100003,,,Beta,100063,,,,,,,,,,100895,,Performance,,Involuntary,100142,N,Exceeded,Shared the updated proposal for review.,,,Placement,100076,,SKU-5062,105335,,,Standard,,,,
100437,Placement,107829,arjun.silva@sampleco.test,Aisha Dorsey,2023-12-10 04:45:00,rowan.larsson@demomail.test,Noah Calder,2023-11-19 01:02:00,jordan.ivanov@examplecorp.test,Jordan Ashby,2023-11-26 16:47:00,,,,N,Omar Kim,100811,Beacon Labs LLP,,Taylor Nguyen,Data Analyst,2024-12-23,,Active - Placed,,100377,100190,Marketing,100232,SKU-9469,4460,Alpha,3615,5263,2959,Delta,Delta,100371,,Data Analyst Placement,,,"2,666",Yes,diego.whitfield@sampleco.test,*NONE,,Sofia Patel,100811,,,100020,,,,,Alpha,SKU-4885,,101278,Beta,,,,Phoenix,100563,,,Alpha,100352,,,,,,,,,,101168,,,100424,,100742,N,Met Expectations,,Alpha,100176,Bench,,,TAG-1763,106572,,,Beta,,,100627,
100398,Placement,107831,quinn.mercer@examplecorp.test,Elena Larsson,2024-06-15 23:35:00,arjun.patel@sampleco.test,Aisha Whitfield,2025-10-09 02:53:00,nina.sloan@demomail.test,Liam Blake,2024-09-19 22:41:00,,,,N,Alex Larsson,101257,Keystone Retail Group,Delta,Mei Haddad,Data Analyst,2025-02-10,,Active - Placed,100331,100667,100368,Software Engineering,,TAG-9470,4982,Standard,448,5390,6008,Alpha,Standard,100543,,Data Analyst Placement,,100509,"7,807",No,chen.whitfield@examplecorp.test,Horizon Holdings LLP,100094,Alex Ashby,100827,Other,,100023,,,,,Gamma,REF-4529,REF-1385,101058,Alpha,,,,London,100772,,,Delta,100452,,,,,,,,,,101631,,,,Voluntary,100620,Y,Exceeded,,Alpha,,Bench,,,REF-8529,105486,,,Delta,,,,
100012,Placement,107833,elena.calder@acme-fake.test,Rowan Silva,2024-11-09 12:27:00,casey.rossi@acme-fake.test,Morgan Ashby,2025-04-05 02:58:00,morgan.brooks@demomail.test,Riley Rossi,2024-02-12 15:05:00,,,,Y,Skyler Vance,101091,Ironwood Holdings,Other,Rowan Garcia,Marketing Coordinator,2025-11-03,2026-06-26,Inactive,100699,100770,100282,Human Resources,,SKU-3112,7196,Gamma,4619,7259,5903,Gamma,Standard,100119,,Marketing Coordinator Placement,,100459,"17,863",No,jamie.kim@acme-fake.test,*NONE,100395,Fatima Ivanov,101661,Delta,,100376,,,,,Alpha,REF-3037,SKU-2034,100986,Other,,,,Seattle,100177,,,Other,100031,,,,,,,,,,100925,,Converted to Direct Hire,100366,Voluntary,100178,N,,Scheduled a check-in for the coming month.,,,Placement,,,TAG-8733,106417,,,Delta,,,100277,
100329,Placement,107835,noah.whitfield@acme-fake.test,Casey Dorsey,2025-03-10 23:24:00,reese.dorsey@acme-fake.test,Quinn Whitfield,2023-03-11 16:51:00,rowan.patel@acme-fake.test,Skyler Haddad,2024-06-09 09:28:00,,,,Y,Skyler Silva,101476,Pioneer Financial LLC,Other,Riley Sato,Accountant,2025-04-12,,Active - Placed,100613,100558,100408,Accounting,100388,SKU-8915,6616,Alpha,9760,3807,6339,Standard,Beta,100353,,Accountant Placement,,100715,"4,713",Yes,avery.calder@examplecorp.test,*NONE,100426,Arjun Kim,101714,,,,,,837,,Beta,TAG-5951,,100933,Gamma,,,,Seattle,100382,,,Delta,100076,,,,,,,,,,101283,,,100403,Involuntary,100340,Y,,,Other,100554,Placement,100631,,LOT-9466,105041,,,Delta,,,100506,
100301,Placement,107837,omar.silva@examplecorp.test,Noah Mensah,2025-09-10 20:10:00,priya.dorsey@acme-fake.test,Diego Mercer,2026-03-10 00:31:00,quinn.blake@examplecorp.test,Jamie Reyes,2024-07-18 13:05:00,,,,Y,Diego Haddad,101089,Beacon Manufacturing LLC,,Skyler Mercer,Executive Assistant,2024-09-11,2026-07-27,Inactive,100661,100400,100670,Sales,100305,REF-4499,849,Standard,2339,5959,2769,Alpha,Alpha,100705,,Executive Assistant Placement,,,"3,589",Yes,casey.ashby@examplecorp.test,*NONE,100500,Marco Ford,101687,Other,,100388,"1,080",,,,Other,REF-2179,TAG-3762,101091,Gamma,7626,,,Atlanta,100040,,,Delta,100749,,,,,,,,,,101097,,Performance,100398,,100275,N,Below,Noted a concern to revisit at the next sync.,Alpha,100037,Placement,,,TAG-7908,105360,,,Beta,,,,
100005,Placement,107839,arjun.brooks@acme-fake.test,Drew Kim,2025-03-04 10:26:00,mei.costa@examplecorp.test,Liam Ivanov,2026-01-08 08:47:00,elena.mensah@demomail.test,Omar Kim,2025-05-29 11:12:00,,,,N,Casey Okafor,101696,Silverline Manufacturing Corp,Other,Priya Rossi,Financial Analyst,2025-05-03,2026-06-26,Inactive - Terminated,100277,100418,100336,Marketing,100758,TAG-1391,6780,Delta,1606,4496,179,Gamma,Alpha,100424,,Financial Analyst Placement,,100370,"2,458",Yes,mei.garcia@demomail.test,*NONE,100234,Avery Mensah,100861,Gamma,,100056,178,,,,Gamma,LOT-7137,REF-1632,100886,Gamma,,,,Seattle,100661,,,Other,100106,,,,,,,,,,101166,,Budget Cut,100094,Involuntary,100169,Y,,Followed up on the open items from last week.,Beta,100654,Placement,,,LOT-5301,105574,,,Delta,,,,
100208,Placement,107842,riley.mercer@demomail.test,Marco Ashby,2025-09-30 10:51:00,liam.mensah@sampleco.test,Drew Brooks,2025-05-29 02:08:00,elena.garcia@demomail.test,Diego Larsson,2026-06-22 09:15:00,,,,Y,Skyler Garcia,101374,Ironwood Robotics,Beta,Sofia Vance,Bookkeeper,2024-06-10,,Active - Placed,,100482,100487,Finance,100126,TAG-7545,3081,Alpha,7527,3486,6802,Beta,Other,100443,,Bookkeeper Placement,,100532,"11,186",No,avery.blake@sampleco.test,*NONE,100189,Taylor Okafor,101015,Alpha,,,,,,,Alpha,REF-6435,TAG-4377,101628,Beta,,,,Phoenix,100295,,,Beta,100025,,,,,,,,,,101347,,,100209,Voluntary,100543,N,Met Expectations,,Other,,Backfill,100457,,SKU-5349,106606,,,Beta,,,,
100257,Placement,107843,jordan.sato@examplecorp.test,Priya Ashby,2025-07-30 13:16:00,rahul.haddad@acme-fake.test,Nina Vance,2026-02-19 14:29:00,emerson.blake@sampleco.test,Rowan Cohen,2025-02-14 08:28:00,,,,N,Emerson Ashby,101220,Falcon Financial Corp,Delta,Drew Silva,Support Specialist,2025-12-20,,Active - Placed,,100539,100452,Software Engineering,,LOT-5944,1967,Delta,7791,5303,1805,Standard,Other,100148,,Support Specialist Placement,,,"3,747",No,avery.larsson@acme-fake.test,*NONE,,Liam Vance,101056,Gamma,,100120,,,,,Other,TAG-7042,REF-2505,101143,Standard,,,,Toronto,100280,,,Delta,100195,,,,,,,,,,101355,,,100482,Involuntary,100526,Y,Exceeded,,,100603,Placement,100184,,LOT-7085,106511,,,Alpha,,,100286,
100288,Placement,107846,jordan.whitfield@acme-fake.test,Sofia Haddad,2024-11-23 18:01:00,aisha.dorsey@sampleco.test,Rowan Silva,2024-08-17 22:46:00,elena.blake@examplecorp.test,Drew Ivanov,2024-05-27 03:28:00,,,,Y,Priya Ashby,101535,Silverline Health LLC,Standard,Yara Sloan,Data Analyst,2024-08-17,,Active - Placed,,100734,100142,Accounting,,REF-7093,4450,Beta,3222,994,9365,Alpha,Delta,100205,,Data Analyst Placement,,,"11,813",No,omar.silva@examplecorp.test,Vertex Financial,100009,Omar Cohen,101003,Delta,,100694,,,,,Standard,LOT-7321,REF-4015,100832,Alpha,,,,Phoenix,100265,,,Alpha,100262,,,,,,,,,,101381,,,100527,,100539,Y,Below,,,100613,Placement,100142,,SKU-6640,105996,,,Delta,,,100532,
100265,Placement,107848,sofia.costa@demomail.test,Emerson Larsson,2022-11-24 09:19:00,yara.patel@demomail.test,Riley Reyes,2023-10-19 23:52:00,alex.nguyen@examplecorp.test,Riley Rossi,2023-06-08 14:26:00,,,,N,Casey Sloan,101457,Falcon Retail Inc,Alpha,Diego Ivanov,Operations Associate,2025-03-19,,Active - Placed,,100738,100356,Accounting,,REF-7894,7821,Gamma,8429,4026,2585,Alpha,Delta,100301,,Operations Associate Placement,,,"16,044",Yes,avery.dorsey@sampleco.test,*NONE,100046,Omar Kim,100918,Beta,,100628,,,200,,Beta,LOT-3711,REF-9640,100958,Alpha,,,,Phoenix,100474,,,Beta,100729,,,,,,,,,,100990,,,100344,Voluntary,100332,N,,,,,Placement,,,SKU-7687,106578,,,Standard,,,100171,
100645,Placement,107851,elena.sato@sampleco.test,Yara Larsson,2025-11-29 05:00:00,skyler.blake@demomail.test,Jamie Kim,2024-08-01 21:21:00,quinn.sloan@demomail.test,Jamie Nguyen,2024-01-06 15:41:00,,,,N,Quinn Ashby,101042,Keystone Robotics LLP,Standard,Yara Calder,Operations Associate,2023-12-30,2026-07-25,Inactive - Terminated,100168,100111,100467,Software Engineering,,REF-1553,9184,Alpha,152,6763,804,Alpha,Gamma,100672,,Operations Associate Placement,,100165,"4,909",No,casey.ashby@acme-fake.test,*NONE,100168,Jamie Ford,100914,Delta,,100645,,,,,Delta,LOT-1236,REF-4384,101081,Beta,,,,Atlanta,100615,,,Gamma,100755,,,,,,,,,,101758,,Relocation,100293,Voluntary,100796,Y,Met Expectations,Discussed timeline and next steps with the account.,,,Bench,,,REF-1269,105587,,,Other,,,,
100699,Placement,107852,rowan.ashby@examplecorp.test,Liam Rossi,2025-07-19 16:22:00,liam.nguyen@demomail.test,Mei Garcia,2024-06-27 18:09:00,taylor.rossi@sampleco.test,Drew Garcia,2024-07-04 18:27:00,,,,N,Liam Nguyen,101539,Keystone Retail Ltd,Gamma,Rahul Ford,Data Analyst,2025-06-29,,Active - Placed,100063,100676,100099,Finance,100332,TAG-8928,1079,Gamma,8836,9850,7696,Gamma,Beta,100136,,Data Analyst Placement,,,"4,210",No,omar.ivanov@demomail.test,Copper Media,,Liam Brooks,101590,Delta,,,,,"1,878",,Standard,REF-4074,REF-1245,101548,Gamma,,,,Mumbai,100447,,,Other,100408,,,,,,,,,,101557,,,100195,Voluntary,100520,Y,Exceeded,,,100520,Direct Hire,,,LOT-4170,105459,,,Gamma,,,,
100041,Placement,107854,priya.dorsey@sampleco.test,Yara Ford,2025-07-03 17:10:00,rowan.patel@sampleco.test,Chen Ivanov,2024-06-16 21:24:00,fatima.silva@demomail.test,Morgan Larsson,2023-08-02 21:53:00,,,,Y,Quinn Reyes,100886,Copper Group LLP,Gamma,Sofia Cohen,HR Generalist,2023-11-18,2026-07-04,Inactive,100734,100712,100056,Marketing,,TAG-2288,1740,Other,6523,9838,5018,Alpha,Other,100352,,HR Generalist Placement,,,"13,755",No,avery.brooks@demomail.test,*NONE,100607,Reese Haddad,101021,Beta,,100031,,,,,Gamma,SKU-9808,,101275,Other,,,,Denver,100531,,,Beta,100418,,,,,,,,,,101051,,Project Ended,100526,,100603,Y,,Followed up on the open items from last week.,Beta,,Bench,100688,,SKU-4417,104961,,,Gamma,,,100771,
100340,Placement,107856,elena.kim@examplecorp.test,Nina Vance,2023-08-14 08:25:00,rowan.larsson@acme-fake.test,Skyler Brooks,2024-02-09 11:54:00,emerson.nguyen@examplecorp.test,Rahul Ashby,2025-05-26 03:41:00,,,,Y,Rowan Vance,101110,Delta Partners Ltd,Other,Drew Garcia,Marketing Coordinator,2023-10-20,,Active - Placed,100227,100692,100535,Human Resources,100456,REF-4929,7246,Standard,4113,3362,2551,Beta,Gamma,100115,,Marketing Coordinator Placement,,100386,"7,734",No,liam.whitfield@demomail.test,*NONE,100308,Chen Vance,100962,Standard,,100008,,,,,Other,SKU-8827,,101029,Beta,,,,London,100377,,,Delta,100490,,,,,,,,,,100956,,,100585,Involuntary,100610,Y,Exceeded,,Standard,100705,Placement,,,LOT-7879,106421,,,Standard,,,100076,
100348,Placement,107857,drew.vance@examplecorp.test,Rowan Ashby,2023-03-20 07:55:00,morgan.ivanov@sampleco.test,Drew Vance,2023-01-22 22:05:00,fatima.mercer@examplecorp.test,Riley Dorsey,2022-12-19 08:42:00,,,,Y,Taylor Vance,101098,Beacon Energy Co,Delta,Quinn Brooks,Payroll Specialist,2024-03-31,,Active - Placed,,100269,100234,Accounting,100571,LOT-3676,2656,Other,4526,3524,6894,Other,Other,100016,,Payroll Specialist Placement,,100530,"1,579",No,omar.reyes@acme-fake.test,*NONE,100607,Diego Ashby,100808,Gamma,,100117,873,,,,Standard,TAG-9290,,101585,Alpha,,,,Denver,100585,,,Other,100259,,,,,,,,,,101292,,,100070,Voluntary,100520,,Met Expectations,,,,Placement,100789,,LOT-6366,105944,,,Delta,,,,
100229,Placement,107859,drew.silva@sampleco.test,Drew Sloan,2022-12-21 11:02:00,rahul.cohen@demomail.test,Noah Dorsey,2026-03-28 06:16:00,rowan.okafor@demomail.test,Skyler Okafor,2025-10-22 10:16:00,,,,Y,Avery Whitfield,101758,Meridian Dynamics Ltd,Other,Diego Mensah,HR Generalist,2024-04-29,,Active - Placed,100290,100015,100190,Data & Analytics,100291,SKU-4595,8862,Beta,7698,4796,78,Other,Standard,100302,,HR Generalist Placement,,,"6,388",No,sofia.dorsey@sampleco.test,*NONE,100153,Skyler Haddad,101329,Gamma,,100229,,,988,,Gamma,LOT-2820,SKU-1080,101395,Delta,,,,Denver,100017,,,Gamma,100694,,,,,,,,,,100829,,,100234,,100467,Y,,,,100376,Backfill,,,LOT-7651,106382,,,Standard,,,100486,
100110,Placement,107862,priya.calder@examplecorp.test,Jordan Calder,2022-10-18 03:29:00,aisha.mensah@acme-fake.test,Rahul Costa,2025-04-05 23:54:00,fatima.ashby@acme-fake.test,Elena Nguyen,2024-03-02 07:53:00,,,,N,Fatima Kim,101470,Falcon Analytics LLC,Delta,Taylor Silva,Support Specialist,2025-02-13,,Active - Placed,100708,100049,100410,Finance,100089,TAG-3828,1711,Delta,8664,8525,3724,Beta,Delta,100738,,Support Specialist Placement,,100142,"9,877",No,chen.calder@sampleco.test,*NONE,,Sofia Vance,101714,Other,,100770,,,,,Alpha,LOT-6694,,100843,Other,,,,Austin,100165,,,Gamma,100319,,,,,,,,,,101620,,,100685,Involuntary,100277,,Below,,Beta,,Placement,100305,,SKU-2407,106590,,,Beta,,,100598,
100267,Placement,107863,omar.brooks@demomail.test,Mei Ivanov,2024-10-12 10:44:00,liam.blake@examplecorp.test,Riley Reyes,2024-03-26 17:52:00,rowan.garcia@acme-fake.test,Emerson Mercer,2024-10-16 03:46:00,,,,Y,Skyler Nguyen,101212,Meridian Foods LLP,Gamma,Skyler Brooks,Accountant,2024-07-24,2026-06-30,Inactive - Terminated,100060,100624,100023,Customer Support,100424,REF-5423,4186,Alpha,9877,8184,6884,Standard,Standard,100003,,Accountant Placement,,,"5,608",Yes,arjun.kim@sampleco.test,*NONE,100604,Chen Whitfield,101007,Delta,,100319,403,,"2,740",,Delta,LOT-1484,,101692,Beta,,,,Dallas,100481,,,Other,100520,,,,,,,,,,101372,,,100049,,100319,Y,,Noted a concern to revisit at the next sync.,,100005,Placement,100097,,TAG-2552,105796,,,Standard,,,,
100759,Placement,107864,diego.larsson@sampleco.test,Drew Sato,2025-02-15 21:31:00,emerson.haddad@demomail.test,Aisha Haddad,2022-11-24 00:38:00,chen.garcia@acme-fake.test,Reese Mensah,2024-03-04 06:27:00,,,,N,Liam Whitfield,100844,Keystone Dynamics LLP,,Sofia Garcia,Payroll Specialist,2023-10-26,,Active - Placed,,100568,100141,Sales,,SKU-5817,4697,Delta,9105,5385,6101,Beta,Other,100227,,Payroll Specialist Placement,,100803,"8,058",No,morgan.calder@sampleco.test,*NONE,100585,Drew Nguyen,101311,Other,,100784,,,,,Beta,SKU-2680,LOT-1255,101184,Other,,,,Austin,100370,,,Delta,100620,,,,,,,,,,101730,,,100165,,100164,N,Exceeded,,Standard,100681,Bench,,,REF-5174,105006,,,Beta,,,100481,
100386,Placement,107867,priya.ford@demomail.test,Jamie Rossi,2023-05-01 07:38:00,liam.silva@examplecorp.test,Reese Ashby,2023-09-27 12:36:00,drew.silva@demomail.test,Mei Kim,2023-10-29 18:59:00,,,,N,Marco Ivanov,101496,Pioneer Partners Inc,Gamma,Riley Rossi,Payroll Specialist,2024-07-04,2026-06-03,Inactive - Terminated,100227,100023,100398,Software Engineering,100241,REF-6360,9796,Standard,2757,2296,6868,Standard,Gamma,100542,,Payroll Specialist Placement,,,"10,979",No,emerson.ivanov@acme-fake.test,Horizon Manufacturing Ltd,100248,Marco Mercer,100805,Standard,,,,,,,Delta,TAG-9625,LOT-1764,100832,Alpha,,,,London,100239,,,Delta,100784,,,,,,,,,,101350,,Relocation,100535,,100058,,Exceeded,Discussed timeline and next steps with the account.,Beta,100683,Trial,100631,,SKU-9640,106289,,,Gamma,,,100208,
100596,Placement,107870,marco.silva@demomail.test,Taylor Rossi,2025-05-20 04:59:00,taylor.garcia@acme-fake.test,Liam Sloan,2024-01-14 03:37:00,liam.ashby@acme-fake.test,Quinn Haddad,2025-10-02 19:36:00,,,,Y,Chen Mensah,101673,Granite Systems,Standard,Sofia Brooks,Software Developer,2025-01-06,,Active - Placed,100622,100649,100517,Customer Support,100596,TAG-5267,4591,Alpha,4307,521,5806,Standard,Other,100503,,Software Developer Placement,,100083,"6,058",Yes,drew.rossi@sampleco.test,Keystone Group Ltd,,Liam Sloan,101450,Other,,100585,,,,,Delta,LOT-6510,SKU-1500,101412,Beta,,,,Austin,100377,,,Alpha,100457,,,,,,,,,,101501,,,100083,,100184,,,,,100684,Placement,100041,,TAG-7812,105946,,,Delta,,,100421,
100426,Placement,107872,quinn.reyes@acme-fake.test,Chen Cohen,2025-04-08 15:42:00,riley.calder@examplecorp.test,Quinn Rossi,2023-10-17 08:42:00,quinn.kim@sampleco.test,Liam Okafor,2024-07-08 08:26:00,,,,Y,Arjun Sloan,101061,Everest Capital Group,Other,Morgan Costa,Financial Analyst,2024-04-21,,Active - Terminated,,100280,100212,Software Engineering,100500,SKU-1060,625,Beta,5426,4746,7555,Other,Alpha,100741,,Financial Analyst Placement,,,"16,407",No,noah.mercer@acme-fake.test,*NONE,100069,Arjun Larsson,101336,Gamma,,,,,,,Delta,TAG-3045,REF-2362,101167,Standard,,,,Chicago,100720,,,Beta,100652,,,,,,,,,,101584,,,100227,Involuntary,100526,Y,Met Expectations,,,100746,Placement,100094,,SKU-8021,106172,,,Other,,,,
100128,Placement,107875,marco.patel@sampleco.test,Noah Mensah,2022-12-12 16:27:00,taylor.okafor@demomail.test,Rahul Mensah,2024-12-16 06:31:00,reese.garcia@examplecorp.test,Diego Dorsey,2026-01-19 15:04:00,,,,Y,Marco Blake,100826,Keystone Networks Group,Delta,Jordan Larsson,Software Developer,2024-10-31,,Active - Placed,,100323,100345,Finance,100420,REF-7733,5704,Gamma,5622,9185,7554,Alpha,Delta,100206,,Software Developer Placement,,100126,"5,261",No,elena.mensah@acme-fake.test,Northwind Financial Corp,100248,Taylor Dorsey,101051,Delta,,100209,,,,,Delta,SKU-9291,TAG-6565,101458,Standard,,,,Seattle,100496,,,Delta,100060,,,,,,,,,,100883,,,100627,Involuntary,,N,Exceeded,,Alpha,,Trial,100097,,SKU-8191,106411,,,Other,,,100034,
100522,Placement,107876,casey.okafor@examplecorp.test,Morgan Nguyen,2024-11-25 12:46:00,chen.kim@acme-fake.test,Emerson Sato,2023-01-12 13:44:00,diego.sloan@demomail.test,Jordan Garcia,2024-02-06 16:03:00,,,,N,Riley Blake,100956,Redwood Solutions Corp,,Noah Brooks,QA Engineer,2025-02-03,,Active - Placed,100382,100359,100239,Sales,,LOT-8586,9594,Gamma,6770,2435,713,Delta,Delta,100624,,QA Engineer Placement,,,"11,651",Yes,quinn.mensah@sampleco.test,*NONE,100243,Marco Calder,101188,,,,,,,,Gamma,SKU-2669,SKU-7184,101763,Standard,,,,London,100217,,,Standard,100195,,,,,,,,,,100851,,,100603,Involuntary,,Y,Below,,,100128,Backfill,100353,,LOT-6029,105411,,,Beta,,,,
100518,Placement,107879,jordan.garcia@demomail.test,Taylor Brooks,2024-06-23 08:09:00,diego.patel@acme-fake.test,Riley Blake,2025-07-25 11:22:00,omar.mercer@acme-fake.test,Arjun Rossi,2025-08-30 22:03:00,,,,N,Noah Costa,101491,Summit Industries Ltd,Delta,Morgan Ashby,Project Manager,2026-02-08,,Active - Placed,,100767,100617,Human Resources,,REF-2453,5215,Standard,8769,9183,9009,Other,Gamma,100482,,Project Manager Placement,,,"12,031",Yes,fatima.vance@acme-fake.test,Delta Solutions,,Priya Costa,101186,Gamma,,,"1,802",,,,Delta,LOT-4894,SKU-8994,101426,Gamma,,,,Mumbai,100329,,,Alpha,100613,,,,,,,,,,101234,,,100079,Involuntary,100245,Y,,,,,Placement,100298,,REF-3158,105198,,,Standard,,,,
100712,Placement,107880,casey.nguyen@demomail.test,Casey Whitfield,2025-07-29 21:26:00,reese.okafor@demomail.test,Chen Mercer,2023-09-03 19:02:00,liam.ford@acme-fake.test,Riley Silva,2026-02-10 22:36:00,,,,Y,Drew Vance,101531,Ironwood Networks LLC,Standard,Nina Nguyen,Marketing Coordinator,2025-08-06,2026-07-26,Inactive,,100560,100242,Data & Analytics,100186,LOT-2144,6791,Beta,881,7494,46,Alpha,Alpha,100415,,Marketing Coordinator Placement,,,"11,636",Yes,casey.calder@demomail.test,Everest Manufacturing LLC,100240,Omar Haddad,101133,Standard,,,,,,,Delta,REF-1585,REF-3962,101320,Other,,,,Atlanta,100469,,,Standard,100726,,,,,,,,,,101184,,Budget Cut,100780,Involuntary,100750,Y,,Noted a concern to revisit at the next sync.,,100236,Direct Hire,,,LOT-2482,105403,,,Gamma,,,,
100627,Placement,107881,sofia.rossi@sampleco.test,Mei Silva,2025-10-02 09:03:00,jordan.costa@examplecorp.test,Morgan Costa,2023-04-08 03:59:00,jamie.costa@acme-fake.test,Taylor Dorsey,2024-03-08 11:29:00,,,,Y,Casey Haddad,101356,Blue Ridge Health LLC,Gamma,Emerson Larsson,Project Manager,2025-06-21,2026-07-27,Inactive,,100217,100030,Operations,,REF-6352,1655,Beta,8216,3532,2114,Alpha,Alpha,100690,,Project Manager Placement,,100726,"15,631",No,noah.brooks@acme-fake.test,*NONE,100777,Omar Kim,101418,Standard,,,969,,,,Alpha,REF-4489,REF-3690,101184,Alpha,9125,,,Manila,100518,,,Beta,100434,,,,,,,,,,101153,,Budget Cut,,Involuntary,100060,N,Exceeded,Aligned on billing and renewal terms.,,,Direct Hire,100012,,TAG-4991,105801,,,Alpha,,,100345,
100523,Placement,107883,skyler.garcia@sampleco.test,Quinn Costa,2022-11-20 10:12:00,emerson.brooks@acme-fake.test,Taylor Mercer,2025-05-07 01:59:00,arjun.vance@acme-fake.test,Aisha Ford,2025-06-27 09:31:00,,,,Y,Alex Okafor,101578,Cobalt Group LLP,Beta,Riley Mercer,Project Manager,2023-10-06,,Active - Placed,,100456,100440,Marketing,100763,LOT-5332,8613,Gamma,3294,781,5522,Standard,Gamma,100129,,Project Manager Placement,,,"3,139",Yes,fatima.ashby@acme-fake.test,Silverline Group Co,100485,Sofia Calder,100828,Standard,,100735,,,,,Other,SKU-9499,,101446,Standard,,Delta,,Phoenix,100475,,,Standard,100645,,,,,,,,,,100898,,,100206,,100763,N,Met Expectations,,,,Placement,,,SKU-1270,105680,,,Gamma,,,100530,
100625,Placement,107884,alex.silva@examplecorp.test,Rahul Brooks,2024-03-21 04:21:00,mei.silva@demomail.test,Chen Patel,2024-04-20 10:33:00,diego.patel@demomail.test,Mei Sloan,2025-02-06 01:27:00,,,,Y,Noah Ashby,101636,Cobalt Holdings Ltd,Beta,Diego Okafor,Operations Associate,2023-10-10,2026-07-08,Inactive - Terminated,,100340,100395,Operations,,SKU-5560,3636,Gamma,9508,3729,6999,Standard,Standard,100376,,Operations Associate Placement,,100468,"2,000",Yes,omar.silva@sampleco.test,*NONE,100765,Emerson Haddad,101523,Alpha,,,,,593,,Delta,LOT-8192,LOT-7814,101042,Beta,,,,Manila,100654,,,Other,100516,,,,,,,,,,101112,,Unmet Expectations,100494,,100481,,Exceeded,Followed up on the open items from last week.,Gamma,100763,Placement,100398,,SKU-4453,105775,,,Alpha,,,100037,
100568,Placement,107887,jamie.mercer@examplecorp.test,Casey Whitfield,2025-04-21 07:42:00,morgan.okafor@examplecorp.test,Rowan Silva,2023-05-31 08:57:00,reese.patel@sampleco.test,Rowan Kim,2022-12-24 03:09:00,,,,N,Quinn Whitfield,101655,Horizon Partners Group,Beta,Jamie Mercer,Financial Analyst,2026-05-09,2026-07-28,Inactive - Terminated,,100143,100482,Finance,,REF-4627,6859,Other,978,36,421,Standard,Standard,100301,,Financial Analyst Placement,,100134,"17,526",Yes,elena.vance@demomail.test,Brightpath Logistics Inc,100309,Yara Larsson,100933,Gamma,,,"1,407",,,,Standard,REF-9704,REF-4036,101407,Alpha,,,,Phoenix,100120,,,Other,100086,,,,,,,,,,101596,,Relocation,100531,,100101,N,Exceeded,Aligned on billing and renewal terms.,Alpha,100168,Placement,,,SKU-4794,105112,,,Gamma,,,100777,
100099,Placement,107889,arjun.mercer@acme-fake.test,Elena Kim,2024-02-19 14:21:00,noah.mercer@demomail.test,Omar Reyes,2023-04-05 21:52:00,alex.nguyen@demomail.test,Nina Sato,2023-06-14 10:11:00,,,,Y,Morgan Brooks,101677,Harbor Holdings Group,Gamma,Jamie Calder,QA Engineer,2025-11-24,2026-07-21,Inactive - Terminated,100066,100200,100638,Software Engineering,100012,REF-9053,5128,Gamma,1847,9598,2736,Gamma,Beta,100374,,QA Engineer Placement,,100552,"16,518",No,nina.dorsey@examplecorp.test,*NONE,100005,Casey Calder,101421,Other,,,910,,,,Delta,REF-2719,,101101,Other,,,,Bengaluru,100146,,,Gamma,100241,,,,,,,,,,100997,,Unmet Expectations,,Involuntary,100075,Y,Met Expectations,Aligned on billing and renewal terms.,Beta,,Trial,,,TAG-7358,105521,,,Beta,,,100220,
100046,Placement,107890,marco.brooks@demomail.test,Alex Ivanov,2023-06-08 19:07:00,taylor.cohen@acme-fake.test,Marco Sato,2024-04-18 07:47:00,elena.brooks@examplecorp.test,Diego Silva,2026-03-24 12:56:00,,,,N,Yara Reyes,101711,Atlas Analytics Group,Beta,Priya Okafor,HR Generalist,2023-11-13,2026-06-06,Inactive - Terminated,,100470,100254,Data & Analytics,100269,TAG-5878,5699,Delta,6571,915,6503,Delta,Other,100242,,HR Generalist Placement,,100360,"7,631",No,riley.larsson@sampleco.test,Vertex Robotics,100282,Emerson Patel,101370,Delta,,100408,,,,,Standard,LOT-1621,SKU-8669,101378,Delta,,,,Austin,100117,,,Beta,100417,,,,,,,,,,101730,,,,,100262,N,Exceeded,Reviewed performance and gathered feedback.,,,Placement,100459,,TAG-7825,105262,,,Gamma,,,100023,
100079,Placement,107891,jamie.garcia@demomail.test,Elena Kim,2025-02-13 08:30:00,marco.vance@examplecorp.test,Skyler Ashby,2026-02-08 17:23:00,riley.ford@examplecorp.test,Marco Dorsey,2025-11-08 02:18:00,,,,N,Aisha Sato,101325,Delta Robotics,Beta,Arjun Sloan,Financial Analyst,2023-09-06,2026-06-23,Inactive - Terminated,100023,100242,100490,Finance,100676,SKU-7319,1856,Alpha,5902,5726,5124,Beta,Alpha,100177,,Financial Analyst Placement,,100086,"2,647",Yes,mei.mensah@demomail.test,*NONE,,Noah Silva,101161,Beta,,,380,,"4,168",,Other,TAG-5787,,101439,Alpha,,,,Atlanta,100104,,,Beta,100673,,,,,,,,,,101296,,Performance,100620,Involuntary,100234,N,,Scheduled a check-in for the coming month.,,100772,Placement,100241,,TAG-4714,106358,,,Gamma,,,100042,
100429,Placement,107892,noah.sato@demomail.test,Priya Larsson,2025-11-23 08:30:00,noah.vance@demomail.test,Diego Ford,2024-08-31 21:00:00,priya.costa@demomail.test,Omar Kim,2026-07-09 08:52:00,,,,Y,Quinn Larsson,101221,Horizon Capital Inc,Standard,Riley Whitfield,Marketing Coordinator,2024-08-29,,Active - Terminated,,100615,100310,Sales,100676,SKU-8701,2274,Gamma,2361,7521,2768,Other,Standard,100325,,Marketing Coordinator Placement,,,"14,771",No,elena.garcia@sampleco.test,*NONE,,Drew Mercer,101692,Alpha,,100236,,,"1,266",,Beta,REF-5549,REF-7044,101295,Beta,,,,Chicago,100440,,,Other,100664,,,,,,,,,,101727,,,100017,Voluntary,100239,Y,Below,,Delta,,Placement,100213,,LOT-7783,106593,,,Beta,,,,
100395,Placement,107895,jamie.costa@demomail.test,Yara Vance,2024-08-29 20:12:00,avery.ivanov@demomail.test,Quinn Ivanov,2024-09-09 06:23:00,fatima.mensah@demomail.test,Aisha Ford,2023-05-14 00:27:00,,,,N,Marco Garcia,101000,Falcon Ventures,Other,Yara Costa,Customer Success Manager,2025-02-12,2026-06-21,Inactive - Terminated,,100066,100339,Operations,,REF-8999,3930,Delta,3383,7137,7428,Standard,Beta,100579,,Customer Success Manager Placement,,,"13,194",No,arjun.okafor@demomail.test,Copper Retail,100089,Elena Reyes,101734,Gamma,,,"1,270",,,,Gamma,REF-3242,,101506,Gamma,1496,,,Chicago,100020,,,Delta,100176,,,,,,,,,,101209,,Performance,100336,Involuntary,100229,Y,Exceeded,Scheduled a check-in for the coming month.,Delta,100649,Placement,,,REF-2461,105204,,,Alpha,,,100601,
100579,Placement,107896,priya.sato@acme-fake.test,Alex Haddad,2023-11-26 21:38:00,skyler.patel@demomail.test,Casey Larsson,2023-04-12 01:57:00,arjun.sloan@examplecorp.test,Skyler Ashby,2024-08-30 17:42:00,,,,Y,Marco Patel,101538,Keystone Textiles Ltd,Gamma,Noah Cohen,Data Analyst,2025-07-24,2026-06-05,Inactive,100588,100467,100158,Recruiting,100405,REF-7542,8491,Other,4230,1875,2534,Gamma,Standard,100417,,Data Analyst Placement,,100799,"10,848",Yes,emerson.ivanov@examplecorp.test,*NONE,100063,Marco Blake,101269,Beta,,,,,"2,508",,Other,LOT-3293,TAG-2411,101242,Other,,,,Denver,100269,,,Standard,100255,,,,,,,,,,101217,,,100040,Involuntary,,N,Below,Shared the updated proposal for review.,,100026,Trial,100360,,REF-9402,105518,,,Delta,,,,
100293,Placement,107897,omar.dorsey@demomail.test,Rahul Brooks,2022-10-05 19:33:00,diego.ashby@sampleco.test,Quinn Sato,2026-05-25 08:35:00,nina.ivanov@sampleco.test,Alex Dorsey,2024-12-05 16:58:00,,,,Y,Omar Nguyen,101497,Northwind Capital Ltd,Alpha,Aisha Garcia,Marketing Coordinator,2025-02-19,2026-06-23,Inactive - Terminated,,100585,100008,Finance,100424,LOT-1360,6921,Gamma,7861,4957,349,Delta,Other,100702,,Marketing Coordinator Placement,,100395,"15,405",No,alex.rossi@sampleco.test,*NONE,100103,Fatima Vance,101284,Standard,,100731,,,,,Alpha,LOT-1835,REF-1200,101533,Alpha,,,,Bengaluru,100610,,,Standard,100793,,,,,,,,,,100925,,Unmet Expectations,,Voluntary,100527,Y,Met Expectations,Shared the updated proposal for review.,,,Placement,,,LOT-6414,105754,,,Other,,,,
100104,Placement,107900,reese.mensah@acme-fake.test,Marco Sato,2023-08-10 08:20:00,alex.ivanov@acme-fake.test,Taylor Larsson,2023-05-28 11:18:00,jamie.whitfield@sampleco.test,Quinn Okafor,2023-08-29 07:57:00,,,,Y,Yara Nguyen,101286,Delta Health Inc,Standard,Taylor Cohen,Support Specialist,2025-03-22,,Active - Placed,,100786,100479,Marketing,100763,LOT-7031,8517,Gamma,1234,1039,9566,Beta,Delta,100042,,Support Specialist Placement,,,"8,891",Yes,nina.calder@acme-fake.test,Brightpath Robotics Co,,Liam Kim,100994,Delta,,,,,,,Other,SKU-9991,TAG-2783,101139,Standard,,,,Atlanta,100329,,,Alpha,100086,,,,,,,,,,101127,,,100421,Involuntary,100429,Y,Below,,Other,100391,Placement,100030,,TAG-2571,105547,,,Delta,,,100731,
100146,Placement,107901,rahul.sato@demomail.test,Avery Ashby,2025-01-14 01:54:00,fatima.costa@examplecorp.test,Yara Whitfield,2022-12-27 22:47:00,jordan.okafor@sampleco.test,Jordan Rossi,2024-12-16 11:40:00,,,,N,Quinn Kim,101350,Horizon Analytics,Beta,Mei Okafor,Financial Analyst,2026-03-04,2026-06-17,Inactive - Terminated,100459,100026,100165,Sales,100062,REF-7586,7432,Alpha,3453,5441,7476,Other,Other,100634,,Financial Analyst Placement,,100555,"11,018",No,emerson.dorsey@sampleco.test,*NONE,100172,Fatima Cohen,101295,Beta,,,,,,,Beta,TAG-6851,TAG-9917,101683,Beta,,,,Manila,100497,,,Standard,100688,,,,,,,,,,101450,,Budget Cut,100673,Involuntary,100295,Y,Exceeded,Discussed timeline and next steps with the account.,,100056,Direct Hire,100531,,REF-1613,106586,,,Standard,,,100080,
100456,Placement,107902,jordan.okafor@sampleco.test,Yara Sato,2023-03-01 16:01:00,reese.calder@examplecorp.test,Arjun Ashby,2023-08-01 10:38:00,noah.ivanov@sampleco.test,Liam Sato,2025-10-19 23:19:00,,,,N,Skyler Nguyen,100848,Vertex Retail Co,Alpha,Avery Sloan,Project Manager,2023-10-17,2026-07-15,Inactive - Terminated,100542,100110,100041,Recruiting,100208,LOT-2395,841,Beta,4005,7253,3983,Alpha,Beta,100217,,Project Manager Placement,,100080,"16,643",Yes,morgan.mercer@demomail.test,*NONE,,Omar Ivanov,101319,Beta,,100613,,,"1,377",,Standard,SKU-3655,REF-7130,100829,Alpha,,,,Chicago,100475,,,Standard,100763,,,,,,,,,,101548,,Project Ended,100683,Voluntary,100560,N,Met Expectations,Followed up on the open items from last week.,Standard,,Placement,100765,,LOT-9522,106249,,,Beta,,,,
100200,Placement,107903,omar.sloan@examplecorp.test,Jamie Blake,2026-05-26 01:32:00,morgan.vance@examplecorp.test,Avery Whitfield,2024-01-29 04:04:00,alex.ford@acme-fake.test,Fatima Vance,2023-03-13 11:46:00,,,,Y,Yara Okafor,101556,Everest Financial LLC,Other,Mei Mensah,Executive Assistant,2023-09-24,,Active - Placed,100395,100686,100236,Marketing,,LOT-4310,2386,Delta,5193,5216,3351,Beta,Standard,100188,,Executive Assistant Placement,,,"1,870",Yes,jordan.vance@examplecorp.test,*NONE,100717,Mei Ivanov,101470,Standard,,100290,,,"2,672",,Standard,TAG-6904,TAG-1207,101381,Standard,,,,London,100520,,,Other,100282,,,,,,,,,,101647,,,100788,,100738,N,Met Expectations,,,,Placement,100197,,LOT-1199,105544,,,Alpha,,,100569,
100531,Placement,107906,aisha.garcia@sampleco.test,Liam Okafor,2023-10-21 17:07:00,liam.patel@sampleco.test,Rowan Sato,2023-02-28 16:40:00,rahul.kim@sampleco.test,Jamie Okafor,2022-12-03 05:47:00,,,,Y,Yara Garcia,100865,Everest Textiles,Alpha,Avery Dorsey,Operations Associate,2023-07-17,,Active - Placed,100699,100686,100474,Software Engineering,,TAG-8188,2949,Standard,8434,7890,9853,Delta,Beta,100683,,Operations Associate Placement,,,"16,748",Yes,aisha.silva@sampleco.test,*NONE,100089,Morgan Silva,101692,Standard,,100683,"1,321",,,,Beta,SKU-5285,,101461,Alpha,,,,Dallas,100070,,,Delta,100726,,,,,,,,,,101384,,,100558,,100708,Y,Below,,Other,100206,Placement,100560,,TAG-4216,104978,,,Gamma,,,100708,
100104,Placement,107908,sofia.silva@demomail.test,Fatima Sato,2025-08-30 16:37:00,taylor.whitfield@acme-fake.test,Rahul Kim,2024-06-07 07:29:00,riley.okafor@demomail.test,Liam Haddad,2025-01-29 03:43:00,,,,Y,Jamie Costa,101461,Beacon Manufacturing Corp,Delta,Alex Whitfield,Accountant,2025-06-22,,Active - Terminated,100377,100238,100014,Recruiting,100382,REF-1688,789,Delta,1601,3289,2112,Delta,Other,100723,,Accountant Placement,,100542,"11,227",Yes,rowan.patel@examplecorp.test,Cobalt Holdings LLC,,Taylor Blake,101651,Delta,,100008,,,,,Delta,LOT-7553,TAG-1196,101401,Gamma,,,,Toronto,100486,,,Gamma,100477,,,,,,,,,,101714,,,100503,Involuntary,100262,N,Exceeded,,,,Bench,,,LOT-3800,106455,,,Gamma,,,,
100333,Placement,107910,skyler.costa@acme-fake.test,Casey Okafor,2024-10-31 10:31:00,marco.haddad@examplecorp.test,Sofia Blake,2025-11-01 00:59:00,nina.reyes@sampleco.test,Marco Ivanov,2024-11-30 11:14:00,,,,Y,Chen Mensah,101124,Meridian Systems Inc,Beta,Arjun Calder,Executive Assistant,2025-01-20,2026-06-15,Inactive - Terminated,100158,100798,100497,Accounting,,SKU-7228,9176,Other,4640,2519,6981,Delta,Other,100627,,Executive Assistant Placement,,100607,"4,261",Yes,aisha.vance@sampleco.test,*NONE,,Marco Larsson,101565,Gamma,,,,,,,Delta,TAG-7658,,101612,Gamma,,,,Dallas,100073,,,Standard,100610,,,,,,,,,,101616,,Performance,100546,Involuntary,100073,Y,Met Expectations,Reviewed performance and gathered feedback.,Gamma,100005,Bench,100645,,SKU-6276,105033,,,Gamma,,,,
100352,Placement,107911,omar.nguyen@acme-fake.test,Omar Costa,2024-02-05 04:15:00,quinn.ashby@sampleco.test,Riley Ford,2024-02-24 00:47:00,alex.sloan@acme-fake.test,Riley Mercer,2024-06-12 21:46:00,,,,Y,Avery Nguyen,101532,Copper Partners Ltd,Alpha,Nina Ford,Project Manager,2024-01-14,2026-07-24,Inactive,100520,100731,100272,Human Resources,100527,LOT-9288,7889,Standard,8961,1774,1499,Alpha,Other,100331,,Project Manager Placement,,,"6,565",No,noah.rossi@acme-fake.test,*NONE,,Marco Reyes,101590,Beta,,100234,,,"3,704",,Beta,TAG-1279,TAG-9550,101421,Other,,,,Austin,100079,,,Other,100750,,,,,,,,,,101231,,Budget Cut,100351,Involuntary,100506,Y,Below,Aligned on billing and renewal terms.,Other,100351,Bench,100215,,REF-2375,106157,,,Gamma,,,,
100527,Placement,107912,nina.dorsey@examplecorp.test,Alex Sato,2022-10-05 06:37:00,jordan.vance@acme-fake.test,Fatima Kim,2024-04-24 21:32:00,nina.larsson@examplecorp.test,Alex Okafor,2026-05-03 20:14:00,,,,N,Fatima Patel,101035,Delta Ventures LLP,Standard,Priya Garcia,Project Manager,2024-12-11,,Active - Placed,,100405,100793,Operations,100543,REF-5008,8105,Standard,1558,3268,3005,Other,Standard,100089,,Project Manager Placement,,100016,"4,243",Yes,chen.ford@acme-fake.test,*NONE,,Quinn Sato,101273,Alpha,,100746,,,,,Other,SKU-5937,LOT-4856,101093,Gamma,,,,London,100641,,,Gamma,100241,,,,,,,,,,101106,,,100220,,100509,Y,Below,,,100352,Bench,,,SKU-7419,105437,,,Standard,,,100308,
100759,Placement,107913,riley.mercer@examplecorp.test,Diego Vance,2024-01-16 15:18:00,aisha.mercer@acme-fake.test,Liam Garcia,2025-08-16 02:04:00,riley.sato@examplecorp.test,Emerson Okafor,2024-05-25 06:26:00,,,,N,Jordan Ivanov,101548,Brightpath Ventures LLP,Gamma,Avery Patel,Executive Assistant,2025-09-08,2026-06-29,Inactive,100267,100443,100664,Sales,,SKU-8147,5416,Other,2285,2200,2378,Standard,Gamma,100615,,Executive Assistant Placement,,100786,"8,718",No,reese.calder@demomail.test,*NONE,100119,Noah Sloan,100919,Alpha,,,,,,,Alpha,TAG-4095,LOT-4463,101631,Other,,,,Mumbai,100310,,,Delta,100744,,,,,,,,,,100901,,,100799,Voluntary,100591,Y,Below,Resolved the outstanding question about scope.,,100617,Placement,,,LOT-9921,105941,,,Delta,,,,
100026,Placement,107916,jordan.rossi@sampleco.test,Aisha Reyes,2023-11-21 15:20:00,jordan.larsson@demomail.test,Drew Okafor,2022-11-17 00:21:00,priya.whitfield@acme-fake.test,Alex Sloan,2024-03-09 23:00:00,,,,N,Diego Rossi,101139,Evergreen Industries LLC,Gamma,Rahul Sloan,HR Generalist,2023-11-25,2026-07-24,Inactive - Terminated,,100203,100593,Finance,100345,REF-1999,3317,Alpha,5973,2398,3364,Gamma,Gamma,100356,,HR Generalist Placement,,,"14,973",No,chen.mensah@sampleco.test,Silverline Analytics Ltd,100410,Reese Cohen,100906,Beta,,100792,,,,,Other,LOT-1746,SKU-2613,101021,Alpha,,,,Seattle,100229,,,Alpha,100467,,,,,,,,,,101617,,,100063,,100265,N,Below,Aligned on billing and renewal terms.,,100486,Bench,100060,,SKU-2536,105680,,,Standard,,,100631,
100506,Placement,107918,arjun.vance@acme-fake.test,Arjun Dorsey,2025-05-16 22:16:00,quinn.ivanov@examplecorp.test,Diego Ashby,2024-04-29 02:45:00,alex.okafor@examplecorp.test,Casey Brooks,2024-06-28 23:05:00,,,,N,Liam Ivanov,101356,Harbor Health LLC,Standard,Rahul Larsson,Accountant,2025-04-27,2026-06-29,Inactive,100259,100216,100473,Customer Support,100301,REF-6728,2387,Other,8104,6945,542,Gamma,Gamma,100290,,Accountant Placement,,,"14,824",No,chen.garcia@examplecorp.test,*NONE,,Chen Ivanov,101216,Alpha,,100560,,,,,Other,SKU-6397,TAG-3814,101425,Gamma,,,,Austin,100494,,,Beta,100429,,,,,,,,,,101275,,Project Ended,100195,,100186,Y,Exceeded,Followed up on the open items from last week.,Alpha,,Direct Hire,,,SKU-5333,105370,,,Other,,,100765,
100172,Placement,107920,omar.ashby@examplecorp.test,Aisha Dorsey,2023-09-15 04:31:00,riley.rossi@examplecorp.test,Emerson Ashby,2024-03-27 02:09:00,noah.ivanov@demomail.test,Riley Dorsey,2024-04-03 05:33:00,,,,Y,Jordan Silva,101116,Copper Networks LLP,Beta,Priya Mercer,Support Specialist,2025-03-18,,Active - Placed,,100642,100617,Operations,100631,LOT-9437,6831,Alpha,7351,7997,4263,Standard,Other,100103,,Support Specialist Placement,,100345,"13,427",No,chen.cohen@sampleco.test,*NONE,100690,Rowan Haddad,101271,Beta,,100025,,,,,Other,SKU-2700,,101677,Other,,,,Seattle,100177,,,Other,100615,,,,,,,,,,101303,,,100579,Involuntary,100248,N,,,,100248,Backfill,100056,,SKU-5601,106138,,,Gamma,,,100236,
100715,Placement,107923,diego.reyes@sampleco.test,Aisha Silva,2023-12-16 19:47:00,priya.larsson@sampleco.test,Alex Costa,2025-05-14 13:58:00,quinn.vance@sampleco.test,Drew Brooks,2024-02-14 08:55:00,,,,N,Aisha Mensah,101623,Brightpath Media Group,Standard,Reese Ashby,Payroll Specialist,2024-07-23,,Active - Placed,100429,100681,100281,Recruiting,100044,TAG-6336,919,Delta,7680,5273,385,Alpha,Other,100400,,Payroll Specialist Placement,,,"7,167",No,riley.okafor@sampleco.test,*NONE,100316,Chen Calder,101065,Other,,100715,,,"1,691",,Alpha,REF-2006,LOT-2663,101315,Beta,,,,Toronto,100475,,,Other,100535,,,,,,,,,,101249,,,100376,Voluntary,100763,N,Met Expectations,,,100622,Placement,100184,,SKU-1378,105920,,,Standard,,,100123,
100234,Placement,107925,skyler.mensah@sampleco.test,Jordan Patel,2023-12-20 21:46:00,sofia.ivanov@demomail.test,Yara Whitfield,2023-12-24 10:42:00,skyler.ford@sampleco.test,Reese Nguyen,2025-10-04 05:12:00,,,,N,Yara Reyes,101531,Cardinal Holdings LLC,,Liam Ford,Bookkeeper,2025-06-01,,Active - Placed,,100554,100688,Sales,,TAG-8526,5231,Alpha,4998,6993,3407,Alpha,Beta,100527,,Bookkeeper Placement,,100182,"7,527",No,jordan.whitfield@sampleco.test,Meridian Ventures Corp,100559,Morgan Okafor,101271,Other,,100538,629,,872,,Other,TAG-9557,,101176,Gamma,,,,Phoenix,100789,,,Other,100449,,,,,,,,,,101401,,,100339,,100134,Y,Exceeded,,Delta,100741,Placement,100243,,SKU-1883,105776,,,Delta,,,,
100195,Placement,107927,riley.ford@demomail.test,Omar Ivanov,2023-09-05 18:32:00,reese.kim@examplecorp.test,Elena Costa,2025-07-21 18:35:00,jamie.cohen@demomail.test,Omar Mercer,2026-05-23 07:51:00,,,,N,Aisha Silva,101150,Redwood Robotics LLP,Other,Drew Larsson,Bookkeeper,2024-06-18,,Active - Placed,100169,100123,100573,Marketing,100408,LOT-9584,3840,Beta,3055,8812,4345,Beta,Delta,100531,,Bookkeeper Placement,,,"16,455",Yes,avery.dorsey@sampleco.test,*NONE,100141,Yara Calder,101338,Beta,,100555,,,,,Gamma,LOT-6170,SKU-5825,101222,Standard,,,,Mumbai,100277,,,Standard,100161,,,,,,,,,,101719,,,100459,Voluntary,100628,Y,,,,100588,Placement,100232,,LOT-8456,106479,,,Beta,,,100288,
100177,Placement,107929,reese.kim@demomail.test,Reese Haddad,2024-07-03 07:58:00,rowan.ford@demomail.test,Avery Vance,2023-05-29 19:01:00,liam.okafor@examplecorp.test,Reese Whitfield,2025-09-15 17:21:00,,,,Y,Jordan Garcia,101327,Granite Textiles LLP,Gamma,Yara Brooks,Software Developer,2025-10-15,,Active - Placed,100037,100016,100437,Sales,100755,TAG-9551,1315,Beta,8148,3113,6445,Standard,Delta,100374,,Software Developer Placement,,100426,"14,816",Yes,morgan.ivanov@sampleco.test,*NONE,,Alex Larsson,101247,Standard,,100426,,,"3,593",,Other,TAG-7171,,101444,Delta,,,,Bengaluru,100532,,,Standard,100729,,,,,,,,,,101027,,,100445,,100272,Y,Met Expectations,,Beta,100569,Bench,100391,,TAG-1464,105701,,,Alpha,,,100452,
100437,Placement,107931,morgan.okafor@examplecorp.test,Noah Calder,2025-08-08 12:08:00,priya.brooks@demomail.test,Alex Silva,2023-02-09 23:08:00,elena.silva@sampleco.test,Skyler Patel,2026-03-05 07:05:00,,,,Y,Fatima Vance,101680,Meridian Media Corp,Standard,Avery Larsson,Operations Associate,2023-10-30,,Active - Placed,100342,100343,100624,Finance,100588,LOT-7617,6947,Delta,9253,6435,4763,Alpha,Other,100282,,Operations Associate Placement,,,"13,725",Yes,diego.ford@examplecorp.test,*NONE,100704,Rowan Sloan,100832,Gamma,,100593,387,,,,Delta,REF-7649,SKU-1839,101446,Beta,,,,London,100613,,,Delta,100784,,,,,,,,,,101180,,,100309,Voluntary,100368,N,,,Beta,,Placement,100377,,TAG-1804,105006,,,Delta,,,100301,
100053,Placement,107934,liam.mensah@demomail.test,Fatima Haddad,2026-05-04 19:36:00,rowan.mensah@demomail.test,Omar Okafor,2023-08-20 12:18:00,riley.ford@sampleco.test,Rowan Cohen,2023-09-29 23:46:00,,,,Y,Elena Ford,101200,Falcon Media Group,Beta,Sofia Sloan,Recruiter,2024-09-04,2026-06-26,Inactive - Terminated,100161,100229,100770,Human Resources,,REF-1271,4968,Gamma,7510,5304,7469,Gamma,Standard,100652,,Recruiter Placement,,100220,"11,930",Yes,alex.mercer@demomail.test,*NONE,100741,Drew Garcia,101645,Other,,,,,,,Alpha,REF-8518,,101423,Delta,,,,Manila,100005,,,Other,100777,,,,,,,,,,101407,,,100684,,100542,N,Met Expectations,Scheduled a check-in for the coming month.,Other,,Bench,,,LOT-8926,105036,,,Alpha,,,,
100712,Placement,107935,aisha.whitfield@examplecorp.test,Yara Larsson,2024-05-14 21:57:00,omar.vance@acme-fake.test,Aisha Costa,2025-04-17 20:31:00,drew.cohen@sampleco.test,Fatima Sloan,2025-05-02 23:22:00,,,,Y,Riley Calder,101148,Redwood Holdings LLP,Delta,Nina Calder,QA Engineer,2026-01-23,2026-06-27,Inactive,100610,100189,100500,Software Engineering,100239,SKU-3757,9376,Other,7551,32,1267,Other,Delta,100132,,QA Engineer Placement,,100126,"17,512",No,emerson.vance@sampleco.test,*NONE,,Priya Haddad,101664,Beta,,100437,717,,,,Standard,LOT-6688,REF-7129,101412,Gamma,,,,Seattle,100158,,,Standard,100224,,,,,,,,,,101542,,Project Ended,100597,,100115,Y,Below,Scheduled a check-in for the coming month.,,100717,Direct Hire,100030,,SKU-2652,105941,,,Beta,,,,
100408,Placement,107937,rahul.kim@examplecorp.test,Reese Rossi,2023-05-30 07:06:00,marco.dorsey@examplecorp.test,Jordan Silva,2024-07-17 11:53:00,reese.sloan@demomail.test,Chen Okafor,2025-04-10 03:59:00,,,,N,Taylor Ivanov,100982,Summit Retail LLP,,Jordan Reyes,HR Generalist,2024-04-14,2026-07-23,Inactive,,100040,100568,Marketing,,REF-6260,7772,Alpha,3805,924,3021,Standard,Beta,100645,,HR Generalist Placement,,,"10,057",No,rahul.dorsey@demomail.test,*NONE,100684,Quinn Brooks,101545,Beta,,,,,,,Delta,TAG-3138,TAG-2098,100986,Alpha,,,,Mumbai,100016,,,Alpha,100759,,,,,,,,,,101565,,Project Ended,100314,Voluntary,100664,N,,Noted a concern to revisit at the next sync.,,,Placement,,,TAG-4028,105812,,,Beta,,,100148,
100267,Placement,107938,casey.sloan@acme-fake.test,Riley Whitfield,2024-05-11 11:33:00,jordan.cohen@demomail.test,Jordan Silva,2025-12-20 06:12:00,jamie.vance@demomail.test,Alex Whitfield,2024-11-03 12:00:00,,,,Y,Noah Garcia,100821,Northwind Manufacturing Co,Delta,Rowan Whitfield,Project Manager,2024-06-10,,Active - Placed,100681,100624,100440,Marketing,100543,REF-5142,819,Beta,9840,1647,3680,Delta,Standard,100323,,Project Manager Placement,,100190,"15,801",No,taylor.brooks@sampleco.test,Cobalt Networks Ltd,100388,Marco Okafor,101242,Beta,,,77,,,,Alpha,SKU-4191,SKU-6735,100811,Alpha,,,,Bengaluru,100017,,,Gamma,100597,,,,,,,,,,100851,,,100532,Voluntary,100642,,Met Expectations,,,100240,Bench,,,LOT-1460,106131,,,Alpha,,,,
100015,Placement,107939,alex.sloan@acme-fake.test,Sofia Blake,2025-01-01 14:33:00,jordan.haddad@sampleco.test,Quinn Silva,2023-04-04 13:14:00,yara.silva@demomail.test,Skyler Haddad,2025-08-16 16:52:00,,,,Y,Yara Sato,101043,Falcon Group Corp,Standard,Diego Costa,Financial Analyst,2024-04-13,,Active - Terminated,,100208,100008,Data & Analytics,,REF-4057,2681,Beta,7586,2646,6064,Beta,Other,100314,,Financial Analyst Placement,,,"5,307",Yes,priya.kim@examplecorp.test,*NONE,,Diego Ashby,100865,,,100348,,,"1,302",,Alpha,TAG-6737,SKU-1204,101384,Other,,,,Dallas,100111,,,Alpha,100178,,,,,,,,,,101137,,,100408,Voluntary,100334,N,Exceeded,,Gamma,,Direct Hire,100717,,LOT-5359,106353,,,Delta,,,100090,
100223,Placement,107942,diego.whitfield@demomail.test,Liam Haddad,2022-10-28 05:22:00,jordan.sato@sampleco.test,Alex Haddad,2023-08-23 21:41:00,casey.cohen@demomail.test,Mei Mensah,2024-07-16 01:26:00,,,,Y,Yara Sloan,101041,Copper Foods Group,Gamma,Fatima Garcia,Financial Analyst,2025-06-26,,Active - Placed,100097,100679,100782,Data & Analytics,,TAG-3745,7872,Other,3188,179,9140,Gamma,Beta,100560,,Financial Analyst Placement,,100060,"7,574",No,yara.sloan@acme-fake.test,*NONE,,Aisha Ford,101417,Delta,,,,,,,Other,REF-9454,LOT-9639,101558,Beta,,,,London,100185,,,Delta,100582,,,,,,,,,,101305,,,100469,Voluntary,100516,Y,,,Beta,100646,Direct Hire,100459,,LOT-2730,106487,,,Alpha,,,100165,
100415,Placement,107943,drew.larsson@acme-fake.test,Rahul Silva,2026-03-30 21:37:00,arjun.silva@acme-fake.test,Alex Ashby,2026-07-29 21:59:00,taylor.okafor@examplecorp.test,Liam Mensah,2025-09-28 10:13:00,,,,Y,Jordan Blake,101470,Pioneer Energy LLC,Alpha,Casey Ford,Data Analyst,2025-11-09,2026-06-03,Inactive - Terminated,100746,100180,100079,Data & Analytics,100123,REF-1328,288,Other,6387,3479,70,Delta,Gamma,100275,,Data Analyst Placement,,,"4,987",Yes,yara.whitfield@sampleco.test,*NONE,100722,Chen Blake,101578,Other,,100722,,,"2,842",,Standard,TAG-3444,,101455,Delta,,,,Mumbai,100240,,,Other,100749,,,,,,,,,,101338,,Converted to Direct Hire,100617,,100736,Y,Exceeded,Shared the updated proposal for review.,Alpha,,Placement,100788,,REF-6966,106610,,,Delta,,,100490,
100012,Placement,107946,priya.brooks@examplecorp.test,Priya Cohen,2025-09-01 16:44:00,taylor.okafor@sampleco.test,Elena Nguyen,2023-08-13 04:55:00,alex.brooks@sampleco.test,Casey Patel,2026-07-20 05:19:00,,,,N,Quinn Nguyen,101164,Blue Ridge Robotics LLC,,Fatima Sato,Software Developer,2025-09-30,,Active - Placed,100295,100467,100359,Sales,,TAG-4760,8117,Beta,6456,3215,6027,Gamma,Standard,100799,,Software Developer Placement,,100075,"17,595",Yes,riley.vance@sampleco.test,*NONE,,Rahul Vance,101436,Gamma,,,,,,,Delta,SKU-3757,,101714,Standard,,,,Seattle,100667,,,Delta,100224,,,,,,,,,,101013,,,100190,Involuntary,100535,N,,,,100123,Placement,100596,,TAG-9606,106350,,,Delta,,,,
100708,Placement,107949,priya.ivanov@demomail.test,Fatima Rossi,2023-05-04 03:37:00,jordan.dorsey@examplecorp.test,Rahul Dorsey,2022-12-10 21:41:00,sofia.sloan@sampleco.test,Drew Sloan,2023-05-08 18:24:00,,,,N,Reese Nguyen,101196,Blue Ridge Networks LLP,,Morgan Garcia,Financial Analyst,2025-08-03,,Active - Placed,100596,100625,100046,Software Engineering,,SKU-4295,4368,Gamma,2266,9299,3605,Gamma,Delta,100359,,Financial Analyst Placement,,,"8,302",No,skyler.reyes@sampleco.test,*NONE,,Drew Kim,101296,Alpha,,,,,,,Other,SKU-8847,SKU-4494,101231,Standard,2560,,,Dallas,100771,,,Delta,100236,,,,,,,,,,101232,,,100410,Involuntary,,Y,,,Other,100094,Placement,,,LOT-2163,105458,,,Gamma,,,100517,
100767,Placement,107952,morgan.ashby@examplecorp.test,Nina Costa,2023-05-19 00:44:00,marco.nguyen@sampleco.test,Aisha Okafor,2023-04-16 21:08:00,priya.kim@demomail.test,Avery Dorsey,2025-03-31 22:49:00,,,,Y,Alex Ford,101148,Redwood Industries Corp,,Liam Patel,QA Engineer,2026-03-08,2026-06-27,Inactive,,100295,100763,Marketing,100389,TAG-8071,6600,Gamma,2956,9215,2544,Standard,Delta,100531,,QA Engineer Placement,,100063,"14,759",Yes,alex.reyes@acme-fake.test,Silverline Dynamics Co,100632,Casey Cohen,100892,Delta,,100298,"1,665",,,,Alpha,SKU-8358,LOT-9488,101013,Beta,,,,Manila,100408,,,Gamma,100290,,,,,,,,,,101407,,Converted to Direct Hire,100638,,100340,N,Below,Reviewed performance and gathered feedback.,,100429,Placement,100129,,SKU-5263,106165,,,Beta,,,100481,
100681,Placement,107955,riley.silva@demomail.test,Jamie Haddad,2023-05-25 06:25:00,chen.reyes@sampleco.test,Elena Brooks,2025-08-21 11:14:00,casey.nguyen@demomail.test,Arjun Costa,2024-03-24 08:26:00,,,,Y,Jordan Rossi,100993,Copper Foods Group,Beta,Morgan Brooks,Marketing Coordinator,2025-04-19,,Active - Terminated,100481,100715,100767,Customer Support,,LOT-7667,2202,Delta,2546,5453,8429,Alpha,Delta,100083,,Marketing Coordinator Placement,,100182,,No,aisha.patel@sampleco.test,Cobalt Manufacturing Group,100420,Casey Blake,101696,Alpha,,100555,,,,,Delta,SKU-2410,,101450,Gamma,,,,Denver,100164,,,Gamma,100443,,,,,,,,,,101489,,,100331,,100239,N,Below,,,100254,Trial,100434,,REF-2349,106569,,,Delta,,,,
100172,Placement,107958,rowan.nguyen@demomail.test,Rahul Ford,2025-07-06 06:52:00,jamie.silva@demomail.test,Marco Dorsey,2022-11-12 21:23:00,riley.patel@examplecorp.test,Quinn Mercer,2023-09-14 22:38:00,,,,Y,Omar Sato,101302,Beacon Systems Co,Alpha,Skyler Rossi,QA Engineer,2026-02-04,,Active - Placed,100603,100391,100129,Data & Analytics,,SKU-1463,7281,Alpha,8142,5796,5970,Beta,Other,100383,,QA Engineer Placement,,,"3,338",No,jamie.whitfield@sampleco.test,Pioneer Solutions Co,100302,Diego Sato,101702,Other,,,,,,,Other,TAG-3091,,101139,Beta,,,,Austin,100053,,,Alpha,100694,,,,,,,,,,101146,,,100462,,,N,Below,,Delta,,Placement,100679,,SKU-2687,105629,,,Gamma,,,100106,
100172,Placement,107960,elena.larsson@sampleco.test,Diego Cohen,2026-06-23 23:20:00,diego.patel@acme-fake.test,Reese Mercer,2024-07-21 02:48:00,casey.brooks@examplecorp.test,Rowan Mensah,2025-11-22 02:36:00,,,,Y,Quinn Whitfield,101687,Copper Partners Group,,Marco Reyes,Data Analyst,2025-11-30,2026-06-10,Inactive,100484,100692,100106,Data & Analytics,,TAG-3198,9700,Beta,2279,7880,4495,Other,Standard,100301,,Data Analyst Placement,,,"10,411",No,fatima.costa@demomail.test,Brightpath Media,,Diego Brooks,100918,Beta,,100106,,,"1,375",,Delta,LOT-8115,REF-4192,101018,Gamma,,,,Seattle,100298,,,Gamma,100146,,,,,,,,,,100922,,Converted to Direct Hire,100473,Involuntary,100535,N,,Reviewed performance and gathered feedback.,,100370,Backfill,100158,,SKU-6169,105383,,,Standard,,,100153,
100165,Placement,107963,rahul.mercer@sampleco.test,Elena Cohen,2025-04-14 11:12:00,marco.whitfield@examplecorp.test,Priya Sloan,2026-01-21 19:06:00,reese.cohen@demomail.test,Emerson Rossi,2026-01-17 13:45:00,,,,N,Fatima Mercer,101013,Beacon Foods Corp,Alpha,Avery Sato,QA Engineer,2025-09-04,2026-07-22,Inactive - Terminated,100622,100496,100254,Marketing,100254,LOT-4795,5594,Alpha,7636,6302,8756,Gamma,Standard,100518,,QA Engineer Placement,,,"11,390",No,taylor.ivanov@examplecorp.test,*NONE,,Chen Larsson,101680,Beta,,,,,,,Standard,,LOT-9497,101388,Delta,,,,Austin,100235,,,Gamma,100322,,,,,,,,,,101078,,Performance,100342,Involuntary,100383,N,,Reviewed performance and gathered feedback.,,,Bench,100293,,TAG-4467,106436,,,Delta,,,100051,
100603,Placement,107965,fatima.okafor@acme-fake.test,Reese Sato,2025-10-17 13:33:00,mei.cohen@acme-fake.test,Fatima Kim,2023-02-10 17:18:00,reese.costa@demomail.test,Sofia Haddad,2026-01-01 14:29:00,,,,N,Sofia Mensah,101184,Atlas Health LLP,Delta,Mei Silva,Project Manager,2026-05-11,,Active - Placed,100212,100708,100232,Sales,,TAG-6211,9909,Gamma,6562,3451,7957,Standard,Beta,100206,,Project Manager Placement,,,"9,666",Yes,yara.reyes@demomail.test,*NONE,100770,Taylor Cohen,101223,Beta,,100309,575,,,,Gamma,REF-3726,,101660,Gamma,3045,,,Seattle,100227,,,Delta,100388,,,,,,,,,,101116,,,100153,Voluntary,100789,N,,,,,Placement,,,REF-4265,105605,,,Beta,,,,
100774,Placement,107968,sofia.costa@examplecorp.test,Emerson Nguyen,2026-04-06 04:10:00,chen.larsson@acme-fake.test,Mei Silva,2025-04-07 13:27:00,fatima.okafor@demomail.test,Emerson Vance,2023-01-12 20:48:00,,,,N,Jordan Patel,101378,Granite Capital Ltd,Delta,Jamie Ivanov,Executive Assistant,2024-06-20,,Active - Placed,,100555,100398,Human Resources,,REF-2110,7383,Standard,3589,5226,6922,Standard,Gamma,100366,,Executive Assistant Placement,,,"6,771",No,chen.calder@acme-fake.test,Harbor Partners Corp,100496,Elena Nguyen,101565,Alpha,,100190,,,"3,446",,Beta,SKU-3409,LOT-3310,101159,Beta,,,,Chicago,100186,,,Delta,100788,,,,,,,,,,101216,,,100139,Involuntary,100789,N,Met Expectations,,,,Placement,,,LOT-4121,105398,,,Delta,,,,
100030,Placement,107970,reese.cohen@demomail.test,Fatima Garcia,2026-07-28 07:21:00,emerson.ford@acme-fake.test,Omar Larsson,2025-12-08 10:04:00,fatima.kim@demomail.test,Riley Silva,2023-12-07 20:01:00,,,,Y,Morgan Ford,101081,Keystone Analytics Corp,Beta,Rahul Blake,Software Developer,2025-07-10,,Active - Placed,100484,100539,100172,Operations,100637,TAG-3410,4643,Standard,3694,3976,3731,Other,Gamma,100681,,Software Developer Placement,,,"5,033",No,elena.haddad@acme-fake.test,Falcon Retail Group,,Drew Dorsey,101479,Standard,,100016,,,,,Gamma,SKU-3184,TAG-3901,101657,Other,,,,Seattle,100753,,,Other,100206,,,,,,,,,,101359,,,100741,Involuntary,100546,Y,Met Expectations,,,100333,Placement,,,TAG-9563,104924,,,Other,,,100554,
100325,Placement,107973,riley.mensah@acme-fake.test,Priya Vance,2023-05-27 03:48:00,elena.ivanov@examplecorp.test,Chen Garcia,2025-12-17 11:01:00,jamie.ivanov@examplecorp.test,Rowan Silva,2022-10-24 08:25:00,,,,Y,Emerson Mensah,100851,Beacon Health LLP,Beta,Yara Silva,Project Manager,2026-05-15,,Active - Placed,,100323,100424,Marketing,,TAG-8827,3597,Gamma,6325,2352,1894,Standard,Beta,100684,,Project Manager Placement,,100469,"12,596",No,yara.reyes@demomail.test,Redwood Systems Inc,100291,Emerson Whitfield,101167,Standard,,,,,,,Delta,SKU-7940,LOT-3990,101157,Alpha,,,,Atlanta,100777,,,Gamma,100530,,,,,,,,,,101194,,,100348,Involuntary,,N,Below,,,100500,Backfill,100229,,TAG-1966,106396,,,Other,,,100400,
100506,Placement,107976,quinn.costa@demomail.test,Reese Blake,2025-08-22 17:19:00,omar.larsson@acme-fake.test,Mei Vance,2022-12-23 18:43:00,noah.rossi@acme-fake.test,Reese Nguyen,2023-12-06 06:39:00,,,,Y,Jamie Larsson,101093,Silverline Media Ltd,Other,Alex Larsson,Project Manager,2024-05-18,,Active - Placed,,100161,100670,Sales,,TAG-2994,657,Beta,5965,5171,2265,Alpha,Beta,100632,,Project Manager Placement,,,,Yes,rahul.haddad@acme-fake.test,*NONE,,Jordan Vance,101538,Other,,100073,"1,977",,"1,464",,Beta,LOT-8432,TAG-1111,101425,Delta,,,,Denver,100243,,,Delta,100259,,,,,,,,,,101101,,,100014,,100793,N,Met Expectations,,,100290,Placement,,,LOT-6704,105952,,,Alpha,,,100574,
100169,Placement,107978,quinn.reyes@demomail.test,Jordan Mensah,2023-07-20 03:21:00,noah.silva@demomail.test,Jamie Rossi,2024-04-03 16:40:00,emerson.ashby@acme-fake.test,Priya Nguyen,2024-02-28 01:19:00,,,,N,Arjun Ashby,101342,Delta Retail LLC,Standard,Emerson Brooks,Customer Success Manager,2023-10-03,,Active - Placed,,100403,100554,Software Engineering,100060,LOT-3497,6176,Beta,5961,5206,9317,Other,Delta,100634,,Customer Success Manager Placement,,,"6,129",Yes,diego.kim@acme-fake.test,*NONE,100758,Nina Silva,100862,Other,,,,,,,Gamma,REF-5372,,101669,Other,,,,Phoenix,100313,,,Delta,100104,,,,,,,,,,101506,,,100169,,100334,N,Met Expectations,,Delta,100717,Placement,,,LOT-9753,105819,,,Standard,,,100212,
100083,Placement,107980,alex.dorsey@acme-fake.test,Casey Calder,2025-07-22 12:43:00,arjun.nguyen@examplecorp.test,Emerson Dorsey,2023-06-10 13:17:00,mei.costa@demomail.test,Rowan Silva,2024-09-02 04:38:00,,,,Y,Reese Patel,101773,Northwind Analytics Co,Alpha,Noah Calder,Project Manager,2024-08-15,,Active - Placed,100257,100749,100345,Customer Support,,LOT-1845,4483,Standard,9018,1763,3735,Standard,Other,100484,,Project Manager Placement,,100282,"17,423",No,nina.dorsey@acme-fake.test,*NONE,100720,Fatima Sato,101003,Alpha,,100188,,,,,Beta,SKU-7375,SKU-1614,100940,Gamma,,,,London,100538,,,Delta,100788,,,,,,,,,,101150,,,100388,Involuntary,100803,N,Exceeded,,Standard,,Direct Hire,100243,,LOT-5528,106537,,,Other,,,100738,
100509,Placement,107983,priya.kim@demomail.test,Sofia Mercer,2022-12-19 21:05:00,casey.mensah@demomail.test,Jordan Mercer,2023-05-11 04:52:00,drew.rossi@demomail.test,Morgan Calder,2024-06-07 18:07:00,,,,N,Reese Costa,101451,Keystone Robotics Group,Gamma,Marco Vance,Bookkeeper,2024-08-31,,Active - Placed,,100206,100726,Operations,,SKU-6467,5154,Delta,9135,3262,1869,Alpha,Delta,100227,,Bookkeeper Placement,,100661,"4,997",No,arjun.ford@demomail.test,Meridian Foods Ltd,100305,Arjun Mercer,101269,,,,537,,"3,359",,Delta,SKU-3239,SKU-4630,101489,Beta,,,,Phoenix,100742,,,Other,100615,,,,,,,,,,101709,,,100531,Voluntary,100477,Y,Exceeded,,,,Placement,,,LOT-8887,105810,,,Delta,,,100464,
100796,Placement,107984,reese.ashby@demomail.test,Quinn Rossi,2026-03-23 19:13:00,nina.costa@examplecorp.test,Noah Silva,2024-09-06 01:29:00,mei.blake@acme-fake.test,Liam Silva,2024-04-27 12:05:00,,,,Y,Quinn Garcia,101724,Vertex Holdings LLC,,Fatima Reyes,Bookkeeper,2023-04-28,,Active - Placed,,100616,100134,Marketing,100484,SKU-7616,7420,Delta,1537,339,3289,Delta,Alpha,100302,,Bookkeeper Placement,,,"3,517",No,jamie.larsson@acme-fake.test,*NONE,,Liam Dorsey,101130,Other,,100418,,,,,Other,SKU-4743,LOT-9394,100873,Beta,,,,Denver,100424,,,Standard,100291,,,,,,,,,,101239,,,100400,Involuntary,100220,Y,Below,,Other,,Placement,100120,,SKU-7331,104874,,,Beta,,,100395,
100336,Placement,107985,priya.larsson@examplecorp.test,Marco Kim,2025-02-13 05:38:00,casey.whitfield@demomail.test,Aisha Vance,2022-11-04 00:54:00,emerson.dorsey@acme-fake.test,Rahul Haddad,2022-12-12 01:02:00,,,,Y,Marco Okafor,101593,Pioneer Dynamics Inc,,Chen Sato,Financial Analyst,2026-04-30,2026-06-18,Inactive,,100631,100005,Human Resources,100340,REF-6267,5658,Other,8606,110,1056,Beta,Delta,100182,,Financial Analyst Placement,,100709,"4,237",No,noah.vance@acme-fake.test,Cobalt Dynamics LLP,,Elena Blake,101281,Alpha,,,,,"3,234",,Other,SKU-2006,TAG-7671,100818,Alpha,,,,Manila,100462,,,Beta,100523,,,,,,,,,,101180,,,100645,Voluntary,100030,Y,Met Expectations,Discussed timeline and next steps with the account.,Gamma,,Placement,100280,,LOT-2740,106316,,,Standard,,,,
100240,Placement,107988,jordan.sato@sampleco.test,Jamie Silva,2025-04-05 15:44:00,emerson.mensah@sampleco.test,Jamie Sloan,2023-08-02 21:07:00,skyler.sato@demomail.test,Chen Ashby,2023-09-13 13:10:00,,,,N,Taylor Haddad,101104,Brightpath Analytics Inc,Alpha,Jamie Vance,Accountant,2025-04-12,2026-06-28,Inactive,,100692,100075,Operations,100731,REF-2695,2823,Gamma,4270,1789,1024,Alpha,Delta,100282,,Accountant Placement,,100123,"8,580",No,avery.silva@examplecorp.test,*NONE,100236,Diego Sloan,101089,Other,,100763,,,,,Alpha,TAG-8508,LOT-6780,101217,Beta,,,,Dallas,100774,,,Standard,100509,,,,,,,,,,101004,,Unmet Expectations,100542,,100452,N,Below,Followed up on the open items from last week.,,100679,Backfill,,,REF-7253,106538,,,Beta,,,100617,
100195,Placement,107990,priya.ford@acme-fake.test,Quinn Cohen,2023-01-12 12:38:00,avery.sloan@sampleco.test,Drew Garcia,2024-08-20 13:43:00,mei.mensah@examplecorp.test,Taylor Ivanov,2023-11-08 01:59:00,,,,Y,Skyler Larsson,101752,Keystone Energy Co,Gamma,Taylor Whitfield,Payroll Specialist,2024-02-28,2026-07-17,Inactive - Terminated,,100172,100664,Customer Support,100585,TAG-2316,493,Standard,836,9792,8493,Delta,Delta,100169,,Payroll Specialist Placement,,100683,"16,283",Yes,arjun.whitfield@examplecorp.test,Delta Energy Co,100308,Drew Haddad,101556,Delta,,100376,,,,,Standard,TAG-6469,LOT-1989,100845,Alpha,,,,Denver,100302,,,Standard,100789,,,,,,,,,,101423,,Project Ended,100034,Voluntary,100426,N,Exceeded,Reviewed performance and gathered feedback.,,100683,Placement,100579,,LOT-8980,106041,,,Standard,,,100503,
100206,Placement,107992,priya.haddad@acme-fake.test,Marco Cohen,2026-01-06 15:34:00,avery.brooks@acme-fake.test,Sofia Garcia,2026-03-10 02:32:00,quinn.ivanov@demomail.test,Quinn Brooks,2023-11-26 15:34:00,,,,Y,Priya Nguyen,101625,Ironwood Robotics Inc,Other,Riley Ashby,QA Engineer,2026-02-03,,Active - Placed,100688,100437,100500,Finance,,SKU-9862,4768,Beta,9289,9586,25,Standard,Other,100457,,QA Engineer Placement,,100275,"2,364",No,chen.rossi@demomail.test,Cobalt Capital Co,,Nina Calder,101309,Delta,,100089,"1,963",,,,Other,SKU-2427,REF-3498,101107,Standard,,,,London,100467,,,Delta,100209,,,,,,,,,,101205,,,100217,,,Y,,,Beta,,Direct Hire,100251,,REF-2680,106346,,,Beta,,,,
100168,Placement,107994,priya.brooks@acme-fake.test,Rahul Mercer,2022-11-15 23:17:00,arjun.mercer@sampleco.test,Elena Whitfield,2023-12-15 14:40:00,alex.calder@examplecorp.test,Elena Vance,2026-06-29 04:53:00,,,,Y,Diego Reyes,101166,Evergreen Solutions Group,,Alex Sato,Data Analyst,2024-11-11,,Active - Placed,100642,100070,100111,Customer Support,100645,SKU-2081,7094,Beta,8132,8983,6828,Delta,Alpha,100527,,Data Analyst Placement,,100132,"13,985",Yes,marco.brooks@acme-fake.test,*NONE,,Jamie Cohen,101045,Standard,,100456,"1,452",,,,Alpha,TAG-9910,TAG-7952,101157,Alpha,,,,Dallas,100410,,,Beta,100066,,,,,,,,,,101582,,,100153,,100168,,Exceeded,,,100094,Bench,100383,,REF-2155,105069,,,Beta,,,100532,
100195,Placement,107997,alex.sloan@examplecorp.test,Jordan Ford,2024-03-11 00:19:00,noah.garcia@examplecorp.test,Alex Nguyen,2023-12-07 04:46:00,mei.larsson@demomail.test,Chen Garcia,2023-03-13 20:15:00,,,,N,Marco Brooks,101647,Lakeside Dynamics Inc,Delta,Aisha Sato,Recruiter,2026-01-09,,Active - Placed,100192,100016,100309,Recruiting,100323,LOT-8015,4159,Standard,9761,5959,3744,Beta,Standard,100259,,Recruiter Placement,,100242,"14,534",Yes,casey.nguyen@sampleco.test,Horizon Industries LLP,,Nina Ivanov,101555,Beta,,100366,380,,,,Beta,REF-5938,SKU-2901,101146,Standard,,,,Seattle,100366,,,Other,100568,,,,,,,,,,101741,,,100269,Voluntary,100777,Y,,,,,Placement,100393,,TAG-5681,105152,,,Standard,,,100484,
100744,Placement,107998,casey.mercer@sampleco.test,Sofia Ivanov,2025-05-06 05:14:00,emerson.cohen@sampleco.test,Yara Sloan,2024-02-16 07:11:00,rowan.larsson@examplecorp.test,Chen Okafor,2026-07-07 08:40:00,,,,Y,Reese Sato,101135,Pioneer Labs Corp,Gamma,Arjun Blake,Executive Assistant,2023-04-23,,Active - Placed,,100468,100094,Software Engineering,100685,TAG-7154,7281,Beta,7924,1553,7171,Delta,Other,100272,,Executive Assistant Placement,,,"4,384",Yes,mei.sato@sampleco.test,*NONE,100302,Jordan Sloan,101065,Delta,,,,,,,Other,TAG-2067,,101347,Standard,,,,Toronto,100257,,,Gamma,100316,,,,,,,,,,101398,,,100272,,100744,Y,Met Expectations,,Alpha,100060,Placement,,,SKU-3462,106440,,,Gamma,,,100798,
100552,Placement,108001,quinn.reyes@demomail.test,Skyler Reyes,2025-09-23 10:32:00,jordan.calder@acme-fake.test,Yara Cohen,2023-04-23 22:16:00,elena.ashby@demomail.test,Marco Nguyen,2024-07-23 11:10:00,,,,N,Casey Vance,101127,Pioneer Ventures,Standard,Elena Costa,QA Engineer,2023-12-26,,Active - Placed,,100301,100484,Human Resources,,LOT-4311,8803,Standard,5717,9146,26,Other,Alpha,100679,,QA Engineer Placement,,100139,"13,578",Yes,jordan.okafor@demomail.test,*NONE,,Yara Silva,101574,Alpha,,100269,"1,749",,"1,037",,Delta,LOT-1800,,100875,Other,,Gamma,,Bengaluru,100380,,,Other,100487,,,,,,,,,,101222,,,100323,Involuntary,100323,Y,Below,,,100277,Bench,100459,,REF-5979,105142,,,Gamma,,,,
100255,Placement,108003,drew.nguyen@acme-fake.test,Mei Reyes,2024-07-26 10:58:00,jamie.nguyen@sampleco.test,Priya Ford,2025-01-13 12:43:00,liam.patel@acme-fake.test,Aisha Reyes,2023-04-14 05:57:00,,,,N,Riley Ashby,101000,Northwind Labs,,Morgan Whitfield,Recruiter,2025-07-22,,Active - Terminated,100176,100734,100255,Recruiting,100755,TAG-1185,8034,Standard,8404,8210,1375,Beta,Delta,100026,,Recruiter Placement,,,"7,997",Yes,diego.mensah@sampleco.test,Cardinal Logistics Group,100690,Morgan Ashby,101293,Delta,,100286,,,770,,Alpha,SKU-1310,REF-6371,101093,Standard,,,,London,100509,,,Standard,100538,,,,,,,,,,101623,,,100348,Involuntary,100484,N,Below,,,,Placement,,,LOT-4602,106213,,,Beta,,,,
100498,Placement,108006,yara.ford@sampleco.test,Rowan Okafor,2023-04-30 05:01:00,emerson.whitfield@sampleco.test,Skyler Nguyen,2023-02-28 14:33:00,drew.okafor@demomail.test,Casey Cohen,2024-09-15 07:21:00,,,,N,Casey Vance,101078,Northwind Retail LLP,Beta,Rahul Ivanov,Bookkeeper,2025-06-14,,Active - Placed,,100336,100083,Operations,100470,LOT-9308,4416,Beta,7040,9174,980,Alpha,Beta,100500,,Bookkeeper Placement,,100366,"2,658",No,mei.whitfield@examplecorp.test,*NONE,,Rowan Brooks,101311,Alpha,,,674,,,,Alpha,LOT-4582,REF-4313,101395,Gamma,,,,Manila,100076,,,Other,100500,,,,,,,,,,101226,,,100709,,100010,N,Met Expectations,,Other,100076,Placement,,,SKU-9450,105588,,,Other,,,,
