Entity_Type_ID,Entity_Type_Name,Entity_ID,Owned_by_SAM,Owned_by_Display_Name,Own_Datetime,Created_by_SAM,Created_by_Display_Name,Created_Datetime,Modified_by_Sam,Modified_by_Display_Name,Modified_Datetime,Assigned_to_Sam,Assigned_to_Display_Name,Assign_Datetime,Is_Active,FIRST_NAME,LAST_NAME,FULL_NAME,COMPANY,TITLE,LOCATION,ADDRESS_LINE_1,ADDRESS_LINE_2,COUNTRY,STATE,CITY,ZIP_CODE,CELL_PHONE_NUMBER,LINKED_IN,EMAIL_ADDRESS,REFERRAL_PARTNER,COMMUNITY_GROUP,CONTACT_CATEGORY,CONTACT_STATUS,CITY_EXD_OBJECT_ID,COMMUNITY_GROUP_EXD_OBJECT_ID,COMPANY_EXD_OBJECT_ID,COUNTRY_EXD_OBJECT_ID,STATE_EXD_OBJECT_ID,DIRECT_LINE,COMMITTMENT_AMOUNT,INVESTMENT_ROUND,INVESTOR_CATEGORY,INVESTOR_CATEGORY_EXD_OBJECT_ID,INVESTOR_TYPE,INVESTOR_TYPE_EXD_OBJECT_ID,DYNAMIC_TEMPLATE,DYNAMIC_TEMPLATE_EXD_OBJECT_ID,PREFERRED_NAME,BILLING_CONTACT,LEAD_SOURCE,LEAD_SOURCE_EXD_OBJECT_ID,REFERRAL_PARTNER_EXD_OBJECT_ID,PREFERRED_CONTACT_METHOD,OTHER_EMAIL,SECONDARY_EMAIL,EMAIL_DRIP_CAMPAIGN,EMAIL_DRIP_CAMPAIGN_EXD_OBJECT_ID,COMPANY_NAME,LEAD_STATUS_TYPE,LEAD_STATUS_TYPE_EXD_OBJECT_ID,MQL_DATE,BEHAVIORAL_SCORE,FIRMOGRAPHIC_SCORE,LEAD_SCORE,ACQUISITION_PROGRAM_NAME,EVENT_ATTENDANCE,EVENT_ATTENDANCE_EXD_OBJECT_ID,DO_NOT_TEXT,PREVIOUS_COMPANY_NAME,PREVIOUS_CONTACT_EMAIL_ADDRESS,UNSUBSCRIBE,SIGNED_UP_FOR_NEWSLETTER
100209,Contact,101881,drew.mensah@demomail.test,Arjun Costa,2026-07-23 19:05:00,fatima.garcia@acme-fake.test,Chen Ford,2025-10-10 14:38:00,jordan.kim@sampleco.test,Mei Mercer,2024-07-08 06:43:00,skyler.dorsey@acme-fake.test,Morgan Rossi,2024-10-29 23:12:00,Y,Sofia Mercer,Casey Whitfield,Yara Silva,TAG-4307,Support Specialist,,,,,,,,TAG-6098,REF-5661,yara.silva@acme-fake.test,,,,Active,100216,100513,100122,,100236,TAG-3311,,,,100153,,100760,Delta,100774,,,Beta,100452,,,rahul.brooks@acme-fake.test,chen.ashby@demomail.test,Quarterly Newsletter,100694,Cobalt Capital Co,Beta,100020,,,,,,,101803,,,,,Y
100685,Contact,101883,avery.blake@acme-fake.test,Emerson Cohen,2024-06-17 11:30:00,sofia.reyes@sampleco.test,Aisha Sloan,2022-11-30 03:26:00,fatima.costa@demomail.test,Elena Kim,2023-06-30 23:16:00,rahul.ivanov@acme-fake.test,Liam Costa,2024-04-28 09:17:00,Y,Liam Larsson,Noah Mensah,Liam Ford,SKU-7600,Bookkeeper,,,,Alpha,,,,,SKU-4093,liam.ford@sampleco.test,,,,Active,,,100723,100543,100251,,,,,100310,,,Other,100410,,,,,100744,,diego.costa@examplecorp.test,taylor.sato@examplecorp.test,Re-engagement,100777,,Alpha,100060,,,,0,,,101839,,,,N,
100117,Contact,101884,omar.ford@demomail.test,Morgan Nguyen,2025-07-11 11:01:00,avery.ivanov@examplecorp.test,Riley Rossi,2023-12-26 05:40:00,arjun.cohen@sampleco.test,Emerson Cohen,2024-11-17 23:20:00,skyler.mercer@demomail.test,Emerson Reyes,2024-09-24 18:18:00,Y,Rahul Silva,Avery Vance,Avery Nguyen,,QA Engineer,,,,,,,,,SKU-9444,avery.nguyen@demomail.test,,,,Active,,100424,100203,100383,100597,,,,,100259,,100104,Delta,100777,,,Standard,100538,,,liam.larsson@examplecorp.test,omar.mensah@demomail.test,Event Invite,100331,Blue Ridge Holdings Ltd,Standard,,,,,,,,101816,,,,,
100331,Contact,101885,noah.sato@demomail.test,Drew Rossi,2025-01-21 02:47:00,avery.cohen@sampleco.test,Sofia Vance,2022-12-04 20:11:00,avery.whitfield@acme-fake.test,Priya Ivanov,2025-03-04 02:28:00,taylor.ford@sampleco.test,Jordan Nguyen,2024-11-07 12:52:00,Y,Riley Costa,Fatima Dorsey,Mei Okafor,REF-8130,Bookkeeper,,,,,,,,,TAG-9395,mei.okafor@acme-fake.test,,,,Active,100216,,100014,100382,100405,,,,,100224,,100386,Standard,100336,,Y,,100393,100496,,casey.patel@demomail.test,quinn.patel@demomail.test,Product Update,100734,Copper Solutions Ltd,,100298,,,,,,,,,,,N,
100178,Contact,101886,mei.whitfield@demomail.test,Elena Ivanov,2024-02-16 02:21:00,sofia.ford@demomail.test,Rowan Okafor,2026-06-09 05:01:00,taylor.sato@examplecorp.test,Diego Cohen,2025-02-28 17:57:00,sofia.nguyen@sampleco.test,Diego Mensah,2024-10-14 17:12:00,Y,Alex Blake,Priya Nguyen,Sofia Whitfield,SKU-5370,Financial Analyst,,,,,,,,REF-8630,LOT-1394,sofia.whitfield@acme-fake.test,,,,Active,,,100770,,,,,,,,,,Alpha,100477,,,,100774,,,liam.rossi@acme-fake.test,aisha.cohen@sampleco.test,Product Update,100518,,Gamma,100189,,,,,,,101879,,,,Y,
100110,Contact,101889,skyler.costa@acme-fake.test,Arjun Nguyen,2025-06-01 21:08:00,noah.calder@acme-fake.test,Noah Ford,2023-09-19 06:34:00,morgan.silva@examplecorp.test,Priya Cohen,2024-11-18 17:12:00,nina.garcia@sampleco.test,Skyler Dorsey,2024-03-10 16:03:00,Y,Aisha Okafor,Diego Silva,Noah Vance,LOT-2672,HR Generalist,,,,,,,,TAG-2136,SKU-6528,noah.vance@sampleco.test,,,,Active,,100645,100126,100532,100395,,,,,,,,Delta,100702,,,Gamma,,100513,,liam.calder@sampleco.test,riley.larsson@demomail.test,Event Invite,100688,,,100134,,,3,,,,101866,,,,Y,
100180,Contact,101891,priya.ford@acme-fake.test,Liam Silva,2024-08-27 11:18:00,casey.ford@sampleco.test,Alex Haddad,2024-10-26 02:41:00,rowan.mercer@sampleco.test,Mei Sloan,2022-10-02 22:34:00,priya.haddad@demomail.test,Taylor Sato,2025-05-28 21:33:00,N,Nina Vance,Arjun Okafor,Diego Haddad,SKU-8649,Software Developer,,TAG-7978,,,,,,,REF-5526,diego.haddad@examplecorp.test,,,,Inactive,100625,100696,100360,100234,100142,TAG-1140,,,,,,100582,Alpha,100496,,,Beta,100344,100195,,diego.rossi@demomail.test,rowan.dorsey@sampleco.test,Quarterly Newsletter,100143,,Standard,,,,,,,,101822,,,,,
100772,Contact,101894,rahul.garcia@acme-fake.test,Rowan Mensah,2024-02-13 12:04:00,arjun.silva@demomail.test,Mei Ashby,2022-11-21 08:41:00,liam.mercer@sampleco.test,Avery Ivanov,2023-05-22 03:34:00,skyler.reyes@demomail.test,Arjun Dorsey,2023-03-14 05:57:00,Y,Casey Haddad,Rowan Vance,Marco Reyes,LOT-6734,Operations Associate,,,,,,,,,SKU-3927,marco.reyes@acme-fake.test,,,,Active,100383,,100673,100190,100658,,,,,100722,,100094,Gamma,100132,,,Gamma,,100702,,omar.patel@demomail.test,elena.nguyen@acme-fake.test,Product Update,100298,Northwind Dynamics Co,,,,,,,,,,,,,,
100654,Contact,101897,omar.vance@examplecorp.test,Fatima Ashby,2025-01-28 23:35:00,chen.whitfield@acme-fake.test,Casey Okafor,2024-07-18 10:51:00,drew.kim@acme-fake.test,Avery Silva,2023-02-27 23:16:00,marco.haddad@examplecorp.test,Jordan Sloan,2024-11-14 12:09:00,Y,Diego Okafor,Alex Ford,Riley Brooks,REF-5578,Bookkeeper,,,,,,,,,LOT-8576,riley.brooks@sampleco.test,,,,Active,100156,,100625,,100136,,,,,,,,Delta,100267,,,,,100080,,priya.whitfield@sampleco.test,reese.ford@acme-fake.test,Product Update,100107,Atlas Textiles Co,Delta,100049,,,,,,,101879,,,,Y,
100492,Contact,101899,omar.cohen@acme-fake.test,Priya Cohen,2025-10-31 14:46:00,marco.haddad@acme-fake.test,Emerson Silva,2023-11-11 02:25:00,morgan.ivanov@demomail.test,Chen Sloan,2025-11-30 13:55:00,emerson.rossi@examplecorp.test,Aisha Nguyen,2025-01-11 06:54:00,Y,Mei Ashby,Yara Costa,Rowan Haddad,LOT-9407,Payroll Specialist,,,,,,SKU-1636,,REF-1680,SKU-1275,rowan.haddad@demomail.test,,,,Active,100212,100497,100336,100025,100148,,,,,,,,Gamma,100408,,,,100272,100641,,quinn.nguyen@sampleco.test,chen.costa@examplecorp.test,Product Update,100722,,,,,,,,,,101821,,,,,
100597,Contact,101902,morgan.ashby@demomail.test,Jordan Haddad,2023-06-30 01:18:00,quinn.patel@demomail.test,Mei Cohen,2023-01-19 16:59:00,fatima.mensah@sampleco.test,Skyler Calder,2024-08-22 11:02:00,jamie.ivanov@sampleco.test,Rowan Kim,2023-01-19 03:29:00,Y,Taylor Silva,Sofia Costa,Arjun Blake,REF-5060,Recruiter,,,,,,,,,TAG-4037,arjun.blake@acme-fake.test,,,,Active,100641,100003,100664,100340,100323,,,,,100017,,,Gamma,100615,,,,100449,,,aisha.sato@demomail.test,fatima.whitfield@demomail.test,Re-engagement,100305,Granite Textiles LLP,,,,,,,,,101822,,,,N,
100702,Contact,101903,chen.ivanov@sampleco.test,Noah Calder,2023-06-18 18:28:00,casey.brooks@acme-fake.test,Drew Ashby,2025-05-21 19:48:00,nina.garcia@acme-fake.test,Jordan Patel,2025-03-29 14:11:00,reese.blake@acme-fake.test,Rowan Patel,2023-07-16 15:14:00,Y,Elena Larsson,Omar Vance,Avery Haddad,SKU-5231,Financial Analyst,,,,,,LOT-9205,,,REF-1161,avery.haddad@acme-fake.test,,,,Active,100498,,100377,,100676,,,,,,,100308,Gamma,100111,,,Standard,100382,,,skyler.reyes@examplecorp.test,omar.garcia@sampleco.test,Product Update,100029,,Beta,100176,,,,,,,101871,,,,,
100282,Contact,101906,riley.calder@demomail.test,Marco Larsson,2024-03-01 18:23:00,emerson.nguyen@sampleco.test,Yara Mensah,2025-04-30 16:34:00,skyler.sloan@examplecorp.test,Fatima Nguyen,2026-05-15 08:44:00,marco.mensah@acme-fake.test,Sofia Mercer,2022-10-20 14:20:00,Y,Diego Costa,Reese Blake,Elena Silva,REF-2569,QA Engineer,,,,Other,,,,SKU-3964,SKU-6575,elena.silva@acme-fake.test,,,,Active,,100049,100497,100066,100632,,,,,100104,,100759,Delta,100037,,Y,Gamma,,,,yara.patel@examplecorp.test,drew.sloan@sampleco.test,Quarterly Newsletter,100437,Blue Ridge Logistics Group,,,,,,,,,101796,,,,,
100359,Contact,101908,elena.costa@sampleco.test,Quinn Vance,2025-02-10 23:24:00,nina.dorsey@sampleco.test,Rowan Ford,2024-12-21 17:55:00,jamie.calder@acme-fake.test,Elena Kim,2024-04-09 06:33:00,chen.rossi@examplecorp.test,Taylor Nguyen,2026-07-30 09:34:00,Y,Avery Sloan,Mei Vance,Mei Brooks,REF-4867,Support Specialist,,,,,,,,,LOT-9290,mei.brooks@examplecorp.test,,,,Active,100546,100772,100673,,,,,,,100012,,,Other,100010,,,Alpha,100012,,,rahul.larsson@sampleco.test,mei.larsson@sampleco.test,Renewal Nudge,100182,,Alpha,100497,,10,,,,,101836,,,,,
100520,Contact,101911,reese.ivanov@demomail.test,Diego Blake,2024-05-30 03:15:00,diego.patel@acme-fake.test,Reese Ashby,2026-05-03 21:22:00,emerson.garcia@sampleco.test,Elena Mercer,2025-06-22 10:35:00,alex.larsson@acme-fake.test,Rahul Ivanov,2025-05-06 17:55:00,Y,Alex Ashby,Priya Kim,Skyler Ford,SKU-6757,Accountant,,,,,,,,,TAG-3357,skyler.ford@acme-fake.test,,,,Active,100389,100212,100622,,100129,REF-5901,,,,100688,,100765,Other,100393,,,Other,100637,100056,,emerson.costa@examplecorp.test,alex.vance@acme-fake.test,Renewal Nudge,100598,Silverline Retail,Alpha,,,,,2,,,101800,,,,,
100509,Contact,101912,avery.brooks@acme-fake.test,Aisha Garcia,2024-03-03 02:25:00,yara.larsson@sampleco.test,Alex Vance,2023-04-03 14:35:00,avery.patel@demomail.test,Sofia Mensah,2025-06-03 12:37:00,rahul.dorsey@examplecorp.test,Diego Nguyen,2025-02-12 17:37:00,Y,Skyler Brooks,Noah Mercer,Riley Okafor,SKU-3528,Executive Assistant,,TAG-9008,,,,,,,LOT-8762,riley.okafor@sampleco.test,,,,Active,100091,,100485,,,,,,,,,100123,Delta,100559,,,,,100089,,riley.reyes@acme-fake.test,avery.cohen@acme-fake.test,Quarterly Newsletter,100758,Silverline Partners Group,Other,,,,,,,,101790,,,,N,
100371,Contact,101913,sofia.garcia@demomail.test,Nina Whitfield,2023-04-30 21:14:00,diego.blake@acme-fake.test,Reese Sato,2024-10-12 00:58:00,mei.rossi@sampleco.test,Omar Ford,2026-03-12 21:22:00,diego.ford@acme-fake.test,Marco Brooks,2026-02-14 21:02:00,Y,Marco Calder,Drew Vance,Avery Vance,TAG-5185,Support Specialist,,,,,,,,LOT-3313,REF-4956,avery.vance@examplecorp.test,,,,Active,,100464,100588,100076,100298,,,,,100684,,100269,Standard,100447,,,Gamma,,,,avery.nguyen@demomail.test,taylor.kim@acme-fake.test,Event Invite,100625,Falcon Retail,Standard,,,,9,,,,101803,,,,,
100457,Contact,101914,casey.cohen@acme-fake.test,Jamie Rossi,2026-05-16 06:06:00,emerson.okafor@examplecorp.test,Chen Larsson,2025-12-25 19:52:00,mei.sato@examplecorp.test,Diego Blake,2024-12-15 16:53:00,priya.whitfield@acme-fake.test,Yara Silva,2023-12-09 12:54:00,Y,Casey Ashby,Reese Vance,Yara Kim,LOT-7459,HR Generalist,,,,,Beta,,,REF-3932,REF-7818,yara.kim@demomail.test,,,,Active,,100185,100051,,100654,,,,,,,,Other,100763,,,,,100195,,elena.nguyen@demomail.test,omar.vance@sampleco.test,Re-engagement,100301,,Alpha,100532,,2,,1,,,101804,,,,N,
100421,Contact,101915,noah.okafor@sampleco.test,Morgan Dorsey,2023-01-08 05:57:00,rahul.cohen@acme-fake.test,Morgan Blake,2024-05-15 18:03:00,fatima.mercer@examplecorp.test,Aisha Haddad,2023-02-06 20:09:00,priya.ashby@demomail.test,Rahul Vance,2025-02-19 00:37:00,N,Quinn Cohen,Liam Vance,Mei Costa,TAG-7469,Financial Analyst,,,,,,,,,REF-7135,mei.costa@acme-fake.test,,,,Inactive,100285,,100083,100667,,,,,,100538,,100408,Beta,100786,,,,100494,100374,,priya.mensah@sampleco.test,jamie.ivanov@sampleco.test,Renewal Nudge,100403,,Alpha,100400,,,,,,,101796,,,,Y,
100645,Contact,101917,jordan.blake@demomail.test,Casey Brooks,2023-01-10 01:02:00,reese.mercer@sampleco.test,Aisha Calder,2023-01-13 22:34:00,elena.sato@acme-fake.test,Morgan Cohen,2024-07-28 20:14:00,skyler.cohen@examplecorp.test,Omar Sloan,2026-06-24 06:36:00,Y,Rowan Calder,Nina Larsson,Reese Sato,TAG-7572,HR Generalist,,,,,,,,SKU-7187,REF-9866,reese.sato@examplecorp.test,,,,Active,100652,,100220,,100712,,,,,100015,,,Standard,100374,,,,100192,,,jamie.nguyen@sampleco.test,noah.cohen@demomail.test,Renewal Nudge,100305,Blue Ridge Textiles Co,Beta,,,,,,,,,N,,,,
100484,Contact,101919,omar.mercer@examplecorp.test,Casey Larsson,2024-01-11 02:02:00,arjun.silva@acme-fake.test,Jordan Garcia,2023-06-10 15:12:00,nina.cohen@examplecorp.test,Yara Okafor,2024-12-25 01:34:00,mei.silva@demomail.test,Marco Mensah,2023-03-22 13:11:00,N,Alex Larsson,Marco Reyes,Mei Garcia,LOT-2478,Financial Analyst,,,,,,,,SKU-8821,TAG-2639,mei.garcia@acme-fake.test,,,,Inactive,100012,100267,100239,100316,100571,,,,,,,,Alpha,100212,,,Alpha,,,,omar.patel@sampleco.test,rahul.sato@sampleco.test,Product Update,100094,Horizon Retail Co,Alpha,100371,,,,,,,101854,,,,N,
100129,Contact,101920,arjun.mercer@acme-fake.test,Jordan Patel,2024-09-09 11:06:00,quinn.rossi@examplecorp.test,Chen Mensah,2026-02-15 17:14:00,drew.ivanov@examplecorp.test,Priya Nguyen,2022-11-15 10:38:00,chen.sloan@examplecorp.test,Skyler Mensah,2024-12-19 06:57:00,Y,Avery Kim,Omar Dorsey,Jordan Cohen,TAG-1002,Bookkeeper,,,,,,,,,LOT-4887,jordan.cohen@acme-fake.test,,,,Active,,100293,100551,,100234,,,,,,,100487,Delta,100688,,,Alpha,100176,,,noah.mensah@demomail.test,reese.nguyen@acme-fake.test,Product Update,100103,Falcon Energy LLC,,,,,,,,,101871,,,,,Y
100151,Contact,101921,arjun.ford@examplecorp.test,Chen Brooks,2023-02-26 17:31:00,nina.brooks@examplecorp.test,Riley Kim,2024-03-27 17:16:00,jamie.calder@sampleco.test,Sofia Costa,2024-09-10 14:01:00,taylor.haddad@examplecorp.test,Elena Ford,2023-12-31 04:44:00,Y,Diego Cohen,Quinn Ashby,Mei Patel,LOT-8299,HR Generalist,,,,,,,,,TAG-9358,mei.patel@examplecorp.test,,,,Active,100513,,100356,100518,100395,,,,,100434,,,Standard,100591,,,,,100582,,aisha.garcia@examplecorp.test,reese.cohen@sampleco.test,Event Invite,100615,,Delta,100020,,,,,,,101838,,,,Y,
100128,Contact,101924,nina.ivanov@acme-fake.test,Liam Okafor,2024-10-08 18:33:00,reese.garcia@examplecorp.test,Liam Brooks,2023-09-02 07:05:00,skyler.cohen@sampleco.test,Morgan Patel,2026-01-26 09:15:00,riley.garcia@examplecorp.test,Elena Silva,2026-03-01 16:34:00,Y,Rowan Nguyen,Taylor Nguyen,Rahul Cohen,REF-2473,Payroll Specialist,,TAG-2476,,,,,,LOT-9326,LOT-8736,rahul.cohen@demomail.test,,,,Active,100313,100597,100389,,100429,,,,,,,100046,Gamma,100115,,,Other,100370,100049,,alex.okafor@demomail.test,fatima.vance@sampleco.test,Quarterly Newsletter,100712,,Alpha,,,,0,,,,101818,,,,,
100487,Contact,101927,diego.mercer@sampleco.test,Quinn Ashby,2025-01-04 22:58:00,rowan.calder@sampleco.test,Rahul Okafor,2025-02-24 10:24:00,chen.reyes@sampleco.test,Nina Kim,2022-11-15 11:42:00,casey.sloan@examplecorp.test,Skyler Garcia,2022-10-09 22:25:00,Y,Sofia Ivanov,Alex Okafor,Taylor Garcia,SKU-2732,Customer Success Manager,,,,,,,,REF-4745,LOT-2937,taylor.garcia@sampleco.test,,,,Active,,100003,100634,,100767,,,,,100527,,,Beta,100673,,,Alpha,100496,,,avery.mercer@acme-fake.test,jordan.patel@acme-fake.test,Re-engagement,100344,,Delta,,,,,,,,101879,,,,,
100165,Contact,101928,marco.brooks@acme-fake.test,Nina Sato,2025-04-23 23:14:00,riley.costa@sampleco.test,Omar Brooks,2023-10-26 03:02:00,chen.sloan@sampleco.test,Avery Kim,2022-12-03 05:56:00,aisha.silva@sampleco.test,Noah Garcia,2024-03-03 17:16:00,Y,Aisha Okafor,Yara Rossi,Nina Okafor,LOT-4577,Support Specialist,,,,Alpha,,,,,SKU-4248,nina.okafor@sampleco.test,,,,Active,,100767,100255,100607,,,,,,100656,,100709,Delta,100796,,N,Gamma,100468,,,morgan.haddad@acme-fake.test,mei.mensah@sampleco.test,Quarterly Newsletter,100645,,Standard,100094,,,,7,,,,,,,N,
100625,Contact,101931,yara.brooks@sampleco.test,Drew Brooks,2025-09-18 08:29:00,mei.mercer@acme-fake.test,Alex Brooks,2025-11-28 19:21:00,casey.brooks@sampleco.test,Emerson Brooks,2024-03-27 00:30:00,quinn.cohen@examplecorp.test,Omar Rossi,2023-09-10 22:30:00,N,Reese Sato,Marco Patel,Mei Sato,LOT-5546,Support Specialist,,,,,,,,,SKU-7692,mei.sato@demomail.test,,,,Inactive,100169,100046,100765,,,SKU-9574,,,,100694,,,Delta,100688,,,,100486,100044,,reese.calder@sampleco.test,mei.nguyen@demomail.test,Quarterly Newsletter,100615,Copper Dynamics Ltd,Other,,,,,,,,101859,,,,Y,
100624,Contact,101932,fatima.ivanov@demomail.test,Liam Garcia,2024-08-21 21:47:00,mei.whitfield@demomail.test,Chen Silva,2024-06-06 07:52:00,taylor.blake@demomail.test,Priya Nguyen,2024-05-21 07:11:00,rowan.haddad@sampleco.test,Drew Garcia,2025-06-01 07:27:00,N,Skyler Ivanov,Avery Silva,Omar Sloan,LOT-7286,Executive Assistant,,,,,,,8404,,SKU-3709,omar.sloan@acme-fake.test,,,,Inactive,100494,,100607,100638,100376,,,,,,,100494,Delta,100185,,,Other,,,,noah.blake@examplecorp.test,jamie.cohen@examplecorp.test,Quarterly Newsletter,100168,Delta Partners LLP,,,,,,,,,,,,,N,
100452,Contact,101935,aisha.costa@acme-fake.test,Aisha Mensah,2024-06-21 10:11:00,quinn.ford@examplecorp.test,Mei Patel,2025-10-16 10:11:00,yara.costa@acme-fake.test,Omar Rossi,2023-02-17 16:21:00,chen.ivanov@acme-fake.test,Drew Whitfield,2025-02-03 12:41:00,N,Arjun Nguyen,Fatima Haddad,Priya Kim,REF-2912,Data Analyst,,,,,,,,,TAG-8962,priya.kim@demomail.test,,,,Inactive,100051,100492,100449,,,,,,,100656,,,Alpha,100353,,,,100029,100223,,jordan.vance@demomail.test,arjun.calder@acme-fake.test,Quarterly Newsletter,100649,,,,,,,,,,,,,,Y,
100158,Contact,101938,rowan.rossi@demomail.test,Taylor Blake,2025-08-03 15:18:00,drew.nguyen@acme-fake.test,Avery Nguyen,2025-12-27 23:16:00,fatima.mensah@sampleco.test,Marco Nguyen,2026-06-25 11:59:00,alex.rossi@demomail.test,Quinn Blake,2022-11-01 14:07:00,N,Jamie Larsson,Aisha Garcia,Skyler Mercer,TAG-8490,Marketing Coordinator,,,,,,,,LOT-4730,TAG-5947,skyler.mercer@acme-fake.test,,,,Inactive,,,100003,,,REF-6339,,,,,,,Beta,100340,,,,100351,,,arjun.cohen@examplecorp.test,sofia.brooks@demomail.test,Product Update,100319,,Delta,100146,,,,,,,,,,,,
100298,Contact,101939,jordan.ivanov@sampleco.test,Rahul Okafor,2026-03-31 07:47:00,drew.calder@examplecorp.test,Mei Rossi,2024-12-23 15:55:00,taylor.sato@acme-fake.test,Mei Calder,2023-06-23 15:21:00,sofia.kim@acme-fake.test,Aisha Brooks,2023-08-16 19:03:00,N,Reese Ford,Reese Nguyen,Omar Dorsey,REF-2535,Bookkeeper,,,,,,,,,SKU-5123,omar.dorsey@examplecorp.test,,,,Inactive,,,100434,100388,100185,,,,,,,,Standard,100702,,,Gamma,100469,100277,,emerson.brooks@sampleco.test,marco.mercer@examplecorp.test,Event Invite,100336,,Gamma,100413,,,,,,,101797,,,,Y,
100132,Contact,101942,sofia.dorsey@demomail.test,Jordan Okafor,2026-05-20 23:45:00,jamie.sloan@acme-fake.test,Diego Ford,2024-07-02 13:07:00,jamie.costa@demomail.test,Nina Blake,2025-09-17 08:24:00,nina.vance@examplecorp.test,Reese Nguyen,2025-08-15 15:18:00,Y,Liam Haddad,Liam Sloan,Liam Cohen,REF-1686,Recruiter,,SKU-2140,,,,,,LOT-5808,REF-8945,liam.cohen@examplecorp.test,,,,Active,100690,100637,100275,,100080,,,,,100683,,,Delta,100473,,,Delta,,100203,,elena.sato@examplecorp.test,diego.ford@acme-fake.test,Re-engagement,100434,,,100563,,,,,,,101785,,,,N,
100185,Contact,101943,rowan.sato@examplecorp.test,Diego Ivanov,2022-11-19 18:15:00,quinn.mercer@examplecorp.test,Alex Larsson,2023-12-21 15:46:00,taylor.ivanov@examplecorp.test,Omar Haddad,2025-03-11 13:40:00,reese.vance@demomail.test,Quinn Silva,2024-05-26 09:11:00,Y,Reese Okafor,Elena Calder,Alex Whitfield,SKU-3460,Recruiter,,,,,,,,,LOT-1884,alex.whitfield@demomail.test,,,,Active,,100753,100558,,,,,,,100298,,100186,Standard,100690,,,Delta,100683,100339,,chen.okafor@demomail.test,taylor.ford@sampleco.test,Product Update,100169,Vertex Retail Ltd,Other,100788,,,,,,,,,,,Y,
100094,Contact,101944,reese.reyes@acme-fake.test,Diego Ivanov,2024-05-24 13:34:00,sofia.nguyen@acme-fake.test,Fatima Mensah,2026-03-19 06:30:00,avery.whitfield@demomail.test,Elena Ashby,2025-09-30 10:42:00,liam.whitfield@acme-fake.test,Drew Mensah,2025-01-11 12:45:00,N,Marco Whitfield,Fatima Haddad,Avery Larsson,LOT-5188,Software Developer,,,,,,,,TAG-9125,LOT-3542,avery.larsson@acme-fake.test,,,,Inactive,,,100107,,,TAG-2370,,,,,,,Delta,100735,,,Gamma,100496,,,aisha.ivanov@demomail.test,mei.patel@examplecorp.test,Event Invite,100622,,,,,,,,,,101795,,,,,
100158,Contact,101945,priya.ashby@sampleco.test,Marco Dorsey,2025-07-07 02:50:00,fatima.sato@examplecorp.test,Elena Haddad,2025-12-27 18:27:00,drew.kim@demomail.test,Noah Rossi,2023-07-06 02:30:00,rahul.silva@examplecorp.test,Rowan Silva,2024-04-05 12:32:00,Y,Omar Costa,Chen Mensah,Morgan Blake,REF-9806,Executive Assistant,,,,,,,,SKU-5995,REF-7759,morgan.blake@sampleco.test,,,,Active,,100103,100310,100513,100482,,,,,100189,,100005,Beta,100513,,,,100782,,,marco.mercer@examplecorp.test,skyler.haddad@examplecorp.test,Event Invite,100667,Meridian Logistics Group,,100552,,,,,,,101867,N,,,Y,
100632,Contact,101948,quinn.silva@acme-fake.test,Jamie Vance,2023-03-15 13:02:00,sofia.calder@examplecorp.test,Quinn Silva,2024-02-13 22:58:00,diego.larsson@demomail.test,Elena Blake,2025-12-03 04:24:00,chen.vance@sampleco.test,Morgan Vance,2026-06-16 14:40:00,Y,Fatima Ivanov,Diego Haddad,Jordan Sloan,REF-3576,Financial Analyst,,,,,,,,,TAG-4166,jordan.sloan@sampleco.test,,,,Active,100182,,100481,,,,,,,,,,Delta,100573,,,Beta,,,,rowan.cohen@sampleco.test,sofia.cohen@acme-fake.test,Product Update,100120,Beacon Dynamics Inc,,,,,,,,,101834,,,,,
100782,Contact,101949,yara.costa@examplecorp.test,Rahul Ashby,2025-02-24 23:12:00,noah.blake@examplecorp.test,Elena Costa,2026-04-16 19:05:00,reese.ashby@sampleco.test,Marco Sato,2024-11-13 14:53:00,nina.larsson@sampleco.test,Avery Okafor,2023-10-01 18:19:00,Y,Quinn Vance,Mei Calder,Rahul Larsson,REF-7884,Support Specialist,,,,,,,,,LOT-6773,rahul.larsson@demomail.test,,,,Active,,,100772,,100445,,,,,100403,,100360,Other,100224,,,Other,100136,100723,,chen.silva@acme-fake.test,rowan.vance@examplecorp.test,Product Update,100426,,Other,,,,,,,,,,,,,
100627,Contact,101951,marco.ford@acme-fake.test,Reese Okafor,2025-01-20 04:33:00,alex.nguyen@sampleco.test,Chen Kim,2024-08-09 21:41:00,jordan.ashby@demomail.test,Quinn Larsson,2026-05-12 02:27:00,liam.blake@examplecorp.test,Rahul Kim,2023-03-28 03:20:00,N,Emerson Ivanov,Diego Reyes,Emerson Sato,LOT-1824,QA Engineer,,,,,,,,,SKU-9794,emerson.sato@sampleco.test,,,,Inactive,,100333,100239,,,,,,,100692,,100122,Delta,100062,,,Beta,,,,arjun.reyes@sampleco.test,yara.larsson@examplecorp.test,Re-engagement,100026,Pioneer Media LLC,Beta,100418,,,,2,,,101862,,,,N,
100319,Contact,101952,jamie.reyes@examplecorp.test,Jordan Garcia,2023-11-29 15:48:00,riley.haddad@demomail.test,Morgan Ford,2026-07-04 05:12:00,noah.ivanov@demomail.test,Alex Ashby,2024-01-30 11:29:00,drew.silva@examplecorp.test,Aisha Garcia,2026-02-15 03:44:00,Y,Arjun Okafor,Mei Whitfield,Morgan Costa,TAG-1408,Customer Success Manager,,,,,,,,TAG-6100,LOT-8063,morgan.costa@acme-fake.test,,,,Active,100177,100607,100405,,100062,SKU-7531,,,,100573,,100681,Gamma,100546,,,Gamma,,100735,,jamie.costa@demomail.test,diego.reyes@sampleco.test,Event Invite,100115,Ironwood Dynamics LLP,Standard,,,,,3,,,,N,,,N,
100413,Contact,101953,chen.ivanov@acme-fake.test,Quinn Nguyen,2024-09-11 01:42:00,riley.kim@acme-fake.test,Riley Okafor,2026-05-13 09:57:00,casey.ford@sampleco.test,Avery Vance,2023-01-17 05:45:00,jordan.haddad@sampleco.test,Riley Silva,2023-03-11 03:14:00,Y,Avery Okafor,Skyler Costa,Rowan Sloan,SKU-3455,Software Developer,,,,,,,,,TAG-8916,rowan.sloan@examplecorp.test,,,,Active,100280,,100464,,,,,,,100437,,100792,Gamma,100694,,,Standard,100424,,,fatima.ford@examplecorp.test,fatima.dorsey@acme-fake.test,Event Invite,100531,Granite Retail LLC,Other,,,,,,,,,,,,Y,
100275,Contact,101954,yara.mensah@demomail.test,Yara Ashby,2024-04-25 05:27:00,chen.reyes@examplecorp.test,Marco Patel,2025-02-01 22:18:00,priya.larsson@sampleco.test,Elena Nguyen,2025-02-17 01:41:00,morgan.garcia@demomail.test,Jordan Silva,2024-03-07 23:28:00,Y,Chen Garcia,Casey Cohen,Taylor Kim,TAG-6754,Support Specialist,,,,,,,,TAG-4717,REF-7886,taylor.kim@demomail.test,,,,Active,,,100492,,,SKU-4564,,,,,,100497,Gamma,100331,,,Gamma,,,,diego.brooks@acme-fake.test,jamie.cohen@acme-fake.test,Product Update,100426,,,100676,,,,,,,,,,,,
100522,Contact,101956,priya.larsson@sampleco.test,Noah Dorsey,2025-06-17 02:34:00,yara.calder@acme-fake.test,Avery Larsson,2024-09-18 05:23:00,marco.ivanov@demomail.test,Jordan Ashby,2024-09-25 09:06:00,jordan.sato@demomail.test,Jamie Reyes,2024-05-12 22:52:00,Y,Avery Mensah,Omar Ashby,Avery Haddad,LOT-2157,HR Generalist,,,,,,,,,LOT-3905,avery.haddad@sampleco.test,,,,Active,,,100151,,,,,,,100551,,100627,Beta,100128,,,,100509,,,liam.blake@demomail.test,avery.brooks@examplecorp.test,Event Invite,100322,Redwood Manufacturing Co,,100555,,,,2,,,,N,,,Y,
100136,Contact,101958,omar.okafor@sampleco.test,Marco Reyes,2022-10-30 16:21:00,jordan.kim@examplecorp.test,Marco Reyes,2025-04-26 21:22:00,drew.mensah@examplecorp.test,Yara Vance,2026-06-17 00:49:00,arjun.rossi@examplecorp.test,Omar Sloan,2023-06-14 21:27:00,N,Diego Larsson,Yara Costa,Jordan Rossi,,Payroll Specialist,,,,,,,,SKU-3163,REF-4704,jordan.rossi@acme-fake.test,,,,Inactive,100554,,100482,,100148,TAG-5152,,,,100377,,100185,Beta,100699,,,Alpha,,,,arjun.mercer@examplecorp.test,rahul.ashby@demomail.test,Renewal Nudge,100753,,,,,,,,,,,,,,,
100726,Contact,101961,elena.whitfield@examplecorp.test,Taylor Sloan,2024-03-13 10:59:00,jamie.calder@examplecorp.test,Alex Calder,2026-01-14 18:20:00,morgan.kim@demomail.test,Rowan Garcia,2025-02-01 03:27:00,omar.garcia@sampleco.test,Emerson Silva,2024-02-13 18:03:00,Y,Omar Cohen,Riley Ashby,Casey Costa,LOT-8214,HR Generalist,,,,,,,,LOT-8010,REF-6014,casey.costa@examplecorp.test,,,,Active,,,100161,100746,100417,,,,,,,100767,Standard,100538,,,Delta,,,,omar.blake@sampleco.test,rowan.haddad@acme-fake.test,Product Update,100568,,,100323,,,,,,,101822,,,,Y,
100736,Contact,101964,chen.costa@sampleco.test,Marco Ford,2025-04-12 17:46:00,taylor.silva@sampleco.test,Arjun Ashby,2023-03-11 22:48:00,jordan.rossi@examplecorp.test,Rahul Vance,2023-11-17 03:30:00,rahul.ashby@examplecorp.test,Yara Larsson,2025-09-04 05:42:00,Y,Elena Reyes,Arjun Rossi,Casey Sato,SKU-4472,Operations Associate,,LOT-2604,,,,,5663,,REF-4750,casey.sato@examplecorp.test,,,,Active,100588,100421,100690,,100091,,,,,100782,,,Delta,100617,,,Delta,,,,morgan.ivanov@demomail.test,taylor.cohen@acme-fake.test,Product Update,100597,Summit Labs Co,Gamma,100498,,,,,,,101849,,,,Y,
100374,Contact,101965,jordan.blake@examplecorp.test,Emerson Larsson,2024-03-28 07:40:00,rahul.dorsey@sampleco.test,Quinn Haddad,2024-03-19 15:07:00,priya.dorsey@sampleco.test,Jamie Kim,2025-04-09 21:13:00,elena.sloan@sampleco.test,Sofia Brooks,2023-03-08 14:37:00,N,Nina Ford,Omar Reyes,Riley Brooks,REF-2009,QA Engineer,,REF-7833,,,,,5706,,LOT-3553,riley.brooks@demomail.test,,,,Inactive,,100694,100255,100053,,,,,,100664,,100254,Other,100554,,,Delta,100474,,,rowan.calder@examplecorp.test,reese.kim@sampleco.test,Quarterly Newsletter,100308,,Other,,,,,,,,101795,,,,Y,
100345,Contact,101967,quinn.larsson@demomail.test,Quinn Reyes,2025-07-24 09:40:00,mei.reyes@acme-fake.test,Aisha Cohen,2024-12-13 13:54:00,nina.ashby@demomail.test,Casey Whitfield,2025-03-24 04:29:00,priya.calder@examplecorp.test,Morgan Patel,2025-09-29 05:44:00,Y,Fatima Kim,Mei Costa,Quinn Calder,LOT-5311,Financial Analyst,,,,,,,,LOT-9852,REF-3785,quinn.calder@acme-fake.test,,,,Active,,,100020,100481,100277,,,,,100622,,100400,Delta,100386,,,Beta,,100126,,jordan.patel@demomail.test,sofia.patel@examplecorp.test,Product Update,100342,,,,,,,,,,101873,,,,N,
100531,Contact,101968,riley.patel@examplecorp.test,Arjun Reyes,2024-10-13 20:34:00,alex.brooks@examplecorp.test,Skyler Calder,2023-10-22 20:13:00,jordan.cohen@demomail.test,Nina Larsson,2025-01-23 17:00:00,skyler.cohen@demomail.test,Elena Haddad,2024-07-02 03:30:00,Y,Liam Costa,Quinn Okafor,Drew Cohen,LOT-5700,Financial Analyst,,,,,,,,,LOT-1777,drew.cohen@acme-fake.test,,,,Active,100656,100103,100408,100010,100565,,,,,,,100591,Standard,100031,,Y,Alpha,100613,100336,,chen.vance@sampleco.test,omar.mercer@acme-fake.test,Event Invite,100746,Delta Financial LLP,Alpha,,,,,,,,101808,,,,N,
100613,Contact,101969,yara.calder@examplecorp.test,Emerson Sloan,2025-07-24 22:41:00,priya.costa@examplecorp.test,Nina Ford,2022-10-26 19:54:00,aisha.nguyen@acme-fake.test,Elena Costa,2025-02-11 16:05:00,priya.kim@sampleco.test,Liam Sato,2023-02-14 09:26:00,Y,Emerson Reyes,Jamie Patel,Reese Mensah,SKU-6317,Data Analyst,,,,,,TAG-1961,,SKU-5425,REF-7638,reese.mensah@sampleco.test,,,,Active,100063,,100197,,,,,,,100331,,,Standard,100058,,,Other,100588,,,elena.cohen@demomail.test,rahul.cohen@demomail.test,Product Update,100622,Falcon Energy Corp,Standard,100213,,,,,,,,,,,N,
100334,Contact,101970,taylor.haddad@sampleco.test,Priya Whitfield,2025-02-16 21:19:00,taylor.calder@demomail.test,Quinn Garcia,2026-02-21 04:17:00,avery.costa@acme-fake.test,Diego Calder,2025-03-16 08:25:00,arjun.ashby@acme-fake.test,Elena Ford,2023-09-10 01:05:00,Y,Fatima Nguyen,Skyler Blake,Liam Ford,TAG-1669,Executive Assistant,,,,,,,,LOT-7646,LOT-2284,liam.ford@sampleco.test,,,,Active,,100267,100348,100603,100352,,,,,,,100457,Delta,100604,,,Alpha,100715,,,priya.calder@sampleco.test,casey.sato@demomail.test,Quarterly Newsletter,100750,Pioneer Manufacturing Corp,,100649,,,,,,,101790,,,,,N
100729,Contact,101971,taylor.larsson@acme-fake.test,Sofia Okafor,2024-01-01 16:27:00,diego.mercer@sampleco.test,Fatima Cohen,2024-03-01 04:59:00,sofia.ivanov@acme-fake.test,Nina Kim,2023-02-24 11:23:00,taylor.blake@examplecorp.test,Marco Blake,2024-05-03 03:51:00,Y,Emerson Nguyen,Omar Nguyen,Arjun Ford,SKU-5786,Recruiter,,,,Standard,,,,,REF-6348,arjun.ford@examplecorp.test,,,,Active,,,100241,,100462,,,,,100168,,100229,Beta,100291,,,Alpha,100262,100234,,skyler.brooks@acme-fake.test,emerson.whitfield@sampleco.test,Product Update,100353,,,,,1,,,,,101797,,,,,
100009,Contact,101973,priya.brooks@acme-fake.test,Elena Garcia,2024-11-05 11:47:00,sofia.calder@acme-fake.test,Riley Ivanov,2025-07-06 21:34:00,omar.haddad@demomail.test,Noah Silva,2023-11-07 09:47:00,omar.blake@examplecorp.test,Taylor Calder,2024-02-22 10:56:00,Y,Rowan Rossi,Skyler Brooks,Quinn Cohen,LOT-3259,Financial Analyst,,,,,,,,TAG-3211,TAG-4615,quinn.cohen@demomail.test,,,,Active,100386,100060,100717,100717,100603,,,,,100206,,100395,Beta,100169,,,Standard,100313,,,arjun.patel@sampleco.test,elena.ford@acme-fake.test,Renewal Nudge,100215,Horizon Financial,Beta,100459,,,,,,,101850,,,,N,
100316,Contact,101976,priya.ashby@sampleco.test,Omar Ivanov,2023-07-12 13:40:00,sofia.dorsey@sampleco.test,Aisha Silva,2024-04-27 04:27:00,mei.silva@examplecorp.test,Omar Ivanov,2023-06-22 19:55:00,aisha.patel@sampleco.test,Arjun Whitfield,2023-06-07 19:07:00,N,Fatima Reyes,Aisha Nguyen,Jordan Okafor,SKU-5316,Bookkeeper,,,,,,,,,LOT-5524,jordan.okafor@demomail.test,,,,Inactive,100624,100044,100457,,100336,,,,,100240,,,Gamma,100474,,N,Delta,,100351,,emerson.haddad@examplecorp.test,aisha.larsson@examplecorp.test,Quarterly Newsletter,100729,Redwood Textiles Corp,,,,,,,,,,,,,,N
100305,Contact,101979,yara.brooks@examplecorp.test,Diego Kim,2023-03-20 12:51:00,morgan.larsson@acme-fake.test,Omar Larsson,2023-04-21 14:36:00,avery.mercer@acme-fake.test,Omar Vance,2024-06-11 19:17:00,elena.blake@demomail.test,Riley Garcia,2024-05-24 23:13:00,Y,Morgan Rossi,Casey Nguyen,Skyler Vance,TAG-8667,Financial Analyst,,,,,,,5278,TAG-7615,SKU-1268,skyler.vance@acme-fake.test,,,,Active,100126,100192,100062,100704,100688,,,,,100370,,100546,Standard,100426,,,Gamma,100119,100380,,nina.calder@acme-fake.test,jordan.vance@demomail.test,Re-engagement,100517,,Alpha,100223,,,,,,,,,,,,
100165,Contact,101982,yara.reyes@demomail.test,Avery Garcia,2026-01-23 12:24:00,reese.patel@acme-fake.test,Avery Mercer,2025-11-24 17:18:00,avery.silva@demomail.test,Alex Larsson,2024-10-09 15:17:00,fatima.mensah@demomail.test,Omar Mensah,2023-06-24 23:08:00,Y,Jordan Ford,Nina Silva,Jamie Reyes,REF-1462,Marketing Coordinator,,,,,Delta,,,,LOT-4370,jamie.reyes@sampleco.test,,,,Active,100652,,100684,100090,100128,,,,,,,100063,Alpha,100238,,,Standard,100705,100759,,chen.ford@sampleco.test,omar.okafor@examplecorp.test,Event Invite,100328,,Other,,,,,,,,,,,,N,
100656,Contact,101985,jamie.blake@examplecorp.test,Jamie Kim,2023-05-31 16:54:00,skyler.sloan@sampleco.test,Sofia Vance,2026-01-03 22:08:00,mei.sato@acme-fake.test,Mei Sloan,2025-07-16 00:34:00,avery.dorsey@examplecorp.test,Elena Haddad,2025-04-16 20:52:00,Y,Riley Patel,Riley Reyes,Rahul Silva,TAG-7079,Marketing Coordinator,,TAG-3496,,,,TAG-8204,,,REF-3639,rahul.silva@sampleco.test,,,,Active,100563,,100323,100760,100076,,,,,100447,,100016,Delta,100141,,N,,,100596,,rahul.reyes@sampleco.test,emerson.calder@acme-fake.test,Quarterly Newsletter,100459,Granite Capital Ltd,Standard,100236,,,,,,,,,,,Y,
100520,Contact,101986,avery.nguyen@acme-fake.test,Taylor Sloan,2023-01-30 05:15:00,priya.sato@acme-fake.test,Drew Haddad,2025-02-22 17:38:00,morgan.whitfield@acme-fake.test,Aisha Calder,2023-12-09 04:47:00,quinn.nguyen@sampleco.test,Emerson Garcia,2024-01-09 07:37:00,Y,Mei Sato,Aisha Kim,Reese Larsson,SKU-5281,Software Developer,,,,,,,,,SKU-3316,reese.larsson@examplecorp.test,,,,Active,,100539,100195,100290,,,,,,100151,,100158,Gamma,100281,,,,100146,,,rowan.silva@examplecorp.test,reese.ashby@acme-fake.test,Re-engagement,100076,Summit Labs Ltd,Beta,,,,,,,,,,,,,
100475,Contact,101987,sofia.costa@sampleco.test,Rowan Garcia,2025-12-07 07:46:00,reese.costa@acme-fake.test,Riley Ford,2025-04-02 10:33:00,taylor.vance@examplecorp.test,Fatima Rossi,2022-10-26 08:09:00,skyler.ashby@acme-fake.test,Skyler Cohen,2025-03-09 19:49:00,Y,Rahul Cohen,Riley Silva,Jordan Haddad,TAG-4194,Software Developer,,,,,,,,,TAG-5977,jordan.haddad@examplecorp.test,,,,Active,100316,,100616,,100789,,,,,,,,Other,100227,,,,,,,sofia.haddad@acme-fake.test,drew.reyes@demomail.test,Re-engagement,100625,Meridian Manufacturing Co,,,,,,,,,,,,,,
100070,Contact,101988,riley.costa@examplecorp.test,Sofia Mensah,2024-06-10 19:29:00,fatima.calder@demomail.test,Arjun Larsson,2023-07-23 10:55:00,fatima.blake@demomail.test,Reese Sloan,2025-10-04 20:42:00,mei.mercer@examplecorp.test,Quinn Patel,2022-12-28 22:39:00,Y,Jordan Blake,Emerson Mensah,Jordan Sato,REF-7061,Customer Success Manager,,,,,,,,,REF-2287,jordan.sato@demomail.test,,,,Active,100587,100010,100333,,100220,,,,,100319,,100455,Delta,100062,,,Gamma,100574,100615,,diego.cohen@demomail.test,riley.ford@demomail.test,Renewal Nudge,100161,,Delta,100506,,,,,,,101797,,,,,
100241,Contact,101989,marco.okafor@examplecorp.test,Fatima Sato,2025-02-07 00:52:00,mei.ivanov@acme-fake.test,Drew Okafor,2023-08-08 03:34:00,jamie.reyes@acme-fake.test,Elena Sato,2025-02-21 11:47:00,noah.sloan@demomail.test,Taylor Brooks,2024-02-08 14:50:00,Y,Drew Okafor,Liam Kim,Sofia Costa,,Data Analyst,,,,,,,,,REF-3180,sofia.costa@sampleco.test,,,,Active,100788,100645,100799,100240,,,,,,100421,,100099,Delta,100552,,N,Gamma,100370,100063,,nina.haddad@sampleco.test,alex.okafor@demomail.test,Event Invite,100774,,,100388,,,,,,,,,,,,Y
100251,Contact,101991,diego.calder@demomail.test,Noah Costa,2025-07-26 11:16:00,priya.dorsey@examplecorp.test,Sofia Whitfield,2025-06-18 17:25:00,priya.okafor@acme-fake.test,Marco Dorsey,2026-04-17 07:59:00,liam.costa@sampleco.test,Yara Okafor,2025-04-08 16:40:00,Y,Riley Sato,Aisha Kim,Fatima Whitfield,TAG-1234,Bookkeeper,,,,,,,,,REF-1191,fatima.whitfield@examplecorp.test,,,,Active,,,100641,,100546,,,,,,,100389,Delta,100462,,,,100704,,,jamie.dorsey@sampleco.test,rahul.vance@sampleco.test,Quarterly Newsletter,100632,Horizon Health Corp,Standard,100371,,,,,,,101822,N,,,Y,
100305,Contact,101992,avery.sato@demomail.test,Jamie Nguyen,2025-01-20 05:39:00,quinn.ivanov@sampleco.test,Jordan Haddad,2024-08-09 18:29:00,arjun.costa@demomail.test,Fatima Rossi,2026-03-08 10:12:00,morgan.patel@sampleco.test,Taylor Blake,2023-07-03 02:27:00,Y,Rowan Garcia,Emerson Mensah,Skyler Cohen,SKU-1559,Software Developer,,,,,,,,LOT-5161,REF-5009,skyler.cohen@examplecorp.test,,,,Active,100518,,100720,,100099,,,,,,,,Alpha,100467,,,Alpha,,100094,,quinn.calder@demomail.test,jamie.calder@demomail.test,Quarterly Newsletter,100734,,,,,,,,,,,,,,,
100759,Contact,101995,arjun.silva@demomail.test,Noah Brooks,2022-10-24 03:42:00,fatima.reyes@examplecorp.test,Chen Okafor,2023-07-24 13:43:00,rahul.ashby@demomail.test,Alex Haddad,2023-01-05 02:42:00,fatima.patel@examplecorp.test,Elena Blake,2025-01-17 05:26:00,N,Riley Cohen,Nina Blake,Rowan Larsson,LOT-6033,Data Analyst,,,,Standard,,,,,SKU-9592,rowan.larsson@acme-fake.test,,,,Inactive,,100101,100744,100177,100241,,,,,100094,,100588,Other,100310,,,,100672,,,alex.rossi@demomail.test,taylor.blake@acme-fake.test,Renewal Nudge,100615,,,100722,,,,,,,,,,,,
100158,Contact,101996,elena.patel@sampleco.test,Chen Vance,2025-01-28 14:51:00,marco.silva@sampleco.test,Noah Mensah,2023-04-10 03:40:00,avery.reyes@demomail.test,Omar Mercer,2023-03-20 07:25:00,rahul.costa@sampleco.test,Alex Ford,2024-12-22 02:10:00,N,Morgan Reyes,Drew Brooks,Marco Vance,REF-5976,HR Generalist,,,,,,,,LOT-8678,REF-5708,marco.vance@demomail.test,,,,Inactive,,100352,100003,100113,,,,,,100251,,,Beta,100041,,,Beta,100216,100749,,omar.whitfield@examplecorp.test,arjun.dorsey@acme-fake.test,Event Invite,100248,,,100511,,,,,,,101841,,,,Y,
100345,Contact,101998,jamie.rossi@demomail.test,Liam Brooks,2026-06-16 11:29:00,mei.kim@examplecorp.test,Fatima Patel,2025-02-20 21:48:00,mei.patel@acme-fake.test,Aisha Blake,2025-07-18 19:16:00,marco.haddad@acme-fake.test,Reese Dorsey,2026-03-13 10:10:00,Y,Elena Kim,Alex Blake,Alex Larsson,REF-5184,Customer Success Manager,,,,,,,3922,REF-6217,TAG-3000,alex.larsson@acme-fake.test,,,,Active,100641,,100654,100189,100076,,,,,100034,,,Alpha,100075,,,,,,,aisha.ford@examplecorp.test,noah.sato@sampleco.test,Renewal Nudge,100792,,,100119,,,,,,,,,,,,
100290,Contact,102000,taylor.sato@sampleco.test,Liam Rossi,2023-09-12 02:39:00,marco.brooks@acme-fake.test,Skyler Reyes,2025-04-13 02:47:00,liam.okafor@demomail.test,Drew Sloan,2024-05-10 07:50:00,noah.calder@examplecorp.test,Arjun Brooks,2023-05-26 00:51:00,Y,Rahul Brooks,Priya Ivanov,Rahul Larsson,LOT-1768,Payroll Specialist,,,,,,,,,TAG-8275,rahul.larsson@sampleco.test,,,,Active,100702,,100030,100044,100342,,,,,100469,,100520,Beta,100574,,,Gamma,100060,100395,,yara.silva@demomail.test,nina.silva@examplecorp.test,Quarterly Newsletter,100542,,,100336,,,,,,,,,,,,
100376,Contact,102001,reese.ivanov@examplecorp.test,Omar Garcia,2025-07-24 21:00:00,skyler.patel@demomail.test,Rowan Larsson,2025-11-24 23:05:00,jamie.sloan@demomail.test,Jamie Reyes,2022-11-16 18:25:00,diego.kim@acme-fake.test,Nina Ivanov,2023-02-25 09:54:00,Y,Aisha Mercer,Drew Larsson,Sofia Garcia,SKU-8596,Customer Success Manager,,,,,,,,TAG-9228,TAG-9532,sofia.garcia@examplecorp.test,,,,Active,100066,100597,100070,,,,,,,,,,Alpha,100530,,N,,,,,noah.okafor@examplecorp.test,avery.cohen@sampleco.test,Quarterly Newsletter,100302,Evergreen Media Group,,,,,,,,,101800,,,,Y,N
100696,Contact,102002,jamie.kim@sampleco.test,Yara Costa,2025-12-02 23:42:00,emerson.reyes@sampleco.test,Jamie Mercer,2024-05-15 23:21:00,emerson.ford@examplecorp.test,Riley Sato,2023-09-17 20:43:00,skyler.larsson@sampleco.test,Yara Silva,2026-05-03 07:50:00,Y,Fatima Ashby,Riley Larsson,Jordan Sloan,TAG-5314,Accountant,,,,,,,5494,,LOT-9892,jordan.sloan@demomail.test,,,,Active,100173,,100280,,,,,,,100410,,100333,Other,100161,,,Gamma,100275,100538,,aisha.ashby@sampleco.test,morgan.haddad@demomail.test,Re-engagement,100336,Beacon Textiles Ltd,Delta,,,,,,,,101869,,,,N,
100099,Contact,102003,jamie.kim@sampleco.test,Reese Garcia,2023-09-14 03:48:00,fatima.okafor@examplecorp.test,Jordan Mercer,2023-11-29 08:23:00,riley.ivanov@examplecorp.test,Jordan Mensah,2025-11-07 17:06:00,diego.sato@demomail.test,Emerson Brooks,2024-01-06 19:32:00,Y,Fatima Rossi,Rahul Ford,Casey Okafor,SKU-7588,Recruiter,,,,,,,,REF-2113,SKU-5774,casey.okafor@demomail.test,,,,Active,100322,,100223,100634,100224,,,,,100343,,,Alpha,100239,,,,,,,jordan.costa@sampleco.test,rahul.sato@examplecorp.test,Product Update,100332,,,100798,,,,,,,101871,,,,,
100229,Contact,102004,fatima.blake@acme-fake.test,Elena Haddad,2024-03-27 11:26:00,elena.ivanov@examplecorp.test,Riley Brooks,2024-03-06 19:27:00,nina.ashby@examplecorp.test,Priya Sloan,2026-05-25 00:16:00,elena.sato@examplecorp.test,Elena Okafor,2023-02-25 20:29:00,N,Morgan Brooks,Quinn Cohen,Avery Blake,SKU-2411,Accountant,,,,,Beta,,,REF-9058,SKU-3689,avery.blake@acme-fake.test,,,,Inactive,100053,100382,100520,100265,,,,,,100597,,100051,Delta,100189,,,Gamma,,,,emerson.silva@acme-fake.test,noah.ford@demomail.test,Quarterly Newsletter,100645,Meridian Energy Corp,Delta,100382,,,,,,,,,,,Y,
100670,Contact,102007,omar.nguyen@sampleco.test,Priya Cohen,2023-08-29 05:09:00,yara.whitfield@sampleco.test,Skyler Nguyen,2022-11-14 17:41:00,liam.reyes@demomail.test,Taylor Kim,2025-11-12 00:16:00,taylor.calder@examplecorp.test,Yara Blake,2024-06-24 18:34:00,N,Chen Ford,Fatima Calder,Avery Mercer,LOT-6774,Customer Success Manager,,,,,,,,SKU-2778,LOT-5765,avery.mercer@sampleco.test,,,,Inactive,100025,,100090,100426,,REF-5118,,,,,,100617,Other,100325,,,,100251,100232,,elena.rossi@examplecorp.test,priya.mensah@acme-fake.test,Renewal Nudge,100784,Horizon Networks Co,,,,,,,,,,,,,N,
100319,Contact,102008,liam.patel@sampleco.test,Aisha Kim,2023-12-06 16:44:00,jamie.nguyen@examplecorp.test,Casey Blake,2024-03-23 08:35:00,chen.mensah@demomail.test,Elena Larsson,2024-11-06 21:41:00,jamie.garcia@sampleco.test,Taylor Sloan,2023-03-14 09:53:00,Y,Reese Sloan,Diego Dorsey,Morgan Dorsey,REF-8116,Operations Associate,,,,,,,4459,LOT-1465,TAG-3655,morgan.dorsey@demomail.test,,,,Active,,100715,100053,,100784,,,,,100158,,100060,Alpha,100182,,,,,100223,,yara.garcia@sampleco.test,rowan.ivanov@acme-fake.test,Quarterly Newsletter,100694,,Other,100632,,2,,6,,,,Y,,,Y,
100610,Contact,102009,noah.larsson@examplecorp.test,Marco Dorsey,2024-08-05 15:18:00,jamie.haddad@demomail.test,Drew Okafor,2025-07-10 12:02:00,aisha.mercer@sampleco.test,Fatima Blake,2022-11-13 20:40:00,casey.whitfield@acme-fake.test,Aisha Ivanov,2025-03-15 22:45:00,Y,Priya Ford,Priya Larsson,Arjun Mercer,TAG-1626,Support Specialist,,,,,,,,,SKU-8709,arjun.mercer@sampleco.test,,,,Active,,100774,100393,100041,100410,,,,,100591,,100236,Delta,100770,,,,100715,100690,,riley.brooks@sampleco.test,jamie.sato@acme-fake.test,Re-engagement,100336,,,100393,,,,,,,101797,,,,N,
100470,Contact,102011,avery.rossi@sampleco.test,Liam Larsson,2023-07-12 08:29:00,jamie.blake@demomail.test,Omar Brooks,2022-10-23 22:59:00,nina.haddad@demomail.test,Arjun Calder,2023-11-30 14:31:00,mei.kim@demomail.test,Rowan Cohen,2025-12-18 07:12:00,N,Fatima Okafor,Morgan Patel,Sofia Ivanov,SKU-2032,Data Analyst,,,,,,,,SKU-5198,SKU-1896,sofia.ivanov@examplecorp.test,,,,Inactive,100750,100443,100177,100180,,,,,,100262,,,Standard,100248,,,Delta,100774,,,liam.costa@examplecorp.test,chen.rossi@sampleco.test,Re-engagement,100034,,Standard,,,,,,,,101822,,,,,
100615,Contact,102014,chen.brooks@examplecorp.test,Rahul Haddad,2025-07-14 01:24:00,noah.blake@examplecorp.test,Skyler Kim,2026-01-10 06:07:00,diego.vance@demomail.test,Morgan Ivanov,2023-06-04 03:59:00,sofia.sloan@demomail.test,Emerson Brooks,2025-02-02 13:00:00,Y,Alex Ashby,Fatima Cohen,Chen Brooks,TAG-8720,Operations Associate,,,,,,,,SKU-2395,LOT-4725,chen.brooks@acme-fake.test,,,,Active,,,100573,,100786,,,,,,,,Gamma,100753,,,,,,,jamie.calder@acme-fake.test,liam.sloan@examplecorp.test,Renewal Nudge,100094,Keystone Industries Group,Alpha,,,,,,,,,Y,,,,
100139,Contact,102017,quinn.sloan@sampleco.test,Yara Ashby,2025-04-04 05:08:00,diego.rossi@examplecorp.test,Noah Rossi,2024-11-26 06:20:00,avery.dorsey@demomail.test,Elena Larsson,2025-08-07 10:40:00,elena.ashby@demomail.test,Rahul Mensah,2024-09-14 23:08:00,N,Jamie Blake,Noah Blake,Chen Ashby,LOT-3345,Customer Success Manager,,,,,,,,,LOT-4835,chen.ashby@examplecorp.test,,,,Inactive,,100750,100151,100066,,,,,,,,100598,Beta,100782,,,,,100359,,jordan.sloan@acme-fake.test,yara.okafor@examplecorp.test,Product Update,100046,,,,,,,9,,,101870,,,,,
100588,Contact,102020,yara.ivanov@acme-fake.test,Arjun Mercer,2025-05-12 19:00:00,omar.calder@examplecorp.test,Noah Sloan,2024-06-20 02:39:00,jamie.larsson@demomail.test,Omar Ashby,2023-07-26 03:29:00,reese.whitfield@examplecorp.test,Elena Garcia,2024-10-04 19:01:00,Y,Marco Rossi,Noah Mercer,Arjun Haddad,SKU-8150,QA Engineer,,,Standard,,Beta,,,SKU-4515,REF-7628,arjun.haddad@sampleco.test,,,,Active,100749,,100291,100227,,,,,,100492,,100060,Alpha,100262,,,,,,,alex.sloan@examplecorp.test,reese.nguyen@examplecorp.test,Renewal Nudge,100302,,Gamma,100593,,,,,,,,,,,N,Y
100224,Contact,102022,drew.cohen@acme-fake.test,Yara Nguyen,2026-04-28 20:24:00,nina.calder@examplecorp.test,Alex Ford,2024-02-29 16:20:00,liam.sato@sampleco.test,Rahul Whitfield,2024-04-06 00:38:00,aisha.garcia@acme-fake.test,Quinn Sloan,2024-04-24 21:51:00,Y,Diego Ashby,Chen Kim,Emerson Calder,,Project Manager,,,,,,,,,REF-5567,emerson.calder@acme-fake.test,,,,Active,100468,100546,100314,100603,,,,,,100789,,100638,Beta,100398,,,Gamma,100389,100481,,sofia.sloan@examplecorp.test,elena.sato@examplecorp.test,Renewal Nudge,100538,Evergreen Textiles,Other,100523,,,,,,,,,,,Y,
100083,Contact,102023,priya.vance@acme-fake.test,Yara Calder,2024-06-04 10:13:00,noah.silva@sampleco.test,Casey Nguyen,2024-11-15 16:26:00,reese.ford@sampleco.test,Arjun Sato,2025-12-09 04:20:00,jordan.blake@examplecorp.test,Casey Calder,2025-07-21 06:30:00,Y,Taylor Whitfield,Priya Haddad,Jordan Vance,LOT-8087,Bookkeeper,,,,,,,,,SKU-7491,jordan.vance@sampleco.test,,,,Active,100513,100370,100053,,100083,,,,,100692,,,Other,100506,,,Delta,,100750,,yara.reyes@sampleco.test,diego.rossi@examplecorp.test,Renewal Nudge,100744,Brightpath Networks Group,Alpha,100789,,,,9,,,,N,,,,Y
100554,Contact,102026,rowan.patel@examplecorp.test,Rahul Cohen,2024-01-30 00:01:00,rowan.haddad@acme-fake.test,Marco Patel,2022-10-21 23:38:00,jamie.blake@sampleco.test,Yara Nguyen,2024-02-21 17:11:00,elena.okafor@demomail.test,Priya Rossi,2023-04-25 21:49:00,Y,Aisha Calder,Rahul Mensah,Fatima Mercer,LOT-5252,Payroll Specialist,,,,,,,,TAG-5893,TAG-1852,fatima.mercer@acme-fake.test,,,,Active,100158,,100667,,100382,,,,,100016,,,Standard,100236,,,Alpha,,,,taylor.okafor@sampleco.test,quinn.sato@sampleco.test,Renewal Nudge,100190,,,,,,,,,,101879,,,,Y,
100342,Contact,102027,marco.patel@acme-fake.test,Arjun Okafor,2024-08-17 07:22:00,jordan.ashby@demomail.test,Riley Cohen,2025-09-28 10:22:00,yara.ashby@acme-fake.test,Diego Haddad,2023-05-16 07:13:00,taylor.costa@demomail.test,Aisha Rossi,2025-11-06 17:15:00,Y,Taylor Dorsey,Jamie Patel,Reese Ivanov,TAG-4095,Recruiter,,,,,Delta,,,,LOT-1223,reese.ivanov@examplecorp.test,,,,Active,,100447,100485,100393,100656,,,,,100229,,100101,Other,100398,,,Beta,,100169,,arjun.mensah@acme-fake.test,casey.costa@examplecorp.test,Re-engagement,100792,,,100285,,,,,,,101850,,,,,
100456,Contact,102028,diego.ivanov@acme-fake.test,Casey Cohen,2023-10-24 04:30:00,emerson.dorsey@acme-fake.test,Taylor Haddad,2025-08-13 11:40:00,drew.vance@acme-fake.test,Morgan Silva,2025-10-08 15:08:00,emerson.rossi@examplecorp.test,Skyler Garcia,2026-05-16 05:03:00,Y,Marco Nguyen,Riley Haddad,Reese Sloan,LOT-6061,Software Developer,,,,,Beta,,,SKU-8954,TAG-2120,reese.sloan@demomail.test,,,,Active,100454,100062,100532,100008,,,,,,100156,,100062,Gamma,100445,,,,100262,100736,,morgan.mercer@examplecorp.test,marco.silva@sampleco.test,Quarterly Newsletter,100169,Ironwood Health,,100408,,,,,,,,,,,,
100546,Contact,102029,emerson.haddad@acme-fake.test,Reese Blake,2023-10-23 14:18:00,aisha.dorsey@sampleco.test,Sofia Haddad,2024-08-05 14:57:00,fatima.dorsey@sampleco.test,Casey Dorsey,2025-12-11 20:41:00,drew.silva@sampleco.test,Rahul Reyes,2024-09-02 05:11:00,Y,Skyler Sloan,Mei Ivanov,Yara Patel,TAG-9894,Executive Assistant,,,,,,,,REF-8398,SKU-6720,yara.patel@examplecorp.test,,,,Active,,100232,100513,,100554,REF-1056,,,,100786,,100208,Delta,100395,,,,100597,100042,,quinn.ashby@demomail.test,nina.vance@demomail.test,Quarterly Newsletter,100165,,Alpha,100132,,,,,,,101821,,,,Y,
100708,Contact,102031,diego.vance@acme-fake.test,Riley Dorsey,2025-05-08 02:21:00,diego.nguyen@sampleco.test,Chen Cohen,2026-06-21 20:18:00,morgan.sloan@examplecorp.test,Mei Calder,2022-11-30 07:10:00,fatima.costa@demomail.test,Elena Patel,2024-10-25 12:24:00,Y,Rowan Garcia,Mei Larsson,Alex Okafor,TAG-1095,Bookkeeper,,,,,,,,,TAG-7072,alex.okafor@sampleco.test,,,,Active,,,100153,,100759,,,,,,,100156,Alpha,100156,,,,,100020,,drew.nguyen@acme-fake.test,mei.okafor@examplecorp.test,Quarterly Newsletter,100368,Silverline Ventures Co,,100153,,,,,,,,,,,N,
100345,Contact,102033,nina.kim@acme-fake.test,Avery Calder,2024-04-10 11:29:00,quinn.vance@sampleco.test,Noah Mensah,2025-06-11 12:55:00,reese.garcia@acme-fake.test,Liam Nguyen,2026-01-14 18:46:00,yara.costa@acme-fake.test,Sofia Calder,2026-06-26 08:47:00,Y,Fatima Dorsey,Liam Reyes,Chen Okafor,LOT-1143,Project Manager,,,,,,,,,REF-3054,chen.okafor@demomail.test,,,,Active,100182,100585,100374,,100034,,,,,100555,,,Alpha,100192,,,,,,,casey.cohen@examplecorp.test,elena.calder@demomail.test,Re-engagement,100676,,Beta,,,,,,,,,,,,,
100229,Contact,102036,casey.larsson@examplecorp.test,Omar Garcia,2023-03-08 03:53:00,mei.okafor@sampleco.test,Avery Garcia,2024-05-10 18:40:00,rowan.mercer@acme-fake.test,Omar Garcia,2026-05-11 01:05:00,skyler.ivanov@sampleco.test,Rahul Haddad,2024-03-29 01:08:00,Y,Mei Patel,Quinn Calder,Avery Cohen,REF-4520,Executive Assistant,,,,Alpha,,,,,SKU-4770,avery.cohen@demomail.test,,,,Active,100334,100456,100462,100184,,,,,,100376,,,Beta,100661,,Y,,100530,100051,,omar.garcia@acme-fake.test,quinn.larsson@examplecorp.test,Renewal Nudge,100475,,,100351,,,,,,,101795,,,,,N
100622,Contact,102037,rahul.ford@examplecorp.test,Drew Ashby,2023-07-19 04:07:00,skyler.costa@examplecorp.test,Emerson Haddad,2026-03-13 04:00:00,nina.kim@sampleco.test,Sofia Brooks,2024-12-28 11:56:00,jamie.sato@examplecorp.test,Jamie Haddad,2023-06-06 08:23:00,Y,Noah Okafor,Jordan Patel,Fatima Calder,LOT-9999,Operations Associate,,,,Alpha,,,,,LOT-3219,fatima.calder@acme-fake.test,,,,Active,,100694,100496,100532,100319,,,,,100053,,100696,Other,100738,,Y,,100141,100413,,marco.brooks@acme-fake.test,reese.silva@sampleco.test,Product Update,100339,,Other,100182,,,,,,,101846,,,,,N
100738,Contact,102039,taylor.larsson@sampleco.test,Riley Ford,2025-03-08 02:57:00,marco.brooks@examplecorp.test,Rahul Okafor,2023-02-09 22:08:00,alex.rossi@examplecorp.test,Marco Reyes,2026-02-15 20:40:00,taylor.larsson@acme-fake.test,Fatima Sloan,2025-07-08 08:11:00,N,Noah Whitfield,Jordan Ivanov,Reese Silva,TAG-8130,Executive Assistant,,,,,,,,,SKU-1731,reese.silva@examplecorp.test,,,,Inactive,,,100075,100625,100799,,,,,,,100185,Other,100398,,,,100481,100522,,morgan.garcia@examplecorp.test,drew.okafor@sampleco.test,Event Invite,100607,,Delta,,,,,,,,101862,,,,N,
100090,Contact,102040,aisha.calder@demomail.test,Skyler Kim,2023-01-23 02:04:00,reese.reyes@demomail.test,Chen Sato,2025-12-27 10:21:00,noah.cohen@acme-fake.test,Jordan Garcia,2024-04-16 10:40:00,marco.brooks@examplecorp.test,Riley Blake,2024-06-25 20:45:00,Y,Omar Reyes,Chen Larsson,Reese Whitfield,TAG-1560,Operations Associate,,,,,,,,,LOT-3187,reese.whitfield@sampleco.test,,,,Active,,,100610,100683,,,,,,,,,Gamma,100546,,,,,100494,,riley.reyes@demomail.test,avery.calder@acme-fake.test,Product Update,100322,,Delta,100239,,,,,,,,,,,Y,
100097,Contact,102043,emerson.mercer@acme-fake.test,Emerson Haddad,2023-09-03 12:09:00,jamie.nguyen@acme-fake.test,Marco Sato,2024-05-24 14:57:00,skyler.costa@acme-fake.test,Mei Kim,2025-07-12 22:29:00,jamie.reyes@examplecorp.test,Elena Brooks,2024-10-10 07:02:00,Y,Chen Kim,Skyler Blake,Marco Dorsey,LOT-3939,Accountant,,,,,,,,TAG-4853,REF-7523,marco.dorsey@demomail.test,,,,Active,100066,,100613,100576,100046,REF-3350,,,,100468,,100200,Alpha,100267,,Y,Beta,100704,100413,,reese.kim@sampleco.test,taylor.garcia@demomail.test,Product Update,100329,Northwind Networks Co,Other,,,,,,,,101804,,,,N,
100571,Contact,102046,liam.haddad@examplecorp.test,Yara Reyes,2025-04-12 03:36:00,nina.larsson@examplecorp.test,Drew Brooks,2026-02-08 16:27:00,sofia.blake@acme-fake.test,Reese Reyes,2025-10-31 00:52:00,noah.whitfield@examplecorp.test,Casey Silva,2025-04-06 06:01:00,Y,Jamie Patel,Elena Sloan,Omar Ivanov,REF-1597,Project Manager,,,,,Delta,,,,LOT-2572,omar.ivanov@sampleco.test,,,,Active,100269,100542,100598,100734,100729,,,,,100498,,100704,Delta,100111,,,,,,,diego.sloan@examplecorp.test,riley.nguyen@examplecorp.test,Product Update,100481,,,,,,,,,,101862,,,,Y,
100374,Contact,102047,morgan.patel@acme-fake.test,Elena Reyes,2025-11-07 21:28:00,casey.garcia@examplecorp.test,Marco Ashby,2023-03-25 14:27:00,marco.sloan@sampleco.test,Marco Blake,2025-09-18 14:00:00,sofia.dorsey@demomail.test,Nina Blake,2025-08-24 08:48:00,Y,Jamie Garcia,Quinn Ashby,Avery Ashby,TAG-8214,Support Specialist,,,,,,,,REF-7472,SKU-4338,avery.ashby@examplecorp.test,,,,Active,,,100158,,100559,,,,,100319,,100734,Gamma,100535,,,,,100520,,jamie.sloan@sampleco.test,avery.silva@acme-fake.test,Event Invite,100513,Delta Health LLC,,,,,,9,,,,,,,,
100443,Contact,102050,taylor.rossi@demomail.test,Elena Rossi,2024-04-15 12:59:00,chen.silva@demomail.test,Skyler Sato,2023-07-21 14:09:00,jordan.reyes@demomail.test,Taylor Calder,2024-11-06 21:47:00,fatima.larsson@demomail.test,Emerson Ivanov,2025-08-05 11:20:00,N,Arjun Costa,Yara Haddad,Priya Sato,SKU-3437,Customer Success Manager,,,,,,,2282,,LOT-6647,priya.sato@sampleco.test,,,,Inactive,100686,,100749,100248,,,,,,,,100784,Delta,100417,,,,,,,diego.ivanov@examplecorp.test,chen.dorsey@demomail.test,Quarterly Newsletter,100563,,Other,100520,,,,,,,101862,,,,N,
100376,Contact,102052,omar.dorsey@acme-fake.test,Elena Cohen,2025-04-27 04:19:00,quinn.ivanov@examplecorp.test,Avery Ford,2023-12-14 06:03:00,jordan.silva@examplecorp.test,Yara Silva,2026-03-04 01:09:00,aisha.okafor@demomail.test,Reese Costa,2025-11-22 08:13:00,N,Priya Mensah,Yara Mercer,Omar Vance,TAG-3547,Executive Assistant,,,,,,,,,LOT-5350,omar.vance@sampleco.test,,,,Inactive,,,100126,,100522,,,,,100741,,100291,Standard,100523,,,Delta,,,,liam.costa@acme-fake.test,skyler.mercer@sampleco.test,Event Invite,100178,Copper Group Group,Gamma,100139,,,,,,,101796,,,,Y,
100371,Contact,102053,liam.haddad@acme-fake.test,Liam Dorsey,2023-12-29 07:53:00,riley.patel@demomail.test,Rahul Kim,2024-03-18 11:27:00,jordan.dorsey@examplecorp.test,Casey Blake,2023-01-23 22:37:00,drew.okafor@sampleco.test,Rahul Larsson,2024-11-10 19:16:00,N,Alex Whitfield,Alex Cohen,Casey Mensah,SKU-5152,Support Specialist,,,,,,,,,TAG-2784,casey.mensah@examplecorp.test,,,,Inactive,100232,100285,100025,,100445,,,,,100319,,100291,Alpha,100089,,,Other,,,,rahul.reyes@sampleco.test,rowan.larsson@demomail.test,Product Update,100523,Beacon Systems Ltd,,,,,,10,,,,,,,Y,
100328,Contact,102056,morgan.okafor@demomail.test,Diego Reyes,2025-03-03 01:22:00,noah.rossi@examplecorp.test,Elena Reyes,2023-05-24 07:35:00,yara.ashby@acme-fake.test,Mei Vance,2022-10-28 09:58:00,nina.ivanov@demomail.test,Sofia Okafor,2023-03-07 14:12:00,Y,Casey Ivanov,Sofia Kim,Fatima Haddad,TAG-3768,Customer Success Manager,,,,,,,,TAG-7688,SKU-3829,fatima.haddad@demomail.test,,,,Active,,100275,100015,100232,100690,,,,,100026,,100359,Alpha,100359,,,,100325,100241,,elena.patel@demomail.test,mei.silva@demomail.test,Event Invite,100200,,Standard,,,,,,,,,,,,N,N
100034,Contact,102059,quinn.rossi@acme-fake.test,Noah Rossi,2023-02-05 00:31:00,aisha.kim@demomail.test,Drew Mensah,2026-06-23 16:49:00,nina.vance@acme-fake.test,Jamie Kim,2024-04-01 15:31:00,chen.reyes@examplecorp.test,Elena Garcia,2024-05-31 03:57:00,Y,Alex Silva,Diego Larsson,Drew Vance,REF-6342,Payroll Specialist,,,,,,,,,LOT-6255,drew.vance@examplecorp.test,,,,Active,100429,100685,100331,100579,100091,,,,,,,100142,Gamma,100272,,,,100192,100265,,yara.mercer@sampleco.test,rowan.mensah@sampleco.test,Renewal Nudge,100197,Brightpath Ventures LLP,,100158,,,,5,,,101854,Y,,,,
100516,Contact,102061,avery.ashby@demomail.test,Elena Sato,2024-03-23 07:17:00,arjun.okafor@sampleco.test,Liam Garcia,2024-10-08 17:06:00,chen.kim@sampleco.test,Jamie Sato,2023-07-27 06:17:00,skyler.mensah@acme-fake.test,Omar Nguyen,2024-11-05 13:59:00,Y,Sofia Haddad,Emerson Brooks,Quinn Blake,TAG-7897,Project Manager,,,,,,,,REF-7418,TAG-7832,quinn.blake@demomail.test,,,,Active,,100086,100008,,100616,,,,,,,100209,Standard,100229,,,,,100538,,omar.patel@demomail.test,avery.garcia@examplecorp.test,Re-engagement,100413,Horizon Industries Ltd,,,,,,,,,101793,,,,,
100667,Contact,102063,omar.patel@sampleco.test,Aisha Calder,2022-10-17 10:20:00,liam.cohen@acme-fake.test,Sofia Reyes,2024-01-25 22:21:00,jamie.whitfield@acme-fake.test,Sofia Ivanov,2024-08-28 10:58:00,reese.mensah@acme-fake.test,Omar Patel,2023-11-05 22:39:00,Y,Jordan Haddad,Rowan Mercer,Omar Dorsey,TAG-1240,Data Analyst,,,,,,,,LOT-6967,REF-4993,omar.dorsey@acme-fake.test,,,,Active,100363,,100290,100332,,,,,,100213,,100613,Other,100259,,Y,Other,,100749,,priya.brooks@acme-fake.test,noah.calder@sampleco.test,Re-engagement,100126,,,100475,,,,,,,101814,,,,,
100169,Contact,102064,jordan.reyes@sampleco.test,Alex Mercer,2024-05-01 20:42:00,omar.rossi@sampleco.test,Elena Garcia,2023-07-31 19:08:00,chen.sloan@examplecorp.test,Emerson Haddad,2022-11-08 14:02:00,quinn.brooks@sampleco.test,Arjun Garcia,2024-05-15 09:08:00,Y,Liam Okafor,Arjun Ashby,Omar Whitfield,LOT-9868,Marketing Coordinator,,,,,,,,TAG-1484,LOT-9135,omar.whitfield@sampleco.test,,,,Active,,100526,100585,,100197,,,,,100139,,,Beta,100694,,,Standard,100333,100571,,nina.whitfield@demomail.test,rowan.larsson@acme-fake.test,Quarterly Newsletter,100715,Ironwood Capital Group,,100388,,,,,,,101851,,,,,
100339,Contact,102067,taylor.ashby@examplecorp.test,Skyler Larsson,2023-08-28 10:45:00,quinn.okafor@examplecorp.test,Yara Vance,2026-05-20 05:58:00,marco.vance@sampleco.test,Aisha Nguyen,2023-06-17 00:00:00,taylor.vance@examplecorp.test,Yara Okafor,2023-02-12 01:17:00,N,Emerson Ford,Marco Calder,Elena Sato,,Software Developer,,,,,,,,REF-9119,SKU-9989,elena.sato@examplecorp.test,,,,Inactive,100509,100579,100560,100726,,,,,,,,,Gamma,100417,,,,,100447,,jordan.calder@examplecorp.test,morgan.patel@acme-fake.test,Event Invite,100282,Cardinal Group Co,Standard,,,,,,,,,,,,N,
100726,Contact,102069,rahul.brooks@sampleco.test,Rahul Sloan,2024-08-20 15:09:00,elena.silva@demomail.test,Morgan Ivanov,2025-06-18 06:41:00,alex.silva@sampleco.test,Avery Garcia,2025-01-11 10:00:00,omar.reyes@examplecorp.test,Liam Patel,2025-05-03 08:58:00,Y,Priya Haddad,Nina Blake,Fatima Cohen,TAG-5651,Bookkeeper,,REF-3174,,,,,,,LOT-2988,fatima.cohen@examplecorp.test,,,,Active,,100015,100587,,100712,,,,,100523,,,Alpha,100554,,,,100729,,,aisha.reyes@examplecorp.test,mei.haddad@examplecorp.test,Re-engagement,100546,Ironwood Labs Inc,Beta,,,,,,,,,,,,Y,
100186,Contact,102072,rowan.ashby@acme-fake.test,Nina Ford,2025-05-27 18:21:00,drew.reyes@examplecorp.test,Jordan Nguyen,2023-09-22 11:36:00,noah.vance@acme-fake.test,Emerson Sato,2024-12-08 15:14:00,rowan.ford@sampleco.test,Riley Ford,2024-05-03 02:05:00,Y,Rowan Garcia,Jordan Nguyen,Yara Reyes,TAG-7027,QA Engineer,,REF-1099,,,,,,,SKU-9632,yara.reyes@examplecorp.test,,,,Active,,100046,100518,100654,100200,,,,,100293,,,Alpha,100333,,,Other,,100558,,rowan.calder@acme-fake.test,elena.larsson@sampleco.test,Quarterly Newsletter,100254,,,,,9,,,,,101869,,,,N,
100429,Contact,102075,rowan.calder@sampleco.test,Reese Reyes,2026-06-10 19:48:00,marco.garcia@demomail.test,Jordan Garcia,2025-04-10 10:11:00,reese.kim@sampleco.test,Riley Dorsey,2025-09-19 18:37:00,nina.nguyen@sampleco.test,Marco Calder,2024-05-15 08:22:00,Y,Elena Sloan,Rowan Haddad,Casey Sato,SKU-8473,Software Developer,,,,,,,,,REF-4010,casey.sato@examplecorp.test,,,,Active,,100546,100518,,100527,,,,,100200,,100789,Delta,100017,,N,,100034,100080,,taylor.cohen@examplecorp.test,quinn.nguyen@sampleco.test,Renewal Nudge,100344,Summit Energy LLP,,100383,,,5,,,,,,,,N,
100173,Contact,102078,mei.mensah@examplecorp.test,Nina Sato,2023-12-18 20:13:00,noah.haddad@demomail.test,Morgan Whitfield,2025-10-01 12:10:00,nina.ford@examplecorp.test,Mei Mercer,2025-08-19 16:07:00,rahul.costa@demomail.test,Aisha Whitfield,2026-04-16 06:54:00,Y,Priya Reyes,Rowan Sato,Emerson Dorsey,LOT-2842,HR Generalist,,,,,,,,,SKU-9123,emerson.dorsey@examplecorp.test,,,,Active,,,100702,,,,,,,100217,,100789,Beta,100389,,,,,100089,,morgan.calder@acme-fake.test,omar.kim@demomail.test,Renewal Nudge,100295,,Standard,100192,,,,,,,101804,,,,,
100758,Contact,102079,liam.reyes@demomail.test,Reese Reyes,2022-10-25 23:50:00,aisha.garcia@sampleco.test,Skyler Blake,2024-03-14 06:09:00,quinn.vance@examplecorp.test,Jamie Ivanov,2026-04-12 02:34:00,marco.cohen@acme-fake.test,Arjun Okafor,2024-11-22 13:53:00,Y,Omar Reyes,Elena Rossi,Skyler Reyes,LOT-8943,Project Manager,,,,Alpha,,,,REF-6926,LOT-4405,skyler.reyes@demomail.test,,,,Active,,,100014,,,,,,,,,100741,Delta,100333,,N,Delta,,,,sofia.sloan@sampleco.test,casey.blake@demomail.test,Product Update,100017,Horizon Labs Ltd,Beta,,,,,,,,,N,,,,
100245,Contact,102082,sofia.dorsey@demomail.test,Aisha Ivanov,2024-08-14 01:20:00,priya.mercer@examplecorp.test,Noah Ashby,2025-03-05 01:49:00,alex.dorsey@demomail.test,Morgan Blake,2025-02-25 21:00:00,jamie.costa@acme-fake.test,Casey Larsson,2023-02-13 18:42:00,N,Skyler Haddad,Quinn Blake,Marco Patel,REF-5252,Software Developer,,,,,,,,,TAG-3237,marco.patel@acme-fake.test,,,,Inactive,100782,100485,100265,100434,100475,,,,,,,100094,Gamma,100115,,,Standard,100517,100122,,arjun.sato@acme-fake.test,marco.mensah@sampleco.test,Renewal Nudge,100470,,,,,,,,,,,,,,N,
100546,Contact,102083,arjun.rossi@sampleco.test,Arjun Patel,2026-04-12 23:53:00,emerson.mensah@examplecorp.test,Jamie Okafor,2022-11-10 14:40:00,mei.patel@demomail.test,Priya Larsson,2023-04-30 21:16:00,liam.garcia@demomail.test,Nina Haddad,2024-05-26 11:40:00,Y,Arjun Dorsey,Jordan Mensah,Alex Vance,REF-6191,Data Analyst,,,,,,,7693,,REF-8489,alex.vance@sampleco.test,,,,Active,,100568,100679,,,,,,,,,,Gamma,100760,,,Gamma,,,,liam.blake@sampleco.test,omar.brooks@demomail.test,Quarterly Newsletter,100212,,Standard,,,,,,,,101790,,,,N,
100310,Contact,102085,elena.sloan@demomail.test,Chen Blake,2026-01-17 16:03:00,morgan.garcia@demomail.test,Aisha Haddad,2026-05-27 21:14:00,sofia.brooks@demomail.test,Fatima Cohen,2023-09-13 04:49:00,quinn.costa@acme-fake.test,Elena Blake,2024-12-17 08:39:00,Y,Morgan Cohen,Arjun Brooks,Liam Blake,TAG-3613,Operations Associate,,,,,,,,SKU-1399,TAG-9217,liam.blake@sampleco.test,,,,Active,,,100153,100248,,,,,,100715,,100031,Alpha,100763,,,,100661,100079,,noah.patel@sampleco.test,jamie.reyes@sampleco.test,Event Invite,100539,,Alpha,,,,,,,,101826,N,,,,
100066,Contact,102086,nina.kim@examplecorp.test,Sofia Costa,2026-04-18 16:12:00,diego.sato@acme-fake.test,Elena Garcia,2026-05-05 18:01:00,quinn.reyes@examplecorp.test,Drew Reyes,2025-02-27 00:19:00,drew.nguyen@examplecorp.test,Yara Haddad,2026-03-04 00:20:00,Y,Omar Mercer,Aisha Costa,Fatima Rossi,SKU-3298,HR Generalist,,,,,,,,LOT-2721,LOT-5894,fatima.rossi@acme-fake.test,,,,Active,100319,,100518,,,,,,,100342,,100120,Delta,100080,,,,,,,nina.sato@acme-fake.test,noah.whitfield@acme-fake.test,Quarterly Newsletter,100153,,,100685,,,,3,,,101836,,,,,
100169,Contact,102089,casey.blake@demomail.test,Avery Vance,2025-12-06 14:33:00,emerson.larsson@acme-fake.test,Mei Sato,2023-02-16 07:14:00,jamie.cohen@sampleco.test,Noah Ashby,2024-10-08 11:32:00,reese.blake@demomail.test,Skyler Brooks,2023-05-10 10:02:00,Y,Avery Sato,Priya Mensah,Fatima Larsson,REF-2177,Support Specialist,,,,Other,,,,LOT-6999,LOT-6517,fatima.larsson@demomail.test,,,,Active,,100796,100376,100003,100576,,,,,100587,,100188,Standard,100049,,,,100139,100275,,nina.silva@sampleco.test,yara.reyes@demomail.test,Event Invite,100708,,,100393,,,,,,,101867,,,,,
100789,Contact,102092,jordan.kim@demomail.test,Yara Silva,2026-05-25 06:51:00,jordan.reyes@examplecorp.test,Taylor Vance,2023-05-31 09:26:00,rahul.brooks@acme-fake.test,Elena Blake,2026-05-28 07:22:00,rahul.cohen@acme-fake.test,Chen Kim,2024-03-25 06:10:00,Y,Sofia Rossi,Emerson Ashby,Aisha Brooks,LOT-4405,Financial Analyst,,,,Delta,,,,,SKU-4431,aisha.brooks@demomail.test,,,,Active,,100049,100236,,100377,,,,,,,100624,Alpha,100368,,,,100723,100717,,avery.vance@demomail.test,jordan.whitfield@examplecorp.test,Event Invite,100089,,,100742,,,,,,,101841,,,,,
100041,Contact,102093,quinn.costa@sampleco.test,Rowan Calder,2024-05-30 20:01:00,skyler.mensah@examplecorp.test,Liam Silva,2026-02-18 10:14:00,drew.sato@examplecorp.test,Nina Ford,2025-11-08 07:54:00,jordan.haddad@examplecorp.test,Riley Garcia,2023-10-28 18:41:00,Y,Fatima Silva,Fatima Ford,Omar Mercer,LOT-9785,Customer Success Manager,,,,,,,,,LOT-5225,omar.mercer@acme-fake.test,,,,Active,100658,,100060,100672,100239,,,,,100275,,100490,Beta,100363,,,,100679,100134,,rowan.costa@demomail.test,taylor.sato@demomail.test,Event Invite,100770,Cardinal Industries Group,,,,,,,,,,N,,,,
100016,Contact,102096,casey.kim@demomail.test,Quinn Silva,2022-10-01 15:06:00,morgan.ford@acme-fake.test,Alex Whitfield,2023-08-06 03:43:00,alex.mercer@sampleco.test,Diego Ivanov,2024-04-18 00:46:00,mei.sloan@acme-fake.test,Rowan Silva,2023-08-06 19:35:00,Y,Casey Calder,Reese Okafor,Yara Reyes,LOT-9893,Marketing Coordinator,,,,,,,,,TAG-2878,yara.reyes@sampleco.test,,,,Active,,,100799,100161,,,,,,,,100238,Delta,100712,,,Alpha,100141,100158,,liam.reyes@examplecorp.test,diego.ashby@sampleco.test,Re-engagement,100658,,,100749,,,,,,,,,,,,Y
100360,Contact,102097,quinn.blake@acme-fake.test,Yara Mensah,2025-09-12 19:21:00,omar.mercer@examplecorp.test,Morgan Whitfield,2023-07-12 17:36:00,liam.ford@acme-fake.test,Mei Silva,2026-06-25 17:47:00,liam.patel@acme-fake.test,Priya Ivanov,2025-05-15 05:02:00,N,Alex Reyes,Omar Kim,Chen Ford,LOT-3053,Customer Success Manager,,,,,,TAG-7916,,SKU-5241,REF-1467,chen.ford@acme-fake.test,,,,Inactive,,100272,100539,100245,100389,,,,,100565,,,Gamma,100120,,,Delta,100251,100548,,nina.silva@examplecorp.test,alex.cohen@examplecorp.test,Re-engagement,100058,,Gamma,100704,,,,,,,101814,,,,N,
100352,Contact,102100,skyler.vance@sampleco.test,Noah Mercer,2024-07-30 16:06:00,liam.sloan@demomail.test,Reese Garcia,2024-10-12 12:56:00,reese.haddad@acme-fake.test,Priya Nguyen,2024-04-12 17:04:00,emerson.larsson@acme-fake.test,Fatima Rossi,2023-07-22 18:45:00,Y,Riley Ashby,Fatima Sato,Quinn Patel,TAG-2612,Support Specialist,,,,,,,,,TAG-3163,quinn.patel@examplecorp.test,,,,Active,100153,,100539,100447,100497,,,,,100770,,,Gamma,100405,,,Other,,,,reese.reyes@demomail.test,alex.nguyen@sampleco.test,Quarterly Newsletter,100180,Ironwood Media Ltd,Delta,,,,,,,,101814,,,,N,
100212,Contact,102101,rahul.cohen@examplecorp.test,Omar Rossi,2026-02-15 01:08:00,marco.okafor@sampleco.test,Morgan Mensah,2023-10-08 21:35:00,rahul.silva@sampleco.test,Chen Mensah,2022-11-15 07:48:00,casey.vance@examplecorp.test,Jordan Vance,2025-05-13 11:25:00,Y,Mei Calder,Mei Vance,Noah Nguyen,TAG-6591,HR Generalist,,,,,,,,,REF-6829,noah.nguyen@examplecorp.test,,,,Active,100234,100023,100527,100490,100539,,,,,,,,Alpha,100356,,,,100217,100136,,taylor.brooks@acme-fake.test,morgan.garcia@examplecorp.test,Product Update,100146,Everest Ventures Ltd,Gamma,100184,,,,,,,101870,N,,,Y,
100257,Contact,102104,rahul.cohen@demomail.test,Drew Costa,2022-10-13 21:59:00,casey.larsson@demomail.test,Chen Haddad,2023-04-19 23:26:00,fatima.blake@demomail.test,Arjun Garcia,2024-02-11 13:24:00,chen.calder@demomail.test,Marco Whitfield,2023-08-09 13:10:00,N,Drew Ashby,Marco Ford,Diego Brooks,REF-3219,QA Engineer,,REF-6282,,,,,,REF-8333,SKU-7986,diego.brooks@acme-fake.test,,,,Inactive,100188,100770,100726,100445,100641,REF-4045,,,,100282,,100469,Standard,100642,,,,100206,,,morgan.sloan@sampleco.test,chen.sato@examplecorp.test,Re-engagement,100333,Northwind Industries Co,Other,,,,,,,,,,,,,
100661,Contact,102105,morgan.cohen@examplecorp.test,Fatima Whitfield,2025-09-18 16:40:00,reese.nguyen@sampleco.test,Jamie Calder,2024-06-02 02:02:00,chen.larsson@examplecorp.test,Riley Larsson,2024-08-11 04:46:00,marco.silva@examplecorp.test,Sofia Ashby,2023-09-07 14:05:00,Y,Avery Calder,Yara Brooks,Fatima Rossi,LOT-7806,Software Developer,,,,,Standard,,,,TAG-2538,fatima.rossi@demomail.test,,,,Active,100685,,100520,100234,,,,,,100487,,100664,Delta,100474,,N,,100142,100799,,nina.ford@acme-fake.test,quinn.haddad@sampleco.test,Renewal Nudge,100319,,Alpha,100539,,,,5,,,,,,,,
100696,Contact,102108,riley.blake@sampleco.test,Arjun Ashby,2025-01-05 03:11:00,nina.cohen@sampleco.test,Alex Silva,2026-07-14 13:21:00,chen.patel@sampleco.test,Diego Patel,2023-12-03 09:58:00,reese.mercer@examplecorp.test,Taylor Vance,2023-03-10 03:49:00,Y,Jordan Reyes,Priya Dorsey,Casey Larsson,TAG-4251,Project Manager,,,,,,,,SKU-9727,LOT-8068,casey.larsson@examplecorp.test,,,,Active,100593,100025,100089,,,,,,,100044,,100497,Alpha,100610,,,Beta,100051,100242,,emerson.reyes@sampleco.test,reese.ivanov@sampleco.test,Quarterly Newsletter,100622,Redwood Health Co,,100172,,,,,,,101851,,,,,
100413,Contact,102111,chen.mercer@demomail.test,Aisha Ashby,2025-12-25 23:24:00,mei.haddad@sampleco.test,Avery Rossi,2024-10-16 04:41:00,noah.mercer@sampleco.test,Taylor Vance,2023-12-17 01:39:00,aisha.sloan@demomail.test,Mei Garcia,2025-11-02 07:56:00,Y,Emerson Whitfield,Drew Mercer,Sofia Ashby,SKU-3229,HR Generalist,,,,,,,,LOT-2421,SKU-6976,sofia.ashby@demomail.test,,,,Active,,100148,100186,,,,,,,100434,,100099,Alpha,100558,,,Delta,,,,drew.kim@demomail.test,reese.costa@demomail.test,Event Invite,100625,Cardinal Solutions LLP,,100538,,,,1,,,101796,,,,,
100696,Contact,102113,priya.kim@sampleco.test,Yara Costa,2024-05-02 11:26:00,taylor.sloan@examplecorp.test,Drew Sloan,2025-05-31 05:02:00,omar.dorsey@examplecorp.test,Drew Calder,2025-02-08 21:32:00,skyler.cohen@demomail.test,Jordan Garcia,2025-04-11 22:15:00,Y,Avery Calder,Priya Garcia,Alex Larsson,TAG-9860,Accountant,,,,,,,,,REF-5915,alex.larsson@acme-fake.test,,,,Active,100348,100223,100041,100555,100060,,,,,,,,Beta,100075,,,Gamma,100020,100673,,reese.cohen@demomail.test,omar.whitfield@acme-fake.test,Product Update,100216,Cardinal Industries Inc,Beta,,,,,9,,,101839,,,,,
100240,Contact,102116,quinn.costa@demomail.test,Morgan Mercer,2023-02-27 03:19:00,riley.cohen@acme-fake.test,Noah Reyes,2026-05-01 12:04:00,mei.kim@examplecorp.test,Sofia Patel,2026-05-13 06:52:00,reese.ford@demomail.test,Avery Calder,2024-05-06 23:55:00,Y,Marco Sato,Alex Sloan,Jordan Vance,REF-5732,Support Specialist,,,,,Alpha,,,,REF-7683,jordan.vance@examplecorp.test,,,,Active,100601,100360,100482,100420,,,,,,,,100459,Other,100089,,,,,100685,,nina.okafor@examplecorp.test,yara.costa@demomail.test,Event Invite,100262,,Beta,,,,,,,,101816,,,,,
100558,Contact,102118,rowan.ford@examplecorp.test,Diego Larsson,2024-03-01 13:51:00,sofia.dorsey@demomail.test,Drew Dorsey,2026-06-27 15:27:00,elena.blake@demomail.test,Riley Patel,2023-11-13 10:20:00,yara.garcia@demomail.test,Yara Ford,2025-10-25 09:14:00,Y,Taylor Okafor,Sofia Silva,Casey Blake,REF-6158,Customer Success Manager,,,,,,,,,REF-4913,casey.blake@sampleco.test,,,,Active,,100255,100380,100168,100527,,,,,100447,,100670,Alpha,100243,,,Delta,,100610,,casey.whitfield@examplecorp.test,rahul.dorsey@acme-fake.test,Re-engagement,100255,Keystone Ventures LLC,,,,,,,,,,,,,N,
100275,Contact,102119,fatima.vance@acme-fake.test,Morgan Larsson,2024-11-11 23:25:00,liam.silva@examplecorp.test,Liam Silva,2026-06-11 09:01:00,yara.ivanov@acme-fake.test,Marco Mensah,2026-04-19 22:04:00,elena.brooks@acme-fake.test,Jordan Whitfield,2024-11-02 14:13:00,N,Marco Haddad,Quinn Ivanov,Fatima Silva,SKU-8814,Accountant,,,,,,,,,LOT-1674,fatima.silva@demomail.test,,,,Inactive,100215,100008,100351,,100522,,,,,100799,,100177,Beta,100777,,,,100596,,,liam.reyes@acme-fake.test,emerson.okafor@acme-fake.test,Re-engagement,100473,Lakeside Financial LLP,,,,,,,,,101854,,,,Y,
100645,Contact,102121,rahul.ivanov@examplecorp.test,Reese Mensah,2023-06-03 20:10:00,rowan.sato@sampleco.test,Nina Sato,2023-01-09 08:29:00,rowan.haddad@sampleco.test,Reese Vance,2026-04-26 21:37:00,jordan.calder@sampleco.test,Yara Okafor,2024-07-25 22:15:00,N,Marco Nguyen,Mei Whitfield,Nina Ford,LOT-7241,Software Developer,,,,,,,,,TAG-6939,nina.ford@acme-fake.test,,,,Inactive,,100551,100765,100467,100492,SKU-5781,,,,100686,,,Delta,100090,,,,100025,100104,,priya.vance@sampleco.test,skyler.haddad@examplecorp.test,Product Update,100767,Brightpath Foods Inc,Standard,,,,,,,,101841,,,,,
100383,Contact,102122,diego.dorsey@examplecorp.test,Avery Ford,2024-05-30 05:15:00,marco.patel@demomail.test,Skyler Rossi,2026-02-12 22:35:00,drew.patel@acme-fake.test,Diego Kim,2024-11-08 23:18:00,skyler.garcia@examplecorp.test,Liam Haddad,2024-03-16 12:45:00,Y,Marco Ivanov,Chen Haddad,Reese Larsson,TAG-8030,Software Developer,,,,,,,,,TAG-2525,reese.larsson@examplecorp.test,,,,Active,,100359,100286,,100601,,,,,,,100245,Beta,100546,,,Delta,100405,100281,,marco.rossi@sampleco.test,taylor.ashby@demomail.test,Product Update,100107,Beacon Ventures LLC,,,,,,,,,101851,,,,N,Y
100376,Contact,102125,fatima.ivanov@examplecorp.test,Rowan Whitfield,2025-01-22 04:34:00,reese.dorsey@demomail.test,Priya Blake,2025-04-30 05:23:00,diego.brooks@acme-fake.test,Liam Reyes,2023-12-27 10:12:00,chen.vance@examplecorp.test,Mei Ivanov,2026-03-21 11:05:00,Y,Morgan Nguyen,Jamie Cohen,Drew Ivanov,LOT-7030,HR Generalist,,,,,,,,,TAG-6058,drew.ivanov@sampleco.test,,,,Active,100213,,100468,100681,100310,,,,,,,,Other,100616,,,Delta,,100771,,avery.mercer@examplecorp.test,aisha.silva@acme-fake.test,Quarterly Newsletter,100403,,Alpha,,,,,7,,,101814,,,,N,
100161,Contact,102127,taylor.brooks@acme-fake.test,Rowan Rossi,2025-06-26 21:08:00,nina.costa@sampleco.test,Sofia Patel,2026-06-12 01:01:00,diego.dorsey@examplecorp.test,Jamie Rossi,2026-05-27 20:44:00,rowan.whitfield@acme-fake.test,Alex Mensah,2024-08-13 20:28:00,Y,Jordan Vance,Liam Vance,Marco Garcia,REF-8505,Data Analyst,,,,,,,,,REF-4308,marco.garcia@examplecorp.test,,,,Active,100792,100684,100607,100555,100388,SKU-9536,,,,100482,,100368,Beta,100075,,,,,100408,,rahul.sato@sampleco.test,casey.sato@demomail.test,Product Update,100772,Keystone Foods,Gamma,100538,,,,7,,,101816,,,,Y,Y
100627,Contact,102129,rowan.larsson@examplecorp.test,Casey Blake,2023-05-24 10:48:00,riley.ivanov@demomail.test,Yara Sato,2024-05-05 21:04:00,jamie.okafor@demomail.test,Riley Ashby,2025-08-27 05:38:00,diego.patel@sampleco.test,Yara Larsson,2023-12-21 06:38:00,N,Arjun Ford,Yara Whitfield,Diego Okafor,SKU-3112,Accountant,,,,,,,,,TAG-1680,diego.okafor@examplecorp.test,,,,Inactive,100242,100702,100172,,,,,,,100760,,100255,Standard,100760,,,Beta,,,,taylor.sato@examplecorp.test,avery.kim@examplecorp.test,Product Update,100649,Vertex Manufacturing,,100374,,,,,,,101869,,,,N,
100641,Contact,102130,reese.kim@acme-fake.test,Taylor Costa,2023-07-18 21:35:00,fatima.mensah@sampleco.test,Rowan Reyes,2026-07-28 11:58:00,arjun.brooks@acme-fake.test,Rahul Okafor,2023-03-06 13:05:00,jamie.vance@acme-fake.test,Skyler Larsson,2024-01-05 20:16:00,N,Morgan Mensah,Mei Blake,Noah Rossi,TAG-7936,Payroll Specialist,,,,Beta,,,,,REF-2556,noah.rossi@demomail.test,,,,Inactive,,,100482,100569,100153,,,,,100518,,,Alpha,100240,,,Delta,,100763,,marco.kim@demomail.test,alex.ford@acme-fake.test,Re-engagement,100255,,Beta,100679,,,,,,,101808,,,,,
100729,Contact,102132,emerson.garcia@examplecorp.test,Marco Ford,2023-09-16 13:29:00,taylor.garcia@sampleco.test,Yara Vance,2023-02-21 04:18:00,rowan.ford@examplecorp.test,Rowan Brooks,2023-05-13 12:26:00,arjun.ivanov@acme-fake.test,Reese Calder,2023-06-03 11:27:00,Y,Priya Okafor,Noah Patel,Jordan Cohen,REF-1081,Operations Associate,,,,,,,,,TAG-1888,jordan.cohen@acme-fake.test,,,,Active,100223,100111,100494,100285,,,,,,100686,,100391,Gamma,100360,,,,,,,rahul.haddad@demomail.test,fatima.blake@acme-fake.test,Re-engagement,100576,,Gamma,100113,,,,,,,101795,,,,N,
100009,Contact,102133,arjun.larsson@examplecorp.test,Jamie Ashby,2024-06-30 06:58:00,chen.brooks@demomail.test,Alex Whitfield,2024-08-13 12:52:00,nina.costa@examplecorp.test,Morgan Mercer,2024-04-26 09:02:00,taylor.kim@acme-fake.test,Aisha Blake,2022-12-28 13:10:00,Y,Aisha Blake,Chen Mercer,Aisha Sloan,SKU-3107,Executive Assistant,,,Delta,,,,,TAG-2961,SKU-1592,aisha.sloan@demomail.test,,,,Active,,100288,100684,100220,100692,,,,,,,100141,Standard,100316,,,,100143,,,avery.costa@examplecorp.test,quinn.brooks@examplecorp.test,Quarterly Newsletter,100548,,Beta,,,,,,,,101814,,,,Y,
100792,Contact,102136,nina.silva@sampleco.test,Rahul Mercer,2024-10-18 16:39:00,sofia.ivanov@acme-fake.test,Fatima Costa,2024-10-26 04:04:00,avery.mercer@demomail.test,Fatima Okafor,2026-03-15 14:46:00,riley.rossi@examplecorp.test,Skyler Calder,2025-06-10 17:29:00,Y,Reese Ford,Liam Rossi,Nina Okafor,SKU-8621,Bookkeeper,,,,,,,,,SKU-5881,nina.okafor@examplecorp.test,,,,Active,100712,100684,100786,,100322,,,,,,,100755,Standard,100232,,,Beta,100588,,,omar.mensah@examplecorp.test,casey.reyes@sampleco.test,Product Update,100559,,Delta,,,,,,,,101818,,,,Y,
100216,Contact,102138,noah.nguyen@sampleco.test,Nina Vance,2024-09-30 15:55:00,avery.brooks@examplecorp.test,Mei Sato,2023-05-05 23:29:00,casey.sato@examplecorp.test,Quinn Blake,2023-04-21 16:20:00,avery.sloan@demomail.test,Elena Mercer,2026-04-10 12:55:00,Y,Taylor Calder,Alex Whitfield,Rowan Sloan,REF-6039,Financial Analyst,,,,,,,,LOT-1740,TAG-2422,rowan.sloan@examplecorp.test,,,,Active,100099,100705,100641,,100479,,,,,,,,Beta,100496,,,Beta,100685,100259,,marco.brooks@acme-fake.test,emerson.nguyen@acme-fake.test,Re-engagement,100517,Everest Partners LLP,Delta,,,,,,,,101850,,,,Y,
100800,Contact,102140,chen.garcia@acme-fake.test,Riley Larsson,2026-03-05 07:48:00,priya.kim@acme-fake.test,Aisha Costa,2023-02-11 09:20:00,yara.sato@demomail.test,Diego Sloan,2024-05-23 20:35:00,jamie.cohen@sampleco.test,Aisha Garcia,2024-10-25 15:32:00,Y,Alex Blake,Drew Patel,Reese Okafor,LOT-8625,Software Developer,,,,,,,9094,,TAG-2929,reese.okafor@examplecorp.test,,,,Active,100492,100617,100008,,,,,,,,,,Gamma,100325,,,Other,100141,100119,,diego.dorsey@acme-fake.test,priya.ashby@sampleco.test,Product Update,100664,Evergreen Networks LLP,Standard,100200,,,,,,,,,,,N,
100685,Contact,102142,drew.blake@demomail.test,Drew Cohen,2025-08-22 00:20:00,rowan.sato@examplecorp.test,Arjun Calder,2024-06-06 13:53:00,aisha.ivanov@sampleco.test,Casey Garcia,2025-02-08 17:10:00,avery.mensah@demomail.test,Quinn Calder,2023-08-08 23:05:00,Y,Rowan Rossi,Omar Reyes,Rahul Brooks,REF-2969,Payroll Specialist,,,,,,,,TAG-5345,REF-7903,rahul.brooks@acme-fake.test,,,,Active,100336,100148,100517,100161,100141,,,,,,,100293,Gamma,100141,,,Other,,100063,,jamie.silva@demomail.test,rowan.reyes@examplecorp.test,Event Invite,100363,,,100376,,,,,,,,,,,,
100676,Contact,102143,casey.brooks@examplecorp.test,Fatima Sato,2023-08-07 00:42:00,arjun.sato@sampleco.test,Jamie Dorsey,2025-03-16 10:46:00,jordan.blake@demomail.test,Skyler Nguyen,2023-02-05 23:54:00,riley.mensah@examplecorp.test,Arjun Ivanov,2025-06-03 13:39:00,Y,Sofia Sato,Noah Brooks,Sofia Larsson,SKU-2978,Executive Assistant,,,,,,,,,REF-7430,sofia.larsson@examplecorp.test,,,,Active,100340,,100520,100107,,LOT-5995,,,,100391,,,Delta,100516,,,,,,,fatima.mercer@acme-fake.test,emerson.dorsey@examplecorp.test,Renewal Nudge,100530,,Beta,100239,,,,,,,,Y,,,N,
100151,Contact,102144,arjun.calder@demomail.test,Skyler Brooks,2026-07-27 07:22:00,noah.ashby@acme-fake.test,Diego Calder,2024-01-09 16:32:00,elena.kim@sampleco.test,Liam Silva,2024-07-22 07:58:00,rowan.whitfield@examplecorp.test,Rahul Ivanov,2022-12-17 10:10:00,Y,Arjun Rossi,Nina Ashby,Skyler Costa,REF-6022,Support Specialist,,,,,,,,,REF-6100,skyler.costa@sampleco.test,,,,Active,100220,100209,100069,100456,100443,,,,,100235,,100749,Delta,100532,,,,,100417,,jamie.silva@sampleco.test,skyler.brooks@sampleco.test,Product Update,100417,Granite Analytics LLC,Alpha,,,,,,,,101839,,,,N,
100119,Contact,102145,marco.blake@sampleco.test,Casey Mensah,2023-09-18 23:29:00,emerson.mercer@demomail.test,Morgan Sloan,2023-08-23 22:40:00,marco.haddad@sampleco.test,Omar Mercer,2026-07-30 19:58:00,aisha.kim@sampleco.test,Taylor Sato,2022-12-10 13:26:00,Y,Rowan Sato,Skyler Dorsey,Fatima Ivanov,SKU-2973,Support Specialist,,,,,,,,LOT-5610,TAG-9568,fatima.ivanov@demomail.test,,,,Active,,100016,100667,100628,,,,,,,,100041,Other,100681,,,Beta,100255,100637,,sofia.ford@demomail.test,liam.ivanov@sampleco.test,Renewal Nudge,100520,Meridian Dynamics,,100497,,,,,,,101808,,,,,
100042,Contact,102147,marco.mensah@demomail.test,Noah Silva,2025-02-15 22:02:00,marco.ashby@sampleco.test,Jamie Costa,2025-07-29 11:24:00,skyler.garcia@demomail.test,Diego Whitfield,2023-11-24 11:18:00,elena.mensah@examplecorp.test,Reese Rossi,2023-08-20 17:32:00,Y,Skyler Calder,Jamie Ford,Diego Haddad,REF-3303,Bookkeeper,,,,,,,,,SKU-7472,diego.haddad@sampleco.test,,,,Active,100265,100782,100332,100690,100788,,,,,,,,Standard,100255,,,Beta,100601,100106,,fatima.sloan@acme-fake.test,omar.dorsey@sampleco.test,Event Invite,100709,,Gamma,100254,,,,,,,101827,,,,,
100073,Contact,102149,noah.mercer@demomail.test,Drew Garcia,2025-03-03 18:19:00,aisha.nguyen@demomail.test,Alex Ivanov,2024-07-07 20:57:00,avery.vance@examplecorp.test,Marco Kim,2024-07-29 05:28:00,morgan.brooks@sampleco.test,Casey Nguyen,2023-07-01 17:03:00,N,Aisha Reyes,Casey Rossi,Riley Dorsey,LOT-3814,Payroll Specialist,,,,,,,,,REF-2159,riley.dorsey@examplecorp.test,,,,Inactive,100126,,100548,100188,,,,,,100603,,100143,Gamma,100097,,,Standard,,100565,,jamie.garcia@demomail.test,sofia.rossi@sampleco.test,Quarterly Newsletter,100123,,Gamma,100066,,,,,,,,,,,,
100542,Contact,102151,arjun.costa@demomail.test,Drew Nguyen,2025-05-08 15:38:00,marco.garcia@examplecorp.test,Omar Garcia,2023-05-13 08:39:00,omar.haddad@acme-fake.test,Rahul Kim,2023-08-18 12:10:00,quinn.silva@acme-fake.test,Omar Silva,2024-08-11 04:26:00,N,Fatima Patel,Taylor Mensah,Elena Brooks,TAG-5042,Operations Associate,,,Gamma,,,,,,REF-4857,elena.brooks@sampleco.test,,,,Inactive,100146,100060,100106,100229,100382,,,,,,,100003,Gamma,100302,,,,,,,liam.rossi@examplecorp.test,rahul.dorsey@demomail.test,Product Update,100336,,,100097,,,,,,,101811,,,,,
100532,Contact,102153,chen.ashby@acme-fake.test,Alex Mercer,2025-02-17 06:40:00,nina.dorsey@acme-fake.test,Marco Larsson,2023-04-02 12:22:00,elena.vance@acme-fake.test,Yara Mercer,2025-02-21 15:46:00,nina.rossi@sampleco.test,Marco Blake,2026-03-25 15:21:00,Y,Rowan Brooks,Nina Okafor,Diego Vance,SKU-4245,Software Developer,,,,,,,,,REF-4328,diego.vance@examplecorp.test,,,,Active,,100694,100735,,,,,,,100705,,100591,Other,100437,,,,100280,100484,,noah.rossi@examplecorp.test,fatima.reyes@demomail.test,Product Update,100017,,Standard,100185,,,,,,,101841,,,,Y,
100646,Contact,102156,arjun.silva@sampleco.test,Avery Blake,2024-02-07 16:49:00,priya.mercer@examplecorp.test,Priya Nguyen,2026-06-30 12:30:00,avery.nguyen@examplecorp.test,Quinn Reyes,2026-03-12 02:59:00,morgan.ivanov@demomail.test,Morgan Kim,2024-02-06 15:38:00,Y,Omar Garcia,Arjun Ivanov,Mei Whitfield,TAG-6015,Marketing Coordinator,,,,Delta,,,,,REF-2789,mei.whitfield@sampleco.test,,,,Active,100254,,100405,100506,100229,,,,,100141,,,Alpha,100366,,,,100236,100717,,marco.okafor@sampleco.test,aisha.rossi@examplecorp.test,Renewal Nudge,100615,,Gamma,100449,,,,,,,,,,,,
100344,Contact,102158,noah.haddad@demomail.test,Liam Blake,2024-03-30 02:24:00,emerson.vance@examplecorp.test,Rowan Sato,2025-11-28 06:41:00,taylor.cohen@sampleco.test,Rowan Sloan,2025-08-11 18:39:00,emerson.nguyen@sampleco.test,Drew Larsson,2022-11-03 20:40:00,Y,Aisha Mensah,Riley Mercer,Nina Ford,TAG-4342,Bookkeeper,,,,,,LOT-9801,,,TAG-8440,nina.ford@acme-fake.test,,,,Active,100793,100288,100603,,,,,,,100792,,100213,Alpha,100026,,,Standard,100518,100280,,arjun.nguyen@demomail.test,aisha.haddad@demomail.test,Product Update,100177,,,100661,,,,,,,101862,,,,,
100323,Contact,102160,reese.costa@examplecorp.test,Reese Haddad,2025-09-08 00:10:00,sofia.okafor@demomail.test,Aisha Ford,2023-07-07 15:32:00,morgan.ford@acme-fake.test,Skyler Calder,2023-01-27 23:14:00,priya.silva@examplecorp.test,Marco Dorsey,2026-06-07 03:48:00,Y,Omar Mensah,Chen Brooks,Aisha Nguyen,,Payroll Specialist,,,,,,,,LOT-7647,TAG-8957,aisha.nguyen@sampleco.test,,,,Active,100628,,100117,100498,,,,,,,,,Gamma,100771,,,,100434,100235,,rahul.mercer@examplecorp.test,aisha.haddad@examplecorp.test,Product Update,100182,Cobalt Foods LLP,,100190,,,,,,,101836,,,,Y,
100142,Contact,102162,rowan.costa@sampleco.test,Avery Kim,2024-11-04 07:47:00,diego.haddad@sampleco.test,Mei Blake,2026-06-02 09:27:00,priya.mensah@acme-fake.test,Avery Larsson,2023-04-01 10:44:00,alex.dorsey@acme-fake.test,Nina Rossi,2025-11-20 19:51:00,Y,Alex Whitfield,Rahul Sato,Priya Cohen,LOT-8363,Software Developer,,,,Alpha,,,,,LOT-8806,priya.cohen@sampleco.test,,,,Active,,,100371,100123,,,,,,100353,,,Other,100079,,,Delta,100298,,,skyler.sloan@examplecorp.test,marco.whitfield@acme-fake.test,Re-engagement,100101,Meridian Textiles Group,Other,,,,,,,,101866,,,,,
100323,Contact,102164,fatima.whitfield@sampleco.test,Quinn Garcia,2024-09-04 03:16:00,jamie.mercer@examplecorp.test,Arjun Calder,2024-10-03 21:46:00,reese.larsson@demomail.test,Jordan Okafor,2025-03-30 18:28:00,yara.ivanov@examplecorp.test,Arjun Brooks,2024-02-13 23:41:00,N,Omar Mensah,Riley Sato,Chen Larsson,SKU-5263,Payroll Specialist,,REF-5306,,,,,,,SKU-6944,chen.larsson@sampleco.test,,,,Inactive,100313,,100220,,,,,,,,,100056,Beta,100610,,,,100323,100275,,arjun.whitfield@examplecorp.test,priya.ivanov@acme-fake.test,Re-engagement,100468,Pioneer Networks Group,Standard,,,,,,,,101816,,,,Y,
100104,Contact,102167,jordan.whitfield@sampleco.test,Avery Haddad,2024-11-19 09:47:00,riley.sato@acme-fake.test,Morgan Brooks,2023-07-12 21:37:00,riley.mensah@demomail.test,Casey Okafor,2024-03-06 10:33:00,avery.rossi@examplecorp.test,Quinn Calder,2025-05-09 17:18:00,Y,Riley Haddad,Riley Brooks,Avery Dorsey,TAG-5164,Recruiter,,,,,,,,,REF-6916,avery.dorsey@demomail.test,,,,Active,,100443,100302,100309,,,,,,100041,,,Standard,100579,,,Delta,100398,,,noah.blake@sampleco.test,emerson.calder@sampleco.test,Renewal Nudge,100168,Cobalt Energy Corp,Standard,100101,,,,,,,101800,,,,Y,
100386,Contact,102170,nina.garcia@examplecorp.test,Nina Calder,2024-06-18 02:14:00,reese.reyes@demomail.test,Jamie Ivanov,2024-02-01 12:23:00,skyler.blake@demomail.test,Reese Mensah,2025-12-25 18:30:00,jamie.rossi@sampleco.test,Arjun Vance,2024-09-18 19:06:00,Y,Arjun Rossi,Skyler Patel,Mei Kim,REF-4622,Accountant,,,,Alpha,,,,,TAG-7278,mei.kim@demomail.test,,,,Active,,100153,100410,100462,100333,,,,,,,100770,Alpha,100789,,,Beta,100681,100684,,arjun.dorsey@examplecorp.test,omar.patel@acme-fake.test,Renewal Nudge,100115,Silverline Labs Inc,Beta,100607,,,,,,,101862,,,,,
100559,Contact,102171,emerson.brooks@examplecorp.test,Avery Nguyen,2025-07-09 00:19:00,reese.dorsey@examplecorp.test,Emerson Larsson,2023-08-31 07:49:00,elena.calder@examplecorp.test,Avery Sloan,2024-08-20 16:05:00,taylor.nguyen@acme-fake.test,Mei Haddad,2023-10-17 23:27:00,Y,Reese Ford,Jamie Reyes,Morgan Ashby,SKU-6147,Project Manager,,REF-6348,,,,,,,REF-8708,morgan.ashby@acme-fake.test,,,,Active,,100336,100667,100506,,,,,,100526,,,Alpha,100447,,,Gamma,100015,,,chen.okafor@sampleco.test,taylor.whitfield@acme-fake.test,Re-engagement,100041,,,100380,,,,,,,,,,,N,
100765,Contact,102174,noah.cohen@acme-fake.test,Emerson Costa,2025-04-19 19:42:00,jordan.ivanov@sampleco.test,Riley Mercer,2023-11-09 20:08:00,sofia.ashby@examplecorp.test,Rowan Mensah,2024-11-25 04:49:00,sofia.sloan@examplecorp.test,Emerson Mensah,2024-10-12 01:47:00,N,Marco Haddad,Morgan Reyes,Elena Larsson,LOT-6178,Payroll Specialist,,,,,,,,,SKU-9865,elena.larsson@demomail.test,,,,Inactive,,100546,100197,,,,,,,100241,,,Alpha,100622,,N,,,100497,,priya.kim@demomail.test,priya.calder@demomail.test,Re-engagement,100688,Lakeside Industries,,100749,,,,,,,101836,,,,,
100622,Contact,102177,elena.rossi@demomail.test,Arjun Calder,2025-02-13 00:01:00,diego.kim@demomail.test,Reese Ashby,2023-03-27 06:43:00,noah.blake@examplecorp.test,Casey Larsson,2025-02-25 06:04:00,taylor.kim@demomail.test,Morgan Calder,2023-11-08 23:06:00,Y,Drew Sato,Marco Blake,Taylor Cohen,SKU-7719,Accountant,,,,,,,,LOT-7712,TAG-1087,taylor.cohen@demomail.test,,,,Active,,100142,100090,100309,100642,,,,,100403,,,Beta,100080,,N,Beta,,100334,,rahul.ivanov@examplecorp.test,skyler.ford@acme-fake.test,Re-engagement,100498,Keystone Financial LLP,,,,,,,,,,,,,Y,
100115,Contact,102179,fatima.ivanov@acme-fake.test,Arjun Rossi,2024-11-08 19:35:00,omar.sloan@sampleco.test,Reese Okafor,2025-05-30 19:50:00,aisha.brooks@demomail.test,Liam Brooks,2025-05-13 03:07:00,fatima.dorsey@acme-fake.test,Diego Silva,2024-11-02 20:06:00,Y,Skyler Reyes,Alex Ashby,Diego Rossi,LOT-4392,Executive Assistant,,,,,,,,TAG-5961,LOT-6797,diego.rossi@acme-fake.test,,,,Active,100398,100531,100620,,100468,,,,,,,,Other,100720,,N,Standard,100353,100012,,fatima.brooks@acme-fake.test,sofia.ford@demomail.test,Re-engagement,100302,,Alpha,100434,,10,,,,,,,,,,N
100645,Contact,102180,arjun.nguyen@examplecorp.test,Reese Larsson,2025-04-06 02:07:00,fatima.ashby@examplecorp.test,Mei Haddad,2024-03-17 18:01:00,drew.ivanov@examplecorp.test,Alex Larsson,2025-05-20 00:16:00,sofia.whitfield@acme-fake.test,Yara Ivanov,2024-01-21 19:28:00,Y,Reese Okafor,Chen Patel,Jordan Mercer,TAG-7511,QA Engineer,,,,,,,,,TAG-7204,jordan.mercer@examplecorp.test,,,,Active,,100535,100229,,100408,,,,,,,100531,Standard,100383,,,,,100034,,morgan.ashby@sampleco.test,jamie.kim@sampleco.test,Renewal Nudge,100293,Brightpath Partners LLP,Gamma,100717,,,,,,,,N,,,Y,
100734,Contact,102181,mei.sato@acme-fake.test,Arjun Whitfield,2024-03-17 21:20:00,fatima.nguyen@examplecorp.test,Jamie Okafor,2024-01-02 14:48:00,riley.kim@acme-fake.test,Riley Brooks,2025-12-21 05:35:00,elena.blake@demomail.test,Fatima Nguyen,2025-08-21 21:40:00,Y,Morgan Sloan,Mei Garcia,Rowan Ford,SKU-7860,HR Generalist,,,,,,,,,TAG-2593,rowan.ford@sampleco.test,,,,Active,100151,,100763,100106,,,,,,,,100597,Standard,100555,,,Other,100164,,,elena.dorsey@acme-fake.test,rowan.cohen@examplecorp.test,Renewal Nudge,100767,Evergreen Ventures Group,Delta,,,,,,,,101821,,,,Y,
100482,Contact,102183,avery.mensah@examplecorp.test,Avery Silva,2024-12-28 02:29:00,reese.okafor@demomail.test,Emerson Ivanov,2024-12-06 08:33:00,priya.okafor@sampleco.test,Quinn Cohen,2026-03-14 02:21:00,diego.rossi@acme-fake.test,Rowan Patel,2026-06-10 17:46:00,Y,Emerson Ashby,Riley Mensah,Riley Garcia,LOT-2506,QA Engineer,,,,,,,,,TAG-5245,riley.garcia@demomail.test,,,,Active,100388,,100731,100415,,,,,,,,,Gamma,100356,,,Other,100275,100673,,morgan.reyes@sampleco.test,diego.larsson@demomail.test,Product Update,100056,,,,,,,,,,101836,,,,,
100694,Contact,102186,avery.rossi@demomail.test,Liam Kim,2025-01-05 13:35:00,diego.whitfield@demomail.test,Drew Brooks,2025-02-14 02:50:00,arjun.nguyen@acme-fake.test,Chen Mercer,2025-06-19 22:47:00,nina.haddad@sampleco.test,Mei Nguyen,2024-01-18 14:42:00,Y,Reese Nguyen,Chen Mercer,Rahul Vance,LOT-7662,Support Specialist,,,,,,,,,SKU-4235,rahul.vance@sampleco.test,,,,Active,,100531,100257,100596,100316,,,,,100417,,100487,Beta,100352,,,Standard,,100331,,rahul.whitfield@examplecorp.test,reese.mensah@examplecorp.test,Product Update,100034,Copper Textiles LLP,Standard,,,,,,,,,,,,,
100398,Contact,102188,rahul.whitfield@examplecorp.test,Aisha Brooks,2025-03-28 17:46:00,drew.dorsey@demomail.test,Arjun Mensah,2023-12-18 23:26:00,avery.rossi@demomail.test,Priya Sloan,2025-07-31 04:30:00,casey.cohen@sampleco.test,Elena Whitfield,2024-05-03 15:23:00,Y,Reese Dorsey,Morgan Sloan,Arjun Vance,SKU-9796,Data Analyst,,,,,Standard,,,SKU-1312,LOT-3265,arjun.vance@sampleco.test,,,,Active,100169,,100654,,100344,,,,,100523,,,Delta,100546,,Y,Other,100171,,,riley.vance@acme-fake.test,mei.silva@sampleco.test,Renewal Nudge,100758,,Alpha,100702,,,3,,,,101834,,,,N,
100576,Contact,102190,fatima.okafor@sampleco.test,Noah Vance,2023-02-12 07:40:00,taylor.kim@acme-fake.test,Casey Brooks,2023-06-02 14:33:00,sofia.cohen@examplecorp.test,Fatima Sato,2023-08-27 04:42:00,marco.nguyen@demomail.test,Reese Vance,2023-03-09 01:19:00,N,Liam Larsson,Casey Mensah,Fatima Silva,SKU-6317,Bookkeeper,,,,,,,,,SKU-2255,fatima.silva@examplecorp.test,,,,Inactive,100637,100076,100363,,100107,,,,,,,100148,Standard,100352,,,,100770,,,noah.nguyen@examplecorp.test,jamie.vance@sampleco.test,Re-engagement,100731,,,100371,,,,,,,,,,,N,
100455,Contact,102193,mei.sloan@acme-fake.test,Alex Calder,2023-01-31 15:47:00,casey.nguyen@acme-fake.test,Rahul Whitfield,2025-01-04 02:11:00,rowan.blake@examplecorp.test,Casey Dorsey,2022-11-11 16:41:00,liam.dorsey@sampleco.test,Jordan Mercer,2023-08-02 18:54:00,Y,Casey Ford,Noah Nguyen,Yara Cohen,REF-3740,HR Generalist,,,,,,,,REF-8938,TAG-5271,yara.cohen@examplecorp.test,,,,Active,,,100683,100153,100184,,,,,,,100686,Other,100782,,N,Delta,100119,100115,,fatima.ford@sampleco.test,sofia.patel@examplecorp.test,Event Invite,100026,Pioneer Systems Group,,,,,,,,,101859,,,,,
100467,Contact,102194,jordan.silva@examplecorp.test,Aisha Kim,2023-11-03 12:37:00,arjun.mercer@sampleco.test,Skyler Patel,2024-06-08 06:05:00,noah.calder@examplecorp.test,Diego Calder,2023-12-24 17:07:00,quinn.sato@acme-fake.test,Avery Brooks,2024-12-02 06:49:00,Y,Omar Ashby,Omar Vance,Yara Dorsey,REF-5318,Operations Associate,,,,,,,,REF-3073,TAG-1067,yara.dorsey@demomail.test,,,,Active,100075,,100388,100731,100232,,,,,100555,,,Alpha,100742,,,,,100025,,drew.nguyen@examplecorp.test,skyler.patel@demomail.test,Re-engagement,100329,Cobalt Partners Inc,,,,,,,,,101796,,,,Y,
100040,Contact,102197,skyler.reyes@sampleco.test,Diego Kim,2023-02-11 15:14:00,priya.reyes@sampleco.test,Taylor Okafor,2026-02-16 16:31:00,rahul.mensah@acme-fake.test,Reese Mercer,2025-09-16 01:16:00,marco.cohen@sampleco.test,Liam Garcia,2025-05-15 16:49:00,Y,Arjun Okafor,Chen Sloan,Arjun Larsson,LOT-8714,Project Manager,,,,,,,,,SKU-8183,arjun.larsson@demomail.test,,,,Active,100531,100240,100086,100389,,,,,,,,100111,Delta,100034,,,Beta,100729,100683,,priya.larsson@demomail.test,casey.whitfield@acme-fake.test,Event Invite,100658,Brightpath Dynamics Inc,,,,,,,,,101871,,,,Y,
100803,Contact,102198,chen.larsson@acme-fake.test,Aisha Mensah,2026-02-01 12:34:00,riley.costa@acme-fake.test,Fatima Whitfield,2023-10-27 14:02:00,rahul.cohen@demomail.test,Morgan Okafor,2025-11-16 20:24:00,chen.sato@sampleco.test,Rahul Rossi,2023-04-11 22:48:00,Y,Skyler Rossi,Rowan Silva,Fatima Haddad,TAG-7896,Software Developer,,,,,,,,REF-8626,REF-3531,fatima.haddad@sampleco.test,,,,Active,,100291,100760,100694,,,,,,100169,,100473,Gamma,100774,,,,,100343,,sofia.brooks@examplecorp.test,diego.ford@demomail.test,Event Invite,100090,Silverline Industries Inc,Beta,100610,,,,,,,101822,,,,Y,
100656,Contact,102200,sofia.larsson@examplecorp.test,Yara Haddad,2025-10-21 11:11:00,avery.ashby@sampleco.test,Yara Costa,2022-11-27 18:30:00,liam.ivanov@acme-fake.test,Rahul Haddad,2025-06-08 18:22:00,diego.mercer@demomail.test,Emerson Sloan,2023-10-24 21:10:00,Y,Chen Patel,Drew Whitfield,Yara Mensah,SKU-2706,QA Engineer,,,,,,,,,TAG-5226,yara.mensah@examplecorp.test,,,,Active,100634,100443,100469,100153,,,,,,100332,,,Alpha,100224,,,Standard,100212,100146,,skyler.sato@acme-fake.test,fatima.nguyen@demomail.test,Product Update,100063,,Alpha,,,,,,,,101803,,,,N,
100290,Contact,102203,jordan.cohen@sampleco.test,Jordan Dorsey,2025-08-13 16:55:00,avery.costa@sampleco.test,Arjun Larsson,2025-04-10 06:28:00,taylor.whitfield@sampleco.test,Arjun Reyes,2025-01-20 02:22:00,rahul.vance@demomail.test,Nina Mercer,2024-03-28 10:16:00,N,Rahul Cohen,Rahul Cohen,Taylor Vance,REF-5751,Accountant,,,,Alpha,,,9500,,SKU-1941,taylor.vance@sampleco.test,,,,Inactive,,,100758,100148,100449,,,,,,,100190,Gamma,100319,,,Other,,,,noah.rossi@demomail.test,alex.blake@acme-fake.test,Event Invite,100496,Evergreen Health Corp,,100759,,,,,,,,,,,Y,
100343,Contact,102205,jamie.patel@demomail.test,Avery Costa,2024-05-04 19:26:00,rahul.cohen@demomail.test,Omar Sato,2024-05-07 17:35:00,emerson.nguyen@demomail.test,Marco Garcia,2026-03-16 03:23:00,nina.cohen@acme-fake.test,Taylor Sato,2024-09-22 03:36:00,Y,Rowan Calder,Rahul Silva,Omar Patel,SKU-1837,Support Specialist,,,,,Beta,,,,REF-6218,omar.patel@examplecorp.test,,,,Active,100786,,100424,100368,100386,,,,,100434,,,Delta,100548,,,Gamma,100720,100366,,morgan.okafor@acme-fake.test,chen.sloan@demomail.test,Renewal Nudge,100216,,,,,,,,,,101859,,,,Y,
100481,Contact,102207,nina.nguyen@acme-fake.test,Priya Haddad,2025-10-03 17:50:00,liam.patel@sampleco.test,Taylor Ivanov,2025-11-29 05:16:00,mei.nguyen@acme-fake.test,Emerson Cohen,2024-10-28 16:05:00,aisha.vance@acme-fake.test,Avery Ford,2025-07-05 10:27:00,Y,Omar Patel,Chen Haddad,Arjun Costa,REF-4855,Customer Success Manager,,,,,,,,,LOT-3558,arjun.costa@examplecorp.test,,,,Active,100325,,100281,100239,100336,,,,,,,100272,Other,100598,,,Gamma,100588,100726,,rowan.vance@sampleco.test,jordan.silva@examplecorp.test,Quarterly Newsletter,100269,,Delta,100395,,,,,,,,,,,,
100408,Contact,102209,yara.calder@examplecorp.test,Rahul Silva,2024-02-19 21:44:00,avery.calder@demomail.test,Rowan Okafor,2026-06-30 08:51:00,priya.sloan@demomail.test,Quinn Reyes,2023-09-10 13:07:00,aisha.cohen@acme-fake.test,Fatima Kim,2023-12-14 15:18:00,Y,Drew Sloan,Chen Silva,Sofia Costa,LOT-6496,Software Developer,,,,Delta,,,,,TAG-5494,sofia.costa@acme-fake.test,,,,Active,,100656,100331,100688,100593,,,,,100475,,100368,Other,100604,,,Gamma,100101,,,diego.sloan@examplecorp.test,priya.costa@demomail.test,Product Update,100429,,,,,,,,,,101814,,,,,N
100342,Contact,102210,rowan.vance@sampleco.test,Morgan Cohen,2023-01-24 05:01:00,jordan.larsson@sampleco.test,Fatima Patel,2026-01-04 12:35:00,rahul.calder@demomail.test,Nina Costa,2023-09-14 13:54:00,chen.larsson@demomail.test,Riley Ivanov,2025-09-16 14:19:00,N,Yara Cohen,Jordan Sato,Elena Blake,SKU-8556,Marketing Coordinator,,,,,,,,,TAG-4843,elena.blake@sampleco.test,,,,Inactive,,100115,100615,100030,,,,,,100101,,100030,Alpha,100146,,,Other,,100554,,riley.haddad@examplecorp.test,alex.ford@demomail.test,Renewal Nudge,100738,Horizon Retail Group,,100010,,,,,,,101851,,,,Y,
100377,Contact,102212,liam.larsson@demomail.test,Nina Ivanov,2026-04-08 04:22:00,noah.ashby@sampleco.test,Rahul Calder,2025-05-15 09:38:00,diego.ashby@sampleco.test,Drew Garcia,2025-10-21 17:31:00,liam.cohen@acme-fake.test,Casey Calder,2025-12-26 19:30:00,Y,Reese Sato,Mei Ivanov,Sofia Vance,LOT-8186,Marketing Coordinator,,,,,,,,,REF-6640,sofia.vance@examplecorp.test,,,,Active,,,100215,,100075,,,,,100782,,,Beta,100186,,,,100034,100255,,elena.mercer@demomail.test,taylor.whitfield@acme-fake.test,Renewal Nudge,100107,Harbor Solutions LLC,Beta,100485,,,,,,,101866,,,,N,
100734,Contact,102213,elena.larsson@demomail.test,Avery Blake,2025-03-04 15:49:00,yara.dorsey@demomail.test,Nina Silva,2023-08-12 16:26:00,avery.mercer@examplecorp.test,Alex Larsson,2025-02-25 16:47:00,liam.okafor@sampleco.test,Arjun Vance,2023-02-17 20:05:00,Y,Mei Costa,Marco Ivanov,Avery Rossi,SKU-9453,Marketing Coordinator,,,,,,,,,TAG-5065,avery.rossi@demomail.test,,,,Active,100729,100275,100161,100185,100683,,,,,100685,,,Alpha,100753,,,Standard,,,,arjun.reyes@sampleco.test,alex.vance@sampleco.test,Quarterly Newsletter,100332,,Delta,100359,,,,,,,,,,,N,Y
100073,Contact,102216,morgan.vance@acme-fake.test,Avery Cohen,2024-12-10 08:55:00,elena.mensah@demomail.test,Liam Brooks,2025-06-25 04:49:00,elena.calder@examplecorp.test,Noah Vance,2025-11-18 10:00:00,sofia.mensah@examplecorp.test,Nina Blake,2023-04-24 01:34:00,Y,Skyler Cohen,Skyler Costa,Reese Larsson,TAG-3766,Data Analyst,,,,,,,,LOT-1603,LOT-4221,reese.larsson@acme-fake.test,,,,Active,100563,100377,100340,,100243,,,,,,,,Other,100136,,,Other,100308,100370,,jamie.okafor@examplecorp.test,emerson.larsson@acme-fake.test,Quarterly Newsletter,100370,,Other,100484,,,,,,,,,,,N,N
100535,Contact,102219,liam.nguyen@examplecorp.test,Noah Dorsey,2024-07-12 18:16:00,taylor.brooks@demomail.test,Rahul Whitfield,2023-06-21 11:36:00,mei.brooks@examplecorp.test,Diego Mensah,2025-08-11 08:57:00,diego.okafor@sampleco.test,Chen Dorsey,2024-02-10 02:31:00,Y,Jamie Sato,Sofia Brooks,Riley Ashby,LOT-8036,Software Developer,,,,,,,,,SKU-5021,riley.ashby@sampleco.test,,,,Active,100382,100708,100786,100532,,,,,,100546,,100437,Other,100003,,,Gamma,100182,100729,,marco.silva@demomail.test,casey.vance@acme-fake.test,Product Update,100313,,Standard,,,,,,,,,,,,N,
100080,Contact,102220,rowan.larsson@acme-fake.test,Rowan Mercer,2024-11-14 12:27:00,mei.okafor@demomail.test,Rowan Dorsey,2023-04-22 00:30:00,casey.dorsey@demomail.test,Arjun Garcia,2026-02-07 20:41:00,arjun.blake@demomail.test,Alex Calder,2025-10-31 12:54:00,N,Jamie Haddad,Arjun Dorsey,Jamie Blake,LOT-3330,Recruiter,,,,,,,,,LOT-4177,jamie.blake@examplecorp.test,,,,Inactive,100763,,100771,100308,100008,SKU-9225,,,,100058,,100342,Beta,100281,,,,100281,,,diego.larsson@sampleco.test,reese.silva@sampleco.test,Renewal Nudge,100016,Harbor Foods Ltd,Delta,,,1,,,,,101816,,,,N,
100186,Contact,102222,chen.cohen@examplecorp.test,Rowan Ford,2023-10-25 12:48:00,mei.kim@sampleco.test,Skyler Calder,2023-11-27 15:41:00,fatima.mercer@acme-fake.test,Liam Patel,2023-08-26 13:54:00,priya.ashby@examplecorp.test,Taylor Sloan,2024-04-22 19:08:00,Y,Quinn Ivanov,Taylor Ivanov,Emerson Sloan,REF-2910,Customer Success Manager,,,,,,,,REF-1955,TAG-1596,emerson.sloan@examplecorp.test,,,,Active,,,100041,100351,,,,,,,,100363,Gamma,100168,,Y,Standard,100069,100305,,rowan.sato@sampleco.test,taylor.brooks@acme-fake.test,Re-engagement,100744,Evergreen Energy Group,Standard,100267,,,,,,,101803,,,,N,
100641,Contact,102224,yara.kim@sampleco.test,Emerson Patel,2024-05-02 13:59:00,quinn.silva@sampleco.test,Diego Brooks,2023-01-28 22:40:00,emerson.larsson@demomail.test,Quinn Whitfield,2023-07-14 08:53:00,morgan.patel@examplecorp.test,Morgan Mensah,2024-07-09 01:49:00,N,Nina Mensah,Omar Rossi,Jordan Dorsey,TAG-2823,Support Specialist,,,Delta,,,,,TAG-3849,LOT-2641,jordan.dorsey@acme-fake.test,,,,Inactive,,,100119,100332,100685,,,,,,,100008,Standard,100051,,,,,100142,,marco.ashby@acme-fake.test,chen.nguyen@examplecorp.test,Quarterly Newsletter,100295,,Alpha,100767,,,,,,,,,,,Y,
100213,Contact,102225,reese.larsson@acme-fake.test,Priya Haddad,2026-05-13 12:26:00,priya.rossi@demomail.test,Fatima Reyes,2024-04-21 19:17:00,marco.brooks@examplecorp.test,Liam Ivanov,2022-10-11 05:35:00,drew.sloan@examplecorp.test,Marco Garcia,2025-08-10 00:54:00,Y,Drew Sato,Aisha Nguyen,Diego Dorsey,REF-9397,Customer Success Manager,,,,,,,,,TAG-7595,diego.dorsey@examplecorp.test,,,,Active,100380,100699,100352,100759,100025,,,,,,,100759,Alpha,100582,,,Gamma,100030,100598,,drew.garcia@acme-fake.test,alex.vance@sampleco.test,Event Invite,100117,Beacon Group Inc,Standard,100203,,,,,,,,Y,,,,
100217,Contact,102228,avery.sloan@sampleco.test,Noah Ivanov,2025-04-28 06:40:00,marco.mensah@demomail.test,Morgan Ashby,2024-06-09 00:09:00,morgan.mensah@demomail.test,Casey Larsson,2025-03-26 19:48:00,morgan.larsson@sampleco.test,Quinn Larsson,2023-03-06 07:42:00,N,Riley Haddad,Morgan Ivanov,Casey Rossi,TAG-6313,Recruiter,,,,,,,,SKU-4510,SKU-6242,casey.rossi@sampleco.test,,,,Inactive,,100408,100449,100343,,TAG-7913,,,,100097,,100683,Gamma,100517,,,Other,100073,100110,,fatima.costa@acme-fake.test,mei.larsson@demomail.test,Re-engagement,100215,,Alpha,100356,,,,,,,,N,,,,
100363,Contact,102229,jordan.mensah@sampleco.test,Noah Blake,2023-12-29 18:53:00,fatima.calder@sampleco.test,Marco Dorsey,2023-10-15 15:35:00,avery.ashby@demomail.test,Yara Vance,2025-06-13 16:20:00,noah.ivanov@sampleco.test,Alex Sato,2022-12-31 16:41:00,N,Priya Haddad,Fatima Blake,Aisha Ford,,Customer Success Manager,,,,,,,,,REF-9928,aisha.ford@sampleco.test,,,,Inactive,100800,100031,100158,,100484,,,,,100376,,100685,Gamma,100272,,,,100749,100598,,rowan.ivanov@sampleco.test,diego.larsson@examplecorp.test,Event Invite,100597,Vertex Capital Inc,Alpha,,,,7,,,,,,,,,
100008,Contact,102231,emerson.haddad@demomail.test,Rahul Ivanov,2024-04-29 06:09:00,emerson.cohen@demomail.test,Fatima Haddad,2023-05-24 00:45:00,sofia.nguyen@demomail.test,Jamie Ford,2025-07-04 22:55:00,riley.mercer@examplecorp.test,Sofia Rossi,2026-03-03 15:15:00,Y,Chen Vance,Noah Haddad,Elena Ford,TAG-7240,Support Specialist,,,,,,TAG-9971,,,TAG-6165,elena.ford@sampleco.test,,,,Active,,100673,100012,100017,,,,,,100286,,,Beta,100688,,,,100119,,,reese.brooks@demomail.test,jamie.ashby@acme-fake.test,Event Invite,100445,Delta Analytics Co,,100189,,,,,,,101826,,,,,
100119,Contact,102234,elena.ford@demomail.test,Liam Dorsey,2024-04-01 23:19:00,marco.vance@acme-fake.test,Riley Haddad,2024-02-17 08:47:00,chen.whitfield@sampleco.test,Mei Brooks,2024-09-30 01:56:00,mei.mensah@acme-fake.test,Emerson Cohen,2023-04-17 02:36:00,N,Quinn Ashby,Diego Silva,Liam Costa,TAG-2672,Payroll Specialist,,,,,,,,,TAG-9967,liam.costa@demomail.test,,,,Inactive,100731,100206,100464,100182,100685,,,,,100023,,,Delta,100153,,Y,,100681,100099,,mei.larsson@demomail.test,riley.ashby@demomail.test,Event Invite,100128,,Alpha,100005,,,,,,,,,,,Y,
100799,Contact,102237,fatima.okafor@sampleco.test,Jordan Haddad,2022-10-12 06:33:00,rowan.larsson@acme-fake.test,Nina Nguyen,2023-06-03 11:49:00,reese.ashby@sampleco.test,Casey Ivanov,2025-08-28 14:56:00,avery.silva@acme-fake.test,Avery Mensah,2023-09-08 11:06:00,Y,Taylor Sloan,Marco Reyes,Aisha Rossi,REF-8895,QA Engineer,,,,,,,,TAG-3140,TAG-3645,aisha.rossi@examplecorp.test,,,,Active,100664,100474,100037,,,,,,,100393,,,Beta,100670,,,Other,100241,100772,,chen.calder@acme-fake.test,reese.cohen@examplecorp.test,Event Invite,100673,,Alpha,100188,,,,,,,101839,,,,,
100070,Contact,102239,fatima.kim@demomail.test,Nina Nguyen,2025-07-06 21:40:00,drew.silva@examplecorp.test,Rowan Ashby,2026-03-16 12:39:00,rahul.kim@examplecorp.test,Riley Kim,2025-09-17 03:33:00,rahul.silva@acme-fake.test,Jordan Haddad,2023-03-01 12:36:00,Y,Arjun Kim,Skyler Haddad,Jamie Vance,REF-9021,Bookkeeper,,,,,,,,,LOT-2558,jamie.vance@examplecorp.test,,,,Active,,100496,100607,100389,,,,,,100723,,100601,Standard,100177,,,,100041,100348,,aisha.blake@examplecorp.test,elena.whitfield@examplecorp.test,Re-engagement,100800,,,100532,,,,,,,101862,,,,Y,
100343,Contact,102241,drew.reyes@sampleco.test,Morgan Ivanov,2023-10-30 02:35:00,avery.ashby@demomail.test,Jordan Larsson,2026-03-04 19:05:00,sofia.rossi@demomail.test,Quinn Cohen,2024-02-24 01:41:00,elena.blake@demomail.test,Alex Vance,2022-11-30 14:53:00,Y,Nina Dorsey,Chen Costa,Marco Ashby,TAG-9734,Accountant,,,,,,,,,SKU-2498,marco.ashby@acme-fake.test,,,,Active,100295,100239,100485,100798,100627,,,,,,,100053,Alpha,100454,,,Other,,100139,,priya.mensah@acme-fake.test,aisha.nguyen@demomail.test,Quarterly Newsletter,100517,Northwind Financial LLP,Beta,,,,,,,,101836,,,,,
100374,Contact,102242,drew.garcia@acme-fake.test,Jordan Garcia,2023-12-13 22:38:00,morgan.dorsey@sampleco.test,Chen Vance,2024-04-13 20:05:00,diego.nguyen@acme-fake.test,Jordan Mensah,2024-10-07 16:51:00,mei.whitfield@examplecorp.test,Sofia Ivanov,2026-07-23 22:44:00,Y,Reese Calder,Jordan Ford,Morgan Haddad,TAG-3388,Project Manager,,,,,Delta,,,,SKU-2024,morgan.haddad@sampleco.test,,,,Active,100389,100189,100395,100459,,REF-8750,,,,,,100481,Delta,100551,,,Gamma,100645,100195,,omar.ford@examplecorp.test,rahul.calder@acme-fake.test,Quarterly Newsletter,100275,Cobalt Industries Inc,Gamma,100069,,,,,,,,,,,,
100080,Contact,102243,arjun.dorsey@acme-fake.test,Sofia Nguyen,2025-06-16 15:27:00,marco.blake@demomail.test,Avery Blake,2026-01-17 23:23:00,rowan.reyes@acme-fake.test,Jordan Ivanov,2025-11-06 02:31:00,elena.vance@examplecorp.test,Mei Haddad,2025-05-28 20:29:00,Y,Jamie Whitfield,Elena Sato,Rowan Patel,REF-3764,Support Specialist,,,,,,,,LOT-2790,SKU-7723,rowan.patel@examplecorp.test,,,,Active,,,100073,100688,,,,,,100582,,,Delta,100400,,,Gamma,100236,100151,,taylor.okafor@acme-fake.test,emerson.haddad@demomail.test,Re-engagement,100008,,Beta,100319,,,,,,,101857,,,,Y,
100309,Contact,102245,emerson.ashby@acme-fake.test,Jamie Cohen,2024-05-18 13:17:00,chen.haddad@demomail.test,Emerson Blake,2022-11-26 20:54:00,diego.reyes@examplecorp.test,Taylor Ashby,2025-06-25 05:48:00,jordan.silva@acme-fake.test,Alex Ford,2026-03-03 01:39:00,N,Elena Garcia,Drew Dorsey,Quinn Haddad,REF-8377,HR Generalist,,,,,,,,LOT-2568,LOT-4914,quinn.haddad@demomail.test,,,,Inactive,,,100506,100153,,,,,,100723,,,Gamma,100134,,,Delta,,100272,,fatima.calder@sampleco.test,skyler.sloan@examplecorp.test,Re-engagement,100062,Silverline Robotics Group,,,,,,,,,,,,,,
100016,Contact,102247,yara.kim@acme-fake.test,Omar Ford,2023-06-02 13:08:00,emerson.mercer@sampleco.test,Fatima Mercer,2024-10-21 04:15:00,omar.dorsey@sampleco.test,Drew Costa,2024-12-19 17:10:00,drew.reyes@demomail.test,Nina Mensah,2026-04-08 19:31:00,N,Reese Ford,Nina Whitfield,Chen Cohen,LOT-1807,Bookkeeper,,,,,,,,,REF-6740,chen.cohen@examplecorp.test,,,,Inactive,100254,100301,100596,100568,100415,,,,,100178,,100328,Standard,100462,,,,100563,100796,,rahul.reyes@examplecorp.test,drew.sato@sampleco.test,Event Invite,100426,Summit Holdings Group,,100481,,,,8,,,,,,,,N
100421,Contact,102250,alex.calder@examplecorp.test,Aisha Ashby,2024-10-28 19:47:00,quinn.brooks@demomail.test,Casey Ford,2025-05-28 08:32:00,alex.ashby@examplecorp.test,Aisha Whitfield,2024-05-16 10:08:00,priya.garcia@sampleco.test,Reese Brooks,2024-03-09 15:47:00,Y,Sofia Sato,Taylor Ashby,Taylor Ashby,LOT-7410,Software Developer,,,,,,,,,LOT-2774,taylor.ashby@examplecorp.test,,,,Active,100770,,100186,100782,100596,,,,,100517,,,Delta,100418,,,Delta,100498,100560,,rahul.cohen@sampleco.test,elena.costa@sampleco.test,Renewal Nudge,100200,,Alpha,100731,,,8,,,,101830,,,,,
100464,Contact,102253,aisha.blake@demomail.test,Noah Sloan,2023-02-26 23:58:00,priya.ford@acme-fake.test,Rahul Whitfield,2024-01-17 18:04:00,priya.haddad@sampleco.test,Fatima Garcia,2024-07-16 17:25:00,riley.cohen@acme-fake.test,Arjun Okafor,2026-07-06 03:11:00,Y,Marco Ivanov,Arjun Dorsey,Avery Calder,TAG-9675,Operations Associate,,,,,,,,TAG-3584,REF-2733,avery.calder@sampleco.test,,,,Active,100248,100115,100153,,100597,,,,,100424,,,Beta,100569,,,Alpha,100049,,,skyler.cohen@demomail.test,reese.sloan@sampleco.test,Event Invite,100014,,Alpha,100298,,6,7,,,,101838,,,,,
100080,Contact,102255,reese.vance@sampleco.test,Reese Larsson,2023-10-19 07:55:00,riley.nguyen@sampleco.test,Reese Costa,2023-05-10 20:13:00,diego.sato@sampleco.test,Nina Sato,2025-02-03 13:31:00,jamie.reyes@demomail.test,Yara Rossi,2024-09-28 17:49:00,Y,Sofia Mercer,Fatima Blake,Jordan Silva,SKU-3161,Financial Analyst,,,,,,LOT-5665,,SKU-6836,REF-7431,jordan.silva@acme-fake.test,,,,Active,,100767,100731,100474,100120,,,,,,,100368,Gamma,100692,,,Delta,,,,casey.ashby@demomail.test,morgan.calder@sampleco.test,Quarterly Newsletter,100569,Cardinal Ventures LLP,,,,10,,,,,101780,Y,,,Y,
100172,Contact,102256,casey.sato@acme-fake.test,Priya Ivanov,2024-06-23 01:20:00,riley.ashby@sampleco.test,Avery Silva,2025-02-01 17:06:00,taylor.rossi@sampleco.test,Priya Blake,2026-04-05 01:13:00,emerson.ford@examplecorp.test,Jamie Silva,2022-11-03 20:23:00,Y,Rahul Vance,Quinn Larsson,Mei Garcia,TAG-7159,Operations Associate,,,,,,,,,TAG-3841,mei.garcia@demomail.test,,,,Active,100046,100122,100686,100741,,,,,,100558,,100377,Delta,100309,,,,,,,rowan.garcia@examplecorp.test,quinn.kim@examplecorp.test,Event Invite,100185,Northwind Labs Inc,Other,100115,,,,0,,,101839,,,,N,
100410,Contact,102258,arjun.haddad@acme-fake.test,Rowan Silva,2025-05-30 13:37:00,riley.mercer@acme-fake.test,Marco Dorsey,2026-06-06 19:47:00,noah.blake@examplecorp.test,Omar Haddad,2023-10-23 22:03:00,liam.mensah@examplecorp.test,Morgan Sloan,2025-10-08 10:23:00,Y,Riley Mercer,Morgan Brooks,Reese Whitfield,SKU-5447,Data Analyst,,,,,,,,,REF-6691,reese.whitfield@sampleco.test,,,,Active,,100777,100449,100563,,,,,,100645,,100591,Other,100075,,,Other,,100603,,chen.mensah@acme-fake.test,diego.patel@demomail.test,Re-engagement,100631,Redwood Retail Inc,,100417,,,,,,,101786,,,,Y,
100554,Contact,102261,elena.ford@demomail.test,Avery Dorsey,2024-01-21 00:53:00,noah.costa@demomail.test,Mei Rossi,2025-12-26 09:03:00,chen.okafor@demomail.test,Rowan Calder,2026-02-13 19:42:00,nina.calder@acme-fake.test,Arjun Dorsey,2022-12-23 07:25:00,Y,Omar Larsson,Alex Cohen,Casey Reyes,TAG-9060,QA Engineer,,SKU-4965,,,,,,,TAG-7330,casey.reyes@acme-fake.test,,,,Active,100746,,100389,100008,100731,TAG-1491,,,,100522,,100632,Other,100040,,,Standard,100119,,,quinn.reyes@examplecorp.test,noah.ivanov@acme-fake.test,Product Update,100475,Horizon Robotics LLC,,,,,,,,,101838,,,,N,
100661,Contact,102264,sofia.nguyen@demomail.test,Rahul Silva,2025-01-16 09:42:00,jamie.rossi@examplecorp.test,Mei Patel,2025-04-23 02:17:00,nina.vance@sampleco.test,Riley Kim,2024-02-28 22:47:00,sofia.sato@acme-fake.test,Riley Sato,2025-02-16 04:15:00,Y,Arjun Mercer,Sofia Haddad,Elena Brooks,SKU-9487,Financial Analyst,,,,,,REF-6633,,LOT-3694,SKU-2180,elena.brooks@acme-fake.test,,,,Active,,,100481,,,,,,,,,100209,Other,100169,,,Other,100418,100474,,rowan.silva@examplecorp.test,jordan.vance@examplecorp.test,Product Update,100291,,Gamma,100182,,6,,,,,101870,,,,,
100454,Contact,102266,emerson.ashby@examplecorp.test,Marco Haddad,2024-12-27 04:04:00,liam.larsson@demomail.test,Sofia Ashby,2023-04-27 19:40:00,quinn.okafor@sampleco.test,Alex Okafor,2026-06-18 19:32:00,omar.cohen@demomail.test,Diego Nguyen,2024-04-08 00:29:00,Y,Arjun Sloan,Riley Calder,Nina Ford,LOT-9345,HR Generalist,,,,Standard,,,,,TAG-4636,nina.ford@examplecorp.test,,,,Active,,100591,100548,,100642,,,,,100625,,100624,Beta,100146,,,Other,,100421,,priya.sloan@sampleco.test,elena.calder@demomail.test,Renewal Nudge,100642,,,100240,,,,,,,101826,,,,N,
100573,Contact,102269,emerson.blake@demomail.test,Jamie Nguyen,2024-04-22 10:09:00,morgan.garcia@demomail.test,Liam Blake,2025-09-16 07:31:00,alex.silva@acme-fake.test,Omar Reyes,2025-01-31 23:04:00,jamie.blake@acme-fake.test,Priya Cohen,2023-06-03 21:16:00,Y,Skyler Brooks,Quinn Cohen,Avery Brooks,SKU-2349,Project Manager,,,,Other,,,,,REF-2433,avery.brooks@sampleco.test,,,,Active,,,100456,100184,100551,,,,,,,,Gamma,100548,,,Delta,100628,,,rowan.sloan@demomail.test,mei.patel@sampleco.test,Event Invite,100075,,Gamma,,,,,,,,,,,,Y,
100128,Contact,102272,aisha.silva@demomail.test,Yara Costa,2026-07-02 08:46:00,liam.sloan@sampleco.test,Elena Costa,2023-05-18 18:53:00,nina.rossi@acme-fake.test,Emerson Vance,2025-10-31 04:23:00,mei.cohen@acme-fake.test,Morgan Sloan,2024-05-09 17:05:00,Y,Omar Ford,Mei Larsson,Drew Patel,REF-4122,QA Engineer,,,,,,,,,LOT-4130,drew.patel@examplecorp.test,,,,Active,100309,100331,100588,100069,100295,,,,,100236,,100506,Gamma,100516,,,Delta,,100046,,jamie.cohen@examplecorp.test,nina.whitfield@examplecorp.test,Renewal Nudge,100269,,,,,,,5,,,101859,Y,,,Y,
100576,Contact,102274,sofia.haddad@examplecorp.test,Quinn Brooks,2024-12-03 10:32:00,morgan.mensah@sampleco.test,Jamie Kim,2026-05-30 11:18:00,taylor.nguyen@demomail.test,Quinn Blake,2025-08-18 15:51:00,yara.silva@sampleco.test,Aisha Ashby,2022-10-03 21:47:00,Y,Taylor Sloan,Mei Patel,Taylor Okafor,SKU-4741,Data Analyst,,SKU-4967,,,,,,,REF-8730,taylor.okafor@sampleco.test,,,,Active,,100474,100518,100090,100217,,,,,,,100091,Alpha,100649,,,Other,100708,,,rowan.rossi@sampleco.test,priya.kim@demomail.test,Renewal Nudge,100679,,Other,,,,,,,,101800,,,,,
100333,Contact,102275,avery.rossi@acme-fake.test,Arjun Patel,2025-10-26 12:32:00,liam.costa@acme-fake.test,Marco Ford,2024-08-14 14:26:00,aisha.dorsey@demomail.test,Reese Sloan,2022-11-14 23:58:00,liam.rossi@examplecorp.test,Taylor Sato,2025-01-17 06:21:00,Y,Fatima Haddad,Priya Garcia,Mei Mensah,TAG-6606,Support Specialist,,,,,,,,,SKU-3590,mei.mensah@sampleco.test,,,,Active,,,100738,,100126,,,,,100477,,100686,Other,100086,,,Beta,,100434,,drew.dorsey@demomail.test,jamie.vance@acme-fake.test,Event Invite,100596,,Gamma,,,6,,,,,101797,,,,,
100628,Contact,102278,rahul.blake@acme-fake.test,Marco Calder,2025-01-27 22:46:00,fatima.brooks@demomail.test,Priya Blake,2024-10-08 17:42:00,aisha.silva@demomail.test,Marco Nguyen,2024-05-25 17:54:00,rowan.mensah@examplecorp.test,Noah Rossi,2024-05-01 21:00:00,Y,Rowan Costa,Morgan Kim,Alex Sato,REF-3109,Financial Analyst,,,,,,,,,TAG-1347,alex.sato@demomail.test,,,,Active,,,100205,100500,100044,,,,,100213,,,Gamma,100139,,,Gamma,,100029,,avery.calder@examplecorp.test,drew.patel@demomail.test,Event Invite,100413,Beacon Systems Corp,,,,,,,,,,N,,,,
100376,Contact,102279,omar.silva@acme-fake.test,Nina Blake,2025-03-26 12:32:00,avery.kim@sampleco.test,Rowan Haddad,2024-09-09 01:23:00,reese.dorsey@sampleco.test,Rahul Vance,2025-10-26 22:54:00,fatima.ivanov@acme-fake.test,Aisha Vance,2026-07-03 06:03:00,Y,Aisha Blake,Sofia Calder,Fatima Larsson,LOT-1717,Executive Assistant,,,,,,,,,REF-8763,fatima.larsson@demomail.test,,,,Active,100101,100616,100774,100455,100518,,,,,100363,,,Other,100265,,,,100111,100309,,avery.nguyen@sampleco.test,skyler.kim@demomail.test,Event Invite,100034,Atlas Ventures Co,Beta,100616,,,,,,,101854,,,,N,
100555,Contact,102281,elena.nguyen@sampleco.test,Riley Garcia,2024-05-04 15:57:00,avery.whitfield@examplecorp.test,Taylor Silva,2024-09-02 18:20:00,rowan.okafor@sampleco.test,Arjun Sato,2024-10-18 10:28:00,arjun.silva@examplecorp.test,Arjun Haddad,2025-04-01 15:44:00,Y,Jamie Blake,Quinn Sato,Arjun Sato,REF-2737,Project Manager,,,,,,,,LOT-3645,LOT-2822,arjun.sato@examplecorp.test,,,,Active,100186,100596,100216,100134,100792,,,,,,,100168,Gamma,100746,,,Other,100661,100236,,fatima.sloan@sampleco.test,reese.vance@examplecorp.test,Quarterly Newsletter,100744,Granite Manufacturing Inc,,100400,,,,,,,,,,,,
100445,Contact,102284,liam.nguyen@examplecorp.test,Chen Blake,2026-06-23 10:53:00,rowan.sloan@acme-fake.test,Rowan Ford,2022-11-09 02:23:00,marco.calder@demomail.test,Fatima Nguyen,2025-08-27 03:37:00,rowan.larsson@demomail.test,Yara Brooks,2026-01-01 06:17:00,N,Arjun Silva,Rahul Okafor,Elena Blake,LOT-5522,Operations Associate,,,,,,,,,LOT-9631,elena.blake@demomail.test,,,,Inactive,100169,100555,100398,,100432,,,,,100673,,100176,Other,100020,,,,100736,100101,,taylor.silva@sampleco.test,fatima.ivanov@examplecorp.test,Product Update,100685,Falcon Capital,Beta,,,,,,,,,,,,,
100588,Contact,102285,morgan.ivanov@demomail.test,Mei Larsson,2025-01-11 14:23:00,jordan.ford@examplecorp.test,Fatima Costa,2024-08-13 17:30:00,jordan.vance@sampleco.test,Rowan Rossi,2025-08-15 14:50:00,aisha.ford@examplecorp.test,Aisha Kim,2024-05-25 04:44:00,Y,Elena Dorsey,Quinn Kim,Noah Brooks,SKU-1681,Data Analyst,,,,,,,,,TAG-1289,noah.brooks@demomail.test,,,,Active,100767,,100257,100227,100408,,,,,100500,,,Standard,100485,,,,100447,100780,,casey.patel@acme-fake.test,skyler.patel@acme-fake.test,Product Update,100063,Silverline Labs Co,,100301,,,,,,,101805,,,,N,
100582,Contact,102287,nina.silva@acme-fake.test,Aisha Whitfield,2024-12-14 19:35:00,liam.cohen@demomail.test,Diego Ashby,2023-11-09 19:20:00,quinn.nguyen@acme-fake.test,Noah Dorsey,2022-10-28 14:46:00,sofia.reyes@demomail.test,Alex Reyes,2026-07-21 05:56:00,Y,Drew Rossi,Sofia Calder,Skyler Sato,SKU-2660,Support Specialist,,,,,,,9098,,SKU-6755,skyler.sato@sampleco.test,,,,Active,,100667,100259,100464,100652,,,,,,,100117,Beta,100613,,,Alpha,100552,100232,,omar.larsson@sampleco.test,alex.whitfield@sampleco.test,Re-engagement,100005,Keystone Health LLC,,100313,,,,,,,,Y,,,,
100424,Contact,102290,sofia.nguyen@sampleco.test,Liam Cohen,2024-04-13 09:55:00,emerson.blake@examplecorp.test,Quinn Rossi,2025-06-06 02:11:00,arjun.cohen@demomail.test,Casey Ivanov,2025-04-09 13:14:00,alex.larsson@demomail.test,Diego Mercer,2025-12-10 07:08:00,Y,Taylor Mensah,Quinn Garcia,Fatima Brooks,REF-6110,Data Analyst,,,,,,,,REF-4730,TAG-3644,fatima.brooks@demomail.test,,,,Active,100382,100025,100699,100243,100393,,,,,100083,,,Alpha,100117,,N,,100062,100026,,avery.cohen@acme-fake.test,yara.kim@demomail.test,Renewal Nudge,100280,,,100793,,,,,,,,,,,,
100216,Contact,102292,emerson.ivanov@examplecorp.test,Morgan Rossi,2025-10-23 00:03:00,liam.dorsey@examplecorp.test,Reese Rossi,2026-06-11 01:01:00,skyler.sato@acme-fake.test,Yara Calder,2026-02-14 06:09:00,priya.whitfield@examplecorp.test,Mei Vance,2024-08-08 21:16:00,Y,Skyler Dorsey,Arjun Sloan,Marco Whitfield,LOT-8767,Financial Analyst,,,,,,,,,LOT-9097,marco.whitfield@acme-fake.test,,,,Active,,100509,100758,,,,,,,100447,,,Standard,100400,,,Standard,100576,100023,,fatima.kim@acme-fake.test,rowan.ford@sampleco.test,Quarterly Newsletter,100443,,Gamma,100293,,,,,,,,,,,Y,
100158,Contact,102295,nina.silva@acme-fake.test,Chen Blake,2026-07-15 04:50:00,skyler.mensah@acme-fake.test,Emerson Brooks,2024-08-29 10:48:00,elena.kim@sampleco.test,Noah Patel,2022-12-26 04:19:00,arjun.cohen@demomail.test,Reese Ivanov,2023-01-13 23:24:00,Y,Marco Sloan,Avery Cohen,Quinn Nguyen,TAG-2353,Accountant,,,,,,,,REF-5411,TAG-6213,quinn.nguyen@examplecorp.test,,,,Active,100063,100760,100455,100670,,,,,,100280,,100492,Standard,100295,,,,,100023,,arjun.mercer@examplecorp.test,rowan.larsson@sampleco.test,Event Invite,100699,Evergreen Health Group,,100634,,,,,,,,,,,,
100576,Contact,102298,emerson.patel@sampleco.test,Alex Dorsey,2025-01-19 09:39:00,alex.whitfield@sampleco.test,Alex Sato,2024-12-05 20:35:00,diego.ashby@acme-fake.test,Jordan Ford,2024-02-06 07:48:00,alex.calder@acme-fake.test,Skyler Costa,2023-03-08 04:24:00,Y,Rowan Sloan,Alex Brooks,Reese Okafor,SKU-4011,Recruiter,,,,,,,,SKU-8015,SKU-9784,reese.okafor@sampleco.test,,,,Active,,100101,100755,,,,,,,100328,,100664,Beta,100520,,,Gamma,100344,100587,,drew.larsson@examplecorp.test,morgan.sloan@demomail.test,Product Update,100481,Beacon Foods LLP,Delta,100798,,,,,,,101866,,,,Y,
100522,Contact,102299,priya.mercer@acme-fake.test,Mei Kim,2024-03-30 04:56:00,priya.costa@sampleco.test,Marco Nguyen,2026-02-16 07:56:00,nina.rossi@examplecorp.test,Chen Brooks,2025-03-05 06:40:00,riley.haddad@demomail.test,Casey Kim,2023-05-13 16:39:00,N,Elena Kim,Marco Sato,Priya Mensah,REF-2979,Financial Analyst,,,,,,,,SKU-4398,SKU-4967,priya.mensah@demomail.test,,,,Inactive,100452,100522,100418,,,,,,,100037,,,Beta,100215,,,,,100792,,elena.ashby@demomail.test,diego.ivanov@examplecorp.test,Product Update,100469,,,100285,,,,,,,101783,,,,,
100452,Contact,102302,omar.ashby@demomail.test,Liam Vance,2025-07-07 00:42:00,aisha.whitfield@acme-fake.test,Aisha Mercer,2023-02-13 17:41:00,elena.patel@examplecorp.test,Nina Larsson,2025-03-24 00:07:00,mei.reyes@acme-fake.test,Rahul Kim,2023-08-25 23:50:00,Y,Aisha Haddad,Nina Mercer,Jordan Blake,LOT-9920,Accountant,,,,,,,,,REF-2566,jordan.blake@acme-fake.test,,,,Active,100443,100770,100101,100774,100259,,,,,100305,,100673,Delta,100593,,,,,100075,,marco.cohen@sampleco.test,quinn.nguyen@sampleco.test,Event Invite,100617,Vertex Financial,Delta,,,,,,,,101873,,,,N,
100023,Contact,102305,arjun.blake@acme-fake.test,Liam Sato,2025-04-20 10:10:00,chen.larsson@sampleco.test,Liam Kim,2025-08-03 18:12:00,skyler.nguyen@sampleco.test,Noah Patel,2025-10-22 23:54:00,marco.ashby@acme-fake.test,Fatima Silva,2025-11-14 02:42:00,Y,Mei Larsson,Emerson Patel,Drew Sloan,SKU-6039,Accountant,,,,,,,,,LOT-7767,drew.sloan@acme-fake.test,,,,Active,100420,100628,100169,100374,,LOT-1063,,,,,,100685,Delta,100192,,,Delta,,100066,,reese.mercer@demomail.test,quinn.calder@demomail.test,Event Invite,100543,,,100189,,,,,,,101816,,,,,
100552,Contact,102307,jamie.calder@sampleco.test,Nina Ivanov,2025-03-26 18:00:00,mei.brooks@examplecorp.test,Omar Mensah,2023-07-23 03:59:00,avery.calder@demomail.test,Taylor Okafor,2022-10-29 18:37:00,nina.costa@demomail.test,Drew Larsson,2025-08-19 06:36:00,Y,Aisha Larsson,Yara Reyes,Marco Dorsey,REF-5334,Data Analyst,,,,,,,,,TAG-8489,marco.dorsey@examplecorp.test,,,,Active,,,100106,100075,100645,,,,,100025,,100568,Gamma,100628,,,Standard,100420,,,emerson.mensah@acme-fake.test,mei.okafor@examplecorp.test,Renewal Nudge,100161,Brightpath Dynamics,Delta,100115,,,,,,,101804,,,,,
100684,Contact,102310,nina.costa@demomail.test,Chen Brooks,2023-10-20 19:08:00,priya.sloan@sampleco.test,Chen Calder,2025-06-16 20:24:00,arjun.silva@acme-fake.test,Drew Mensah,2023-06-04 16:24:00,aisha.reyes@examplecorp.test,Marco Ivanov,2025-03-29 07:10:00,N,Marco Sloan,Priya Garcia,Morgan Mensah,SKU-1930,Executive Assistant,,,,,,,,,LOT-8500,morgan.mensah@demomail.test,,,,Inactive,100546,,100366,,100736,,,,,,,,Alpha,100097,,,Gamma,100518,,,emerson.haddad@examplecorp.test,nina.mensah@sampleco.test,Product Update,100455,,Standard,,,,,,,,,,,,N,
100722,Contact,102313,rahul.vance@demomail.test,Avery Sloan,2025-03-15 05:57:00,alex.brooks@examplecorp.test,Chen Dorsey,2025-03-29 08:05:00,alex.cohen@acme-fake.test,Reese Sato,2024-05-13 18:42:00,chen.cohen@sampleco.test,Mei Calder,2022-11-13 09:39:00,N,Riley Larsson,Liam Sloan,Nina Vance,LOT-9642,Data Analyst,,,,,,,,TAG-5555,TAG-3722,nina.vance@sampleco.test,,,,Inactive,100559,100443,100255,,,,,,,100110,,100494,Delta,100424,,,,100104,,,sofia.ivanov@acme-fake.test,omar.ford@demomail.test,Re-engagement,100641,Falcon Dynamics Co,Beta,100788,,3,,,,,101800,,,,N,
100203,Contact,102316,mei.kim@acme-fake.test,Morgan Brooks,2022-10-09 10:12:00,rowan.rossi@demomail.test,Yara Okafor,2024-12-03 05:58:00,rahul.whitfield@demomail.test,Rahul Mensah,2024-09-05 20:34:00,drew.mensah@sampleco.test,Taylor Ivanov,2025-10-09 09:10:00,Y,Reese Kim,Marco Kim,Fatima Vance,REF-4860,Software Developer,,,,,,,,,LOT-1226,fatima.vance@examplecorp.test,,,,Active,100481,,100272,,,SKU-4136,,,,,,100016,Delta,100415,,,Delta,100625,100044,,rahul.nguyen@acme-fake.test,alex.cohen@sampleco.test,Quarterly Newsletter,100156,Meridian Retail Co,Beta,,,,,,,,,,,,,
100548,Contact,102318,nina.nguyen@sampleco.test,Noah Vance,2024-02-19 16:39:00,sofia.larsson@examplecorp.test,Jamie Blake,2025-06-25 02:28:00,aisha.brooks@examplecorp.test,Alex Nguyen,2025-04-18 09:13:00,yara.nguyen@acme-fake.test,Quinn Cohen,2023-08-19 19:50:00,N,Jamie Sloan,Chen Ivanov,Omar Cohen,REF-8349,Financial Analyst,,,,,,,,,TAG-3382,omar.cohen@acme-fake.test,,,,Inactive,100492,100770,100037,,100003,,,,,100295,,100169,Standard,100631,,,,,100012,,jordan.costa@sampleco.test,drew.sato@demomail.test,Renewal Nudge,100128,Redwood Holdings Group,Standard,100291,,,,,,,101837,,,,,
100017,Contact,102320,yara.silva@sampleco.test,Emerson Kim,2023-01-31 19:55:00,fatima.ashby@demomail.test,Noah Blake,2024-11-28 00:19:00,sofia.whitfield@sampleco.test,Priya Mercer,2023-06-16 03:47:00,rowan.ashby@sampleco.test,Casey Silva,2024-05-17 22:40:00,Y,Skyler Silva,Fatima Costa,Rahul Okafor,REF-1917,QA Engineer,,,,,,,,,LOT-9744,rahul.okafor@sampleco.test,,,,Active,,100185,100560,100115,,,,,,,,,Alpha,100418,,,,100141,100023,,marco.garcia@acme-fake.test,quinn.reyes@examplecorp.test,Product Update,100075,Redwood Media Inc,,100604,,,,,,,101841,N,,,N,
100799,Contact,102321,skyler.sato@demomail.test,Rahul Sloan,2026-06-07 00:10:00,aisha.ivanov@examplecorp.test,Jamie Blake,2023-02-28 19:24:00,morgan.okafor@acme-fake.test,Quinn Larsson,2024-03-07 03:40:00,nina.calder@sampleco.test,Taylor Garcia,2023-01-21 11:01:00,Y,Casey Sato,Emerson Okafor,Rowan Larsson,SKU-1399,Operations Associate,,,,,,,,,REF-8628,rowan.larsson@acme-fake.test,,,,Active,100429,100285,100452,100750,100490,,,,,,,100443,Beta,100684,,,Delta,100415,,,reese.sloan@sampleco.test,diego.okafor@acme-fake.test,Product Update,100012,,Beta,100076,,,,,,,,,,,,
100523,Contact,102323,casey.vance@examplecorp.test,Marco Rossi,2025-02-02 20:45:00,chen.patel@examplecorp.test,Alex Rossi,2024-12-11 05:57:00,marco.silva@sampleco.test,Quinn Brooks,2025-09-26 22:27:00,drew.cohen@acme-fake.test,Casey Garcia,2023-07-08 01:39:00,Y,Noah Sato,Reese Ashby,Casey Rossi,SKU-2286,Accountant,,,,,,,,REF-5649,LOT-7315,casey.rossi@acme-fake.test,,,,Active,,,100763,,100616,,,,,100555,,,Other,100234,,,,100272,,,diego.silva@acme-fake.test,taylor.silva@examplecorp.test,Quarterly Newsletter,100329,Cobalt Systems Inc,Delta,,,,,4,,,101841,,,,,
100459,Contact,102325,yara.garcia@acme-fake.test,Emerson Calder,2023-01-31 12:02:00,casey.brooks@examplecorp.test,Reese Ford,2025-07-09 17:38:00,skyler.okafor@demomail.test,Reese Garcia,2024-06-28 17:51:00,arjun.cohen@demomail.test,Noah Reyes,2025-09-07 05:28:00,Y,Riley Ashby,Taylor Calder,Morgan Nguyen,LOT-8675,Marketing Coordinator,,,,,,,,,TAG-4564,morgan.nguyen@acme-fake.test,,,,Active,100345,100190,100063,,,,,,,100165,,,Other,100334,,,Other,,100518,,noah.calder@examplecorp.test,reese.rossi@acme-fake.test,Renewal Nudge,100034,,Alpha,100316,,,,10,,,101836,,,,N,
100555,Contact,102326,liam.ashby@acme-fake.test,Rahul Mensah,2024-11-23 21:10:00,jordan.whitfield@acme-fake.test,Chen Blake,2024-02-18 09:45:00,reese.sloan@acme-fake.test,Sofia Okafor,2022-11-17 07:41:00,jamie.whitfield@sampleco.test,Fatima Vance,2024-08-16 07:59:00,Y,Avery Ford,Marco Whitfield,Elena Calder,SKU-7370,QA Engineer,,,,Gamma,,,,,TAG-7559,elena.calder@sampleco.test,,,,Active,,,100696,100780,,,,,,100610,,100726,Delta,100440,,,Alpha,100688,100555,,casey.larsson@examplecorp.test,fatima.blake@demomail.test,Renewal Nudge,100171,,Alpha,,,,,1,,,,,,,,Y
100774,Contact,102327,taylor.whitfield@examplecorp.test,Jamie Whitfield,2024-04-14 03:41:00,mei.dorsey@examplecorp.test,Priya Haddad,2022-11-09 04:30:00,nina.blake@acme-fake.test,Mei Kim,2024-01-24 00:18:00,diego.sato@sampleco.test,Marco Whitfield,2025-03-31 05:36:00,Y,Skyler Ford,Jordan Ford,Marco Dorsey,REF-8241,Financial Analyst,,,,Gamma,,,,,SKU-7189,marco.dorsey@examplecorp.test,,,,Active,100120,,100008,,100165,,,,,,,100548,Gamma,100180,,,Delta,100447,,,emerson.rossi@demomail.test,priya.calder@sampleco.test,Quarterly Newsletter,100568,,Alpha,100290,,,,,,,101839,Y,,,Y,Y
100254,Contact,102328,marco.haddad@acme-fake.test,Aisha Sato,2023-10-22 05:34:00,rowan.sato@sampleco.test,Drew Cohen,2024-04-04 05:11:00,fatima.ashby@examplecorp.test,Avery Vance,2026-04-14 06:22:00,emerson.cohen@demomail.test,Avery Patel,2025-09-29 02:37:00,Y,Liam Ford,Nina Calder,Casey Haddad,LOT-8874,Marketing Coordinator,,,,Standard,,,,,LOT-5700,casey.haddad@examplecorp.test,,,,Active,100026,,100060,100003,100386,,,,,,,100767,Gamma,100470,,,,100171,100520,,chen.cohen@examplecorp.test,arjun.dorsey@demomail.test,Renewal Nudge,100634,,,,,,,,,,101837,,,,,
100646,Contact,102331,nina.whitfield@demomail.test,Sofia Larsson,2025-07-20 11:29:00,noah.larsson@acme-fake.test,Avery Cohen,2022-10-31 23:47:00,nina.ashby@examplecorp.test,Morgan Larsson,2023-11-15 18:19:00,emerson.dorsey@sampleco.test,Chen Mensah,2024-08-29 15:01:00,Y,Taylor Ivanov,Mei Rossi,Reese Nguyen,SKU-7644,Software Developer,,,,,,,,,REF-9638,reese.nguyen@sampleco.test,,,,Active,100516,,100301,100331,100158,,,,,100034,,,Standard,100736,,,Delta,100216,,,marco.patel@demomail.test,fatima.calder@demomail.test,Product Update,100056,Harbor Labs Ltd,Gamma,100654,,,,,,,101876,,,,N,
100295,Contact,102334,jordan.dorsey@sampleco.test,Priya Ford,2024-08-09 19:57:00,chen.ashby@acme-fake.test,Rahul Vance,2024-06-21 08:26:00,nina.ashby@sampleco.test,Taylor Costa,2024-01-10 10:59:00,morgan.dorsey@acme-fake.test,Marco Larsson,2025-01-11 13:54:00,Y,Noah Rossi,Rahul Costa,Mei Larsson,LOT-5684,HR Generalist,,,,,,,,SKU-1322,SKU-4629,mei.larsson@examplecorp.test,,,,Active,,100598,100099,100280,100176,,,,,,,,Delta,100197,,,Other,100486,100788,,priya.haddad@demomail.test,drew.haddad@examplecorp.test,Quarterly Newsletter,100634,Meridian Health LLP,,,,,,,,,101827,,,,,
100020,Contact,102336,taylor.kim@sampleco.test,Rahul Mensah,2023-02-03 09:58:00,alex.nguyen@acme-fake.test,Rowan Costa,2025-11-03 12:40:00,marco.sloan@sampleco.test,Morgan Brooks,2025-10-21 22:35:00,elena.sloan@acme-fake.test,Jordan Patel,2025-01-30 09:59:00,Y,Drew Patel,Chen Sato,Yara Whitfield,TAG-6051,Customer Success Manager,,,,,,,,,SKU-2972,yara.whitfield@acme-fake.test,,,,Active,100200,,100034,,,,,,,100587,,,Alpha,100236,,,Delta,100122,100025,,sofia.ashby@sampleco.test,elena.cohen@examplecorp.test,Event Invite,100153,Meridian Retail,Other,100377,,,,,,,101814,,,,Y,
100203,Contact,102338,morgan.ivanov@acme-fake.test,Yara Nguyen,2025-10-11 18:03:00,riley.kim@sampleco.test,Jordan Sato,2023-07-14 07:40:00,emerson.calder@examplecorp.test,Yara Calder,2025-10-10 06:13:00,rowan.sloan@demomail.test,Quinn Sato,2023-12-25 06:46:00,Y,Omar Sloan,Noah Ivanov,Omar Kim,SKU-5782,Financial Analyst,,,,,,,,,SKU-7310,omar.kim@demomail.test,,,,Active,,100559,100340,100492,100139,,,,,,,100029,Alpha,100624,,,Alpha,100563,100750,,reese.ford@examplecorp.test,alex.ivanov@examplecorp.test,Event Invite,100415,,Standard,100223,,,,,,,,,,,,
100526,Contact,102341,reese.calder@demomail.test,Jordan Whitfield,2026-06-29 04:51:00,rowan.nguyen@demomail.test,Diego Blake,2022-12-07 23:18:00,jamie.whitfield@acme-fake.test,Rowan Rossi,2026-05-10 14:47:00,arjun.sato@demomail.test,Elena Larsson,2022-12-23 20:39:00,Y,Rowan Costa,Noah Garcia,Aisha Dorsey,SKU-8778,Financial Analyst,,,,,,,,LOT-6227,TAG-1629,aisha.dorsey@demomail.test,,,,Active,,,100192,100104,100351,,,,,100223,,,Other,100558,,,Beta,100005,100500,,jamie.mensah@demomail.test,rowan.vance@examplecorp.test,Event Invite,100066,Everest Dynamics Inc,,100484,,,,,,,,,,,N,
100459,Contact,102342,morgan.patel@demomail.test,Elena Dorsey,2023-08-24 11:08:00,priya.silva@sampleco.test,Sofia Silva,2023-01-01 08:42:00,drew.rossi@demomail.test,Morgan Reyes,2025-11-07 09:10:00,skyler.ivanov@sampleco.test,Rowan Cohen,2023-06-06 18:47:00,Y,Sofia Vance,Riley Sloan,Diego Ford,TAG-1304,Executive Assistant,,,,,,,7182,,REF-8971,diego.ford@demomail.test,,,,Active,100025,100209,100615,100517,100603,,,,,100101,,100238,Delta,100464,,,,100254,,,skyler.blake@examplecorp.test,morgan.rossi@examplecorp.test,Event Invite,100310,,Standard,100209,,,,,,,,,,,,N
100049,Contact,102343,liam.ivanov@examplecorp.test,Rowan Kim,2024-05-19 05:54:00,emerson.haddad@examplecorp.test,Rahul Garcia,2024-10-08 21:36:00,morgan.garcia@demomail.test,Elena Sato,2026-06-29 19:27:00,casey.dorsey@acme-fake.test,Emerson Patel,2024-05-08 11:36:00,Y,Sofia Reyes,Jamie Ford,Jamie Rossi,SKU-3570,QA Engineer,,,,,,,,TAG-1867,LOT-5951,jamie.rossi@sampleco.test,,,,Active,100203,,100371,100426,100257,,,,,100090,,100516,Other,100642,,,Beta,,100117,,fatima.mensah@acme-fake.test,marco.ford@sampleco.test,Product Update,100062,Vertex Textiles,Other,100097,,,,,,,101793,,,,N,
100030,Contact,102344,riley.brooks@acme-fake.test,Liam Mensah,2023-10-25 16:53:00,jamie.vance@demomail.test,Liam Dorsey,2026-01-15 02:05:00,fatima.whitfield@acme-fake.test,Skyler Garcia,2026-03-29 14:47:00,priya.sato@acme-fake.test,Skyler Silva,2023-12-10 18:56:00,Y,Jamie Sato,Rahul Costa,Avery Silva,SKU-7731,Software Developer,,,,,,,,REF-7386,LOT-3590,avery.silva@demomail.test,,,,Active,100371,100620,100053,,100132,,,,,,,,Alpha,100767,,,,,100722,,aisha.blake@sampleco.test,emerson.blake@sampleco.test,Quarterly Newsletter,100554,Atlas Industries Ltd,,100113,,,,,,,101804,,,,Y,
100426,Contact,102345,emerson.rossi@examplecorp.test,Noah Reyes,2026-06-15 21:04:00,avery.calder@demomail.test,Emerson Patel,2023-02-11 04:00:00,elena.brooks@sampleco.test,Avery Okafor,2025-06-13 02:19:00,fatima.haddad@demomail.test,Jamie Ashby,2025-03-25 22:58:00,Y,Casey Larsson,Arjun Haddad,Priya Reyes,LOT-6716,Accountant,,,,,,SKU-4482,,,SKU-8043,priya.reyes@examplecorp.test,,,,Active,100750,,100206,,,,,,,100129,,,Other,100468,,,Gamma,100371,,,drew.blake@sampleco.test,jamie.okafor@sampleco.test,Event Invite,100101,Atlas Networks LLC,,100200,,,,,,,,,,,,N
100506,Contact,102347,aisha.patel@sampleco.test,Casey Dorsey,2026-06-18 10:11:00,morgan.ivanov@sampleco.test,Reese Reyes,2025-05-25 01:11:00,skyler.sloan@acme-fake.test,Taylor Ivanov,2026-01-02 12:50:00,skyler.nguyen@demomail.test,Avery Larsson,2024-09-15 03:39:00,Y,Jamie Calder,Reese Mercer,Morgan Larsson,LOT-9363,Software Developer,,,,,,,,,REF-9999,morgan.larsson@sampleco.test,,,,Active,,100456,100601,100749,100079,,,,,,,100638,Alpha,100673,,,Delta,100142,100474,,chen.garcia@demomail.test,diego.mercer@acme-fake.test,Product Update,100213,Everest Ventures Group,Delta,100664,,,,,,,101804,,,,,
100107,Contact,102348,alex.okafor@acme-fake.test,Reese Garcia,2024-11-01 03:20:00,yara.whitfield@acme-fake.test,Sofia Haddad,2022-11-13 00:16:00,sofia.kim@examplecorp.test,Drew Patel,2023-08-17 11:09:00,rowan.rossi@acme-fake.test,Avery Cohen,2023-10-18 02:57:00,N,Rahul Calder,Yara Dorsey,Casey Dorsey,LOT-5894,Marketing Coordinator,,,,Delta,,,,TAG-3961,LOT-6448,casey.dorsey@demomail.test,,,,Inactive,,100393,100531,100217,100062,,,,,100104,,,Gamma,100272,,,,,100527,,skyler.ford@acme-fake.test,yara.garcia@examplecorp.test,Quarterly Newsletter,100520,Granite Solutions,,100391,,,,,,,101800,Y,,,Y,
100366,Contact,102349,arjun.sato@examplecorp.test,Nina Whitfield,2025-07-10 18:07:00,reese.larsson@sampleco.test,Emerson Mercer,2024-06-03 01:50:00,taylor.cohen@examplecorp.test,Riley Haddad,2025-09-07 15:17:00,reese.ivanov@examplecorp.test,Rowan Ford,2024-07-16 11:48:00,Y,Elena Sato,Quinn Ford,Reese Vance,LOT-4363,Executive Assistant,,,,,,,,,TAG-8986,reese.vance@demomail.test,,,,Active,100034,,100601,100735,100025,,,,,100735,,100456,Gamma,100673,,,,100400,,,sofia.vance@acme-fake.test,sofia.sloan@examplecorp.test,Event Invite,100563,,Other,100760,,,,,,,101816,,,,Y,
100343,Contact,102352,taylor.rossi@demomail.test,Marco Ivanov,2023-10-12 12:12:00,morgan.larsson@examplecorp.test,Yara Brooks,2023-02-12 08:50:00,drew.okafor@demomail.test,Mei Ashby,2024-05-05 07:04:00,skyler.costa@acme-fake.test,Liam Garcia,2026-04-05 22:03:00,Y,Reese Calder,Riley Blake,Alex Cohen,LOT-1656,Data Analyst,,,,,,,,TAG-5627,REF-2483,alex.cohen@demomail.test,,,,Active,100257,100239,100415,,100613,,,,,,,,Gamma,100500,,,Alpha,,100360,,rowan.brooks@acme-fake.test,aisha.mensah@demomail.test,Product Update,100020,,,100119,,5,,,,,,,,,,
100134,Contact,102353,riley.blake@acme-fake.test,Elena Ivanov,2024-04-12 10:32:00,yara.haddad@demomail.test,Marco Reyes,2026-02-09 18:43:00,noah.cohen@sampleco.test,Taylor Mensah,2024-05-24 11:01:00,reese.sloan@sampleco.test,Taylor Silva,2025-02-23 23:10:00,Y,Diego Dorsey,Chen Kim,Chen Rossi,LOT-6735,Data Analyst,,,,Delta,,,,REF-2726,LOT-2413,chen.rossi@examplecorp.test,,,,Active,,,100503,100408,,,,,,,,100169,Delta,100120,,,Gamma,,,,elena.reyes@demomail.test,emerson.ashby@examplecorp.test,Product Update,100034,,Standard,,,,,,,,101805,,,,N,
100571,Contact,102356,rahul.cohen@examplecorp.test,Quinn Ashby,2024-10-10 13:50:00,chen.dorsey@demomail.test,Jordan Nguyen,2022-11-10 13:11:00,rowan.reyes@sampleco.test,Reese Haddad,2024-10-29 09:48:00,liam.okafor@sampleco.test,Sofia Rossi,2025-02-11 13:20:00,Y,Nina Ashby,Arjun Nguyen,Noah Nguyen,TAG-4865,HR Generalist,,,,,,,,,SKU-7584,noah.nguyen@acme-fake.test,,,,Active,,100227,100464,100408,,,,,,100699,,100690,Alpha,100774,,,Beta,100184,,,fatima.calder@sampleco.test,fatima.ivanov@examplecorp.test,Renewal Nudge,100800,,Gamma,100070,,,,,,,,,,,Y,
100197,Contact,102358,fatima.mensah@acme-fake.test,Avery Blake,2025-11-28 20:22:00,rowan.okafor@acme-fake.test,Aisha Ashby,2026-04-20 19:18:00,morgan.costa@sampleco.test,Nina Sloan,2024-08-24 17:14:00,taylor.silva@sampleco.test,Skyler Rossi,2026-03-16 10:32:00,N,Casey Dorsey,Aisha Dorsey,Avery Reyes,REF-3766,Project Manager,,,,,Standard,,,,SKU-3366,avery.reyes@acme-fake.test,,,,Inactive,100290,100664,100415,100670,,,,,,,,,Standard,100803,,Y,Alpha,,100008,,emerson.ashby@demomail.test,jordan.sato@acme-fake.test,Re-engagement,100705,,Standard,100209,,,,,,,,,,,,
100376,Contact,102360,drew.nguyen@examplecorp.test,Skyler Sato,2024-11-11 19:47:00,mei.whitfield@examplecorp.test,Liam Brooks,2024-07-08 06:14:00,casey.patel@acme-fake.test,Morgan Ford,2024-05-17 05:13:00,mei.sato@acme-fake.test,Aisha Blake,2022-12-21 08:19:00,Y,Chen Dorsey,Emerson Kim,Aisha Mercer,REF-2283,Data Analyst,,,,,,,,TAG-1117,TAG-8295,aisha.mercer@acme-fake.test,,,,Active,100063,100741,100334,,100683,REF-5808,,,,,,100206,Alpha,100094,,,,100382,,,noah.okafor@demomail.test,nina.okafor@examplecorp.test,Event Invite,100066,,,100126,,,,,,,101788,,,,Y,
100755,Contact,102361,nina.calder@demomail.test,Yara Costa,2025-08-10 09:52:00,rahul.mercer@demomail.test,Emerson Dorsey,2025-12-01 11:18:00,skyler.mercer@sampleco.test,Mei Blake,2022-12-25 05:38:00,taylor.garcia@examplecorp.test,Fatima Mensah,2025-06-18 18:24:00,Y,Skyler Blake,Yara Sato,Yara Cohen,LOT-4626,Project Manager,,,,,,,,REF-8845,TAG-7781,yara.cohen@demomail.test,,,,Active,100429,100323,100405,100351,100197,,,,,100607,,,Standard,100184,,,Standard,100597,100696,,chen.costa@demomail.test,casey.sato@examplecorp.test,Event Invite,100565,,Gamma,100449,,,,,,,101871,,,,N,
100269,Contact,102362,liam.cohen@acme-fake.test,Elena Ivanov,2024-08-19 19:05:00,reese.haddad@acme-fake.test,Noah Sloan,2022-11-07 09:38:00,jamie.reyes@examplecorp.test,Nina Blake,2023-02-24 04:26:00,riley.costa@examplecorp.test,Skyler Silva,2025-07-08 11:07:00,N,Diego Vance,Diego Blake,Fatima Silva,TAG-6013,Support Specialist,,,,,,,,,SKU-2223,fatima.silva@sampleco.test,,,,Inactive,100696,100161,100178,,100734,,,,,100658,,,Alpha,100613,,,,100513,,,aisha.brooks@acme-fake.test,priya.garcia@demomail.test,Re-engagement,100486,,Standard,,,,,,,,,,,,Y,
100103,Contact,102364,fatima.cohen@sampleco.test,Noah Blake,2026-03-18 05:48:00,omar.costa@acme-fake.test,Aisha Ivanov,2025-05-07 11:07:00,taylor.larsson@sampleco.test,Casey Ashby,2022-12-20 19:48:00,morgan.dorsey@sampleco.test,Riley Blake,2024-12-12 01:07:00,Y,Taylor Dorsey,Chen Costa,Yara Patel,TAG-6378,Payroll Specialist,,,,,,,,REF-7826,REF-6730,yara.patel@acme-fake.test,,,,Active,100217,100220,100215,,,,,,,,,100658,Other,100702,,,Delta,100053,100500,,liam.rossi@acme-fake.test,jamie.nguyen@examplecorp.test,Event Invite,100123,Northwind Robotics Inc,Delta,100452,,,,,,,,,,,,N
100780,Contact,102365,marco.dorsey@demomail.test,Rahul Mensah,2024-02-15 02:56:00,skyler.rossi@examplecorp.test,Rahul Calder,2025-02-26 09:14:00,omar.ashby@examplecorp.test,Priya Ashby,2024-05-23 13:01:00,diego.mercer@examplecorp.test,Skyler Nguyen,2025-12-25 09:51:00,N,Quinn Silva,Aisha Silva,Marco Reyes,SKU-6122,Payroll Specialist,,,,Beta,,,,TAG-1462,TAG-3132,marco.reyes@demomail.test,,,,Inactive,,100597,100696,100295,100684,,,,,100520,,100290,Alpha,100506,,,Alpha,100262,100632,,nina.sato@demomail.test,jamie.silva@sampleco.test,Re-engagement,100684,,,100705,,,,,,,101836,Y,,,,
100641,Contact,102366,taylor.mercer@demomail.test,Yara Nguyen,2026-05-27 01:17:00,fatima.costa@acme-fake.test,Nina Haddad,2026-07-19 19:49:00,casey.mercer@examplecorp.test,Nina Vance,2025-09-14 08:03:00,nina.nguyen@sampleco.test,Avery Dorsey,2022-11-07 06:04:00,Y,Reese Mensah,Aisha Dorsey,Chen Vance,SKU-2189,Recruiter,,,,,,,,REF-6133,SKU-9231,chen.vance@acme-fake.test,,,,Active,100477,,100334,100692,,,,,,,,100799,Delta,100232,,,Standard,,,,noah.ivanov@demomail.test,aisha.garcia@acme-fake.test,Quarterly Newsletter,100161,,Delta,100141,,,,,,,,,,,,N
100454,Contact,102367,drew.ivanov@acme-fake.test,Rowan Blake,2026-05-17 23:41:00,casey.nguyen@sampleco.test,Fatima Kim,2025-03-15 03:26:00,avery.sloan@examplecorp.test,Reese Costa,2024-04-14 19:44:00,alex.costa@sampleco.test,Jamie Patel,2025-05-14 14:02:00,Y,Omar Garcia,Riley Silva,Jamie Sato,LOT-3276,Financial Analyst,,,,,,,,,SKU-1716,jamie.sato@examplecorp.test,,,,Active,100601,100091,100213,100686,100462,,,,,,,100654,Beta,100267,,,Standard,100186,100563,,drew.haddad@sampleco.test,noah.ashby@examplecorp.test,Product Update,100484,Copper Ventures LLC,,,,,,,,,101851,,,,N,
100005,Contact,102370,nina.okafor@demomail.test,Elena Ivanov,2023-02-15 15:22:00,riley.ford@acme-fake.test,Mei Cohen,2023-03-30 13:42:00,elena.reyes@sampleco.test,Rowan Sloan,2023-08-08 04:58:00,noah.ford@demomail.test,Noah Ashby,2025-02-20 02:22:00,Y,Skyler Sato,Arjun Nguyen,Sofia Ford,LOT-3043,QA Engineer,,,,,,,,,LOT-9158,sofia.ford@acme-fake.test,,,,Active,,100400,100104,100734,100066,,,,,100128,,100120,Standard,100267,,,Other,100667,,,omar.blake@sampleco.test,skyler.costa@sampleco.test,Event Invite,100765,,Beta,100182,,,,,,,101785,,,,,
100484,Contact,102371,jordan.sato@demomail.test,Aisha Sloan,2026-04-25 13:19:00,nina.dorsey@acme-fake.test,Mei Ashby,2023-12-24 04:43:00,quinn.sato@acme-fake.test,Rahul Blake,2023-08-31 01:16:00,noah.mercer@acme-fake.test,Alex Vance,2023-07-07 14:30:00,Y,Sofia Ford,Reese Brooks,Omar Garcia,SKU-5498,HR Generalist,,,,,,,,,TAG-1101,omar.garcia@examplecorp.test,,,,Active,100161,100376,100788,100117,,,,,,100110,,100694,Alpha,100290,,,Other,100060,100046,,fatima.haddad@demomail.test,sofia.ford@demomail.test,Product Update,100142,Pioneer Networks Co,Alpha,100645,,,,,,,101832,,,,N,
100146,Contact,102374,aisha.ivanov@sampleco.test,Yara Sato,2024-10-01 05:04:00,priya.silva@sampleco.test,Omar Silva,2023-04-26 10:25:00,casey.haddad@demomail.test,Aisha Sloan,2024-10-25 14:17:00,diego.dorsey@examplecorp.test,Elena Calder,2024-08-13 15:02:00,Y,Skyler Sato,Avery Whitfield,Chen Mercer,REF-4227,Executive Assistant,,,,,,,,REF-1235,LOT-5116,chen.mercer@examplecorp.test,,,,Active,100603,100426,100353,100293,100215,,,,,100107,,,Standard,100627,,,Beta,100104,,,omar.okafor@acme-fake.test,fatima.nguyen@demomail.test,Quarterly Newsletter,100352,Brightpath Capital LLP,,100593,,,,,,,,,,,,
100398,Contact,102376,mei.sato@demomail.test,Avery Garcia,2024-08-02 18:28:00,riley.costa@acme-fake.test,Drew Dorsey,2024-02-01 22:27:00,morgan.whitfield@demomail.test,Aisha Cohen,2025-12-14 12:59:00,sofia.patel@sampleco.test,Chen Garcia,2026-04-10 23:43:00,Y,Nina Garcia,Drew Rossi,Emerson Nguyen,LOT-6927,Project Manager,,,,,,,,REF-8699,LOT-3680,emerson.nguyen@acme-fake.test,,,,Active,,,100079,100334,100437,,,,,100492,,100073,Other,100539,,,Gamma,100574,100646,,priya.mensah@acme-fake.test,chen.garcia@acme-fake.test,Re-engagement,100151,,Standard,,,,,,,,101866,,,,N,
100720,Contact,102379,noah.cohen@sampleco.test,Yara Sloan,2025-02-08 13:49:00,nina.mercer@sampleco.test,Liam Okafor,2023-09-27 04:19:00,sofia.reyes@acme-fake.test,Noah Costa,2023-05-26 09:00:00,jordan.blake@sampleco.test,Quinn Whitfield,2026-06-20 18:59:00,Y,Aisha Sato,Casey Reyes,Mei Brooks,SKU-4838,Operations Associate,,,,,,,1320,,LOT-8788,mei.brooks@acme-fake.test,,,,Active,100443,100628,100232,,,,,,,100568,,100208,Standard,100490,,,Alpha,,100699,,rowan.okafor@examplecorp.test,jordan.ivanov@demomail.test,Product Update,100153,,Alpha,100066,,,,,,,101811,,,,N,Y
100080,Contact,102381,taylor.whitfield@sampleco.test,Casey Sato,2023-02-06 02:10:00,sofia.costa@acme-fake.test,Yara Cohen,2025-09-04 21:57:00,aisha.costa@acme-fake.test,Fatima Patel,2026-01-04 09:25:00,fatima.garcia@examplecorp.test,Jamie Blake,2023-12-31 15:02:00,Y,Elena Blake,Mei Silva,Taylor Dorsey,TAG-7520,QA Engineer,,,,,,,,,TAG-8760,taylor.dorsey@examplecorp.test,,,,Active,100353,100631,100642,100046,,,,,,100767,,,Delta,100511,,,,,100531,,arjun.sato@demomail.test,jamie.calder@demomail.test,Renewal Nudge,100101,,Alpha,,,,,2,,,101795,,,,N,
100169,Contact,102384,rahul.sloan@sampleco.test,Noah Mensah,2025-10-05 17:27:00,reese.mensah@examplecorp.test,Aisha Brooks,2024-08-19 08:45:00,alex.rossi@examplecorp.test,Rahul Ashby,2024-08-18 01:22:00,taylor.whitfield@sampleco.test,Taylor Calder,2024-11-01 19:50:00,N,Avery Mensah,Drew Mensah,Morgan Silva,TAG-6395,Project Manager,,,,,,,,,TAG-2906,morgan.silva@sampleco.test,,,,Inactive,100800,100474,100316,,100554,,,,,100377,,100208,Delta,100224,,,Beta,100475,100576,,reese.cohen@acme-fake.test,reese.nguyen@demomail.test,Event Invite,100513,Lakeside Holdings Corp,,100205,,,,,,,101826,,,,N,
100117,Contact,102385,avery.okafor@sampleco.test,Riley Rossi,2025-10-04 15:11:00,riley.sloan@examplecorp.test,Nina Silva,2024-05-14 20:49:00,rowan.dorsey@sampleco.test,Jamie Mercer,2023-12-17 22:20:00,diego.whitfield@examplecorp.test,Mei Okafor,2023-05-10 02:01:00,Y,Marco Brooks,Quinn Blake,Chen Kim,REF-7465,Customer Success Manager,,,,,,,,,REF-8190,chen.kim@demomail.test,,,,Active,100563,,100391,,100518,,,,,,,,Beta,100062,,,Gamma,100269,,,elena.sato@examplecorp.test,riley.costa@demomail.test,Re-engagement,100522,,Standard,100348,,9,,,,,,Y,,,Y,
100475,Contact,102386,sofia.haddad@sampleco.test,Riley Haddad,2025-02-24 14:03:00,fatima.whitfield@examplecorp.test,Mei Okafor,2026-07-10 08:54:00,avery.calder@examplecorp.test,Skyler Reyes,2023-12-10 08:01:00,alex.cohen@examplecorp.test,Nina Sloan,2022-10-31 16:56:00,Y,Liam Blake,Chen Sloan,Liam Whitfield,LOT-3334,Bookkeeper,,,,,,,,,LOT-8534,liam.whitfield@demomail.test,,,,Active,,100645,100588,100156,100620,,,,,100753,,100141,Alpha,100454,,,,100799,100058,,noah.haddad@acme-fake.test,jamie.okafor@demomail.test,Renewal Nudge,100622,,Standard,100494,,,,,,,101836,,,,N,
100685,Contact,102389,avery.larsson@acme-fake.test,Nina Sato,2024-12-01 00:54:00,riley.larsson@sampleco.test,Noah Mercer,2025-02-08 19:38:00,alex.brooks@demomail.test,Priya Sato,2026-05-03 14:57:00,taylor.mensah@demomail.test,Marco Larsson,2024-03-20 06:17:00,Y,Sofia Blake,Fatima Mensah,Priya Blake,LOT-3889,Support Specialist,,,,,Gamma,REF-2118,,,REF-2617,priya.blake@acme-fake.test,,,,Active,,100356,100243,,,,,,,100624,,100089,Standard,100366,,,Standard,,100741,,jordan.haddad@acme-fake.test,yara.costa@acme-fake.test,Quarterly Newsletter,100452,Copper Financial LLP,Standard,100576,,,,,,,101832,,,,,Y
100182,Contact,102390,jamie.ivanov@acme-fake.test,Priya Garcia,2026-06-09 02:24:00,alex.rossi@examplecorp.test,Rowan Ford,2022-11-17 03:47:00,quinn.vance@acme-fake.test,Aisha Ford,2026-04-04 07:06:00,arjun.brooks@examplecorp.test,Liam Brooks,2025-08-21 19:04:00,N,Reese Silva,Riley Ford,Jordan Cohen,TAG-8193,Accountant,,,,,,LOT-5519,,,LOT-7986,jordan.cohen@examplecorp.test,,,,Inactive,100683,100322,100351,100736,100492,,,,,,,100205,Gamma,100538,,,Other,,,,alex.sato@sampleco.test,avery.larsson@sampleco.test,Product Update,100413,,Delta,,,,,,,,101841,,,,,
100729,Contact,102392,liam.kim@examplecorp.test,Yara Rossi,2025-11-23 00:36:00,fatima.whitfield@sampleco.test,Taylor Whitfield,2024-07-27 23:22:00,quinn.costa@sampleco.test,Noah Ashby,2023-11-16 05:03:00,rahul.garcia@examplecorp.test,Chen Kim,2022-10-16 20:21:00,Y,Yara Okafor,Reese Costa,Drew Garcia,REF-6124,Operations Associate,,,,,,,,,TAG-4112,drew.garcia@demomail.test,,,,Active,100470,100236,100749,100705,,,,,,,,100531,Standard,100070,,,Gamma,100383,100767,,sofia.patel@acme-fake.test,fatima.nguyen@demomail.test,Re-engagement,100511,Horizon Partners Inc,Gamma,100588,,,,,,,101879,,,,N,
100123,Contact,102395,aisha.mercer@examplecorp.test,Reese Garcia,2024-03-26 02:31:00,rowan.nguyen@examplecorp.test,Aisha Costa,2024-08-03 22:39:00,rahul.reyes@examplecorp.test,Riley Garcia,2024-06-13 10:05:00,taylor.sato@examplecorp.test,Taylor Silva,2025-08-01 01:01:00,N,Rowan Mensah,Marco Brooks,Morgan Costa,TAG-5905,Accountant,,,,,,,,SKU-5656,REF-7894,morgan.costa@demomail.test,,,,Inactive,100513,100308,100345,,100107,,,,,,,100490,Beta,100641,,,Alpha,100217,100774,,alex.silva@examplecorp.test,jordan.mensah@examplecorp.test,Event Invite,100106,,Gamma,,,,,,,,,,,,Y,
100715,Contact,102397,skyler.silva@acme-fake.test,Drew Ivanov,2025-07-15 03:11:00,diego.kim@examplecorp.test,Nina Sloan,2024-08-21 22:33:00,noah.brooks@examplecorp.test,Morgan Brooks,2025-11-14 19:24:00,omar.cohen@sampleco.test,Jordan Silva,2023-11-22 10:15:00,Y,Emerson Silva,Chen Ashby,Marco Okafor,TAG-8605,Executive Assistant,,,,,,TAG-3953,,,REF-1237,marco.okafor@sampleco.test,,,,Active,100571,100440,100239,100542,100522,,,,,100110,,,Delta,100009,,,,,100632,,diego.reyes@sampleco.test,rahul.brooks@demomail.test,Renewal Nudge,100543,Vertex Manufacturing LLP,Alpha,,,,,,,,,,,,,
100353,Contact,102399,liam.larsson@examplecorp.test,Avery Mercer,2023-10-12 16:42:00,nina.brooks@acme-fake.test,Rowan Ivanov,2024-11-01 01:03:00,diego.rossi@acme-fake.test,Taylor Dorsey,2024-01-19 18:02:00,yara.sloan@examplecorp.test,Fatima Calder,2022-11-19 21:41:00,Y,Priya Okafor,Diego Mercer,Reese Okafor,REF-9601,Software Developer,,,,,,,,,TAG-9291,reese.okafor@acme-fake.test,,,,Active,100726,100646,100030,,,REF-8576,,,,100753,,100104,Beta,100070,,,,,100637,,nina.silva@demomail.test,noah.ford@demomail.test,Product Update,100020,,Beta,,,,,,,,,N,,,,
100696,Contact,102402,taylor.sloan@examplecorp.test,Quinn Ford,2025-07-27 00:33:00,rowan.garcia@demomail.test,Drew Brooks,2026-03-11 09:20:00,omar.rossi@acme-fake.test,Skyler Patel,2024-10-12 22:17:00,reese.dorsey@sampleco.test,Riley Rossi,2025-01-26 20:30:00,Y,Avery Whitfield,Diego Sloan,Emerson Cohen,TAG-6886,Financial Analyst,,,,,,REF-8148,,,TAG-6923,emerson.cohen@examplecorp.test,,,,Active,,,100555,100613,100383,,,,,100560,,,Standard,100370,,,,,100395,,noah.dorsey@demomail.test,chen.ford@demomail.test,Product Update,100169,,Other,100558,,,,,,,101863,,,,N,
100494,Contact,102403,taylor.okafor@demomail.test,Arjun Ashby,2024-03-09 12:21:00,jamie.mercer@sampleco.test,Casey Okafor,2025-03-03 05:26:00,rowan.sloan@acme-fake.test,Quinn Rossi,2023-05-29 05:45:00,emerson.brooks@sampleco.test,Taylor Silva,2022-11-18 19:54:00,Y,Taylor Ford,Priya Larsson,Casey Reyes,REF-7667,HR Generalist,,,,,,,,,TAG-5352,casey.reyes@sampleco.test,,,,Active,,100500,100576,,100215,SKU-2927,,,,,,,Standard,100454,,,Standard,100604,,,nina.rossi@demomail.test,rowan.calder@sampleco.test,Quarterly Newsletter,100699,,,,,,,,,,101851,,,,,
100178,Contact,102404,yara.mercer@examplecorp.test,Rowan Okafor,2025-02-26 02:50:00,rahul.kim@sampleco.test,Rowan Garcia,2024-07-02 23:11:00,quinn.ashby@examplecorp.test,Chen Brooks,2023-02-04 02:06:00,nina.larsson@examplecorp.test,Reese Larsson,2022-12-13 05:35:00,Y,Mei Calder,Arjun Vance,Skyler Sato,SKU-5942,Recruiter,,,,,,,,,SKU-4352,skyler.sato@acme-fake.test,,,,Active,100449,,100526,,,,,,,,,100090,Gamma,100637,,,Beta,,,,jamie.patel@demomail.test,fatima.mensah@examplecorp.test,Product Update,100456,,,100771,,,,,,,101843,,,,Y,
100565,Contact,102406,casey.mercer@demomail.test,Chen Ford,2023-09-26 14:00:00,casey.sato@sampleco.test,Chen Blake,2025-09-13 20:16:00,priya.kim@sampleco.test,Elena Larsson,2024-02-24 14:50:00,rowan.mensah@sampleco.test,Yara Blake,2026-05-24 15:41:00,Y,Reese Cohen,Diego Costa,Alex Calder,REF-6023,Marketing Coordinator,,,,,,,,TAG-7643,LOT-6171,alex.calder@demomail.test,,,,Active,100171,100673,100565,100520,100696,,,,,100366,,,Other,100800,,,,100440,,,avery.reyes@examplecorp.test,reese.larsson@acme-fake.test,Event Invite,100030,,Beta,,,,,,,,,,,,,
100234,Contact,102409,jamie.larsson@demomail.test,Marco Ford,2026-03-27 16:43:00,morgan.ivanov@demomail.test,Taylor Silva,2026-02-26 17:21:00,elena.reyes@acme-fake.test,Jamie Haddad,2024-05-21 00:05:00,quinn.kim@sampleco.test,Emerson Calder,2022-10-24 02:36:00,Y,Quinn Ivanov,Omar Reyes,Quinn Ivanov,REF-9831,Data Analyst,,,,,,,,,SKU-7592,quinn.ivanov@acme-fake.test,,,,Active,100598,,100060,,100143,,,,,100788,,,Gamma,100462,,,,100424,100522,,jamie.mensah@demomail.test,liam.ford@acme-fake.test,Quarterly Newsletter,100146,Ironwood Foods Inc,Beta,,,,,,,,101849,,,,N,
100393,Contact,102412,marco.garcia@acme-fake.test,Diego Haddad,2025-09-09 00:50:00,quinn.ashby@demomail.test,Emerson Nguyen,2024-11-27 21:32:00,fatima.sloan@examplecorp.test,Omar Dorsey,2025-01-31 11:42:00,avery.ivanov@demomail.test,Jamie Rossi,2024-08-21 07:39:00,Y,Elena Ivanov,Yara Ford,Rowan Vance,REF-5253,Executive Assistant,,,,,,,,LOT-2236,TAG-2737,rowan.vance@sampleco.test,,,,Active,100014,100588,100654,100445,100058,,,,,100340,,,Other,100554,,,Delta,100171,,,yara.vance@acme-fake.test,fatima.patel@sampleco.test,Re-engagement,100763,Pioneer Textiles,Gamma,100023,,,,,,,101790,,,,Y,
100642,Contact,102413,yara.cohen@acme-fake.test,Yara Ivanov,2026-06-28 18:11:00,fatima.brooks@sampleco.test,Arjun Ford,2026-03-03 20:19:00,riley.cohen@demomail.test,Yara Blake,2024-05-08 07:48:00,rowan.vance@sampleco.test,Jamie Okafor,2024-10-13 21:26:00,Y,Emerson Brooks,Casey Whitfield,Drew Sato,TAG-9595,Recruiter,,,,,,,,,TAG-1708,drew.sato@sampleco.test,,,,Active,100434,100518,100115,,,,,,,100255,,,Gamma,100429,,Y,Delta,,,,quinn.ford@examplecorp.test,skyler.ivanov@examplecorp.test,Product Update,100359,,Other,100344,,,,,,,101826,,,,N,
100638,Contact,102415,avery.blake@sampleco.test,Morgan Silva,2023-04-16 10:14:00,diego.dorsey@demomail.test,Nina Whitfield,2024-03-22 11:23:00,priya.ford@acme-fake.test,Reese Cohen,2023-05-25 09:12:00,emerson.garcia@demomail.test,Chen Okafor,2025-02-15 23:20:00,Y,Emerson Sloan,Chen Whitfield,Riley Mensah,SKU-9038,Marketing Coordinator,,,,,,,,SKU-4303,TAG-9646,riley.mensah@examplecorp.test,,,,Active,100309,100356,100771,,,,,,,,,,Alpha,100686,,,Alpha,,100565,,arjun.cohen@demomail.test,rowan.reyes@examplecorp.test,Event Invite,100374,,,100424,,,,,,,,,,,Y,
100103,Contact,102417,arjun.mercer@sampleco.test,Rahul Kim,2026-03-31 15:15:00,yara.mensah@demomail.test,Rahul Calder,2023-04-20 04:34:00,noah.haddad@sampleco.test,Elena Rossi,2025-06-21 07:03:00,yara.larsson@examplecorp.test,Sofia Patel,2025-09-12 06:37:00,Y,Reese Garcia,Emerson Ivanov,Quinn Mercer,TAG-8844,Support Specialist,,,,,,,,SKU-3942,REF-7548,quinn.mercer@demomail.test,,,,Active,,100543,100206,100627,100339,,,,,100457,,100731,Alpha,100628,,,Standard,,,,marco.sato@acme-fake.test,taylor.dorsey@sampleco.test,Quarterly Newsletter,100288,Beacon Solutions Corp,Alpha,,,,,,,,,,,,,
100241,Contact,102420,fatima.nguyen@sampleco.test,Omar Mensah,2022-11-17 09:22:00,drew.brooks@acme-fake.test,Jordan Larsson,2024-07-28 20:16:00,riley.silva@sampleco.test,Nina Rossi,2024-03-28 03:26:00,riley.kim@acme-fake.test,Sofia Silva,2025-08-01 17:04:00,Y,Nina Costa,Rowan Cohen,Sofia Ford,SKU-4711,Data Analyst,,,,,,,,,SKU-8093,sofia.ford@acme-fake.test,,,,Active,100238,100420,100664,,100601,,,,,100023,,100234,Beta,100208,,Y,Alpha,100400,,,emerson.patel@examplecorp.test,taylor.ashby@acme-fake.test,Quarterly Newsletter,100474,,Beta,100750,,,,,,,,,,,,
100139,Contact,102421,yara.okafor@examplecorp.test,Taylor Patel,2025-07-04 08:12:00,skyler.ford@examplecorp.test,Rahul Silva,2023-01-10 23:34:00,nina.ashby@sampleco.test,Rahul Dorsey,2023-04-09 10:58:00,priya.rossi@sampleco.test,Drew Garcia,2023-02-02 15:23:00,Y,Arjun Kim,Quinn Brooks,Taylor Silva,TAG-2103,Software Developer,,,,,,,,LOT-7505,REF-5257,taylor.silva@demomail.test,,,,Active,100090,,100080,100418,100474,,,,,,,100101,Gamma,100333,,,Beta,,,,avery.mensah@acme-fake.test,quinn.larsson@examplecorp.test,Quarterly Newsletter,100777,Summit Logistics Co,Beta,100432,,,,,,,,,,,Y,
100610,Contact,102424,mei.sloan@demomail.test,Arjun Vance,2024-08-05 16:32:00,sofia.vance@demomail.test,Fatima Rossi,2024-01-09 23:00:00,quinn.brooks@demomail.test,Avery Silva,2023-10-19 07:59:00,reese.ashby@acme-fake.test,Jordan Okafor,2024-05-29 15:21:00,Y,Reese Dorsey,Jamie Ford,Emerson Mercer,SKU-7079,Data Analyst,,,,,,,,LOT-8592,LOT-9622,emerson.mercer@sampleco.test,,,,Active,100475,100563,100141,100517,,,,,,,,100712,Standard,100110,,,Standard,100151,100340,,sofia.reyes@examplecorp.test,skyler.larsson@demomail.test,Quarterly Newsletter,100496,,Gamma,100624,,,,,,,101869,,,,,
100282,Contact,102426,alex.silva@demomail.test,Drew Kim,2023-12-09 15:53:00,nina.haddad@examplecorp.test,Fatima Mensah,2023-02-28 20:39:00,taylor.okafor@examplecorp.test,Reese Kim,2023-01-31 00:15:00,rahul.haddad@sampleco.test,Casey Brooks,2025-09-16 20:13:00,Y,Omar Whitfield,Chen Sloan,Nina Vance,TAG-5918,Support Specialist,,,,,,REF-6920,,,TAG-1170,nina.vance@demomail.test,,,,Active,,,100245,100212,,,,,,100579,,100069,Alpha,100058,,,,,100777,,marco.haddad@sampleco.test,chen.whitfield@acme-fake.test,Re-engagement,100046,,Delta,,,,,,,,101822,,,,N,
100269,Contact,102428,alex.brooks@sampleco.test,Noah Brooks,2024-03-26 17:22:00,aisha.cohen@demomail.test,Rahul Mercer,2026-03-21 08:20:00,skyler.haddad@demomail.test,Reese Silva,2023-06-17 21:24:00,rahul.mercer@acme-fake.test,Jordan Sloan,2025-06-24 15:23:00,Y,Mei Blake,Omar Mensah,Priya Ford,TAG-1030,Bookkeeper,,,,,,,,,SKU-2768,priya.ford@examplecorp.test,,,,Active,,,100042,100642,100126,,,,,100389,,,Beta,100291,,N,Beta,,100720,,marco.reyes@demomail.test,morgan.mensah@sampleco.test,Quarterly Newsletter,100382,Cardinal Group LLC,,100044,,,,9,,,101879,,,,Y,
100301,Contact,102429,drew.mensah@examplecorp.test,Elena Garcia,2023-08-13 10:14:00,skyler.okafor@examplecorp.test,Nina Larsson,2023-10-25 09:59:00,chen.patel@demomail.test,Drew Mercer,2026-07-18 09:28:00,aisha.okafor@examplecorp.test,Riley Mensah,2026-01-09 15:03:00,Y,Omar Haddad,Marco Haddad,Jordan Costa,LOT-6125,Payroll Specialist,,,,,,,,REF-7026,LOT-6451,jordan.costa@sampleco.test,,,,Active,,,100670,100388,,,,,,,,100029,Other,100568,,,,,,,mei.ashby@sampleco.test,rowan.dorsey@sampleco.test,Re-engagement,100310,Granite Analytics Ltd,,100560,,,,,,,101790,N,,,,
100286,Contact,102432,marco.ashby@examplecorp.test,Rahul Cohen,2024-08-16 21:57:00,arjun.costa@demomail.test,Alex Ivanov,2025-11-10 15:38:00,yara.brooks@demomail.test,Skyler Haddad,2023-02-28 05:23:00,jamie.calder@acme-fake.test,Sofia Calder,2023-05-31 16:11:00,N,Priya Costa,Quinn Ashby,Rowan Brooks,LOT-3387,Bookkeeper,,,,,,,,,TAG-3240,rowan.brooks@demomail.test,,,,Inactive,100206,,100410,,100103,,,,,,,,Alpha,100041,,Y,,100637,,,rahul.sato@demomail.test,emerson.dorsey@demomail.test,Quarterly Newsletter,100765,Cardinal Textiles Inc,Delta,,,,,,,,101857,,,,N,
100672,Contact,102434,priya.sato@sampleco.test,Drew Sato,2025-09-02 04:14:00,riley.patel@examplecorp.test,Aisha Vance,2022-12-29 18:09:00,aisha.cohen@sampleco.test,Morgan Brooks,2025-12-30 04:22:00,emerson.ford@demomail.test,Fatima Okafor,2022-12-31 08:00:00,N,Priya Haddad,Noah Calder,Alex Sloan,SKU-8595,Bookkeeper,,,,,,,,TAG-4661,TAG-1964,alex.sloan@acme-fake.test,,,,Inactive,100398,100248,100122,100119,,,,,,100156,,100309,Gamma,100286,,,,100031,,,yara.whitfield@acme-fake.test,reese.ford@examplecorp.test,Event Invite,100704,,,100631,,,,,,,,,,,,N
100705,Contact,102436,morgan.sloan@demomail.test,Morgan Nguyen,2024-06-23 20:45:00,riley.calder@sampleco.test,Omar Ford,2025-07-20 04:13:00,arjun.brooks@examplecorp.test,Diego Nguyen,2024-05-14 02:00:00,aisha.mensah@examplecorp.test,Reese Nguyen,2024-04-02 01:30:00,Y,Taylor Dorsey,Quinn Mercer,Omar Dorsey,SKU-6499,Operations Associate,,,,,,,,,REF-7016,omar.dorsey@sampleco.test,,,,Active,,100642,100359,100455,100702,LOT-4334,,,,100734,,100576,Standard,100206,,,Standard,100025,100086,,rahul.rossi@sampleco.test,arjun.dorsey@acme-fake.test,Event Invite,100628,,,,,,,,,,101827,,,,N,
100153,Contact,102438,emerson.patel@demomail.test,Jamie Okafor,2023-11-08 22:13:00,nina.sloan@sampleco.test,Rowan Mensah,2023-10-19 06:24:00,mei.silva@examplecorp.test,Avery Rossi,2023-08-28 09:11:00,elena.rossi@examplecorp.test,Skyler Ivanov,2022-12-17 11:08:00,N,Drew Garcia,Reese Haddad,Jordan Garcia,TAG-8831,QA Engineer,,,,,,,8208,,REF-7850,jordan.garcia@examplecorp.test,,,,Inactive,100115,,100023,,100672,,,,,100041,,,Alpha,100388,,,,100079,100632,,morgan.sloan@acme-fake.test,taylor.costa@examplecorp.test,Event Invite,100334,Redwood Logistics Co,,,,,,,,,,,,,N,
100042,Contact,102439,reese.cohen@examplecorp.test,Jamie Mensah,2023-12-12 11:00:00,jordan.sato@acme-fake.test,Alex Mensah,2025-06-17 20:33:00,morgan.kim@acme-fake.test,Sofia Vance,2023-03-15 01:53:00,rahul.dorsey@acme-fake.test,Drew Ivanov,2024-07-12 19:31:00,Y,Skyler Vance,Sofia Whitfield,Nina Larsson,SKU-2642,Customer Success Manager,,,,,,,,LOT-8297,LOT-3680,nina.larsson@demomail.test,,,,Active,,,100185,,100622,,,,,100506,,100481,Other,100522,,,Standard,100151,100726,,emerson.vance@examplecorp.test,morgan.brooks@acme-fake.test,Event Invite,100359,Keystone Foods Inc,Beta,,,,,0,,,101839,,,,,
100792,Contact,102441,aisha.ford@acme-fake.test,Mei Nguyen,2025-02-14 15:50:00,jordan.ivanov@sampleco.test,Yara Rossi,2024-03-08 06:37:00,diego.vance@demomail.test,Omar Ashby,2026-03-10 20:46:00,morgan.cohen@examplecorp.test,Riley Mercer,2025-11-05 03:51:00,Y,Morgan Blake,Drew Cohen,Quinn Kim,TAG-9393,Operations Associate,,,,,,TAG-8444,,,REF-6273,quinn.kim@acme-fake.test,,,,Active,,100523,100328,100161,100786,,,,,100552,,,Other,100286,,,Delta,100440,100380,,sofia.blake@acme-fake.test,noah.brooks@examplecorp.test,Re-engagement,100784,,Alpha,100051,,,,4,,,101821,,,,N,
100319,Contact,102442,emerson.haddad@demomail.test,Emerson Ford,2023-03-02 20:25:00,reese.garcia@acme-fake.test,Yara Calder,2025-01-22 15:47:00,chen.ashby@acme-fake.test,Emerson Nguyen,2023-07-23 19:05:00,arjun.reyes@acme-fake.test,Alex Sato,2023-09-28 10:04:00,N,Sofia Mercer,Yara Mercer,Casey Blake,SKU-2681,Software Developer,,,,,,,,REF-7487,SKU-7247,casey.blake@examplecorp.test,,,,Inactive,100060,,100517,100573,,,,,,,,,Other,100212,,,,100601,,,yara.patel@examplecorp.test,sofia.mercer@sampleco.test,Product Update,100696,,Standard,,,,,,,,101788,,,,,N
100241,Contact,102443,riley.nguyen@demomail.test,Skyler Sloan,2026-07-23 08:40:00,yara.silva@examplecorp.test,Diego Larsson,2023-05-08 18:05:00,nina.sloan@demomail.test,Drew Sloan,2025-08-03 14:45:00,morgan.calder@sampleco.test,Reese Rossi,2025-10-16 09:34:00,N,Sofia Patel,Arjun Cohen,Nina Calder,REF-6546,Operations Associate,,,,,Beta,,,SKU-9853,SKU-7461,nina.calder@sampleco.test,,,,Inactive,100203,,100235,,100511,,,,,,,100792,Alpha,100353,,,Other,100151,100615,,alex.silva@acme-fake.test,casey.garcia@examplecorp.test,Quarterly Newsletter,100679,Cobalt Textiles,,,,,,,,,101780,,,,,
100568,Contact,102444,avery.rossi@demomail.test,Skyler Cohen,2025-06-09 19:29:00,diego.haddad@examplecorp.test,Reese Brooks,2024-12-17 10:15:00,priya.larsson@acme-fake.test,Avery Ivanov,2026-03-27 01:12:00,arjun.ford@demomail.test,Nina Garcia,2026-07-02 05:48:00,Y,Rowan Sloan,Jamie Ashby,Taylor Blake,LOT-4568,Accountant,,,,,,SKU-3375,,REF-9838,REF-5807,taylor.blake@acme-fake.test,,,,Active,100340,,100593,100571,,,,,,100632,,,Gamma,100690,,,Other,100554,,,sofia.reyes@demomail.test,rowan.okafor@sampleco.test,Event Invite,100705,,,100395,,,,,,,,,,,Y,
100188,Contact,102446,omar.vance@sampleco.test,Yara Kim,2025-11-04 03:05:00,mei.haddad@sampleco.test,Omar Haddad,2022-12-19 23:23:00,taylor.vance@sampleco.test,Jordan Reyes,2024-08-25 22:38:00,riley.kim@sampleco.test,Omar Ivanov,2023-08-04 14:23:00,Y,Chen Reyes,Quinn Ford,Chen Patel,SKU-1037,Project Manager,,,,,,,,SKU-2863,TAG-9424,chen.patel@examplecorp.test,,,,Active,,,100101,100487,100153,,,,,,,,Beta,100464,,,,,100582,,sofia.dorsey@acme-fake.test,yara.whitfield@examplecorp.test,Product Update,100509,,Standard,100457,,,,,,,101850,,,,Y,
100388,Contact,102448,noah.brooks@acme-fake.test,Drew Kim,2026-02-20 18:29:00,mei.ashby@sampleco.test,Arjun Blake,2024-05-08 00:54:00,taylor.ford@sampleco.test,Liam Mercer,2025-01-19 05:01:00,avery.silva@examplecorp.test,Elena Haddad,2023-08-08 21:40:00,Y,Sofia Silva,Riley Costa,Aisha Costa,REF-3377,HR Generalist,,,,,,,,,SKU-7897,aisha.costa@acme-fake.test,,,,Active,,100654,100742,,,LOT-1450,,,,,,100627,Standard,100200,,Y,Beta,100305,100565,,mei.silva@examplecorp.test,casey.brooks@sampleco.test,Event Invite,100798,Silverline Analytics Inc,Beta,,,,,,,,101790,,,,,
100003,Contact,102449,reese.haddad@acme-fake.test,Mei Ashby,2024-06-15 13:02:00,elena.rossi@demomail.test,Jordan Dorsey,2023-06-04 07:11:00,emerson.sloan@sampleco.test,Rahul Mercer,2022-11-02 03:30:00,omar.sloan@demomail.test,Noah Reyes,2024-10-01 02:35:00,Y,Mei Haddad,Alex Haddad,Jordan Nguyen,REF-9275,Customer Success Manager,,,Gamma,,Gamma,,,,REF-3881,jordan.nguyen@sampleco.test,,,,Active,,100099,100742,100405,,,,,,,,,Beta,100195,,,Standard,,100184,,taylor.vance@demomail.test,arjun.ashby@demomail.test,Quarterly Newsletter,100744,,Beta,100224,,,,,,,,,,,,
100238,Contact,102452,priya.garcia@demomail.test,Fatima Ivanov,2026-05-15 20:36:00,rowan.haddad@examplecorp.test,Priya Kim,2025-11-30 15:52:00,quinn.blake@demomail.test,Rahul Blake,2026-02-25 14:13:00,avery.mercer@examplecorp.test,Drew Dorsey,2024-02-05 19:00:00,Y,Alex Ivanov,Rowan Rossi,Nina Ford,REF-2364,Customer Success Manager,,,,,,,,,SKU-7778,nina.ford@sampleco.test,,,,Active,,100638,100479,100497,100565,,,,,100558,,100239,Other,100348,,,Gamma,,,,jamie.ivanov@examplecorp.test,emerson.brooks@sampleco.test,Quarterly Newsletter,100530,Falcon Holdings Group,Gamma,100403,,,,,,,101814,,,,N,
100388,Contact,102455,nina.ivanov@acme-fake.test,Diego Patel,2025-05-07 23:13:00,yara.mercer@examplecorp.test,Casey Costa,2026-05-11 06:26:00,morgan.silva@examplecorp.test,Fatima Patel,2023-02-15 04:24:00,casey.ashby@acme-fake.test,Nina Calder,2025-07-09 21:41:00,Y,Taylor Blake,Riley Sato,Arjun Mensah,TAG-9838,Bookkeeper,,,,,,,,TAG-9398,SKU-5811,arjun.mensah@demomail.test,,,,Active,100486,100679,100455,100699,,,,,,,,,Gamma,100459,,,Beta,100729,,,elena.cohen@sampleco.test,skyler.larsson@examplecorp.test,Product Update,100235,Falcon Networks Group,Gamma,100585,,,,,,,,,,,N,
100782,Contact,102457,casey.vance@examplecorp.test,Skyler Haddad,2025-01-06 02:24:00,fatima.calder@examplecorp.test,Casey Garcia,2024-02-20 03:03:00,rowan.mensah@sampleco.test,Riley Patel,2025-09-19 15:52:00,liam.brooks@demomail.test,Rahul Reyes,2026-01-09 05:42:00,Y,Reese Vance,Taylor Garcia,Chen Reyes,TAG-5545,Accountant,,,,,,,,REF-6120,TAG-2875,chen.reyes@demomail.test,,,,Active,100136,100332,100527,100099,,,,,,100073,,100494,Delta,100717,,,,100455,100760,,chen.kim@examplecorp.test,diego.dorsey@sampleco.test,Product Update,100750,,Beta,100591,,,,,,,,,,,Y,
100009,Contact,102459,alex.brooks@sampleco.test,Mei Okafor,2023-11-22 04:55:00,quinn.patel@demomail.test,Jordan Costa,2025-05-09 12:20:00,marco.patel@demomail.test,Aisha Mensah,2026-04-07 16:12:00,taylor.calder@sampleco.test,Alex Calder,2024-05-01 21:29:00,Y,Fatima Kim,Sofia Silva,Nina Nguyen,LOT-4182,QA Engineer,,,,,,,,,TAG-4625,nina.nguyen@demomail.test,,,,Active,100014,100227,100702,,100708,,,,,,,100086,Standard,100523,,,,100062,100120,,omar.dorsey@acme-fake.test,omar.sloan@examplecorp.test,Quarterly Newsletter,100767,,Gamma,100360,,,,,,,101830,,,,,
100704,Contact,102462,omar.sato@demomail.test,Taylor Ashby,2023-10-27 13:48:00,reese.kim@demomail.test,Emerson Dorsey,2024-11-25 16:48:00,jamie.mensah@demomail.test,Sofia Okafor,2025-11-03 17:59:00,avery.reyes@acme-fake.test,Diego Cohen,2025-10-06 00:39:00,Y,Jamie Mensah,Chen Larsson,Rahul Mercer,TAG-6448,Executive Assistant,,,,,,,,LOT-9515,REF-5795,rahul.mercer@demomail.test,,,,Active,,,100734,100186,100288,,,,,100516,,100141,Beta,100620,,,Beta,100134,,,rahul.blake@sampleco.test,jamie.reyes@sampleco.test,Event Invite,100642,,Alpha,100235,,,,,,,101800,,,,N,Y
100015,Contact,102464,rowan.costa@sampleco.test,Liam Silva,2024-02-04 14:41:00,riley.reyes@sampleco.test,Mei Mensah,2025-06-30 12:46:00,skyler.patel@sampleco.test,Morgan Rossi,2026-03-27 09:47:00,riley.mercer@examplecorp.test,Arjun Patel,2024-04-02 08:30:00,Y,Omar Kim,Rowan Sato,Morgan Ivanov,SKU-1683,Marketing Coordinator,,,,,,,,LOT-5448,LOT-2293,morgan.ivanov@demomail.test,,,,Active,100383,,100101,100188,,,,,,100720,,,Other,100470,,,Standard,100548,100376,,rahul.kim@examplecorp.test,rahul.vance@examplecorp.test,Re-engagement,100190,,,,,,,,,,101866,N,,,,
100576,Contact,102465,jamie.mensah@examplecorp.test,Liam Mercer,2023-03-12 10:25:00,rowan.mercer@demomail.test,Noah Haddad,2026-07-24 14:14:00,sofia.blake@demomail.test,Sofia Ford,2026-06-24 22:38:00,omar.patel@acme-fake.test,Liam Ford,2024-02-09 01:21:00,Y,Nina Nguyen,Emerson Sloan,Jordan Ashby,TAG-7661,Accountant,,,,,,,,,REF-8916,jordan.ashby@demomail.test,,,,Active,100120,,100511,100403,100788,,,,,100395,,100551,Beta,100789,,,Standard,100445,100322,,marco.mensah@acme-fake.test,skyler.mercer@examplecorp.test,Product Update,100091,,Beta,100334,,,,,,,101804,,,,N,
100094,Contact,102467,aisha.calder@examplecorp.test,Riley Costa,2024-03-30 06:38:00,morgan.rossi@acme-fake.test,Emerson Calder,2024-01-14 06:25:00,skyler.dorsey@demomail.test,Drew Whitfield,2023-04-24 12:38:00,aisha.garcia@examplecorp.test,Nina Vance,2023-07-21 20:30:00,Y,Arjun Calder,Diego Sloan,Skyler Garcia,SKU-1171,Data Analyst,,,,,,,,,LOT-2607,skyler.garcia@examplecorp.test,,,,Active,,,100784,100520,100171,,,,,,,,Beta,100215,,,,100800,,,quinn.whitfield@acme-fake.test,sofia.patel@examplecorp.test,Renewal Nudge,100255,Horizon Textiles LLC,Alpha,,,,,,,,101803,,,,,
100368,Contact,102469,quinn.haddad@sampleco.test,Marco Reyes,2024-01-12 02:22:00,morgan.vance@sampleco.test,Emerson Calder,2024-03-29 11:31:00,taylor.rossi@examplecorp.test,Drew Dorsey,2023-04-26 23:17:00,elena.nguyen@examplecorp.test,Omar Ashby,2023-06-28 14:25:00,Y,Marco Brooks,Marco Ashby,Diego Sloan,REF-9339,Customer Success Manager,,,,,,,,,TAG-1694,diego.sloan@demomail.test,,,,Active,100290,100351,100305,100475,100415,,,,,100053,,100420,Gamma,100763,,Y,Delta,100418,100709,,yara.ivanov@examplecorp.test,taylor.rossi@examplecorp.test,Re-engagement,100482,,,,,,,,,,,,,,,N
100498,Contact,102471,riley.dorsey@demomail.test,Jamie Cohen,2023-08-03 04:03:00,elena.larsson@examplecorp.test,Diego Ashby,2026-03-03 02:50:00,noah.nguyen@examplecorp.test,Sofia Mercer,2025-02-08 18:23:00,morgan.reyes@sampleco.test,Mei Mercer,2023-06-02 22:45:00,Y,Skyler Ashby,Marco Mensah,Rahul Blake,LOT-9740,Financial Analyst,,,,,,,8955,TAG-2282,REF-3007,rahul.blake@examplecorp.test,,,,Active,,,100462,100638,,,,,,100136,,100542,Gamma,100560,,,Standard,,100487,,noah.dorsey@acme-fake.test,avery.nguyen@acme-fake.test,Quarterly Newsletter,100627,Granite Dynamics Corp,Delta,100445,,,,,,,,,,,,
100119,Contact,102474,quinn.ashby@examplecorp.test,Rahul Blake,2025-11-09 08:55:00,omar.ivanov@examplecorp.test,Jamie Cohen,2025-07-01 06:40:00,jordan.vance@demomail.test,Aisha Haddad,2023-04-13 09:22:00,morgan.dorsey@sampleco.test,Liam Whitfield,2026-05-19 19:23:00,N,Noah Reyes,Mei Costa,Yara Dorsey,TAG-6065,Customer Success Manager,,,,,,,,,TAG-9575,yara.dorsey@demomail.test,,,,Inactive,100672,,100517,,100010,TAG-2957,,,,,,,Gamma,100113,,,,100661,100786,,avery.ivanov@examplecorp.test,mei.mensah@examplecorp.test,Product Update,100699,Harbor Logistics LLP,,,,5,,1,,,,,,,,
100576,Contact,102477,mei.haddad@sampleco.test,Skyler Calder,2026-05-22 10:23:00,casey.okafor@sampleco.test,Fatima Kim,2025-11-21 22:48:00,chen.blake@demomail.test,Taylor Kim,2026-01-04 11:14:00,rahul.larsson@examplecorp.test,Sofia Costa,2023-07-14 23:03:00,Y,Rahul Ivanov,Marco Nguyen,Omar Garcia,TAG-3467,Data Analyst,,,,,,,,,SKU-7935,omar.garcia@examplecorp.test,,,,Active,100360,,100485,100523,,,,,,100398,,100684,Delta,100053,,,Alpha,100371,,,taylor.patel@acme-fake.test,drew.ivanov@acme-fake.test,Quarterly Newsletter,100789,Delta Ventures Ltd,Standard,,,,,,,,,,,,N,
100784,Contact,102478,noah.sloan@examplecorp.test,Liam Ashby,2024-07-28 05:16:00,alex.mercer@demomail.test,Jamie Nguyen,2025-01-31 00:17:00,yara.vance@demomail.test,Noah Haddad,2023-12-04 19:39:00,morgan.sato@acme-fake.test,Morgan Okafor,2025-07-25 10:18:00,Y,Fatima Okafor,Noah Sato,Fatima Reyes,TAG-8098,Payroll Specialist,,,,,,,,LOT-5101,REF-4386,fatima.reyes@examplecorp.test,,,,Active,100286,,100177,,100664,,,,,100241,,100503,Delta,100771,,,,100014,100120,,drew.kim@acme-fake.test,omar.cohen@examplecorp.test,Product Update,100086,Meridian Health Inc,Other,,,,,,,,,,,,,
100735,Contact,102479,mei.mercer@sampleco.test,Noah Mensah,2023-09-04 13:21:00,arjun.mercer@acme-fake.test,Mei Ashby,2023-08-09 11:06:00,sofia.haddad@examplecorp.test,Drew Ashby,2024-05-28 14:21:00,riley.sato@demomail.test,Quinn Dorsey,2024-12-05 09:42:00,Y,Noah Costa,Diego Costa,Jamie Vance,SKU-4519,Financial Analyst,,,,,,,,,REF-5594,jamie.vance@acme-fake.test,,,,Active,100267,,100389,,100617,,,,,100353,,100380,Beta,100789,,,Alpha,100094,,,morgan.brooks@sampleco.test,jordan.ashby@sampleco.test,Renewal Nudge,100241,Granite Capital LLP,Alpha,100420,,,,,,,101841,,,,,
100654,Contact,102480,liam.ford@demomail.test,Morgan Mensah,2025-03-10 11:48:00,riley.cohen@sampleco.test,Emerson Rossi,2025-04-25 23:15:00,diego.okafor@sampleco.test,Emerson Ford,2026-06-09 10:08:00,morgan.mensah@sampleco.test,Chen Ashby,2024-04-11 05:34:00,N,Fatima Ivanov,Quinn Whitfield,Mei Blake,SKU-8731,Bookkeeper,,,,,,,,,REF-9822,mei.blake@acme-fake.test,,,,Inactive,100585,,100434,100496,100153,,,,,100382,,100596,Standard,100262,,,,100386,,,marco.haddad@examplecorp.test,sofia.kim@examplecorp.test,Re-engagement,100259,Cardinal Financial Group,Standard,,,,,,,,101818,,,,,
100094,Contact,102483,morgan.haddad@examplecorp.test,Avery Costa,2023-04-26 01:44:00,nina.okafor@examplecorp.test,Reese Patel,2025-04-12 09:07:00,jamie.costa@demomail.test,Yara Sato,2026-07-10 21:46:00,fatima.cohen@demomail.test,Yara Reyes,2022-12-22 22:30:00,Y,Elena Ford,Diego Blake,Elena Blake,LOT-3577,Project Manager,,,,,,,5257,,TAG-5591,elena.blake@sampleco.test,,,,Active,,100122,100079,100576,100607,,,,,100388,,100400,Alpha,100759,,,,,,,quinn.rossi@acme-fake.test,riley.silva@sampleco.test,Event Invite,100686,Evergreen Capital Ltd,Standard,,,,,,,,,,,,,
100046,Contact,102486,elena.ford@sampleco.test,Morgan Rossi,2025-07-31 04:01:00,casey.brooks@examplecorp.test,Fatima Rossi,2025-12-02 01:21:00,priya.whitfield@acme-fake.test,Chen Sloan,2026-05-04 07:46:00,alex.reyes@acme-fake.test,Aisha Sato,2024-10-13 00:40:00,Y,Drew Rossi,Mei Silva,Rowan Whitfield,REF-8464,Executive Assistant,,,,,,,,LOT-7594,SKU-3852,rowan.whitfield@examplecorp.test,,,,Active,,,100503,100588,100559,,,,,100576,,,Beta,100500,,N,Beta,100796,,,sofia.mercer@sampleco.test,marco.calder@examplecorp.test,Renewal Nudge,100339,Delta Group Co,,100464,,,,,,,,,,,N,
100106,Contact,102487,jamie.mercer@examplecorp.test,Casey Vance,2026-02-28 15:18:00,sofia.sloan@demomail.test,Riley Blake,2023-09-02 01:41:00,diego.whitfield@demomail.test,Marco Kim,2023-07-07 10:05:00,noah.ashby@examplecorp.test,Casey Ashby,2024-08-25 09:40:00,Y,Quinn Ashby,Alex Mensah,Quinn Costa,TAG-5693,Executive Assistant,,,,,,,,,LOT-1686,quinn.costa@acme-fake.test,,,,Active,,,100053,100803,,,,,,100692,,100473,Other,100755,,N,Gamma,,100622,,taylor.haddad@sampleco.test,diego.reyes@examplecorp.test,Product Update,100280,,,100482,,,,,,,101870,,,,,Y
100319,Contact,102490,emerson.sloan@demomail.test,Fatima Costa,2025-03-12 13:24:00,morgan.rossi@demomail.test,Riley Ashby,2022-12-08 09:03:00,omar.haddad@examplecorp.test,Reese Sato,2025-12-08 03:09:00,jordan.rossi@examplecorp.test,Noah Okafor,2024-04-04 23:39:00,Y,Priya Okafor,Alex Haddad,Taylor Kim,SKU-5506,Executive Assistant,,,,,,,,,REF-8323,taylor.kim@examplecorp.test,,,,Active,,,100746,100280,100075,,,,,100178,,100034,Gamma,100208,,,Beta,,,,liam.vance@demomail.test,casey.mercer@examplecorp.test,Product Update,100129,,Standard,,,,,,,,,,,,Y,
100759,Contact,102492,diego.dorsey@examplecorp.test,Skyler Brooks,2025-02-03 06:32:00,rowan.calder@examplecorp.test,Aisha Blake,2022-11-12 10:32:00,liam.patel@acme-fake.test,Liam Blake,2026-07-02 04:38:00,casey.kim@sampleco.test,Fatima Patel,2023-09-19 04:23:00,Y,Rowan Kim,Rowan Blake,Quinn Rossi,LOT-8271,Operations Associate,,,Gamma,,,,,,TAG-5394,quinn.rossi@demomail.test,,,,Active,100301,,100051,100753,100220,,,,,100468,,100658,Alpha,100009,,,Delta,,100209,,casey.rossi@sampleco.test,noah.sato@demomail.test,Re-engagement,100309,,Delta,100089,,,,,,,,,,,N,
100075,Contact,102494,jamie.cohen@demomail.test,Rahul Sato,2025-05-27 21:00:00,aisha.ashby@demomail.test,Arjun Reyes,2024-10-20 22:54:00,elena.mensah@acme-fake.test,Priya Sloan,2023-12-31 18:30:00,omar.ashby@acme-fake.test,Diego Silva,2024-03-07 11:18:00,Y,Chen Ashby,Noah Haddad,Priya Costa,LOT-7069,Operations Associate,,REF-6731,,,,,957,,TAG-1918,priya.costa@acme-fake.test,,,,Active,100281,100383,100551,100333,,REF-2512,,,,100530,,100601,Alpha,100418,,,Delta,,100178,,avery.rossi@acme-fake.test,marco.reyes@demomail.test,Re-engagement,100738,,Delta,,,8,,,,,101841,,,,,
100343,Contact,102497,reese.blake@examplecorp.test,Riley Mercer,2024-08-14 16:02:00,diego.haddad@acme-fake.test,Arjun Ford,2023-06-18 06:57:00,aisha.brooks@sampleco.test,Marco Silva,2026-06-16 11:33:00,avery.garcia@examplecorp.test,Liam Silva,2024-11-27 04:57:00,Y,Liam Larsson,Casey Garcia,Casey Garcia,TAG-9134,Bookkeeper,,,,Beta,,,,,SKU-4193,casey.garcia@examplecorp.test,,,,Active,,,100103,,100475,,,,,,,100686,Gamma,100798,,,Alpha,100588,100413,,elena.mercer@examplecorp.test,priya.ford@examplecorp.test,Event Invite,100173,,,,,,,,,,101851,,,,Y,
100280,Contact,102499,reese.reyes@demomail.test,Nina Nguyen,2025-10-18 08:36:00,taylor.larsson@acme-fake.test,Rowan Dorsey,2023-09-19 00:56:00,priya.larsson@acme-fake.test,Chen Blake,2024-06-02 23:07:00,noah.okafor@sampleco.test,Rahul Rossi,2022-11-26 17:49:00,Y,Jamie Costa,Sofia Reyes,Jordan Silva,SKU-8051,Executive Assistant,,,,,,,,,LOT-4008,jordan.silva@examplecorp.test,,,,Active,100625,,100066,,100601,,,,,100563,,,Gamma,100632,,,Delta,,100792,,chen.sloan@acme-fake.test,casey.nguyen@sampleco.test,Quarterly Newsletter,100203,,Alpha,100481,,,,,,,,N,,,Y,
100366,Contact,102502,morgan.blake@examplecorp.test,Alex Ashby,2025-01-02 13:17:00,emerson.vance@sampleco.test,Emerson Larsson,2023-03-17 22:59:00,jamie.ford@acme-fake.test,Quinn Garcia,2022-10-09 04:34:00,chen.kim@demomail.test,Fatima Dorsey,2026-01-18 00:37:00,Y,Taylor Silva,Emerson Garcia,Omar Blake,TAG-4779,QA Engineer,,,,Delta,Alpha,,,,REF-4539,omar.blake@demomail.test,,,,Active,,100176,100126,100477,,,,,,100638,,,Other,100772,,,Alpha,100298,100031,,arjun.ford@sampleco.test,fatima.kim@demomail.test,Product Update,100069,,,,,,,,,,101854,,,,N,
100257,Contact,102504,taylor.cohen@examplecorp.test,Fatima Reyes,2025-04-03 07:09:00,yara.ivanov@sampleco.test,Quinn Dorsey,2024-06-21 23:15:00,fatima.whitfield@examplecorp.test,Emerson Patel,2026-02-20 09:36:00,reese.costa@examplecorp.test,Emerson Blake,2026-03-24 13:24:00,Y,Chen Sloan,Skyler Rossi,Diego Mercer,LOT-1477,Project Manager,,,,,,,,,LOT-6099,diego.mercer@sampleco.test,,,,Active,,100259,100793,100798,100119,,,,,100555,,100103,Standard,100637,,,Other,100188,,,jamie.rossi@demomail.test,skyler.calder@sampleco.test,Event Invite,100459,,Delta,100628,,,,,,,,,,,Y,
100316,Contact,102507,yara.vance@demomail.test,Chen Cohen,2022-11-17 19:16:00,taylor.sloan@sampleco.test,Emerson Dorsey,2025-01-30 05:39:00,priya.okafor@demomail.test,Noah Ivanov,2025-01-01 00:25:00,casey.ivanov@acme-fake.test,Marco Silva,2024-08-19 12:41:00,Y,Jordan Costa,Aisha Okafor,Nina Mercer,TAG-8333,Data Analyst,,,,,,,,,REF-9088,nina.mercer@acme-fake.test,,,,Active,100060,100262,100136,100360,100539,,,,,100734,,100624,Other,100395,,,Gamma,,,,fatima.nguyen@demomail.test,jordan.larsson@sampleco.test,Renewal Nudge,100235,Atlas Logistics Corp,Beta,,,,,,,,101786,,,,Y,
100492,Contact,102509,priya.costa@sampleco.test,Arjun Ashby,2024-07-31 11:04:00,emerson.mensah@acme-fake.test,Elena Brooks,2026-05-17 23:37:00,taylor.okafor@acme-fake.test,Nina Nguyen,2023-07-31 18:07:00,drew.whitfield@sampleco.test,Drew Sloan,2024-05-16 01:23:00,Y,Arjun Haddad,Sofia Sloan,Taylor Garcia,LOT-3395,Operations Associate,,,,,,,,TAG-9498,REF-8425,taylor.garcia@examplecorp.test,,,,Active,100749,,100645,,100205,LOT-7309,,,,100742,,100182,Gamma,100310,,,Other,100753,,,rowan.dorsey@examplecorp.test,rahul.silva@demomail.test,Event Invite,100500,Lakeside Health Ltd,,100492,,,,,,,101805,,,,,
100156,Contact,102512,nina.blake@acme-fake.test,Casey Nguyen,2023-05-30 03:45:00,quinn.whitfield@demomail.test,Reese Calder,2023-10-06 02:01:00,diego.blake@acme-fake.test,Morgan Kim,2023-03-11 06:47:00,reese.kim@demomail.test,Diego Mercer,2023-05-20 10:25:00,Y,Nina Cohen,Avery Ashby,Alex Haddad,TAG-4381,QA Engineer,,,,,,TAG-5348,,,TAG-1768,alex.haddad@sampleco.test,,,,Active,,100020,100345,100063,100165,,,,,,,100020,Other,100482,,,Gamma,100056,100122,,reese.kim@acme-fake.test,fatima.nguyen@sampleco.test,Event Invite,100128,,Delta,100708,,,,,,,101822,,,,N,
100040,Contact,102513,morgan.okafor@demomail.test,Alex Okafor,2023-07-26 01:36:00,noah.ford@sampleco.test,Reese Okafor,2023-04-05 06:02:00,alex.brooks@sampleco.test,Mei Brooks,2024-03-12 03:51:00,quinn.silva@demomail.test,Riley Cohen,2022-12-08 05:44:00,Y,Aisha Rossi,Casey Ivanov,Morgan Whitfield,REF-3094,Marketing Coordinator,,,,,,,5539,,SKU-5925,morgan.whitfield@sampleco.test,,,,Active,100531,,100345,,100750,,,,,,,100571,Standard,100413,,,Delta,100185,,,riley.garcia@acme-fake.test,morgan.dorsey@acme-fake.test,Re-engagement,100236,,Beta,100348,,,,,,,101811,,,,,
100328,Contact,102514,noah.dorsey@acme-fake.test,Quinn Dorsey,2023-10-27 06:24:00,quinn.patel@examplecorp.test,Jordan Garcia,2024-05-01 19:39:00,jordan.ivanov@demomail.test,Alex Dorsey,2025-02-28 10:48:00,liam.vance@acme-fake.test,Diego Cohen,2022-12-23 15:56:00,Y,Sofia Ashby,Marco Mercer,Elena Okafor,REF-4705,Support Specialist,,,,,,,,,LOT-6520,elena.okafor@examplecorp.test,,,,Active,100704,,100774,100708,100746,,,,,,,100679,Delta,100123,,,Alpha,,100313,,avery.rossi@sampleco.test,arjun.cohen@sampleco.test,Re-engagement,100585,Cardinal Logistics LLP,Gamma,,,9,,,,,,N,,,,
100585,Contact,102517,priya.rossi@examplecorp.test,Jordan Garcia,2023-08-23 22:25:00,morgan.haddad@examplecorp.test,Fatima Haddad,2026-02-01 06:45:00,drew.garcia@examplecorp.test,Marco Sato,2026-04-08 04:27:00,riley.patel@acme-fake.test,Mei Mercer,2024-01-06 19:26:00,Y,Skyler Garcia,Skyler Sloan,Nina Brooks,TAG-4227,Operations Associate,,,,,,,,REF-7479,REF-3429,nina.brooks@examplecorp.test,,,,Active,100037,,100424,100168,100445,,,,,100598,,100610,Alpha,100413,,,,100517,,,drew.cohen@demomail.test,reese.kim@acme-fake.test,Event Invite,100223,Keystone Textiles Inc,,100420,,,,,,,101843,,,,N,
100447,Contact,102519,yara.brooks@examplecorp.test,Alex Haddad,2024-07-16 00:24:00,yara.silva@acme-fake.test,Chen Patel,2026-07-23 07:44:00,casey.mercer@demomail.test,Jordan Mensah,2024-12-26 00:31:00,nina.whitfield@examplecorp.test,Emerson Patel,2025-09-15 14:22:00,Y,Drew Dorsey,Elena Reyes,Rahul Kim,SKU-6267,QA Engineer,,,Delta,,,,,,REF-2989,rahul.kim@demomail.test,,,,Active,100434,100012,100015,100352,100405,,,,,100684,,,Standard,100089,,,,100380,100749,,jordan.larsson@acme-fake.test,reese.okafor@sampleco.test,Event Invite,100056,,,,,,,,,,,,,,N,
100080,Contact,102521,priya.ivanov@examplecorp.test,Drew Brooks,2024-02-24 22:46:00,casey.cohen@acme-fake.test,Arjun Reyes,2024-03-06 09:06:00,reese.garcia@acme-fake.test,Chen Brooks,2023-08-26 12:19:00,nina.garcia@sampleco.test,Alex Dorsey,2025-10-07 22:27:00,Y,Rahul Costa,Rowan Sloan,Rowan Cohen,SKU-7263,Software Developer,,,,,,,,,SKU-7422,rowan.cohen@demomail.test,,,,Active,,100628,100134,,100496,,,,,100405,,100325,Gamma,100132,,,Beta,,100017,,casey.larsson@examplecorp.test,elena.rossi@demomail.test,Renewal Nudge,100328,Atlas Networks Corp,Gamma,,,,,,,,101832,,,,Y,
100216,Contact,102523,riley.whitfield@acme-fake.test,Liam Calder,2025-08-18 05:51:00,quinn.kim@examplecorp.test,Drew Reyes,2022-11-20 00:53:00,skyler.ashby@acme-fake.test,Arjun Dorsey,2026-07-14 22:45:00,aisha.sato@demomail.test,Quinn Rossi,2024-05-24 15:09:00,N,Yara Nguyen,Quinn Mercer,Avery Silva,SKU-7073,Financial Analyst,,,,,,,,,REF-9139,avery.silva@demomail.test,,,,Inactive,100484,100763,100168,100066,,LOT-6592,,,,100091,,,Standard,100667,,,Other,,100617,,aisha.sloan@acme-fake.test,drew.haddad@examplecorp.test,Event Invite,100091,,Delta,100500,,,,,,,101836,,,,N,
100462,Contact,102525,reese.ashby@demomail.test,Morgan Cohen,2025-11-30 08:20:00,arjun.sato@sampleco.test,Avery Vance,2023-05-31 14:15:00,nina.mensah@sampleco.test,Chen Rossi,2024-03-18 20:52:00,marco.patel@examplecorp.test,Quinn Vance,2025-06-09 03:35:00,N,Casey Sloan,Rowan Okafor,Riley Dorsey,TAG-5188,QA Engineer,,,,,,,,,LOT-3769,riley.dorsey@sampleco.test,,,,Inactive,,100681,100535,,100336,,,,,100530,,100440,Delta,100285,,,Alpha,,100103,,taylor.garcia@examplecorp.test,diego.whitfield@acme-fake.test,Renewal Nudge,100008,Falcon Logistics Corp,Beta,,,,,,,,101838,,,,,
100238,Contact,102528,omar.sloan@demomail.test,Riley Mercer,2026-01-10 14:47:00,chen.whitfield@acme-fake.test,Drew Patel,2024-08-21 15:22:00,casey.dorsey@examplecorp.test,Avery Patel,2023-09-30 00:12:00,marco.mercer@sampleco.test,Casey Vance,2025-02-15 23:09:00,N,Alex Vance,Aisha Silva,Morgan Okafor,REF-7929,Payroll Specialist,,,,,Gamma,,,,LOT-2288,morgan.okafor@acme-fake.test,,,,Inactive,100681,100539,100715,100041,100115,,,,,100551,,100622,Delta,100051,,,Beta,100652,100158,,elena.nguyen@sampleco.test,casey.costa@examplecorp.test,Renewal Nudge,100290,,Beta,,,,,,,,,,,,,N
100060,Contact,102530,nina.costa@examplecorp.test,Arjun Nguyen,2023-12-02 13:25:00,alex.sato@examplecorp.test,Quinn Ford,2023-06-05 17:40:00,sofia.kim@examplecorp.test,Skyler Ivanov,2023-10-30 02:03:00,morgan.sloan@demomail.test,Aisha Okafor,2024-09-29 19:15:00,Y,Priya Whitfield,Elena Kim,Yara Rossi,LOT-2175,Accountant,,,,,,,,REF-7882,LOT-5759,yara.rossi@demomail.test,,,,Active,100454,100440,100574,,100708,,,,,,,100484,Gamma,100340,,,Other,,100332,,marco.okafor@acme-fake.test,sofia.patel@sampleco.test,Re-engagement,100182,Redwood Networks LLC,Delta,100104,,,,,,,101834,,,,Y,
100684,Contact,102532,avery.sato@examplecorp.test,Priya Haddad,2025-07-26 21:05:00,fatima.nguyen@acme-fake.test,Elena Blake,2026-02-10 11:34:00,rahul.whitfield@demomail.test,Alex Sato,2023-12-28 17:40:00,alex.ashby@sampleco.test,Yara Sato,2025-05-21 14:43:00,Y,Aisha Kim,Jamie Ivanov,Alex Calder,LOT-2989,QA Engineer,,,,,,,,,TAG-1008,alex.calder@acme-fake.test,,,,Active,100679,100654,100056,100656,100322,,,,,,,100462,Other,100464,,,,100148,,,casey.cohen@acme-fake.test,casey.nguyen@sampleco.test,Renewal Nudge,100788,Summit Retail Co,Other,,,,,,,,101834,Y,,,Y,
100333,Contact,102533,quinn.costa@examplecorp.test,Alex Ashby,2025-01-30 14:21:00,mei.rossi@examplecorp.test,Priya Rossi,2025-05-03 04:17:00,alex.ashby@sampleco.test,Alex Haddad,2024-06-12 10:31:00,morgan.silva@acme-fake.test,Morgan Whitfield,2025-07-12 14:16:00,Y,Emerson Okafor,Diego Dorsey,Jordan Dorsey,TAG-4901,Bookkeeper,,,,,,,,,SKU-3762,jordan.dorsey@demomail.test,,,,Active,,100468,100638,100601,100190,,,,,100543,,100622,Gamma,100248,,,,100585,100111,,emerson.reyes@sampleco.test,emerson.patel@sampleco.test,Event Invite,100234,Cobalt Systems LLP,,100046,,,,,,,,,,,Y,
100012,Contact,102536,jamie.silva@demomail.test,Jamie Whitfield,2026-06-29 12:34:00,skyler.brooks@sampleco.test,Alex Ashby,2024-08-04 07:00:00,priya.mercer@acme-fake.test,Yara Haddad,2025-06-22 23:15:00,nina.nguyen@acme-fake.test,Skyler Okafor,2025-11-25 15:32:00,Y,Skyler Mensah,Diego Vance,Avery Sloan,TAG-9238,Recruiter,,,,Gamma,,,,,LOT-5031,avery.sloan@demomail.test,,,,Active,100205,,100498,100559,100111,,,,,100782,,,Alpha,100789,,,Delta,100610,100654,,priya.brooks@demomail.test,omar.sloan@examplecorp.test,Event Invite,100452,Cardinal Industries,,100044,,,,,,,101783,,,,N,
100429,Contact,102538,skyler.haddad@examplecorp.test,Emerson Ivanov,2024-05-13 16:24:00,jamie.whitfield@sampleco.test,Quinn Vance,2025-11-12 22:19:00,sofia.rossi@demomail.test,Morgan Sloan,2024-09-27 12:56:00,mei.mercer@examplecorp.test,Alex Cohen,2023-06-17 21:33:00,Y,Omar Whitfield,Emerson Ivanov,Sofia Vance,TAG-4983,Project Manager,,,,Standard,,,,,SKU-1243,sofia.vance@acme-fake.test,,,,Active,100003,,100715,,100792,,,,,100267,,,Other,100777,,N,Standard,100012,,,jamie.okafor@examplecorp.test,sofia.larsson@acme-fake.test,Renewal Nudge,100741,,Standard,,,,,0,,,101822,,,,N,
100178,Contact,102540,priya.kim@acme-fake.test,Reese Sato,2025-11-22 12:32:00,rahul.rossi@examplecorp.test,Diego Cohen,2023-08-24 15:19:00,mei.ivanov@examplecorp.test,Arjun Cohen,2023-11-24 05:09:00,emerson.kim@demomail.test,Jordan Okafor,2025-03-15 02:13:00,Y,Sofia Whitfield,Sofia Blake,Reese Mensah,SKU-6068,Software Developer,,,,Standard,,,,,TAG-2969,reese.mensah@examplecorp.test,,,,Active,100772,100596,100132,100543,,,,,,100484,,100494,Delta,100070,,,Gamma,100715,,,taylor.okafor@sampleco.test,chen.larsson@examplecorp.test,Quarterly Newsletter,100388,Harbor Solutions LLP,,,,,,,,,,,,,Y,
100558,Contact,102542,casey.larsson@acme-fake.test,Arjun Sato,2023-11-22 01:00:00,priya.mercer@examplecorp.test,Jordan Ashby,2023-08-21 19:28:00,liam.mercer@demomail.test,Avery Costa,2024-11-19 03:32:00,alex.whitfield@demomail.test,Liam Rossi,2024-12-22 00:02:00,Y,Elena Costa,Priya Mercer,Avery Ashby,TAG-7669,Data Analyst,,,,,,,,,SKU-6803,avery.ashby@sampleco.test,,,,Active,100744,,100319,100195,,,,,,100722,,,Standard,100426,,,Gamma,100329,,,emerson.ford@demomail.test,fatima.garcia@acme-fake.test,Re-engagement,100015,,Alpha,100172,,,,,,,,N,,,,
100649,Contact,102544,marco.garcia@acme-fake.test,Morgan Okafor,2023-07-09 17:32:00,emerson.blake@demomail.test,Fatima Larsson,2024-08-29 07:47:00,nina.mercer@sampleco.test,Casey Sloan,2025-01-06 20:49:00,yara.calder@acme-fake.test,Riley Ivanov,2023-08-30 23:46:00,N,Fatima Kim,Quinn Calder,Avery Rossi,REF-2536,HR Generalist,,LOT-6855,,,,,,,TAG-8621,avery.rossi@acme-fake.test,,,,Inactive,,100188,100134,,100046,REF-4256,,,,100456,,,Beta,100774,,,Standard,100569,100759,,taylor.rossi@acme-fake.test,arjun.haddad@demomail.test,Event Invite,100290,,,,,,,,,,101827,,,,N,
100119,Contact,102546,emerson.okafor@demomail.test,Emerson Ivanov,2023-07-25 00:21:00,casey.ford@acme-fake.test,Yara Brooks,2025-11-10 10:26:00,quinn.kim@acme-fake.test,Sofia Cohen,2026-06-27 08:36:00,omar.sato@demomail.test,Jamie Costa,2024-11-02 13:20:00,N,Mei Haddad,Jordan Reyes,Mei Brooks,SKU-5067,QA Engineer,,,,,,,,,SKU-2970,mei.brooks@sampleco.test,,,,Inactive,,,100560,100622,,,,,,,,100076,Standard,100603,,,Standard,,100235,,liam.rossi@sampleco.test,reese.costa@acme-fake.test,Product Update,100685,Silverline Industries LLP,Alpha,100374,,,,0,,,101843,,,,N,
100323,Contact,102549,aisha.ivanov@demomail.test,Nina Rossi,2023-02-06 09:31:00,skyler.ford@demomail.test,Riley Haddad,2024-11-23 13:40:00,noah.rossi@examplecorp.test,Drew Reyes,2026-05-25 06:05:00,emerson.mensah@acme-fake.test,Mei Cohen,2025-10-26 13:06:00,Y,Chen Brooks,Rowan Okafor,Chen Haddad,TAG-7418,HR Generalist,,,,,,,,SKU-8531,TAG-2527,chen.haddad@examplecorp.test,,,,Active,,100060,100638,100301,100440,,,,,,,,Other,100542,,,,,100490,,emerson.okafor@sampleco.test,casey.larsson@examplecorp.test,Product Update,100262,,,,,,,,,,,,,,Y,
100389,Contact,102551,emerson.sloan@acme-fake.test,Casey Costa,2025-06-08 17:08:00,noah.larsson@acme-fake.test,Rahul Reyes,2024-02-11 23:29:00,liam.sato@examplecorp.test,Emerson Okafor,2024-10-03 13:40:00,aisha.blake@sampleco.test,Elena Ivanov,2023-12-08 08:42:00,Y,Quinn Blake,Riley Sloan,Casey Okafor,REF-3929,Software Developer,,,,,,,,REF-2633,SKU-1182,casey.okafor@sampleco.test,,,,Active,100371,,100153,,100573,,,,,100475,,100624,Other,100632,,,Beta,100481,100780,,mei.sato@examplecorp.test,nina.dorsey@sampleco.test,Quarterly Newsletter,100336,Harbor Robotics LLP,Beta,100126,,,,,,,,,,,Y,
100445,Contact,102553,jamie.cohen@sampleco.test,Riley Garcia,2022-10-07 23:24:00,chen.reyes@examplecorp.test,Drew Garcia,2025-05-03 23:35:00,arjun.reyes@examplecorp.test,Noah Haddad,2025-11-24 23:26:00,chen.cohen@examplecorp.test,Morgan Kim,2025-04-17 17:29:00,Y,Casey Silva,Marco Dorsey,Taylor Okafor,SKU-7569,Project Manager,,,,Delta,,,,,LOT-8746,taylor.okafor@sampleco.test,,,,Active,100780,,100664,100141,100254,,,,,,,100604,Beta,100005,,,Standard,100763,100546,,nina.brooks@sampleco.test,drew.calder@acme-fake.test,Renewal Nudge,100316,,Alpha,100008,,8,,,,,101846,,,,Y,
100184,Contact,102555,diego.ford@demomail.test,Taylor Brooks,2025-08-24 21:56:00,noah.haddad@sampleco.test,Arjun Calder,2023-06-28 20:12:00,priya.rossi@examplecorp.test,Aisha Silva,2024-05-04 22:21:00,noah.garcia@sampleco.test,Fatima Brooks,2023-11-21 22:40:00,N,Rahul Okafor,Taylor Sloan,Casey Silva,REF-1910,Accountant,,,,,,,,,REF-3082,casey.silva@demomail.test,,,,Inactive,100086,,100418,100477,100509,,,,,100535,,100622,Standard,100206,,,,100782,100554,,rahul.vance@sampleco.test,arjun.sloan@acme-fake.test,Event Invite,100353,,Gamma,,,,,,,,101834,Y,,,,
100386,Contact,102557,rowan.costa@demomail.test,Drew Okafor,2023-11-09 13:10:00,jordan.mercer@demomail.test,Rowan Brooks,2025-12-04 11:49:00,arjun.ashby@demomail.test,Jordan Ashby,2024-08-28 21:13:00,rahul.ashby@demomail.test,Drew Costa,2022-10-08 15:23:00,Y,Emerson Ashby,Sofia Nguyen,Fatima Sato,SKU-6222,Data Analyst,,,,,,,6316,,TAG-3715,fatima.sato@examplecorp.test,,,,Active,,,100497,100487,100588,TAG-8279,,,,100262,,100062,Delta,100171,,,Alpha,100123,,,marco.nguyen@acme-fake.test,yara.vance@examplecorp.test,Quarterly Newsletter,100262,Everest Financial Group,Alpha,100062,,,,,,,,,,,,
100418,Contact,102560,sofia.brooks@examplecorp.test,Arjun Calder,2025-09-08 18:57:00,yara.dorsey@examplecorp.test,Drew Kim,2025-09-19 04:32:00,sofia.vance@acme-fake.test,Avery Garcia,2025-02-02 01:05:00,priya.vance@demomail.test,Reese Mensah,2023-04-19 04:31:00,Y,Taylor Patel,Taylor Whitfield,Riley Ford,TAG-9251,Software Developer,,,,,,,,,TAG-6907,riley.ford@demomail.test,,,,Active,,,100177,100380,,,,,,100789,,,Delta,100470,,,Alpha,100003,,,omar.dorsey@acme-fake.test,emerson.rossi@sampleco.test,Product Update,100440,,Other,,,,,,,,101822,,,,,
100496,Contact,102563,reese.silva@sampleco.test,Omar Nguyen,2025-01-22 05:08:00,priya.whitfield@acme-fake.test,Casey Haddad,2025-06-03 00:43:00,riley.ford@acme-fake.test,Riley Mensah,2022-12-11 07:07:00,jamie.kim@acme-fake.test,Omar Rossi,2025-12-16 22:49:00,N,Fatima Garcia,Chen Brooks,Priya Sato,REF-2754,Support Specialist,,,,,,,,,TAG-6282,priya.sato@demomail.test,,,,Inactive,,100288,100673,100530,,,,,,100744,,100731,Delta,100229,,,Standard,100432,,,diego.mensah@acme-fake.test,liam.ivanov@examplecorp.test,Product Update,100062,,Delta,,,,,,,,101803,,,,,
100134,Contact,102564,emerson.sato@sampleco.test,Noah Vance,2023-03-16 22:45:00,fatima.cohen@sampleco.test,Rahul Costa,2026-02-25 15:56:00,alex.ivanov@demomail.test,Nina Sloan,2023-02-03 08:54:00,jordan.ford@demomail.test,Rowan Vance,2024-06-10 08:19:00,N,Elena Rossi,Taylor Sato,Mei Larsson,REF-8124,Data Analyst,,,,,,,,,REF-7028,mei.larsson@acme-fake.test,,,,Inactive,100235,,100151,,,,,,,100044,,100342,Delta,100331,,,Standard,100702,100139,,drew.sloan@examplecorp.test,avery.silva@examplecorp.test,Re-engagement,100328,Brightpath Textiles,Standard,,,,,,,,101867,,,,N,
100777,Contact,102565,morgan.ivanov@acme-fake.test,Skyler Nguyen,2022-12-14 00:15:00,priya.whitfield@demomail.test,Liam Sato,2023-08-30 16:47:00,omar.nguyen@sampleco.test,Marco Mensah,2024-10-29 07:35:00,morgan.ivanov@sampleco.test,Omar Vance,2024-05-06 21:17:00,Y,Rowan Mercer,Rowan Mercer,Emerson Garcia,SKU-9590,Recruiter,,,,,,,,,TAG-6389,emerson.garcia@demomail.test,,,,Active,100620,100445,100079,,,,,,,,,100722,Delta,100382,,,Other,,,,sofia.whitfield@examplecorp.test,arjun.garcia@examplecorp.test,Re-engagement,100180,,Standard,,,,,,,,101811,,,,,
100624,Contact,102568,riley.kim@demomail.test,Elena Patel,2023-02-02 01:19:00,jamie.okafor@sampleco.test,Quinn Vance,2026-03-28 06:06:00,priya.blake@examplecorp.test,Casey Garcia,2026-03-30 10:39:00,arjun.cohen@acme-fake.test,Nina Ashby,2026-05-14 17:04:00,N,Skyler Mercer,Sofia Ivanov,Skyler Sloan,LOT-6944,Recruiter,,,,Gamma,,,,,TAG-8205,skyler.sloan@examplecorp.test,,,,Inactive,100624,,100692,100340,100293,,,,,100005,,100333,Alpha,100128,,,Standard,100708,100468,,jordan.kim@examplecorp.test,fatima.brooks@demomail.test,Quarterly Newsletter,100780,Granite Capital LLC,,,,,,,,,101854,,,,,
100389,Contact,102569,taylor.ford@examplecorp.test,Riley Patel,2023-11-13 23:46:00,arjun.cohen@demomail.test,Sofia Vance,2025-05-26 01:56:00,jamie.blake@demomail.test,Chen Calder,2024-07-09 15:58:00,priya.rossi@acme-fake.test,Chen Sloan,2026-06-01 02:12:00,Y,Priya Sato,Mei Sato,Rahul Reyes,REF-4997,Customer Success Manager,,,,,,,,LOT-9320,TAG-2659,rahul.reyes@acme-fake.test,,,,Active,100784,100459,100449,100642,100063,,,,,,,100056,Alpha,100587,,,Gamma,100601,100440,,riley.haddad@demomail.test,alex.larsson@acme-fake.test,Quarterly Newsletter,100014,,Other,100195,,,,,,,,,,,,
100371,Contact,102571,rowan.nguyen@demomail.test,Diego Patel,2026-07-01 19:57:00,rowan.vance@acme-fake.test,Emerson Garcia,2025-12-24 06:51:00,drew.silva@acme-fake.test,Elena Cohen,2025-07-11 07:37:00,quinn.vance@demomail.test,Aisha Reyes,2025-10-24 12:29:00,Y,Aisha Ashby,Drew Reyes,Yara Rossi,TAG-3214,Data Analyst,,,,,,,,,LOT-5177,yara.rossi@acme-fake.test,,,,Active,100062,,100625,100457,100432,,,,,100454,,100009,Gamma,100254,,,Delta,100625,,,sofia.reyes@demomail.test,emerson.silva@acme-fake.test,Product Update,100627,,,100673,,,,,,,,,,,Y,
100089,Contact,102573,arjun.larsson@examplecorp.test,Marco Blake,2024-10-25 09:54:00,riley.mercer@sampleco.test,Yara Patel,2023-12-13 06:27:00,chen.sloan@sampleco.test,Rowan Ivanov,2025-05-08 21:44:00,diego.vance@demomail.test,Sofia Dorsey,2023-05-18 02:20:00,Y,Sofia Silva,Diego Brooks,Avery Whitfield,SKU-6129,Marketing Coordinator,,,,,,,8419,,TAG-8613,avery.whitfield@examplecorp.test,,,,Active,100044,,100336,,100615,,,,,,,100603,Beta,100486,,,Alpha,100040,100692,,chen.vance@sampleco.test,jordan.haddad@examplecorp.test,Event Invite,100277,Pioneer Capital Corp,Alpha,,,2,,,,,,,,,,
100672,Contact,102575,morgan.blake@sampleco.test,Nina Ford,2026-02-07 13:48:00,aisha.ford@demomail.test,Riley Kim,2025-09-04 20:35:00,morgan.nguyen@demomail.test,Emerson Ivanov,2024-10-26 10:38:00,arjun.kim@sampleco.test,Rowan Ashby,2024-01-07 05:30:00,Y,Marco Cohen,Skyler Calder,Alex Okafor,REF-3116,Payroll Specialist,,,Beta,,,,,,REF-1403,alex.okafor@sampleco.test,,,,Active,100746,,100345,,100792,,,,,100051,,100434,Delta,100535,,,Gamma,100322,,,rowan.haddad@acme-fake.test,noah.sato@examplecorp.test,Product Update,100286,Lakeside Analytics Co,,,,,2,,,,101785,,,,,
100209,Contact,102576,omar.mercer@demomail.test,Marco Ashby,2025-09-16 18:46:00,riley.whitfield@examplecorp.test,Emerson Calder,2023-03-20 09:58:00,riley.larsson@acme-fake.test,Aisha Silva,2022-11-13 17:44:00,taylor.ashby@examplecorp.test,Drew Vance,2025-04-27 19:38:00,Y,Marco Okafor,Mei Rossi,Sofia Dorsey,LOT-5344,Accountant,,,,,,,,,SKU-5857,sofia.dorsey@acme-fake.test,,,,Active,100242,,100380,100104,100723,,,,,100031,,100220,Other,100646,,,Gamma,,,,liam.nguyen@acme-fake.test,taylor.silva@demomail.test,Re-engagement,100063,Everest Robotics Inc,Gamma,100601,,,,,,,101797,,,,,
100313,Contact,102579,diego.nguyen@acme-fake.test,Rowan Sloan,2025-08-22 15:51:00,aisha.garcia@acme-fake.test,Arjun Vance,2023-08-28 21:09:00,diego.kim@acme-fake.test,Aisha Garcia,2022-10-21 17:45:00,taylor.dorsey@sampleco.test,Elena Reyes,2024-06-28 09:40:00,Y,Nina Blake,Alex Sato,Jordan Costa,TAG-7295,Recruiter,,,,Gamma,,,,,TAG-7558,jordan.costa@acme-fake.test,,,,Active,100371,,100188,,,,,,,100440,,100141,Gamma,100235,,,,100771,,,quinn.rossi@examplecorp.test,liam.calder@sampleco.test,Re-engagement,100220,Silverline Energy Corp,,100343,,,,,,,,,,,N,
100015,Contact,102581,priya.blake@demomail.test,Liam Ivanov,2025-08-12 19:57:00,avery.sloan@examplecorp.test,Diego Brooks,2024-10-16 15:30:00,rowan.rossi@demomail.test,Elena Ivanov,2026-03-05 17:16:00,morgan.silva@acme-fake.test,Chen Ford,2026-04-06 06:05:00,N,Riley Haddad,Omar Brooks,Skyler Mercer,TAG-5291,Project Manager,,,,,,,,REF-7740,REF-7854,skyler.mercer@examplecorp.test,,,,Inactive,,100692,100101,100353,100672,,,,,100490,,100574,Gamma,100474,,,Alpha,100212,100467,,drew.sloan@examplecorp.test,aisha.dorsey@examplecorp.test,Re-engagement,100334,Harbor Ventures LLP,,100240,,,,,,,101826,,,,N,
100434,Contact,102582,skyler.reyes@sampleco.test,Drew Garcia,2023-09-06 05:05:00,quinn.brooks@sampleco.test,Yara Calder,2023-06-16 07:00:00,drew.sloan@sampleco.test,Arjun Blake,2024-07-11 09:28:00,riley.sloan@acme-fake.test,Skyler Reyes,2025-06-12 07:39:00,Y,Sofia Ivanov,Omar Cohen,Jamie Garcia,SKU-8432,Executive Assistant,,,,,,,,LOT-7061,TAG-9385,jamie.garcia@sampleco.test,,,,Active,100012,,100188,,,,,,,,,100117,Beta,100574,,,Standard,100741,100332,,quinn.sloan@acme-fake.test,yara.larsson@acme-fake.test,Quarterly Newsletter,100758,,Beta,100679,,7,,,,,101869,,,,,
100148,Contact,102585,mei.silva@demomail.test,Omar Ford,2023-04-19 11:57:00,jordan.ford@examplecorp.test,Drew Cohen,2023-02-28 23:46:00,priya.ford@demomail.test,Casey Cohen,2025-11-07 20:52:00,noah.okafor@sampleco.test,Alex Ashby,2025-08-09 13:02:00,Y,Reese Nguyen,Fatima Silva,Diego Sato,REF-3103,Financial Analyst,,,,,,,,,LOT-4417,diego.sato@demomail.test,,,,Active,100069,100188,100530,,100344,,,,,,,100694,Other,100782,,,Other,100481,100688,,omar.kim@sampleco.test,liam.vance@sampleco.test,Quarterly Newsletter,100642,Cardinal Industries LLC,Delta,100479,,,,7,,,,,,,Y,
100212,Contact,102586,elena.ford@demomail.test,Sofia Mensah,2025-09-29 13:47:00,liam.larsson@acme-fake.test,Omar Mensah,2023-11-28 14:09:00,mei.ivanov@demomail.test,Quinn Mensah,2023-08-27 00:21:00,yara.garcia@acme-fake.test,Liam Sloan,2023-03-28 22:32:00,N,Riley Ivanov,Fatima Ivanov,Yara Ivanov,LOT-6314,QA Engineer,,,,,,,,,TAG-1735,yara.ivanov@examplecorp.test,,,,Inactive,,100469,100062,100178,,,,,,100020,,,Other,100755,,,Delta,100712,100763,,quinn.sato@acme-fake.test,arjun.ford@acme-fake.test,Quarterly Newsletter,100046,,Standard,100128,,,,,,,,,,,,Y
100352,Contact,102588,drew.calder@sampleco.test,Rowan Reyes,2025-05-13 14:48:00,mei.ivanov@acme-fake.test,Drew Rossi,2023-08-06 14:01:00,priya.ivanov@examplecorp.test,Arjun Larsson,2024-06-29 02:04:00,diego.nguyen@examplecorp.test,Sofia Sloan,2023-11-20 16:19:00,Y,Aisha Sloan,Drew Nguyen,Drew Sloan,LOT-8204,Software Developer,,,,,,,,REF-7518,TAG-8707,drew.sloan@examplecorp.test,,,,Active,100305,,100139,100382,,,,,,100042,,100532,Delta,100319,,,,,,,emerson.whitfield@demomail.test,arjun.rossi@acme-fake.test,Product Update,100383,,Delta,100449,,,,,,,,,,,N,
100352,Contact,102590,liam.whitfield@sampleco.test,Riley Blake,2022-10-20 10:06:00,emerson.nguyen@acme-fake.test,Chen Larsson,2024-05-03 06:11:00,jamie.ford@sampleco.test,Elena Nguyen,2023-08-09 17:39:00,noah.cohen@acme-fake.test,Omar Whitfield,2023-07-13 20:03:00,Y,Casey Okafor,Omar Okafor,Rahul Costa,TAG-7486,Support Specialist,,,,,,,,,LOT-1318,rahul.costa@sampleco.test,,,,Active,100227,100587,100705,,,REF-4173,,,,,,,Gamma,100342,,,Delta,,,,diego.silva@sampleco.test,omar.larsson@demomail.test,Product Update,100587,,Gamma,,,,,,,,,,,,Y,
100531,Contact,102593,drew.ashby@demomail.test,Alex Rossi,2026-02-27 10:09:00,jordan.costa@sampleco.test,Rahul Mercer,2025-10-26 10:55:00,fatima.vance@demomail.test,Emerson Mensah,2024-03-20 19:48:00,reese.silva@demomail.test,Jordan Sloan,2025-05-16 11:53:00,Y,Avery Sloan,Priya Larsson,Sofia Whitfield,REF-2952,Project Manager,,,,,,,,,REF-9634,sofia.whitfield@demomail.test,,,,Active,,100625,100736,100302,100681,SKU-2481,,,,,,,Gamma,100758,,,Standard,100593,,,noah.brooks@demomail.test,drew.mercer@acme-fake.test,Quarterly Newsletter,100490,,,100676,,,,,,,,,,,N,
100235,Contact,102594,liam.sloan@demomail.test,Reese Larsson,2025-08-11 06:24:00,drew.garcia@acme-fake.test,Reese Cohen,2026-05-05 23:02:00,arjun.ford@sampleco.test,Drew Calder,2025-11-22 08:32:00,emerson.ivanov@demomail.test,Rahul Silva,2026-03-15 10:53:00,Y,Jordan Mercer,Chen Cohen,Nina Nguyen,TAG-9859,QA Engineer,,,,,,,2344,REF-6545,REF-3347,nina.nguyen@examplecorp.test,,,,Active,100257,100722,100538,100128,100720,,,,,100620,,,Other,100554,,,Delta,100148,100723,,rahul.rossi@acme-fake.test,reese.whitfield@demomail.test,Re-engagement,100475,,Delta,,,,,,,,,,,,Y,
100552,Contact,102597,aisha.ivanov@acme-fake.test,Skyler Vance,2023-08-28 23:08:00,fatima.rossi@sampleco.test,Priya Sloan,2022-10-15 09:07:00,rowan.patel@sampleco.test,Casey Rossi,2024-12-12 21:55:00,nina.ashby@acme-fake.test,Casey Sato,2022-10-19 04:44:00,Y,Casey Patel,Sofia Okafor,Yara Sloan,REF-1121,Accountant,,,,,,,,,LOT-7205,yara.sloan@demomail.test,,,,Active,100699,100099,100336,,,,,,,100104,,100156,Other,100034,,,Alpha,,100227,,casey.ford@examplecorp.test,liam.patel@examplecorp.test,Quarterly Newsletter,100470,Vertex Dynamics Inc,,,,,,,,,,,,,Y,
100319,Contact,102600,mei.mercer@demomail.test,Casey Patel,2024-07-22 19:56:00,reese.sloan@examplecorp.test,Omar Kim,2022-12-17 15:56:00,drew.haddad@sampleco.test,Noah Nguyen,2023-11-15 11:29:00,skyler.blake@sampleco.test,Skyler Rossi,2023-01-29 22:42:00,Y,Jamie Cohen,Noah Silva,Chen Sloan,REF-7098,HR Generalist,,,,,,,,,LOT-9150,chen.sloan@demomail.test,,,,Active,,,100457,,100003,,,,,,,100282,Gamma,100670,,,Beta,,,,noah.sloan@examplecorp.test,nina.kim@acme-fake.test,Quarterly Newsletter,100213,Cardinal Manufacturing Group,Other,,,,,,,,101841,,,,,
100360,Contact,102603,reese.cohen@acme-fake.test,Emerson Dorsey,2025-09-14 04:46:00,yara.ashby@demomail.test,Noah Okafor,2025-12-15 19:51:00,liam.rossi@acme-fake.test,Morgan Mensah,2024-02-11 05:16:00,mei.dorsey@demomail.test,Rowan Patel,2025-08-15 20:52:00,Y,Yara Ashby,Casey Mensah,Mei Okafor,LOT-8271,Software Developer,,,,,,,,,SKU-2257,mei.okafor@acme-fake.test,,,,Active,100139,100437,100546,100329,100142,,,,,,,,Beta,100165,,,Delta,100400,100735,,rowan.garcia@examplecorp.test,rahul.garcia@examplecorp.test,Product Update,100014,,Alpha,,,,,,,,101785,,,,Y,
100169,Contact,102605,casey.sloan@examplecorp.test,Noah Mensah,2023-11-27 20:05:00,marco.mensah@sampleco.test,Quinn Okafor,2026-04-29 00:18:00,emerson.costa@examplecorp.test,Jamie Blake,2023-07-22 17:45:00,avery.ashby@acme-fake.test,Emerson Vance,2024-07-03 11:51:00,Y,Nina Mercer,Chen Whitfield,Sofia Rossi,REF-5408,Marketing Coordinator,,,,,,,,,TAG-8338,sofia.rossi@examplecorp.test,,,,Active,100120,100285,100029,,100280,,,,,,,100123,Delta,100142,,,,100765,100288,,sofia.costa@acme-fake.test,marco.kim@sampleco.test,Re-engagement,100532,Lakeside Media Inc,Standard,,,1,,,,,,,,,,Y
100360,Contact,102607,aisha.reyes@demomail.test,Omar Okafor,2025-11-19 19:01:00,nina.rossi@demomail.test,Quinn Patel,2023-01-28 03:04:00,omar.ashby@demomail.test,Skyler Kim,2024-06-15 10:46:00,chen.blake@demomail.test,Morgan Brooks,2025-03-14 14:42:00,Y,Quinn Mensah,Reese Haddad,Riley Ashby,SKU-1064,QA Engineer,,,,,,,,LOT-9124,REF-1085,riley.ashby@examplecorp.test,,,,Active,,,100767,100456,,SKU-8708,,,,100171,,100479,Delta,100265,,,,100462,,,casey.haddad@demomail.test,jamie.whitfield@demomail.test,Renewal Nudge,100119,Falcon Health Ltd,Other,100156,,,,,,,,,,,,
100415,Contact,102610,chen.rossi@examplecorp.test,Emerson Calder,2024-06-22 10:27:00,jordan.ford@demomail.test,Jordan Mercer,2025-02-14 20:08:00,rahul.haddad@demomail.test,Rahul Dorsey,2025-06-11 21:54:00,mei.cohen@acme-fake.test,Yara Mensah,2023-03-16 11:51:00,Y,Diego Kim,Jordan Ivanov,Priya Brooks,LOT-5123,Data Analyst,,,,,,,,,LOT-7690,priya.brooks@acme-fake.test,,,,Active,100538,100040,100429,,100408,,,,,,,,Alpha,100232,,,,100291,100014,,arjun.whitfield@demomail.test,marco.brooks@acme-fake.test,Event Invite,100661,Delta Financial,Gamma,100477,,3,,,,,101780,,,,,N
100195,Contact,102611,drew.costa@examplecorp.test,Alex Sato,2025-03-14 17:19:00,liam.brooks@examplecorp.test,Reese Calder,2025-12-04 02:31:00,casey.mensah@acme-fake.test,Avery Kim,2024-11-02 11:09:00,noah.whitfield@examplecorp.test,Aisha Garcia,2024-12-17 21:40:00,N,Rowan Ashby,Mei Okafor,Arjun Okafor,TAG-9825,Recruiter,,,,,,,423,,TAG-2458,arjun.okafor@demomail.test,,,,Inactive,100010,100782,100473,100726,100259,,,,,100146,,100216,Beta,100298,,,Standard,100468,100380,,marco.patel@demomail.test,omar.brooks@acme-fake.test,Quarterly Newsletter,100134,Cobalt Holdings,Delta,100796,,,,,,,101863,,,,,
100371,Contact,102614,reese.mensah@demomail.test,Arjun Ivanov,2023-09-23 16:52:00,skyler.cohen@acme-fake.test,Reese Ashby,2024-10-31 03:55:00,elena.okafor@demomail.test,Morgan Patel,2025-07-29 19:37:00,reese.vance@acme-fake.test,Chen Garcia,2026-07-14 07:54:00,Y,Casey Rossi,Jamie Whitfield,Aisha Sato,SKU-3222,Financial Analyst,,,,,,,979,TAG-7105,LOT-3915,aisha.sato@demomail.test,,,,Active,,100126,100097,100368,100142,,,,,100158,,100772,Other,100637,,,,100238,100722,,chen.calder@sampleco.test,jordan.reyes@sampleco.test,Re-engagement,100251,Summit Energy Group,Beta,,,,,,,,101841,,,,Y,
100628,Contact,102615,fatima.rossi@examplecorp.test,Mei Blake,2024-05-25 08:37:00,sofia.garcia@sampleco.test,Arjun Haddad,2023-05-01 17:15:00,aisha.dorsey@acme-fake.test,Drew Okafor,2023-01-01 01:12:00,drew.larsson@acme-fake.test,Chen Dorsey,2024-10-24 19:31:00,N,Mei Larsson,Elena Dorsey,Jordan Calder,TAG-4738,Data Analyst,,,Standard,,,,,REF-6958,TAG-5676,jordan.calder@examplecorp.test,,,,Inactive,100058,100477,100189,,100120,,,,,100031,,100468,Other,100203,,,,100343,,,yara.blake@acme-fake.test,jordan.sato@acme-fake.test,Event Invite,100382,,,100168,,,,,,,,,,,,
100518,Contact,102617,chen.reyes@acme-fake.test,Alex Sato,2024-02-07 21:41:00,reese.okafor@sampleco.test,Elena Whitfield,2022-12-24 17:12:00,casey.whitfield@demomail.test,Yara Sloan,2024-07-20 11:18:00,reese.whitfield@acme-fake.test,Arjun Ford,2026-02-06 19:05:00,Y,Yara Cohen,Jamie Cohen,Jordan Cohen,TAG-5409,Executive Assistant,,,,,,,,SKU-2484,SKU-2330,jordan.cohen@examplecorp.test,,,,Active,,,100360,100500,,,,,,100168,,100267,Other,100622,,,Alpha,100345,100474,,rowan.garcia@sampleco.test,skyler.sato@examplecorp.test,Renewal Nudge,100215,Meridian Health LLP,Gamma,100646,,,,,,,,,,,,
100516,Contact,102618,quinn.vance@acme-fake.test,Morgan Silva,2025-07-23 16:32:00,jamie.ford@demomail.test,Skyler Sloan,2023-12-06 13:51:00,yara.cohen@sampleco.test,Rahul Whitfield,2023-06-29 13:59:00,avery.nguyen@acme-fake.test,Avery Okafor,2026-04-02 21:54:00,Y,Drew Mercer,Avery Reyes,Skyler Sato,REF-3643,Project Manager,,,Beta,,,,,LOT-7581,SKU-2473,skyler.sato@examplecorp.test,,,,Active,100280,100094,100086,100720,100405,TAG-6461,,,,100763,,,Delta,100649,,,Standard,100750,100165,,nina.ivanov@examplecorp.test,jordan.costa@sampleco.test,Quarterly Newsletter,100158,,Delta,100383,,,,,,,,,,,,
100234,Contact,102619,diego.calder@acme-fake.test,Jordan Vance,2022-10-23 15:05:00,rowan.mensah@demomail.test,Emerson Whitfield,2023-10-06 22:26:00,arjun.ashby@examplecorp.test,Rahul Sloan,2024-08-29 11:28:00,reese.whitfield@sampleco.test,Reese Blake,2024-11-08 17:51:00,Y,Mei Mensah,Sofia Ivanov,Nina Mensah,LOT-5923,Project Manager,,,,,,,,,TAG-1883,nina.mensah@examplecorp.test,,,,Active,100796,100796,100496,100686,100259,TAG-8059,,,,100234,,100788,Other,100620,,,,100656,100420,,nina.garcia@demomail.test,nina.garcia@acme-fake.test,Product Update,100134,Falcon Media LLC,,,,,,,,,101805,N,,,,
100551,Contact,102620,liam.garcia@demomail.test,Yara Brooks,2025-03-31 06:39:00,priya.sloan@sampleco.test,Aisha Sato,2023-09-18 12:02:00,riley.ashby@examplecorp.test,Quinn Whitfield,2026-05-07 11:59:00,nina.blake@sampleco.test,Rowan Calder,2025-02-07 16:30:00,Y,Marco Mensah,Priya Silva,Arjun Ford,LOT-8426,Operations Associate,,,,Other,,,,,REF-4429,arjun.ford@examplecorp.test,,,,Active,,,100652,,100044,,,,,100360,,100313,Beta,100205,,,,,100333,,riley.rossi@sampleco.test,rahul.reyes@demomail.test,Product Update,100184,Atlas Holdings Group,,,,,,,,,,,,,Y,
100736,Contact,102621,arjun.rossi@demomail.test,Fatima Vance,2025-07-19 18:47:00,morgan.brooks@demomail.test,Quinn Garcia,2022-10-10 20:07:00,riley.kim@examplecorp.test,Priya Rossi,2024-06-18 11:20:00,noah.brooks@acme-fake.test,Liam Mensah,2022-10-11 11:28:00,Y,Skyler Dorsey,Yara Calder,Chen Dorsey,REF-6217,Accountant,,,,,,,,REF-5129,LOT-7252,chen.dorsey@demomail.test,,,,Active,100526,,100642,100469,,,,,,100014,,,Gamma,100749,,N,Alpha,100555,100188,,diego.nguyen@acme-fake.test,riley.sato@demomail.test,Quarterly Newsletter,100563,Granite Health Corp,,,,,,,,,,,,,N,
100482,Contact,102622,yara.cohen@demomail.test,Riley Larsson,2023-06-21 13:04:00,yara.cohen@demomail.test,Yara Rossi,2023-05-03 22:16:00,nina.haddad@demomail.test,Fatima Reyes,2024-09-19 15:59:00,yara.ford@sampleco.test,Casey Ford,2022-11-12 02:31:00,Y,Liam Mercer,Riley Brooks,Yara Ashby,LOT-5636,Financial Analyst,,LOT-5876,,,Alpha,,,,SKU-1992,yara.ashby@acme-fake.test,,,,Active,,100329,100015,,100709,,,,,100128,,,Alpha,100110,,,Alpha,,,,aisha.blake@demomail.test,omar.dorsey@acme-fake.test,Re-engagement,100410,,Gamma,,,,,,,,101832,,,,,
100195,Contact,102623,nina.calder@examplecorp.test,Rahul Mensah,2026-03-17 05:51:00,quinn.ashby@acme-fake.test,Chen Garcia,2023-08-28 11:01:00,jordan.costa@examplecorp.test,Priya Nguyen,2024-10-19 21:43:00,marco.rossi@examplecorp.test,Noah Haddad,2023-02-06 08:15:00,Y,Quinn Cohen,Marco Patel,Mei Ivanov,REF-1448,Accountant,,,,,,,,SKU-5165,TAG-4908,mei.ivanov@demomail.test,,,,Active,100539,100459,100383,100526,100417,REF-5706,,,,,,,Delta,100475,,,Gamma,,100485,,sofia.silva@sampleco.test,drew.kim@examplecorp.test,Product Update,100377,Meridian Robotics Ltd,,,,,,,,,,,,,,
100481,Contact,102624,casey.silva@examplecorp.test,Elena Haddad,2024-06-23 03:04:00,noah.costa@examplecorp.test,Jamie Calder,2024-07-10 10:28:00,fatima.sato@examplecorp.test,Reese Vance,2023-08-10 01:10:00,omar.reyes@acme-fake.test,Quinn Whitfield,2025-10-13 16:45:00,Y,Emerson Brooks,Noah Costa,Reese Ivanov,LOT-3899,Marketing Coordinator,,,,,,,,,LOT-4156,reese.ivanov@acme-fake.test,,,,Active,,100020,100767,100017,100058,,,,,,,,Alpha,100371,,,Alpha,,100565,,casey.ford@sampleco.test,nina.whitfield@demomail.test,Event Invite,100026,,,,,,,,,,,,,,N,Y
100690,Contact,102627,casey.nguyen@sampleco.test,Jamie Patel,2024-01-23 19:26:00,nina.mensah@demomail.test,Liam Sloan,2026-07-24 02:50:00,jordan.garcia@demomail.test,Liam Cohen,2024-11-24 01:59:00,fatima.ivanov@examplecorp.test,Reese Reyes,2024-04-17 18:59:00,N,Reese Reyes,Marco Haddad,Mei Blake,,Payroll Specialist,,SKU-6459,,,,,,,LOT-2284,mei.blake@sampleco.test,,,,Inactive,100110,100634,100232,,,REF-8047,,,,100066,,100684,Gamma,100345,,,Other,,100291,,chen.ivanov@sampleco.test,casey.ivanov@demomail.test,Event Invite,100212,Everest Robotics Inc,,100305,,,,,,,101841,,,,N,
100688,Contact,102628,emerson.vance@acme-fake.test,Marco Haddad,2024-04-09 11:59:00,noah.costa@examplecorp.test,Skyler Silva,2023-06-12 20:04:00,drew.vance@acme-fake.test,Rahul Costa,2023-01-08 05:42:00,casey.haddad@demomail.test,Liam Whitfield,2026-06-11 02:05:00,N,Nina Costa,Yara Reyes,Jamie Reyes,SKU-8685,HR Generalist,,,,Other,,,,REF-5216,REF-8151,jamie.reyes@demomail.test,,,,Inactive,100333,100523,100552,,,,,,,,,100705,Alpha,100546,,,Other,100049,100741,,emerson.silva@sampleco.test,priya.dorsey@sampleco.test,Product Update,100058,Cobalt Capital LLC,Standard,100023,,,,,,,101805,,,,,
100597,Contact,102629,diego.brooks@acme-fake.test,Jamie Sato,2024-04-23 21:44:00,jamie.whitfield@sampleco.test,Yara Mercer,2023-04-30 19:51:00,liam.mercer@acme-fake.test,Skyler Calder,2026-04-10 13:33:00,drew.dorsey@sampleco.test,Morgan Kim,2024-01-07 10:20:00,N,Drew Cohen,Jamie Sato,Fatima Kim,LOT-7172,Marketing Coordinator,,,,,,,,,TAG-8842,fatima.kim@demomail.test,,,,Inactive,100717,100522,100506,100596,,,,,,100238,,100148,Alpha,100370,,,Beta,100008,,,fatima.blake@acme-fake.test,arjun.garcia@acme-fake.test,Quarterly Newsletter,100340,Lakeside Manufacturing Co,Other,,,,,,,,101790,,,,,
100400,Contact,102630,fatima.silva@acme-fake.test,Aisha Garcia,2026-06-27 04:50:00,jordan.sloan@acme-fake.test,Chen Kim,2023-06-30 05:26:00,mei.calder@sampleco.test,Chen Mensah,2024-11-21 13:27:00,priya.whitfield@sampleco.test,Quinn Vance,2023-09-21 01:07:00,Y,Reese Sloan,Emerson Sloan,Liam Nguyen,LOT-3361,Executive Assistant,,,,,,,1550,,SKU-9717,liam.nguyen@sampleco.test,,,,Active,,100285,100607,100205,100670,,,,,100344,,,Standard,100016,,Y,Alpha,100565,,,fatima.brooks@demomail.test,marco.mercer@examplecorp.test,Quarterly Newsletter,100597,,Beta,,,,,,,,,,,,N,
100185,Contact,102633,alex.calder@sampleco.test,Priya Sato,2023-10-25 02:36:00,nina.reyes@sampleco.test,Rowan Reyes,2025-07-14 18:08:00,emerson.mercer@examplecorp.test,Avery Rossi,2025-05-04 10:40:00,drew.sato@acme-fake.test,Drew Silva,2023-06-18 19:27:00,Y,Omar Blake,Jamie Rossi,Alex Whitfield,LOT-2725,Bookkeeper,,,,,,,,,REF-1351,alex.whitfield@demomail.test,,,,Active,100593,,100598,100473,100715,,,,,100014,,100503,Standard,100726,,,,100793,100319,,aisha.ford@examplecorp.test,noah.sato@sampleco.test,Event Invite,100497,,,100331,,,,,,,101863,,,,,
100089,Contact,102634,casey.kim@acme-fake.test,Marco Larsson,2023-10-07 14:59:00,omar.silva@examplecorp.test,Aisha Nguyen,2025-06-14 02:45:00,taylor.costa@examplecorp.test,Avery Haddad,2026-07-26 22:25:00,chen.reyes@sampleco.test,Morgan Sloan,2023-06-29 03:35:00,Y,Marco Sloan,Skyler Sloan,Reese Calder,SKU-5926,Project Manager,,,,,,,,,LOT-2132,reese.calder@acme-fake.test,,,,Active,,100089,100332,100010,100440,LOT-5312,,,,100107,,,Standard,100134,,,,100023,100741,,taylor.blake@demomail.test,emerson.costa@demomail.test,Event Invite,100464,Meridian Ventures Inc,Gamma,,,7,,,,,,,,,,
100641,Contact,102636,liam.kim@examplecorp.test,Rahul Whitfield,2023-04-16 02:19:00,casey.dorsey@examplecorp.test,Alex Sloan,2024-04-05 11:05:00,liam.calder@acme-fake.test,Skyler Larsson,2024-03-11 21:49:00,arjun.mensah@demomail.test,Mei Haddad,2025-10-16 11:42:00,N,Omar Sato,Noah Whitfield,Skyler Sato,SKU-1061,Marketing Coordinator,,,,,,,,REF-8328,TAG-2971,skyler.sato@demomail.test,,,,Inactive,100477,,100176,100169,,,,,,100746,,,Gamma,100083,,,,100601,,,elena.cohen@examplecorp.test,rahul.whitfield@examplecorp.test,Renewal Nudge,100370,,,100684,,,,,,,101800,,,,,
100090,Contact,102638,quinn.ivanov@examplecorp.test,Jamie Larsson,2024-05-29 23:31:00,avery.rossi@acme-fake.test,Reese Blake,2026-03-17 11:27:00,avery.haddad@sampleco.test,Chen Garcia,2026-07-25 07:21:00,drew.nguyen@acme-fake.test,Omar Costa,2023-04-28 04:48:00,N,Jordan Dorsey,Aisha Blake,Emerson Reyes,TAG-2789,Operations Associate,,,,,,,,,REF-9996,emerson.reyes@demomail.test,,,,Inactive,100277,,100494,,,REF-1778,,,,100704,,,Beta,100722,,,Standard,100699,100479,,chen.rossi@demomail.test,rahul.garcia@sampleco.test,Quarterly Newsletter,100243,Cobalt Textiles LLP,,100799,,,,,,,101796,,,,,
100646,Contact,102639,avery.nguyen@sampleco.test,Drew Reyes,2023-03-02 12:44:00,arjun.calder@sampleco.test,Omar Rossi,2026-05-22 08:07:00,jamie.haddad@examplecorp.test,Jamie Whitfield,2023-03-23 12:10:00,omar.nguyen@demomail.test,Jamie Calder,2024-03-22 16:18:00,Y,Drew Sloan,Emerson Ashby,Liam Reyes,REF-8963,Project Manager,,,,,,,,,REF-3978,liam.reyes@acme-fake.test,,,,Active,100340,,100277,100637,,,,,,100484,,,Beta,100473,,,Delta,,100709,,avery.reyes@acme-fake.test,alex.nguyen@demomail.test,Re-engagement,100348,,Gamma,,,,,3,,,101879,,,,N,
100192,Contact,102640,morgan.larsson@acme-fake.test,Diego Reyes,2024-02-22 14:13:00,arjun.silva@examplecorp.test,Sofia Costa,2025-02-22 19:03:00,priya.reyes@acme-fake.test,Riley Ashby,2023-07-12 09:21:00,riley.rossi@examplecorp.test,Alex Nguyen,2025-04-19 00:12:00,Y,Priya Garcia,Yara Blake,Chen Costa,REF-7798,Recruiter,,,,,,,,TAG-3824,TAG-2237,chen.costa@sampleco.test,,,,Active,,,100625,100234,100620,,,,,,,,Delta,100255,,,Beta,,100750,,rowan.haddad@examplecorp.test,mei.whitfield@acme-fake.test,Renewal Nudge,100789,,Delta,100262,,,,,,,,,,,,
100613,Contact,102643,mei.rossi@demomail.test,Omar Calder,2024-05-07 12:09:00,casey.silva@demomail.test,Marco Haddad,2025-09-16 08:37:00,morgan.patel@demomail.test,Elena Ivanov,2024-03-31 13:19:00,skyler.patel@demomail.test,Arjun Mercer,2023-06-22 17:08:00,Y,Avery Mensah,Fatima Sato,Mei Dorsey,TAG-4107,Financial Analyst,,,,,,,,,LOT-3619,mei.dorsey@examplecorp.test,,,,Active,,100490,100482,,,,,,,100684,,,Other,100356,,,Standard,,100641,,riley.vance@demomail.test,drew.brooks@sampleco.test,Renewal Nudge,100099,,,,,,,,,,101805,,,,,
100370,Contact,102645,jamie.sloan@sampleco.test,Alex Cohen,2024-02-02 22:42:00,liam.haddad@examplecorp.test,Rowan Whitfield,2024-12-19 16:00:00,casey.brooks@demomail.test,Liam Larsson,2025-09-16 20:29:00,aisha.haddad@demomail.test,Marco Okafor,2024-09-22 12:05:00,Y,Diego Rossi,Drew Blake,Morgan Sato,LOT-6924,Data Analyst,,,,,,,,,REF-9569,morgan.sato@demomail.test,,,,Active,100598,100552,100513,,100625,,,,,100203,,,Delta,100681,,,,,100760,,aisha.sato@sampleco.test,taylor.ashby@sampleco.test,Product Update,100106,,,100073,,,,,,,101841,,,,,
100126,Contact,102646,liam.cohen@acme-fake.test,Marco Vance,2024-08-13 17:33:00,diego.vance@examplecorp.test,Mei Cohen,2023-10-09 01:14:00,emerson.larsson@acme-fake.test,Quinn Vance,2024-04-16 22:09:00,reese.garcia@examplecorp.test,Taylor Whitfield,2024-07-18 10:26:00,N,Reese Mensah,Marco Vance,Elena Garcia,SKU-6387,Customer Success Manager,,,,,,,,REF-5369,TAG-8277,elena.garcia@sampleco.test,,,,Inactive,,,100715,100796,100234,LOT-2971,,,,100386,,100073,Alpha,100531,,,Delta,100676,,,sofia.sato@acme-fake.test,sofia.whitfield@demomail.test,Renewal Nudge,100370,Keystone Solutions Ltd,Gamma,,,,,,,,101780,,,,Y,
100717,Contact,102647,sofia.rossi@sampleco.test,Rowan Cohen,2026-07-23 19:03:00,arjun.sloan@examplecorp.test,Priya Sloan,2023-08-20 23:12:00,sofia.dorsey@examplecorp.test,Avery Ashby,2024-07-11 21:07:00,mei.sloan@sampleco.test,Drew Rossi,2025-08-31 20:50:00,Y,Fatima Okafor,Quinn Ashby,Fatima Nguyen,REF-3920,Payroll Specialist,,,,,,,,,LOT-8677,fatima.nguyen@demomail.test,,,,Active,,,100288,100188,100649,,,,,100277,,100477,Standard,100272,,,Gamma,,,,sofia.vance@sampleco.test,avery.patel@acme-fake.test,Re-engagement,100295,Lakeside Labs Co,Beta,,,,,,,,101805,Y,,,,
100622,Contact,102649,chen.patel@sampleco.test,Marco Calder,2025-07-12 08:56:00,alex.sato@sampleco.test,Fatima Patel,2025-03-23 13:20:00,reese.rossi@sampleco.test,Reese Vance,2023-07-23 02:13:00,mei.dorsey@examplecorp.test,Liam Ashby,2024-05-19 09:11:00,Y,Aisha Patel,Yara Cohen,Sofia Ashby,SKU-2536,Bookkeeper,,,,,,,,,LOT-2867,sofia.ashby@acme-fake.test,,,,Active,100295,100023,100241,,,,,,,100333,,100667,Beta,100506,,,Beta,100058,100670,,nina.ford@demomail.test,liam.ford@demomail.test,Re-engagement,100617,Cobalt Networks LLP,Standard,,,,,2,,,101822,,,,,
100531,Contact,102650,casey.dorsey@demomail.test,Taylor Garcia,2026-05-01 02:04:00,alex.costa@examplecorp.test,Nina Garcia,2023-05-14 20:43:00,yara.vance@demomail.test,Sofia Mensah,2023-08-31 12:19:00,avery.dorsey@examplecorp.test,Mei Ashby,2023-11-06 10:59:00,Y,Yara Ashby,Rowan Whitfield,Fatima Ford,SKU-5021,Support Specialist,,,,,Beta,,,,TAG-3847,fatima.ford@demomail.test,,,,Active,100126,100290,100216,100767,100426,,,,,100395,,100195,Standard,100313,,,,100796,100672,,skyler.garcia@examplecorp.test,jamie.blake@demomail.test,Renewal Nudge,100742,,,100248,,,,,,,,,,,,
100370,Contact,102653,marco.whitfield@acme-fake.test,Arjun Silva,2026-07-20 10:21:00,marco.mensah@acme-fake.test,Skyler Mensah,2024-11-08 07:09:00,alex.costa@acme-fake.test,Quinn Vance,2023-11-27 13:18:00,alex.calder@examplecorp.test,Riley Garcia,2025-08-19 23:09:00,Y,Quinn Garcia,Rowan Mercer,Priya Ford,LOT-1207,Project Manager,,,,Beta,,,,,SKU-2596,priya.ford@examplecorp.test,,,,Active,,100717,100782,100091,,REF-3675,,,,100587,,,Standard,100107,,,Alpha,100638,,,arjun.whitfield@demomail.test,taylor.sato@acme-fake.test,Re-engagement,100251,Evergreen Financial Inc,,100667,,9,,,,,101834,,,,Y,
100523,Contact,102654,noah.whitfield@acme-fake.test,Liam Garcia,2025-12-29 08:28:00,priya.mensah@demomail.test,Avery Garcia,2022-12-10 00:40:00,riley.brooks@demomail.test,Riley Ford,2026-04-08 04:42:00,marco.larsson@acme-fake.test,Casey Okafor,2026-04-08 01:44:00,Y,Jordan Ashby,Sofia Mercer,Casey Ivanov,LOT-7303,Customer Success Manager,,,,Beta,,,,REF-8764,LOT-9493,casey.ivanov@examplecorp.test,,,,Active,100468,,100656,,100656,,,,,100506,,,Alpha,100371,,,Delta,100343,100455,,skyler.ford@demomail.test,aisha.larsson@sampleco.test,Renewal Nudge,100363,,,100049,,,,,,,,,,,,
100331,Contact,102657,diego.nguyen@demomail.test,Arjun Calder,2025-09-08 07:32:00,diego.brooks@demomail.test,Taylor Sato,2023-08-10 03:38:00,marco.brooks@sampleco.test,Jordan Vance,2023-12-19 05:16:00,quinn.sato@demomail.test,Emerson Ivanov,2023-01-01 06:41:00,Y,Reese Ford,Jordan Larsson,Riley Blake,SKU-5061,Operations Associate,,,,,,,,,LOT-6682,riley.blake@sampleco.test,,,,Active,,,100243,,100291,,,,,100481,,,Other,100717,,,,100410,,,emerson.silva@demomail.test,avery.costa@demomail.test,Re-engagement,100627,,Alpha,,,,,1,,,101843,,,,,
100099,Contact,102658,quinn.kim@demomail.test,Diego Larsson,2025-08-04 17:45:00,noah.mercer@examplecorp.test,Diego Silva,2023-04-30 06:16:00,elena.calder@examplecorp.test,Rahul Mensah,2022-10-20 23:43:00,omar.cohen@sampleco.test,Quinn Larsson,2026-03-01 15:26:00,Y,Yara Whitfield,Drew Silva,Jamie Mercer,REF-4388,Support Specialist,,,,Standard,,,,SKU-4475,SKU-3016,jamie.mercer@sampleco.test,,,,Active,100722,,100142,,100563,LOT-9032,,,,100744,,100023,Alpha,100259,,Y,Alpha,,100554,,emerson.mensah@sampleco.test,alex.calder@demomail.test,Product Update,100457,,,,,,,,,,,,,,Y,
100224,Contact,102660,jamie.mercer@demomail.test,Taylor Larsson,2025-05-26 02:35:00,elena.silva@sampleco.test,Riley Silva,2025-01-06 17:55:00,noah.vance@examplecorp.test,Morgan Haddad,2023-09-14 02:02:00,jordan.calder@acme-fake.test,Yara Cohen,2026-07-06 08:55:00,Y,Quinn Mensah,Nina Kim,Quinn Kim,TAG-9386,Data Analyst,,,,,Other,,,,LOT-5114,quinn.kim@examplecorp.test,,,,Active,,100753,100178,,100610,,,,,,,,Gamma,100245,,,,100523,,,elena.larsson@acme-fake.test,emerson.calder@sampleco.test,Renewal Nudge,100223,,,,,,6,,,,,,,,Y,
100215,Contact,102662,quinn.calder@acme-fake.test,Omar Rossi,2023-10-16 04:20:00,jordan.okafor@sampleco.test,Avery Garcia,2024-11-30 17:37:00,rowan.cohen@demomail.test,Emerson Brooks,2024-05-15 03:44:00,marco.blake@sampleco.test,Elena Mensah,2024-11-13 15:41:00,Y,Rowan Sloan,Sofia Rossi,Morgan Mercer,TAG-8233,Marketing Coordinator,,,,Gamma,,,,,SKU-2672,morgan.mercer@sampleco.test,,,,Active,100418,,100667,100066,100223,,,,,100200,,100702,Other,100281,,,Beta,100066,,,rahul.kim@acme-fake.test,avery.garcia@demomail.test,Event Invite,100731,,Gamma,100686,,,,,,,,,,,N,
100686,Contact,102663,fatima.sloan@demomail.test,Sofia Haddad,2023-07-01 14:11:00,avery.kim@demomail.test,Nina Sato,2026-03-06 15:51:00,rahul.costa@demomail.test,Casey Sloan,2025-03-22 01:44:00,priya.rossi@demomail.test,Arjun Ashby,2023-07-03 22:23:00,Y,Sofia Brooks,Arjun Rossi,Noah Okafor,SKU-8938,Data Analyst,,,,,,TAG-5802,,SKU-9142,TAG-1456,noah.okafor@acme-fake.test,,,,Active,100452,100277,100148,,,,,,,100220,,100670,Other,100189,,N,Standard,,100345,,mei.larsson@acme-fake.test,liam.nguyen@examplecorp.test,Event Invite,100625,,Gamma,100486,,,,,,,,,,,N,
100313,Contact,102665,rahul.reyes@sampleco.test,Chen Blake,2024-12-30 13:10:00,yara.mensah@demomail.test,Casey Kim,2024-05-30 11:31:00,nina.ivanov@sampleco.test,Noah Sato,2023-06-10 07:46:00,fatima.ford@acme-fake.test,Rahul Rossi,2026-01-03 10:10:00,Y,Chen Nguyen,Casey Vance,Marco Dorsey,LOT-9212,Financial Analyst,,,,,,,,,REF-6674,marco.dorsey@examplecorp.test,,,,Active,100117,100003,100298,100637,100343,,,,,,,100286,Alpha,100288,,,,100622,100053,,avery.vance@acme-fake.test,rowan.costa@sampleco.test,Product Update,100530,,Delta,,,2,,,,,,,,,,
100709,Contact,102666,morgan.kim@demomail.test,Marco Whitfield,2022-10-29 21:34:00,mei.ivanov@examplecorp.test,Aisha Garcia,2024-10-18 07:26:00,reese.patel@examplecorp.test,Alex Ashby,2026-06-28 15:52:00,avery.patel@demomail.test,Marco Patel,2025-04-06 18:20:00,Y,Sofia Whitfield,Sofia Mercer,Taylor Blake,TAG-4691,Recruiter,,,,Delta,,,,REF-3193,TAG-3449,taylor.blake@acme-fake.test,,,,Active,100336,,100290,,100245,,,,,100008,,100331,Other,100014,,N,Delta,100440,,,mei.vance@demomail.test,noah.patel@demomail.test,Renewal Nudge,100232,Copper Media Ltd,Gamma,100574,,2,,,,,,,,,,
100803,Contact,102668,mei.mensah@sampleco.test,Elena Sato,2023-04-05 01:08:00,marco.ashby@acme-fake.test,Nina Kim,2023-03-23 01:49:00,aisha.brooks@acme-fake.test,Marco Haddad,2024-03-25 09:36:00,fatima.sato@acme-fake.test,Sofia Dorsey,2025-09-02 13:45:00,Y,Riley Vance,Alex Larsson,Omar Dorsey,SKU-3968,Accountant,,,,,,,,,SKU-7011,omar.dorsey@demomail.test,,,,Active,,100432,100094,,100772,TAG-8749,,,,100012,,100593,Alpha,100692,,,,100195,100530,,rahul.rossi@sampleco.test,sofia.mensah@demomail.test,Renewal Nudge,100708,Pioneer Labs Corp,,100370,,,,,,,101839,,,,Y,
100331,Contact,102670,priya.dorsey@demomail.test,Yara Okafor,2026-01-12 21:51:00,avery.patel@examplecorp.test,Alex Silva,2026-05-17 12:55:00,aisha.okafor@demomail.test,Elena Blake,2025-06-23 04:28:00,mei.larsson@acme-fake.test,Fatima Costa,2026-02-07 16:06:00,N,Reese Larsson,Quinn Cohen,Diego Sloan,REF-5762,Data Analyst,,,,,,,,,SKU-3207,diego.sloan@acme-fake.test,,,,Inactive,,,100205,100467,100604,,,,,100437,,100443,Gamma,100552,,,Alpha,,100344,,drew.okafor@demomail.test,morgan.haddad@acme-fake.test,Re-engagement,100415,Cobalt Energy LLP,Beta,100239,,,,,,,101808,N,,,,
100099,Contact,102673,arjun.costa@acme-fake.test,Reese Vance,2025-03-17 06:35:00,mei.larsson@acme-fake.test,Liam Mercer,2024-12-15 14:05:00,rowan.dorsey@acme-fake.test,Sofia Dorsey,2024-06-26 05:02:00,aisha.mercer@demomail.test,Reese Ivanov,2024-10-22 09:04:00,Y,Diego Cohen,Skyler Garcia,Rahul Dorsey,SKU-2817,Accountant,,,,,,,,LOT-5582,LOT-7426,rahul.dorsey@sampleco.test,,,,Active,,,100560,,100161,,,,,100667,,,Gamma,100197,,,Gamma,100469,,,diego.sloan@examplecorp.test,jordan.sloan@examplecorp.test,Re-engagement,100363,Meridian Robotics Co,,100370,,,,,,,,,,,,
100056,Contact,102674,riley.sato@examplecorp.test,Diego Silva,2025-02-10 21:09:00,yara.costa@acme-fake.test,Noah Patel,2025-05-21 15:12:00,yara.dorsey@sampleco.test,Riley Cohen,2023-12-27 21:34:00,yara.costa@demomail.test,Nina Reyes,2025-09-25 14:09:00,Y,Alex Rossi,Liam Vance,Rahul Brooks,SKU-2223,Operations Associate,,,,,,,,,TAG-2515,rahul.brooks@acme-fake.test,,,,Active,,100345,100576,100543,100089,,,,,,,100413,Gamma,100596,,N,,100625,,,alex.brooks@sampleco.test,taylor.mercer@acme-fake.test,Quarterly Newsletter,100548,,Gamma,100750,,,,,,,101822,,,,Y,
100161,Contact,102677,chen.haddad@demomail.test,Jamie Ashby,2024-02-06 23:06:00,jamie.ivanov@demomail.test,Jamie Garcia,2024-01-02 15:26:00,rahul.ivanov@demomail.test,Mei Reyes,2024-01-21 21:17:00,jamie.haddad@demomail.test,Fatima Sato,2023-08-05 22:51:00,Y,Liam Reyes,Mei Nguyen,Diego Haddad,REF-7974,QA Engineer,,SKU-7684,,,,,,,TAG-1375,diego.haddad@sampleco.test,,,,Active,100190,100543,100571,,100763,,,,,,,100683,Gamma,100667,,Y,Delta,100342,,,drew.garcia@sampleco.test,skyler.garcia@demomail.test,Re-engagement,100523,,,100722,,,,,,,,,,,Y,
100316,Contact,102680,rowan.dorsey@sampleco.test,Mei Rossi,2025-07-27 20:45:00,rahul.silva@sampleco.test,Noah Rossi,2024-03-17 18:44:00,mei.rossi@acme-fake.test,Casey Rossi,2023-07-25 14:38:00,jamie.ivanov@acme-fake.test,Alex Sato,2024-12-07 23:18:00,Y,Mei Rossi,Aisha Calder,Avery Ivanov,TAG-7857,Financial Analyst,,,,,,,,REF-7815,SKU-4017,avery.ivanov@acme-fake.test,,,,Active,100080,100248,100275,100637,100382,,,,,100803,,,Beta,100117,,,Alpha,100251,100582,,jordan.blake@demomail.test,diego.reyes@sampleco.test,Re-engagement,100282,Cobalt Logistics,Gamma,100717,,7,,,,,,,,,N,
100351,Contact,102683,jordan.calder@sampleco.test,Liam Larsson,2025-07-16 22:30:00,fatima.nguyen@examplecorp.test,Arjun Blake,2024-10-05 21:35:00,marco.mensah@sampleco.test,Mei Vance,2024-10-22 01:48:00,alex.cohen@demomail.test,Priya Costa,2023-11-19 00:27:00,Y,Jamie Kim,Chen Haddad,Taylor Cohen,SKU-3796,Customer Success Manager,,,,,,,,,SKU-7605,taylor.cohen@sampleco.test,,,,Active,100641,,100012,100180,,,,,,100782,,100042,Gamma,100255,,,Beta,100627,100565,,skyler.sloan@demomail.test,rowan.reyes@sampleco.test,Renewal Nudge,100241,Ironwood Analytics Corp,Alpha,100015,,,,,,,101805,,,,,
100340,Contact,102684,taylor.vance@demomail.test,Noah Okafor,2024-06-05 07:50:00,mei.mensah@demomail.test,Omar Haddad,2025-01-12 02:31:00,arjun.mercer@examplecorp.test,Emerson Ashby,2023-10-05 23:44:00,sofia.garcia@acme-fake.test,Nina Sloan,2025-08-20 17:54:00,Y,Arjun Garcia,Taylor Rossi,Drew Nguyen,,Accountant,,,,,,,,,TAG-1671,drew.nguyen@acme-fake.test,,,,Active,100715,100360,100083,100103,100388,,,,,100772,,100750,Gamma,100101,,,,100517,100104,,drew.larsson@demomail.test,jordan.ashby@sampleco.test,Event Invite,100786,Evergreen Group Co,,100301,,,,9,,,,N,,,Y,
100106,Contact,102686,arjun.ford@sampleco.test,Nina Ford,2024-01-23 19:56:00,noah.patel@acme-fake.test,Morgan Silva,2024-08-02 08:11:00,riley.ford@examplecorp.test,Rowan Garcia,2023-07-06 04:35:00,fatima.calder@demomail.test,Liam Haddad,2024-05-04 20:24:00,Y,Elena Cohen,Chen Sloan,Omar Whitfield,REF-6540,Support Specialist,,,,,,REF-2943,,,TAG-1254,omar.whitfield@acme-fake.test,,,,Active,100224,100741,100744,100136,100459,,,,,,,100023,Beta,100554,,,,,,,casey.larsson@sampleco.test,drew.brooks@acme-fake.test,Product Update,100792,,,100209,,,,3,,,,,,,N,
100758,Contact,102688,sofia.okafor@examplecorp.test,Emerson Okafor,2025-08-06 09:26:00,elena.calder@sampleco.test,Chen Garcia,2023-08-29 00:38:00,nina.ashby@examplecorp.test,Omar Mercer,2025-12-16 15:51:00,jordan.patel@demomail.test,Arjun Brooks,2026-01-15 13:21:00,Y,Morgan Rossi,Emerson Ivanov,Emerson Rossi,LOT-8884,Operations Associate,,,,,,,3593,,LOT-3610,emerson.rossi@demomail.test,,,,Active,,100569,100122,100053,,,,,,,,100474,Alpha,100313,,,Beta,100245,100120,,omar.brooks@examplecorp.test,elena.vance@demomail.test,Product Update,100551,,Gamma,,,7,,,,,101803,,,,,
100173,Contact,102690,diego.rossi@demomail.test,Skyler Ashby,2023-07-11 14:44:00,riley.okafor@sampleco.test,Rahul Mensah,2024-01-03 15:07:00,alex.brooks@demomail.test,Riley Cohen,2025-04-15 10:57:00,alex.calder@acme-fake.test,Reese Brooks,2025-09-05 02:19:00,N,Aisha Silva,Chen Costa,Drew Kim,SKU-5659,Software Developer,,,,,,,,,SKU-1637,drew.kim@sampleco.test,,,,Inactive,,,100667,100308,,,,,,,,100598,Beta,100726,,,,100388,,,drew.blake@examplecorp.test,chen.cohen@sampleco.test,Re-engagement,100694,Ironwood Industries Co,Other,,,,,,,,,,,,,
100016,Contact,102692,nina.ivanov@sampleco.test,Rahul Whitfield,2023-07-17 19:04:00,sofia.mercer@examplecorp.test,Casey Vance,2024-09-23 12:35:00,arjun.okafor@demomail.test,Diego Reyes,2024-05-28 18:19:00,alex.mercer@sampleco.test,Avery Mensah,2025-12-25 09:09:00,Y,Taylor Vance,Noah Cohen,Quinn Costa,REF-4473,Executive Assistant,,,,,,LOT-1832,,LOT-4516,TAG-2236,quinn.costa@acme-fake.test,,,,Active,100352,,100336,100758,100382,,,,,,,,Alpha,100332,,,Other,100658,100172,,jordan.cohen@demomail.test,alex.silva@sampleco.test,Quarterly Newsletter,100637,Brightpath Textiles LLP,,,,,,,,,101846,,,,Y,
100708,Contact,102694,noah.sato@acme-fake.test,Jamie Kim,2023-12-20 17:16:00,aisha.kim@demomail.test,Liam Mensah,2025-06-15 07:33:00,casey.sato@examplecorp.test,Reese Garcia,2023-09-16 17:46:00,priya.haddad@examplecorp.test,Sofia Sato,2023-11-06 12:57:00,Y,Elena Ford,Riley Patel,Aisha Silva,SKU-2259,Support Specialist,,,,,,,,,LOT-4298,aisha.silva@sampleco.test,,,,Active,,,100334,100546,100248,,,,,100395,,,Beta,100771,,,Standard,100481,100607,,reese.cohen@sampleco.test,riley.calder@acme-fake.test,Product Update,100755,,Alpha,,,,,,,,,,,,Y,
100184,Contact,102695,diego.larsson@sampleco.test,Reese Whitfield,2023-10-01 21:03:00,avery.silva@acme-fake.test,Avery Mensah,2023-12-22 10:23:00,reese.patel@acme-fake.test,Taylor Calder,2023-08-25 01:27:00,taylor.mercer@acme-fake.test,Quinn Okafor,2023-07-01 20:34:00,Y,Drew Ashby,Rowan Whitfield,Noah Ivanov,SKU-7117,Customer Success Manager,,TAG-1374,,,,,,,SKU-6606,noah.ivanov@examplecorp.test,,,,Active,,,100232,100220,,,,,,100530,,100617,Standard,100161,,,Other,100683,100546,,mei.haddad@sampleco.test,arjun.mensah@sampleco.test,Re-engagement,100153,Harbor Retail Inc,Alpha,100554,,,,,,,101851,,,,,
100539,Contact,102696,liam.okafor@acme-fake.test,Diego Mensah,2025-03-16 07:31:00,emerson.haddad@sampleco.test,Priya Sato,2025-07-17 10:56:00,liam.blake@acme-fake.test,Rowan Reyes,2024-01-06 11:42:00,nina.larsson@examplecorp.test,Arjun Costa,2025-04-02 16:54:00,Y,Elena Whitfield,Sofia Ford,Quinn Nguyen,SKU-5665,Accountant,,,,,,,,TAG-4016,REF-8354,quinn.nguyen@acme-fake.test,,,,Active,,100223,100103,,100709,,,,,100058,,,Gamma,100684,,,Alpha,100610,,,rowan.costa@examplecorp.test,priya.haddad@sampleco.test,Re-engagement,100107,Northwind Foods Group,,,,,,,,,,,,,,
100319,Contact,102699,emerson.brooks@sampleco.test,Rahul Cohen,2023-07-17 08:39:00,aisha.sato@sampleco.test,Elena Nguyen,2025-11-11 00:01:00,quinn.reyes@demomail.test,Elena Calder,2024-01-22 15:30:00,drew.okafor@sampleco.test,Liam Kim,2022-12-27 04:58:00,Y,Fatima Patel,Jordan Sloan,Rahul Ashby,SKU-3286,Executive Assistant,,,,,,,,,SKU-7977,rahul.ashby@examplecorp.test,,,,Active,100679,100624,100709,100143,,,,,,,,,Gamma,100134,,,Other,100641,100010,,yara.vance@acme-fake.test,fatima.brooks@demomail.test,Product Update,100139,Delta Energy Corp,Delta,100568,,,,,,,101871,,,,Y,
100509,Contact,102701,drew.sloan@examplecorp.test,Diego Cohen,2026-03-29 03:40:00,drew.sato@demomail.test,Rahul Sloan,2025-09-04 06:42:00,jamie.mercer@examplecorp.test,Elena Calder,2025-10-23 02:34:00,skyler.kim@examplecorp.test,Fatima Vance,2022-11-04 05:15:00,Y,Aisha Mensah,Avery Ivanov,Fatima Ford,LOT-8012,Financial Analyst,,,,,,,,,TAG-7528,fatima.ford@acme-fake.test,,,,Active,100552,,100238,100295,100123,,,,,,,,Gamma,100238,,,,100178,,,sofia.whitfield@acme-fake.test,sofia.reyes@examplecorp.test,Renewal Nudge,100552,Lakeside Analytics Group,Delta,100443,,,9,,,,,,,,N,
100395,Contact,102704,alex.ashby@acme-fake.test,Emerson Dorsey,2024-01-16 17:39:00,chen.whitfield@demomail.test,Rahul Kim,2023-10-08 00:38:00,riley.dorsey@demomail.test,Emerson Cohen,2024-01-05 02:07:00,diego.silva@examplecorp.test,Drew Calder,2026-07-20 10:11:00,Y,Mei Mercer,Fatima Costa,Fatima Mensah,TAG-7392,Bookkeeper,,,,,,,,,SKU-8429,fatima.mensah@acme-fake.test,,,,Active,100026,100044,100126,100224,100153,,,,,,,100786,Gamma,100301,,,Gamma,100172,100485,,drew.dorsey@sampleco.test,riley.sato@acme-fake.test,Renewal Nudge,100492,,,100486,,,,,,,101843,,,,N,
100720,Contact,102707,aisha.garcia@sampleco.test,Casey Haddad,2024-10-14 03:02:00,jordan.ashby@acme-fake.test,Priya Ivanov,2026-01-19 21:55:00,yara.patel@demomail.test,Morgan Rossi,2025-01-10 21:10:00,skyler.costa@sampleco.test,Casey Cohen,2022-12-06 17:45:00,Y,Nina Garcia,Taylor Ashby,Morgan Silva,SKU-9438,Recruiter,,,,,,,,,REF-8263,morgan.silva@demomail.test,,,,Active,100722,,100593,100597,100767,,,,,,,100645,Other,100129,,,Delta,100220,100070,,drew.dorsey@examplecorp.test,nina.reyes@examplecorp.test,Re-engagement,100169,Pioneer Manufacturing Co,Delta,100420,,,,,,,,,,,Y,
100257,Contact,102709,yara.okafor@acme-fake.test,Elena Mercer,2024-11-14 15:55:00,liam.silva@examplecorp.test,Elena Reyes,2024-04-22 04:52:00,emerson.nguyen@sampleco.test,Sofia Reyes,2024-03-02 01:26:00,alex.dorsey@acme-fake.test,Rahul Silva,2025-01-12 13:21:00,Y,Nina Blake,Yara Costa,Riley Okafor,SKU-4229,Customer Success Manager,,,,,,,,,TAG-4835,riley.okafor@demomail.test,,,,Active,100206,100617,100351,100421,100189,,,,,100634,,,Alpha,100277,,,Beta,,100070,,quinn.kim@examplecorp.test,reese.haddad@acme-fake.test,Renewal Nudge,100688,Northwind Dynamics,,100708,,,,,,,,,,,,
100498,Contact,102711,alex.haddad@sampleco.test,Emerson Mensah,2022-11-07 04:28:00,liam.larsson@examplecorp.test,Liam Mercer,2025-01-26 23:02:00,skyler.nguyen@examplecorp.test,Alex Okafor,2023-04-20 21:17:00,morgan.haddad@acme-fake.test,Omar Rossi,2025-09-18 16:25:00,Y,Liam Costa,Noah Ashby,Chen Whitfield,REF-7170,QA Engineer,,,,,,,,,TAG-5176,chen.whitfield@acme-fake.test,,,,Active,100117,,100601,,100329,,,,,,,100058,Gamma,100265,,,Delta,,,,diego.larsson@sampleco.test,riley.silva@acme-fake.test,Product Update,100106,,,100239,,,,,,,101843,,,,Y,N
100582,Contact,102714,riley.brooks@sampleco.test,Yara Rossi,2025-09-13 05:29:00,reese.blake@demomail.test,Jordan Haddad,2025-09-30 12:04:00,sofia.mercer@examplecorp.test,Skyler Ford,2023-02-23 08:45:00,omar.vance@acme-fake.test,Liam Ashby,2024-11-22 20:04:00,Y,Chen Mensah,Liam Kim,Jamie Ivanov,LOT-9090,Customer Success Manager,,,,,,,,,REF-2643,jamie.ivanov@sampleco.test,,,,Active,,100309,100148,100551,100628,LOT-6156,,,,,,,Standard,100223,,,Alpha,100786,100511,,quinn.sato@demomail.test,liam.kim@acme-fake.test,Quarterly Newsletter,100555,Atlas Partners LLP,,,,,,,,,101870,,,,N,
100587,Contact,102717,drew.haddad@sampleco.test,Casey Garcia,2025-11-14 21:36:00,jamie.calder@acme-fake.test,Sofia Silva,2026-05-07 07:54:00,elena.larsson@demomail.test,Skyler Reyes,2025-04-13 13:27:00,aisha.garcia@examplecorp.test,Rowan Nguyen,2024-08-22 06:03:00,Y,Alex Costa,Chen Larsson,Diego Brooks,LOT-6886,Payroll Specialist,,,,,,,,,REF-5131,diego.brooks@examplecorp.test,,,,Active,,,100597,100755,100058,TAG-6823,,,,,,100016,Alpha,100129,,Y,Beta,100652,,,taylor.rossi@demomail.test,marco.whitfield@demomail.test,Product Update,100314,,,100076,,,,,,,101826,,,,,
100622,Contact,102719,liam.mensah@examplecorp.test,Omar Kim,2024-10-05 19:33:00,avery.costa@sampleco.test,Rahul Mensah,2026-01-21 12:25:00,aisha.dorsey@acme-fake.test,Yara Blake,2026-06-14 02:40:00,nina.vance@demomail.test,Jamie Blake,2022-11-04 09:02:00,N,Diego Reyes,Nina Cohen,Nina Sloan,LOT-2544,Customer Success Manager,,,,,,,,TAG-4763,LOT-9039,nina.sloan@demomail.test,,,,Inactive,100224,100340,100527,,,,,,,,,,Alpha,100803,,,,100531,100066,,taylor.mercer@sampleco.test,rahul.ivanov@demomail.test,Quarterly Newsletter,100456,,,100591,,,,,,,,,,,,
100197,Contact,102720,diego.blake@examplecorp.test,Sofia Mensah,2025-09-01 21:12:00,riley.silva@demomail.test,Rahul Garcia,2024-10-15 14:40:00,aisha.vance@demomail.test,Drew Mensah,2025-03-23 19:08:00,diego.haddad@examplecorp.test,Nina Mensah,2023-05-25 19:12:00,N,Skyler Brooks,Jamie Sato,Sofia Kim,REF-9699,Payroll Specialist,,,,,,,,,REF-6841,sofia.kim@demomail.test,,,,Inactive,,100235,100334,,100673,,,,,,,100340,Beta,100053,,,,100232,,,elena.dorsey@examplecorp.test,arjun.mensah@examplecorp.test,Event Invite,100262,,Alpha,100229,,,0,,,,,,,,,
100180,Contact,102723,yara.whitfield@sampleco.test,Fatima Ivanov,2024-04-21 22:33:00,priya.ivanov@demomail.test,Yara Rossi,2026-03-06 10:06:00,mei.blake@demomail.test,Casey Calder,2023-12-29 11:33:00,noah.nguyen@acme-fake.test,Diego Nguyen,2023-05-11 11:19:00,Y,Jamie Patel,Liam Nguyen,Avery Garcia,TAG-9924,Project Manager,,,,,,,,TAG-2031,REF-3151,avery.garcia@acme-fake.test,,,,Active,,,100285,100073,100030,,,,,,,100302,Standard,100223,,,,,,,diego.ashby@demomail.test,rahul.reyes@acme-fake.test,Re-engagement,100615,,Alpha,,,1,,,,,,,,,Y,
100058,Contact,102726,taylor.cohen@demomail.test,Jamie Haddad,2026-07-23 17:24:00,avery.larsson@acme-fake.test,Quinn Ivanov,2025-07-04 15:58:00,chen.whitfield@sampleco.test,Mei Whitfield,2023-05-02 19:55:00,reese.ivanov@sampleco.test,Avery Larsson,2024-07-23 19:45:00,N,Riley Garcia,Alex Mensah,Riley Mensah,REF-8089,Support Specialist,,,,,,,,,SKU-2513,riley.mensah@sampleco.test,,,,Inactive,100363,100717,100104,100652,,,,,,100359,,,Gamma,100704,,,Standard,100380,100120,,marco.vance@sampleco.test,rowan.sato@examplecorp.test,Event Invite,100235,,,100178,,,,,,,101879,,,,,
100459,Contact,102729,rowan.garcia@demomail.test,Taylor Calder,2025-03-28 21:15:00,alex.calder@acme-fake.test,Chen Brooks,2025-07-28 23:13:00,rowan.ashby@sampleco.test,Chen Nguyen,2026-01-30 10:41:00,rahul.blake@sampleco.test,Fatima Reyes,2025-06-07 01:02:00,Y,Morgan Silva,Omar Dorsey,Avery Nguyen,LOT-9419,Data Analyst,,,,,,,,,SKU-4900,avery.nguyen@sampleco.test,,,,Active,100203,,100164,,,,,,,100190,,,Gamma,100245,,,,,100587,,mei.vance@acme-fake.test,fatima.blake@acme-fake.test,Product Update,100479,,,100189,,,,,,,,,,,,
100291,Contact,102730,rowan.costa@acme-fake.test,Noah Okafor,2026-03-28 18:35:00,mei.patel@demomail.test,Chen Silva,2023-01-01 02:55:00,rahul.kim@acme-fake.test,Rahul Dorsey,2025-02-16 18:12:00,yara.kim@sampleco.test,Aisha Nguyen,2025-08-02 08:07:00,Y,Avery Kim,Skyler Dorsey,Noah Ashby,LOT-2785,QA Engineer,,,,Delta,,,,,SKU-8095,noah.ashby@examplecorp.test,,,,Active,100530,,100132,,100080,,,,,,,100391,Gamma,100408,,,Gamma,100723,100625,,yara.ford@acme-fake.test,rahul.larsson@demomail.test,Renewal Nudge,100336,Silverline Solutions LLC,Alpha,100277,,,,10,,,101849,,,,N,
100206,Contact,102731,taylor.brooks@acme-fake.test,Rahul Ivanov,2025-03-27 01:46:00,omar.cohen@examplecorp.test,Marco Sato,2025-01-30 18:27:00,jamie.sato@sampleco.test,Casey Sato,2025-04-11 13:10:00,jamie.blake@sampleco.test,Taylor Nguyen,2026-06-17 15:43:00,Y,Skyler Cohen,Priya Larsson,Nina Brooks,SKU-4983,Customer Success Manager,,,,,,,,SKU-4306,LOT-6662,nina.brooks@demomail.test,,,,Active,,100177,100642,100262,,,,,,100103,,100755,Standard,100777,,,Alpha,,,,rahul.garcia@acme-fake.test,avery.mercer@sampleco.test,Renewal Nudge,100223,,Beta,100420,,,,,,,,,,,N,Y
100641,Contact,102734,priya.vance@sampleco.test,Casey Calder,2024-08-15 04:41:00,riley.patel@acme-fake.test,Morgan Okafor,2025-10-27 09:00:00,rowan.reyes@examplecorp.test,Fatima Cohen,2024-08-06 06:41:00,riley.garcia@acme-fake.test,Riley Garcia,2023-03-09 21:11:00,Y,Arjun Ashby,Arjun Okafor,Casey Ashby,TAG-1699,HR Generalist,,,,,,,,,SKU-9598,casey.ashby@acme-fake.test,,,,Active,,,100658,,100468,,,,,100099,,100496,Beta,100765,,,Standard,100656,100610,,sofia.nguyen@examplecorp.test,sofia.patel@sampleco.test,Renewal Nudge,100413,,,100029,,,,,,,101804,N,,,Y,
100749,Contact,102737,skyler.vance@acme-fake.test,Sofia Brooks,2024-01-18 00:03:00,emerson.ivanov@sampleco.test,Emerson Nguyen,2024-04-19 08:40:00,taylor.kim@acme-fake.test,Sofia Haddad,2023-06-26 08:26:00,riley.whitfield@acme-fake.test,Drew Okafor,2024-01-09 00:23:00,Y,Morgan Reyes,Casey Whitfield,Emerson Blake,REF-3067,Data Analyst,,TAG-4784,,,Other,REF-8474,,TAG-6394,REF-7717,emerson.blake@sampleco.test,,,,Active,100744,,100259,100243,100676,,,,,,,,Beta,100215,,,Other,100280,,,nina.silva@demomail.test,arjun.nguyen@examplecorp.test,Quarterly Newsletter,100352,,Other,,,,,,,,101850,,,,,
100051,Contact,102738,noah.brooks@acme-fake.test,Omar Kim,2025-11-09 12:39:00,priya.sloan@acme-fake.test,Avery Blake,2026-07-15 08:26:00,drew.larsson@demomail.test,Drew Brooks,2026-03-29 04:38:00,chen.garcia@sampleco.test,Fatima Mensah,2025-11-24 07:37:00,Y,Reese Ivanov,Yara Ford,Emerson Silva,SKU-9146,Customer Success Manager,,,,,,,,,LOT-4305,emerson.silva@examplecorp.test,,,,Active,100731,100259,100097,,,,,,,100786,,100288,Standard,100712,,,,100670,,,taylor.larsson@acme-fake.test,aisha.mensah@sampleco.test,Event Invite,100171,,Alpha,100723,,,,,,,101867,,,,N,
100604,Contact,102740,morgan.okafor@sampleco.test,Fatima Ivanov,2025-05-13 13:04:00,avery.sloan@examplecorp.test,Quinn Kim,2025-01-24 21:57:00,reese.cohen@demomail.test,Quinn Sato,2026-01-04 12:56:00,jamie.silva@acme-fake.test,Sofia Garcia,2025-09-12 02:57:00,Y,Sofia Okafor,Emerson Reyes,Rahul Okafor,LOT-4835,Executive Assistant,,,,,,,,,LOT-2444,rahul.okafor@examplecorp.test,,,,Active,,100565,100579,,100686,,,,,,,100344,Delta,100672,,,Alpha,,100593,,avery.sato@acme-fake.test,sofia.patel@examplecorp.test,Product Update,100405,,Standard,100664,,7,,,,,101832,,,,N,
100788,Contact,102742,quinn.vance@examplecorp.test,Casey Dorsey,2025-11-05 22:52:00,yara.cohen@demomail.test,Noah Larsson,2025-04-28 10:32:00,nina.silva@acme-fake.test,Reese Calder,2023-04-25 01:13:00,fatima.garcia@demomail.test,Elena Okafor,2024-03-25 01:33:00,Y,Skyler Patel,Morgan Rossi,Priya Cohen,REF-7189,Support Specialist,,,,,,,,,SKU-1891,priya.cohen@demomail.test,,,,Active,,,100031,100672,,,,,,100661,,100176,Gamma,100368,,,Gamma,,100040,,taylor.vance@examplecorp.test,drew.ivanov@demomail.test,Renewal Nudge,100056,Evergreen Networks Inc,Gamma,,,,,,,,101851,,,,Y,
100069,Contact,102743,liam.sato@sampleco.test,Yara Blake,2023-06-23 20:20:00,fatima.patel@examplecorp.test,Emerson Cohen,2025-10-16 15:12:00,taylor.kim@sampleco.test,Noah Brooks,2024-04-16 16:58:00,mei.silva@demomail.test,Omar Rossi,2023-11-13 20:06:00,Y,Liam Mensah,Rowan Sato,Rowan Dorsey,SKU-7342,Accountant,,,,,,,,,REF-1066,rowan.dorsey@examplecorp.test,,,,Active,100232,100523,100616,100429,,,,,,,,100176,Other,100139,,N,Standard,100356,100418,,arjun.blake@acme-fake.test,skyler.ashby@acme-fake.test,Renewal Nudge,100518,Pioneer Dynamics Inc,Other,100395,,,,10,,,,,,,,
100123,Contact,102746,rahul.mercer@examplecorp.test,Mei Cohen,2023-02-14 21:17:00,noah.brooks@acme-fake.test,Rowan Ivanov,2025-02-07 04:19:00,arjun.dorsey@demomail.test,Mei Brooks,2023-11-09 08:59:00,fatima.brooks@demomail.test,Chen Dorsey,2026-06-16 09:08:00,N,Mei Cohen,Quinn Reyes,Reese Mensah,REF-5144,Payroll Specialist,,,,,,,,SKU-4192,REF-5024,reese.mensah@acme-fake.test,,,,Inactive,100056,,100641,100482,,LOT-5810,,,,100765,,,Delta,100086,,,Delta,100107,,,marco.mensah@examplecorp.test,taylor.vance@demomail.test,Renewal Nudge,100563,Vertex Manufacturing LLC,Delta,,,,,,,,,,,,N,
100073,Contact,102747,arjun.garcia@examplecorp.test,Diego Kim,2023-12-25 05:46:00,quinn.blake@sampleco.test,Taylor Rossi,2025-01-09 06:00:00,elena.kim@examplecorp.test,Jamie Costa,2024-12-17 08:32:00,yara.haddad@demomail.test,Diego Larsson,2023-07-08 23:19:00,Y,Rowan Ashby,Chen Nguyen,Omar Sloan,SKU-9819,Operations Associate,,,,,,,,LOT-7971,LOT-9285,omar.sloan@sampleco.test,,,,Active,100543,,100148,100492,100275,,,,,100474,,,Alpha,100722,,N,Alpha,,100291,,taylor.rossi@acme-fake.test,jamie.garcia@acme-fake.test,Renewal Nudge,100774,Summit Media Co,,,,,,,,,101793,,,,,
100101,Contact,102748,quinn.sato@sampleco.test,Aisha Reyes,2025-03-25 19:57:00,jamie.costa@examplecorp.test,Marco Okafor,2025-11-06 01:57:00,jamie.cohen@demomail.test,Fatima Vance,2026-03-23 14:25:00,chen.dorsey@sampleco.test,Diego Blake,2023-07-07 15:31:00,Y,Elena Reyes,Reese Sloan,Mei Rossi,SKU-5656,Financial Analyst,,,,,,,3387,,SKU-3311,mei.rossi@demomail.test,,,,Active,100342,100146,100417,100535,,,,,,100753,,,Other,100750,,,Other,100613,,,morgan.cohen@demomail.test,omar.vance@examplecorp.test,Product Update,100500,,,,,,,,,,,,,,,
100113,Contact,102749,arjun.whitfield@demomail.test,Liam Vance,2024-10-19 15:29:00,jamie.larsson@acme-fake.test,Diego Brooks,2023-07-17 17:01:00,casey.nguyen@acme-fake.test,Avery Costa,2025-09-12 23:20:00,skyler.vance@demomail.test,Elena Dorsey,2026-06-23 03:24:00,Y,Noah Haddad,Marco Brooks,Drew Larsson,SKU-9516,Accountant,,,,,,,,LOT-4160,LOT-9262,drew.larsson@acme-fake.test,,,,Active,100672,100543,100593,,,TAG-4993,,,,100254,,100631,Alpha,100332,,,,,100251,,arjun.rossi@examplecorp.test,avery.ashby@sampleco.test,Product Update,100475,Blue Ridge Manufacturing Inc,,,,,,,,,,,,,,
100189,Contact,102751,skyler.rossi@examplecorp.test,Fatima Cohen,2023-12-17 17:32:00,rahul.kim@demomail.test,Yara Nguyen,2022-11-02 13:57:00,arjun.sato@sampleco.test,Taylor Patel,2023-10-08 14:41:00,liam.ivanov@examplecorp.test,Riley Rossi,2023-04-04 02:39:00,Y,Priya Ivanov,Noah Brooks,Diego Blake,REF-5774,Bookkeeper,,,Alpha,,,,5413,SKU-3902,TAG-5900,diego.blake@examplecorp.test,,,,Active,100735,,100568,100482,100153,,,,,100227,,100090,Standard,100601,,,Other,,100424,,diego.costa@examplecorp.test,reese.rossi@acme-fake.test,Renewal Nudge,100003,,Gamma,100673,,,,,,,101804,,,,Y,
100113,Contact,102754,omar.patel@sampleco.test,Riley Dorsey,2023-08-14 23:00:00,rowan.haddad@examplecorp.test,Jordan Kim,2025-08-02 06:25:00,marco.dorsey@demomail.test,Jordan Cohen,2026-07-09 07:11:00,jordan.nguyen@sampleco.test,Arjun Rossi,2026-05-24 08:09:00,N,Jamie Cohen,Priya Sloan,Aisha Patel,TAG-5650,Accountant,,,,,,,,REF-8743,LOT-2060,aisha.patel@demomail.test,,,,Inactive,100497,,100539,100371,100398,,,,,,,,Delta,100645,,,,,,,arjun.patel@acme-fake.test,drew.sato@acme-fake.test,Quarterly Newsletter,100291,Pioneer Media LLC,,100353,,,,,,,101837,,,,Y,
100771,Contact,102755,jamie.okafor@demomail.test,Aisha Nguyen,2025-11-02 13:19:00,mei.brooks@demomail.test,Mei Cohen,2024-12-31 21:21:00,chen.silva@demomail.test,Reese Calder,2025-03-03 07:35:00,marco.ford@acme-fake.test,Rowan Rossi,2023-06-10 17:00:00,Y,Drew Costa,Noah Silva,Sofia Cohen,LOT-5744,QA Engineer,,,,,,,,,LOT-2053,sofia.cohen@examplecorp.test,,,,Active,100686,100265,100767,100388,100479,,,,,100332,,100440,Delta,100686,,,,,100546,,chen.cohen@acme-fake.test,chen.whitfield@acme-fake.test,Product Update,100516,,,100462,,,,1,,,101859,,,,N,
100715,Contact,102757,skyler.sato@sampleco.test,Morgan Brooks,2025-01-18 01:25:00,omar.okafor@acme-fake.test,Priya Kim,2025-11-17 11:25:00,yara.ashby@sampleco.test,Liam Ivanov,2025-07-13 18:41:00,jamie.blake@demomail.test,Omar Whitfield,2025-04-29 17:50:00,Y,Taylor Garcia,Arjun Vance,Rowan Cohen,LOT-7011,Software Developer,,,,Other,,,948,TAG-4773,REF-3860,rowan.cohen@demomail.test,,,,Active,100275,100532,100041,,,,,,,100690,,,Beta,100604,,,Standard,,100083,,avery.haddad@demomail.test,fatima.blake@demomail.test,Re-engagement,100638,Evergreen Media,Alpha,,,,,,,,101804,,,,,
100607,Contact,102759,rowan.vance@demomail.test,Reese Mensah,2023-11-30 14:13:00,reese.calder@demomail.test,Rowan Sloan,2026-03-02 13:32:00,elena.okafor@demomail.test,Taylor Calder,2023-09-29 01:41:00,omar.calder@examplecorp.test,Chen Larsson,2025-11-22 02:09:00,N,Fatima Ashby,Reese Cohen,Alex Sato,LOT-8160,Project Manager,,,,,,,,,REF-6442,alex.sato@acme-fake.test,,,,Inactive,100376,,100780,,100684,,,,,100681,,,Beta,100386,,,Beta,100185,100426,,elena.dorsey@acme-fake.test,rahul.blake@sampleco.test,Quarterly Newsletter,100003,,Alpha,,,5,,,,,,,,,,
100238,Contact,102762,morgan.nguyen@acme-fake.test,Riley Larsson,2023-11-10 01:06:00,riley.cohen@acme-fake.test,Aisha Calder,2024-03-14 17:19:00,emerson.okafor@examplecorp.test,Aisha Garcia,2024-08-28 04:00:00,mei.ivanov@acme-fake.test,Chen Garcia,2023-02-06 16:06:00,Y,Fatima Silva,Elena Brooks,Skyler Rossi,REF-2744,Operations Associate,,SKU-4028,,,,,,,LOT-3366,skyler.rossi@sampleco.test,,,,Active,100620,,100037,100259,100681,,,,,100759,,,Alpha,100076,,,Beta,100408,100654,,sofia.brooks@examplecorp.test,riley.ivanov@demomail.test,Quarterly Newsletter,100316,Meridian Solutions LLC,Alpha,100110,,2,,,,,101846,,,,Y,Y
100688,Contact,102764,rowan.okafor@acme-fake.test,Aisha Silva,2025-12-17 02:41:00,alex.okafor@acme-fake.test,Diego Ivanov,2026-07-27 20:05:00,yara.ford@examplecorp.test,Morgan Ford,2023-02-28 15:12:00,rahul.ford@examplecorp.test,Quinn Ford,2025-05-03 23:32:00,Y,Alex Sato,Aisha Calder,Emerson Okafor,REF-9408,Support Specialist,,,,,,,,,REF-1763,emerson.okafor@examplecorp.test,,,,Active,100498,100029,100792,,,,,,,100479,,,Other,100371,,,,100457,,,reese.mercer@demomail.test,rahul.mensah@demomail.test,Re-engagement,100248,Cobalt Retail Ltd,Beta,,,,,,,,101832,,,,Y,
100601,Contact,102765,mei.reyes@sampleco.test,Nina Cohen,2026-03-19 18:40:00,diego.haddad@sampleco.test,Aisha Haddad,2024-12-23 21:39:00,jamie.reyes@demomail.test,Marco Cohen,2026-04-05 06:11:00,reese.kim@acme-fake.test,Jamie Calder,2026-03-11 03:40:00,N,Yara Sato,Avery Vance,Skyler Garcia,LOT-6889,Software Developer,,,,,,,2325,SKU-7502,SKU-1839,skyler.garcia@sampleco.test,,,,Inactive,,,100325,,100750,TAG-2806,,,,100267,,,Beta,100242,,,Gamma,100101,100086,,taylor.ford@acme-fake.test,arjun.dorsey@examplecorp.test,Quarterly Newsletter,100551,,,,,,,,,,,,,,,
100538,Contact,102768,skyler.calder@sampleco.test,Priya Blake,2024-10-27 21:08:00,morgan.ivanov@sampleco.test,Noah Garcia,2025-12-08 03:41:00,liam.sato@sampleco.test,Marco Kim,2025-08-18 14:22:00,marco.mensah@examplecorp.test,Aisha Patel,2026-02-07 23:58:00,Y,Priya Vance,Sofia Cohen,Marco Blake,TAG-9274,Customer Success Manager,,,,Delta,,,,,REF-2744,marco.blake@examplecorp.test,,,,Active,100462,100238,100631,100642,100037,,,,,,,,Other,100723,,,,100089,,,nina.garcia@demomail.test,reese.silva@demomail.test,Renewal Nudge,100227,,,100620,,,,,,,101873,,,,Y,
100262,Contact,102769,jordan.calder@acme-fake.test,Emerson Nguyen,2023-12-02 08:46:00,casey.sloan@sampleco.test,Diego Haddad,2025-10-31 22:47:00,sofia.mensah@sampleco.test,Emerson Sloan,2025-10-04 18:28:00,taylor.ivanov@demomail.test,Elena Vance,2025-04-22 00:54:00,N,Sofia Patel,Emerson Sato,Rahul Haddad,TAG-3016,Project Manager,,,,,,,,REF-8427,REF-3283,rahul.haddad@sampleco.test,,,,Inactive,,,100242,100683,,,,,,,,,Gamma,100046,,,Delta,100239,100569,,morgan.kim@sampleco.test,rahul.nguyen@demomail.test,Renewal Nudge,100434,Summit Media Co,Delta,100206,,,,,,,101837,Y,,,,
100213,Contact,102770,morgan.whitfield@acme-fake.test,Arjun Nguyen,2023-10-20 00:41:00,marco.dorsey@sampleco.test,Avery Ivanov,2024-04-16 11:21:00,nina.vance@examplecorp.test,Taylor Nguyen,2024-07-08 21:31:00,aisha.kim@demomail.test,Omar Ford,2024-01-12 01:50:00,Y,Aisha Whitfield,Drew Okafor,Arjun Cohen,LOT-5934,Data Analyst,,SKU-4623,,Beta,,,,SKU-8843,SKU-7110,arjun.cohen@sampleco.test,,,,Active,,100496,100086,100652,,,,,,,,,Delta,100798,,,,,100062,,casey.larsson@acme-fake.test,priya.silva@acme-fake.test,Renewal Nudge,100103,,,100649,,,,,,,,,,,Y,
100291,Contact,102772,marco.kim@sampleco.test,Jordan Calder,2025-03-09 20:45:00,noah.reyes@acme-fake.test,Liam Costa,2023-05-05 05:35:00,avery.dorsey@acme-fake.test,Drew Garcia,2025-06-25 03:04:00,arjun.ashby@demomail.test,Jamie Mensah,2022-12-27 04:18:00,Y,Marco Ashby,Omar Haddad,Yara Mensah,LOT-9350,Financial Analyst,,,,,Other,,,,SKU-6664,yara.mensah@sampleco.test,,,,Active,,100631,100368,,,,,,,,,,Delta,100490,,,,100251,,,chen.patel@sampleco.test,emerson.larsson@examplecorp.test,Quarterly Newsletter,100717,,Alpha,100030,,,,2,,,,,,,Y,
100429,Contact,102773,emerson.costa@examplecorp.test,Liam Garcia,2025-09-12 19:55:00,taylor.sato@acme-fake.test,Riley Ashby,2023-04-22 19:31:00,noah.rossi@examplecorp.test,Avery Silva,2023-02-03 01:01:00,fatima.haddad@demomail.test,Rowan Blake,2024-05-10 14:23:00,Y,Reese Ashby,Jordan Cohen,Priya Ford,REF-1451,Marketing Coordinator,,,,,,TAG-9386,,,TAG-1511,priya.ford@acme-fake.test,,,,Active,,100086,100702,,,,,,,100526,,,Standard,100497,,,Standard,,100443,,mei.ashby@demomail.test,marco.cohen@demomail.test,Renewal Nudge,100178,,,100656,,,,,,,101780,,,,Y,N
100328,Contact,102775,rahul.nguyen@sampleco.test,Chen Larsson,2025-04-27 01:06:00,rahul.whitfield@examplecorp.test,Fatima Calder,2025-07-12 04:41:00,noah.ashby@sampleco.test,Quinn Haddad,2023-01-03 21:42:00,rowan.sato@examplecorp.test,Mei Sato,2024-01-29 09:32:00,Y,Arjun Vance,Aisha Whitfield,Sofia Garcia,SKU-1976,Recruiter,,TAG-4559,,,,,,,SKU-4350,sofia.garcia@acme-fake.test,,,,Active,100282,100172,100182,,,,,,,100694,,100275,Beta,100574,,,,,100066,,liam.nguyen@sampleco.test,reese.nguyen@sampleco.test,Event Invite,100371,,,100637,,,,7,,,101797,,,,Y,
100220,Contact,102776,nina.dorsey@demomail.test,Liam Haddad,2025-04-12 03:50:00,elena.ford@examplecorp.test,Skyler Sloan,2025-12-31 08:06:00,omar.whitfield@demomail.test,Mei Rossi,2024-01-20 08:18:00,arjun.kim@acme-fake.test,Noah Ivanov,2022-10-01 13:38:00,Y,Morgan Mercer,Elena Okafor,Yara Ashby,REF-7221,Data Analyst,,,,,,,,,LOT-3616,yara.ashby@sampleco.test,,,,Active,,100142,100104,,,,,,,100178,,,Other,100526,,,Gamma,100603,,,jamie.whitfield@examplecorp.test,nina.ashby@sampleco.test,Product Update,100464,,,,,,,,,,101825,,,,,Y
100090,Contact,102778,morgan.rossi@acme-fake.test,Omar Blake,2025-09-08 12:36:00,arjun.kim@demomail.test,Skyler Ford,2023-08-07 23:50:00,diego.reyes@sampleco.test,Mei Nguyen,2026-02-26 21:40:00,yara.mercer@examplecorp.test,Morgan Mensah,2023-08-10 13:56:00,Y,Drew Okafor,Nina Garcia,Quinn Nguyen,LOT-1466,Accountant,,,,,,,,,REF-7532,quinn.nguyen@demomail.test,,,,Active,100637,,100122,100569,,,,,,100789,,,Alpha,100661,,,,100731,,,priya.okafor@examplecorp.test,sofia.dorsey@demomail.test,Renewal Nudge,100413,Silverline Robotics Inc,,100597,,,,,,,,,,,,
100459,Contact,102781,fatima.whitfield@demomail.test,Priya Cohen,2024-12-06 14:28:00,sofia.larsson@examplecorp.test,Elena Ashby,2022-11-15 19:30:00,diego.blake@sampleco.test,Rahul Rossi,2023-02-11 09:20:00,skyler.rossi@examplecorp.test,Mei Rossi,2024-07-07 15:19:00,N,Drew Reyes,Morgan Cohen,Arjun Costa,TAG-8407,Software Developer,,,,,Other,,3033,SKU-1551,LOT-7961,arjun.costa@examplecorp.test,,,,Inactive,100161,100610,100336,,100494,,,,,100477,,100753,Delta,100771,,,,100403,,,noah.reyes@sampleco.test,jamie.silva@sampleco.test,Quarterly Newsletter,100763,,,100720,,,,,,,101834,,,,,
100704,Contact,102784,nina.ivanov@acme-fake.test,Riley Haddad,2025-10-09 00:54:00,emerson.silva@acme-fake.test,Diego Cohen,2026-06-11 22:29:00,riley.ivanov@sampleco.test,Aisha Reyes,2023-02-18 21:22:00,avery.brooks@demomail.test,Morgan Vance,2024-10-25 05:34:00,Y,Rahul Dorsey,Jordan Ashby,Quinn Kim,LOT-1588,Payroll Specialist,,,,,Alpha,,,TAG-3145,REF-8300,quinn.kim@sampleco.test,,,,Active,,100309,100128,100712,100759,,,,,100624,,,Beta,100628,,,Gamma,,100056,,elena.ivanov@examplecorp.test,diego.sloan@demomail.test,Re-engagement,100254,,Other,,,2,,,,,,,,,Y,
100080,Contact,102785,mei.rossi@examplecorp.test,Casey Nguyen,2025-09-16 20:27:00,nina.mensah@examplecorp.test,Skyler Brooks,2024-12-20 02:04:00,mei.sato@demomail.test,Sofia Ashby,2024-12-27 22:43:00,diego.blake@sampleco.test,Sofia Reyes,2025-12-01 09:40:00,N,Elena Silva,Noah Whitfield,Rowan Silva,REF-2750,Project Manager,,,,,,,,,REF-4459,rowan.silva@demomail.test,,,,Inactive,100200,100288,100638,100559,,,,,,,,100352,Other,100391,,,,100164,100275,,diego.larsson@demomail.test,elena.mercer@demomail.test,Renewal Nudge,100236,,,100309,,,,,,,101854,,,,,Y
100005,Contact,102786,skyler.sato@acme-fake.test,Priya Ford,2025-08-17 03:59:00,rowan.ford@sampleco.test,Chen Brooks,2025-07-29 05:05:00,casey.blake@examplecorp.test,Skyler Okafor,2026-01-17 21:42:00,aisha.ford@sampleco.test,Jordan Reyes,2023-11-27 09:48:00,N,Rahul Sato,Chen Mensah,Noah Ashby,REF-1175,Accountant,,,,,,,,,LOT-9000,noah.ashby@demomail.test,,,,Inactive,100699,,100395,,100683,,,,,100363,,,Gamma,100709,,,,100424,100046,,reese.ivanov@demomail.test,yara.mensah@examplecorp.test,Re-engagement,100040,,Delta,100793,,6,,3,,,101867,,,,N,
100683,Contact,102787,aisha.haddad@acme-fake.test,Elena Vance,2024-08-20 00:19:00,rowan.ford@acme-fake.test,Fatima Rossi,2022-11-18 22:21:00,casey.costa@acme-fake.test,Avery Silva,2024-08-21 00:34:00,jordan.reyes@demomail.test,Jordan Whitfield,2023-04-20 00:48:00,Y,Reese Brooks,Mei Blake,Yara Brooks,SKU-8139,Data Analyst,,,,,,,,REF-8114,SKU-7432,yara.brooks@acme-fake.test,,,,Active,,,100168,100789,100282,,,,,,,100417,Other,100012,,,,,100432,,chen.brooks@demomail.test,reese.ford@acme-fake.test,Product Update,100323,Redwood Systems Group,,100171,,,,10,,,101859,,,,,
100049,Contact,102788,nina.larsson@demomail.test,Rowan Kim,2023-01-22 23:58:00,jamie.mensah@examplecorp.test,Reese Rossi,2023-09-11 03:47:00,drew.blake@demomail.test,Yara Blake,2023-05-04 06:22:00,riley.mercer@demomail.test,Alex Larsson,2025-05-25 22:05:00,Y,Rowan Ford,Arjun Cohen,Emerson Silva,TAG-5514,Project Manager,,,,,Beta,,,,LOT-9224,emerson.silva@acme-fake.test,,,,Active,,100628,100447,100782,,,,,,,,100301,Standard,100251,,,Gamma,100679,100003,,drew.dorsey@examplecorp.test,diego.cohen@sampleco.test,Quarterly Newsletter,100106,Redwood Foods Inc,,100323,,,,,,,101851,,,,Y,
100030,Contact,102791,priya.rossi@demomail.test,Liam Larsson,2024-12-03 20:16:00,jordan.dorsey@examplecorp.test,Reese Haddad,2025-11-18 22:55:00,chen.larsson@demomail.test,Casey Silva,2025-01-29 14:04:00,skyler.brooks@sampleco.test,Rowan Vance,2023-07-12 21:52:00,Y,Casey Ford,Nina Haddad,Omar Larsson,TAG-8378,Accountant,,,,,,,,REF-9534,REF-1781,omar.larsson@examplecorp.test,,,,Active,,100366,100345,100382,100044,,,,,,,,Beta,100156,,,Alpha,100479,,,casey.whitfield@examplecorp.test,liam.larsson@acme-fake.test,Re-engagement,100212,,,,,0,,,,,101788,N,,,Y,N
100735,Contact,102792,skyler.silva@sampleco.test,Liam Sloan,2025-08-11 02:18:00,arjun.patel@examplecorp.test,Casey Reyes,2022-10-09 09:53:00,alex.cohen@acme-fake.test,Elena Patel,2024-06-11 14:02:00,chen.nguyen@demomail.test,Priya Rossi,2024-09-04 13:48:00,N,Reese Larsson,Marco Garcia,Jamie Sato,REF-6382,Payroll Specialist,,,,,,,,,TAG-8375,jamie.sato@acme-fake.test,,,,Inactive,100009,100479,100323,,100062,,,,,100750,,,Delta,100784,,,Beta,,,,sofia.mercer@examplecorp.test,liam.patel@demomail.test,Quarterly Newsletter,100579,,Other,100709,,,,,,,,,,,Y,
100164,Contact,102794,drew.haddad@demomail.test,Arjun Silva,2024-12-26 01:40:00,noah.costa@acme-fake.test,Drew Kim,2026-06-22 13:58:00,priya.mercer@examplecorp.test,Mei Cohen,2025-06-21 18:48:00,diego.rossi@examplecorp.test,Reese Mensah,2024-11-27 21:24:00,Y,Emerson Reyes,Yara Silva,Fatima Kim,,Project Manager,,REF-4563,,Alpha,Alpha,,,LOT-4513,LOT-7511,fatima.kim@demomail.test,,,,Active,100128,,100010,,,,,,,100552,,,Other,100400,,Y,Standard,100126,100789,,casey.vance@acme-fake.test,chen.ford@demomail.test,Product Update,100298,,Gamma,,,,,,,,101857,,,,N,
100129,Contact,102797,elena.whitfield@acme-fake.test,Omar Rossi,2025-01-15 12:42:00,reese.vance@demomail.test,Morgan Patel,2022-12-16 13:44:00,yara.kim@examplecorp.test,Omar Reyes,2024-01-13 21:11:00,taylor.haddad@acme-fake.test,Marco Calder,2023-09-09 17:30:00,Y,Emerson Kim,Rowan Ford,Reese Sato,LOT-7042,Support Specialist,,,,,,,,,LOT-7615,reese.sato@demomail.test,,,,Active,,100615,100548,100398,100445,SKU-3136,,,,100760,,100111,Gamma,100363,,,Standard,,,,taylor.kim@demomail.test,marco.kim@examplecorp.test,Product Update,100232,Northwind Financial Co,Alpha,100477,,,,,,,101800,,,,Y,
100239,Contact,102799,yara.mensah@sampleco.test,Omar Vance,2024-11-15 23:46:00,yara.silva@examplecorp.test,Omar Blake,2024-07-07 07:18:00,diego.okafor@examplecorp.test,Casey Brooks,2023-04-27 15:14:00,yara.haddad@demomail.test,Emerson Ivanov,2025-07-01 01:16:00,Y,Jordan Silva,Rahul Whitfield,Taylor Dorsey,REF-4479,Operations Associate,,,,,,,,,LOT-9265,taylor.dorsey@acme-fake.test,,,,Active,100720,100403,100527,,100788,,,,,100310,,100075,Alpha,100075,,,,,,,casey.rossi@demomail.test,alex.whitfield@acme-fake.test,Re-engagement,100468,,,,,,,,,,,,,,,
100184,Contact,102802,omar.brooks@demomail.test,Casey Silva,2023-11-09 18:09:00,diego.sloan@demomail.test,Avery Dorsey,2023-05-12 01:15:00,yara.vance@acme-fake.test,Arjun Silva,2024-06-24 15:02:00,liam.patel@demomail.test,Taylor Larsson,2025-06-13 10:19:00,Y,Quinn Haddad,Rahul Whitfield,Jordan Nguyen,REF-4396,Support Specialist,,,,,,,,,REF-9342,jordan.nguyen@examplecorp.test,,,,Active,100445,,100684,100223,100229,,,,,,,100485,Other,100374,,N,,,100328,,quinn.okafor@examplecorp.test,omar.okafor@examplecorp.test,Re-engagement,100176,,,,,,,,,,101846,N,,,Y,
100654,Contact,102804,omar.patel@examplecorp.test,Avery Costa,2023-06-17 03:51:00,taylor.dorsey@demomail.test,Avery Kim,2024-11-30 07:13:00,morgan.haddad@demomail.test,Fatima Costa,2025-01-19 20:04:00,morgan.dorsey@examplecorp.test,Alex Silva,2024-08-09 12:53:00,Y,Quinn Rossi,Nina Haddad,Riley Patel,TAG-7583,Financial Analyst,,,,,,,,,LOT-4401,riley.patel@sampleco.test,,,,Active,,100616,100069,100588,,TAG-6067,,,,100023,,100758,Beta,100224,,,Other,100667,,,aisha.costa@sampleco.test,liam.brooks@sampleco.test,Event Invite,100012,Everest Industries LLP,Standard,100234,,,,,,,101811,Y,,,,
100729,Contact,102805,riley.sato@examplecorp.test,Morgan Ford,2026-01-11 06:44:00,mei.patel@examplecorp.test,Skyler Rossi,2025-01-14 05:05:00,mei.vance@demomail.test,Avery Larsson,2025-04-16 11:00:00,skyler.dorsey@acme-fake.test,Drew Mercer,2026-07-27 06:45:00,Y,Priya Vance,Jordan Mercer,Emerson Silva,LOT-9258,Data Analyst,,,,,,REF-2319,,,TAG-5623,emerson.silva@acme-fake.test,,,,Active,,100656,100638,,,,,,,,,100232,Gamma,100447,,,Delta,100523,100031,,alex.dorsey@demomail.test,casey.rossi@examplecorp.test,Renewal Nudge,100520,,Other,100212,,,,,,,,N,,,N,
100391,Contact,102807,casey.mensah@acme-fake.test,Elena Nguyen,2024-08-27 06:23:00,skyler.ivanov@sampleco.test,Nina Kim,2023-04-22 02:42:00,jamie.rossi@demomail.test,Diego Okafor,2023-06-02 14:24:00,aisha.vance@acme-fake.test,Emerson Whitfield,2024-07-01 07:08:00,Y,Arjun Haddad,Marco Silva,Skyler Haddad,REF-8549,Operations Associate,,,,,,,,,LOT-3977,skyler.haddad@examplecorp.test,,,,Active,100482,,100343,100286,100025,,,,,100034,,100742,Other,100172,,,,100285,100363,,jordan.vance@examplecorp.test,arjun.dorsey@examplecorp.test,Quarterly Newsletter,100731,Beacon Labs,Standard,100765,,1,,,,,,,,,Y,
100692,Contact,102809,rowan.ashby@examplecorp.test,Reese Dorsey,2026-01-21 10:16:00,rowan.costa@acme-fake.test,Avery Calder,2022-12-22 04:53:00,casey.ford@sampleco.test,Alex Mensah,2026-01-02 20:23:00,noah.mercer@acme-fake.test,Rowan Mensah,2023-02-14 20:08:00,Y,Jamie Vance,Taylor Ivanov,Skyler Ashby,LOT-5481,Recruiter,,,,,,,,REF-6290,TAG-6445,skyler.ashby@demomail.test,,,,Active,100546,100591,100277,100189,100520,,,,,100585,,,Beta,100197,,,Alpha,100316,,,casey.sato@sampleco.test,diego.kim@sampleco.test,Renewal Nudge,100654,,,100058,,,,,,,,,,,,
100173,Contact,102812,rowan.larsson@acme-fake.test,Drew Costa,2026-05-16 08:06:00,nina.vance@sampleco.test,Jordan Mensah,2025-02-09 11:32:00,liam.ashby@examplecorp.test,Emerson Reyes,2026-04-08 09:56:00,morgan.brooks@sampleco.test,Jordan Blake,2024-08-11 00:06:00,Y,Quinn Calder,Morgan Ashby,Jordan Silva,TAG-4942,Customer Success Manager,,,,Gamma,,,,,LOT-6076,jordan.silva@sampleco.test,,,,Active,100555,100348,100568,100792,100482,,,,,100305,,,Standard,100654,,,Standard,100800,100746,,nina.dorsey@sampleco.test,fatima.blake@sampleco.test,Quarterly Newsletter,100617,,,100686,,,,,,,101863,,,,N,
100016,Contact,102815,nina.sloan@demomail.test,Skyler Ashby,2023-02-23 19:40:00,mei.ashby@acme-fake.test,Mei Kim,2024-06-03 00:34:00,sofia.kim@demomail.test,Casey Nguyen,2025-10-03 18:00:00,aisha.whitfield@acme-fake.test,Fatima Rossi,2022-12-30 01:27:00,Y,Diego Blake,Skyler Sato,Rahul Kim,REF-9680,Software Developer,,,,,,,,,LOT-7764,rahul.kim@acme-fake.test,,,,Active,,,100413,,100203,,,,,,,100415,Beta,100146,,,Alpha,,100089,,quinn.ashby@examplecorp.test,jamie.patel@examplecorp.test,Re-engagement,100535,Falcon Manufacturing LLP,,,,,,,,,101816,Y,,,Y,
100009,Contact,102818,nina.mercer@sampleco.test,Drew Blake,2024-09-29 16:31:00,rowan.garcia@sampleco.test,Noah Sato,2025-05-31 10:33:00,priya.rossi@sampleco.test,Rowan Garcia,2025-06-04 13:25:00,omar.reyes@demomail.test,Diego Kim,2023-12-13 12:47:00,Y,Aisha Garcia,Skyler Ford,Elena Vance,,Customer Success Manager,,,,,,,,REF-3376,SKU-9668,elena.vance@sampleco.test,,,,Active,,100267,100734,100410,100310,,,,,,,,Gamma,100799,,,,,100736,,riley.kim@demomail.test,liam.garcia@demomail.test,Product Update,100239,Summit Textiles Co,,100539,,,,,,,101811,,,,Y,
100452,Contact,102821,aisha.silva@examplecorp.test,Liam Sloan,2022-11-03 21:41:00,diego.sloan@examplecorp.test,Noah Okafor,2026-03-26 16:49:00,emerson.haddad@sampleco.test,Casey Ashby,2023-10-26 16:40:00,jamie.dorsey@acme-fake.test,Reese Sloan,2024-12-16 20:37:00,Y,Arjun Sato,Reese Okafor,Priya Larsson,REF-9724,Software Developer,,,,,,,,REF-7485,SKU-2139,priya.larsson@demomail.test,,,,Active,100026,,100129,100509,100257,,,,,100063,,100400,Gamma,100738,,,Standard,100128,100062,,jamie.cohen@examplecorp.test,sofia.sloan@acme-fake.test,Event Invite,100111,,Gamma,,,,,,,,,,,,N,
100424,Contact,102824,priya.cohen@demomail.test,Emerson Cohen,2025-07-05 10:04:00,chen.haddad@sampleco.test,Liam Calder,2023-05-20 19:57:00,noah.sloan@acme-fake.test,Casey Costa,2023-10-30 05:15:00,mei.sloan@acme-fake.test,Avery Brooks,2022-10-25 18:45:00,Y,Sofia Ashby,Chen Costa,Elena Dorsey,,Customer Success Manager,,,,,,,,,SKU-5720,elena.dorsey@examplecorp.test,,,,Active,100070,100255,100165,100429,,REF-1298,,,,100487,,100654,Alpha,100325,,Y,,100351,100094,,elena.mercer@demomail.test,elena.sloan@examplecorp.test,Event Invite,100434,Everest Media LLP,,100141,,,,,,,101795,,,,,
100239,Contact,102827,omar.whitfield@sampleco.test,Taylor Ivanov,2025-06-06 09:42:00,rahul.nguyen@examplecorp.test,Jordan Nguyen,2025-06-15 00:01:00,reese.ford@acme-fake.test,Noah Costa,2026-06-07 21:12:00,reese.nguyen@demomail.test,Yara Reyes,2023-07-01 16:37:00,N,Riley Nguyen,Rowan Vance,Taylor Nguyen,REF-2434,Recruiter,,,,,,,,,TAG-9812,taylor.nguyen@examplecorp.test,,,,Inactive,,100598,100723,100688,100799,,,,,100413,,,Standard,100366,,,,100789,100443,,alex.vance@demomail.test,avery.ashby@sampleco.test,Event Invite,100772,,Standard,100601,,,,,,,101839,,,,Y,
100688,Contact,102829,quinn.whitfield@sampleco.test,Jamie Haddad,2023-01-24 00:14:00,yara.calder@demomail.test,Elena Sato,2023-06-03 02:14:00,avery.brooks@acme-fake.test,Priya Calder,2023-01-27 22:24:00,drew.okafor@acme-fake.test,Drew Nguyen,2024-12-02 16:35:00,N,Aisha Vance,Fatima Whitfield,Alex Haddad,LOT-5272,Payroll Specialist,,,,,,,,,LOT-9389,alex.haddad@acme-fake.test,,,,Inactive,,100788,100368,100132,,,,,,100615,,,Delta,100625,,,Other,,100649,,alex.silva@acme-fake.test,jamie.haddad@examplecorp.test,Renewal Nudge,100336,,Alpha,,,,,,,,101786,,,,,
100277,Contact,102832,taylor.costa@demomail.test,Diego Ivanov,2024-01-22 00:20:00,jamie.reyes@sampleco.test,Skyler Okafor,2026-06-09 22:18:00,liam.dorsey@demomail.test,Morgan Dorsey,2025-06-03 13:54:00,priya.garcia@sampleco.test,Marco Sato,2025-09-15 20:24:00,Y,Fatima Silva,Liam Ivanov,Liam Brooks,SKU-2490,QA Engineer,,,,,,,,LOT-9704,TAG-1016,liam.brooks@demomail.test,,,,Active,,100585,100477,,,,,,,100462,,100767,Gamma,100164,,,Gamma,100485,,,morgan.garcia@demomail.test,mei.silva@demomail.test,Product Update,100110,,Beta,100786,,,,,,,101811,,,,Y,
100014,Contact,102834,reese.brooks@acme-fake.test,Casey Ashby,2023-07-25 11:20:00,reese.silva@demomail.test,Skyler Calder,2024-08-05 06:16:00,marco.rossi@demomail.test,Noah Sloan,2025-03-25 19:19:00,aisha.blake@examplecorp.test,Elena Dorsey,2025-09-22 13:57:00,Y,Fatima Patel,Liam Vance,Elena Okafor,TAG-8593,HR Generalist,,,,,,,,,LOT-2912,elena.okafor@acme-fake.test,,,,Active,100010,100793,100474,100386,100676,,,,,,,100056,Other,100332,,,Standard,100336,100720,,alex.silva@acme-fake.test,mei.rossi@demomail.test,Event Invite,100215,Harbor Analytics LLP,,100496,,,,,,,101788,,,,N,
100470,Contact,102835,liam.mensah@acme-fake.test,Morgan Brooks,2023-04-27 10:59:00,jamie.garcia@examplecorp.test,Emerson Vance,2024-09-25 10:55:00,reese.calder@acme-fake.test,Alex Whitfield,2025-08-22 13:33:00,casey.dorsey@sampleco.test,Emerson Reyes,2023-05-18 00:37:00,N,Liam Mensah,Sofia Vance,Nina Ashby,TAG-6891,Customer Success Manager,,,,,,,,REF-3864,LOT-6358,nina.ashby@sampleco.test,,,,Inactive,,100301,100056,100073,100565,,,,,100195,,,Alpha,100069,,,,100227,,,riley.nguyen@examplecorp.test,reese.reyes@demomail.test,Product Update,100470,,,100573,,,,,,,,,,,,
100290,Contact,102836,jamie.kim@sampleco.test,Noah Dorsey,2024-06-08 06:48:00,riley.okafor@acme-fake.test,Rahul Reyes,2026-01-20 16:27:00,taylor.okafor@demomail.test,Morgan Ashby,2024-03-20 18:48:00,mei.haddad@acme-fake.test,Drew Ashby,2025-05-31 13:50:00,Y,Mei Nguyen,Diego Sato,Chen Vance,TAG-8919,Accountant,,,,,,,,REF-1386,REF-3163,chen.vance@acme-fake.test,,,,Active,100110,,100542,100760,100053,,,,,100440,,100497,Other,100772,,,Other,,,,diego.patel@sampleco.test,arjun.ashby@examplecorp.test,Quarterly Newsletter,100180,,Delta,,,3,,,,,101795,,,,,
100413,Contact,102837,quinn.larsson@demomail.test,Omar Kim,2024-11-03 16:59:00,casey.ashby@sampleco.test,Alex Ford,2023-02-03 00:44:00,skyler.ivanov@sampleco.test,Casey Nguyen,2023-02-25 09:42:00,reese.nguyen@examplecorp.test,Yara Costa,2024-03-03 01:57:00,N,Jordan Costa,Alex Sato,Alex Blake,SKU-8827,Support Specialist,,,,Alpha,,,,,TAG-1164,alex.blake@acme-fake.test,,,,Inactive,,100780,100046,100613,,,,,,100323,,100568,Gamma,100374,,,Gamma,,100236,,chen.haddad@acme-fake.test,skyler.sloan@demomail.test,Event Invite,100538,Meridian Financial LLP,Gamma,100009,,,,,,,,,,,,
100516,Contact,102840,taylor.haddad@acme-fake.test,Drew Sloan,2025-01-26 11:30:00,jamie.larsson@demomail.test,Skyler Patel,2024-03-22 04:04:00,alex.cohen@acme-fake.test,Priya Mercer,2022-10-05 20:29:00,quinn.patel@demomail.test,Noah Calder,2025-11-23 22:59:00,Y,Avery Larsson,Quinn Garcia,Sofia Mercer,SKU-6730,HR Generalist,,,,,,,,,REF-5299,sofia.mercer@demomail.test,,,,Active,100103,,100793,,,,,,,,,100374,Other,100025,,,Beta,,100473,,fatima.brooks@sampleco.test,taylor.blake@demomail.test,Product Update,100694,Cardinal Holdings Group,Other,100591,,,,,,,,,,,,
100322,Contact,102843,morgan.sato@examplecorp.test,Nina Calder,2023-12-06 14:51:00,riley.silva@acme-fake.test,Alex Larsson,2026-03-29 06:14:00,sofia.sloan@examplecorp.test,Quinn Ashby,2025-01-15 05:42:00,morgan.rossi@demomail.test,Aisha Calder,2024-07-04 01:50:00,Y,Nina Ford,Arjun Mensah,Jamie Reyes,TAG-1270,Project Manager,,,,,,,,,REF-6152,jamie.reyes@sampleco.test,,,,Active,100770,,100484,100382,,,,,,,,,Gamma,100189,,,Beta,100634,,,rahul.brooks@sampleco.test,priya.garcia@demomail.test,Product Update,100560,,Beta,100089,,,,,,,101804,N,,,N,
100126,Contact,102844,drew.garcia@sampleco.test,Jordan Okafor,2024-04-02 04:09:00,skyler.nguyen@examplecorp.test,Fatima Mensah,2025-08-20 09:54:00,aisha.sloan@demomail.test,Fatima Larsson,2023-06-07 22:44:00,emerson.sato@acme-fake.test,Avery Larsson,2024-04-16 17:48:00,Y,Avery Sloan,Fatima Sato,Quinn Silva,REF-8104,HR Generalist,,,,,,,,,LOT-5777,quinn.silva@examplecorp.test,,,,Active,,100010,100558,100128,100765,SKU-5797,,,,,,100056,Delta,100180,,,Alpha,100209,,,rowan.ford@demomail.test,quinn.ivanov@demomail.test,Event Invite,100393,Delta Industries LLP,Beta,100242,,,,,,,101846,,,,Y,
100255,Contact,102847,aisha.sato@examplecorp.test,Avery Blake,2025-10-14 14:48:00,reese.calder@sampleco.test,Marco Rossi,2023-08-14 02:09:00,casey.ashby@examplecorp.test,Yara Reyes,2024-04-03 06:44:00,marco.sloan@sampleco.test,Yara Sloan,2023-11-22 03:58:00,N,Diego Haddad,Liam Brooks,Riley Sloan,TAG-1354,Data Analyst,,,,,,,,LOT-1585,REF-5487,riley.sloan@sampleco.test,,,,Inactive,100408,,100738,,100634,,,,,100603,,,Alpha,100598,,,,100342,,,elena.ivanov@demomail.test,arjun.haddad@examplecorp.test,Event Invite,100389,,,100216,,,,,,,101822,,,,Y,Y
100613,Contact,102850,reese.sloan@acme-fake.test,Rowan Vance,2024-01-02 23:24:00,rowan.blake@acme-fake.test,Jordan Ivanov,2025-04-26 13:31:00,elena.patel@examplecorp.test,Avery Ivanov,2025-05-22 09:22:00,drew.whitfield@demomail.test,Drew Cohen,2022-10-05 22:02:00,Y,Drew Kim,Sofia Garcia,Sofia Garcia,SKU-1967,HR Generalist,,,,,,,,LOT-8131,SKU-4853,sofia.garcia@examplecorp.test,,,,Active,,,100216,100641,,,,,,100151,,,Gamma,100588,,,,100731,,,elena.mensah@examplecorp.test,casey.patel@acme-fake.test,Renewal Nudge,100729,Cobalt Dynamics LLC,,100792,,,,,,,,Y,,,,
100371,Contact,102853,emerson.mercer@examplecorp.test,Avery Patel,2023-07-03 06:41:00,elena.patel@examplecorp.test,Liam Ashby,2022-10-10 07:06:00,quinn.sato@sampleco.test,Reese Sloan,2026-01-29 06:49:00,quinn.haddad@sampleco.test,Morgan Silva,2026-05-21 03:37:00,Y,Diego Costa,Priya Garcia,Fatima Brooks,REF-3412,Operations Associate,,,,,,,,LOT-8939,LOT-7128,fatima.brooks@sampleco.test,,,,Active,100117,,100738,,100792,,,,,100353,,,Beta,100014,,,,100090,100366,,jamie.whitfield@acme-fake.test,nina.nguyen@sampleco.test,Product Update,100265,,Gamma,100539,,,,,,,101790,,,,,
100285,Contact,102856,liam.kim@examplecorp.test,Reese Okafor,2025-04-03 21:45:00,morgan.brooks@examplecorp.test,Rowan Sato,2023-06-26 15:07:00,reese.sloan@demomail.test,Alex Vance,2022-10-14 11:34:00,rowan.ivanov@examplecorp.test,Priya Larsson,2023-10-16 03:10:00,Y,Rahul Ivanov,Yara Costa,Emerson Patel,TAG-1854,QA Engineer,,,,,,,,,SKU-6628,emerson.patel@sampleco.test,,,,Active,100336,,100664,,100209,,,,,,,100359,Standard,100151,,,Standard,100334,,,taylor.ivanov@acme-fake.test,jordan.calder@sampleco.test,Event Invite,100240,,Standard,100286,,,,,,,101834,,,,,
100023,Contact,102857,chen.mensah@demomail.test,Omar Ivanov,2024-09-14 07:37:00,elena.nguyen@acme-fake.test,Mei Costa,2025-03-24 14:15:00,elena.reyes@sampleco.test,Aisha Kim,2025-01-06 01:39:00,casey.rossi@acme-fake.test,Nina Reyes,2026-01-19 04:17:00,N,Taylor Larsson,Reese Nguyen,Alex Sloan,LOT-3019,QA Engineer,,,,,,,,SKU-6191,REF-7871,alex.sloan@examplecorp.test,,,,Inactive,,,100234,100420,100487,,,,,,,,Gamma,100063,,,Alpha,100185,100255,,jordan.nguyen@examplecorp.test,emerson.brooks@examplecorp.test,Renewal Nudge,100642,,Gamma,100454,,,,,,,101821,,,,,
100487,Contact,102860,sofia.haddad@sampleco.test,Marco Ford,2026-01-27 03:33:00,drew.rossi@acme-fake.test,Reese Okafor,2023-10-17 20:24:00,emerson.silva@sampleco.test,Emerson Blake,2025-05-11 03:33:00,yara.costa@examplecorp.test,Drew Calder,2023-02-16 08:06:00,Y,Casey Larsson,Arjun Nguyen,Emerson Mensah,TAG-7216,QA Engineer,,SKU-2122,,,,,5052,,REF-3942,emerson.mensah@sampleco.test,,,,Active,100487,100484,100257,100389,,,,,,100477,,,Delta,100702,,,Delta,100729,100506,,alex.silva@acme-fake.test,avery.sloan@acme-fake.test,Event Invite,100141,,Standard,100760,,,,,,,,,,,,
100735,Contact,102862,riley.brooks@sampleco.test,Jamie Cohen,2025-12-07 22:48:00,rahul.okafor@acme-fake.test,Yara Brooks,2025-08-10 06:14:00,elena.blake@demomail.test,Casey Patel,2023-03-18 03:51:00,casey.ford@sampleco.test,Morgan Reyes,2024-10-19 08:20:00,Y,Jordan Blake,Jordan Ivanov,Rowan Vance,REF-7817,Operations Associate,,,,,,,,,SKU-9723,rowan.vance@demomail.test,,,,Active,,100708,100031,100293,,,,,,100573,,100429,Other,100704,,,Gamma,100069,100010,,taylor.mensah@examplecorp.test,nina.ivanov@examplecorp.test,Quarterly Newsletter,100291,,,,,,,,,,,N,,,,
100723,Contact,102865,diego.brooks@examplecorp.test,Yara Garcia,2024-06-27 10:31:00,aisha.cohen@demomail.test,Rahul Whitfield,2026-07-02 00:25:00,reese.okafor@acme-fake.test,Emerson Mensah,2025-06-08 15:26:00,omar.ivanov@examplecorp.test,Nina Ashby,2024-04-05 20:36:00,N,Reese Patel,Morgan Larsson,Reese Calder,LOT-5041,Data Analyst,,,,,,,,,REF-9213,reese.calder@demomail.test,,,,Inactive,100782,100624,100351,100377,100275,,,,,,,,Standard,100277,,,Other,100129,100301,,avery.kim@examplecorp.test,jamie.okafor@examplecorp.test,Event Invite,100310,,Other,100165,,,,,,,,,,,N,
100601,Contact,102868,jordan.rossi@demomail.test,Riley Haddad,2024-10-24 11:24:00,elena.mercer@acme-fake.test,Rahul Haddad,2026-05-26 11:46:00,aisha.ford@demomail.test,Sofia Cohen,2023-12-25 15:54:00,elena.mercer@examplecorp.test,Fatima Sloan,2026-07-12 21:46:00,Y,Nina Garcia,Yara Whitfield,Sofia Sato,SKU-4414,HR Generalist,,,,,,,,TAG-7387,REF-6020,sofia.sato@demomail.test,,,,Active,,100560,100356,,100331,,,,,100238,,,Delta,100328,,,Gamma,,100037,,yara.dorsey@sampleco.test,rahul.ashby@sampleco.test,Quarterly Newsletter,100758,Pioneer Labs Group,,,,,,,,,,,,,Y,
100213,Contact,102870,diego.ivanov@examplecorp.test,Emerson Sato,2023-01-05 15:30:00,emerson.silva@examplecorp.test,Priya Larsson,2025-10-27 19:28:00,drew.costa@examplecorp.test,Quinn Rossi,2024-02-13 17:43:00,reese.calder@demomail.test,Rowan Larsson,2023-10-19 13:40:00,N,Aisha Brooks,Emerson Okafor,Omar Garcia,LOT-8131,Support Specialist,,,,,,,,,LOT-9896,omar.garcia@sampleco.test,,,,Inactive,100417,,100410,100223,,,,,,100573,,100542,Gamma,100209,,,Alpha,,100111,,omar.larsson@examplecorp.test,rahul.mensah@sampleco.test,Event Invite,100212,Evergreen Robotics Inc,Gamma,,,,,,,,101873,,,,,
100383,Contact,102871,morgan.patel@demomail.test,Taylor Silva,2024-09-16 03:38:00,noah.mensah@acme-fake.test,Skyler Cohen,2025-08-05 15:07:00,casey.nguyen@demomail.test,Sofia Dorsey,2024-04-13 02:41:00,nina.sloan@sampleco.test,Emerson Kim,2026-01-31 10:19:00,Y,Chen Costa,Omar Ivanov,Marco Larsson,SKU-7752,Payroll Specialist,,,,,,,,,TAG-2737,marco.larsson@demomail.test,,,,Active,,,100760,,,,,,,100110,,100485,Delta,100467,,,,,100308,,nina.silva@examplecorp.test,taylor.garcia@examplecorp.test,Product Update,100705,Meridian Solutions LLP,,,,,,5,,,101788,,,,,
100182,Contact,102872,priya.blake@examplecorp.test,Skyler Ashby,2023-02-13 02:04:00,fatima.sato@demomail.test,Rowan Calder,2025-06-27 01:19:00,jamie.cohen@acme-fake.test,Casey Blake,2025-05-31 05:46:00,arjun.haddad@acme-fake.test,Fatima Cohen,2023-05-26 09:37:00,N,Liam Rossi,Omar Mensah,Arjun Okafor,REF-7037,HR Generalist,,,,Gamma,,,,SKU-5634,LOT-1817,arjun.okafor@demomail.test,,,,Inactive,100603,100286,100025,100177,100474,,,,,,,100443,Beta,100139,,,Beta,100293,100386,,jamie.okafor@acme-fake.test,arjun.sato@acme-fake.test,Product Update,100180,,Gamma,100638,,,,,,,101793,,,,,
100186,Contact,102875,riley.ivanov@demomail.test,Alex Blake,2025-08-17 05:20:00,drew.dorsey@acme-fake.test,Reese Ivanov,2024-06-08 21:54:00,skyler.ford@acme-fake.test,Rahul Rossi,2024-06-15 09:50:00,skyler.vance@acme-fake.test,Diego Sato,2023-12-08 17:39:00,Y,Aisha Rossi,Casey Patel,Alex Blake,SKU-2638,Project Manager,,LOT-9451,,Gamma,,,8467,,SKU-8160,alex.blake@acme-fake.test,,,,Active,100456,,100560,,100654,,,,,100546,,100352,Delta,100070,,Y,,,,,drew.garcia@sampleco.test,emerson.dorsey@sampleco.test,Event Invite,100209,Keystone Health Co,Beta,100634,,,,,,,,,,,N,
100010,Contact,102878,elena.mensah@examplecorp.test,Riley Rossi,2024-08-23 15:47:00,quinn.kim@acme-fake.test,Emerson Haddad,2026-02-02 11:16:00,rowan.sato@acme-fake.test,Elena Larsson,2023-10-21 16:04:00,arjun.reyes@sampleco.test,Rowan Dorsey,2024-07-30 18:08:00,Y,Morgan Vance,Emerson Garcia,Aisha Vance,REF-2055,Marketing Coordinator,,TAG-5559,,,Alpha,,,,REF-5841,aisha.vance@demomail.test,,,,Active,100319,100189,100624,,100638,,,,,100363,,,Alpha,100582,,,,100238,100190,,fatima.patel@acme-fake.test,taylor.nguyen@demomail.test,Event Invite,100573,,,,,,,,,,,,,,N,N
100509,Contact,102879,quinn.rossi@demomail.test,Noah Vance,2022-11-04 06:30:00,alex.haddad@sampleco.test,Taylor Dorsey,2025-03-20 00:34:00,drew.calder@demomail.test,Sofia Haddad,2025-02-09 04:51:00,marco.mercer@acme-fake.test,Priya Dorsey,2026-04-21 07:02:00,Y,Quinn Silva,Casey Haddad,Mei Mercer,LOT-3380,HR Generalist,,,,,,,,,LOT-3276,mei.mercer@acme-fake.test,,,,Active,,,100178,100398,100522,,,,,100262,,,Gamma,100015,,,,,100169,,sofia.sloan@examplecorp.test,omar.haddad@demomail.test,Product Update,100410,,Gamma,100479,,,,,,,,,,,,
100017,Contact,102881,emerson.whitfield@sampleco.test,Fatima Calder,2026-01-29 23:01:00,arjun.nguyen@demomail.test,Jamie Kim,2026-03-26 17:40:00,nina.cohen@demomail.test,Omar Patel,2026-06-22 20:34:00,liam.larsson@sampleco.test,Priya Mercer,2025-05-31 00:52:00,Y,Elena Patel,Yara Larsson,Casey Whitfield,TAG-4219,Payroll Specialist,,,,,,,,REF-7463,TAG-1219,casey.whitfield@acme-fake.test,,,,Active,100632,100370,100593,,100681,,,,,100213,,100383,Gamma,100712,,,Beta,,100076,,rahul.okafor@sampleco.test,reese.silva@examplecorp.test,Quarterly Newsletter,100667,Everest Networks LLC,Delta,100742,,,,,,,101879,,,,Y,
100094,Contact,102884,morgan.blake@demomail.test,Taylor Costa,2024-01-30 23:02:00,taylor.ivanov@sampleco.test,Aisha Nguyen,2022-12-25 11:20:00,emerson.brooks@sampleco.test,Taylor Kim,2023-08-28 07:26:00,priya.mensah@sampleco.test,Drew Haddad,2022-10-04 21:05:00,Y,Aisha Haddad,Taylor Larsson,Nina Okafor,TAG-7780,Financial Analyst,,,Standard,,,,,,SKU-2740,nina.okafor@demomail.test,,,,Active,100182,100731,100457,100205,100604,,,,,100331,,100616,Alpha,100445,,,Standard,,,,morgan.okafor@examplecorp.test,elena.silva@sampleco.test,Product Update,100788,,Other,100212,,,,,,,101816,,,,,
100079,Contact,102887,alex.sloan@sampleco.test,Diego Reyes,2024-12-24 05:25:00,jamie.sloan@sampleco.test,Arjun Mensah,2023-01-07 11:47:00,rahul.dorsey@sampleco.test,Sofia Haddad,2023-07-18 21:16:00,riley.okafor@examplecorp.test,Reese Ashby,2026-04-17 08:57:00,N,Elena Nguyen,Jordan Mercer,Casey Blake,SKU-3146,Operations Associate,,,,,,,4939,,LOT-1342,casey.blake@demomail.test,,,,Inactive,100176,100208,100009,100190,100316,,,,,,,100293,Gamma,100798,,,,100552,100188,,fatima.brooks@demomail.test,fatima.okafor@demomail.test,Renewal Nudge,100352,Meridian Group LLP,,100323,,,,7,,,,,,,,
100301,Contact,102888,drew.sloan@sampleco.test,Aisha Costa,2024-03-16 18:36:00,noah.calder@examplecorp.test,Priya Kim,2023-01-27 15:46:00,fatima.calder@demomail.test,Arjun Whitfield,2024-03-28 08:46:00,aisha.cohen@acme-fake.test,Arjun Ashby,2025-01-05 21:07:00,Y,Rowan Mensah,Mei Garcia,Chen Calder,LOT-9242,Marketing Coordinator,,,,,,,,LOT-4328,LOT-8175,chen.calder@demomail.test,,,,Active,,,100216,100342,100615,,,,,100290,,100744,Beta,100248,,,Alpha,100255,100295,,priya.ivanov@acme-fake.test,aisha.rossi@acme-fake.test,Event Invite,100200,,Delta,,,,,,,,101795,Y,,,,
100746,Contact,102889,taylor.ashby@sampleco.test,Priya Sato,2026-04-16 08:21:00,arjun.mercer@demomail.test,Marco Vance,2023-02-09 03:35:00,marco.mercer@sampleco.test,Morgan Okafor,2026-01-16 06:20:00,quinn.garcia@examplecorp.test,Fatima Vance,2022-10-23 05:16:00,Y,Fatima Blake,Jamie Rossi,Fatima Kim,REF-8641,Payroll Specialist,,,,,Alpha,,,,REF-6501,fatima.kim@examplecorp.test,,,,Active,100129,,100656,100667,,REF-2841,,,,,,100389,Other,100391,,,,,100229,,alex.silva@acme-fake.test,chen.dorsey@demomail.test,Event Invite,100169,,Beta,,,,,,,,101803,,,,,
100336,Contact,102890,yara.kim@demomail.test,Morgan Cohen,2023-01-19 14:52:00,jordan.ford@sampleco.test,Emerson Garcia,2023-01-23 13:16:00,arjun.whitfield@examplecorp.test,Nina Haddad,2024-05-06 04:30:00,noah.sloan@examplecorp.test,Yara Sloan,2025-07-22 03:21:00,Y,Yara Calder,Skyler Mensah,Quinn Kim,,Operations Associate,,,,,,LOT-6037,,,TAG-3555,quinn.kim@acme-fake.test,,,,Active,,100539,100780,,100531,,,,,,,,Beta,100598,,,Delta,100511,,,yara.ford@acme-fake.test,liam.larsson@sampleco.test,Quarterly Newsletter,100434,Brightpath Energy Inc,Other,,,,,9,,,,,,,N,
100474,Contact,102893,taylor.okafor@examplecorp.test,Sofia Ivanov,2025-09-17 20:26:00,fatima.rossi@acme-fake.test,Drew Whitfield,2025-11-16 08:52:00,marco.reyes@acme-fake.test,Chen Calder,2024-03-14 16:39:00,alex.ashby@sampleco.test,Riley Ford,2024-01-03 20:23:00,Y,Taylor Silva,Riley Costa,Emerson Cohen,TAG-4237,Support Specialist,,,,,,,,,TAG-2642,emerson.cohen@demomail.test,,,,Active,100627,,100681,,100310,,,,,100295,,100646,Delta,100520,,,Alpha,,,,jordan.ivanov@demomail.test,fatima.larsson@examplecorp.test,Quarterly Newsletter,100474,,Beta,100331,,,,5,,,,,,,,
100151,Contact,102895,yara.sloan@demomail.test,Yara Brooks,2023-01-29 20:48:00,aisha.haddad@demomail.test,Rowan Vance,2023-07-31 06:18:00,marco.ford@sampleco.test,Drew Brooks,2026-04-21 18:20:00,marco.whitfield@examplecorp.test,Rowan Whitfield,2025-03-18 11:22:00,N,Marco Brooks,Casey Haddad,Skyler Brooks,TAG-1174,Project Manager,,,,,,,,,LOT-7543,skyler.brooks@acme-fake.test,,,,Inactive,,,100031,,,LOT-7734,,,,100753,,,Standard,100670,,Y,Gamma,100319,,,chen.mercer@examplecorp.test,sofia.whitfield@sampleco.test,Renewal Nudge,100531,,Gamma,,,6,,,,,101780,,,,,
100184,Contact,102897,omar.reyes@acme-fake.test,Morgan Blake,2023-05-14 18:16:00,marco.silva@examplecorp.test,Alex Costa,2023-08-04 19:16:00,avery.whitfield@examplecorp.test,Fatima Ashby,2026-04-03 17:36:00,omar.mercer@acme-fake.test,Liam Garcia,2023-06-13 06:14:00,Y,Riley Costa,Taylor Kim,Casey Ford,REF-6781,HR Generalist,,,,,,,,REF-6844,REF-6588,casey.ford@acme-fake.test,,,,Active,100622,100473,100405,,100638,LOT-2596,,,,100523,,,Gamma,100694,,,Standard,,,,omar.costa@demomail.test,sofia.okafor@demomail.test,Event Invite,100023,Cobalt Capital Co,Delta,100445,,9,,,,,101869,,,,N,
100498,Contact,102900,casey.sato@acme-fake.test,Omar Silva,2023-07-16 07:56:00,aisha.sloan@demomail.test,Fatima Haddad,2023-04-22 04:53:00,rahul.haddad@examplecorp.test,Riley Larsson,2024-04-04 13:33:00,taylor.mensah@acme-fake.test,Sofia Ivanov,2025-08-23 14:47:00,Y,Chen Larsson,Casey Kim,Nina Haddad,REF-2581,Bookkeeper,,,,,,,,,TAG-3135,nina.haddad@demomail.test,,,,Active,,,100172,,100308,,,,,100429,,,Delta,100224,,,Standard,100742,,,liam.ford@sampleco.test,liam.sato@demomail.test,Event Invite,100232,,,100227,,,,,,,101790,,,,,
100462,Contact,102902,riley.blake@examplecorp.test,Mei Okafor,2023-11-02 21:47:00,emerson.patel@sampleco.test,Marco Blake,2024-08-25 21:35:00,jordan.sloan@sampleco.test,Nina Silva,2026-02-21 18:03:00,diego.ashby@demomail.test,Avery Garcia,2024-07-05 19:55:00,Y,Morgan Cohen,Yara Reyes,Liam Ford,LOT-3350,QA Engineer,,,,,,,,,REF-3755,liam.ford@examplecorp.test,,,,Active,100377,100551,100012,100291,100598,,,,,,,,Beta,100083,,,Gamma,,100208,,priya.kim@sampleco.test,casey.vance@sampleco.test,Product Update,100076,Brightpath Textiles LLC,Standard,,,,,,,,,,,,,
100763,Contact,102904,morgan.kim@examplecorp.test,Priya Ashby,2024-12-27 18:10:00,emerson.okafor@examplecorp.test,Avery Costa,2025-10-21 14:57:00,rowan.haddad@sampleco.test,Omar Rossi,2024-05-10 01:20:00,liam.sato@examplecorp.test,Casey Mensah,2026-01-19 16:47:00,Y,Jordan Larsson,Aisha Patel,Yara Reyes,LOT-3952,Operations Associate,,,,,,,,LOT-7437,SKU-9880,yara.reyes@demomail.test,,,,Active,,100624,100286,,100726,,,,,100329,,,Standard,100091,,,Gamma,100293,100343,,omar.sloan@examplecorp.test,marco.cohen@sampleco.test,Re-engagement,100014,Evergreen Energy LLP,,,,,,,,,101849,,,,,
100251,Contact,102906,elena.cohen@sampleco.test,Arjun Sloan,2023-02-05 02:52:00,nina.haddad@acme-fake.test,Jordan Ashby,2023-07-01 20:50:00,liam.patel@examplecorp.test,Noah Cohen,2025-01-27 19:02:00,mei.brooks@examplecorp.test,Alex Rossi,2023-07-19 08:01:00,N,Sofia Mercer,Rahul Brooks,Yara Haddad,TAG-9960,Payroll Specialist,,,,,,,,,LOT-7496,yara.haddad@acme-fake.test,,,,Inactive,100443,,100079,100393,100262,,,,,,,100323,Alpha,100486,,,Other,100788,100223,,nina.ivanov@sampleco.test,jamie.ashby@demomail.test,Renewal Nudge,100075,,Standard,100417,,,,,,,,,,,N,
100731,Contact,102909,skyler.okafor@acme-fake.test,Mei Ivanov,2026-06-29 03:08:00,elena.sloan@demomail.test,Diego Silva,2025-10-28 15:47:00,emerson.ashby@sampleco.test,Taylor Patel,2024-06-25 07:22:00,omar.larsson@acme-fake.test,Nina Cohen,2026-07-17 11:17:00,Y,Morgan Cohen,Drew Patel,Liam Vance,LOT-2235,Data Analyst,,,,,,,,,REF-7908,liam.vance@examplecorp.test,,,,Active,100281,100212,100568,,100180,,,,,100248,,100569,Standard,100169,,,Alpha,,,,emerson.garcia@demomail.test,alex.rossi@sampleco.test,Quarterly Newsletter,100509,,,100475,,,,,,,101804,,,,Y,
100558,Contact,102911,drew.larsson@demomail.test,Emerson Mensah,2025-12-11 07:17:00,noah.dorsey@examplecorp.test,Arjun Costa,2023-04-24 03:05:00,noah.garcia@sampleco.test,Morgan Whitfield,2026-04-02 15:28:00,taylor.brooks@examplecorp.test,Quinn Garcia,2025-05-22 23:12:00,Y,Rahul Ford,Drew Larsson,Skyler Calder,SKU-4559,Accountant,,,,,,,,SKU-2021,REF-6844,skyler.calder@demomail.test,,,,Active,,,100486,,,,,,,,,,Beta,100017,,N,,100796,100010,,marco.mensah@acme-fake.test,alex.larsson@demomail.test,Product Update,100097,Northwind Media Co,,,,,,,,,101838,N,,,,
100593,Contact,102913,nina.okafor@sampleco.test,Omar Sato,2025-04-24 12:45:00,rowan.ivanov@demomail.test,Aisha Ford,2023-11-12 18:54:00,chen.okafor@examplecorp.test,Jordan Mensah,2025-11-30 11:42:00,arjun.patel@demomail.test,Arjun Larsson,2025-03-01 17:01:00,Y,Taylor Sato,Sofia Blake,Nina Sato,TAG-7519,Recruiter,,,,,,SKU-6537,,,REF-9639,nina.sato@acme-fake.test,,,,Active,100760,,100516,100513,100151,,,,,,,,Gamma,100658,,,,,100559,,avery.dorsey@examplecorp.test,rahul.sato@sampleco.test,Product Update,100717,Atlas Media Corp,Delta,,,,,,,,101867,,,,,
100213,Contact,102916,jordan.larsson@examplecorp.test,Morgan Dorsey,2025-11-04 17:13:00,yara.reyes@acme-fake.test,Aisha Mensah,2025-11-27 12:50:00,mei.sato@sampleco.test,Reese Brooks,2025-02-16 04:27:00,fatima.nguyen@examplecorp.test,Rahul Mensah,2025-01-15 16:54:00,N,Yara Costa,Avery Cohen,Sofia Okafor,LOT-2102,Payroll Specialist,,,,,,SKU-7229,,,SKU-4161,sofia.okafor@acme-fake.test,,,,Inactive,,100551,100494,,100634,,,,,100799,,100654,Alpha,100424,,,Other,100755,100459,,liam.okafor@sampleco.test,riley.costa@acme-fake.test,Renewal Nudge,100227,,Standard,100554,,,,,,,101793,,,,N,
100405,Contact,102917,marco.kim@examplecorp.test,Elena Garcia,2024-12-26 05:46:00,drew.garcia@examplecorp.test,Drew Kim,2025-10-22 13:09:00,riley.whitfield@sampleco.test,Jamie Whitfield,2026-07-12 15:29:00,skyler.mensah@acme-fake.test,Avery Patel,2024-10-06 03:03:00,Y,Priya Larsson,Alex Cohen,Nina Sato,TAG-3125,Recruiter,,,,,,,,,SKU-4915,nina.sato@demomail.test,,,,Active,,100467,100308,,,TAG-1798,,,,100389,,100106,Delta,100388,,,,,,,mei.okafor@acme-fake.test,taylor.costa@examplecorp.test,Product Update,100227,Meridian Financial Ltd,Alpha,,,,,,,,101843,,,,,
100051,Contact,102920,rowan.blake@demomail.test,Alex Calder,2026-04-02 15:18:00,jordan.sloan@examplecorp.test,Emerson Blake,2023-01-14 13:38:00,marco.kim@demomail.test,Quinn Rossi,2026-06-02 08:17:00,aisha.kim@sampleco.test,Elena Blake,2023-03-31 10:17:00,N,Alex Larsson,Jamie Whitfield,Chen Larsson,SKU-9598,QA Engineer,,,,,,,,SKU-5247,REF-1033,chen.larsson@demomail.test,,,,Inactive,100738,100468,100316,,,REF-4385,,,,,,100715,Gamma,100205,,,,,100254,,aisha.sloan@examplecorp.test,quinn.ivanov@demomail.test,Event Invite,100308,,,100142,,,,,,,101838,,,,Y,
100313,Contact,102923,noah.vance@examplecorp.test,Drew Vance,2023-03-17 03:24:00,sofia.dorsey@sampleco.test,Arjun Patel,2023-01-28 00:04:00,reese.ashby@sampleco.test,Drew Cohen,2024-12-30 16:28:00,avery.vance@demomail.test,Arjun Cohen,2023-05-31 16:11:00,Y,Alex Whitfield,Jamie Sato,Avery Sloan,LOT-3600,Accountant,,,,,,,,,TAG-4405,avery.sloan@demomail.test,,,,Active,,100641,100684,100736,,TAG-5620,,,,100336,,100146,Gamma,100343,,,,,100008,,rahul.brooks@demomail.test,riley.rossi@demomail.test,Re-engagement,100234,,Other,,,,,,,,101790,,,,,
100410,Contact,102925,marco.nguyen@demomail.test,Taylor Brooks,2025-11-24 03:00:00,elena.ford@sampleco.test,Avery Vance,2026-01-02 08:32:00,casey.garcia@acme-fake.test,Rahul Nguyen,2025-07-26 21:18:00,chen.ivanov@acme-fake.test,Jamie Sato,2025-01-24 23:16:00,Y,Liam Vance,Noah Larsson,Aisha Blake,TAG-2095,Bookkeeper,,,,,,,,REF-8857,LOT-5782,aisha.blake@acme-fake.test,,,,Active,,,100672,100803,,,,,,100437,,,Delta,100009,,,Alpha,,100165,,taylor.vance@demomail.test,reese.reyes@sampleco.test,Product Update,100339,,Gamma,100723,,,,,,,101838,,,,N,
100076,Contact,102927,fatima.blake@demomail.test,Omar Sloan,2026-02-03 12:15:00,omar.nguyen@demomail.test,Riley Dorsey,2024-10-12 02:29:00,sofia.haddad@demomail.test,Priya Brooks,2024-05-14 06:55:00,rowan.larsson@examplecorp.test,Liam Kim,2022-10-29 07:23:00,Y,Jamie Dorsey,Casey Blake,Arjun Silva,LOT-6747,Operations Associate,,,,,,,,SKU-5202,REF-3025,arjun.silva@demomail.test,,,,Active,100479,100403,100593,100029,100282,,,,,100277,,100398,Alpha,100079,,,Standard,,100333,,morgan.ford@sampleco.test,skyler.mensah@acme-fake.test,Re-engagement,100239,Falcon Media,,,,,,,,,101843,,,,,
100041,Contact,102930,morgan.whitfield@examplecorp.test,Aisha Nguyen,2025-01-15 22:28:00,marco.okafor@sampleco.test,Mei Silva,2023-06-09 21:08:00,noah.brooks@demomail.test,Morgan Larsson,2025-09-10 17:38:00,arjun.ashby@examplecorp.test,Morgan Nguyen,2023-04-02 00:00:00,Y,Sofia Larsson,Alex Ashby,Jordan Rossi,TAG-8374,QA Engineer,,,,,Other,,,LOT-8058,LOT-6863,jordan.rossi@demomail.test,,,,Active,100627,,100282,100729,100607,,,,,,,100265,Other,100573,,,,100760,,,rowan.larsson@demomail.test,sofia.silva@acme-fake.test,Renewal Nudge,100208,Ironwood Health Ltd,,,,,,,,,,,,,N,
100380,Contact,102931,avery.mercer@examplecorp.test,Aisha Okafor,2023-01-04 15:22:00,drew.nguyen@examplecorp.test,Skyler Sato,2025-10-20 17:49:00,jamie.cohen@acme-fake.test,Skyler Ashby,2024-05-04 15:23:00,quinn.larsson@demomail.test,Chen Mensah,2025-02-20 18:23:00,Y,Diego Reyes,Nina Cohen,Liam Patel,SKU-5654,Operations Associate,,,,,,,,LOT-3944,TAG-7708,liam.patel@demomail.test,,,,Active,100484,,100468,,100736,TAG-6384,,,,100610,,100604,Other,100234,,Y,,100063,100348,,elena.ivanov@sampleco.test,rowan.sloan@acme-fake.test,Product Update,100709,,,100467,,,,,,,101796,,,,,
100494,Contact,102932,yara.rossi@demomail.test,Priya Haddad,2023-07-13 20:23:00,rowan.calder@examplecorp.test,Jordan Vance,2026-07-07 19:46:00,avery.whitfield@sampleco.test,Skyler Kim,2023-05-14 01:43:00,emerson.mensah@acme-fake.test,Quinn Kim,2024-03-19 12:13:00,Y,Diego Reyes,Noah Haddad,Quinn Cohen,REF-9932,Operations Associate,,,,,,,,,TAG-5231,quinn.cohen@examplecorp.test,,,,Active,,100736,100470,,,,,,,,,100257,Delta,100582,,,Alpha,100413,100569,,morgan.ashby@demomail.test,chen.ivanov@acme-fake.test,Event Invite,100796,Everest Networks Group,Beta,100749,,,,,,,101822,,,,Y,
100774,Contact,102934,taylor.cohen@demomail.test,Chen Ashby,2023-04-29 13:04:00,jordan.rossi@sampleco.test,Marco Ford,2023-09-12 20:36:00,morgan.vance@examplecorp.test,Jamie Nguyen,2025-04-15 06:29:00,sofia.silva@acme-fake.test,Liam Kim,2025-05-16 02:12:00,N,Elena Sloan,Elena Ashby,Yara Dorsey,LOT-6253,Data Analyst,,,,,,,3594,TAG-1873,TAG-5979,yara.dorsey@acme-fake.test,,,,Inactive,100388,100255,100282,100782,100146,,,,,100029,,100185,Standard,100571,,Y,,100126,100336,,alex.calder@acme-fake.test,diego.sato@sampleco.test,Re-engagement,100720,Vertex Labs Co,Delta,100245,,,,,,,,Y,,,,
100178,Contact,102936,casey.mensah@demomail.test,Rahul Okafor,2022-10-20 13:03:00,sofia.kim@demomail.test,Skyler Sloan,2026-02-09 14:35:00,liam.silva@demomail.test,Sofia Cohen,2024-01-01 00:01:00,nina.calder@examplecorp.test,Taylor Ford,2024-11-03 04:47:00,N,Riley Kim,Liam Patel,Rahul Vance,SKU-3240,Payroll Specialist,,,,,Alpha,,,LOT-5755,LOT-2098,rahul.vance@examplecorp.test,,,,Inactive,,100445,100627,,100516,,,,,,,100186,Standard,100017,,,,100597,,,noah.ashby@acme-fake.test,arjun.reyes@demomail.test,Product Update,100717,,,,,,,,,,101849,N,,,Y,
100189,Contact,102937,chen.mensah@acme-fake.test,Aisha Blake,2023-05-01 07:33:00,mei.ivanov@demomail.test,Chen Reyes,2024-02-22 02:59:00,casey.silva@sampleco.test,Rahul Ivanov,2026-05-30 21:19:00,quinn.ivanov@sampleco.test,Jamie Garcia,2024-10-19 03:22:00,N,Arjun Nguyen,Liam Costa,Skyler Patel,TAG-2016,Executive Assistant,,,,,,,,,LOT-9007,skyler.patel@demomail.test,,,,Inactive,,100328,100736,100277,100182,,,,,,,100735,Other,100654,,,Beta,,,,skyler.okafor@sampleco.test,liam.larsson@sampleco.test,Quarterly Newsletter,100173,,,100658,,,,,,,101783,,,,,N
100189,Contact,102938,chen.reyes@examplecorp.test,Casey Garcia,2022-12-23 12:51:00,noah.silva@demomail.test,Quinn Costa,2022-10-05 06:22:00,quinn.mercer@examplecorp.test,Diego Sato,2025-02-21 18:54:00,marco.vance@sampleco.test,Chen Mensah,2023-03-28 06:59:00,Y,Morgan Dorsey,Morgan Costa,Elena Garcia,SKU-7680,Customer Success Manager,,,,,,,,REF-1761,LOT-5089,elena.garcia@sampleco.test,,,,Active,100040,100171,100634,,,,,,,100168,,100573,Beta,100613,,,Other,100454,,,fatima.haddad@sampleco.test,mei.ivanov@demomail.test,Product Update,100328,Blue Ridge Energy,Other,100477,,1,,,,,101830,,,,N,
100070,Contact,102940,avery.mensah@acme-fake.test,Morgan Sato,2023-09-11 00:06:00,drew.silva@examplecorp.test,Arjun Vance,2023-12-20 06:48:00,yara.kim@examplecorp.test,Fatima Costa,2025-01-28 12:13:00,sofia.rossi@acme-fake.test,Casey Rossi,2025-05-04 00:31:00,N,Casey Dorsey,Yara Costa,Taylor Patel,TAG-1086,HR Generalist,,,,,,,,,SKU-8158,taylor.patel@demomail.test,,,,Inactive,100063,100353,100591,100172,,,,,,100763,,100726,Delta,100051,,,Gamma,100257,,,marco.reyes@sampleco.test,skyler.silva@acme-fake.test,Renewal Nudge,100132,Beacon Manufacturing Co,Beta,100339,,,,,,,,,,,N,
100351,Contact,102941,avery.haddad@examplecorp.test,Taylor Blake,2024-11-19 15:22:00,marco.brooks@examplecorp.test,Diego Brooks,2024-02-28 10:31:00,omar.brooks@demomail.test,Drew Ashby,2024-04-20 06:02:00,taylor.costa@sampleco.test,Drew Ivanov,2023-12-16 12:40:00,Y,Fatima Reyes,Nina Reyes,Drew Ashby,SKU-2079,Software Developer,,,,,,,,,REF-6095,drew.ashby@examplecorp.test,,,,Active,100119,,100462,100652,100429,,,,,100720,,,Other,100753,,,,,100788,,elena.rossi@acme-fake.test,elena.ivanov@examplecorp.test,Product Update,100601,Beacon Networks Group,Gamma,100227,,,,,,,101846,,,,N,
100484,Contact,102944,skyler.cohen@examplecorp.test,Aisha Reyes,2022-10-11 11:15:00,morgan.mercer@sampleco.test,Jamie Sloan,2024-11-20 10:30:00,marco.ford@acme-fake.test,Casey Reyes,2023-09-17 02:55:00,omar.kim@acme-fake.test,Nina Larsson,2025-04-20 02:47:00,Y,Morgan Ford,Avery Brooks,Chen Whitfield,REF-7422,Software Developer,,,,,,,,,TAG-5452,chen.whitfield@examplecorp.test,,,,Active,,100531,100777,,,,,,,,,100565,Gamma,100319,,N,,,100176,,casey.patel@examplecorp.test,reese.whitfield@acme-fake.test,Renewal Nudge,100742,,Standard,100770,,,5,,,,101793,,,,Y,
100374,Contact,102946,noah.patel@examplecorp.test,Arjun Silva,2023-03-17 23:18:00,emerson.blake@demomail.test,Omar Nguyen,2026-05-12 10:04:00,arjun.reyes@acme-fake.test,Nina Dorsey,2024-10-04 01:13:00,yara.ashby@acme-fake.test,Alex Sloan,2023-10-15 16:55:00,Y,Sofia Whitfield,Taylor Kim,Jordan Haddad,SKU-2117,Customer Success Manager,,,,Gamma,,,,TAG-7266,LOT-4590,jordan.haddad@demomail.test,,,,Active,100073,100654,100205,100772,,,,,,,,100617,Other,100243,,,,,,,rahul.nguyen@acme-fake.test,jamie.mercer@acme-fake.test,Quarterly Newsletter,100518,,Alpha,100192,,,8,,,,101843,Y,,,,
100803,Contact,102948,emerson.larsson@demomail.test,Rahul Costa,2024-10-08 17:09:00,chen.mensah@sampleco.test,Fatima Larsson,2023-11-13 08:01:00,avery.sloan@examplecorp.test,Jordan Kim,2025-08-19 17:42:00,skyler.garcia@sampleco.test,Noah Mercer,2025-11-18 11:24:00,Y,Avery Kim,Sofia Larsson,Morgan Ashby,SKU-6447,Software Developer,,,Other,,,,,,SKU-7716,morgan.ashby@demomail.test,,,,Active,,,100120,100729,100248,,,,,100497,,100322,Alpha,100720,,,Other,100340,,,quinn.ford@acme-fake.test,omar.garcia@examplecorp.test,Event Invite,100604,,Other,100509,,,,,,,101804,,,,,N
100543,Contact,102950,morgan.patel@examplecorp.test,Jamie Calder,2025-08-07 05:47:00,jamie.ford@demomail.test,Casey Whitfield,2025-03-06 20:27:00,liam.kim@sampleco.test,Reese Silva,2023-03-16 03:29:00,skyler.patel@sampleco.test,Alex Cohen,2024-03-24 11:11:00,Y,Yara Ivanov,Taylor Dorsey,Riley Nguyen,SKU-9479,Recruiter,,REF-9015,,,,,,,TAG-6072,riley.nguyen@examplecorp.test,,,,Active,,,100329,,,,,,,100563,,100107,Gamma,100371,,,,100049,100591,,marco.vance@examplecorp.test,rowan.larsson@acme-fake.test,Event Invite,100332,Meridian Labs LLP,,100437,,,,,,,,,,,N,
100203,Contact,102952,sofia.ford@demomail.test,Avery Cohen,2023-12-02 12:13:00,rahul.dorsey@acme-fake.test,Nina Haddad,2023-05-10 05:34:00,diego.brooks@acme-fake.test,Quinn Reyes,2024-05-14 00:10:00,diego.mensah@sampleco.test,Reese Haddad,2026-05-10 21:39:00,Y,Alex Cohen,Reese Silva,Riley Patel,LOT-9415,Executive Assistant,,,,,,,,,LOT-7804,riley.patel@demomail.test,,,,Active,,100113,100620,100588,100780,,,,,100158,,100089,Gamma,100470,,,Delta,100062,,,taylor.sato@examplecorp.test,chen.mensah@demomail.test,Product Update,100445,Redwood Industries Co,Alpha,,,,,,,,101783,,,,,
100142,Contact,102955,drew.haddad@examplecorp.test,Quinn Sato,2024-04-27 09:57:00,riley.silva@demomail.test,Skyler Reyes,2025-08-10 15:03:00,skyler.cohen@demomail.test,Avery Patel,2024-10-25 00:51:00,jamie.larsson@sampleco.test,Arjun Whitfield,2025-04-15 14:32:00,N,Alex Nguyen,Yara Ford,Jamie Dorsey,REF-1488,Accountant,,,,,,,,TAG-7904,LOT-2866,jamie.dorsey@acme-fake.test,,,,Inactive,100793,100598,100203,,,,,,,100686,,,Gamma,100285,,,,100526,100641,,jordan.mercer@sampleco.test,nina.vance@sampleco.test,Re-engagement,100113,,Gamma,100793,,,,,,,,,,,,
100661,Contact,102957,yara.haddad@demomail.test,Reese Reyes,2024-11-09 07:26:00,fatima.okafor@sampleco.test,Morgan Ford,2025-01-06 20:33:00,yara.mercer@sampleco.test,Jordan Cohen,2026-01-10 12:24:00,quinn.whitfield@sampleco.test,Avery Sloan,2023-01-19 20:11:00,Y,Emerson Ivanov,Liam Haddad,Yara Dorsey,LOT-3488,Financial Analyst,,,,,,LOT-2692,,,REF-7781,yara.dorsey@acme-fake.test,,,,Active,,100275,100742,100319,100058,,,,,100012,,,Delta,100503,,N,,100343,100793,,chen.sloan@examplecorp.test,noah.costa@acme-fake.test,Product Update,100229,Cardinal Dynamics Ltd,Alpha,100232,,7,,,,,101808,,,,,
100097,Contact,102960,rowan.rossi@demomail.test,Diego Kim,2025-02-07 00:45:00,sofia.kim@demomail.test,Sofia Garcia,2025-01-15 23:53:00,liam.nguyen@demomail.test,Emerson Brooks,2024-12-02 14:20:00,casey.brooks@acme-fake.test,Emerson Haddad,2026-03-07 01:31:00,N,Riley Sloan,Sofia Vance,Diego Brooks,TAG-4274,Payroll Specialist,,SKU-1472,,,,,,,TAG-4621,diego.brooks@examplecorp.test,,,,Inactive,100275,100520,100692,100736,100332,,,,,100568,,,Alpha,100782,,,Gamma,100110,,,yara.blake@examplecorp.test,nina.dorsey@sampleco.test,Event Invite,100715,Northwind Holdings Co,Standard,100080,,,,,,,101796,,,,,N
100328,Contact,102963,arjun.cohen@demomail.test,Taylor Brooks,2026-05-31 06:46:00,arjun.sato@sampleco.test,Taylor Kim,2024-08-24 00:46:00,morgan.garcia@examplecorp.test,Liam Garcia,2023-06-13 10:28:00,quinn.costa@sampleco.test,Fatima Haddad,2025-12-26 23:40:00,Y,Avery Blake,Mei Rossi,Casey Dorsey,SKU-4068,HR Generalist,,,,,,,,SKU-6322,REF-5650,casey.dorsey@acme-fake.test,,,,Active,,100576,100573,,,,,,,100551,,100588,Standard,100482,,Y,,100631,100571,,elena.brooks@acme-fake.test,aisha.ford@examplecorp.test,Re-engagement,100169,,Standard,100452,,,,3,,,101873,,,,Y,
100649,Contact,102965,alex.costa@demomail.test,Arjun Calder,2024-12-27 04:14:00,skyler.vance@demomail.test,Chen Rossi,2024-03-14 22:10:00,yara.vance@demomail.test,Jordan Calder,2022-12-04 00:35:00,sofia.kim@examplecorp.test,Fatima Calder,2026-07-01 14:42:00,Y,Aisha Sato,Aisha Ashby,Quinn Reyes,TAG-1188,Marketing Coordinator,,,,,,,,,SKU-7333,quinn.reyes@sampleco.test,,,,Active,100066,100452,100532,100192,,,,,,100146,,,Delta,100587,,,,100344,,,skyler.ashby@examplecorp.test,liam.calder@demomail.test,Event Invite,100799,,,,,,0,,,,101834,,,,N,
100062,Contact,102966,jamie.whitfield@sampleco.test,Rowan Kim,2026-01-06 07:30:00,aisha.rossi@sampleco.test,Omar Ford,2025-02-17 19:49:00,nina.cohen@acme-fake.test,Skyler Haddad,2026-05-09 01:12:00,rahul.larsson@sampleco.test,Sofia Kim,2024-05-15 16:59:00,Y,Taylor Mensah,Morgan Sato,Casey Cohen,LOT-4102,Bookkeeper,,,,,,,,,REF-7318,casey.cohen@demomail.test,,,,Active,100532,100560,100083,100596,,,,,,100165,,100765,Beta,100798,,,,,100800,,riley.sato@acme-fake.test,aisha.blake@acme-fake.test,Event Invite,100726,,,,,,,,,,101867,,,,,
100351,Contact,102968,mei.sato@examplecorp.test,Reese Whitfield,2025-10-26 03:00:00,reese.kim@demomail.test,Jordan Ford,2023-09-12 04:55:00,avery.nguyen@sampleco.test,Marco Okafor,2024-01-17 12:38:00,casey.mensah@acme-fake.test,Drew Ashby,2025-05-01 03:47:00,Y,Reese Mensah,Jordan Calder,Rahul Rossi,SKU-2961,Recruiter,,,,,,,,,REF-3388,rahul.rossi@acme-fake.test,,,,Active,,,100348,100178,100734,,,,,100410,,100477,Other,100560,,,Delta,,,,emerson.mercer@sampleco.test,avery.dorsey@acme-fake.test,Quarterly Newsletter,100468,Pioneer Ventures Corp,Gamma,,,,,,,,101850,,,,N,
100408,Contact,102970,diego.ford@demomail.test,Casey Okafor,2023-08-26 05:00:00,rowan.okafor@demomail.test,Noah Sato,2024-06-26 09:45:00,reese.kim@sampleco.test,Drew Mercer,2025-04-09 05:25:00,alex.larsson@demomail.test,Drew Reyes,2025-05-28 22:53:00,Y,Rowan Rossi,Casey Cohen,Nina Mercer,TAG-2065,Software Developer,,,,,,,,REF-4297,REF-6151,nina.mercer@demomail.test,,,,Active,,,100500,100240,,,,,,,,100734,Other,100171,,,,100393,100588,,quinn.dorsey@examplecorp.test,jamie.mensah@acme-fake.test,Quarterly Newsletter,100526,,,,,3,1,,,,101818,,,,,
100632,Contact,102971,casey.mensah@demomail.test,Elena Ivanov,2025-05-06 00:31:00,riley.ashby@demomail.test,Jamie Vance,2022-11-21 23:09:00,riley.dorsey@demomail.test,Elena Calder,2024-10-30 13:54:00,drew.vance@examplecorp.test,Skyler Sloan,2026-01-30 19:02:00,Y,Fatima Ashby,Sofia Haddad,Priya Blake,SKU-4316,Accountant,,,Standard,,,,3707,,LOT-7956,priya.blake@examplecorp.test,,,,Active,100726,100649,100342,100269,,,,,,100164,,100014,Alpha,100172,,,,100610,,,mei.mensah@examplecorp.test,reese.vance@sampleco.test,Quarterly Newsletter,100565,,,,,,,,,,101832,,,,Y,
100603,Contact,102972,priya.blake@demomail.test,Chen Larsson,2024-07-26 12:42:00,quinn.ashby@sampleco.test,Rahul Garcia,2025-04-23 13:51:00,mei.ashby@acme-fake.test,Jamie Blake,2024-08-08 02:38:00,elena.blake@demomail.test,Avery Nguyen,2025-10-28 07:08:00,N,Jamie Calder,Nina Ford,Marco Silva,TAG-5880,Support Specialist,,,,,,,,LOT-2389,TAG-8453,marco.silva@acme-fake.test,,,,Inactive,100280,,100786,100702,100552,,,,,100340,,100037,Other,100168,,,,,,,rahul.larsson@examplecorp.test,aisha.reyes@demomail.test,Renewal Nudge,100051,Cardinal Health LLC,Alpha,100661,,,,,,,101857,,,,Y,
100180,Contact,102975,priya.costa@demomail.test,Jordan Mensah,2024-06-06 23:33:00,drew.whitfield@sampleco.test,Omar Rossi,2025-03-19 11:35:00,rahul.haddad@sampleco.test,Sofia Vance,2025-04-30 23:39:00,emerson.mensah@demomail.test,Noah Ford,2026-06-13 00:11:00,Y,Jordan Okafor,Riley Cohen,Diego Nguyen,SKU-2838,Recruiter,,,,,Alpha,,,,SKU-3895,diego.nguyen@examplecorp.test,,,,Active,100348,,100755,,100076,,,,,,,100242,Gamma,100094,,,,100731,,,jamie.kim@sampleco.test,alex.dorsey@examplecorp.test,Event Invite,100340,,,100139,,,,,,,,,,,N,
100073,Contact,102977,chen.sato@sampleco.test,Rowan Cohen,2023-10-26 10:54:00,taylor.dorsey@examplecorp.test,Diego Costa,2026-04-04 12:07:00,drew.kim@acme-fake.test,Rowan Brooks,2026-03-16 13:27:00,alex.haddad@demomail.test,Avery Vance,2022-10-10 19:51:00,Y,Rahul Vance,Yara Rossi,Jamie Mercer,LOT-9599,Data Analyst,,,,Gamma,,,,,SKU-9051,jamie.mercer@demomail.test,,,,Active,,,100089,,100530,,,,,100046,,100622,Gamma,100424,,,Delta,100494,,,jordan.patel@examplecorp.test,arjun.sato@examplecorp.test,Event Invite,100103,,Beta,100015,,,,,,,,,,,,
100593,Contact,102979,drew.mercer@sampleco.test,Aisha Reyes,2025-08-26 21:07:00,aisha.nguyen@sampleco.test,Reese Cohen,2025-05-25 05:27:00,emerson.nguyen@demomail.test,Yara Silva,2023-12-13 06:56:00,jamie.sato@examplecorp.test,Chen Whitfield,2023-01-02 19:23:00,Y,Jordan Blake,Priya Ford,Priya Mensah,REF-1592,Marketing Coordinator,,,,,,,,TAG-8277,LOT-2809,priya.mensah@examplecorp.test,,,,Active,,,100456,,100558,,,,,100690,,100735,Alpha,100101,,,,,100803,,noah.dorsey@acme-fake.test,liam.haddad@examplecorp.test,Product Update,100546,Horizon Capital LLC,Beta,,,,,,,,,,,,N,
100017,Contact,102982,yara.okafor@examplecorp.test,Marco Sato,2025-02-21 14:13:00,reese.haddad@demomail.test,Priya Dorsey,2024-10-08 14:46:00,jamie.rossi@demomail.test,Taylor Silva,2025-06-01 21:52:00,reese.nguyen@examplecorp.test,Riley Nguyen,2024-03-26 23:10:00,Y,Taylor Vance,Chen Ivanov,Rowan Cohen,SKU-4120,Recruiter,,,,,,,,,REF-8497,rowan.cohen@demomail.test,,,,Active,100759,100523,100314,100139,,,,,,,,100565,Other,100208,,,Delta,100457,,,casey.larsson@sampleco.test,avery.ford@acme-fake.test,Re-engagement,100388,,,100681,,,,,,,101832,,,,Y,
100336,Contact,102983,sofia.mercer@demomail.test,Riley Calder,2026-02-14 21:42:00,alex.calder@examplecorp.test,Riley Kim,2023-11-19 14:16:00,avery.ashby@examplecorp.test,Elena Mensah,2026-06-07 17:14:00,jamie.sloan@sampleco.test,Casey Calder,2025-07-30 14:30:00,Y,Riley Rossi,Alex Ivanov,Chen Whitfield,LOT-4524,Executive Assistant,,,,,,,,LOT-9341,REF-8785,chen.whitfield@demomail.test,,,,Active,100792,,100136,100434,100101,,,,,100389,,100421,Delta,100184,,,Other,100738,100620,,yara.nguyen@acme-fake.test,sofia.reyes@acme-fake.test,Event Invite,100546,,Standard,100020,,,,,,,,N,,,,
100240,Contact,102984,riley.cohen@demomail.test,Sofia Ashby,2024-09-13 15:51:00,chen.haddad@examplecorp.test,Priya Ashby,2026-03-03 23:30:00,priya.nguyen@demomail.test,Marco Vance,2024-09-26 15:15:00,priya.calder@acme-fake.test,Arjun Nguyen,2024-11-12 23:46:00,Y,Mei Patel,Reese Larsson,Quinn Silva,SKU-5986,HR Generalist,,,,,,,7880,TAG-1420,REF-9582,quinn.silva@demomail.test,,,,Active,100371,100642,100229,100652,100723,,,,,100518,,100469,Alpha,100627,,,,100049,,,morgan.rossi@examplecorp.test,skyler.cohen@examplecorp.test,Event Invite,100232,,Standard,100490,,,,,,,,,,,N,
100119,Contact,102986,nina.mensah@acme-fake.test,Elena Silva,2024-08-28 05:26:00,casey.haddad@demomail.test,Jordan Reyes,2022-10-02 15:15:00,mei.kim@sampleco.test,Avery Sloan,2023-05-23 05:58:00,jamie.rossi@acme-fake.test,Omar Calder,2022-10-04 18:15:00,N,Rowan Reyes,Alex Sato,Jamie Garcia,LOT-6246,QA Engineer,,,,Beta,,,,LOT-3760,TAG-7862,jamie.garcia@examplecorp.test,,,,Inactive,100432,100410,100500,,,,,,,,,,Beta,100239,,,Delta,100386,,,chen.brooks@sampleco.test,quinn.garcia@examplecorp.test,Quarterly Newsletter,100178,,,100535,,,,,,,,,,,N,
100568,Contact,102987,avery.nguyen@acme-fake.test,Yara Sato,2024-10-31 14:10:00,quinn.ivanov@demomail.test,Aisha Patel,2025-05-04 05:44:00,yara.okafor@examplecorp.test,Chen Mensah,2024-01-13 11:30:00,taylor.whitfield@demomail.test,Yara Blake,2025-10-26 01:53:00,N,Noah Sato,Jordan Blake,Quinn Patel,REF-5531,HR Generalist,,,,,,,,,TAG-5525,quinn.patel@examplecorp.test,,,,Inactive,,100117,100755,,100509,,,,,100242,,100086,Gamma,100735,,,,,,,alex.reyes@acme-fake.test,jamie.sloan@sampleco.test,Re-engagement,100051,,,100765,,,2,,,,101867,,,,,
100240,Contact,102988,jamie.cohen@sampleco.test,Reese Silva,2026-01-06 20:07:00,diego.reyes@sampleco.test,Emerson Silva,2022-11-22 02:47:00,avery.mercer@sampleco.test,Fatima Sato,2024-01-19 01:52:00,avery.ashby@examplecorp.test,Morgan Larsson,2023-03-14 11:35:00,Y,Fatima Okafor,Reese Silva,Chen Silva,LOT-5925,Recruiter,,,,,,,,,SKU-6956,chen.silva@examplecorp.test,,,,Active,,100090,100177,100344,,,,,,,,100115,Alpha,100217,,,Beta,,100376,,quinn.calder@acme-fake.test,omar.haddad@examplecorp.test,Quarterly Newsletter,100010,,Standard,100763,,,,,,,,,,,,
100763,Contact,102989,omar.rossi@demomail.test,Marco Vance,2023-04-22 13:56:00,jordan.dorsey@examplecorp.test,Priya Mensah,2024-06-11 01:20:00,nina.sloan@examplecorp.test,Jordan Reyes,2026-05-17 21:28:00,nina.sloan@demomail.test,Priya Okafor,2023-01-06 11:53:00,Y,Drew Dorsey,Sofia Whitfield,Rahul Rossi,TAG-2743,Bookkeeper,,,,,,TAG-6292,,TAG-3491,TAG-3345,rahul.rossi@sampleco.test,,,,Active,,100293,100447,100420,100366,LOT-1542,,,,100793,,,Delta,100403,,,,100443,100101,,arjun.larsson@acme-fake.test,priya.vance@acme-fake.test,Quarterly Newsletter,100099,,Beta,100518,,,,1,,,101825,,,,,Y
100313,Contact,102992,aisha.calder@acme-fake.test,Fatima Calder,2023-01-21 14:22:00,noah.garcia@examplecorp.test,Diego Whitfield,2022-10-26 01:20:00,alex.blake@examplecorp.test,Morgan Nguyen,2024-10-17 05:28:00,aisha.ashby@acme-fake.test,Avery Nguyen,2025-01-10 23:27:00,Y,Jordan Patel,Avery Mensah,Taylor Mensah,SKU-8980,Executive Assistant,,,Alpha,,,,,,LOT-5549,taylor.mensah@acme-fake.test,,,,Active,100803,100090,100579,,100186,,,,,100772,,100676,Standard,100158,,,,100760,,,diego.silva@acme-fake.test,elena.sato@demomail.test,Renewal Nudge,100128,,Delta,100749,,,,,,,,,,,,
100122,Contact,102993,riley.kim@demomail.test,Rowan Sloan,2024-01-25 08:41:00,riley.blake@acme-fake.test,Reese Dorsey,2024-06-02 05:44:00,chen.mercer@examplecorp.test,Priya Costa,2022-12-06 03:57:00,nina.garcia@acme-fake.test,Elena Larsson,2024-02-09 06:12:00,Y,Diego Blake,Elena Mensah,Avery Dorsey,SKU-9609,Operations Associate,,,,,,,,,TAG-5412,avery.dorsey@examplecorp.test,,,,Active,100023,,100380,100673,,LOT-8849,,,,100445,,,Delta,100343,,,,,100449,,aisha.silva@demomail.test,casey.ivanov@examplecorp.test,Quarterly Newsletter,100376,Ironwood Foods LLP,Alpha,100563,,,,,,,101816,,,,,
100684,Contact,102996,rowan.reyes@demomail.test,Aisha Ford,2023-07-11 13:51:00,chen.blake@demomail.test,Elena Silva,2023-10-07 17:48:00,diego.larsson@examplecorp.test,Morgan Ashby,2022-11-25 15:21:00,fatima.kim@examplecorp.test,Marco Larsson,2023-07-16 03:34:00,Y,Nina Kim,Jordan Reyes,Jamie Patel,SKU-3200,Support Specialist,,,,Delta,,,,,LOT-7189,jamie.patel@acme-fake.test,,,,Active,,100522,100579,100213,100661,,,,,100185,,,Alpha,100749,,,Alpha,100413,100530,,marco.cohen@examplecorp.test,marco.mensah@sampleco.test,Event Invite,100177,Vertex Networks,Delta,100245,,,,,,,,,,,,
100672,Contact,102999,reese.mercer@demomail.test,Skyler Dorsey,2024-08-27 00:15:00,taylor.brooks@examplecorp.test,Priya Ashby,2023-08-11 04:25:00,fatima.calder@sampleco.test,Drew Ivanov,2025-11-08 20:17:00,emerson.blake@sampleco.test,Marco Cohen,2024-11-05 21:30:00,N,Rowan Ford,Diego Haddad,Liam Haddad,TAG-6848,Data Analyst,,,,,,,,,TAG-6172,liam.haddad@demomail.test,,,,Inactive,100275,100696,100248,100520,,,,,,,,,Delta,100641,,,,,,,diego.sato@acme-fake.test,jordan.kim@examplecorp.test,Re-engagement,100153,Summit Foods Co,Standard,100262,,,,,,,101804,,,,,N
100405,Contact,103002,priya.brooks@examplecorp.test,Riley Reyes,2023-07-15 06:33:00,emerson.reyes@acme-fake.test,Nina Rossi,2024-12-14 14:44:00,aisha.kim@acme-fake.test,Jordan Dorsey,2023-10-15 20:09:00,mei.kim@acme-fake.test,Nina Mensah,2023-01-20 11:28:00,Y,Chen Cohen,Yara Sloan,Avery Silva,LOT-6424,Data Analyst,,,,,,,,REF-8310,REF-8024,avery.silva@sampleco.test,,,,Active,,,100579,100161,100277,,,,,100672,,,Standard,100195,,,,100470,100479,,avery.brooks@demomail.test,marco.mensah@examplecorp.test,Product Update,100391,Redwood Manufacturing,Beta,100786,,,,,,,101873,,,,Y,
100243,Contact,103003,arjun.blake@sampleco.test,Morgan Calder,2026-06-12 17:38:00,jordan.cohen@examplecorp.test,Nina Ford,2023-12-08 01:26:00,taylor.rossi@acme-fake.test,Avery Dorsey,2025-09-22 17:41:00,marco.calder@demomail.test,Jamie Sato,2026-03-29 04:59:00,Y,Yara Nguyen,Jamie Whitfield,Morgan Ashby,,Financial Analyst,,,,Delta,,,2287,,TAG-1665,morgan.ashby@acme-fake.test,,,,Active,100456,,100563,100366,,,,,,100437,,100383,Alpha,100063,,,,,,,alex.sloan@sampleco.test,mei.haddad@acme-fake.test,Event Invite,100200,Pioneer Solutions,Standard,100496,,,,,,,,,,,Y,
100129,Contact,103005,elena.reyes@acme-fake.test,Sofia Rossi,2023-03-22 14:16:00,elena.calder@acme-fake.test,Noah Blake,2023-11-19 00:35:00,reese.reyes@demomail.test,Yara Costa,2023-09-22 09:20:00,fatima.okafor@examplecorp.test,Priya Vance,2023-05-05 10:42:00,Y,Skyler Sloan,Rowan Ivanov,Sofia Garcia,TAG-7971,Data Analyst,,,,,,,,,TAG-9469,sofia.garcia@examplecorp.test,,,,Active,,100080,100115,100069,,,,,,,,100132,Delta,100788,,,Beta,100559,,,yara.rossi@acme-fake.test,mei.cohen@examplecorp.test,Event Invite,100062,,,100774,,,,,,,,,,,N,
100421,Contact,103006,priya.garcia@sampleco.test,Casey Nguyen,2023-06-09 15:02:00,reese.mercer@acme-fake.test,Morgan Kim,2025-05-17 10:58:00,fatima.patel@demomail.test,Diego Kim,2023-02-16 21:17:00,arjun.ashby@sampleco.test,Casey Mercer,2024-08-20 21:42:00,Y,Avery Mensah,Arjun Patel,Quinn Brooks,LOT-3113,Marketing Coordinator,,,,,,,,LOT-3485,TAG-6474,quinn.brooks@examplecorp.test,,,,Active,100723,100217,100288,100139,100031,TAG-7145,,,,100044,,,Standard,100136,,,Beta,100344,100185,,skyler.okafor@acme-fake.test,marco.patel@demomail.test,Product Update,100758,,Beta,100017,,,,3,,,101821,,,,N,
100359,Contact,103009,rowan.whitfield@acme-fake.test,Casey Mercer,2024-04-20 03:55:00,rahul.ford@sampleco.test,Morgan Larsson,2023-07-23 03:23:00,fatima.ashby@examplecorp.test,Liam Dorsey,2024-04-04 06:28:00,priya.reyes@sampleco.test,Rowan Ashby,2025-10-03 10:06:00,N,Avery Haddad,Fatima Sloan,Avery Dorsey,TAG-2247,Accountant,,,,,,,,,REF-1461,avery.dorsey@sampleco.test,,,,Inactive,,,100694,,100236,,,,,,,,Gamma,100034,,N,Alpha,100205,100410,,omar.sato@demomail.test,skyler.costa@demomail.test,Event Invite,100475,,Other,100645,,,,,,,,,,,,
100437,Contact,103010,taylor.larsson@examplecorp.test,Nina Mensah,2023-05-22 12:15:00,alex.nguyen@sampleco.test,Emerson Okafor,2024-10-02 23:56:00,arjun.silva@acme-fake.test,Elena Sato,2023-11-11 12:51:00,riley.garcia@examplecorp.test,Emerson Whitfield,2023-03-03 03:54:00,Y,Jamie Haddad,Chen Ivanov,Chen Sloan,LOT-6047,Executive Assistant,,,,,,,,REF-7030,TAG-8418,chen.sloan@demomail.test,,,,Active,100359,100601,100642,100257,100498,,,,,,,,Alpha,100496,,,Beta,100786,,,drew.patel@acme-fake.test,yara.blake@demomail.test,Renewal Nudge,100690,,Gamma,100475,,,,8,,,101797,,,,N,
100117,Contact,103012,emerson.rossi@examplecorp.test,Omar Ivanov,2024-10-16 15:00:00,elena.silva@demomail.test,Sofia Mensah,2025-12-22 03:07:00,arjun.cohen@acme-fake.test,Arjun Cohen,2023-08-24 01:56:00,fatima.mercer@acme-fake.test,Avery Ford,2024-01-31 00:49:00,Y,Yara Sloan,Noah Cohen,Marco Rossi,REF-2856,Software Developer,,,,Standard,,,,REF-6494,LOT-1931,marco.rossi@acme-fake.test,,,,Active,100285,,100796,100470,,,,,,100661,,100681,Alpha,100185,,,Beta,100417,,,nina.mercer@sampleco.test,fatima.kim@examplecorp.test,Product Update,100420,Cobalt Health Group,Beta,100591,,,,,,,101821,,,,N,
100798,Contact,103014,aisha.rossi@examplecorp.test,Casey Kim,2025-05-22 15:37:00,liam.ford@sampleco.test,Reese Costa,2022-12-28 05:04:00,rowan.reyes@examplecorp.test,Riley Costa,2023-09-14 08:26:00,liam.okafor@sampleco.test,Rowan Costa,2022-12-29 05:55:00,Y,Arjun Haddad,Morgan Patel,Rahul Larsson,TAG-9962,HR Generalist,,,,,,,,,SKU-6247,rahul.larsson@examplecorp.test,,,,Active,100242,100685,100509,,,,,,,100034,,,Gamma,100449,,,,100526,,,aisha.cohen@acme-fake.test,chen.nguyen@examplecorp.test,Re-engagement,100254,,Other,100530,,,,,,,101826,,,,,
100173,Contact,103016,aisha.sato@sampleco.test,Nina Silva,2024-11-20 02:37:00,jamie.costa@demomail.test,Noah Patel,2023-03-12 00:27:00,skyler.okafor@sampleco.test,Chen Cohen,2025-02-27 03:12:00,arjun.ashby@sampleco.test,Casey Kim,2023-04-15 14:28:00,Y,Rahul Blake,Morgan Cohen,Sofia Ford,LOT-5634,Project Manager,,,,Gamma,,,,SKU-6563,SKU-1325,sofia.ford@sampleco.test,,,,Active,100275,100176,100377,,,,,,,100345,,,Delta,100371,,,Beta,100649,100654,,drew.mercer@demomail.test,liam.costa@sampleco.test,Quarterly Newsletter,100331,,Other,100295,,,,,,,,,,,N,
100227,Contact,103018,sofia.okafor@acme-fake.test,Rowan Sloan,2023-01-19 18:12:00,jordan.sloan@sampleco.test,Reese Mensah,2024-01-08 22:21:00,reese.ford@acme-fake.test,Quinn Dorsey,2023-04-11 10:41:00,aisha.garcia@demomail.test,Taylor Larsson,2023-10-01 18:40:00,Y,Drew Cohen,Priya Whitfield,Reese Nguyen,SKU-6012,Operations Associate,,,,,,,1908,,SKU-2902,reese.nguyen@acme-fake.test,,,,Active,,100631,100452,,100771,,,,,,,100569,Beta,100293,,,Standard,,,,reese.rossi@sampleco.test,jordan.ford@examplecorp.test,Renewal Nudge,100569,,Delta,100522,,,,,,,101785,,,,,
100376,Contact,103020,rowan.haddad@sampleco.test,Quinn Whitfield,2024-03-30 14:18:00,skyler.okafor@examplecorp.test,Chen Costa,2024-08-10 03:51:00,elena.kim@demomail.test,Drew Dorsey,2023-01-17 17:56:00,rowan.ashby@demomail.test,Chen Sato,2025-11-02 13:04:00,N,Diego Nguyen,Rahul Sloan,Liam Patel,SKU-2591,Support Specialist,,,,,,LOT-9672,,,SKU-4588,liam.patel@demomail.test,,,,Inactive,,100046,100295,,100552,,,,,,,100046,Other,100089,,,,100173,,,chen.okafor@sampleco.test,marco.sloan@examplecorp.test,Re-engagement,100122,,,,,,,,,,,Y,,,N,
100755,Contact,103022,morgan.dorsey@sampleco.test,Aisha Larsson,2024-06-16 09:44:00,skyler.vance@examplecorp.test,Sofia Blake,2025-02-23 18:31:00,taylor.silva@examplecorp.test,Elena Brooks,2022-11-14 20:21:00,diego.haddad@acme-fake.test,Avery Patel,2026-05-09 17:04:00,Y,Diego Larsson,Elena Okafor,Jamie Mensah,LOT-4139,Support Specialist,,,,,,,,,SKU-3960,jamie.mensah@demomail.test,,,,Active,,100325,100212,100500,100232,,,,,,,,Gamma,100498,,,Other,,,,priya.dorsey@examplecorp.test,emerson.brooks@demomail.test,Renewal Nudge,100371,,,,,,,,,,101843,,,,,
100604,Contact,103023,fatima.ashby@demomail.test,Yara Calder,2024-06-27 07:19:00,alex.mercer@acme-fake.test,Skyler Larsson,2023-05-16 17:52:00,chen.kim@examplecorp.test,Morgan Cohen,2022-10-13 10:20:00,fatima.whitfield@acme-fake.test,Liam Ford,2026-05-23 09:58:00,N,Mei Kim,Nina Reyes,Marco Mensah,REF-7198,Software Developer,,SKU-6786,,,,,,,LOT-3741,marco.mensah@acme-fake.test,,,,Inactive,100741,100486,100111,,,,,,,,,,Beta,100420,,,,100579,100073,,marco.mercer@sampleco.test,marco.ivanov@examplecorp.test,Renewal Nudge,100546,,Other,100146,,,,,,,101816,,,,,
100509,Contact,103026,sofia.cohen@sampleco.test,Marco Silva,2024-04-03 13:24:00,omar.sloan@sampleco.test,Priya Dorsey,2025-11-21 21:03:00,diego.haddad@examplecorp.test,Jordan Nguyen,2026-03-15 17:59:00,casey.cohen@sampleco.test,Jordan Sloan,2023-02-22 23:00:00,Y,Elena Patel,Nina Haddad,Elena Costa,SKU-4102,QA Engineer,,,,,,,,,REF-1768,elena.costa@acme-fake.test,,,,Active,100596,,100631,100345,,TAG-6311,,,,,,100255,Standard,100173,,,Delta,100366,100371,,riley.reyes@acme-fake.test,avery.sloan@demomail.test,Renewal Nudge,100788,Beacon Robotics Group,Gamma,,,,,,,,101830,,,,,
100715,Contact,103028,alex.haddad@demomail.test,Chen Patel,2024-07-20 18:41:00,yara.ivanov@examplecorp.test,Casey Rossi,2024-10-08 07:34:00,diego.larsson@sampleco.test,Drew Rossi,2025-05-18 11:25:00,marco.haddad@demomail.test,Marco Patel,2025-03-26 14:55:00,Y,Marco Whitfield,Rowan Haddad,Marco Ford,LOT-6508,Operations Associate,,,,,,TAG-2691,,,SKU-6869,marco.ford@acme-fake.test,,,,Active,100579,100308,100066,,,,,,,100585,,,Standard,100029,,,,,,,casey.reyes@acme-fake.test,yara.garcia@sampleco.test,Product Update,100408,,Other,,,,,,,,,,,,,
100119,Contact,103030,marco.larsson@demomail.test,Diego Reyes,2025-08-29 01:01:00,drew.garcia@sampleco.test,Reese Kim,2022-10-22 14:01:00,casey.ford@examplecorp.test,Marco Mercer,2024-06-21 06:04:00,noah.cohen@examplecorp.test,Mei Haddad,2023-12-23 09:50:00,Y,Morgan Vance,Avery Garcia,Sofia Dorsey,TAG-6496,HR Generalist,,,,,,,,,REF-1218,sofia.dorsey@examplecorp.test,,,,Active,,100216,100634,100103,,,,,,,,100030,Standard,100517,,,Beta,100104,,,yara.nguyen@sampleco.test,omar.mensah@examplecorp.test,Product Update,100240,,Beta,100104,,,,,,,,,,,N,
100359,Contact,103032,chen.sloan@examplecorp.test,Morgan Dorsey,2025-03-08 19:29:00,nina.mercer@acme-fake.test,Arjun Ashby,2024-10-02 00:58:00,fatima.kim@examplecorp.test,Sofia Ivanov,2024-05-13 22:38:00,sofia.sato@sampleco.test,Drew Kim,2023-05-10 09:24:00,Y,Diego Larsson,Riley Sloan,Rowan Nguyen,SKU-8138,Marketing Coordinator,,,,Delta,,,,,SKU-7985,rowan.nguyen@acme-fake.test,,,,Active,,100146,100798,100744,,,,,,100523,,,Gamma,100530,,,Standard,,100241,,priya.mercer@acme-fake.test,aisha.ford@demomail.test,Renewal Nudge,100620,Ironwood Partners Ltd,,,,,,,,,,,,,,
100391,Contact,103035,noah.cohen@examplecorp.test,Elena Mercer,2023-05-06 19:15:00,emerson.haddad@examplecorp.test,Alex Nguyen,2026-04-13 14:44:00,liam.sloan@acme-fake.test,Riley Patel,2022-11-30 22:12:00,fatima.kim@examplecorp.test,Drew Blake,2026-05-20 19:32:00,Y,Fatima Haddad,Nina Calder,Aisha Dorsey,SKU-3340,Software Developer,,,,,,,,LOT-8112,SKU-1525,aisha.dorsey@examplecorp.test,,,,Active,100686,,100122,100053,100400,TAG-4082,,,,100738,,100475,Gamma,100432,,,Alpha,100742,100371,,priya.dorsey@sampleco.test,yara.sato@demomail.test,Renewal Nudge,100620,,Gamma,100645,,1,,3,,,101827,,,,Y,
100185,Contact,103037,quinn.garcia@sampleco.test,Nina Mercer,2026-02-09 15:07:00,arjun.cohen@acme-fake.test,Skyler Costa,2024-05-18 11:53:00,chen.patel@acme-fake.test,Aisha Larsson,2023-07-26 07:09:00,fatima.rossi@sampleco.test,Rahul Kim,2023-01-24 11:39:00,Y,Nina Brooks,Liam Mensah,Marco Haddad,SKU-4442,Financial Analyst,,,,,,,,,REF-4948,marco.haddad@demomail.test,,,,Active,100424,,100239,,,,,,,100173,,100601,Beta,100328,,,Gamma,,100796,,avery.sato@acme-fake.test,yara.okafor@acme-fake.test,Renewal Nudge,100511,Keystone Dynamics,,100470,,,,8,,,101871,,,,Y,
100426,Contact,103039,arjun.mensah@sampleco.test,Diego Brooks,2023-06-13 20:16:00,fatima.blake@acme-fake.test,Aisha Costa,2025-03-18 04:41:00,aisha.sloan@sampleco.test,Reese Mensah,2023-12-22 03:34:00,reese.whitfield@demomail.test,Casey Mensah,2024-08-04 10:06:00,Y,Taylor Okafor,Elena Larsson,Rowan Patel,REF-9001,Financial Analyst,,,,,,,,LOT-1042,SKU-8279,rowan.patel@demomail.test,,,,Active,100192,100165,100060,100205,100758,,,,,100208,,100380,Beta,100563,,Y,Beta,100591,100030,,sofia.vance@demomail.test,yara.sato@examplecorp.test,Re-engagement,100418,,Delta,100286,,,,,,,101797,,,,Y,
100774,Contact,103041,priya.ashby@sampleco.test,Emerson Larsson,2024-04-08 15:05:00,chen.garcia@sampleco.test,Nina Okafor,2024-10-06 21:14:00,arjun.rossi@demomail.test,Morgan Ford,2024-09-02 03:27:00,morgan.costa@examplecorp.test,Skyler Dorsey,2023-12-26 03:36:00,Y,Casey Dorsey,Nina Silva,Sofia Costa,SKU-5160,Bookkeeper,,,,,,SKU-5540,,TAG-2512,LOT-5560,sofia.costa@acme-fake.test,,,,Active,100649,100386,100016,,100281,,,,,100679,,,Standard,100454,,,Other,,,,priya.calder@sampleco.test,jordan.mensah@acme-fake.test,Re-engagement,100241,Delta Networks Co,Gamma,,,,,,,,101826,,,,Y,
100426,Contact,103044,diego.ashby@demomail.test,Mei Garcia,2025-08-08 02:49:00,jamie.sloan@acme-fake.test,Jamie Ashby,2023-03-02 23:02:00,emerson.mercer@demomail.test,Fatima Calder,2023-11-11 13:08:00,drew.silva@sampleco.test,Arjun Sato,2025-07-18 14:24:00,N,Sofia Whitfield,Drew Patel,Rowan Cohen,TAG-6957,Financial Analyst,,,,,,SKU-2724,,SKU-6392,TAG-2615,rowan.cohen@acme-fake.test,,,,Inactive,100313,,100631,100731,,,,,,100670,,,Delta,100418,,,,100685,100136,,quinn.nguyen@sampleco.test,rowan.whitfield@examplecorp.test,Event Invite,100142,Horizon Media LLC,Gamma,,,,,,,,101873,,,,Y,
100291,Contact,103047,priya.blake@examplecorp.test,Rahul Reyes,2023-03-20 07:18:00,chen.kim@demomail.test,Aisha Calder,2023-12-21 18:34:00,emerson.silva@demomail.test,Omar Nguyen,2025-01-31 11:16:00,liam.ford@demomail.test,Taylor Sato,2025-01-20 04:41:00,Y,Liam Larsson,Diego Costa,Taylor Costa,SKU-5394,HR Generalist,,,,,,,,,SKU-2166,taylor.costa@demomail.test,,,,Active,,100242,100574,100782,100123,,,,,,,100440,Gamma,100554,,,Beta,100051,100323,,jordan.haddad@acme-fake.test,omar.sato@acme-fake.test,Quarterly Newsletter,100037,,,,,,,,,,101834,,,,,Y
100628,Contact,103049,emerson.rossi@demomail.test,Skyler Kim,2025-09-07 14:05:00,rowan.mensah@examplecorp.test,Sofia Reyes,2026-07-31 17:54:00,chen.cohen@sampleco.test,Chen Patel,2026-05-24 14:55:00,emerson.whitfield@demomail.test,Mei Silva,2025-03-11 10:30:00,N,Arjun Calder,Quinn Blake,Rahul Mercer,REF-8111,Operations Associate,,,,,,,,,TAG-4539,rahul.mercer@sampleco.test,,,,Inactive,100405,,100771,100645,100086,REF-7189,,,,,,100003,Other,100238,,,Beta,100772,,,rahul.sato@demomail.test,avery.larsson@acme-fake.test,Product Update,100203,Meridian Group Co,Gamma,100403,,8,,,,,,,,,,
100313,Contact,103051,rowan.sato@demomail.test,Quinn Sato,2022-10-16 18:51:00,priya.sato@acme-fake.test,Rahul Garcia,2023-06-19 15:36:00,yara.nguyen@sampleco.test,Jordan Ford,2024-11-21 20:35:00,diego.costa@sampleco.test,Sofia Ashby,2026-01-07 11:07:00,Y,Diego Sato,Diego Haddad,Rahul Whitfield,REF-4358,HR Generalist,,,,,,,,,SKU-6559,rahul.whitfield@examplecorp.test,,,,Active,,,100582,100749,,,,,,,,100552,Standard,100481,,,Gamma,100532,,,quinn.sloan@demomail.test,fatima.ashby@examplecorp.test,Re-engagement,100070,,Delta,100686,,,,,,,,,,,,
100134,Contact,103054,mei.haddad@examplecorp.test,Quinn Whitfield,2023-07-24 16:00:00,sofia.brooks@acme-fake.test,Emerson Blake,2023-07-25 13:50:00,fatima.silva@examplecorp.test,Emerson Haddad,2025-01-28 08:42:00,yara.larsson@examplecorp.test,Morgan Whitfield,2025-10-16 14:10:00,Y,Yara Blake,Arjun Ashby,Mei Dorsey,SKU-2179,Recruiter,,,,,,,,,TAG-1878,mei.dorsey@acme-fake.test,,,,Active,100044,100380,100242,100705,100560,,,,,100596,,,Gamma,100309,,,Standard,,100469,,skyler.ashby@demomail.test,priya.mensah@examplecorp.test,Product Update,100563,Everest Financial Co,,100192,,,,,,,101804,,,,Y,
100554,Contact,103057,riley.brooks@examplecorp.test,Morgan Reyes,2026-06-16 19:38:00,rahul.mercer@examplecorp.test,Jamie Sato,2023-12-16 20:29:00,jamie.mensah@sampleco.test,Fatima Garcia,2025-04-17 19:15:00,chen.vance@examplecorp.test,Arjun Mensah,2025-02-14 12:49:00,N,Rahul Mercer,Avery Rossi,Rahul Garcia,SKU-5704,Payroll Specialist,,,,,,,,,SKU-7833,rahul.garcia@demomail.test,,,,Inactive,100254,100010,100424,100503,,,,,,100298,,100620,Alpha,100076,,,Other,100316,100073,,morgan.patel@examplecorp.test,nina.larsson@examplecorp.test,Event Invite,100622,Atlas Textiles Inc,Other,,,,,,,,,,,,,
100569,Contact,103059,rowan.brooks@acme-fake.test,Chen Nguyen,2026-07-10 18:25:00,sofia.haddad@sampleco.test,Priya Nguyen,2024-08-19 01:02:00,jordan.silva@examplecorp.test,Nina Dorsey,2026-02-13 20:47:00,chen.mercer@demomail.test,Diego Sloan,2023-02-06 06:35:00,Y,Diego Mercer,Priya Sato,Reese Ivanov,SKU-6014,Marketing Coordinator,,,,,,,,REF-4930,LOT-3785,reese.ivanov@examplecorp.test,,,,Active,,100616,100426,,100546,,,,,100008,,100708,Standard,100459,,,Gamma,,100443,,emerson.calder@acme-fake.test,arjun.kim@demomail.test,Renewal Nudge,100774,,,,,,,4,,,101818,,,,Y,
100217,Contact,103060,yara.garcia@acme-fake.test,Avery Sloan,2024-08-26 05:49:00,rowan.calder@examplecorp.test,Casey Mercer,2023-09-26 05:46:00,aisha.nguyen@sampleco.test,Morgan Blake,2023-06-04 02:31:00,arjun.whitfield@demomail.test,Fatima Ivanov,2024-12-02 10:09:00,Y,Rowan Mensah,Arjun Brooks,Riley Patel,,Software Developer,,,,Delta,,,7485,,TAG-3142,riley.patel@examplecorp.test,,,,Active,100126,100235,100104,,,,,,,100452,,100359,Gamma,100568,,,Alpha,100486,100652,,jamie.larsson@acme-fake.test,priya.dorsey@demomail.test,Event Invite,100383,Blue Ridge Health LLC,,,,,,,,,101867,,,,,
100334,Contact,103061,diego.nguyen@sampleco.test,Morgan Garcia,2026-04-19 22:59:00,priya.blake@demomail.test,Reese Reyes,2023-03-28 04:08:00,liam.costa@demomail.test,Elena Reyes,2023-04-22 00:04:00,riley.mensah@examplecorp.test,Alex Costa,2025-03-12 04:26:00,N,Taylor Haddad,Sofia Reyes,Emerson Sloan,REF-9837,QA Engineer,,,,,,SKU-7075,,,LOT-1335,emerson.sloan@demomail.test,,,,Inactive,100656,,100473,100014,,,,,,,,,Alpha,100128,,,Alpha,,100782,,avery.ivanov@acme-fake.test,arjun.mensah@demomail.test,Re-engagement,100120,Redwood Textiles Corp,Other,100336,,,,,,,101851,,,,Y,
100661,Contact,103064,liam.patel@sampleco.test,Drew Mercer,2026-01-06 07:33:00,skyler.sloan@examplecorp.test,Marco Calder,2026-03-18 07:17:00,skyler.ford@demomail.test,Fatima Sloan,2024-08-05 17:20:00,arjun.silva@examplecorp.test,Aisha Costa,2026-02-07 22:28:00,Y,Liam Ashby,Omar Whitfield,Rahul Cohen,TAG-4457,Payroll Specialist,,,,,,,,REF-4218,TAG-2688,rahul.cohen@examplecorp.test,,,,Active,100694,100696,100620,100607,100251,,,,,,,100254,Gamma,100352,,,,100123,100468,,avery.cohen@sampleco.test,marco.garcia@sampleco.test,Quarterly Newsletter,100457,,Delta,,,,,,,,101849,,,,N,
100670,Contact,103066,nina.vance@demomail.test,Quinn Nguyen,2025-11-01 12:18:00,diego.dorsey@sampleco.test,Jordan Kim,2024-06-24 09:56:00,mei.nguyen@acme-fake.test,Marco Cohen,2022-12-26 07:53:00,avery.garcia@examplecorp.test,Diego Ford,2025-01-09 00:21:00,Y,Marco Cohen,Yara Garcia,Reese Whitfield,LOT-4393,Financial Analyst,,,,,,,,,LOT-9379,reese.whitfield@sampleco.test,,,,Active,100632,100729,100622,,,,,,,100353,,100188,Alpha,100400,,,,100440,100164,,emerson.calder@sampleco.test,sofia.ivanov@demomail.test,Product Update,100755,,Other,100308,,,,,,,,,,,,Y
100652,Contact,103068,elena.brooks@acme-fake.test,Sofia Larsson,2025-09-05 09:52:00,riley.sato@examplecorp.test,Sofia Patel,2024-11-04 16:57:00,sofia.brooks@sampleco.test,Yara Sato,2025-02-07 12:55:00,reese.haddad@demomail.test,Sofia Ivanov,2026-07-28 23:50:00,N,Rowan Blake,Drew Nguyen,Sofia Brooks,LOT-6789,Customer Success Manager,,,,,,,,TAG-4358,TAG-2342,sofia.brooks@demomail.test,,,,Inactive,100376,100770,100110,,100026,,,,,100012,,100582,Delta,100793,,,Alpha,,,,sofia.brooks@sampleco.test,mei.brooks@acme-fake.test,Re-engagement,100353,Ironwood Dynamics Corp,Standard,,,,,,,,101839,,,,N,
100434,Contact,103071,yara.patel@demomail.test,Emerson Vance,2024-06-18 00:05:00,noah.cohen@examplecorp.test,Taylor Cohen,2026-04-07 17:48:00,fatima.mercer@examplecorp.test,Riley Dorsey,2022-10-25 11:59:00,rahul.brooks@examplecorp.test,Riley Nguyen,2026-03-28 10:28:00,N,Liam Vance,Mei Sato,Arjun Mercer,LOT-7433,Software Developer,,,,,,,,,REF-7712,arjun.mercer@sampleco.test,,,,Inactive,,100513,100037,,100148,LOT-3659,,,,,,,Other,100631,,,Standard,,,,skyler.ashby@sampleco.test,aisha.sloan@demomail.test,Re-engagement,100729,Lakeside Health Inc,Beta,100772,,,,9,,,101796,,,,N,
100576,Contact,103074,jordan.larsson@examplecorp.test,Aisha Reyes,2024-11-06 12:20:00,rowan.garcia@examplecorp.test,Drew Reyes,2025-12-16 07:48:00,rowan.ashby@demomail.test,Drew Okafor,2024-11-05 15:48:00,priya.sloan@demomail.test,Fatima Haddad,2025-08-03 03:55:00,N,Morgan Blake,Reese Ashby,Emerson Mercer,,Financial Analyst,,,,,,LOT-4246,,,LOT-1812,emerson.mercer@examplecorp.test,,,,Inactive,,,100591,,,,,,,,,,Beta,100235,,,Gamma,100126,100120,,nina.vance@acme-fake.test,casey.haddad@demomail.test,Renewal Nudge,100722,,Standard,100153,,,,,,,,,,,Y,
100156,Contact,103075,chen.brooks@examplecorp.test,Nina Reyes,2023-06-05 01:15:00,drew.ashby@sampleco.test,Aisha Vance,2026-04-22 02:33:00,liam.sloan@acme-fake.test,Avery Whitfield,2025-12-21 05:36:00,quinn.sato@acme-fake.test,Riley Patel,2024-08-25 18:33:00,Y,Fatima Sloan,Reese Haddad,Sofia Mensah,REF-8240,Data Analyst,,,,,,,,TAG-5007,REF-2823,sofia.mensah@acme-fake.test,,,,Active,,,100285,,,,,,,100523,,,Alpha,100015,,,Delta,,100736,,marco.reyes@acme-fake.test,riley.kim@acme-fake.test,Product Update,100020,,,,,,,,,,,,,,,
100073,Contact,103076,diego.patel@demomail.test,Quinn Sloan,2025-08-05 18:32:00,rowan.calder@examplecorp.test,Liam Silva,2023-05-03 02:11:00,diego.ashby@sampleco.test,Chen Costa,2025-12-23 17:38:00,omar.nguyen@sampleco.test,Yara Mensah,2023-05-22 00:22:00,N,Riley Larsson,Diego Sato,Noah Vance,LOT-3128,Software Developer,,,,,Beta,,,REF-8750,LOT-4729,noah.vance@examplecorp.test,,,,Inactive,100803,100176,100518,100767,,,,,,100008,,100664,Beta,100717,,,,100520,,,diego.ashby@examplecorp.test,morgan.haddad@examplecorp.test,Quarterly Newsletter,100771,Lakeside Media Corp,,,,,,,,,101783,,,,N,
100731,Contact,103079,skyler.mensah@acme-fake.test,Jamie Ford,2023-03-04 14:05:00,rowan.costa@sampleco.test,Skyler Silva,2025-05-27 04:30:00,diego.silva@acme-fake.test,Fatima Silva,2025-08-08 15:26:00,chen.costa@examplecorp.test,Emerson Kim,2025-10-20 11:11:00,Y,Yara Sato,Emerson Dorsey,Skyler Haddad,LOT-6086,HR Generalist,,,,,,,,,REF-7557,skyler.haddad@sampleco.test,,,,Active,,100615,100132,100111,100086,,,,,100735,,100555,Standard,100003,,,,100255,,,drew.costa@examplecorp.test,yara.brooks@acme-fake.test,Renewal Nudge,100798,,,100490,,,,,,,101859,,,,Y,
100336,Contact,103082,riley.vance@examplecorp.test,Taylor Nguyen,2025-03-29 15:29:00,sofia.brooks@acme-fake.test,Jordan Reyes,2022-11-04 20:51:00,jordan.larsson@acme-fake.test,Emerson Whitfield,2024-04-01 02:02:00,jamie.garcia@demomail.test,Omar Ivanov,2026-06-11 05:53:00,N,Arjun Silva,Jamie Dorsey,Yara Sato,TAG-1236,Accountant,,,,,,,,SKU-8122,LOT-8403,yara.sato@demomail.test,,,,Inactive,,100220,100342,,,TAG-3276,,,,100496,,100117,Alpha,100173,,Y,Alpha,,100295,,rahul.haddad@sampleco.test,alex.sloan@sampleco.test,Renewal Nudge,100015,Granite Retail Corp,,100319,,,,,,,101788,,,,,
100056,Contact,103084,priya.reyes@examplecorp.test,Mei Dorsey,2022-10-20 10:33:00,rahul.brooks@examplecorp.test,Chen Haddad,2023-03-25 02:07:00,casey.cohen@examplecorp.test,Morgan Vance,2024-02-06 01:46:00,marco.brooks@acme-fake.test,Chen Okafor,2023-07-25 04:32:00,Y,Arjun Vance,Mei Rossi,Mei Okafor,TAG-2168,Software Developer,,,,,,,,TAG-4893,TAG-5187,mei.okafor@sampleco.test,,,,Active,,,100380,100380,100370,,,,,,,,Other,100447,,,Alpha,100400,,,arjun.silva@sampleco.test,avery.okafor@acme-fake.test,Product Update,100800,Redwood Systems Co,Beta,,,,,,,,,,,,,
100455,Contact,103085,riley.reyes@sampleco.test,Sofia Patel,2022-12-29 08:18:00,sofia.patel@examplecorp.test,Rahul Ivanov,2025-04-10 18:03:00,chen.brooks@demomail.test,Quinn Larsson,2024-03-29 18:14:00,liam.haddad@acme-fake.test,Jordan Sloan,2026-02-22 00:48:00,N,Morgan Ashby,Marco Sato,Quinn Calder,LOT-5968,Customer Success Manager,,,,,,,,,TAG-9207,quinn.calder@sampleco.test,,,,Inactive,,,100020,,100257,,,,,100079,,,Beta,100559,,,Beta,100352,,,alex.silva@examplecorp.test,rowan.reyes@sampleco.test,Product Update,100638,,Alpha,100576,,,,,,,101846,,,,,
100123,Contact,103087,arjun.cohen@demomail.test,Noah Okafor,2025-06-07 23:53:00,sofia.blake@sampleco.test,Reese Silva,2025-04-25 12:31:00,liam.ford@examplecorp.test,Aisha Larsson,2023-06-26 21:13:00,yara.sato@demomail.test,Yara Sloan,2024-04-24 00:34:00,N,Elena Costa,Aisha Blake,Noah Reyes,TAG-5849,HR Generalist,,,,,,,,,TAG-8782,noah.reyes@sampleco.test,,,,Inactive,100597,,100772,100360,100288,,,,,,,,Other,100079,,,Alpha,100548,100368,,taylor.haddad@acme-fake.test,elena.larsson@examplecorp.test,Re-engagement,100333,,Other,100319,,,,,,,101863,,,,N,
100717,Contact,103088,chen.ashby@acme-fake.test,Omar Blake,2025-03-23 23:17:00,mei.mensah@examplecorp.test,Quinn Mercer,2024-10-05 18:53:00,chen.reyes@examplecorp.test,Reese Calder,2024-01-30 12:44:00,marco.calder@acme-fake.test,Reese Cohen,2024-10-28 08:14:00,Y,Quinn Okafor,Nina Vance,Alex Sloan,LOT-8587,Financial Analyst,,LOT-5326,,,,,,TAG-2007,SKU-2358,alex.sloan@demomail.test,,,,Active,,100356,100227,,,,,,,100377,,100094,Beta,100468,,,Beta,100099,100455,,morgan.sato@demomail.test,aisha.sloan@demomail.test,Re-engagement,100205,,,,,,,,,,,,,,,
100208,Contact,103091,taylor.larsson@demomail.test,Emerson Haddad,2023-10-15 17:17:00,chen.rossi@examplecorp.test,Rahul Sloan,2024-04-11 14:45:00,riley.patel@sampleco.test,Marco Sato,2024-12-24 17:27:00,priya.ford@demomail.test,Alex Okafor,2025-07-10 07:43:00,Y,Nina Haddad,Arjun Calder,Yara Reyes,REF-3398,Software Developer,,,,,,REF-7282,,,LOT-9230,yara.reyes@acme-fake.test,,,,Active,100208,100467,100603,100143,100005,,,,,,,100492,Other,100735,,,Beta,,100053,,chen.ford@demomail.test,sofia.garcia@sampleco.test,Re-engagement,100546,Cardinal Partners LLC,,100123,,,,,,,101783,,,,Y,
100123,Contact,103092,morgan.sloan@examplecorp.test,Reese Patel,2025-08-16 16:14:00,skyler.patel@examplecorp.test,Reese Nguyen,2026-07-09 16:40:00,drew.reyes@demomail.test,Emerson Ashby,2023-04-22 02:51:00,jordan.larsson@demomail.test,Reese Vance,2023-03-26 17:45:00,Y,Aisha Costa,Chen Ford,Alex Rossi,SKU-9765,Software Developer,,,,,,TAG-6160,,,TAG-5141,alex.rossi@acme-fake.test,,,,Active,100073,,100132,100236,,,,,,,,,Delta,100060,,,,100415,,,riley.mercer@acme-fake.test,reese.mensah@acme-fake.test,Product Update,100696,,Gamma,,,,,,,,101780,,,,,
100753,Contact,103095,fatima.ivanov@examplecorp.test,Marco Patel,2026-05-31 10:03:00,fatima.sato@acme-fake.test,Emerson Reyes,2023-10-25 02:13:00,emerson.calder@acme-fake.test,Jordan Vance,2023-04-24 12:27:00,emerson.ashby@examplecorp.test,Fatima Whitfield,2024-12-29 01:24:00,N,Elena Vance,Noah Vance,Fatima Cohen,SKU-5864,Support Specialist,,,,,,,,,REF-3102,fatima.cohen@examplecorp.test,,,,Inactive,,100542,100184,100023,,,,,,100440,,,Beta,100500,,,Other,,,,skyler.mensah@demomail.test,morgan.ivanov@examplecorp.test,Re-engagement,100576,,Beta,,,,,,,,101841,,,,,
100753,Contact,103098,diego.mensah@examplecorp.test,Jamie Ashby,2026-04-06 08:36:00,arjun.patel@examplecorp.test,Arjun Ashby,2023-09-22 10:56:00,elena.mensah@demomail.test,Chen Vance,2023-06-28 12:20:00,mei.rossi@demomail.test,Taylor Sloan,2023-03-19 04:04:00,Y,Alex Sato,Marco Blake,Jamie Patel,SKU-2836,Customer Success Manager,,TAG-4498,,,,,,REF-8399,LOT-3948,jamie.patel@sampleco.test,,,,Active,100248,,100333,100003,100391,REF-9115,,,,100386,,,Beta,100031,,,,,100565,,quinn.whitfield@demomail.test,liam.mercer@demomail.test,Event Invite,100443,Brightpath Logistics LLC,,100664,,,,,,,101836,,,,,
100313,Contact,103101,rowan.dorsey@sampleco.test,Avery Mercer,2024-06-07 13:40:00,chen.sloan@demomail.test,Liam Rossi,2023-01-11 06:36:00,arjun.brooks@acme-fake.test,Priya Mercer,2023-01-27 01:38:00,sofia.mensah@acme-fake.test,Taylor Okafor,2026-03-01 14:47:00,N,Omar Nguyen,Emerson Kim,Riley Ford,REF-7892,Bookkeeper,,,,,,,,,REF-7468,riley.ford@demomail.test,,,,Inactive,100683,100637,100037,,100573,,,,,100141,,100459,Gamma,100200,,,Gamma,100333,,,jordan.mensah@demomail.test,aisha.kim@acme-fake.test,Event Invite,100184,,,100744,,,,,,,,,,,,
100454,Contact,103103,priya.cohen@acme-fake.test,Aisha Ivanov,2022-10-18 17:31:00,fatima.blake@demomail.test,Jamie Nguyen,2025-09-10 07:00:00,liam.whitfield@sampleco.test,Arjun Sato,2024-03-29 13:29:00,fatima.okafor@sampleco.test,Morgan Kim,2024-07-01 20:49:00,Y,Marco Kim,Rowan Costa,Yara Kim,REF-5321,Accountant,,,,,,,,REF-8756,LOT-2137,yara.kim@sampleco.test,,,,Active,,,100331,100681,100248,,,,,100516,,100486,Delta,100770,,,Beta,100470,100563,,aisha.kim@sampleco.test,elena.sato@examplecorp.test,Quarterly Newsletter,100377,,Other,100539,,,,,,,101838,N,,,,
100046,Contact,103104,rahul.ford@demomail.test,Rahul Rossi,2025-09-08 08:31:00,liam.whitfield@examplecorp.test,Sofia Ford,2025-03-03 06:41:00,skyler.mercer@sampleco.test,Reese Ashby,2024-08-14 14:26:00,yara.rossi@demomail.test,Reese Garcia,2023-02-16 22:40:00,Y,Jordan Nguyen,Elena Garcia,Aisha Whitfield,LOT-5080,QA Engineer,,,,Standard,,,,REF-3628,TAG-9909,aisha.whitfield@demomail.test,,,,Active,100588,100670,100097,100468,,,,,,,,100344,Delta,100172,,,,,100101,,fatima.kim@sampleco.test,fatima.larsson@demomail.test,Re-engagement,100500,,Beta,,,,,4,,,101869,,,,,
100305,Contact,103105,yara.mercer@demomail.test,Fatima Nguyen,2023-01-21 09:21:00,sofia.ashby@sampleco.test,Jamie Blake,2026-02-04 18:09:00,quinn.sloan@sampleco.test,Arjun Whitfield,2024-04-04 17:02:00,arjun.vance@examplecorp.test,Drew Calder,2024-08-05 21:41:00,Y,Rahul Garcia,Drew Patel,Rahul Haddad,LOT-6306,Support Specialist,,,,,,,,,REF-3356,rahul.haddad@examplecorp.test,,,,Active,100025,100421,100601,100424,,,,,,100224,,100421,Standard,100176,,,Beta,100796,,,omar.kim@demomail.test,mei.kim@acme-fake.test,Re-engagement,100008,,,100455,,,,,,,101873,,,,Y,N
100288,Contact,103108,rowan.ivanov@sampleco.test,Elena Cohen,2025-05-16 01:43:00,priya.sato@examplecorp.test,Morgan Kim,2023-01-27 06:56:00,yara.haddad@acme-fake.test,Taylor Sloan,2023-03-25 17:14:00,sofia.mercer@acme-fake.test,Morgan Cohen,2025-12-16 23:29:00,N,Sofia Haddad,Drew Patel,Casey Nguyen,LOT-3885,QA Engineer,,,,,,,,TAG-8112,REF-4856,casey.nguyen@sampleco.test,,,,Inactive,,,100523,100386,100708,,,,,100037,,100323,Alpha,100344,,Y,Gamma,,100370,,noah.whitfield@examplecorp.test,reese.mensah@demomail.test,Re-engagement,100142,,Gamma,100771,,,,2,,,101795,,,,,
100066,Contact,103110,rowan.nguyen@sampleco.test,Noah Nguyen,2024-09-12 17:15:00,diego.larsson@sampleco.test,Chen Sato,2025-09-05 01:11:00,jordan.rossi@sampleco.test,Diego Nguyen,2023-05-23 13:42:00,omar.patel@demomail.test,Noah Vance,2026-05-22 06:48:00,Y,Arjun Nguyen,Noah Vance,Jordan Mensah,LOT-7027,Bookkeeper,,,,,,,,,TAG-2135,jordan.mensah@demomail.test,,,,Active,,,100554,100760,,,,,,100060,,,Alpha,100750,,,Alpha,100099,100104,,noah.mensah@demomail.test,nina.kim@sampleco.test,Renewal Nudge,100490,Vertex Group LLC,Alpha,100010,,,,4,,,101863,,,,N,
100468,Contact,103113,chen.calder@acme-fake.test,Alex Costa,2026-02-15 16:27:00,emerson.garcia@demomail.test,Priya Mercer,2022-10-25 20:14:00,chen.rossi@sampleco.test,Liam Blake,2024-03-09 08:16:00,emerson.ashby@acme-fake.test,Avery Sloan,2024-11-08 22:47:00,Y,Priya Blake,Omar Kim,Taylor Haddad,SKU-8871,Operations Associate,,,Gamma,,,,,,TAG-6929,taylor.haddad@sampleco.test,,,,Active,,,100569,100736,,LOT-6666,,,,100345,,100091,Beta,100094,,,,100457,,,marco.haddad@acme-fake.test,omar.haddad@acme-fake.test,Quarterly Newsletter,100410,,Gamma,100301,,,,,,,101839,,,,Y,
100661,Contact,103114,nina.dorsey@sampleco.test,Diego Whitfield,2025-07-22 13:20:00,priya.vance@demomail.test,Noah Silva,2024-09-16 11:04:00,quinn.nguyen@acme-fake.test,Diego Sloan,2023-09-23 14:53:00,marco.mensah@demomail.test,Elena Garcia,2025-02-22 13:06:00,N,Jamie Whitfield,Elena Vance,Drew Dorsey,LOT-1682,Executive Assistant,,REF-6848,,,,,,REF-7660,LOT-3265,drew.dorsey@sampleco.test,,,,Inactive,,100410,100496,100723,100750,,,,,,,100208,Delta,100220,,,,100447,100432,,rowan.calder@demomail.test,marco.kim@sampleco.test,Event Invite,100290,,Gamma,100235,,5,,,,,,,,,N,
100520,Contact,103115,quinn.larsson@sampleco.test,Skyler Kim,2025-02-19 21:57:00,marco.silva@demomail.test,Yara Kim,2025-10-02 00:45:00,yara.silva@acme-fake.test,Sofia Garcia,2023-04-14 20:51:00,fatima.blake@examplecorp.test,Avery Brooks,2024-09-06 17:56:00,Y,Omar Cohen,Rahul Mensah,Drew Vance,SKU-8252,Recruiter,,,,,,,1807,,TAG-4696,drew.vance@demomail.test,,,,Active,100168,,100793,100597,100658,,,,,100568,,100184,Other,100203,,,Alpha,100023,100513,,emerson.sato@acme-fake.test,marco.sato@sampleco.test,Event Invite,100641,Copper Industries Co,,100563,,,,,,,,,,,,
100506,Contact,103118,taylor.ford@sampleco.test,Rowan Vance,2023-09-19 08:37:00,elena.kim@examplecorp.test,Rowan Cohen,2023-12-28 04:19:00,drew.calder@acme-fake.test,Chen Cohen,2023-09-28 18:48:00,riley.cohen@demomail.test,Elena Silva,2025-02-16 01:06:00,N,Jamie Reyes,Elena Silva,Arjun Silva,TAG-2602,HR Generalist,,,,,,,,TAG-3187,TAG-7889,arjun.silva@sampleco.test,,,,Inactive,100356,100474,100239,100120,100209,,,,,100316,,100254,Other,100122,,,,,100254,,jamie.cohen@acme-fake.test,mei.vance@sampleco.test,Quarterly Newsletter,100239,Delta Industries Group,,,,,,9,,,,,,,,N
100690,Contact,103120,casey.sloan@demomail.test,Arjun Ford,2025-09-23 11:33:00,taylor.haddad@examplecorp.test,Mei Whitfield,2025-12-08 06:08:00,jamie.silva@acme-fake.test,Rowan Silva,2022-12-25 21:53:00,jamie.ford@acme-fake.test,Riley Sloan,2024-07-02 15:10:00,Y,Rowan Haddad,Mei Okafor,Nina Dorsey,REF-7000,Recruiter,,,,,,,,,LOT-7078,nina.dorsey@acme-fake.test,,,,Active,,100624,100353,100188,,,,,,100293,,100120,Beta,100288,,,Delta,,100310,,marco.vance@examplecorp.test,noah.ivanov@examplecorp.test,Renewal Nudge,100424,Ironwood Foods,Delta,100552,,,,,,,101857,,,,,
100040,Contact,103122,riley.ashby@sampleco.test,Priya Haddad,2025-06-15 05:23:00,aisha.ford@acme-fake.test,Elena Silva,2025-08-28 14:07:00,emerson.reyes@examplecorp.test,Priya Larsson,2022-12-18 20:01:00,riley.reyes@sampleco.test,Marco Brooks,2026-03-12 01:35:00,Y,Riley Ashby,Riley Whitfield,Mei Mercer,SKU-5650,Financial Analyst,,,,,,,,TAG-7047,SKU-8264,mei.mercer@examplecorp.test,,,,Active,,,100110,,100083,,,,,100803,,100613,Other,100424,,,,100767,100232,,marco.blake@examplecorp.test,marco.dorsey@examplecorp.test,Renewal Nudge,100598,,,,,3,,,,,,,,,N,N
100468,Contact,103125,aisha.mercer@examplecorp.test,Taylor Mensah,2024-07-31 01:38:00,sofia.okafor@sampleco.test,Nina Larsson,2023-04-25 08:29:00,morgan.mensah@examplecorp.test,Skyler Brooks,2022-10-31 18:58:00,elena.haddad@sampleco.test,Arjun Mercer,2024-09-12 01:10:00,Y,Yara Ashby,Mei Calder,Quinn Patel,REF-2827,Payroll Specialist,,,,Other,,,,,REF-5955,quinn.patel@demomail.test,,,,Active,100542,100398,100009,100569,,,,,,,,100723,Standard,100494,,,Standard,100685,,,quinn.ashby@demomail.test,morgan.haddad@sampleco.test,Event Invite,100119,Cardinal Dynamics Group,,,,,,,,,101797,,,,,
100440,Contact,103128,casey.vance@demomail.test,Sofia Costa,2023-07-28 21:04:00,priya.blake@demomail.test,Riley Sato,2025-08-31 18:13:00,sofia.whitfield@examplecorp.test,Taylor Blake,2026-02-10 02:54:00,reese.okafor@acme-fake.test,Rowan Cohen,2026-01-21 13:57:00,N,Noah Sato,Avery Ashby,Sofia Sato,REF-3920,Recruiter,,,,,,,3208,,REF-7351,sofia.sato@acme-fake.test,,,,Inactive,100487,,100498,100186,100759,,,,,100069,,100447,Beta,100486,,,,100681,,,noah.dorsey@sampleco.test,chen.whitfield@examplecorp.test,Quarterly Newsletter,100464,Blue Ridge Health Inc,Alpha,,,,,,,,101838,,,,,
100760,Contact,103131,riley.silva@acme-fake.test,Avery Vance,2023-12-08 21:15:00,reese.mercer@examplecorp.test,Elena Mercer,2024-07-20 00:26:00,omar.ashby@demomail.test,Priya Nguyen,2025-07-22 01:04:00,priya.blake@demomail.test,Fatima Okafor,2025-03-08 18:51:00,Y,Yara Nguyen,Alex Sloan,Liam Silva,TAG-8655,QA Engineer,,,,,,,,,SKU-3069,liam.silva@demomail.test,,,,Active,,100063,100654,,100216,,,,,,,,Beta,100288,,,,100526,,,morgan.ford@demomail.test,diego.kim@examplecorp.test,Re-engagement,100625,,,,,,,,,,,,,,,
100503,Contact,103132,omar.garcia@demomail.test,Elena Cohen,2026-05-19 06:24:00,casey.brooks@sampleco.test,Omar Cohen,2026-02-18 02:07:00,liam.blake@sampleco.test,Priya Brooks,2024-04-21 22:03:00,morgan.mercer@acme-fake.test,Arjun Blake,2023-05-23 04:09:00,Y,Priya Ivanov,Jamie Larsson,Rahul Ashby,SKU-4144,Support Specialist,,,,Delta,,,,LOT-4026,LOT-9106,rahul.ashby@sampleco.test,,,,Active,,,100573,100136,100398,,,,,100310,,,Delta,100418,,,Alpha,100291,100788,,avery.calder@demomail.test,chen.larsson@examplecorp.test,Re-engagement,100117,Ironwood Foods Ltd,,,,,,,,,,,,,Y,
100464,Contact,103134,noah.brooks@acme-fake.test,Jordan Haddad,2023-03-02 15:04:00,jordan.vance@acme-fake.test,Riley Sloan,2023-01-12 05:58:00,morgan.patel@sampleco.test,Yara Blake,2023-02-17 19:32:00,diego.mercer@examplecorp.test,Elena Ivanov,2025-01-03 20:16:00,Y,Avery Ford,Morgan Reyes,Rowan Ivanov,LOT-2194,Accountant,,,,,,,,,TAG-8669,rowan.ivanov@acme-fake.test,,,,Active,100473,,100405,100712,100146,,,,,100223,,,Alpha,100301,,,,100702,100699,,reese.larsson@acme-fake.test,reese.reyes@sampleco.test,Re-engagement,100731,,,,,,,,,,101857,,,,,
100503,Contact,103136,arjun.silva@sampleco.test,Drew Vance,2023-02-26 14:27:00,casey.okafor@examplecorp.test,Diego Blake,2026-07-06 05:38:00,diego.mercer@acme-fake.test,Arjun Mensah,2025-12-05 07:46:00,jordan.calder@acme-fake.test,Noah Brooks,2023-09-07 13:10:00,Y,Diego Ivanov,Elena Ivanov,Mei Rossi,SKU-9446,Software Developer,,,,,,,,TAG-3945,REF-3528,mei.rossi@acme-fake.test,,,,Active,100017,100282,100370,100254,100331,TAG-2974,,,,100080,,,Delta,100331,,,,100475,,,yara.patel@sampleco.test,reese.mensah@acme-fake.test,Event Invite,100107,,,100080,,,10,,,,101854,,,,,
100360,Contact,103139,drew.calder@sampleco.test,Sofia Dorsey,2025-12-25 09:53:00,alex.ivanov@acme-fake.test,Mei Patel,2025-07-18 06:43:00,quinn.ford@acme-fake.test,Arjun Mensah,2023-08-31 02:41:00,diego.mensah@acme-fake.test,Skyler Ashby,2023-05-26 04:15:00,Y,Omar Calder,Yara Blake,Alex Ivanov,SKU-7019,HR Generalist,,,,,,,,TAG-8678,REF-8063,alex.ivanov@sampleco.test,,,,Active,,,100008,,100479,,,,,100760,,100101,Standard,100153,,,Alpha,100391,100016,,chen.brooks@demomail.test,elena.blake@sampleco.test,Re-engagement,100763,Vertex Energy,,100403,,,,,,,,,,,,N
100275,Contact,103141,emerson.ford@acme-fake.test,Arjun Garcia,2023-07-29 11:40:00,liam.ford@sampleco.test,Elena Ashby,2024-04-01 09:01:00,marco.sato@demomail.test,Rowan Ashby,2023-03-17 09:00:00,liam.blake@examplecorp.test,Avery Whitfield,2024-04-22 17:56:00,Y,Mei Patel,Taylor Vance,Elena Ashby,LOT-1296,Recruiter,,REF-6356,,,,,,,LOT-9375,elena.ashby@examplecorp.test,,,,Active,100165,100543,100704,,,TAG-3366,,,,,,100708,Beta,100672,,,Standard,100462,100765,,riley.haddad@examplecorp.test,riley.kim@demomail.test,Event Invite,100470,Granite Capital Corp,,100587,,,,,,,101841,,,,,
100128,Contact,103142,liam.silva@acme-fake.test,Skyler Larsson,2026-03-19 13:47:00,rowan.reyes@acme-fake.test,Morgan Brooks,2025-04-15 19:04:00,jordan.kim@demomail.test,Liam Sloan,2025-10-04 04:32:00,fatima.sloan@acme-fake.test,Chen Ivanov,2022-11-21 19:01:00,Y,Omar Okafor,Nina Rossi,Priya Whitfield,SKU-4541,HR Generalist,,,,,,,,,SKU-1297,priya.whitfield@sampleco.test,,,,Active,100005,100468,100255,,100176,,,,,,,100459,Delta,100473,,,Gamma,100755,100041,,emerson.blake@sampleco.test,skyler.ivanov@demomail.test,Product Update,100485,,,100106,,,,,,,101836,,,,,
100382,Contact,103144,jordan.reyes@examplecorp.test,Noah Silva,2025-03-09 00:29:00,jordan.sloan@examplecorp.test,Arjun Ivanov,2024-07-28 03:54:00,aisha.reyes@sampleco.test,Mei Nguyen,2022-10-22 05:23:00,elena.mercer@acme-fake.test,Rahul Cohen,2026-05-13 02:05:00,N,Jamie Costa,Omar Reyes,Marco Okafor,LOT-3365,Project Manager,,,,,,,,REF-9687,REF-3460,marco.okafor@acme-fake.test,,,,Inactive,,100746,100302,,100506,,,,,100309,,,Beta,100518,,,Delta,100186,100658,,noah.okafor@examplecorp.test,jamie.sloan@acme-fake.test,Re-engagement,100051,,,100277,,,,,,,101790,,,,Y,
100156,Contact,103145,alex.cohen@sampleco.test,Jordan Kim,2024-06-11 14:20:00,yara.nguyen@examplecorp.test,Marco Mercer,2025-03-21 12:09:00,jordan.kim@examplecorp.test,Emerson Dorsey,2024-01-19 08:19:00,taylor.larsson@sampleco.test,Alex Haddad,2026-01-08 22:31:00,Y,Sofia Ivanov,Aisha Reyes,Aisha Vance,REF-6178,Project Manager,,,,,,,,,TAG-6528,aisha.vance@demomail.test,,,,Active,100531,100316,100141,100176,,,,,,,,100546,Standard,100286,,,,,,,mei.ivanov@sampleco.test,priya.okafor@examplecorp.test,Event Invite,100360,Falcon Ventures LLC,Beta,,,,,,,,101859,,,,N,
100286,Contact,103147,reese.sloan@acme-fake.test,Arjun Cohen,2023-05-27 18:41:00,drew.reyes@examplecorp.test,Avery Ford,2024-03-24 17:54:00,skyler.haddad@demomail.test,Fatima Garcia,2023-10-03 00:36:00,liam.cohen@acme-fake.test,Diego Okafor,2024-11-27 08:38:00,N,Rowan Okafor,Aisha Mensah,Reese Garcia,LOT-8206,Recruiter,,,,Other,,,,,SKU-8395,reese.garcia@acme-fake.test,,,,Inactive,100486,,100316,,100487,REF-1037,,,,,,100490,Gamma,100758,,,,,100203,,nina.ashby@demomail.test,morgan.patel@sampleco.test,Product Update,100658,,Gamma,,,,,,,,,,,,N,
100462,Contact,103149,riley.nguyen@examplecorp.test,Avery Mercer,2024-12-07 05:50:00,fatima.ashby@examplecorp.test,Noah Ford,2024-01-12 17:22:00,quinn.ashby@demomail.test,Rowan Reyes,2025-08-15 11:06:00,alex.rossi@acme-fake.test,Priya Larsson,2025-12-27 04:54:00,Y,Jordan Sato,Fatima Patel,Marco Whitfield,SKU-1045,Data Analyst,,,,,,,,,TAG-6841,marco.whitfield@sampleco.test,,,,Active,100139,100780,100142,,,LOT-3663,,,,,,100522,Beta,100142,,,Beta,100111,100123,,yara.silva@sampleco.test,jordan.sato@acme-fake.test,Re-engagement,100500,Lakeside Logistics,Gamma,100075,,,,6,,,,,,,Y,
100532,Contact,103151,drew.mensah@sampleco.test,Omar Sato,2024-10-30 07:53:00,elena.rossi@demomail.test,Reese Nguyen,2023-04-13 05:39:00,yara.costa@examplecorp.test,Rowan Dorsey,2024-12-13 17:34:00,chen.larsson@sampleco.test,Emerson Dorsey,2023-02-10 16:37:00,Y,Quinn Ashby,Marco Rossi,Noah Garcia,REF-6303,Executive Assistant,,,,,,,,LOT-1333,TAG-5124,noah.garcia@demomail.test,,,,Active,,,100177,100134,100763,,,,,100395,,100345,Beta,100328,,,Beta,100447,,,elena.ashby@acme-fake.test,skyler.patel@sampleco.test,Renewal Nudge,100457,,Alpha,100295,,0,,,,,,,,,,
100374,Contact,103154,liam.mensah@acme-fake.test,Elena Garcia,2022-10-26 03:13:00,sofia.blake@examplecorp.test,Rowan Cohen,2025-01-29 13:36:00,rowan.nguyen@demomail.test,Chen Patel,2022-12-09 09:20:00,chen.okafor@examplecorp.test,Arjun Kim,2024-07-04 23:45:00,Y,Nina Vance,Aisha Garcia,Jordan Dorsey,REF-9654,Executive Assistant,,,,,,,7197,,REF-8000,jordan.dorsey@sampleco.test,,,,Active,,,100344,100555,100049,,,,,100486,,100113,Other,100151,,,Delta,100654,100272,,noah.ford@acme-fake.test,sofia.costa@acme-fake.test,Product Update,100280,,,,,,,,,,,,,,,
100596,Contact,103156,sofia.mensah@sampleco.test,Liam Costa,2026-07-21 23:55:00,yara.okafor@acme-fake.test,Rowan Sloan,2026-03-07 03:22:00,rowan.haddad@acme-fake.test,Elena Sloan,2023-03-24 12:47:00,alex.nguyen@examplecorp.test,Rahul Whitfield,2023-10-26 16:19:00,Y,Emerson Mensah,Sofia Patel,Liam Whitfield,SKU-5019,Executive Assistant,,,,Standard,,,,,LOT-2983,liam.whitfield@sampleco.test,,,,Active,100704,,100420,100374,100638,,,,,100120,,,Beta,100492,,,,100290,,,yara.ashby@demomail.test,aisha.sloan@sampleco.test,Quarterly Newsletter,100538,Cobalt Energy Ltd,,100259,,,,,,,101876,,,,N,
100227,Contact,103157,riley.larsson@examplecorp.test,Alex Rossi,2025-07-25 22:29:00,marco.kim@acme-fake.test,Chen Patel,2024-08-31 23:35:00,mei.patel@demomail.test,Jamie Whitfield,2026-04-20 15:12:00,aisha.vance@acme-fake.test,Skyler Brooks,2026-04-13 16:04:00,Y,Morgan Ashby,Emerson Dorsey,Nina Ford,TAG-4025,Data Analyst,,REF-5499,,,,,,REF-4978,SKU-5347,nina.ford@acme-fake.test,,,,Active,100136,,100134,100702,100206,,,,,100417,,100277,Beta,100049,,,,100111,100469,,fatima.mensah@examplecorp.test,rahul.silva@acme-fake.test,Product Update,100475,Delta Logistics Inc,Gamma,100185,,,,,,,101862,,,,N,Y
100649,Contact,103158,reese.reyes@demomail.test,Noah Okafor,2026-07-13 23:22:00,jamie.mercer@sampleco.test,Avery Sloan,2025-03-08 02:24:00,nina.whitfield@examplecorp.test,Omar Rossi,2024-06-11 05:49:00,morgan.rossi@sampleco.test,Riley Mercer,2023-04-13 09:35:00,Y,Marco Patel,Morgan Vance,Diego Haddad,SKU-5467,Bookkeeper,,,,Beta,,,,SKU-1241,REF-3359,diego.haddad@demomail.test,,,,Active,100091,,100571,,100723,,,,,,,,Beta,100141,,,Beta,,,,alex.mensah@demomail.test,casey.patel@acme-fake.test,Quarterly Newsletter,100624,Keystone Media Co,Gamma,,,,,,,,101837,N,,,N,
100588,Contact,103159,drew.brooks@acme-fake.test,Priya Vance,2025-03-24 21:12:00,nina.ford@demomail.test,Avery Silva,2026-06-13 16:02:00,fatima.costa@demomail.test,Elena Larsson,2024-10-09 13:11:00,avery.okafor@examplecorp.test,Rowan Cohen,2023-02-07 02:25:00,Y,Marco Mercer,Taylor Rossi,Yara Brooks,TAG-1415,QA Engineer,,,,,,,,,LOT-7858,yara.brooks@demomail.test,,,,Active,100153,100649,100224,100638,100588,,,,,100574,,100242,Alpha,100272,,,Standard,100213,,,elena.calder@acme-fake.test,drew.patel@sampleco.test,Quarterly Newsletter,100368,,Standard,100573,,,8,,,,101796,,,,N,
100062,Contact,103160,avery.sloan@examplecorp.test,Rowan Whitfield,2023-02-28 01:09:00,liam.reyes@demomail.test,Skyler Dorsey,2024-10-05 03:26:00,liam.brooks@acme-fake.test,Chen Larsson,2026-03-13 14:46:00,fatima.whitfield@demomail.test,Fatima Garcia,2023-08-15 22:53:00,Y,Rahul Whitfield,Arjun Reyes,Sofia Mercer,REF-6955,Bookkeeper,,,,Standard,,LOT-8944,,,SKU-8689,sofia.mercer@demomail.test,,,,Active,100058,100731,100765,100044,100103,,,,,,,,Standard,100699,,,,100188,100143,,priya.sloan@sampleco.test,taylor.ford@sampleco.test,Event Invite,100517,Delta Dynamics,,100509,,,,,,,101863,,,,Y,
100628,Contact,103162,drew.silva@sampleco.test,Chen Ivanov,2025-05-11 02:37:00,avery.dorsey@sampleco.test,Avery Blake,2025-03-07 08:33:00,nina.silva@sampleco.test,Aisha Rossi,2022-11-04 16:00:00,chen.brooks@examplecorp.test,Nina Ashby,2026-03-21 15:10:00,Y,Priya Blake,Marco Reyes,Liam Dorsey,LOT-5078,Payroll Specialist,,,,,,,,SKU-3277,LOT-4144,liam.dorsey@sampleco.test,,,,Active,,100290,100486,,100784,,,,,100708,,,Delta,100548,,,Beta,,100559,,taylor.dorsey@acme-fake.test,chen.ford@examplecorp.test,Event Invite,100285,Lakeside Foods,Standard,100328,,,1,,,,,,,,N,
100251,Contact,103164,aisha.dorsey@examplecorp.test,Aisha Sloan,2025-07-31 11:55:00,chen.silva@sampleco.test,Riley Larsson,2026-06-09 20:51:00,rahul.kim@acme-fake.test,Reese Dorsey,2023-09-11 05:41:00,omar.patel@examplecorp.test,Priya Blake,2026-05-20 03:05:00,Y,Liam Okafor,Noah Calder,Omar Kim,LOT-1018,Financial Analyst,,,,,,,,,LOT-9264,omar.kim@demomail.test,,,,Active,,,100744,,100440,,,,,100470,,,Delta,100798,,,,100432,,,nina.dorsey@examplecorp.test,fatima.patel@examplecorp.test,Renewal Nudge,100601,Summit Holdings Ltd,Alpha,100496,,,,,,,101866,,,,Y,
100558,Contact,103166,mei.rossi@sampleco.test,Yara Blake,2025-09-27 14:13:00,morgan.patel@acme-fake.test,Reese Sato,2026-05-22 03:52:00,reese.sato@demomail.test,Emerson Ford,2023-09-29 10:47:00,mei.sloan@demomail.test,Chen Mensah,2022-10-24 01:25:00,Y,Emerson Mensah,Noah Nguyen,Arjun Larsson,TAG-8718,Project Manager,,,,,,,,,LOT-9242,arjun.larsson@examplecorp.test,,,,Active,,,100281,,100282,,,,,,,,Gamma,100723,,,Other,100613,,,jamie.garcia@examplecorp.test,priya.sloan@sampleco.test,Product Update,100798,Silverline Robotics,Alpha,100454,,,,,,,,,,,N,
100527,Contact,103167,mei.okafor@sampleco.test,Fatima Brooks,2024-12-13 11:47:00,rahul.nguyen@demomail.test,Rowan Nguyen,2022-11-05 01:16:00,reese.sloan@demomail.test,Reese Patel,2026-04-13 04:05:00,reese.kim@examplecorp.test,Mei Dorsey,2026-07-04 16:30:00,Y,Skyler Vance,Liam Kim,Taylor Kim,TAG-7269,Recruiter,,,,,,,,SKU-5319,LOT-5568,taylor.kim@demomail.test,,,,Active,,100735,100352,100205,,,,,,,,100331,Delta,100113,,,Alpha,,100383,,jordan.costa@acme-fake.test,mei.whitfield@sampleco.test,Renewal Nudge,100765,,Other,,,,,,,,101876,,,,N,Y
100726,Contact,103170,yara.sloan@examplecorp.test,Arjun Silva,2026-07-15 00:37:00,noah.blake@examplecorp.test,Chen Ivanov,2025-06-15 22:46:00,marco.rossi@acme-fake.test,Quinn Kim,2022-11-07 13:13:00,rowan.ivanov@examplecorp.test,Nina Okafor,2023-09-03 03:07:00,N,Rowan Ford,Skyler Ivanov,Alex Dorsey,SKU-3229,Accountant,,,,,,,,TAG-2487,REF-7567,alex.dorsey@examplecorp.test,,,,Inactive,,,100200,100195,,,,,,100308,,100380,Delta,100742,,,Standard,100042,100206,,aisha.okafor@acme-fake.test,casey.larsson@acme-fake.test,Event Invite,100542,,,,,,,,,,101805,,,,Y,
100062,Contact,103173,taylor.brooks@examplecorp.test,Skyler Reyes,2023-04-14 18:16:00,arjun.blake@sampleco.test,Fatima Larsson,2025-05-02 06:11:00,emerson.larsson@sampleco.test,Aisha Calder,2024-02-28 21:11:00,diego.nguyen@acme-fake.test,Skyler Costa,2024-03-25 21:23:00,Y,Arjun Ford,Nina Okafor,Yara Sloan,SKU-2597,Payroll Specialist,,,,,Beta,,,LOT-8663,SKU-8797,yara.sloan@acme-fake.test,,,,Active,,,100661,100688,,,,,,,,,Gamma,100014,,,,,100243,,casey.silva@demomail.test,rowan.ford@acme-fake.test,Product Update,100178,Copper Labs Group,Beta,100437,,,,5,,,,,,,N,
100628,Contact,103175,liam.calder@sampleco.test,Marco Okafor,2023-06-17 08:33:00,noah.ivanov@acme-fake.test,Casey Sato,2026-02-13 00:55:00,jordan.rossi@sampleco.test,Noah Brooks,2023-02-07 16:58:00,alex.ivanov@examplecorp.test,Elena Mercer,2024-04-05 10:53:00,Y,Priya Haddad,Nina Silva,Nina Sato,REF-4827,Bookkeeper,,,,,,,,,SKU-1604,nina.sato@acme-fake.test,,,,Active,,100539,100176,100652,100770,,,,,100370,,100371,Beta,100037,,,Delta,,100765,,emerson.costa@acme-fake.test,elena.larsson@sampleco.test,Quarterly Newsletter,100356,,,100345,,,,,,,101804,,,,,Y
100641,Contact,103177,casey.silva@demomail.test,Quinn Kim,2024-03-12 16:32:00,nina.blake@examplecorp.test,Fatima Ivanov,2025-04-11 15:17:00,casey.patel@examplecorp.test,Diego Vance,2025-03-26 19:13:00,chen.sato@demomail.test,Rahul Okafor,2025-02-05 08:13:00,Y,Quinn Haddad,Taylor Kim,Priya Sloan,LOT-4781,Project Manager,,,,Alpha,,REF-9735,,,TAG-8479,priya.sloan@sampleco.test,,,,Active,100518,100269,100497,100192,100613,,,,,,,100413,Beta,100123,,,Delta,100597,100277,,rahul.ashby@sampleco.test,riley.larsson@sampleco.test,Renewal Nudge,100203,Silverline Health LLC,,,,,,0,,,101867,,,,N,
100293,Contact,103180,avery.costa@demomail.test,Alex Calder,2024-01-09 03:18:00,priya.sloan@sampleco.test,Liam Larsson,2026-05-25 06:08:00,chen.ivanov@sampleco.test,Nina Silva,2026-04-14 06:31:00,elena.mensah@sampleco.test,Drew Sato,2024-01-10 07:07:00,Y,Yara Okafor,Diego Okafor,Marco Ivanov,LOT-3463,Payroll Specialist,,,,,,,,,TAG-1950,marco.ivanov@examplecorp.test,,,,Active,,100322,100313,100736,100638,,,,,100656,,100780,Beta,100220,,,Other,100760,,,rowan.dorsey@examplecorp.test,jordan.mensah@acme-fake.test,Renewal Nudge,100712,Brightpath Retail LLC,Other,100503,,,,4,,,,,,,,
100240,Contact,103182,diego.blake@acme-fake.test,Reese Sloan,2025-10-18 13:38:00,alex.dorsey@demomail.test,Reese Dorsey,2022-10-25 02:16:00,yara.patel@acme-fake.test,Skyler Reyes,2025-09-29 09:04:00,sofia.kim@demomail.test,Jordan Mercer,2025-02-25 02:30:00,Y,Avery Cohen,Avery Okafor,Jamie Vance,TAG-3224,Payroll Specialist,,,,,,,,SKU-8844,SKU-7320,jamie.vance@examplecorp.test,,,,Active,100277,100672,100715,,100165,,,,,100056,,100053,Gamma,100548,,,Alpha,,,,nina.silva@sampleco.test,omar.reyes@sampleco.test,Event Invite,100565,Blue Ridge Group Group,Delta,,,,9,7,,,,,,,N,Y
100200,Contact,103183,priya.larsson@examplecorp.test,Avery Sloan,2026-04-10 16:44:00,quinn.costa@acme-fake.test,Casey Costa,2026-07-29 15:20:00,rahul.rossi@examplecorp.test,Chen Ford,2025-11-10 21:16:00,elena.garcia@sampleco.test,Marco Mercer,2025-01-26 23:19:00,Y,Rowan Sato,Avery Kim,Riley Haddad,TAG-8595,Executive Assistant,,,,,,,,REF-7817,TAG-3008,riley.haddad@demomail.test,,,,Active,100370,100676,100527,100760,100588,,,,,100217,,,Standard,100479,,,Delta,,,,quinn.reyes@demomail.test,taylor.sato@demomail.test,Renewal Nudge,100366,,,,,,,,,,101841,,,,Y,
100129,Contact,103184,elena.sato@acme-fake.test,Liam Reyes,2025-06-19 02:48:00,skyler.ford@acme-fake.test,Taylor Ford,2024-12-28 15:42:00,fatima.cohen@examplecorp.test,Drew Ivanov,2023-06-23 16:41:00,skyler.ford@examplecorp.test,Chen Rossi,2023-05-01 04:20:00,N,Arjun Ford,Skyler Mercer,Fatima Kim,TAG-9502,Customer Success Manager,,,,,,,,LOT-4027,TAG-6755,fatima.kim@examplecorp.test,,,,Inactive,100573,100720,100012,100070,100587,,,,,,,,Standard,100452,,,Standard,,,,quinn.rossi@examplecorp.test,skyler.garcia@demomail.test,Quarterly Newsletter,100468,Falcon Foods Ltd,Beta,100305,,,,3,,,101800,,,,,
100310,Contact,103185,rowan.whitfield@acme-fake.test,Casey Calder,2022-10-15 13:44:00,diego.brooks@acme-fake.test,Marco Blake,2024-01-24 18:04:00,avery.kim@sampleco.test,Taylor Rossi,2023-12-17 21:07:00,sofia.blake@acme-fake.test,Morgan Haddad,2023-08-22 19:26:00,Y,Reese Dorsey,Taylor Okafor,Fatima Patel,SKU-5996,QA Engineer,,,,,,,,,REF-2382,fatima.patel@demomail.test,,,,Active,100437,,100434,100395,100342,,,,,,,,Alpha,100232,,,Delta,100690,100123,,rowan.mercer@demomail.test,marco.haddad@examplecorp.test,Event Invite,100164,Northwind Logistics LLC,,,,,,,,,101866,,,,Y,
100607,Contact,103187,yara.brooks@demomail.test,Noah Dorsey,2025-09-09 07:15:00,mei.reyes@demomail.test,Marco Silva,2024-10-15 00:47:00,arjun.blake@acme-fake.test,Drew Whitfield,2023-03-31 02:01:00,riley.dorsey@examplecorp.test,Jamie Dorsey,2025-06-09 04:07:00,N,Priya Larsson,Mei Calder,Omar Haddad,REF-2641,Payroll Specialist,,REF-7284,,,,,,,TAG-7655,omar.haddad@acme-fake.test,,,,Inactive,,100265,100192,,100239,,,,,,,100016,Delta,100010,,,,100679,100424,,rowan.rossi@sampleco.test,liam.sato@examplecorp.test,Renewal Nudge,100245,,Beta,,,,,,,,101843,,,,Y,
100062,Contact,103190,sofia.reyes@demomail.test,Marco Blake,2026-01-01 16:29:00,skyler.mensah@demomail.test,Fatima Larsson,2023-11-16 00:58:00,arjun.reyes@sampleco.test,Mei Costa,2024-03-10 13:37:00,riley.ford@acme-fake.test,Alex Calder,2026-05-03 19:16:00,Y,Marco Nguyen,Taylor Sato,Rahul Okafor,SKU-2467,Recruiter,,,,,,,,,TAG-9305,rahul.okafor@acme-fake.test,,,,Active,100443,100171,100229,100418,100352,,,,,,,,Delta,100786,,,Other,,,,taylor.ivanov@demomail.test,emerson.mensah@sampleco.test,Renewal Nudge,100029,Pioneer Energy Inc,,100799,,,,,,,101830,Y,,,,
100672,Contact,103191,chen.mercer@demomail.test,Quinn Blake,2025-06-08 10:57:00,morgan.garcia@demomail.test,Fatima Nguyen,2025-11-10 22:38:00,quinn.okafor@examplecorp.test,Casey Sloan,2025-03-31 01:34:00,rahul.reyes@sampleco.test,Yara Whitfield,2023-12-25 20:14:00,Y,Sofia Ford,Omar Mensah,Noah Reyes,TAG-2545,Recruiter,,,,,,,,,TAG-6605,noah.reyes@examplecorp.test,,,,Active,,100313,100690,100452,,,,,,,,100627,Standard,100532,,,,100328,100010,,diego.sloan@sampleco.test,rahul.ivanov@demomail.test,Event Invite,100800,,Delta,100588,,,,,,,101854,,,,N,Y
100235,Contact,103193,chen.brooks@acme-fake.test,Mei Reyes,2023-05-16 01:58:00,aisha.garcia@sampleco.test,Casey Reyes,2023-07-28 03:37:00,liam.dorsey@demomail.test,Mei Mercer,2026-06-10 18:06:00,morgan.mercer@examplecorp.test,Riley Whitfield,2023-05-23 21:47:00,Y,Arjun Sloan,Rowan Okafor,Priya Kim,REF-4907,Project Manager,,,,,,,,REF-2594,REF-1406,priya.kim@examplecorp.test,,,,Active,100498,100342,100037,,,,,,,100332,,100500,Standard,100272,,,Beta,100475,,,priya.blake@demomail.test,sofia.ashby@sampleco.test,Renewal Nudge,100172,,Beta,100449,,,,,,,101797,N,,,Y,
100042,Contact,103196,avery.silva@examplecorp.test,Rowan Reyes,2024-03-17 03:31:00,rowan.rossi@demomail.test,Skyler Reyes,2023-07-04 03:11:00,riley.ford@acme-fake.test,Riley Ashby,2023-01-04 23:56:00,arjun.mensah@sampleco.test,Priya Costa,2023-07-09 21:37:00,N,Alex Haddad,Quinn Rossi,Morgan Blake,TAG-4388,Recruiter,,,Delta,,,,,SKU-5468,SKU-4487,morgan.blake@demomail.test,,,,Inactive,100560,100520,100234,100494,100110,,,,,100632,,,Other,100517,,,Alpha,100382,100257,,yara.calder@acme-fake.test,jordan.rossi@sampleco.test,Event Invite,100610,,Alpha,,,,,,,,101871,Y,,,,
100066,Contact,103198,rowan.calder@acme-fake.test,Rahul Cohen,2026-03-18 10:47:00,chen.sloan@demomail.test,Marco Sato,2023-09-05 02:46:00,aisha.ford@sampleco.test,Yara Ford,2026-02-07 18:06:00,quinn.patel@acme-fake.test,Drew Ashby,2024-11-29 05:41:00,Y,Priya Larsson,Jamie Nguyen,Diego Mensah,SKU-4778,Customer Success Manager,,,,,,,745,TAG-4131,SKU-9026,diego.mensah@sampleco.test,,,,Active,,100123,100459,100380,,REF-9162,,,,100080,,100026,Beta,100771,,,,,100056,,jordan.mensah@demomail.test,elena.costa@acme-fake.test,Product Update,100417,Beacon Ventures,Beta,100753,,7,,,,,101866,,,,Y,
100475,Contact,103201,elena.brooks@demomail.test,Reese Costa,2023-04-21 03:23:00,casey.okafor@examplecorp.test,Rahul Sato,2026-06-22 15:09:00,diego.mensah@demomail.test,Yara Whitfield,2025-09-16 20:19:00,avery.whitfield@demomail.test,Liam Ivanov,2023-06-02 10:53:00,Y,Elena Brooks,Marco Dorsey,Fatima Calder,LOT-6547,Executive Assistant,,,,,,,,SKU-5310,LOT-9814,fatima.calder@examplecorp.test,,,,Active,100257,100475,100676,,100672,,,,,,,100420,Other,100408,,,Alpha,100434,100784,,jamie.kim@acme-fake.test,aisha.patel@sampleco.test,Quarterly Newsletter,100424,,Gamma,100531,,,,,,,,,,,Y,
100579,Contact,103202,jordan.silva@examplecorp.test,Noah Ivanov,2025-08-30 06:50:00,jamie.ford@demomail.test,Omar Calder,2024-04-14 10:52:00,jordan.costa@examplecorp.test,Jamie Sato,2026-03-24 21:57:00,drew.okafor@acme-fake.test,Morgan Sloan,2023-11-27 12:43:00,N,Omar Calder,Drew Calder,Aisha Ford,LOT-6880,Payroll Specialist,,,,,,,,,LOT-9854,aisha.ford@acme-fake.test,,,,Inactive,,,100272,100445,100638,,,,,,,100313,Alpha,100336,,,,100123,,,sofia.cohen@demomail.test,aisha.garcia@demomail.test,Event Invite,100755,,,100197,,,,,,,101830,,,,,
100434,Contact,103204,skyler.brooks@examplecorp.test,Casey Cohen,2026-03-01 19:59:00,morgan.ford@examplecorp.test,Priya Okafor,2025-05-16 12:03:00,chen.sloan@demomail.test,Avery Patel,2024-04-12 19:58:00,fatima.patel@acme-fake.test,Skyler Silva,2023-09-12 11:50:00,Y,Morgan Mensah,Rahul Sato,Jordan Ivanov,REF-8651,Data Analyst,,,,,,,,,SKU-5967,jordan.ivanov@acme-fake.test,,,,Active,,,100356,100457,,,,,,100165,,,Beta,100345,,,Gamma,,100437,,casey.sloan@demomail.test,omar.reyes@sampleco.test,Re-engagement,100597,,,,,,,,,,101850,,,,,
100041,Contact,103206,avery.okafor@demomail.test,Skyler Patel,2024-04-26 10:39:00,reese.larsson@examplecorp.test,Taylor Sloan,2024-04-30 11:17:00,mei.cohen@examplecorp.test,Fatima Ivanov,2026-07-14 00:48:00,elena.ford@acme-fake.test,Yara Brooks,2025-03-06 11:18:00,N,Morgan Brooks,Rahul Sato,Mei Ashby,SKU-1311,QA Engineer,,,,,,,,,REF-7540,mei.ashby@examplecorp.test,,,,Inactive,,,100026,,,,,,,,,100366,Standard,100704,,Y,,,100060,,skyler.blake@acme-fake.test,skyler.reyes@sampleco.test,Quarterly Newsletter,100176,Atlas Foods Co,Other,,,,,,,,,,,,N,
100457,Contact,103208,skyler.garcia@sampleco.test,Marco Ashby,2025-06-02 00:38:00,noah.reyes@demomail.test,Alex Silva,2024-11-18 08:56:00,jordan.ivanov@acme-fake.test,Rowan Cohen,2026-06-15 06:18:00,taylor.kim@sampleco.test,Marco Brooks,2023-05-17 14:01:00,Y,Jordan Garcia,Priya Sato,Riley Garcia,REF-9717,HR Generalist,,,,,,,,TAG-6493,TAG-7052,riley.garcia@sampleco.test,,,,Active,,,100420,100269,,,,,,,,,Gamma,100089,,,Standard,,100551,,rahul.whitfield@acme-fake.test,taylor.haddad@acme-fake.test,Event Invite,100333,,,,,,,2,,,101841,,,,Y,
100432,Contact,103210,riley.sloan@demomail.test,Morgan Ashby,2024-08-23 04:13:00,omar.whitfield@demomail.test,Aisha Sato,2024-05-10 09:28:00,elena.cohen@sampleco.test,Riley Ford,2025-01-14 22:13:00,noah.sato@sampleco.test,Arjun Ivanov,2023-04-29 01:36:00,Y,Arjun Costa,Casey Garcia,Diego Blake,SKU-3002,Customer Success Manager,,,,,,,,SKU-4014,SKU-5872,diego.blake@sampleco.test,,,,Active,100016,100030,100141,100763,,,,,,100799,,,Standard,100262,,,,100025,,,omar.larsson@sampleco.test,skyler.okafor@demomail.test,Event Invite,100141,Horizon Foods Group,Other,,,,,,,,,,,,Y,N
100029,Contact,103211,diego.calder@acme-fake.test,Emerson Mercer,2023-10-23 23:51:00,reese.vance@sampleco.test,Emerson Garcia,2022-10-14 12:25:00,alex.sloan@demomail.test,Sofia Silva,2023-09-10 21:56:00,chen.silva@sampleco.test,Nina Calder,2024-01-05 22:38:00,N,Arjun Costa,Riley Reyes,Noah Costa,LOT-6194,Executive Assistant,,,,,,,,TAG-9012,TAG-9579,noah.costa@examplecorp.test,,,,Inactive,100184,100005,100382,100780,100356,,,,,,,100224,Gamma,100753,,,,100539,100286,,diego.vance@demomail.test,nina.mensah@sampleco.test,Re-engagement,100560,,Other,,,,,,,,101786,,,,,
100484,Contact,103212,noah.brooks@examplecorp.test,Omar Mercer,2024-02-02 05:15:00,casey.blake@examplecorp.test,Sofia Blake,2024-09-01 09:43:00,elena.brooks@acme-fake.test,Avery Mercer,2024-12-07 08:28:00,aisha.patel@acme-fake.test,Diego Brooks,2022-12-20 18:22:00,Y,Quinn Nguyen,Riley Vance,Sofia Vance,SKU-2425,Executive Assistant,,,,Other,,SKU-7293,,LOT-5748,LOT-2140,sofia.vance@sampleco.test,,,,Active,100129,100042,100421,100291,100107,,,,,100151,,100763,Alpha,100107,,,,100624,,,avery.whitfield@examplecorp.test,mei.silva@acme-fake.test,Product Update,100215,,,100661,,,,,,,,,,,N,
100597,Contact,103213,quinn.nguyen@acme-fake.test,Priya Mercer,2024-08-18 12:06:00,alex.ford@sampleco.test,Liam Kim,2023-02-08 11:28:00,fatima.blake@sampleco.test,Elena Rossi,2023-03-25 12:29:00,yara.okafor@examplecorp.test,Diego Nguyen,2023-05-27 11:23:00,Y,Alex Cohen,Rowan Blake,Nina Larsson,LOT-7711,Project Manager,,,,,,,,TAG-6306,REF-3165,nina.larsson@acme-fake.test,,,,Active,,100454,100546,100356,100464,,,,,100503,,100119,Other,100627,,,,,100395,,riley.haddad@examplecorp.test,reese.garcia@sampleco.test,Re-engagement,100487,,Beta,100309,,10,,,,,,,,,N,
100622,Contact,103216,elena.blake@acme-fake.test,Noah Dorsey,2022-11-28 06:25:00,chen.sloan@sampleco.test,Riley Calder,2024-12-10 16:53:00,nina.ford@sampleco.test,Diego Sloan,2024-08-17 07:51:00,jamie.ivanov@acme-fake.test,Taylor Silva,2025-12-22 02:02:00,N,Liam Blake,Taylor Vance,Quinn Larsson,TAG-9225,Customer Success Manager,,,,,,,,SKU-2682,LOT-5049,quinn.larsson@acme-fake.test,,,,Inactive,100753,100656,100205,100073,,,,,,,,100069,Alpha,100308,,,Alpha,100328,,,elena.sato@examplecorp.test,rowan.costa@sampleco.test,Product Update,100624,Lakeside Dynamics Corp,,,,,,,,,,Y,,,,
100486,Contact,103217,mei.vance@sampleco.test,Alex Reyes,2025-12-18 17:41:00,chen.nguyen@demomail.test,Diego Brooks,2023-09-29 18:29:00,chen.reyes@sampleco.test,Avery Cohen,2025-05-23 15:11:00,reese.nguyen@sampleco.test,Liam Sato,2026-01-26 18:03:00,Y,Skyler Sato,Jordan Blake,Elena Larsson,REF-4168,Accountant,,,,,,,,,REF-3739,elena.larsson@examplecorp.test,,,,Active,100029,100342,100591,,,SKU-9188,,,,,,,Standard,100717,,,,100615,100281,,reese.rossi@sampleco.test,quinn.ashby@examplecorp.test,Re-engagement,100426,Keystone Textiles Ltd,,100413,,,,,,,101827,N,,,,
100333,Contact,103219,jordan.larsson@examplecorp.test,Rahul Vance,2024-01-25 14:51:00,chen.costa@demomail.test,Alex Ford,2025-07-27 04:05:00,casey.calder@examplecorp.test,Fatima Dorsey,2023-03-31 09:10:00,alex.okafor@demomail.test,Alex Larsson,2025-11-16 03:53:00,Y,Arjun Dorsey,Taylor Ford,Jamie Calder,TAG-1326,Financial Analyst,,,,,Beta,,,TAG-8347,SKU-8698,jamie.calder@sampleco.test,,,,Active,100388,,100236,100481,100351,,,,,100316,,100496,Other,100344,,,Other,100370,100184,,liam.ashby@demomail.test,fatima.whitfield@sampleco.test,Renewal Nudge,100591,Horizon Health Inc,,100076,,,,,,,,,,,,
100786,Contact,103222,rahul.ashby@sampleco.test,Fatima Mensah,2026-05-06 21:10:00,diego.mercer@acme-fake.test,Liam Sato,2023-04-23 21:24:00,arjun.larsson@demomail.test,Chen Larsson,2025-10-19 15:29:00,riley.garcia@acme-fake.test,Taylor Brooks,2025-03-17 20:49:00,Y,Fatima Calder,Casey Dorsey,Quinn Costa,SKU-6839,Financial Analyst,,,,,,,,SKU-3884,LOT-4085,quinn.costa@examplecorp.test,,,,Active,100649,100538,100774,100726,100681,,,,,,,100485,Standard,100200,,,Alpha,100182,100664,,morgan.blake@acme-fake.test,omar.dorsey@demomail.test,Quarterly Newsletter,100053,Pioneer Industries Group,Gamma,100031,,,,,,,101808,Y,,,,
100288,Contact,103224,jordan.mercer@examplecorp.test,Marco Okafor,2023-11-18 16:02:00,elena.brooks@demomail.test,Reese Sato,2023-02-10 05:36:00,aisha.costa@examplecorp.test,Rahul Vance,2025-10-23 04:26:00,taylor.sloan@sampleco.test,Omar Mercer,2023-07-06 14:52:00,Y,Rahul Larsson,Riley Sato,Nina Silva,TAG-9681,Recruiter,,,,,,,,SKU-3155,LOT-8531,nina.silva@examplecorp.test,,,,Active,,,100153,,100094,,,,,,,,Beta,100694,,,Alpha,,100542,,noah.silva@acme-fake.test,alex.silva@examplecorp.test,Event Invite,100494,,,,,,,,,,101805,,,,Y,
100516,Contact,103227,avery.vance@examplecorp.test,Nina Ford,2025-04-07 10:48:00,chen.ashby@sampleco.test,Skyler Reyes,2025-02-17 19:32:00,aisha.ivanov@sampleco.test,Chen Whitfield,2025-07-18 05:47:00,mei.vance@demomail.test,Morgan Dorsey,2025-08-20 02:24:00,Y,Nina Kim,Nina Mensah,Marco Larsson,SKU-4575,Bookkeeper,,,,,,,8637,,LOT-2303,marco.larsson@demomail.test,,,,Active,100763,100009,100459,100161,,REF-7960,,,,100115,,100359,Beta,100796,,,,,100206,,liam.whitfield@sampleco.test,emerson.larsson@acme-fake.test,Product Update,100094,,Alpha,,,,4,,,,101821,,,,N,
100238,Contact,103229,omar.brooks@sampleco.test,Marco Ford,2026-05-29 22:19:00,mei.nguyen@acme-fake.test,Rowan Cohen,2025-07-06 05:52:00,quinn.mensah@sampleco.test,Skyler Silva,2023-08-08 19:33:00,quinn.garcia@acme-fake.test,Liam Haddad,2025-04-14 21:09:00,Y,Morgan Garcia,Liam Sato,Casey Kim,SKU-1442,Financial Analyst,,,,,,,,,REF-7859,casey.kim@sampleco.test,,,,Active,,,100331,,,,,,,100506,,100265,Other,100800,,,,100079,,,quinn.garcia@sampleco.test,noah.mercer@examplecorp.test,Renewal Nudge,100484,,Delta,100329,,9,,,,,101876,,,,,
100290,Contact,103230,yara.vance@sampleco.test,Priya Mercer,2026-05-09 13:16:00,chen.silva@acme-fake.test,Quinn Haddad,2025-01-13 12:22:00,liam.reyes@sampleco.test,Avery Ashby,2024-05-16 07:56:00,elena.ivanov@sampleco.test,Mei Whitfield,2023-07-16 06:41:00,Y,Omar Brooks,Emerson Reyes,Liam Mercer,REF-8855,Payroll Specialist,,TAG-8118,,,,,,,SKU-3978,liam.mercer@demomail.test,,,,Active,,100475,100111,100506,,,,,,100083,,100186,Standard,100503,,,Other,,,,priya.garcia@demomail.test,nina.kim@sampleco.test,Event Invite,100522,,Standard,,,,,8,,,101832,,,,N,
100213,Contact,103231,elena.mercer@acme-fake.test,Reese Sloan,2023-02-15 13:19:00,avery.garcia@sampleco.test,Omar Rossi,2025-01-18 05:06:00,mei.brooks@examplecorp.test,Skyler Okafor,2023-05-04 06:49:00,chen.ford@acme-fake.test,Sofia Ford,2026-07-15 14:52:00,Y,Nina Kim,Yara Blake,Taylor Cohen,LOT-2472,Marketing Coordinator,,TAG-4377,,Standard,,,,SKU-6668,REF-1157,taylor.cohen@examplecorp.test,,,,Active,,100120,100254,100475,100356,,,,,,,100588,Alpha,100492,,,,100248,100530,,rahul.larsson@demomail.test,skyler.ashby@acme-fake.test,Renewal Nudge,100803,,Other,100097,,,,,,,101811,,,,Y,Y
100469,Contact,103234,morgan.ashby@demomail.test,Sofia Ford,2022-10-22 18:22:00,jordan.sloan@acme-fake.test,Arjun Costa,2025-10-01 02:44:00,casey.vance@examplecorp.test,Nina Dorsey,2026-03-21 00:55:00,fatima.garcia@acme-fake.test,Fatima Cohen,2023-06-11 07:35:00,Y,Alex Ford,Chen Ashby,Omar Haddad,LOT-9919,Data Analyst,,,,,,,,,TAG-8125,omar.haddad@demomail.test,,,,Active,100449,100679,100765,,100509,,,,,,,100126,Beta,100531,,,,100531,100257,,rahul.brooks@sampleco.test,elena.dorsey@sampleco.test,Renewal Nudge,100568,,Gamma,100796,,,,,,,101832,,,,Y,N
100113,Contact,103237,drew.rossi@demomail.test,Liam Brooks,2023-05-12 09:05:00,mei.mensah@acme-fake.test,Skyler Calder,2022-11-22 17:19:00,avery.kim@acme-fake.test,Jordan Mensah,2023-01-06 21:03:00,arjun.larsson@demomail.test,Mei Silva,2023-09-27 13:40:00,Y,Casey Dorsey,Marco Mensah,Avery Mensah,,Recruiter,,,,,,,,SKU-4766,TAG-3667,avery.mensah@acme-fake.test,,,,Active,,,100620,100129,100593,,,,,,,,Delta,100340,,,Delta,100370,,,arjun.cohen@acme-fake.test,rahul.vance@acme-fake.test,Renewal Nudge,100224,Cobalt Industries Inc,,,,,,,,,,,,,Y,
100638,Contact,103239,noah.mensah@demomail.test,Liam Reyes,2024-01-30 19:31:00,rahul.rossi@sampleco.test,Skyler Larsson,2026-07-13 12:49:00,liam.ford@demomail.test,Taylor Garcia,2025-01-01 17:04:00,skyler.rossi@sampleco.test,Morgan Mensah,2023-06-29 00:59:00,Y,Nina Ivanov,Jordan Silva,Quinn Dorsey,SKU-3563,Recruiter,,,,,,,,REF-8743,REF-2600,quinn.dorsey@examplecorp.test,,,,Active,100661,100229,100526,100083,100049,,,,,,,,Gamma,100083,,,,,100178,,marco.dorsey@sampleco.test,marco.ashby@acme-fake.test,Event Invite,100789,,Alpha,100613,,,,2,,,,,,,,
100143,Contact,103240,marco.whitfield@demomail.test,Marco Cohen,2026-07-24 15:58:00,rahul.mensah@sampleco.test,Fatima Silva,2023-12-19 19:54:00,emerson.ford@sampleco.test,Aisha Ford,2023-03-16 10:16:00,reese.mercer@demomail.test,Noah Garcia,2025-01-16 21:30:00,Y,Jamie Larsson,Reese Whitfield,Chen Vance,REF-8278,Payroll Specialist,,,,,,,,REF-6304,LOT-9706,chen.vance@acme-fake.test,,,,Active,100308,,100251,100117,100513,,,,,,,,Other,100016,,,,100126,100353,,priya.rossi@examplecorp.test,avery.ivanov@demomail.test,Renewal Nudge,100531,,Delta,100134,,,,,,,101811,,,,N,
100060,Contact,103241,morgan.costa@acme-fake.test,Omar Garcia,2024-04-01 17:26:00,drew.ashby@sampleco.test,Nina Calder,2025-11-08 08:17:00,diego.dorsey@sampleco.test,Rowan Calder,2025-10-18 09:10:00,diego.ashby@acme-fake.test,Jordan Costa,2024-10-27 05:30:00,Y,Priya Sato,Elena Kim,Priya Ivanov,TAG-5791,Customer Success Manager,,,,Alpha,,,,SKU-5456,SKU-1429,priya.ivanov@demomail.test,,,,Active,,100360,100229,,100069,,,,,100236,,100418,Delta,100638,,,Beta,,100383,,taylor.ivanov@demomail.test,liam.silva@acme-fake.test,Re-engagement,100596,Ironwood Labs Co,,100462,,,,,,,,,,,N,
100229,Contact,103243,liam.whitfield@acme-fake.test,Arjun Whitfield,2023-01-09 13:42:00,marco.ashby@sampleco.test,Jamie Patel,2023-12-27 00:54:00,sofia.haddad@acme-fake.test,Quinn Brooks,2025-12-04 20:57:00,alex.calder@acme-fake.test,Riley Nguyen,2023-03-22 18:21:00,N,Jordan Rossi,Taylor Mercer,Quinn Mensah,TAG-7139,Project Manager,,,,,,,,TAG-9235,SKU-8019,quinn.mensah@demomail.test,,,,Inactive,100234,,100770,,100447,,,,,,,100177,Beta,100468,,,Gamma,100447,100319,,rahul.sato@acme-fake.test,fatima.brooks@demomail.test,Renewal Nudge,100393,,Standard,,,,,,,,,,,,,
100288,Contact,103244,morgan.rossi@acme-fake.test,Jordan Okafor,2023-02-05 16:57:00,drew.silva@demomail.test,Emerson Sloan,2023-10-31 17:45:00,omar.ivanov@sampleco.test,Arjun Larsson,2023-03-20 15:46:00,sofia.blake@demomail.test,Diego Costa,2024-08-16 09:05:00,Y,Omar Garcia,Yara Okafor,Noah Mercer,REF-8234,Customer Success Manager,,,,,,,,,LOT-4059,noah.mercer@acme-fake.test,,,,Active,100120,100083,100236,,100645,,,,,100005,,,Other,100568,,,Gamma,100492,100558,,casey.blake@acme-fake.test,marco.cohen@acme-fake.test,Quarterly Newsletter,100363,,,,,,,,,,,,,,,
100269,Contact,103247,morgan.patel@examplecorp.test,Yara Haddad,2025-05-01 01:07:00,drew.haddad@acme-fake.test,Noah Vance,2023-09-18 06:18:00,drew.sato@demomail.test,Nina Sato,2024-08-02 16:45:00,fatima.calder@examplecorp.test,Fatima Larsson,2026-04-22 22:13:00,Y,Jamie Ford,Emerson Blake,Mei Mercer,SKU-1988,Data Analyst,,,,,,,,,LOT-9211,mei.mercer@acme-fake.test,,,,Active,100587,100573,100596,,100079,,,,,,,100336,Standard,100551,,,Gamma,100188,100351,,diego.haddad@acme-fake.test,noah.blake@acme-fake.test,Product Update,100236,,Beta,,,,,,,,101804,,,,,
100165,Contact,103250,alex.vance@demomail.test,Drew Mensah,2026-07-20 18:10:00,drew.larsson@examplecorp.test,Arjun Sato,2023-07-27 11:28:00,priya.larsson@acme-fake.test,Elena Ford,2025-08-31 13:42:00,diego.sato@acme-fake.test,Quinn Rossi,2024-06-24 05:57:00,Y,Fatima Brooks,Reese Kim,Elena Blake,LOT-4340,Data Analyst,,,,,,,,,TAG-8456,elena.blake@examplecorp.test,,,,Active,100134,100236,100281,100496,100156,,,,,,,100359,Other,100437,,,,100736,,,elena.sloan@acme-fake.test,alex.vance@demomail.test,Renewal Nudge,100030,Keystone Solutions LLP,,,,,,,,,,,,,,
100520,Contact,103251,drew.okafor@demomail.test,Fatima Kim,2026-06-20 10:50:00,nina.calder@demomail.test,Noah Brooks,2025-11-01 11:56:00,emerson.mensah@demomail.test,Omar Brooks,2023-12-07 18:00:00,emerson.sloan@examplecorp.test,Drew Rossi,2023-10-16 10:49:00,N,Sofia Silva,Drew Sloan,Quinn Larsson,SKU-9445,QA Engineer,,,,,,,,,LOT-2193,quinn.larsson@examplecorp.test,,,,Inactive,,,100413,100656,,,,,,,,100158,Other,100616,,,,,,,alex.sato@examplecorp.test,reese.ivanov@examplecorp.test,Quarterly Newsletter,100522,,Beta,100699,,,,,,,101822,,,,Y,N
100158,Contact,103252,priya.nguyen@demomail.test,Sofia Whitfield,2024-03-25 05:53:00,reese.garcia@sampleco.test,Casey Garcia,2024-12-06 15:48:00,quinn.kim@acme-fake.test,Nina Garcia,2023-08-24 12:50:00,arjun.okafor@demomail.test,Jamie Whitfield,2024-11-24 09:02:00,Y,Taylor Rossi,Emerson Mercer,Drew Patel,LOT-7541,Executive Assistant,,,,,,,,SKU-5187,SKU-3287,drew.patel@examplecorp.test,,,,Active,100376,100206,100030,100803,100738,,,,,,,,Gamma,100313,,,Beta,,100440,,liam.ashby@acme-fake.test,taylor.blake@demomail.test,Renewal Nudge,100432,,Gamma,100709,,,,,,,,,,,N,
100400,Contact,103254,fatima.calder@sampleco.test,Mei Blake,2024-10-06 10:25:00,fatima.larsson@examplecorp.test,Mei Costa,2024-10-06 16:26:00,taylor.mercer@examplecorp.test,Rowan Calder,2024-12-10 21:49:00,elena.patel@demomail.test,Reese Patel,2025-02-18 07:09:00,Y,Sofia Blake,Fatima Sato,Omar Mercer,SKU-8655,Bookkeeper,,,,,,,,LOT-7399,REF-8676,omar.mercer@acme-fake.test,,,,Active,,,100598,100197,100165,,,,,,,100177,Alpha,100582,,,Delta,,100066,,drew.okafor@examplecorp.test,fatima.blake@sampleco.test,Product Update,100455,,Delta,,,,,,,,101811,,,,,
100265,Contact,103257,avery.blake@demomail.test,Quinn Larsson,2025-04-06 09:37:00,sofia.patel@demomail.test,Marco Garcia,2024-10-27 03:45:00,yara.rossi@sampleco.test,Mei Dorsey,2025-07-15 04:19:00,liam.mensah@sampleco.test,Morgan Cohen,2026-06-14 16:20:00,Y,Yara Garcia,Riley Vance,Omar Silva,LOT-8193,Customer Success Manager,,,,,,,,LOT-4909,SKU-6385,omar.silva@demomail.test,,,,Active,,100103,100188,100215,,REF-5931,,,,100190,,,Standard,100664,,,Alpha,100213,100101,,noah.larsson@sampleco.test,elena.whitfield@examplecorp.test,Re-engagement,100474,,,100474,,,,1,,,,,,,,N
100587,Contact,103258,morgan.haddad@acme-fake.test,Nina Silva,2025-07-16 04:00:00,jordan.costa@demomail.test,Aisha Blake,2023-10-11 00:05:00,priya.okafor@demomail.test,Jamie Patel,2026-01-09 22:20:00,jordan.sato@sampleco.test,Jamie Larsson,2026-07-27 16:40:00,Y,Sofia Nguyen,Nina Sato,Avery Silva,LOT-1931,Bookkeeper,,,,,,,,,LOT-8570,avery.silva@acme-fake.test,,,,Active,,,100298,,,,,,,100227,,,Beta,100755,,,,,,,riley.whitfield@demomail.test,jordan.vance@acme-fake.test,Event Invite,100616,,Delta,100168,,,,,,,,,,,N,
100784,Contact,103261,priya.sloan@sampleco.test,Diego Mensah,2024-07-22 07:46:00,emerson.dorsey@demomail.test,Fatima Okafor,2026-01-17 12:04:00,jamie.sloan@acme-fake.test,Quinn Ashby,2025-02-20 16:35:00,arjun.mensah@acme-fake.test,Priya Sato,2024-01-17 21:04:00,Y,Drew Nguyen,Rowan Kim,Aisha Blake,TAG-4176,Bookkeeper,,,,,,,,,TAG-8878,aisha.blake@examplecorp.test,,,,Active,,100325,100638,,100322,,,,,100467,,100016,Alpha,100146,,,Other,100209,100254,,jamie.kim@acme-fake.test,avery.mercer@demomail.test,Event Invite,100262,,Other,,,,,,,,,,,,,
100188,Contact,103263,priya.silva@acme-fake.test,Jordan Costa,2024-06-05 21:55:00,quinn.ashby@sampleco.test,Taylor Ashby,2026-06-13 03:26:00,marco.mensah@examplecorp.test,Mei Rossi,2023-11-12 11:05:00,rahul.silva@examplecorp.test,Chen Haddad,2025-07-11 02:04:00,Y,Mei Costa,Quinn Ivanov,Emerson Ashby,SKU-4086,Financial Analyst,,,,,Standard,,,,TAG-5346,emerson.ashby@acme-fake.test,,,,Active,,,100142,,,,,,,100265,,,Gamma,100120,,,Gamma,100094,100686,,rahul.dorsey@acme-fake.test,jamie.ford@demomail.test,Quarterly Newsletter,100046,,Standard,,,,,,,,,,,,Y,
100777,Contact,103265,riley.cohen@sampleco.test,Avery Kim,2022-12-26 03:03:00,noah.rossi@acme-fake.test,Riley Costa,2024-08-05 16:00:00,emerson.haddad@sampleco.test,Casey Ivanov,2026-07-06 11:01:00,riley.dorsey@examplecorp.test,Taylor Vance,2025-03-07 11:22:00,Y,Casey Larsson,Drew Blake,Emerson Larsson,LOT-6037,Data Analyst,,,,,,,,,TAG-7800,emerson.larsson@demomail.test,,,,Active,,100267,100726,,100053,,,,,,,100437,Other,100410,,,Standard,100481,100482,,yara.vance@acme-fake.test,riley.reyes@acme-fake.test,Quarterly Newsletter,100632,,,100298,,,6,,,,101795,,,,Y,
100634,Contact,103268,mei.okafor@acme-fake.test,Chen Larsson,2023-12-02 23:01:00,casey.ivanov@acme-fake.test,Taylor Larsson,2022-12-11 13:02:00,arjun.whitfield@demomail.test,Rowan Dorsey,2024-03-20 05:45:00,rahul.ford@acme-fake.test,Sofia Haddad,2024-06-01 05:35:00,Y,Skyler Costa,Fatima Nguyen,Noah Sato,,Project Manager,,,,,,,,,LOT-1918,noah.sato@sampleco.test,,,,Active,,,100281,100200,100083,,,,,100031,,,Delta,100158,,,,100758,100386,,quinn.garcia@acme-fake.test,drew.ashby@acme-fake.test,Quarterly Newsletter,100391,Harbor Media LLC,,,,,,1,,,,,,,,
100305,Contact,103269,aisha.vance@examplecorp.test,Mei Dorsey,2023-06-17 20:46:00,riley.garcia@examplecorp.test,Aisha Cohen,2024-03-17 18:17:00,aisha.kim@sampleco.test,Taylor Patel,2022-11-05 06:18:00,noah.brooks@examplecorp.test,Elena Garcia,2026-05-24 11:58:00,Y,Aisha Brooks,Drew Silva,Rowan Larsson,TAG-6171,Executive Assistant,,,,,,,,SKU-1100,SKU-7425,rowan.larsson@examplecorp.test,,,,Active,100763,100117,100017,100319,,,,,,,,100699,Standard,100741,,,Alpha,,100449,,rahul.sato@acme-fake.test,casey.silva@examplecorp.test,Re-engagement,100009,Silverline Industries LLC,Alpha,,,4,,,,,101811,,,,Y,
100395,Contact,103272,alex.silva@sampleco.test,Quinn Rossi,2025-05-30 00:44:00,liam.brooks@sampleco.test,Marco Whitfield,2025-08-02 06:41:00,noah.rossi@demomail.test,Rowan Mensah,2024-02-22 03:18:00,noah.mercer@demomail.test,Skyler Ivanov,2023-11-12 15:22:00,Y,Drew Rossi,Fatima Silva,Priya Okafor,TAG-5702,Support Specialist,,,,,,,,TAG-8667,SKU-6641,priya.okafor@demomail.test,,,,Active,,,100185,,100323,,,,,,,,Delta,100243,,,Beta,100376,100103,,emerson.okafor@acme-fake.test,fatima.silva@examplecorp.test,Event Invite,100151,Everest Energy,Delta,100741,,,,,,,101785,,,,Y,
100008,Contact,103273,drew.sloan@acme-fake.test,Mei Ivanov,2023-06-03 19:21:00,quinn.dorsey@acme-fake.test,Jamie Reyes,2024-10-04 21:24:00,avery.sloan@examplecorp.test,Jamie Rossi,2024-09-26 12:45:00,taylor.vance@acme-fake.test,Rowan Calder,2023-03-17 02:57:00,Y,Liam Sato,Mei Haddad,Fatima Mensah,TAG-6252,Customer Success Manager,,,,,,REF-9713,,,REF-3017,fatima.mensah@acme-fake.test,,,,Active,,,100262,,100106,,,,,,,100079,Gamma,100405,,,Gamma,100371,,,sofia.nguyen@acme-fake.test,nina.garcia@demomail.test,Product Update,100076,,,100044,,,,,,,,,,,Y,
100288,Contact,103275,taylor.cohen@examplecorp.test,Jordan Haddad,2024-02-26 14:29:00,nina.nguyen@sampleco.test,Riley Nguyen,2026-01-15 19:17:00,reese.garcia@examplecorp.test,Riley Sloan,2023-08-26 11:07:00,elena.okafor@demomail.test,Sofia Mensah,2024-12-26 16:31:00,N,Rahul Reyes,Reese Ford,Skyler Blake,REF-6418,Project Manager,,,,,,,,TAG-4554,LOT-1874,skyler.blake@examplecorp.test,,,,Inactive,,100017,100792,100520,,,,,,100803,,100496,Standard,100120,,,Alpha,100245,100705,,liam.calder@examplecorp.test,nina.rossi@demomail.test,Re-engagement,100069,,Alpha,100343,,,,,,,101862,,,,,
100744,Contact,103278,noah.garcia@examplecorp.test,Elena Ivanov,2024-11-06 01:37:00,chen.silva@acme-fake.test,Taylor Garcia,2024-11-03 15:38:00,reese.ford@sampleco.test,Omar Okafor,2024-04-03 15:05:00,drew.cohen@sampleco.test,Rowan Haddad,2025-01-18 02:19:00,N,Alex Vance,Rahul Cohen,Reese Haddad,SKU-4233,Recruiter,,,,,Standard,,,,TAG-7863,reese.haddad@acme-fake.test,,,,Inactive,100786,100717,100705,100723,,,,,,100494,,100281,Alpha,100468,,,,100106,100090,,avery.cohen@demomail.test,jamie.mercer@examplecorp.test,Re-engagement,100400,Cobalt Textiles Corp,Gamma,100509,,,,,,,101783,,,,N,
100023,Contact,103280,jordan.costa@demomail.test,Mei Larsson,2024-07-18 01:06:00,liam.vance@examplecorp.test,Emerson Blake,2023-08-03 23:08:00,alex.reyes@examplecorp.test,Yara Ford,2023-09-06 19:34:00,diego.sato@sampleco.test,Jamie Costa,2025-12-25 23:23:00,Y,Avery Rossi,Chen Mercer,Arjun Calder,TAG-9907,Support Specialist,,,,,,,,,LOT-9687,arjun.calder@demomail.test,,,,Active,100030,,100208,100582,100571,,,,,100169,,100216,Delta,100107,,,Standard,100151,100712,,casey.kim@examplecorp.test,priya.vance@acme-fake.test,Product Update,100554,,Gamma,,,,,,,,101867,,,,,Y
100220,Contact,103283,aisha.haddad@sampleco.test,Jordan Whitfield,2026-05-24 00:12:00,rahul.costa@acme-fake.test,Jamie Costa,2025-10-16 22:06:00,jordan.kim@examplecorp.test,Casey Okafor,2025-03-31 12:51:00,sofia.whitfield@sampleco.test,Aisha Kim,2022-12-30 06:55:00,N,Nina Larsson,Diego Brooks,Skyler Dorsey,SKU-8749,Bookkeeper,,,,,,,,,LOT-4949,skyler.dorsey@acme-fake.test,,,,Inactive,100473,100642,100554,100009,100744,,,,,,,,Delta,100305,,,,,100333,,alex.ivanov@examplecorp.test,mei.kim@examplecorp.test,Re-engagement,100240,Brightpath Foods LLP,Beta,,,,,,,,,,,,N,N
100097,Contact,103286,jordan.sloan@demomail.test,Casey Brooks,2022-12-13 10:30:00,aisha.costa@demomail.test,Rahul Ford,2024-09-24 08:02:00,yara.kim@examplecorp.test,Marco Silva,2025-11-08 10:56:00,omar.patel@demomail.test,Noah Blake,2025-10-20 17:55:00,Y,Alex Cohen,Drew Calder,Liam Mercer,SKU-4933,Financial Analyst,,,,,,,,,REF-9446,liam.mercer@sampleco.test,,,,Active,100538,100628,100063,100345,,,,,,100421,,100503,Standard,100066,,N,,,100753,,taylor.mercer@sampleco.test,alex.larsson@demomail.test,Event Invite,100462,Meridian Solutions LLC,Standard,,,,,,,,101786,,,,,
100676,Contact,103287,mei.haddad@acme-fake.test,Fatima Rossi,2025-01-08 07:45:00,diego.cohen@demomail.test,Skyler Garcia,2022-11-29 11:53:00,alex.ashby@acme-fake.test,Taylor Vance,2022-11-19 20:18:00,rowan.ford@examplecorp.test,Aisha Sato,2025-10-15 06:59:00,Y,Omar Blake,Alex Brooks,Chen Costa,TAG-7987,Project Manager,,,,,,,,,LOT-2785,chen.costa@demomail.test,,,,Active,100126,,100735,,,,,,,,,,Gamma,100454,,,,100750,100486,,aisha.calder@examplecorp.test,aisha.mensah@sampleco.test,Event Invite,100104,,Gamma,100780,,,,5,,,,,,,Y,
100313,Contact,103289,chen.brooks@examplecorp.test,Skyler Mensah,2022-10-07 12:09:00,yara.ivanov@acme-fake.test,Skyler Brooks,2025-03-04 19:31:00,diego.ford@examplecorp.test,Yara Blake,2026-01-23 03:01:00,chen.ashby@acme-fake.test,Liam Mensah,2025-09-16 08:10:00,Y,Sofia Nguyen,Rahul Garcia,Rowan Ford,TAG-9780,Bookkeeper,,,Standard,,,,,,REF-5201,rowan.ford@acme-fake.test,,,,Active,100771,100242,100360,,100517,,,,,100025,,100044,Standard,100209,,,Alpha,100729,,,jamie.ivanov@acme-fake.test,quinn.patel@demomail.test,Product Update,100158,,Other,,,,,,,,,,,,N,N
100291,Contact,103292,mei.cohen@acme-fake.test,Taylor Rossi,2025-12-03 01:54:00,reese.nguyen@sampleco.test,Jamie Reyes,2023-07-10 10:49:00,priya.vance@sampleco.test,Alex Reyes,2025-03-31 00:09:00,drew.sato@sampleco.test,Taylor Whitfield,2025-12-21 19:36:00,Y,Rowan Ford,Fatima Whitfield,Sofia Haddad,REF-8110,Data Analyst,,,,,,,,,REF-6469,sofia.haddad@acme-fake.test,,,,Active,100601,,100641,,100464,,,,,,,100301,Other,100115,,,Other,100535,,,chen.patel@examplecorp.test,jamie.ashby@examplecorp.test,Re-engagement,100056,Northwind Media Corp,Other,,,,,,,,101827,,,,,
100734,Contact,103294,fatima.haddad@acme-fake.test,Emerson Vance,2023-08-23 06:56:00,alex.mensah@sampleco.test,Aisha Ford,2026-05-20 01:43:00,alex.whitfield@examplecorp.test,Omar Sato,2025-01-20 02:31:00,morgan.whitfield@sampleco.test,Marco Mercer,2024-11-21 23:47:00,Y,Aisha Ford,Skyler Mercer,Arjun Whitfield,LOT-9298,Recruiter,,,,,,,,,SKU-4841,arjun.whitfield@acme-fake.test,,,,Active,100111,100772,100616,,100286,,,,,,,100310,Gamma,100353,,N,Alpha,100615,100353,,quinn.haddad@acme-fake.test,liam.patel@acme-fake.test,Renewal Nudge,100457,Brightpath Financial LLP,,100587,,,,,,,101788,,,,Y,
100242,Contact,103295,mei.patel@acme-fake.test,Drew Larsson,2022-10-19 21:59:00,reese.costa@demomail.test,Chen Nguyen,2024-09-15 04:36:00,riley.costa@demomail.test,Morgan Kim,2024-02-04 23:57:00,rowan.sato@sampleco.test,Omar Larsson,2025-03-29 10:17:00,Y,Rahul Mercer,Priya Vance,Morgan Silva,TAG-8277,Data Analyst,,,,,,,,SKU-4699,REF-6431,morgan.silva@examplecorp.test,,,,Active,100282,,100664,100417,,,,,,,,,Gamma,100658,,,Gamma,100371,100285,,skyler.calder@sampleco.test,sofia.ashby@acme-fake.test,Quarterly Newsletter,100767,,,100309,,,,,,,101825,,,,N,
100408,Contact,103296,avery.ivanov@acme-fake.test,Quinn Blake,2023-09-13 01:26:00,elena.mensah@demomail.test,Omar Whitfield,2025-03-13 03:02:00,jordan.blake@examplecorp.test,Marco Ivanov,2026-07-15 03:53:00,sofia.dorsey@examplecorp.test,Quinn Sloan,2022-12-13 18:10:00,Y,Alex Calder,Liam Mensah,Avery Ashby,SKU-8024,Accountant,,,,,,,,,LOT-6243,avery.ashby@sampleco.test,,,,Active,100353,,100715,,100408,,,,,100076,,,Other,100272,,,Delta,100031,,,fatima.sloan@sampleco.test,reese.costa@sampleco.test,Event Invite,100370,,,100079,,,,0,,,101876,,,,Y,
100487,Contact,103297,jordan.sloan@examplecorp.test,Jamie Garcia,2024-04-08 21:06:00,mei.calder@sampleco.test,Rahul Rossi,2023-12-19 22:09:00,skyler.silva@examplecorp.test,Jamie Okafor,2025-03-13 12:20:00,casey.ashby@demomail.test,Jordan Whitfield,2024-03-21 02:38:00,N,Omar Sato,Marco Mensah,Noah Nguyen,TAG-7761,Software Developer,,,,,,,,,LOT-1490,noah.nguyen@sampleco.test,,,,Inactive,100227,100513,100288,100641,100238,REF-1361,,,,100389,,100738,Beta,100434,,N,Delta,,,,casey.mercer@acme-fake.test,quinn.ford@demomail.test,Event Invite,100741,,Alpha,100699,,,,,,,101785,,,,,
100070,Contact,103298,omar.mercer@examplecorp.test,Aisha Sloan,2026-03-02 00:00:00,chen.vance@examplecorp.test,Riley Mensah,2024-05-29 22:18:00,jamie.blake@demomail.test,Diego Blake,2023-02-04 03:52:00,jamie.blake@examplecorp.test,Drew Vance,2023-04-05 20:04:00,Y,Casey Larsson,Fatima Patel,Yara Whitfield,TAG-9545,Payroll Specialist,,,,Alpha,,,,TAG-8004,REF-4301,yara.whitfield@demomail.test,,,,Active,,100169,100340,100269,100388,,,,,,,100106,Alpha,100178,,,Gamma,100348,100565,,yara.haddad@acme-fake.test,emerson.whitfield@sampleco.test,Quarterly Newsletter,100490,Everest Media,Delta,100497,,,,,,,101822,,,,,
100073,Contact,103300,drew.haddad@acme-fake.test,Aisha Larsson,2024-09-03 07:40:00,rahul.vance@acme-fake.test,Emerson Larsson,2023-03-16 07:51:00,alex.cohen@examplecorp.test,Mei Haddad,2026-04-10 10:08:00,diego.reyes@demomail.test,Arjun Vance,2026-03-22 18:07:00,Y,Elena Okafor,Omar Cohen,Morgan Dorsey,TAG-6339,Software Developer,,,Alpha,,,,,,LOT-4360,morgan.dorsey@sampleco.test,,,,Active,,100593,100010,100148,,,,,,100500,,100141,Gamma,100705,,,,,,,avery.ford@examplecorp.test,fatima.nguyen@demomail.test,Quarterly Newsletter,100582,,,100003,,10,,,,,,,,,,
100527,Contact,103301,omar.sato@sampleco.test,Yara Calder,2023-04-24 18:29:00,quinn.dorsey@demomail.test,Casey Reyes,2024-08-29 22:33:00,jamie.patel@acme-fake.test,Noah Dorsey,2024-01-16 01:53:00,aisha.sloan@sampleco.test,Drew Sloan,2026-05-04 07:12:00,Y,Marco Reyes,Diego Nguyen,Priya Silva,TAG-2597,HR Generalist,,,,,,,,,SKU-8670,priya.silva@acme-fake.test,,,,Active,100738,100310,100340,100262,,,,,,100178,,100037,Beta,100565,,,Standard,100178,,,fatima.silva@sampleco.test,taylor.rossi@sampleco.test,Renewal Nudge,100029,,,100075,,1,,,,,,,,,N,
100103,Contact,103302,nina.rossi@demomail.test,Yara Haddad,2022-12-27 22:31:00,riley.dorsey@examplecorp.test,Casey Ashby,2024-02-24 00:51:00,morgan.sloan@demomail.test,Skyler Ashby,2023-07-24 09:14:00,morgan.garcia@acme-fake.test,Diego Mensah,2026-05-17 21:34:00,Y,Diego Calder,Noah Mensah,Avery Okafor,LOT-1755,Data Analyst,,,,,,,,,TAG-8854,avery.okafor@sampleco.test,,,,Active,100734,,100232,100699,,,,,,,,100494,Alpha,100726,,,,,100302,,reese.dorsey@demomail.test,priya.mercer@sampleco.test,Event Invite,100272,,Delta,100481,,,,,,,,,,,Y,
100281,Contact,103303,mei.sato@acme-fake.test,Drew Dorsey,2025-09-15 06:42:00,avery.sato@demomail.test,Arjun Sato,2022-10-07 17:36:00,morgan.whitfield@acme-fake.test,Diego Mercer,2022-11-15 19:53:00,morgan.silva@examplecorp.test,Riley Okafor,2025-04-11 17:33:00,N,Casey Costa,Aisha Ivanov,Elena Garcia,LOT-3893,Project Manager,,,,,,REF-2113,,,TAG-4156,elena.garcia@sampleco.test,,,,Inactive,,100415,100542,100026,100148,SKU-2106,,,,100151,,100597,Beta,100281,,,,100482,100188,,mei.silva@examplecorp.test,liam.blake@examplecorp.test,Re-engagement,100731,Northwind Solutions,,100432,,,,,,,101788,,,,,
100568,Contact,103304,casey.cohen@demomail.test,Priya Calder,2026-07-30 19:11:00,noah.sato@sampleco.test,Liam Cohen,2024-10-28 08:50:00,rahul.brooks@sampleco.test,Fatima Rossi,2023-04-16 09:44:00,morgan.brooks@sampleco.test,Alex Haddad,2025-10-13 19:13:00,N,Taylor Silva,Reese Cohen,Diego Ford,TAG-4580,Financial Analyst,,,Standard,Beta,,,,,REF-1027,diego.ford@demomail.test,,,,Inactive,,,100559,100242,100513,SKU-9872,,,,,,100026,Delta,100143,,,Beta,100723,100759,,reese.reyes@demomail.test,sofia.sato@acme-fake.test,Product Update,100676,Northwind Industries Ltd,Standard,,,,,,,,,,,,Y,
100243,Contact,103306,casey.patel@sampleco.test,Yara Brooks,2023-08-29 07:01:00,riley.patel@demomail.test,Diego Sato,2026-06-30 07:37:00,drew.garcia@demomail.test,Sofia Mercer,2023-03-30 01:51:00,fatima.cohen@acme-fake.test,Priya Costa,2024-11-26 13:28:00,Y,Skyler Sloan,Marco Kim,Marco Haddad,REF-4290,Customer Success Manager,,,,,,,,,REF-4355,marco.haddad@acme-fake.test,,,,Active,100588,100031,100259,100184,100037,,,,,100212,,100380,Delta,100604,,,Standard,100554,100091,,quinn.larsson@sampleco.test,morgan.garcia@sampleco.test,Re-engagement,100197,Redwood Networks,Gamma,,,,,,,,,,,,,Y
100178,Contact,103308,riley.kim@demomail.test,Diego Ivanov,2024-07-08 15:11:00,chen.haddad@acme-fake.test,Morgan Ashby,2025-07-16 11:46:00,emerson.silva@sampleco.test,Morgan Ashby,2025-01-11 08:35:00,quinn.reyes@examplecorp.test,Emerson Sato,2026-05-23 20:59:00,Y,Liam Ashby,Rowan Dorsey,Riley Brooks,SKU-6669,Bookkeeper,,,,,,,,,TAG-8889,riley.brooks@sampleco.test,,,,Active,,,100535,,,,,,,100642,,,Beta,100403,,,Gamma,100248,100281,,rowan.garcia@acme-fake.test,alex.vance@examplecorp.test,Quarterly Newsletter,100432,Cardinal Networks LLP,Standard,,,,,,,,,,,,,
100377,Contact,103309,reese.cohen@demomail.test,Marco Dorsey,2024-06-25 11:23:00,reese.dorsey@examplecorp.test,Casey Dorsey,2026-04-08 05:12:00,mei.sloan@examplecorp.test,Emerson Costa,2024-02-13 13:44:00,diego.patel@demomail.test,Chen Ashby,2026-07-27 22:11:00,N,Priya Okafor,Fatima Mensah,Reese Whitfield,LOT-7783,Support Specialist,,,,,,,,,SKU-4678,reese.whitfield@demomail.test,,,,Inactive,,,100156,,100496,,,,,,,100803,Standard,100408,,,,100601,,,emerson.sloan@acme-fake.test,nina.garcia@examplecorp.test,Quarterly Newsletter,100353,Blue Ridge Energy Corp,Other,,,,,,,,,,,,,
100212,Contact,103312,skyler.mensah@demomail.test,Marco Ivanov,2024-11-16 20:19:00,elena.kim@demomail.test,Rowan Whitfield,2022-11-12 08:25:00,rowan.okafor@demomail.test,Avery Larsson,2024-04-21 06:52:00,morgan.silva@demomail.test,Marco Sloan,2024-12-09 16:30:00,Y,Marco Calder,Yara Sloan,Rowan Rossi,SKU-3455,HR Generalist,,,,,,,,,LOT-2696,rowan.rossi@acme-fake.test,,,,Active,,100113,100456,100016,100161,,,,,,,,Beta,100319,,,Alpha,,100772,,rahul.whitfield@sampleco.test,drew.reyes@examplecorp.test,Quarterly Newsletter,100106,Northwind Networks LLC,Beta,,,6,6,,,,101832,,,,,
100282,Contact,103314,jamie.haddad@demomail.test,Sofia Blake,2024-04-27 10:17:00,aisha.calder@examplecorp.test,Rowan Okafor,2023-01-08 12:34:00,reese.patel@sampleco.test,Yara Kim,2026-03-01 19:22:00,skyler.costa@sampleco.test,Morgan Sloan,2025-05-22 21:44:00,Y,Jordan Silva,Drew Cohen,Rahul Nguyen,REF-7751,Bookkeeper,,,,,,,,TAG-9144,REF-5407,rahul.nguyen@sampleco.test,,,,Active,100424,100171,100239,100151,100168,,,,,100177,,100559,Other,100661,,,Standard,,,,avery.costa@acme-fake.test,elena.patel@acme-fake.test,Product Update,100559,,Gamma,100652,,,,,,,,,,,,
100277,Contact,103316,drew.ashby@sampleco.test,Priya Haddad,2025-05-03 18:14:00,aisha.nguyen@examplecorp.test,Rahul Vance,2023-06-17 01:16:00,jamie.sloan@demomail.test,Arjun Ashby,2024-04-11 03:13:00,emerson.mensah@sampleco.test,Rahul Reyes,2023-04-16 22:43:00,Y,Emerson Vance,Aisha Rossi,Noah Brooks,SKU-5823,Bookkeeper,,,,,,,,LOT-9926,SKU-7882,noah.brooks@acme-fake.test,,,,Active,100720,,100744,100622,,,,,,,,100115,Gamma,100236,,,Beta,100497,,,emerson.nguyen@examplecorp.test,sofia.rossi@examplecorp.test,Quarterly Newsletter,100500,Horizon Industries Group,,100467,,,,,,,,,,,Y,
100522,Contact,103317,rahul.mercer@acme-fake.test,Yara Dorsey,2026-02-25 23:02:00,arjun.ford@examplecorp.test,Aisha Okafor,2025-03-14 14:52:00,riley.rossi@acme-fake.test,Reese Ivanov,2026-01-06 09:04:00,jamie.okafor@demomail.test,Jamie Sloan,2024-09-13 20:25:00,Y,Skyler Reyes,Nina Brooks,Liam Mensah,SKU-6835,Executive Assistant,,,,,,,,TAG-4204,LOT-3408,liam.mensah@acme-fake.test,,,,Active,100275,,100063,100741,,,,,,,,,Beta,100763,,,,100509,,,priya.sato@acme-fake.test,quinn.calder@examplecorp.test,Renewal Nudge,100516,Brightpath Manufacturing,,,,,7,,,,101790,,,,Y,
100117,Contact,103320,arjun.kim@sampleco.test,Liam Sloan,2024-10-30 16:03:00,skyler.sloan@sampleco.test,Priya Ashby,2026-04-02 12:33:00,riley.mercer@sampleco.test,Arjun Vance,2023-07-25 05:20:00,omar.ford@demomail.test,Priya Okafor,2023-12-18 19:56:00,Y,Jordan Ashby,Mei Rossi,Avery Ford,,Financial Analyst,,,,,,,,,REF-7580,avery.ford@sampleco.test,,,,Active,100025,,100641,,,,,,,100421,,100169,Beta,100625,,,Standard,,100331,,morgan.ford@acme-fake.test,marco.cohen@examplecorp.test,Event Invite,100146,Meridian Ventures Corp,,,,,,,,,,N,,,,
100683,Contact,103323,drew.kim@sampleco.test,Avery Larsson,2023-08-19 12:19:00,quinn.cohen@sampleco.test,Jamie Costa,2025-04-22 13:38:00,quinn.ford@demomail.test,Rahul Haddad,2022-12-07 20:52:00,rowan.nguyen@sampleco.test,Priya Whitfield,2024-05-14 12:45:00,Y,Skyler Blake,Skyler Patel,Reese Haddad,TAG-6374,Operations Associate,,,,,,,,,REF-4918,reese.haddad@demomail.test,,,,Active,,,100631,100615,,LOT-5276,,,,100298,,100726,Alpha,100080,,,Delta,,100015,,taylor.ivanov@examplecorp.test,diego.costa@examplecorp.test,Quarterly Newsletter,100511,,Gamma,,,,,,,,,,,,Y,N
100195,Contact,103325,priya.mensah@sampleco.test,Nina Dorsey,2024-03-05 18:16:00,diego.haddad@sampleco.test,Emerson Whitfield,2022-11-02 08:54:00,alex.silva@acme-fake.test,Taylor Nguyen,2023-03-02 14:50:00,jamie.costa@sampleco.test,Morgan Kim,2024-04-16 14:03:00,Y,Sofia Costa,Riley Vance,Nina Reyes,LOT-1144,Executive Assistant,,,,,,,,,LOT-2356,nina.reyes@demomail.test,,,,Active,,,100008,100786,100522,,,,,,,100293,Alpha,100205,,,Other,,,,reese.brooks@examplecorp.test,jamie.rossi@examplecorp.test,Quarterly Newsletter,100377,,Gamma,100496,,7,,,,,,,,,N,
100322,Contact,103327,jordan.vance@sampleco.test,Reese Patel,2024-11-14 17:37:00,arjun.sato@examplecorp.test,Jamie Patel,2023-03-18 10:52:00,noah.whitfield@acme-fake.test,Quinn Blake,2024-11-24 19:55:00,aisha.patel@sampleco.test,Noah Mensah,2025-12-18 19:23:00,Y,Reese Larsson,Riley Costa,Rowan Rossi,SKU-2324,Payroll Specialist,,,,,,,,,LOT-1879,rowan.rossi@sampleco.test,,,,Active,100113,,100598,,100591,,,,,100180,,100265,Alpha,100429,,,,100585,100192,,nina.blake@examplecorp.test,elena.garcia@examplecorp.test,Product Update,100009,Horizon Energy Co,Delta,100255,,,,4,,,101818,,,,,Y
100285,Contact,103328,liam.brooks@demomail.test,Elena Garcia,2024-03-18 09:17:00,aisha.ashby@sampleco.test,Yara Dorsey,2024-10-05 17:13:00,taylor.blake@examplecorp.test,Jordan Cohen,2025-06-16 15:45:00,diego.sato@examplecorp.test,Liam Garcia,2022-12-27 13:17:00,Y,Arjun Brooks,Fatima Larsson,Reese Haddad,LOT-2360,Support Specialist,,,,,,,,,TAG-7996,reese.haddad@acme-fake.test,,,,Active,100516,,100531,,100383,,,,,100070,,100363,Alpha,100741,,,,100360,100148,,quinn.mensah@sampleco.test,liam.larsson@acme-fake.test,Quarterly Newsletter,100332,Brightpath Group,Gamma,,,,,,,,,,,,Y,
100182,Contact,103329,jamie.rossi@acme-fake.test,Marco Reyes,2025-09-29 02:08:00,avery.rossi@demomail.test,Alex Brooks,2025-05-21 08:52:00,sofia.sloan@acme-fake.test,Fatima Calder,2024-07-07 10:16:00,diego.ford@sampleco.test,Riley Mensah,2026-04-16 08:49:00,Y,Emerson Mensah,Noah Cohen,Omar Nguyen,TAG-5813,Software Developer,,,,,,,,TAG-9837,SKU-1645,omar.nguyen@sampleco.test,,,,Active,,,100667,,,,,,,100652,,100363,Other,100767,,,Beta,100772,100164,,jordan.calder@examplecorp.test,nina.cohen@examplecorp.test,Re-engagement,100454,,Alpha,,,,,7,,,101808,,,,,
100475,Contact,103331,morgan.ashby@acme-fake.test,Liam Sato,2026-07-01 03:16:00,jamie.ford@acme-fake.test,Skyler Larsson,2023-08-05 14:43:00,chen.ford@acme-fake.test,Riley Calder,2024-11-16 02:17:00,liam.dorsey@examplecorp.test,Skyler Larsson,2023-02-18 01:08:00,Y,Drew Vance,Rahul Ford,Quinn Okafor,REF-8554,HR Generalist,,,,,,,,,TAG-1951,quinn.okafor@acme-fake.test,,,,Active,,100758,100328,100474,100676,,,,,100206,,100309,Beta,100200,,,Beta,,,,taylor.ford@examplecorp.test,emerson.costa@examplecorp.test,Quarterly Newsletter,100015,Lakeside Ventures Corp,Standard,100142,,,,,,,101859,,,,N,N
100139,Contact,103333,marco.okafor@sampleco.test,Drew Whitfield,2024-12-31 17:06:00,sofia.rossi@acme-fake.test,Noah Dorsey,2024-11-19 19:26:00,chen.kim@sampleco.test,Taylor Garcia,2023-01-24 08:33:00,aisha.dorsey@demomail.test,Noah Costa,2024-01-05 03:31:00,Y,Noah Silva,Riley Vance,Riley Ford,REF-3757,Data Analyst,,,,,,,,,REF-7716,riley.ford@sampleco.test,,,,Active,100498,,100173,100215,100156,,,,,100741,,100103,Standard,100111,,,Delta,100469,100026,,emerson.blake@demomail.test,avery.silva@examplecorp.test,Quarterly Newsletter,100132,Pioneer Holdings Ltd,Standard,100005,,,,,,,,,,,Y,
100717,Contact,103334,noah.cohen@acme-fake.test,Alex Sloan,2023-12-08 11:37:00,noah.calder@acme-fake.test,Reese Haddad,2026-01-13 02:12:00,arjun.garcia@examplecorp.test,Drew Garcia,2025-03-02 07:33:00,noah.okafor@demomail.test,Taylor Calder,2025-07-11 10:20:00,Y,Marco Reyes,Liam Patel,Diego Silva,SKU-4066,Accountant,,,,,,,,,LOT-3326,diego.silva@examplecorp.test,,,,Active,100075,,100729,,,,,,,,,100203,Standard,100652,,,Gamma,100588,,,rowan.rossi@acme-fake.test,mei.dorsey@examplecorp.test,Product Update,100487,Vertex Holdings Inc,,,,,,10,,,101849,,,,,N
100403,Contact,103336,priya.larsson@acme-fake.test,Yara Haddad,2025-03-04 19:20:00,riley.reyes@examplecorp.test,Reese Whitfield,2023-10-05 04:11:00,arjun.cohen@examplecorp.test,Arjun Patel,2023-03-01 19:47:00,taylor.ivanov@demomail.test,Omar Dorsey,2024-04-29 12:22:00,N,Liam Rossi,Riley Patel,Priya Haddad,REF-6828,Recruiter,,,,,,,,,REF-6582,priya.haddad@demomail.test,,,,Inactive,,,100758,,,,,,,,,100275,Beta,100646,,,,,,,morgan.calder@sampleco.test,jordan.sato@demomail.test,Quarterly Newsletter,100726,,,,,,,,,,,,,,Y,
100467,Contact,103339,avery.ivanov@acme-fake.test,Casey Ashby,2025-01-05 12:14:00,quinn.calder@examplecorp.test,Liam Reyes,2024-04-15 02:52:00,jamie.kim@sampleco.test,Omar Vance,2025-02-11 21:25:00,marco.patel@acme-fake.test,Alex Nguyen,2023-08-27 17:20:00,N,Noah Rossi,Jamie Larsson,Liam Mercer,SKU-8071,Project Manager,,,,,,REF-4407,,,TAG-7915,liam.mercer@demomail.test,,,,Inactive,100604,100559,100771,100443,,,,,,100165,,,Delta,100538,,,Gamma,,,,chen.garcia@examplecorp.test,fatima.costa@examplecorp.test,Re-engagement,100548,,Alpha,100352,,,,,,,101843,,,,,
100484,Contact,103340,morgan.calder@sampleco.test,Arjun Brooks,2025-07-16 23:02:00,jordan.haddad@demomail.test,Avery Rossi,2023-04-08 11:34:00,rahul.rossi@acme-fake.test,Diego Dorsey,2024-10-25 23:26:00,taylor.kim@sampleco.test,Aisha Kim,2025-11-21 07:25:00,Y,Omar Cohen,Rahul Cohen,Yara Silva,TAG-9965,Financial Analyst,,,,,,,,,REF-9884,yara.silva@acme-fake.test,,,,Active,100517,,100772,,100654,,,,,100368,,100685,Other,100770,,,Other,100223,,,taylor.silva@examplecorp.test,rahul.silva@sampleco.test,Quarterly Newsletter,100023,Meridian Networks Co,Standard,100782,,,,3,,,,,,,N,
100615,Contact,103341,drew.sloan@examplecorp.test,Yara Ford,2023-06-05 04:40:00,liam.mensah@demomail.test,Nina Costa,2024-04-18 15:55:00,marco.rossi@acme-fake.test,Arjun Ford,2025-06-15 19:48:00,quinn.mensah@examplecorp.test,Omar Mensah,2025-05-28 06:23:00,N,Omar Silva,Priya Sloan,Riley Ashby,SKU-9771,Accountant,,,,,,SKU-9015,,,SKU-9497,riley.ashby@acme-fake.test,,,,Inactive,100205,100454,100437,,100351,,,,,100616,,,Standard,100500,,Y,Other,,100803,,arjun.blake@acme-fake.test,mei.haddad@demomail.test,Re-engagement,100380,Cobalt Industries Corp,,100070,,,,,,,,,,,,
100348,Contact,103342,reese.rossi@sampleco.test,Arjun Ivanov,2026-06-16 04:41:00,sofia.kim@demomail.test,Fatima Whitfield,2026-07-09 22:32:00,avery.cohen@acme-fake.test,Yara Vance,2024-05-24 18:03:00,alex.rossi@acme-fake.test,Aisha Cohen,2024-04-26 10:24:00,N,Sofia Nguyen,Avery Okafor,Rowan Cohen,SKU-5565,Customer Success Manager,,,,,,,,,LOT-2046,rowan.cohen@demomail.test,,,,Inactive,,100245,100558,100625,,,,,,100628,,100774,Standard,100340,,,Standard,,100585,,fatima.ford@sampleco.test,arjun.haddad@demomail.test,Re-engagement,100111,Falcon Manufacturing Co,,,,,,,,,,,,,N,
100681,Contact,103345,taylor.ford@examplecorp.test,Taylor Okafor,2023-08-15 02:57:00,alex.sloan@examplecorp.test,Mei Okafor,2023-01-29 19:02:00,rahul.brooks@examplecorp.test,Rahul Reyes,2025-01-26 18:48:00,skyler.sloan@examplecorp.test,Chen Larsson,2025-05-11 04:12:00,Y,Aisha Reyes,Emerson Mensah,Avery Whitfield,SKU-6143,QA Engineer,,,,,,,,,TAG-7544,avery.whitfield@sampleco.test,,,,Active,100456,,100339,,,SKU-7199,,,,100080,,100574,Beta,100195,,,Alpha,100282,,,drew.ashby@examplecorp.test,rowan.mensah@examplecorp.test,Product Update,100462,,Standard,100161,,,,,,,,,,,,
100792,Contact,103346,fatima.cohen@sampleco.test,Avery Haddad,2023-07-26 06:07:00,liam.vance@demomail.test,Diego Okafor,2025-09-12 14:48:00,sofia.costa@acme-fake.test,Jamie Vance,2025-10-11 06:12:00,omar.cohen@acme-fake.test,Noah Larsson,2026-04-17 19:47:00,N,Liam Larsson,Reese Larsson,Chen Cohen,SKU-5134,Financial Analyst,,,,Standard,,,,,TAG-9356,chen.cohen@examplecorp.test,,,,Inactive,100223,100555,100457,100656,100576,,,,,,,,Standard,100513,,Y,Delta,100227,100110,,reese.brooks@acme-fake.test,morgan.okafor@examplecorp.test,Renewal Nudge,100705,Delta Capital Inc,Standard,100395,,,,,,,101837,,,,,
100469,Contact,103348,chen.brooks@sampleco.test,Jordan Sloan,2022-12-23 20:47:00,aisha.kim@examplecorp.test,Quinn Sato,2025-09-08 19:52:00,elena.calder@demomail.test,Riley Whitfield,2025-04-23 14:11:00,omar.vance@acme-fake.test,Avery Whitfield,2026-02-13 10:24:00,Y,Mei Blake,Chen Garcia,Quinn Rossi,REF-3529,Payroll Specialist,,,,Beta,,,,SKU-4483,SKU-8808,quinn.rossi@examplecorp.test,,,,Active,,100146,100051,100694,,,,,,100251,,,Gamma,100717,,,,100359,100003,,nina.okafor@examplecorp.test,morgan.sato@acme-fake.test,Renewal Nudge,100106,Silverline Holdings Corp,Delta,,,,,,,,,,,,N,
100051,Contact,103350,rowan.silva@sampleco.test,Arjun Mercer,2026-07-18 18:23:00,quinn.sato@demomail.test,Avery Reyes,2025-06-07 18:38:00,noah.mercer@sampleco.test,Morgan Brooks,2023-12-29 05:24:00,omar.sloan@sampleco.test,Omar Reyes,2026-06-28 23:29:00,Y,Aisha Ashby,Noah Haddad,Skyler Costa,REF-7421,HR Generalist,,SKU-4510,,,,,8275,REF-2410,SKU-1294,skyler.costa@sampleco.test,,,,Active,100383,100171,100803,,,,,,,100195,,,Standard,100542,,,Delta,100538,,,chen.sloan@acme-fake.test,liam.ashby@examplecorp.test,Product Update,100308,Blue Ridge Capital LLC,,,,,,,,,,N,,,,
100374,Contact,103351,rowan.mensah@examplecorp.test,Reese Rossi,2025-10-01 08:38:00,elena.okafor@demomail.test,Nina Nguyen,2024-02-27 14:51:00,jamie.cohen@acme-fake.test,Aisha Mensah,2024-05-11 09:16:00,taylor.calder@sampleco.test,Alex Sloan,2024-03-06 01:47:00,N,Noah Silva,Nina Garcia,Marco Mercer,SKU-9323,Support Specialist,,,,,,,,SKU-7770,TAG-9326,marco.mercer@sampleco.test,,,,Inactive,,100223,100527,100770,,,,,,100128,,100142,Alpha,100670,,,,,,,reese.mensah@demomail.test,noah.costa@sampleco.test,Renewal Nudge,100215,,,100634,,,,,,,101854,,,,,Y
100142,Contact,103354,emerson.brooks@examplecorp.test,Morgan Ivanov,2026-05-27 16:25:00,emerson.larsson@sampleco.test,Quinn Mercer,2022-10-04 18:26:00,nina.mercer@examplecorp.test,Elena Sloan,2026-06-06 02:47:00,nina.brooks@demomail.test,Reese Ford,2024-05-06 16:02:00,Y,Jamie Rossi,Liam Sloan,Jordan Rossi,SKU-8407,QA Engineer,,,,,,,,,TAG-7449,jordan.rossi@demomail.test,,,,Active,100342,100046,100348,100168,100742,,,,,,,100016,Delta,100613,,,Alpha,100313,100240,,quinn.ford@demomail.test,fatima.silva@demomail.test,Quarterly Newsletter,100389,Harbor Energy Co,,,,,,,,,101803,,,,,
100265,Contact,103355,diego.costa@acme-fake.test,Casey Haddad,2026-06-15 07:28:00,rowan.blake@examplecorp.test,Priya Calder,2024-04-18 11:50:00,jordan.silva@acme-fake.test,Quinn Larsson,2023-06-24 12:36:00,yara.whitfield@demomail.test,Fatima Silva,2026-02-03 19:23:00,N,Riley Ford,Avery Costa,Quinn Cohen,LOT-1046,Operations Associate,,,,,,,,,REF-1846,quinn.cohen@examplecorp.test,,,,Inactive,100241,,100123,,100661,,,,,100539,,100111,Delta,100003,,,Other,100702,100340,,marco.mercer@examplecorp.test,omar.silva@examplecorp.test,Re-engagement,100236,Pioneer Financial Inc,Standard,100565,,,,,,,,N,,,N,
100132,Contact,103356,sofia.dorsey@sampleco.test,Nina Kim,2026-01-25 00:36:00,mei.vance@demomail.test,Taylor Brooks,2024-09-08 12:23:00,nina.costa@demomail.test,Casey Reyes,2022-11-23 09:03:00,priya.whitfield@examplecorp.test,Drew Cohen,2023-11-03 16:43:00,Y,Reese Costa,Diego Mercer,Rowan Calder,LOT-7849,Software Developer,,,,,,,,LOT-6343,SKU-6853,rowan.calder@sampleco.test,,,,Active,100314,100003,100637,100363,,,,,,100616,,,Beta,100122,,,Standard,100037,100487,,drew.mensah@demomail.test,sofia.dorsey@acme-fake.test,Renewal Nudge,100597,Keystone Textiles Ltd,,100295,,,,,,,,,,,,
100356,Contact,103357,diego.rossi@acme-fake.test,Arjun Mensah,2024-03-31 22:05:00,chen.calder@sampleco.test,Jordan Mensah,2026-03-07 18:22:00,drew.garcia@demomail.test,Nina Vance,2025-01-17 17:06:00,reese.costa@demomail.test,Morgan Patel,2025-06-05 17:22:00,N,Taylor Haddad,Reese Dorsey,Jamie Whitfield,TAG-1726,Payroll Specialist,,,,,,,,,TAG-2013,jamie.whitfield@sampleco.test,,,,Inactive,,,100129,,,,,,,,,100722,Gamma,100462,,,Gamma,100212,,,sofia.patel@acme-fake.test,riley.mensah@acme-fake.test,Event Invite,100257,,Standard,100712,,,,,,,,,,,N,
100613,Contact,103360,jamie.cohen@sampleco.test,Omar Silva,2026-01-12 02:58:00,yara.dorsey@examplecorp.test,Reese Sloan,2023-02-28 17:45:00,emerson.ford@demomail.test,Reese Costa,2023-01-11 13:13:00,omar.ford@examplecorp.test,Liam Mensah,2024-08-07 05:45:00,Y,Reese Rossi,Chen Larsson,Emerson Silva,SKU-1993,QA Engineer,,,,,,,,REF-7408,TAG-7892,emerson.silva@demomail.test,,,,Active,100755,100726,100788,,,,,,,,,100255,Alpha,100413,,,Standard,100484,100717,,diego.sloan@demomail.test,quinn.cohen@sampleco.test,Quarterly Newsletter,100690,,Standard,100070,,,,,,,,,,,N,
100482,Contact,103361,alex.silva@sampleco.test,Nina Calder,2024-10-24 08:33:00,omar.whitfield@examplecorp.test,Morgan Whitfield,2024-09-14 00:21:00,liam.whitfield@sampleco.test,Quinn Dorsey,2026-06-24 16:51:00,omar.calder@acme-fake.test,Sofia Larsson,2023-10-20 19:23:00,Y,Morgan Ivanov,Omar Calder,Priya Rossi,TAG-3915,Financial Analyst,,,,,,,,,TAG-2436,priya.rossi@demomail.test,,,,Active,100485,100063,100481,100254,100624,,,,,,,,Delta,100400,,,,100704,100429,,taylor.costa@acme-fake.test,morgan.garcia@examplecorp.test,Event Invite,100343,Falcon Partners Corp,,,,,,,,,,,,,,
100176,Contact,103363,marco.sloan@acme-fake.test,Drew Calder,2024-09-13 09:40:00,emerson.blake@sampleco.test,Nina Silva,2023-12-08 18:54:00,skyler.mensah@demomail.test,Morgan Brooks,2024-01-06 03:29:00,aisha.brooks@examplecorp.test,Arjun Costa,2026-05-17 23:07:00,Y,Sofia Reyes,Taylor Silva,Diego Vance,SKU-8320,Recruiter,,,,,,TAG-1215,,,REF-1202,diego.vance@acme-fake.test,,,,Active,,100763,100548,,,,,,,,,,Gamma,100205,,,Delta,100153,,,elena.mensah@examplecorp.test,drew.kim@demomail.test,Product Update,100765,Granite Textiles Group,Other,100111,,,,,,,101821,,,,,
100509,Contact,103366,priya.sato@examplecorp.test,Omar Nguyen,2023-03-28 21:03:00,liam.mensah@acme-fake.test,Jamie Vance,2025-08-12 04:28:00,taylor.brooks@examplecorp.test,Casey Blake,2024-12-05 15:02:00,diego.calder@demomail.test,Emerson Ivanov,2023-04-19 19:41:00,Y,Skyler Costa,Mei Calder,Skyler Nguyen,REF-4552,Executive Assistant,,,,,,,,,LOT-1143,skyler.nguyen@sampleco.test,,,,Active,,100094,100560,100800,,,,,,100513,,100771,Standard,100717,,,Beta,100123,100613,,nina.mercer@sampleco.test,morgan.kim@sampleco.test,Product Update,100615,Vertex Foods,Other,,,,,,,,,,,,,
100356,Contact,103369,jordan.costa@acme-fake.test,Alex Ivanov,2024-03-29 14:00:00,casey.rossi@sampleco.test,Rowan Cohen,2024-11-03 01:30:00,drew.silva@demomail.test,Morgan Ford,2024-09-12 09:51:00,yara.silva@acme-fake.test,Marco Sato,2026-03-16 15:54:00,Y,Jamie Ford,Omar Kim,Avery Reyes,LOT-4511,Payroll Specialist,,,,,,,,,LOT-7176,avery.reyes@acme-fake.test,,,,Active,,,100243,,,,,,,,,100254,Alpha,100291,,,Alpha,,,,rowan.blake@acme-fake.test,noah.larsson@examplecorp.test,Quarterly Newsletter,100192,,Gamma,,,,,5,,,,,,,N,
100615,Contact,103371,chen.blake@acme-fake.test,Chen Cohen,2023-07-21 01:44:00,nina.ford@acme-fake.test,Chen Calder,2023-01-10 14:34:00,skyler.haddad@demomail.test,Sofia Vance,2024-09-13 04:23:00,avery.patel@acme-fake.test,Alex Rossi,2024-08-15 11:25:00,Y,Skyler Ashby,Priya Dorsey,Avery Ivanov,TAG-9740,Executive Assistant,,SKU-1902,,,,,,SKU-4956,REF-2088,avery.ivanov@acme-fake.test,,,,Active,100016,,100310,,100106,,,,,100377,,,Beta,100454,,,Gamma,100262,100376,,alex.dorsey@sampleco.test,emerson.patel@acme-fake.test,Renewal Nudge,100037,,,100234,,,,,,,,,,,,
100232,Contact,103374,aisha.okafor@acme-fake.test,Avery Blake,2025-08-18 02:22:00,reese.okafor@examplecorp.test,Mei Haddad,2023-05-02 11:20:00,rowan.ashby@examplecorp.test,Priya Blake,2023-05-18 22:02:00,elena.costa@sampleco.test,Rowan Sato,2026-04-25 20:10:00,Y,Quinn Vance,Alex Haddad,Emerson Mercer,REF-7985,Executive Assistant,,,,,Standard,,,,REF-6881,emerson.mercer@acme-fake.test,,,,Active,100117,100445,100371,100546,100793,,,,,100543,,,Delta,100165,,,Standard,100548,100106,,nina.sloan@demomail.test,omar.calder@sampleco.test,Product Update,100342,Lakeside Dynamics LLC,Alpha,,,,,,,,,,,,Y,
100189,Contact,103376,noah.calder@sampleco.test,Nina Sloan,2023-05-01 15:07:00,yara.dorsey@demomail.test,Avery Dorsey,2024-04-07 05:31:00,jordan.whitfield@acme-fake.test,Omar Sato,2025-01-10 23:50:00,quinn.brooks@sampleco.test,Casey Ford,2024-09-28 19:28:00,N,Arjun Whitfield,Reese Brooks,Reese Ashby,REF-9100,Support Specialist,,,,,,,,,REF-4588,reese.ashby@sampleco.test,,,,Inactive,100238,,100106,100576,100539,,,,,,,,Delta,100631,,,Beta,100026,100473,,noah.brooks@acme-fake.test,rahul.garcia@demomail.test,Event Invite,100421,,,,,,6,,,,101834,,,,,
100259,Contact,103377,jamie.whitfield@acme-fake.test,Arjun Sloan,2026-05-04 23:28:00,fatima.brooks@sampleco.test,Quinn Mensah,2023-05-12 03:57:00,sofia.okafor@demomail.test,Nina Larsson,2022-11-17 03:46:00,diego.mensah@acme-fake.test,Emerson Reyes,2024-09-26 20:00:00,Y,Emerson Brooks,Rahul Brooks,Riley Mensah,,Support Specialist,,,,,,,,TAG-4916,REF-9460,riley.mensah@acme-fake.test,,,,Active,100132,100314,100079,,100447,,,,,100484,,100576,Gamma,100702,,,,100227,,,quinn.garcia@demomail.test,emerson.patel@acme-fake.test,Product Update,100498,,Other,100622,,,,,,,101869,,,,,
100688,Contact,103380,jordan.dorsey@examplecorp.test,Morgan Haddad,2026-07-01 18:20:00,rahul.nguyen@demomail.test,Liam Silva,2023-02-28 12:07:00,emerson.mercer@examplecorp.test,Aisha Calder,2025-08-04 10:19:00,priya.nguyen@acme-fake.test,Drew Sloan,2025-04-26 11:05:00,Y,Avery Costa,Noah Haddad,Jordan Okafor,REF-9257,QA Engineer,,,,,,,,,SKU-9708,jordan.okafor@sampleco.test,,,,Active,,,100267,100628,,,,,,,,,Gamma,100010,,,Other,100473,100272,,riley.calder@demomail.test,rahul.larsson@acme-fake.test,Re-engagement,100168,Northwind Analytics Co,Gamma,,,,,,,,101841,,,,,
100132,Contact,103383,omar.nguyen@examplecorp.test,Sofia Silva,2024-04-17 20:15:00,aisha.dorsey@demomail.test,Jamie Ashby,2023-03-14 16:44:00,yara.garcia@acme-fake.test,Jamie Sloan,2024-04-29 17:51:00,liam.okafor@sampleco.test,Omar Brooks,2023-02-19 06:36:00,N,Rahul Ford,Rowan Larsson,Reese Mercer,LOT-2650,Support Specialist,,,,,,TAG-7585,,,SKU-7502,reese.mercer@acme-fake.test,,,,Inactive,100117,,100464,,100800,,,,,100251,,100309,Alpha,100132,,,Other,100656,100741,,reese.whitfield@sampleco.test,liam.sloan@demomail.test,Event Invite,100784,Pioneer Financial Corp,Standard,100546,,,,,,,101816,,,,,
100415,Contact,103384,reese.silva@demomail.test,Avery Garcia,2025-11-02 14:15:00,taylor.costa@examplecorp.test,Diego Patel,2023-12-03 01:43:00,drew.larsson@acme-fake.test,Chen Costa,2023-02-15 16:17:00,jamie.nguyen@sampleco.test,Yara Ashby,2025-06-01 20:48:00,N,Priya Garcia,Rahul Costa,Fatima Ford,TAG-2899,Payroll Specialist,,,,,Other,,,,REF-8651,fatima.ford@sampleco.test,,,,Inactive,,100240,100610,100136,100420,,,,,,,,Beta,100110,,,,100559,,,avery.patel@sampleco.test,avery.ashby@examplecorp.test,Re-engagement,100456,,Other,100735,,,,7,,,101836,,,,N,
100026,Contact,103386,elena.silva@demomail.test,Priya Ivanov,2026-01-15 21:14:00,aisha.cohen@examplecorp.test,Reese Haddad,2023-09-01 19:41:00,aisha.sato@acme-fake.test,Yara Okafor,2023-06-22 22:23:00,jamie.ford@demomail.test,Marco Kim,2023-02-15 05:21:00,Y,Omar Nguyen,Omar Kim,Drew Costa,LOT-9017,Support Specialist,,,,,,,,,SKU-5366,drew.costa@demomail.test,,,,Active,100017,100190,100368,100617,100516,,,,,100449,,100153,Delta,100232,,,Other,100216,100206,,mei.haddad@examplecorp.test,morgan.okafor@sampleco.test,Quarterly Newsletter,100265,,Delta,100474,,,,,,,101827,,,,N,
100156,Contact,103388,priya.dorsey@acme-fake.test,Fatima Blake,2024-03-12 15:03:00,mei.ashby@examplecorp.test,Taylor Ford,2023-10-03 15:21:00,drew.ivanov@examplecorp.test,Emerson Silva,2024-05-10 15:52:00,nina.kim@examplecorp.test,Yara Larsson,2025-07-14 04:50:00,Y,Chen Cohen,Aisha Whitfield,Diego Brooks,REF-6934,Financial Analyst,,SKU-8188,,,,,,,LOT-8285,diego.brooks@examplecorp.test,,,,Active,100339,,100328,,,,,,,,,,Beta,100631,,,Standard,100569,,,nina.kim@demomail.test,jamie.ivanov@sampleco.test,Product Update,100107,Summit Partners LLC,Standard,,,,,,,,,,,,,N
100386,Contact,103389,taylor.rossi@examplecorp.test,Liam Larsson,2025-08-02 01:11:00,quinn.haddad@demomail.test,Omar Mensah,2024-04-20 22:26:00,aisha.silva@acme-fake.test,Yara Sato,2023-05-24 06:17:00,omar.ashby@examplecorp.test,Riley Ashby,2023-07-03 06:03:00,Y,Alex Dorsey,Jamie Kim,Jordan Dorsey,REF-8151,Software Developer,,,,,,,,,REF-5178,jordan.dorsey@sampleco.test,,,,Active,,100760,100588,100103,100076,,,,,100613,,100339,Alpha,100770,,,Beta,100333,,,drew.sato@examplecorp.test,morgan.sato@sampleco.test,Renewal Nudge,100516,,,100709,,,,,,,101818,,,,N,
100792,Contact,103392,marco.brooks@acme-fake.test,Reese Mensah,2025-11-27 00:45:00,taylor.kim@examplecorp.test,Morgan Ivanov,2025-04-30 07:24:00,yara.calder@sampleco.test,Priya Larsson,2024-06-20 07:55:00,fatima.ashby@sampleco.test,Avery Sloan,2023-10-02 10:13:00,N,Priya Blake,Drew Dorsey,Drew Mercer,SKU-2029,Executive Assistant,,,,Beta,,,,SKU-3534,TAG-3923,drew.mercer@demomail.test,,,,Inactive,,100368,100366,,,TAG-5943,,,,,,,Gamma,100628,,,Other,,,,aisha.blake@sampleco.test,nina.larsson@sampleco.test,Quarterly Newsletter,100560,Granite Labs,,100576,,,,,,,101814,N,,,N,
100370,Contact,103394,avery.vance@examplecorp.test,Jordan Ashby,2025-05-03 18:46:00,mei.rossi@demomail.test,Aisha Ashby,2025-02-08 12:59:00,quinn.kim@sampleco.test,Morgan Costa,2024-05-18 21:04:00,jamie.calder@acme-fake.test,Diego Brooks,2024-07-04 12:53:00,Y,Arjun Blake,Omar Reyes,Avery Dorsey,REF-2533,Accountant,,,,,Other,,,LOT-4885,LOT-9250,avery.dorsey@demomail.test,,,,Active,100661,,100798,100242,100673,,,,,,,,Alpha,100627,,,Standard,100555,,,alex.vance@acme-fake.test,mei.ashby@sampleco.test,Quarterly Newsletter,100255,Cobalt Energy Inc,,100672,,,,,,,,,,,Y,
100009,Contact,103397,diego.calder@demomail.test,Arjun Haddad,2023-11-26 12:01:00,diego.blake@acme-fake.test,Fatima Mercer,2026-01-14 21:39:00,rowan.patel@sampleco.test,Sofia Rossi,2023-12-08 05:47:00,drew.larsson@demomail.test,Emerson Garcia,2025-09-14 00:59:00,N,Diego Patel,Jamie Ford,Skyler Haddad,REF-9592,Software Developer,,,,,,,,,LOT-2507,skyler.haddad@acme-fake.test,,,,Inactive,100705,100395,100031,100217,100474,,,,,,,,Gamma,100694,,,Beta,100216,100042,,sofia.kim@demomail.test,yara.sloan@sampleco.test,Quarterly Newsletter,100215,,,,,,,,,,,,,,,
100220,Contact,103400,sofia.mercer@examplecorp.test,Omar Calder,2025-01-31 11:01:00,morgan.sato@acme-fake.test,Riley Dorsey,2025-11-08 20:39:00,skyler.nguyen@examplecorp.test,Elena Calder,2024-12-11 17:58:00,quinn.haddad@demomail.test,Elena Silva,2025-06-26 14:03:00,Y,Emerson Calder,Alex Sato,Jordan Dorsey,REF-9207,Support Specialist,,,,,,LOT-1262,,,SKU-9804,jordan.dorsey@acme-fake.test,,,,Active,100220,100213,100060,100445,100526,,,,,,,,Delta,100111,,,Gamma,,100213,,chen.dorsey@examplecorp.test,riley.vance@demomail.test,Product Update,100173,,Alpha,100579,,,,,,,101811,,,,N,Y
100481,Contact,103401,avery.rossi@acme-fake.test,Rahul Sloan,2025-05-09 22:59:00,arjun.kim@demomail.test,Priya Garcia,2023-02-02 03:09:00,quinn.okafor@sampleco.test,Diego Vance,2025-11-08 11:33:00,taylor.blake@acme-fake.test,Mei Garcia,2023-02-21 17:44:00,Y,Yara Vance,Emerson Nguyen,Arjun Vance,REF-7558,Recruiter,,,Standard,,,,,,TAG-4554,arjun.vance@acme-fake.test,,,,Active,100208,100786,100376,,,,,,,100329,,100772,Gamma,100799,,,Gamma,100661,100110,,quinn.larsson@acme-fake.test,marco.calder@sampleco.test,Re-engagement,100408,,Delta,100610,,,,6,,,101850,,,,,
100625,Contact,103403,skyler.ford@acme-fake.test,Jamie Garcia,2025-04-15 05:47:00,elena.cohen@demomail.test,Riley Brooks,2022-11-03 08:18:00,jamie.patel@acme-fake.test,Sofia Brooks,2025-03-06 12:02:00,alex.silva@acme-fake.test,Arjun Ashby,2024-07-04 21:30:00,Y,Liam Silva,Nina Brooks,Fatima Silva,REF-9634,Recruiter,,,Other,Beta,,,9793,TAG-6295,LOT-9292,fatima.silva@acme-fake.test,,,,Active,100293,,100658,100328,,,,,,100490,,100513,Alpha,100295,,,Other,100107,100395,,rahul.okafor@acme-fake.test,priya.mensah@examplecorp.test,Re-engagement,100746,Delta Partners Inc,Beta,,,,,,,,,,,,,
100468,Contact,103406,emerson.sloan@acme-fake.test,Marco Ford,2023-11-26 18:39:00,jamie.okafor@demomail.test,Aisha Blake,2026-07-12 10:32:00,elena.blake@sampleco.test,Liam Costa,2022-12-23 08:07:00,morgan.sato@examplecorp.test,Alex Larsson,2023-02-14 12:07:00,N,Chen Sato,Rahul Garcia,Rahul Dorsey,REF-7225,Data Analyst,,,,,,,2017,,SKU-5380,rahul.dorsey@demomail.test,,,,Inactive,100620,100308,100141,,100468,,,,,100195,,100477,Beta,100558,,,,,,,nina.sloan@examplecorp.test,omar.garcia@sampleco.test,Event Invite,100106,,,100325,,,,1,,,,,,,Y,
100506,Contact,103409,sofia.dorsey@sampleco.test,Emerson Patel,2024-02-19 04:12:00,chen.calder@demomail.test,Yara Reyes,2026-03-18 17:15:00,chen.blake@sampleco.test,Taylor Silva,2024-11-03 20:58:00,jamie.calder@sampleco.test,Jordan Calder,2024-02-14 05:38:00,Y,Rowan Vance,Sofia Sloan,Taylor Patel,TAG-9208,Financial Analyst,,,,,,,,,LOT-7552,taylor.patel@acme-fake.test,,,,Active,,,100473,,,,,,,,,,Gamma,100142,,Y,Gamma,,100099,,reese.dorsey@sampleco.test,arjun.haddad@examplecorp.test,Quarterly Newsletter,100481,Cobalt Networks,,100049,,,,,,,101859,,,,,
100672,Contact,103410,aisha.rossi@sampleco.test,Nina Cohen,2026-05-10 20:03:00,fatima.haddad@demomail.test,Fatima Nguyen,2024-12-27 12:23:00,jordan.calder@demomail.test,Priya Garcia,2024-10-02 12:11:00,liam.costa@demomail.test,Jordan Ivanov,2025-06-16 00:35:00,Y,Arjun Ivanov,Quinn Nguyen,Nina Ashby,REF-6799,Executive Assistant,,,,,,,2264,LOT-5214,SKU-9123,nina.ashby@sampleco.test,,,,Active,100062,,100613,100243,100638,,,,,100015,,,Gamma,100197,,,Other,,,,skyler.mensah@demomail.test,jamie.vance@sampleco.test,Re-engagement,100738,Atlas Logistics Ltd,Gamma,,,,,,,,,,,,,
100234,Contact,103412,morgan.costa@acme-fake.test,Elena Blake,2023-10-03 17:49:00,chen.rossi@demomail.test,Rowan Whitfield,2025-09-23 21:20:00,yara.haddad@examplecorp.test,Rowan Larsson,2026-06-05 09:12:00,jordan.kim@sampleco.test,Quinn Sato,2025-10-21 08:53:00,Y,Morgan Larsson,Avery Blake,Casey Costa,REF-7734,Customer Success Manager,,,,,,,,TAG-1660,TAG-5786,casey.costa@acme-fake.test,,,,Active,,100282,100254,,100295,,,,,100342,,100641,Alpha,100582,,,,100518,,,priya.kim@sampleco.test,alex.costa@sampleco.test,Renewal Nudge,100034,,Alpha,100455,,,,,,,101849,,,,Y,
100447,Contact,103413,omar.costa@acme-fake.test,Avery Sloan,2022-12-16 21:02:00,skyler.costa@sampleco.test,Avery Larsson,2023-04-01 09:24:00,quinn.mercer@acme-fake.test,Morgan Blake,2024-08-09 21:06:00,reese.whitfield@acme-fake.test,Mei Mensah,2025-04-15 19:44:00,Y,Diego Brooks,Alex Ivanov,Avery Blake,REF-8395,Payroll Specialist,,REF-8124,,,,,,,SKU-5064,avery.blake@acme-fake.test,,,,Active,100440,100370,100474,100156,,,,,,100132,,100302,Standard,100351,,,,100248,100377,,morgan.nguyen@demomail.test,priya.sato@acme-fake.test,Event Invite,100573,Blue Ridge Logistics Corp,Delta,,,,,,,,101814,,,,,
100352,Contact,103416,nina.cohen@acme-fake.test,Reese Reyes,2025-05-26 13:33:00,skyler.okafor@examplecorp.test,Elena Mercer,2025-09-24 18:10:00,aisha.garcia@sampleco.test,Sofia Brooks,2026-03-29 09:01:00,riley.larsson@demomail.test,Alex Sloan,2026-07-28 11:11:00,N,Yara Ford,Jordan Silva,Sofia Calder,LOT-9366,QA Engineer,,,,,,,,REF-3710,TAG-7511,sofia.calder@demomail.test,,,,Inactive,,,100044,,100192,TAG-1811,,,,,,100424,Delta,100053,,,,100548,100526,,alex.blake@examplecorp.test,noah.patel@acme-fake.test,Event Invite,100142,,,,,,,,,,,,,,,
100189,Contact,103417,yara.garcia@sampleco.test,Alex Mensah,2025-03-07 20:34:00,priya.nguyen@demomail.test,Casey Ivanov,2026-04-03 22:58:00,quinn.silva@acme-fake.test,Chen Reyes,2026-02-09 04:17:00,aisha.mercer@acme-fake.test,Liam Brooks,2024-08-04 15:32:00,Y,Aisha Patel,Omar Mercer,Emerson Rossi,SKU-9469,Payroll Specialist,,,,,,,,SKU-3823,TAG-2262,emerson.rossi@examplecorp.test,,,,Active,100029,,100443,100340,,,,,,,,100331,Standard,100363,,,Other,,100282,,emerson.calder@acme-fake.test,omar.ivanov@acme-fake.test,Event Invite,100413,Blue Ridge Retail LLC,Delta,,,,,,,,101866,,,,Y,
100765,Contact,103419,emerson.cohen@sampleco.test,Marco Rossi,2024-05-24 04:32:00,rowan.vance@acme-fake.test,Reese Haddad,2022-12-11 11:55:00,noah.ford@demomail.test,Mei Sloan,2025-03-05 11:57:00,elena.patel@demomail.test,Marco Mensah,2023-06-18 14:30:00,Y,Quinn Nguyen,Chen Rossi,Omar Larsson,REF-7071,HR Generalist,,,,,Delta,,,,SKU-1711,omar.larsson@sampleco.test,,,,Active,100485,,100333,,,,,,,,,,Beta,100053,,,Alpha,100513,100712,,casey.kim@acme-fake.test,noah.calder@acme-fake.test,Event Invite,100477,Everest Analytics Inc,Alpha,100322,,,,,,,101850,,,,Y,
100040,Contact,103422,taylor.blake@sampleco.test,Skyler Nguyen,2022-12-28 15:51:00,casey.haddad@examplecorp.test,Yara Calder,2025-04-13 04:17:00,marco.patel@examplecorp.test,Nina Nguyen,2024-02-15 06:04:00,rahul.ivanov@acme-fake.test,Jamie Patel,2025-10-16 01:23:00,Y,Liam Calder,Drew Haddad,Jordan Ivanov,TAG-5754,Payroll Specialist,,,,,,,,SKU-4797,REF-1776,jordan.ivanov@demomail.test,,,,Active,100240,,100156,100424,,,,,,100464,,,Standard,100538,,,,,100248,,aisha.whitfield@sampleco.test,chen.sato@sampleco.test,Product Update,100142,,,100503,,4,,,,,,,,,,
100758,Contact,103423,priya.kim@examplecorp.test,Avery Ashby,2024-08-15 10:04:00,avery.vance@demomail.test,Alex Ivanov,2024-06-11 16:32:00,emerson.haddad@sampleco.test,Nina Rossi,2023-02-22 15:14:00,fatima.costa@sampleco.test,Emerson Sato,2025-05-24 04:12:00,Y,Aisha Mercer,Skyler Ashby,Quinn Sato,SKU-9802,Support Specialist,,SKU-8607,,,,,,,SKU-6514,quinn.sato@examplecorp.test,,,,Active,100685,,100777,100704,,,,,,,,,Delta,100277,,,Other,100132,,,quinn.garcia@sampleco.test,chen.blake@demomail.test,Re-engagement,100649,,Beta,,,,,,,,101816,,,,Y,
100705,Contact,103426,skyler.nguyen@acme-fake.test,Elena Ford,2023-08-04 02:27:00,omar.silva@acme-fake.test,Yara Ivanov,2025-02-05 02:37:00,liam.mercer@acme-fake.test,Aisha Costa,2023-04-27 03:58:00,alex.blake@acme-fake.test,Arjun Okafor,2025-04-17 05:56:00,Y,Emerson Blake,Rowan Larsson,Alex Okafor,LOT-1786,Bookkeeper,,,,,,,,,SKU-7570,alex.okafor@acme-fake.test,,,,Active,100646,100009,100468,100034,100020,,,,,,,,Beta,100415,,,,,100389,,aisha.blake@demomail.test,riley.okafor@acme-fake.test,Quarterly Newsletter,100280,,Alpha,,,,,,,,101816,,,,,
100565,Contact,103428,elena.blake@examplecorp.test,Yara Dorsey,2023-04-08 15:47:00,riley.brooks@sampleco.test,Alex Brooks,2023-06-15 17:16:00,chen.rossi@sampleco.test,Chen Garcia,2025-02-09 02:02:00,aisha.ivanov@examplecorp.test,Rahul Haddad,2025-11-19 09:59:00,Y,Casey Vance,Taylor Silva,Casey Vance,TAG-4195,Operations Associate,,,,,,,,,LOT-2534,casey.vance@demomail.test,,,,Active,100026,100205,100735,100464,,,,,,100049,,100295,Beta,100164,,,Standard,100457,,,jamie.rossi@demomail.test,nina.silva@sampleco.test,Event Invite,100370,Harbor Systems Inc,Beta,100073,,,,,,,101843,,,,,
100156,Contact,103429,elena.sato@sampleco.test,Yara Vance,2023-09-16 10:58:00,chen.costa@examplecorp.test,Liam Ford,2026-04-08 00:20:00,emerson.dorsey@demomail.test,Nina Vance,2023-01-05 20:03:00,arjun.patel@demomail.test,Marco Nguyen,2026-06-23 02:48:00,Y,Elena Ivanov,Taylor Haddad,Chen Silva,TAG-7909,Bookkeeper,,,,,,,,,LOT-9631,chen.silva@demomail.test,,,,Active,,,100005,,,,,,,100741,,,Standard,100236,,,Gamma,,100066,,skyler.cohen@demomail.test,casey.calder@acme-fake.test,Renewal Nudge,100141,Meridian Holdings LLC,Gamma,100245,,,,,,,101837,,,,N,
100259,Contact,103431,noah.calder@sampleco.test,Drew Cohen,2025-06-24 21:48:00,fatima.okafor@sampleco.test,Jordan Haddad,2023-10-01 01:34:00,avery.okafor@acme-fake.test,Morgan Mensah,2025-06-06 19:03:00,taylor.kim@examplecorp.test,Rowan Silva,2024-11-02 07:20:00,Y,Rahul Garcia,Omar Vance,Priya Okafor,TAG-8826,Payroll Specialist,,,,,,,,,TAG-9285,priya.okafor@examplecorp.test,,,,Active,100241,100069,100234,100197,100490,,,,,100729,,,Alpha,100443,,,Other,,,,fatima.whitfield@examplecorp.test,riley.ivanov@examplecorp.test,Quarterly Newsletter,100722,,,100075,,,,,,,101780,,,,Y,
100336,Contact,103433,avery.reyes@sampleco.test,Quinn Kim,2022-12-18 03:19:00,nina.rossi@acme-fake.test,Yara Costa,2022-12-28 20:36:00,casey.patel@examplecorp.test,Omar Patel,2022-12-17 04:18:00,chen.ivanov@demomail.test,Jamie Mensah,2024-04-05 18:20:00,Y,Rahul Brooks,Reese Dorsey,Morgan Haddad,TAG-6387,Support Specialist,,,,,,,,,SKU-9944,morgan.haddad@acme-fake.test,,,,Active,100597,,100563,,100328,,,,,100177,,100236,Beta,100738,,,,100723,100624,,quinn.cohen@demomail.test,drew.kim@examplecorp.test,Event Invite,100026,,Standard,100604,,,,,,,101869,,,,Y,
100216,Contact,103434,diego.reyes@examplecorp.test,Priya Mensah,2024-12-03 14:17:00,priya.okafor@acme-fake.test,Drew Haddad,2022-11-10 04:37:00,emerson.reyes@demomail.test,Alex Blake,2024-02-09 06:49:00,skyler.reyes@sampleco.test,Quinn Brooks,2024-12-27 12:49:00,Y,Casey Ford,Sofia Sato,Sofia Sato,REF-4568,Customer Success Manager,,,,Gamma,,,,LOT-3919,REF-2225,sofia.sato@sampleco.test,,,,Active,100673,100554,100664,100538,100596,,,,,100200,,100437,Delta,100692,,,Alpha,100539,100683,,sofia.larsson@examplecorp.test,emerson.cohen@demomail.test,Re-engagement,100186,Horizon Textiles LLC,,100593,,,,,,,,Y,,,N,
100143,Contact,103437,riley.garcia@examplecorp.test,Emerson Mercer,2024-05-27 09:02:00,reese.haddad@acme-fake.test,Noah Nguyen,2026-02-03 13:10:00,emerson.patel@examplecorp.test,Casey Ashby,2023-04-21 09:35:00,yara.patel@examplecorp.test,Jamie Calder,2023-09-18 07:16:00,Y,Noah Brooks,Mei Silva,Nina Costa,TAG-8938,Customer Success Manager,,SKU-6368,,,,,,REF-1949,SKU-9012,nina.costa@demomail.test,,,,Active,,100255,100803,100486,,,,,,,,100738,Alpha,100217,,,Gamma,,100568,,fatima.larsson@acme-fake.test,skyler.kim@examplecorp.test,Event Invite,100497,Vertex Group Co,Gamma,100334,,,,,,,,,,,N,Y
100598,Contact,103440,jordan.sato@sampleco.test,Liam Whitfield,2026-03-20 20:31:00,jordan.sloan@demomail.test,Noah Mensah,2026-04-09 05:18:00,sofia.ford@sampleco.test,Drew Rossi,2025-12-06 10:03:00,mei.reyes@examplecorp.test,Rowan Calder,2024-05-28 06:23:00,Y,Morgan Sloan,Omar Silva,Chen Ashby,TAG-5814,Payroll Specialist,,,,,,,7558,REF-6755,SKU-5128,chen.ashby@sampleco.test,,,,Active,100382,,100486,100546,,,,,,,,100432,Other,100104,,,Alpha,100192,100532,,sofia.ford@demomail.test,casey.nguyen@demomail.test,Re-engagement,100542,Cobalt Foods Group,Alpha,,,,8,,,,101850,,,,N,
100323,Contact,103443,fatima.rossi@sampleco.test,Omar Patel,2023-06-21 11:46:00,rahul.sato@acme-fake.test,Jamie Ford,2025-06-21 09:14:00,casey.nguyen@examplecorp.test,Liam Ivanov,2023-05-31 06:38:00,chen.kim@sampleco.test,Marco Reyes,2025-08-19 16:12:00,Y,Taylor Nguyen,Liam Ivanov,Arjun Nguyen,TAG-5615,Bookkeeper,,,,Other,,,,,REF-5864,arjun.nguyen@demomail.test,,,,Active,100750,100286,100012,100763,100008,,,,,100792,,100293,Delta,100709,,,Other,,100792,,taylor.sloan@demomail.test,morgan.costa@examplecorp.test,Event Invite,100180,Granite Ventures LLC,Delta,,,,,9,,,,,,,,
100177,Contact,103444,elena.costa@examplecorp.test,Fatima Nguyen,2023-03-06 10:21:00,reese.sato@sampleco.test,Quinn Kim,2026-05-14 07:19:00,priya.ivanov@examplecorp.test,Drew Kim,2025-05-22 07:09:00,fatima.okafor@demomail.test,Jamie Larsson,2024-09-07 11:44:00,Y,Arjun Rossi,Alex Reyes,Nina Nguyen,,Customer Success Manager,,,,,,,,,LOT-4765,nina.nguyen@demomail.test,,,,Active,,100477,100498,100208,,,,,,100215,,,Gamma,100213,,,,100374,100513,,casey.ivanov@demomail.test,skyler.ivanov@examplecorp.test,Renewal Nudge,100517,Evergreen Textiles,Delta,,,,,,,,101830,,,,,
100323,Contact,103446,chen.ivanov@acme-fake.test,Skyler Vance,2026-03-18 10:01:00,diego.costa@acme-fake.test,Priya Sato,2025-05-07 02:35:00,taylor.silva@acme-fake.test,Avery Ivanov,2024-01-04 16:26:00,riley.mensah@sampleco.test,Drew Kim,2023-04-13 23:47:00,Y,Aisha Dorsey,Chen Reyes,Omar Ashby,TAG-9392,HR Generalist,,,,,,,,,REF-9584,omar.ashby@demomail.test,,,,Active,100091,100017,100400,100531,100723,SKU-3490,,,,,,100212,Standard,100624,,,Standard,,100563,,skyler.dorsey@acme-fake.test,casey.larsson@demomail.test,Re-engagement,100457,Redwood Health Group,,,,,,,,,,,,,N,
100699,Contact,103448,fatima.blake@acme-fake.test,Marco Nguyen,2026-05-13 06:38:00,yara.mercer@acme-fake.test,Jamie Ivanov,2022-12-05 23:35:00,skyler.ford@sampleco.test,Casey Calder,2023-10-28 01:00:00,nina.okafor@sampleco.test,Omar Patel,2026-04-04 03:03:00,Y,Emerson Sato,Reese Sloan,Priya Calder,TAG-9853,Marketing Coordinator,,,Delta,,,,,,TAG-6744,priya.calder@demomail.test,,,,Active,,,100403,100015,,,,,,100255,,100793,Other,100652,,,,100673,100741,,nina.ashby@demomail.test,noah.whitfield@demomail.test,Product Update,100574,,Gamma,100339,,,,,,,,,,,,
100251,Contact,103450,mei.blake@demomail.test,Jordan Patel,2025-01-30 06:34:00,priya.ford@acme-fake.test,Marco Haddad,2023-02-22 20:45:00,diego.patel@examplecorp.test,Priya Rossi,2025-12-16 17:50:00,avery.patel@demomail.test,Elena Ashby,2025-08-07 01:46:00,N,Riley Garcia,Avery Mensah,Nina Reyes,LOT-8912,Bookkeeper,,,,,,TAG-9414,,,REF-8222,nina.reyes@sampleco.test,,,,Inactive,100452,,100316,,100613,LOT-7244,,,,100083,,100185,Alpha,100099,,,Standard,,100359,,chen.calder@sampleco.test,rowan.ford@demomail.test,Renewal Nudge,100417,,Delta,100434,,,,,,,101857,,,,,
100712,Contact,103452,diego.calder@sampleco.test,Morgan Cohen,2024-11-20 09:59:00,priya.garcia@acme-fake.test,Priya Reyes,2025-08-05 07:48:00,arjun.larsson@examplecorp.test,Taylor Ashby,2022-11-29 22:55:00,sofia.nguyen@sampleco.test,Rowan Cohen,2026-07-26 23:19:00,N,Fatima Nguyen,Sofia Calder,Quinn Vance,TAG-4709,Accountant,,,,Gamma,,,,,LOT-1884,quinn.vance@sampleco.test,,,,Inactive,100208,,100371,,100051,,,,,100454,,100215,Gamma,100164,,,Beta,100563,,,rahul.reyes@demomail.test,skyler.okafor@sampleco.test,Product Update,100120,,,,,,,,,,101867,,,,,
100165,Contact,103455,rowan.sato@acme-fake.test,Alex Mensah,2023-10-06 15:20:00,jordan.silva@examplecorp.test,Jordan Cohen,2023-05-17 19:29:00,marco.ashby@demomail.test,Morgan Ivanov,2026-01-21 22:15:00,priya.ashby@acme-fake.test,Rahul Sloan,2026-04-21 08:38:00,Y,Noah Mercer,Omar Reyes,Jordan Whitfield,SKU-9249,Customer Success Manager,,LOT-9801,,,,,,REF-9241,REF-6467,jordan.whitfield@sampleco.test,,,,Active,,,100467,100484,,,,,,,,,Alpha,100749,,N,,100426,100119,,reese.reyes@examplecorp.test,noah.ford@sampleco.test,Event Invite,100503,Granite Robotics Corp,,,,,,,,,,,,,,
100295,Contact,103457,skyler.costa@demomail.test,Arjun Nguyen,2024-02-12 20:57:00,jamie.sloan@demomail.test,Arjun Okafor,2022-11-12 23:26:00,aisha.sato@sampleco.test,Fatima Costa,2025-07-14 12:15:00,nina.ivanov@examplecorp.test,Rowan Patel,2024-08-21 14:19:00,N,Mei Kim,Riley Nguyen,Priya Whitfield,REF-8895,Bookkeeper,,,,,,,,,REF-1706,priya.whitfield@demomail.test,,,,Inactive,,100290,100799,100634,,,,,,100090,,100188,Delta,100359,,,,,100403,,nina.costa@examplecorp.test,riley.ford@acme-fake.test,Renewal Nudge,100272,,Alpha,,,,,,,,,,,,,
100475,Contact,103459,elena.okafor@demomail.test,Rowan Ivanov,2024-10-21 14:06:00,casey.sato@sampleco.test,Nina Mercer,2026-04-29 06:23:00,fatima.brooks@sampleco.test,Emerson Sloan,2023-02-23 19:15:00,skyler.patel@demomail.test,Skyler Garcia,2025-07-23 05:44:00,Y,Rowan Garcia,Drew Calder,Diego Ford,REF-8765,Software Developer,,,,,,,,SKU-8685,TAG-5922,diego.ford@demomail.test,,,,Active,,,100241,100786,100777,SKU-1866,,,,,,100115,Gamma,100522,,,Delta,100243,100749,,emerson.vance@acme-fake.test,drew.blake@acme-fake.test,Re-engagement,100424,,,,,,,,,,101839,,,,N,
100251,Contact,103461,marco.calder@sampleco.test,Jamie Sloan,2026-07-12 09:36:00,drew.garcia@demomail.test,Casey Vance,2025-01-14 19:38:00,rowan.ford@examplecorp.test,Elena Rossi,2024-01-25 18:01:00,aisha.mensah@acme-fake.test,Elena Sloan,2024-05-23 09:27:00,Y,Sofia Patel,Skyler Larsson,Fatima Rossi,LOT-4809,Executive Assistant,,,,,,SKU-3764,,LOT-1843,SKU-2073,fatima.rossi@acme-fake.test,,,,Active,,100257,100490,100229,,,,,,,,100717,Beta,100151,,,Other,100030,100454,,taylor.kim@acme-fake.test,liam.sloan@sampleco.test,Re-engagement,100208,Granite Analytics LLC,Other,100506,,,,,,,,,,,Y,
100753,Contact,103463,drew.patel@examplecorp.test,Morgan Cohen,2026-03-16 01:54:00,reese.brooks@sampleco.test,Reese Vance,2025-09-20 14:00:00,yara.haddad@acme-fake.test,Jamie Mercer,2023-01-26 04:37:00,marco.rossi@acme-fake.test,Drew Mercer,2024-06-13 12:09:00,N,Mei Brooks,Nina Garcia,Quinn Mensah,,Financial Analyst,,,,,,,,TAG-1357,LOT-2709,quinn.mensah@acme-fake.test,,,,Inactive,,,100429,100405,,LOT-1808,,,,,,,Other,100120,,,Beta,100758,,,diego.rossi@acme-fake.test,mei.ashby@demomail.test,Product Update,100538,,,,,,,,,,101780,,,,,
100746,Contact,103465,elena.sloan@examplecorp.test,Diego Ashby,2026-07-27 01:21:00,drew.mensah@examplecorp.test,Jamie Reyes,2024-01-13 14:06:00,sofia.reyes@examplecorp.test,Rahul Brooks,2024-03-15 06:00:00,alex.vance@demomail.test,Omar Nguyen,2025-03-24 09:22:00,Y,Casey Vance,Quinn Calder,Riley Ivanov,SKU-1426,Support Specialist,,REF-7459,,,,,,,SKU-1874,riley.ivanov@examplecorp.test,,,,Active,,100620,100134,,100203,,,,,100238,,100486,Beta,100069,,,,100667,100753,,priya.sloan@acme-fake.test,casey.haddad@acme-fake.test,Re-engagement,100445,Beacon Logistics Co,Other,100123,,,,,,,101811,,,,Y,
100443,Contact,103467,liam.dorsey@demomail.test,Nina Calder,2023-10-31 11:21:00,reese.nguyen@demomail.test,Quinn Brooks,2024-12-03 08:01:00,quinn.nguyen@demomail.test,Noah Larsson,2024-07-30 04:27:00,omar.sloan@examplecorp.test,Drew Brooks,2026-04-18 09:27:00,Y,Casey Blake,Priya Reyes,Skyler Rossi,TAG-7779,QA Engineer,,,,,,,,TAG-3541,LOT-9743,skyler.rossi@examplecorp.test,,,,Active,100251,100735,100229,,100723,,,,,100770,,100413,Gamma,100526,,,,100789,100784,,rowan.haddad@acme-fake.test,jamie.reyes@sampleco.test,Product Update,100295,Falcon Systems Inc,,,,,,,,,101837,Y,,,,
100603,Contact,103468,rowan.okafor@sampleco.test,Marco Mensah,2023-01-28 11:38:00,fatima.costa@demomail.test,Avery Dorsey,2026-03-21 12:54:00,aisha.sloan@acme-fake.test,Sofia Vance,2024-06-12 22:05:00,riley.sato@sampleco.test,Drew Whitfield,2024-07-09 02:36:00,Y,Morgan Haddad,Liam Haddad,Reese Ford,LOT-4573,Payroll Specialist,,,,,,,,TAG-9992,LOT-1893,reese.ford@examplecorp.test,,,,Active,100097,100607,100313,,100771,,,,,100017,,,Delta,100415,,Y,Other,,,,sofia.larsson@demomail.test,avery.garcia@demomail.test,Re-engagement,100339,,Other,100255,,,,,,,,Y,,,Y,
100251,Contact,103469,reese.mercer@acme-fake.test,Mei Mensah,2026-07-16 04:59:00,reese.larsson@examplecorp.test,Casey Cohen,2022-11-11 19:29:00,riley.kim@demomail.test,Chen Patel,2024-08-19 00:42:00,liam.larsson@demomail.test,Fatima Ivanov,2025-10-13 13:59:00,Y,Casey Ivanov,Liam Patel,Skyler Cohen,SKU-6101,Operations Associate,,,,,,,,,TAG-9064,skyler.cohen@demomail.test,,,,Active,100352,,100641,100380,100371,,,,,100784,,,Gamma,100079,,,,100421,100434,,riley.reyes@acme-fake.test,mei.haddad@demomail.test,Quarterly Newsletter,100654,Everest Health LLC,Beta,100552,,,,,,,,N,,,,
100481,Contact,103470,avery.nguyen@sampleco.test,Reese Vance,2023-05-12 23:16:00,skyler.mensah@examplecorp.test,Mei Nguyen,2025-02-26 22:24:00,skyler.sloan@acme-fake.test,Priya Ford,2025-10-02 00:46:00,yara.reyes@sampleco.test,Aisha Garcia,2025-09-22 04:12:00,Y,Rahul Brooks,Omar Blake,Reese Vance,SKU-6488,Marketing Coordinator,,,,,,,,,TAG-8420,reese.vance@sampleco.test,,,,Active,,100641,100734,,,,,,,100139,,,Standard,100627,,,Standard,100186,100370,,rahul.brooks@examplecorp.test,diego.rossi@examplecorp.test,Quarterly Newsletter,100094,,Gamma,100275,,,0,,,,,,,,,
100301,Contact,103471,diego.haddad@demomail.test,Chen Garcia,2023-09-01 08:56:00,reese.brooks@examplecorp.test,Arjun Ashby,2024-10-09 07:59:00,aisha.vance@acme-fake.test,Marco Dorsey,2025-02-08 02:18:00,priya.vance@examplecorp.test,Skyler Kim,2024-11-30 20:03:00,Y,Noah Mercer,Elena Reyes,Taylor Haddad,LOT-8472,Project Manager,,,,,,,,,REF-1397,taylor.haddad@examplecorp.test,,,,Active,,100638,100302,100339,,,,,,100223,,,Other,100449,,,,,,,skyler.costa@demomail.test,rahul.ford@acme-fake.test,Event Invite,100197,,Beta,,,,,,,,101851,,,,,
100496,Contact,103474,rowan.nguyen@examplecorp.test,Skyler Mensah,2023-06-03 07:23:00,noah.cohen@examplecorp.test,Elena Sato,2023-02-22 04:04:00,yara.blake@acme-fake.test,Yara Reyes,2023-11-03 05:32:00,mei.kim@acme-fake.test,Rowan Calder,2023-10-16 04:02:00,N,Liam Ivanov,Fatima Larsson,Omar Silva,LOT-1213,Software Developer,,,,,,,,SKU-7803,LOT-4833,omar.silva@examplecorp.test,,,,Inactive,100009,,100161,100293,100582,SKU-3656,,,,100554,,,Other,100452,,,Gamma,,,,marco.haddad@demomail.test,diego.brooks@sampleco.test,Event Invite,100516,Harbor Energy LLC,Other,100302,,4,,7,,,101857,,,,Y,
100070,Contact,103477,elena.nguyen@demomail.test,Marco Brooks,2025-01-19 20:42:00,fatima.patel@demomail.test,Riley Whitfield,2022-10-28 17:12:00,noah.costa@acme-fake.test,Fatima Larsson,2026-06-26 01:47:00,jordan.garcia@acme-fake.test,Quinn Larsson,2024-01-12 02:47:00,Y,Arjun Calder,Elena Sato,Taylor Nguyen,TAG-6012,Bookkeeper,,,,,,,,SKU-6549,SKU-7464,taylor.nguyen@sampleco.test,,,,Active,100161,,100500,100009,,,,,,,,,Beta,100091,,,,,100265,,sofia.mercer@examplecorp.test,avery.cohen@demomail.test,Renewal Nudge,100782,,,100254,,,,,,,101854,,,,,
100010,Contact,103478,taylor.costa@sampleco.test,Rowan Sloan,2026-05-12 11:50:00,quinn.sloan@examplecorp.test,Fatima Larsson,2023-10-11 10:57:00,liam.brooks@examplecorp.test,Taylor Garcia,2026-07-28 09:37:00,jamie.larsson@demomail.test,Noah Mercer,2023-07-28 08:41:00,N,Jordan Haddad,Aisha Blake,Mei Mercer,SKU-6827,Accountant,,,,,,,,,LOT-1359,mei.mercer@acme-fake.test,,,,Inactive,100467,100200,100316,,100543,,,,,100025,,,Alpha,100171,,N,Beta,,100527,,marco.ivanov@sampleco.test,rahul.nguyen@sampleco.test,Renewal Nudge,100405,Blue Ridge Holdings Ltd,,100259,,10,,,,,101839,,,,,
100692,Contact,103480,avery.kim@sampleco.test,Liam Mercer,2023-06-20 03:08:00,alex.whitfield@examplecorp.test,Taylor Silva,2024-10-20 14:38:00,skyler.ashby@acme-fake.test,Sofia Mensah,2025-06-28 01:22:00,priya.dorsey@demomail.test,Diego Ivanov,2024-04-22 21:02:00,Y,Sofia Garcia,Rowan Silva,Reese Nguyen,LOT-8904,Project Manager,,,,,,,1021,,SKU-4458,reese.nguyen@sampleco.test,,,,Active,,100269,100554,,,,,,,100469,,,Gamma,100298,,,,100008,100186,,skyler.patel@demomail.test,riley.ivanov@examplecorp.test,Product Update,100573,,,100498,,,,,,,,,,,N,
100788,Contact,103481,quinn.garcia@sampleco.test,Mei Ivanov,2025-01-10 19:11:00,sofia.larsson@examplecorp.test,Emerson Dorsey,2024-11-05 11:37:00,chen.reyes@acme-fake.test,Riley Ashby,2025-12-25 09:13:00,arjun.costa@acme-fake.test,Noah Brooks,2026-05-11 08:54:00,N,Priya Cohen,Rowan Sloan,Quinn Whitfield,LOT-9090,Accountant,,,,,,,4854,LOT-8343,REF-8616,quinn.whitfield@demomail.test,,,,Inactive,,,100012,100195,100290,,,,,100208,,100658,Beta,100694,,,,100325,,,casey.mensah@sampleco.test,rahul.nguyen@acme-fake.test,Event Invite,100091,Pioneer Capital Co,,100066,,,,7,,,101837,,,,Y,Y
100136,Contact,103483,jamie.sato@demomail.test,Jamie Patel,2024-03-16 08:11:00,fatima.costa@acme-fake.test,Noah Haddad,2024-01-18 07:14:00,avery.whitfield@examplecorp.test,Jordan Dorsey,2023-10-03 07:34:00,diego.patel@acme-fake.test,Arjun Kim,2025-09-28 20:32:00,Y,Elena Mercer,Jordan Sloan,Morgan Silva,LOT-7128,Executive Assistant,,,,,,,,,TAG-8956,morgan.silva@examplecorp.test,,,,Active,100040,100516,100383,100591,,,,,,100205,,,Other,100332,,,,,,,marco.garcia@acme-fake.test,drew.okafor@acme-fake.test,Quarterly Newsletter,100709,Lakeside Dynamics,,,,,,,,,101797,N,,,Y,
100496,Contact,103484,morgan.sloan@sampleco.test,Mei Garcia,2024-08-10 13:30:00,quinn.whitfield@examplecorp.test,Diego Silva,2025-03-12 21:53:00,arjun.kim@sampleco.test,Avery Haddad,2025-11-21 01:09:00,quinn.cohen@sampleco.test,Alex Ford,2025-09-18 11:48:00,Y,Skyler Garcia,Riley Nguyen,Chen Sloan,TAG-2758,Project Manager,,,,,,,,,REF-8173,chen.sloan@acme-fake.test,,,,Active,100216,100197,100720,100223,100331,,,,,100269,,100090,Beta,100568,,,Delta,,100676,,alex.costa@examplecorp.test,diego.blake@sampleco.test,Product Update,100224,Lakeside Textiles Co,,100182,,,,10,,,,,,,,
100267,Contact,103485,emerson.dorsey@demomail.test,Mei Ashby,2024-05-16 15:48:00,chen.kim@examplecorp.test,Nina Mercer,2025-03-16 21:54:00,skyler.ivanov@acme-fake.test,Nina Vance,2026-03-30 21:38:00,arjun.kim@demomail.test,Jamie Ashby,2023-07-26 00:27:00,N,Alex Mensah,Sofia Mercer,Emerson Dorsey,REF-1727,HR Generalist,,,,,,,,,SKU-3087,emerson.dorsey@demomail.test,,,,Inactive,100620,100786,100026,100398,,,,,,,,,Alpha,100172,,,Delta,100571,,,diego.brooks@demomail.test,morgan.brooks@acme-fake.test,Renewal Nudge,100286,Beacon Manufacturing Inc,,100563,,,,,,,,,,,N,
100005,Contact,103486,diego.larsson@examplecorp.test,Arjun Vance,2024-08-03 21:03:00,yara.ford@demomail.test,Elena Whitfield,2023-07-26 04:25:00,riley.dorsey@sampleco.test,Emerson Whitfield,2023-07-02 06:17:00,quinn.calder@sampleco.test,Marco Patel,2025-09-27 10:13:00,Y,Emerson Reyes,Noah Reyes,Arjun Mensah,TAG-2732,Financial Analyst,,,,,,,,,TAG-6412,arjun.mensah@demomail.test,,,,Active,100685,,100565,100148,100709,,,,,100484,,100627,Standard,100638,,,Other,100685,100040,,rowan.ashby@demomail.test,priya.costa@examplecorp.test,Renewal Nudge,100676,Summit Dynamics Corp,,,,,,,,,101863,,,,Y,Y
100308,Contact,103488,fatima.nguyen@examplecorp.test,Taylor Larsson,2023-02-02 07:17:00,skyler.vance@examplecorp.test,Aisha Kim,2025-02-13 13:16:00,priya.blake@sampleco.test,Yara Rossi,2026-06-25 22:37:00,liam.patel@sampleco.test,Liam Haddad,2024-10-13 23:33:00,Y,Quinn Ivanov,Drew Vance,Morgan Dorsey,SKU-6175,Bookkeeper,,,,,,,,,TAG-5317,morgan.dorsey@sampleco.test,,,,Active,100654,,100010,100383,100613,,,,,100136,,100083,Gamma,100568,,,,100236,,,priya.ashby@demomail.test,aisha.blake@demomail.test,Event Invite,100176,,,100421,,,,,,,101795,,,,,
100413,Contact,103491,omar.mercer@acme-fake.test,Priya Sloan,2025-10-09 21:52:00,emerson.kim@examplecorp.test,Reese Dorsey,2023-10-25 15:37:00,chen.nguyen@acme-fake.test,Avery Rossi,2026-01-15 07:41:00,reese.haddad@examplecorp.test,Mei Dorsey,2026-03-15 18:58:00,Y,Aisha Whitfield,Noah Mercer,Alex Reyes,TAG-2834,Financial Analyst,,,,,,,,TAG-6601,SKU-8113,alex.reyes@sampleco.test,,,,Active,,100424,100200,100542,100418,,,,,100720,,100146,Delta,100128,,N,Standard,100242,,,emerson.nguyen@examplecorp.test,nina.kim@sampleco.test,Event Invite,100009,Cobalt Retail LLC,Standard,,,,,,,,,N,,,,
100429,Contact,103492,chen.cohen@examplecorp.test,Mei Nguyen,2023-08-19 00:08:00,quinn.sato@sampleco.test,Liam Whitfield,2022-12-29 03:06:00,noah.silva@examplecorp.test,Skyler Brooks,2025-10-16 10:06:00,arjun.reyes@sampleco.test,Avery Cohen,2023-07-09 06:52:00,Y,Drew Rossi,Mei Nguyen,Elena Larsson,REF-8603,Financial Analyst,,,,,,,,,TAG-1922,elena.larsson@acme-fake.test,,,,Active,100742,,100579,100712,,,,,,100455,,100293,Other,100353,,Y,,100257,,,aisha.blake@acme-fake.test,marco.sato@examplecorp.test,Renewal Nudge,100803,,Other,,,,,,,,101838,,,,Y,N
100585,Contact,103494,liam.ashby@acme-fake.test,Liam Okafor,2025-07-16 01:35:00,chen.ashby@examplecorp.test,Emerson Brooks,2023-09-19 07:55:00,fatima.calder@demomail.test,Arjun Mensah,2024-03-10 06:18:00,rowan.silva@demomail.test,Priya Whitfield,2024-05-23 14:56:00,Y,Chen Nguyen,Marco Rossi,Priya Brooks,SKU-6183,Software Developer,,,,,,,,REF-7877,LOT-1239,priya.brooks@examplecorp.test,,,,Active,100667,100185,100212,,,,,,,100526,,100482,Beta,100712,,,,100546,,,fatima.blake@examplecorp.test,nina.costa@demomail.test,Re-engagement,100325,Silverline Energy Group,,100744,,,,7,,,,,,,Y,
100494,Contact,103496,mei.reyes@examplecorp.test,Nina Brooks,2024-05-07 23:40:00,taylor.rossi@acme-fake.test,Emerson Reyes,2023-05-19 05:50:00,avery.okafor@examplecorp.test,Drew Reyes,2023-08-27 15:02:00,nina.ford@demomail.test,Elena Cohen,2023-10-01 17:38:00,Y,Reese Mercer,Fatima Mercer,Avery Nguyen,TAG-2777,Recruiter,,,,,,,,,TAG-5636,avery.nguyen@examplecorp.test,,,,Active,100070,100726,100386,100496,100421,,,,,,,,Beta,100243,,,,,100789,,elena.rossi@examplecorp.test,yara.ford@demomail.test,Event Invite,100729,,,,,,,,,,101837,,,,,
100750,Contact,103497,casey.garcia@examplecorp.test,Quinn Vance,2024-08-22 19:54:00,drew.ivanov@examplecorp.test,Avery Blake,2024-12-28 18:33:00,morgan.mensah@acme-fake.test,Diego Costa,2023-11-25 20:53:00,alex.cohen@examplecorp.test,Aisha Reyes,2025-03-06 15:06:00,Y,Mei Reyes,Riley Calder,Marco Okafor,SKU-4424,Data Analyst,,,,,,,,SKU-9762,TAG-3479,marco.okafor@demomail.test,,,,Active,100017,100245,100101,100313,100164,,,,,,,100083,Gamma,100452,,,Delta,100735,,,diego.blake@demomail.test,riley.larsson@sampleco.test,Product Update,100417,,Beta,100784,,,,,,,101780,,,,Y,
100597,Contact,103498,taylor.larsson@demomail.test,Marco Nguyen,2025-03-08 13:10:00,taylor.kim@acme-fake.test,Avery Calder,2025-11-18 06:31:00,drew.calder@demomail.test,Mei Ivanov,2024-01-19 03:33:00,casey.rossi@examplecorp.test,Skyler Rossi,2023-03-15 15:51:00,N,Priya Brooks,Yara Kim,Nina Ford,TAG-7070,Software Developer,,,,,,,1245,,LOT-5887,nina.ford@demomail.test,,,,Inactive,100579,,100415,100290,100576,,,,,100496,,,Gamma,100012,,,,100076,100238,,jamie.costa@sampleco.test,emerson.sloan@sampleco.test,Re-engagement,100729,,,,,,,,,,101830,,,,,
100212,Contact,103501,marco.kim@sampleco.test,Marco Mensah,2025-06-01 19:49:00,jamie.vance@acme-fake.test,Jordan Rossi,2025-06-26 12:34:00,quinn.kim@sampleco.test,Diego Ford,2023-08-15 13:34:00,avery.nguyen@sampleco.test,Jordan Mensah,2025-12-04 08:13:00,Y,Diego Calder,Rowan Nguyen,Casey Costa,TAG-6971,Marketing Coordinator,,,,Beta,,,,LOT-2933,LOT-7197,casey.costa@acme-fake.test,,,,Active,,100516,100129,,100383,,,,,100305,,100520,Beta,100539,,,Standard,100500,100158,,rowan.haddad@acme-fake.test,skyler.brooks@examplecorp.test,Quarterly Newsletter,100632,,,100638,,,,,,,101866,,,,Y,
100099,Contact,103502,riley.nguyen@acme-fake.test,Rahul Ford,2026-01-05 04:05:00,nina.kim@sampleco.test,Noah Ivanov,2024-03-09 13:04:00,rahul.dorsey@examplecorp.test,Jamie Mensah,2025-07-17 06:51:00,riley.haddad@examplecorp.test,Reese Brooks,2024-10-23 13:23:00,Y,Marco Sato,Taylor Sato,Marco Haddad,TAG-6146,Software Developer,,TAG-5593,,,,,,SKU-2872,REF-4837,marco.haddad@sampleco.test,,,,Active,,100119,100498,100342,100415,,,,,100610,,,Other,100417,,,Other,100418,,,morgan.nguyen@examplecorp.test,rahul.reyes@sampleco.test,Quarterly Newsletter,100008,Cardinal Manufacturing Corp,,100343,,,,,,,101832,,,,N,
100617,Contact,103505,skyler.sato@sampleco.test,Aisha Costa,2022-12-29 05:28:00,emerson.reyes@sampleco.test,Rahul Nguyen,2024-03-06 17:36:00,skyler.mensah@sampleco.test,Taylor Brooks,2026-04-26 07:19:00,emerson.haddad@acme-fake.test,Liam Kim,2022-10-08 06:29:00,N,Skyler Brooks,Riley Kim,Drew Whitfield,SKU-1060,Marketing Coordinator,,,,,,,,LOT-2821,LOT-8634,drew.whitfield@sampleco.test,,,,Inactive,,100642,100010,,100486,,,,,,,,Beta,100503,,,Gamma,100696,100563,,jamie.garcia@sampleco.test,aisha.garcia@sampleco.test,Quarterly Newsletter,100658,,Other,100593,,,,,,,101788,,,,Y,
100376,Contact,103508,priya.mensah@acme-fake.test,Omar Calder,2024-11-18 08:57:00,drew.cohen@acme-fake.test,Emerson Mensah,2025-07-02 23:20:00,omar.larsson@demomail.test,Aisha Mensah,2025-08-15 12:41:00,morgan.kim@demomail.test,Quinn Ford,2024-06-01 15:11:00,Y,Arjun Blake,Rowan Whitfield,Reese Larsson,REF-8608,Project Manager,,,,,,,,,TAG-6119,reese.larsson@sampleco.test,,,,Active,100010,100031,100363,100696,,,,,,,,100637,Standard,100097,,,Gamma,,100374,,mei.brooks@sampleco.test,fatima.brooks@acme-fake.test,Re-engagement,100040,,Delta,,,,,,,,101841,,,,Y,
100104,Contact,103510,liam.brooks@sampleco.test,Sofia Kim,2022-10-04 05:08:00,mei.larsson@examplecorp.test,Taylor Cohen,2026-05-20 12:05:00,mei.okafor@acme-fake.test,Riley Calder,2024-09-19 00:46:00,aisha.mensah@acme-fake.test,Chen Nguyen,2026-04-26 19:44:00,N,Sofia Ivanov,Marco Kim,Mei Vance,LOT-5371,Marketing Coordinator,,,,,,,,,SKU-3264,mei.vance@acme-fake.test,,,,Inactive,100333,100120,100173,,100023,,,,,,,,Alpha,100484,,,,100094,100158,,taylor.whitfield@sampleco.test,fatima.haddad@demomail.test,Quarterly Newsletter,100469,,Other,100758,,,,1,,,101866,,,,,
100370,Contact,103511,chen.brooks@examplecorp.test,Rahul Ford,2023-06-09 20:20:00,arjun.mercer@sampleco.test,Noah Brooks,2023-09-11 12:08:00,aisha.whitfield@demomail.test,Liam Costa,2024-02-17 15:03:00,liam.cohen@examplecorp.test,Nina Mensah,2026-01-21 15:28:00,Y,Rowan Larsson,Elena Sloan,Nina Brooks,SKU-9902,QA Engineer,,,,,,,,,TAG-1171,nina.brooks@demomail.test,,,,Active,100029,100382,100023,,100136,,,,,100715,,100750,Beta,100056,,,,,,,sofia.blake@sampleco.test,rowan.costa@sampleco.test,Renewal Nudge,100398,,,100265,,,,,,,101804,,,,,
100178,Contact,103512,mei.mercer@demomail.test,Emerson Whitfield,2024-01-11 16:44:00,nina.garcia@sampleco.test,Rowan Larsson,2025-04-20 21:21:00,alex.mercer@acme-fake.test,Priya Costa,2025-05-01 17:42:00,rahul.blake@acme-fake.test,Emerson Costa,2025-10-24 08:17:00,Y,Casey Vance,Avery Brooks,Marco Blake,SKU-1686,QA Engineer,,,,,,,,,SKU-9070,marco.blake@acme-fake.test,,,,Active,,,100257,100329,100151,,,,,,,100180,Delta,100277,,,Standard,100485,,,reese.brooks@acme-fake.test,emerson.whitfield@sampleco.test,Event Invite,100492,Pioneer Systems LLC,,100371,,,,,,,101869,,,,N,
100645,Contact,103514,omar.ivanov@acme-fake.test,Elena Haddad,2025-09-16 14:48:00,chen.mercer@examplecorp.test,Elena Ford,2025-10-07 23:16:00,omar.kim@demomail.test,Omar Rossi,2024-02-23 06:48:00,jordan.dorsey@sampleco.test,Yara Cohen,2026-04-09 16:12:00,Y,Rowan Brooks,Chen Sato,Avery Okafor,LOT-4915,Operations Associate,,,,,,,,,REF-9171,avery.okafor@acme-fake.test,,,,Active,100161,100607,100060,100184,100615,,,,,100555,,,Other,100139,,,,100113,100468,,alex.blake@acme-fake.test,avery.dorsey@sampleco.test,Event Invite,100128,Copper Systems Co,,100746,,,,,,,101863,,,,N,N
100286,Contact,103516,rahul.ashby@examplecorp.test,Reese Patel,2024-12-19 04:30:00,alex.okafor@demomail.test,Nina Ashby,2023-11-20 01:10:00,drew.sloan@examplecorp.test,Riley Kim,2023-08-23 18:00:00,riley.mensah@demomail.test,Liam Blake,2025-11-06 00:58:00,Y,Marco Sato,Jamie Silva,Marco Cohen,TAG-2681,Support Specialist,,,,,,,,TAG-5468,REF-4301,marco.cohen@acme-fake.test,,,,Active,,,100664,100741,,,,,,100212,,,Gamma,100173,,,,100487,100696,,morgan.brooks@demomail.test,casey.cohen@sampleco.test,Product Update,100509,,,100391,,,,,,,101795,,,,,N
100420,Contact,103517,skyler.haddad@examplecorp.test,Rowan Patel,2025-06-23 21:29:00,fatima.whitfield@sampleco.test,Jamie Sato,2023-10-15 18:22:00,drew.okafor@demomail.test,Liam Mensah,2026-05-04 23:32:00,noah.reyes@acme-fake.test,Rahul Mercer,2023-01-05 20:25:00,Y,Fatima Mensah,Priya Mensah,Aisha Mercer,TAG-2481,Executive Assistant,,,,,,,,TAG-3772,SKU-5242,aisha.mercer@sampleco.test,,,,Active,,100688,100688,100658,100799,,,,,100634,,100171,Standard,100705,,,,100654,100622,,chen.whitfield@acme-fake.test,yara.blake@acme-fake.test,Renewal Nudge,100236,,Alpha,100012,,,,,,,,,,,,
100437,Contact,103519,arjun.ford@sampleco.test,Rahul Vance,2024-10-05 05:57:00,fatima.larsson@acme-fake.test,Arjun Patel,2024-05-28 11:26:00,noah.haddad@demomail.test,Quinn Rossi,2023-08-26 06:40:00,jamie.sloan@demomail.test,Rahul Ashby,2024-04-07 21:54:00,Y,Marco Vance,Liam Brooks,Avery Ashby,REF-7818,Software Developer,,,,,,REF-7694,,,SKU-5386,avery.ashby@sampleco.test,,,,Active,100203,,100128,,100241,,,,,100070,,100141,Alpha,100146,,,Gamma,,,,riley.ashby@acme-fake.test,mei.nguyen@acme-fake.test,Renewal Nudge,100234,,Standard,100126,,,,,,,,,,,,
100765,Contact,103520,yara.brooks@examplecorp.test,Elena Dorsey,2022-10-21 06:16:00,sofia.costa@demomail.test,Jordan Larsson,2025-06-29 20:58:00,mei.calder@examplecorp.test,Skyler Dorsey,2023-10-01 02:44:00,rahul.dorsey@acme-fake.test,Drew Ivanov,2024-09-11 18:39:00,Y,Aisha Whitfield,Casey Haddad,Morgan Dorsey,LOT-9666,Accountant,,,,,,,,REF-8398,REF-3916,morgan.dorsey@acme-fake.test,,,,Active,100452,100041,100735,100212,100374,,,,,100333,,100371,Gamma,100777,,N,Gamma,100755,,,diego.nguyen@acme-fake.test,reese.silva@examplecorp.test,Quarterly Newsletter,100617,,Delta,100676,,,,,,,,,,,N,N
100638,Contact,103522,chen.brooks@sampleco.test,Nina Rossi,2025-02-23 21:54:00,morgan.kim@demomail.test,Taylor Ivanov,2025-12-27 17:24:00,nina.larsson@sampleco.test,Priya Cohen,2025-09-09 00:20:00,priya.ashby@acme-fake.test,Casey Patel,2023-10-05 23:26:00,Y,Rahul Silva,Omar Patel,Skyler Reyes,LOT-7559,Operations Associate,,,,,,,,TAG-4598,REF-3559,skyler.reyes@demomail.test,,,,Active,,,100421,100356,,,,,,100377,,100746,Standard,100015,,,Beta,100798,,,aisha.dorsey@sampleco.test,emerson.brooks@sampleco.test,Re-engagement,100016,,Other,,,2,,,,,101830,,,,N,
100111,Contact,103525,emerson.reyes@sampleco.test,Quinn Haddad,2025-07-16 04:30:00,priya.whitfield@demomail.test,Yara Haddad,2026-06-30 00:49:00,rowan.sato@demomail.test,Noah Mercer,2025-12-15 07:49:00,quinn.kim@acme-fake.test,Taylor Mensah,2022-11-09 10:33:00,Y,Mei Brooks,Marco Cohen,Riley Vance,REF-8270,Accountant,,,Delta,,,,,,LOT-9016,riley.vance@acme-fake.test,,,,Active,100749,,100497,,100165,,,,,100642,,100798,Standard,100305,,,Other,100182,100348,,emerson.dorsey@demomail.test,chen.sloan@sampleco.test,Re-engagement,100243,,Beta,100408,,,,,,,,,,,Y,
100408,Contact,103526,yara.haddad@examplecorp.test,Emerson Sloan,2026-05-16 10:24:00,skyler.rossi@demomail.test,Omar Mensah,2024-04-16 17:07:00,priya.garcia@sampleco.test,Arjun Reyes,2025-11-01 00:45:00,taylor.calder@demomail.test,Casey Blake,2023-04-10 00:23:00,Y,Fatima Calder,Omar Dorsey,Priya Larsson,SKU-1924,Executive Assistant,,,,,,,,,SKU-8663,priya.larsson@examplecorp.test,,,,Active,,100141,100475,100216,100129,,,,,,,,Delta,100031,,,,100025,100165,,priya.okafor@examplecorp.test,avery.vance@examplecorp.test,Event Invite,100171,,Delta,,,,,,,,101814,Y,,,,
100627,Contact,103527,jordan.vance@sampleco.test,Aisha Patel,2023-09-02 21:21:00,jordan.sato@sampleco.test,Alex Haddad,2024-04-25 16:58:00,elena.patel@acme-fake.test,Avery Costa,2023-09-17 05:40:00,fatima.sloan@sampleco.test,Skyler Ford,2025-11-27 02:37:00,Y,Aisha Vance,Rowan Rossi,Priya Ivanov,REF-9591,Financial Analyst,,,,,,LOT-7503,,,SKU-9231,priya.ivanov@demomail.test,,,,Active,100395,100770,100101,,100080,,,,,,,100596,Gamma,100601,,,Other,100359,100280,,aisha.kim@sampleco.test,yara.sloan@examplecorp.test,Event Invite,100585,Blue Ridge Capital Corp,Standard,100123,,,,1,,,,,,,N,
100615,Contact,103528,sofia.ford@sampleco.test,Casey Costa,2024-09-12 14:53:00,elena.ashby@examplecorp.test,Skyler Ashby,2024-11-26 05:37:00,priya.nguyen@demomail.test,Arjun Kim,2026-01-13 23:18:00,diego.silva@acme-fake.test,Quinn Ford,2024-09-03 09:25:00,Y,Diego Calder,Mei Garcia,Rahul Costa,SKU-6474,Support Specialist,,,,,,,,,TAG-3066,rahul.costa@acme-fake.test,,,,Active,100359,,100456,100597,100132,,,,,100044,,100254,Alpha,100694,,,Standard,100380,100610,,arjun.cohen@sampleco.test,morgan.vance@demomail.test,Product Update,100601,,Alpha,,,,,,,,101850,,,,N,
100490,Contact,103531,avery.patel@demomail.test,Riley Brooks,2025-07-17 10:18:00,liam.dorsey@demomail.test,Liam Vance,2025-06-02 08:57:00,quinn.costa@examplecorp.test,Priya Whitfield,2024-03-04 12:43:00,avery.ford@sampleco.test,Morgan Haddad,2022-10-07 01:44:00,N,Rahul Cohen,Arjun Dorsey,Morgan Vance,SKU-2584,Project Manager,,,,,,REF-6948,,,REF-5088,morgan.vance@demomail.test,,,,Inactive,100172,,100248,100023,100616,,,,,100285,,100275,Delta,100227,,,Delta,100257,,,reese.mercer@acme-fake.test,alex.nguyen@acme-fake.test,Re-engagement,100552,,Other,100291,,,,,,,101796,,,,,
100176,Contact,103532,omar.sloan@examplecorp.test,Riley Costa,2025-03-17 17:36:00,omar.brooks@sampleco.test,Mei Vance,2026-04-15 16:00:00,marco.nguyen@acme-fake.test,Chen Cohen,2024-09-18 15:57:00,mei.ashby@examplecorp.test,Elena Haddad,2025-12-08 16:29:00,N,Omar Mensah,Diego Ivanov,Reese Brooks,LOT-4337,Support Specialist,,,,,,,,,REF-7748,reese.brooks@demomail.test,,,,Inactive,100030,100464,100005,,100101,,,,,,,,Delta,100763,,,,100051,,,liam.patel@acme-fake.test,omar.whitfield@examplecorp.test,Quarterly Newsletter,100573,Beacon Retail LLC,Alpha,100026,,,,,,,,,,,,
100104,Contact,103534,rowan.ashby@acme-fake.test,Nina Rossi,2025-03-30 02:36:00,emerson.cohen@sampleco.test,Jordan Ivanov,2025-04-12 09:28:00,jamie.mercer@sampleco.test,Drew Blake,2026-07-21 06:48:00,quinn.cohen@sampleco.test,Taylor Kim,2025-08-26 05:44:00,Y,Nina Okafor,Marco Rossi,Omar Mercer,REF-2023,Data Analyst,,,,,,,,LOT-1490,SKU-9504,omar.mercer@demomail.test,,,,Active,100646,,100120,,100101,,,,,,,100753,Other,100492,,,Beta,100569,100340,,jordan.mercer@examplecorp.test,taylor.kim@demomail.test,Product Update,100622,,Standard,100434,,,,,,,101870,,,,Y,
100203,Contact,103537,priya.brooks@sampleco.test,Skyler Vance,2025-02-28 05:11:00,drew.calder@acme-fake.test,Reese Garcia,2025-06-05 04:15:00,nina.okafor@sampleco.test,Alex Reyes,2024-02-05 18:45:00,skyler.mensah@acme-fake.test,Rowan Blake,2025-03-01 07:14:00,Y,Marco Ivanov,Fatima Ford,Liam Kim,REF-4630,QA Engineer,,,,,,,,LOT-9980,LOT-6708,liam.kim@examplecorp.test,,,,Active,,,100786,,,,,,,100169,,100426,Other,100323,,N,Other,100681,100494,,fatima.rossi@demomail.test,nina.silva@acme-fake.test,Event Invite,100224,,,100459,,,,,,,,,,,,
100661,Contact,103539,riley.ford@examplecorp.test,Liam Ashby,2026-06-23 09:13:00,aisha.ivanov@acme-fake.test,Quinn Nguyen,2023-06-19 01:42:00,drew.costa@sampleco.test,Emerson Ford,2024-01-03 22:12:00,marco.garcia@sampleco.test,Drew Rossi,2025-10-08 22:41:00,Y,Taylor Vance,Jordan Okafor,Mei Larsson,REF-7121,Support Specialist,,,Gamma,,Other,,,,LOT-5936,mei.larsson@demomail.test,,,,Active,100075,100571,100535,100083,,,,,,,,100190,Standard,100180,,,Standard,100604,,,emerson.ford@acme-fake.test,skyler.cohen@examplecorp.test,Renewal Nudge,100744,,Delta,,,,,,,,,,,,,
100792,Contact,103541,aisha.ashby@examplecorp.test,Drew Dorsey,2026-03-12 18:26:00,sofia.ivanov@examplecorp.test,Taylor Mercer,2025-04-17 11:37:00,aisha.sato@examplecorp.test,Rowan Blake,2024-01-10 07:24:00,priya.whitfield@examplecorp.test,Casey Kim,2023-05-05 05:01:00,Y,Elena Whitfield,Elena Reyes,Priya Mensah,LOT-1924,Marketing Coordinator,,,,,,,,,TAG-6442,priya.mensah@demomail.test,,,,Active,100670,,100239,100622,,,,,,,,100339,Alpha,100031,,,,100203,100760,,fatima.cohen@examplecorp.test,noah.mensah@demomail.test,Renewal Nudge,100421,,,100656,,,,,,,101800,N,,,,
100316,Contact,103542,marco.brooks@examplecorp.test,Nina Haddad,2025-07-18 00:37:00,emerson.costa@acme-fake.test,Marco Sloan,2026-03-03 14:36:00,yara.rossi@examplecorp.test,Priya Whitfield,2026-03-06 22:20:00,taylor.mercer@demomail.test,Diego Ford,2023-11-27 00:09:00,Y,Liam Sato,Elena Mensah,Noah Haddad,LOT-9012,Financial Analyst,,REF-7473,,,,,,TAG-3527,REF-5266,noah.haddad@demomail.test,,,,Active,100506,100652,100420,,,,,,,100216,,100664,Other,100008,,,Alpha,,100180,,alex.mercer@demomail.test,drew.patel@demomail.test,Product Update,100143,,Other,100563,,,,,,,101873,Y,,,N,
100474,Contact,103545,taylor.sato@examplecorp.test,Chen Kim,2024-05-18 00:55:00,omar.kim@examplecorp.test,Reese Mensah,2023-01-28 13:03:00,casey.ford@demomail.test,Mei Sato,2023-01-04 13:56:00,casey.cohen@examplecorp.test,Skyler Brooks,2022-10-18 02:44:00,Y,Chen Reyes,Avery Reyes,Drew Mercer,REF-7410,QA Engineer,,,,,,,,,TAG-3418,drew.mercer@demomail.test,,,,Active,,100565,100591,100262,100620,,,,,100351,,100165,Gamma,100139,,,Gamma,100780,100053,,aisha.reyes@examplecorp.test,marco.mercer@demomail.test,Quarterly Newsletter,100782,,,100037,,,,,,,101797,,,,,
100016,Contact,103548,casey.rossi@sampleco.test,Aisha Reyes,2025-07-12 06:04:00,jordan.larsson@demomail.test,Riley Costa,2024-05-28 15:48:00,yara.ashby@sampleco.test,Aisha Larsson,2025-07-03 18:06:00,mei.vance@examplecorp.test,Marco Garcia,2024-02-01 21:02:00,Y,Skyler Kim,Emerson Sloan,Rowan Garcia,REF-4132,Bookkeeper,,,,,,SKU-4990,,,TAG-9262,rowan.garcia@demomail.test,,,,Active,,,100410,,100454,REF-6025,,,,100164,,100789,Alpha,100587,,N,Standard,100208,100333,,sofia.reyes@demomail.test,emerson.haddad@sampleco.test,Re-engagement,100056,Meridian Retail Corp,Beta,,,,,,,,101836,,,,Y,
100215,Contact,103549,morgan.ivanov@demomail.test,Mei Mercer,2023-08-25 20:08:00,reese.reyes@demomail.test,Mei Mensah,2025-10-13 21:38:00,mei.rossi@acme-fake.test,Diego Cohen,2025-11-11 14:32:00,mei.kim@demomail.test,Avery Kim,2025-10-14 19:05:00,Y,Nina Reyes,Taylor Mensah,Noah Blake,TAG-1941,Payroll Specialist,,,,,,,,,TAG-3271,noah.blake@demomail.test,,,,Active,,100774,100585,100353,100151,,,,,,,100503,Other,100738,,,Gamma,100481,,,omar.silva@demomail.test,jamie.sloan@acme-fake.test,Quarterly Newsletter,100610,,Standard,100103,,,,,,,101793,,,,Y,
100129,Contact,103551,diego.mensah@examplecorp.test,Rowan Garcia,2026-07-08 10:42:00,emerson.mercer@acme-fake.test,Yara Sloan,2025-01-04 08:43:00,jordan.garcia@acme-fake.test,Fatima Reyes,2025-10-24 19:38:00,jamie.cohen@sampleco.test,Noah Sato,2025-02-06 18:40:00,Y,Nina Cohen,Arjun Cohen,Jamie Blake,TAG-7184,Software Developer,,,,,,,9573,,TAG-1641,jamie.blake@sampleco.test,,,,Active,100046,,100459,100736,100333,,,,,,,100413,Gamma,100467,,,Alpha,100094,,,alex.blake@demomail.test,jordan.whitfield@acme-fake.test,Re-engagement,100654,,Alpha,,,,,,,,,N,,,N,
100165,Contact,103554,emerson.ivanov@acme-fake.test,Casey Cohen,2024-09-24 09:08:00,omar.blake@demomail.test,Marco Blake,2024-01-13 03:56:00,omar.whitfield@sampleco.test,Fatima Ford,2026-04-04 09:01:00,taylor.haddad@examplecorp.test,Sofia Larsson,2026-06-06 07:35:00,Y,Diego Rossi,Fatima Nguyen,Mei Larsson,,Support Specialist,,,Gamma,,,,,REF-9053,LOT-9586,mei.larsson@acme-fake.test,,,,Active,,100122,100576,,100683,,,,,100585,,,Delta,100232,,,,100148,,,fatima.vance@demomail.test,noah.garcia@acme-fake.test,Product Update,100582,,,100099,,,,,,,101834,N,,,,
100241,Contact,103557,casey.patel@examplecorp.test,Elena Patel,2026-05-22 08:31:00,mei.ivanov@examplecorp.test,Alex Nguyen,2023-02-16 19:20:00,diego.ford@examplecorp.test,Yara Mercer,2026-04-16 13:02:00,riley.haddad@examplecorp.test,Reese Mensah,2025-03-29 05:58:00,Y,Skyler Nguyen,Fatima Calder,Mei Mercer,TAG-1912,Data Analyst,,,,,,,,SKU-7504,SKU-8579,mei.mercer@acme-fake.test,,,,Active,100106,,100641,,100601,,,,,,,100192,Standard,100729,,,Beta,,100481,,arjun.nguyen@demomail.test,drew.blake@sampleco.test,Quarterly Newsletter,100016,,,,,,,7,,,101832,,,,N,
100322,Contact,103560,emerson.larsson@demomail.test,Morgan Haddad,2023-05-03 15:26:00,noah.sloan@demomail.test,Taylor Ashby,2023-07-03 04:24:00,drew.blake@examplecorp.test,Alex Sloan,2022-10-22 17:42:00,casey.nguyen@demomail.test,Riley Reyes,2024-08-24 12:31:00,Y,Rahul Haddad,Morgan Okafor,Chen Ashby,REF-3953,Payroll Specialist,,,,,,,7345,,TAG-6110,chen.ashby@sampleco.test,,,,Active,100652,,100571,,100165,TAG-1712,,,,100676,,100213,Alpha,100520,,,Delta,100053,100119,,arjun.ivanov@acme-fake.test,liam.patel@sampleco.test,Quarterly Newsletter,100293,,,,,,,,,,101790,,,,Y,
100503,Contact,103563,alex.haddad@examplecorp.test,Elena Blake,2026-02-06 03:16:00,chen.reyes@demomail.test,Fatima Rossi,2024-09-30 12:52:00,rahul.brooks@acme-fake.test,Priya Ashby,2025-04-08 15:43:00,fatima.kim@acme-fake.test,Emerson Okafor,2026-04-13 14:01:00,Y,Drew Silva,Reese Kim,Nina Kim,REF-1196,Accountant,,,,,,,,,REF-6387,nina.kim@acme-fake.test,,,,Active,100770,100729,100041,,,,,,,100242,,100482,Delta,100277,,,,,,,elena.okafor@sampleco.test,drew.reyes@demomail.test,Renewal Nudge,100688,Cobalt Capital Ltd,Standard,100720,,,,,,,101826,,,,Y,
100251,Contact,103565,reese.dorsey@sampleco.test,Casey Dorsey,2024-10-11 08:35:00,skyler.sloan@demomail.test,Liam Ford,2025-11-09 05:00:00,chen.haddad@examplecorp.test,Drew Patel,2025-11-29 01:48:00,mei.sloan@examplecorp.test,Sofia Patel,2024-03-22 16:30:00,N,Marco Nguyen,Elena Sloan,Quinn Ashby,TAG-2018,Financial Analyst,,,,,,,,TAG-9732,REF-7433,quinn.ashby@examplecorp.test,,,,Inactive,100073,100593,100726,,100060,,,,,100329,,100104,Alpha,100323,,,Beta,,,,rowan.okafor@acme-fake.test,skyler.mercer@acme-fake.test,Re-engagement,100481,,Other,100280,,,,,,,101871,,,,Y,
100735,Contact,103567,yara.reyes@demomail.test,Avery Reyes,2024-08-31 10:13:00,jamie.mensah@sampleco.test,Avery Nguyen,2025-11-29 00:14:00,rowan.rossi@sampleco.test,Avery Larsson,2025-12-05 04:50:00,jamie.rossi@demomail.test,Morgan Cohen,2026-01-18 21:06:00,Y,Skyler Cohen,Arjun Sato,Chen Mensah,REF-3442,Support Specialist,,,,,,,,LOT-5947,SKU-2662,chen.mensah@acme-fake.test,,,,Active,100637,,100593,100526,100023,,,,,,,100234,Gamma,100089,,,Delta,,100569,,marco.silva@demomail.test,sofia.kim@sampleco.test,Renewal Nudge,100195,,Other,,,,,,,,101795,,,,N,Y
100139,Contact,103570,chen.reyes@demomail.test,Arjun Kim,2026-03-09 18:27:00,drew.vance@acme-fake.test,Casey Ford,2023-04-07 08:12:00,aisha.ford@sampleco.test,Mei Whitfield,2023-05-06 00:40:00,noah.ashby@sampleco.test,Liam Rossi,2025-07-12 09:54:00,Y,Reese Okafor,Reese Larsson,Jamie Larsson,REF-7670,Project Manager,,,,,,,,LOT-6284,REF-6398,jamie.larsson@examplecorp.test,,,,Active,,,100782,,100134,,,,,100285,,100538,Alpha,100008,,,,100178,100186,,priya.okafor@acme-fake.test,mei.cohen@sampleco.test,Event Invite,100070,,Alpha,100658,,,,,,,101816,,,,N,
100417,Contact,103571,arjun.sloan@examplecorp.test,Avery Garcia,2023-03-08 18:42:00,nina.calder@sampleco.test,Noah Brooks,2026-07-10 02:15:00,riley.garcia@examplecorp.test,Riley Ivanov,2024-05-19 10:56:00,mei.sloan@sampleco.test,Reese Patel,2025-07-08 04:44:00,Y,Elena Nguyen,Drew Garcia,Omar Ivanov,SKU-5334,Recruiter,,,,,,LOT-6288,,,REF-7283,omar.ivanov@acme-fake.test,,,,Active,100189,,100481,,100107,,,,,100301,,,Beta,100429,,,,100792,100386,,drew.patel@acme-fake.test,sofia.rossi@sampleco.test,Re-engagement,100497,Evergreen Holdings Group,,100293,,,,,,,101790,,,,N,
100336,Contact,103574,rahul.mensah@acme-fake.test,Drew Blake,2024-11-05 21:39:00,rahul.ivanov@sampleco.test,Mei Whitfield,2025-03-04 04:31:00,priya.vance@sampleco.test,Jamie Silva,2023-04-01 23:52:00,casey.dorsey@demomail.test,Skyler Larsson,2024-07-09 20:46:00,N,Omar Nguyen,Rahul Nguyen,Emerson Rossi,LOT-5906,Executive Assistant,,,,,,,,,SKU-4638,emerson.rossi@examplecorp.test,,,,Inactive,100692,100063,100799,,,,,,,100576,,100656,Gamma,100437,,,Standard,100245,,,diego.mensah@demomail.test,mei.brooks@examplecorp.test,Product Update,100200,,Other,100186,,1,,,,,101795,,,,N,Y
100670,Contact,103575,priya.kim@acme-fake.test,Fatima Mercer,2025-10-03 18:57:00,aisha.ivanov@sampleco.test,Emerson Nguyen,2026-04-10 02:43:00,casey.ashby@examplecorp.test,Jordan Mensah,2025-04-13 17:13:00,priya.reyes@sampleco.test,Omar Ford,2024-02-24 09:26:00,Y,Reese Sloan,Marco Kim,Alex Haddad,LOT-1982,Operations Associate,,,,,,,,,SKU-2521,alex.haddad@examplecorp.test,,,,Active,,,100343,,100552,,,,,100548,,100319,Delta,100468,,,Beta,100723,100440,,casey.brooks@acme-fake.test,taylor.nguyen@demomail.test,Quarterly Newsletter,100596,Pioneer Solutions LLC,,100627,,,,,,,101867,,,,Y,N
100457,Contact,103578,emerson.mensah@examplecorp.test,Reese Ashby,2026-04-08 00:15:00,riley.blake@demomail.test,Diego Sato,2026-04-17 03:04:00,noah.garcia@sampleco.test,Yara Costa,2023-12-04 13:20:00,sofia.whitfield@sampleco.test,Noah Brooks,2025-01-14 14:39:00,N,Mei Silva,Jamie Sloan,Aisha Mensah,TAG-1411,Operations Associate,,REF-2142,,,Gamma,,3567,,LOT-2437,aisha.mensah@sampleco.test,,,,Inactive,100490,100281,100213,,100215,,,,,100736,,100305,Standard,100522,,,Delta,100148,100076,,casey.mercer@sampleco.test,reese.sato@acme-fake.test,Event Invite,100030,Ironwood Foods LLC,Gamma,100464,,,,,,,,,,,N,
100607,Contact,103579,omar.haddad@examplecorp.test,Nina Dorsey,2026-04-03 12:46:00,taylor.whitfield@sampleco.test,Elena Blake,2024-04-16 02:10:00,quinn.patel@acme-fake.test,Chen Kim,2025-01-19 19:26:00,omar.haddad@acme-fake.test,Jordan Mercer,2024-04-22 23:48:00,Y,Jamie Whitfield,Jamie Cohen,Casey Larsson,LOT-7272,Recruiter,,,Other,,,,,,LOT-1823,casey.larsson@examplecorp.test,,,,Active,,100468,100506,,100232,,,,,100538,,100182,Standard,100322,,,Other,100293,,,taylor.silva@examplecorp.test,chen.mensah@sampleco.test,Renewal Nudge,100638,,Standard,100582,,,,,,,,,,,,
100622,Contact,103580,chen.mercer@examplecorp.test,Avery Mensah,2025-01-09 19:23:00,sofia.ashby@examplecorp.test,Avery Sloan,2024-02-12 13:52:00,aisha.okafor@sampleco.test,Priya Reyes,2023-08-12 04:01:00,mei.dorsey@examplecorp.test,Aisha Silva,2023-09-30 12:26:00,Y,Quinn Nguyen,Emerson Patel,Avery Costa,TAG-1625,Operations Associate,,SKU-3711,,,,LOT-4285,,LOT-6384,REF-6003,avery.costa@examplecorp.test,,,,Active,100173,,100012,100421,100607,,,,,,,100681,Standard,100309,,,Other,100598,100331,,avery.rossi@demomail.test,morgan.ford@acme-fake.test,Event Invite,100601,Redwood Manufacturing,,100356,,,,,,,101826,,,,N,
100722,Contact,103581,avery.calder@examplecorp.test,Arjun Larsson,2024-02-06 10:08:00,riley.mercer@acme-fake.test,Omar Patel,2024-03-16 23:41:00,mei.ashby@sampleco.test,Chen Calder,2026-07-25 19:44:00,marco.silva@demomail.test,Diego Brooks,2022-10-25 08:52:00,Y,Jordan Costa,Alex Larsson,Jordan Okafor,SKU-4855,Financial Analyst,,,,,,,,SKU-8006,LOT-6150,jordan.okafor@demomail.test,,,,Active,,100568,100749,,,LOT-9617,,,,,,,Other,100086,,,,100506,100030,,nina.reyes@acme-fake.test,reese.vance@acme-fake.test,Re-engagement,100037,,Other,,,,,,,,101826,,,,N,
100538,Contact,103582,reese.kim@examplecorp.test,Yara Calder,2024-05-03 03:14:00,yara.calder@demomail.test,Nina Ashby,2023-12-02 05:11:00,drew.okafor@demomail.test,Quinn Costa,2023-10-19 15:43:00,rahul.haddad@examplecorp.test,Noah Cohen,2024-01-12 10:27:00,Y,Quinn Whitfield,Arjun Sloan,Fatima Blake,LOT-1295,Marketing Coordinator,,,,,,,2523,,TAG-2734,fatima.blake@acme-fake.test,,,,Active,100664,100313,100568,100132,100788,,,,,,,100161,Other,100042,,,Alpha,,100076,,morgan.whitfield@examplecorp.test,sofia.garcia@acme-fake.test,Renewal Nudge,100009,Brightpath Networks,,100332,,2,3,,,,101869,,,,,
100597,Contact,103585,taylor.costa@acme-fake.test,Avery Mensah,2023-09-27 06:18:00,fatima.haddad@examplecorp.test,Skyler Haddad,2023-04-03 08:41:00,omar.larsson@sampleco.test,Chen Dorsey,2023-10-22 20:51:00,fatima.costa@examplecorp.test,Rowan Okafor,2025-02-27 05:50:00,Y,Marco Reyes,Skyler Ivanov,Mei Kim,TAG-2284,Support Specialist,,,,,,,,,SKU-5873,mei.kim@acme-fake.test,,,,Active,100046,,100319,,100497,,,,,,,,Delta,100511,,,Delta,,100763,,liam.costa@examplecorp.test,jamie.okafor@demomail.test,Product Update,100726,,,100782,,,,,,,,,,,N,
100203,Contact,103587,quinn.blake@sampleco.test,Avery Reyes,2024-11-26 12:56:00,alex.mensah@demomail.test,Priya Ford,2025-08-26 15:20:00,omar.dorsey@demomail.test,Quinn Vance,2024-11-13 18:57:00,quinn.silva@demomail.test,Elena Mensah,2023-01-23 14:16:00,Y,Liam Sloan,Skyler Garcia,Drew Cohen,,Executive Assistant,,,,,,,,,LOT-1053,drew.cohen@examplecorp.test,,,,Active,,100184,100106,100328,100709,,,,,,,,Delta,100542,,,,100295,100715,,elena.brooks@sampleco.test,skyler.ford@acme-fake.test,Product Update,100254,,Beta,100637,,,,,,,,,,,N,
100535,Contact,103588,arjun.cohen@examplecorp.test,Arjun Whitfield,2024-06-23 11:16:00,omar.brooks@examplecorp.test,Chen Larsson,2024-01-21 00:03:00,reese.silva@sampleco.test,Reese Kim,2024-04-22 09:58:00,noah.brooks@demomail.test,Taylor Calder,2026-03-05 10:50:00,Y,Rowan Ashby,Avery Silva,Aisha Brooks,SKU-9706,Data Analyst,,,,,Alpha,,,,TAG-3830,aisha.brooks@acme-fake.test,,,,Active,,100686,100551,100490,,,,,,100235,,,Gamma,100632,,,,,100585,,skyler.vance@demomail.test,rowan.sato@examplecorp.test,Renewal Nudge,100548,Northwind Health Inc,,100128,,,,0,,,,,,,,
100216,Contact,103591,alex.brooks@demomail.test,Fatima Garcia,2023-03-09 16:38:00,noah.costa@acme-fake.test,Reese Ashby,2024-05-07 14:45:00,elena.silva@acme-fake.test,Priya Cohen,2025-08-30 15:20:00,avery.haddad@examplecorp.test,Emerson Mercer,2023-05-15 09:40:00,Y,Elena Sloan,Emerson Haddad,Jamie Patel,LOT-5040,Financial Analyst,,,,,,,,,TAG-6588,jamie.patel@acme-fake.test,,,,Active,,,100661,100437,100366,,,,,100345,,,Standard,100750,,,,100506,,,arjun.nguyen@examplecorp.test,casey.rossi@acme-fake.test,Product Update,100696,Beacon Manufacturing LLP,Alpha,,,,,,,,101804,,,,,
100462,Contact,103594,casey.patel@sampleco.test,Arjun Dorsey,2025-05-29 03:23:00,marco.larsson@acme-fake.test,Quinn Dorsey,2025-10-23 07:59:00,aisha.ford@acme-fake.test,Emerson Ashby,2024-01-05 02:56:00,morgan.vance@sampleco.test,Fatima Kim,2023-08-22 14:59:00,Y,Rahul Cohen,Marco Nguyen,Jamie Calder,REF-8049,Data Analyst,,,,,,,,,REF-4296,jamie.calder@demomail.test,,,,Active,100044,100015,100485,100363,,TAG-5893,,,,,,,Alpha,100462,,,Other,,100129,,priya.kim@sampleco.test,noah.reyes@demomail.test,Renewal Nudge,100388,,Gamma,,,,,,,,,N,,,,
100500,Contact,103595,noah.sato@examplecorp.test,Jamie Ivanov,2024-05-03 00:11:00,casey.dorsey@examplecorp.test,Jamie Sato,2025-02-12 04:39:00,arjun.dorsey@examplecorp.test,Casey Kim,2023-03-17 21:43:00,skyler.sato@sampleco.test,Morgan Ivanov,2023-07-29 23:28:00,Y,Jamie Sato,Reese Reyes,Taylor Patel,LOT-1339,Financial Analyst,,,,,,,,,TAG-5077,taylor.patel@sampleco.test,,,,Active,100410,100494,100310,100429,100377,REF-3234,,,,100290,,100576,Gamma,100340,,,Standard,100164,,,emerson.patel@examplecorp.test,riley.okafor@demomail.test,Renewal Nudge,100573,,Gamma,,,6,,,,,101834,,,,,
100690,Contact,103598,marco.ford@demomail.test,Aisha Brooks,2026-03-22 00:03:00,nina.rossi@acme-fake.test,Sofia Dorsey,2023-08-10 13:36:00,jordan.ivanov@acme-fake.test,Rowan Rossi,2022-12-05 13:54:00,rahul.ashby@demomail.test,Jordan Ashby,2026-05-22 19:39:00,Y,Taylor Blake,Skyler Haddad,Quinn Garcia,REF-9395,Marketing Coordinator,,,,,,,,,SKU-1658,quinn.garcia@examplecorp.test,,,,Active,100012,100333,100417,100679,100107,,,,,100759,,100786,Beta,100203,,,,100726,100073,,quinn.ashby@sampleco.test,alex.nguyen@demomail.test,Re-engagement,100597,Horizon Labs Co,,100139,,,,,,,101811,,,,Y,
100139,Contact,103599,jamie.cohen@demomail.test,Elena Vance,2026-06-24 17:00:00,fatima.ivanov@acme-fake.test,Taylor Dorsey,2023-09-21 20:24:00,skyler.cohen@examplecorp.test,Arjun Brooks,2023-05-24 05:49:00,skyler.reyes@acme-fake.test,Omar Dorsey,2023-07-27 02:28:00,Y,Taylor Patel,Elena Blake,Reese Ivanov,REF-7623,Executive Assistant,,,,,,,,REF-7939,REF-4774,reese.ivanov@examplecorp.test,,,,Active,100777,,100146,,,,,,,,,100726,Alpha,100094,,,,100213,,,marco.sato@demomail.test,quinn.vance@demomail.test,Re-engagement,100597,,Delta,100076,,,,,,,101780,,,,Y,
100267,Contact,103601,morgan.blake@acme-fake.test,Jamie Silva,2023-05-14 00:21:00,chen.vance@sampleco.test,Arjun Kim,2023-11-06 10:02:00,diego.patel@demomail.test,Casey Kim,2024-04-14 03:05:00,casey.reyes@examplecorp.test,Priya Reyes,2026-06-01 02:55:00,Y,Chen Silva,Noah Silva,Marco Reyes,TAG-1056,Marketing Coordinator,,,,Gamma,,,,,SKU-5437,marco.reyes@acme-fake.test,,,,Active,100770,100169,100148,100654,100380,,,,,100722,,,Beta,100208,,,Other,,100715,,quinn.ashby@demomail.test,drew.garcia@acme-fake.test,Re-engagement,100628,,,100758,,,,,,,101818,,,,,
100208,Contact,103602,taylor.rossi@demomail.test,Priya Cohen,2023-06-18 12:49:00,elena.okafor@acme-fake.test,Alex Rossi,2024-07-17 05:19:00,avery.reyes@demomail.test,Chen Garcia,2022-10-16 09:03:00,rahul.ford@examplecorp.test,Arjun Calder,2025-02-07 18:21:00,N,Elena Haddad,Alex Sloan,Jordan Sloan,REF-8642,Payroll Specialist,,SKU-9252,,,,SKU-7614,,,TAG-1870,jordan.sloan@demomail.test,,,,Inactive,,100548,100758,100582,100020,,,,,,,,Delta,100030,,N,Alpha,,100176,,avery.okafor@demomail.test,jamie.patel@sampleco.test,Event Invite,100434,,Alpha,100344,,,,,,,101805,,,,,
100359,Contact,103605,fatima.patel@sampleco.test,Liam Whitfield,2023-02-07 19:03:00,jamie.ford@examplecorp.test,Elena Sato,2026-03-14 08:53:00,avery.ivanov@sampleco.test,Priya Ashby,2022-11-30 20:52:00,chen.ford@examplecorp.test,Diego Reyes,2024-01-29 15:12:00,Y,Jordan Ford,Morgan Vance,Avery Mercer,LOT-5060,Support Specialist,,TAG-9929,,,,,,,SKU-9416,avery.mercer@demomail.test,,,,Active,,,100242,100506,100699,,,,,,,100314,Beta,100413,,,Other,,100323,,emerson.sloan@examplecorp.test,rowan.ivanov@acme-fake.test,Re-engagement,100555,,,100342,,,,,,,101836,,,,Y,
100101,Contact,103606,avery.haddad@sampleco.test,Noah Vance,2025-01-27 12:28:00,noah.costa@sampleco.test,Alex Sloan,2022-10-15 09:10:00,mei.haddad@examplecorp.test,Arjun Sloan,2025-10-17 08:40:00,chen.larsson@examplecorp.test,Marco Sloan,2024-01-18 15:45:00,Y,Rowan Dorsey,Arjun Whitfield,Yara Ashby,REF-4069,Accountant,,LOT-1108,,,,,,SKU-1435,REF-7032,yara.ashby@acme-fake.test,,,,Active,100565,100040,100331,,100111,,,,,,,100208,Alpha,100568,,,Alpha,,,,alex.rossi@examplecorp.test,rowan.vance@sampleco.test,Event Invite,100075,Evergreen Financial Co,,,,,,,,,,N,,,,
100454,Contact,103608,rowan.blake@sampleco.test,Casey Sato,2024-05-05 16:08:00,reese.haddad@sampleco.test,Rowan Whitfield,2025-03-31 04:07:00,emerson.dorsey@acme-fake.test,Noah Blake,2026-05-20 06:43:00,morgan.rossi@acme-fake.test,Drew Sloan,2026-04-26 07:29:00,Y,Yara Mensah,Drew Dorsey,Morgan Reyes,REF-4189,Bookkeeper,,,,,,,,TAG-6518,SKU-3055,morgan.reyes@demomail.test,,,,Active,100464,100520,100750,,100597,TAG-7349,,,,100481,,100531,Other,100009,,,,100215,100262,,yara.sloan@demomail.test,morgan.reyes@demomail.test,Product Update,100382,Meridian Systems Corp,Alpha,,,,,,,,101795,,,,N,
100631,Contact,103610,priya.rossi@acme-fake.test,Avery Patel,2022-11-03 08:07:00,alex.whitfield@examplecorp.test,Emerson Patel,2024-05-14 10:43:00,avery.calder@demomail.test,Jamie Ashby,2023-05-07 08:36:00,drew.haddad@examplecorp.test,Riley Rossi,2023-07-17 00:15:00,Y,Riley Okafor,Rowan Brooks,Aisha Whitfield,SKU-3751,Operations Associate,,,,,,,,TAG-6241,SKU-8423,aisha.whitfield@demomail.test,,,,Active,,,100543,100083,100708,,,,,,,100383,Standard,100220,,,Standard,100336,100604,,rahul.vance@demomail.test,noah.dorsey@examplecorp.test,Re-engagement,100042,Atlas Systems Group,Gamma,,,,,,,,,,,,N,
100793,Contact,103611,emerson.brooks@acme-fake.test,Reese Brooks,2025-11-29 05:00:00,emerson.whitfield@acme-fake.test,Taylor Vance,2023-02-02 07:05:00,morgan.sato@acme-fake.test,Elena Costa,2023-02-22 10:42:00,diego.sloan@examplecorp.test,Jordan Blake,2025-03-25 14:11:00,Y,Jamie Mensah,Reese Okafor,Noah Mensah,SKU-9427,Project Manager,,,,,,,,REF-5030,SKU-6726,noah.mensah@sampleco.test,,,,Active,,100656,100464,100286,100382,,,,,,,100188,Other,100758,,,,100009,,,priya.costa@acme-fake.test,noah.silva@sampleco.test,Quarterly Newsletter,100046,Summit Systems LLP,Alpha,100789,,,,,,,101841,,,,N,N
100742,Contact,103613,sofia.ashby@acme-fake.test,Alex Ford,2026-02-27 00:09:00,rowan.garcia@sampleco.test,Rahul Ashby,2023-07-05 02:51:00,liam.larsson@demomail.test,Mei Mercer,2023-06-03 15:38:00,taylor.blake@examplecorp.test,Rahul Vance,2024-02-20 20:34:00,Y,Jordan Calder,Noah Mercer,Nina Ashby,LOT-5866,Project Manager,,,,,,,,SKU-9224,REF-3022,nina.ashby@acme-fake.test,,,,Active,,100440,100496,100582,100432,,,,,100597,,100576,Gamma,100551,,,,100345,100037,,chen.silva@acme-fake.test,chen.reyes@acme-fake.test,Renewal Nudge,100679,,,100248,,,,,,,101816,N,,,Y,
100755,Contact,103614,omar.ivanov@examplecorp.test,Omar Calder,2023-11-27 03:01:00,rowan.okafor@sampleco.test,Fatima Ford,2024-11-26 12:30:00,noah.sato@acme-fake.test,Reese Sloan,2024-11-07 17:32:00,rahul.silva@demomail.test,Taylor Dorsey,2022-11-29 00:34:00,N,Noah Mercer,Drew Nguyen,Jamie Dorsey,SKU-5868,Software Developer,,,,,,,,,SKU-4201,jamie.dorsey@sampleco.test,,,,Inactive,,,100044,100042,100736,,,,,,,100041,Standard,100186,,,,,,,jamie.vance@examplecorp.test,nina.silva@acme-fake.test,Product Update,100241,,Delta,,,,,,,,,,,,,
100359,Contact,103616,rowan.calder@sampleco.test,Fatima Okafor,2023-09-26 07:23:00,marco.kim@acme-fake.test,Arjun Vance,2022-11-09 05:10:00,taylor.vance@sampleco.test,Jordan Ashby,2025-07-02 07:28:00,sofia.silva@demomail.test,Mei Sato,2023-12-21 12:39:00,N,Yara Nguyen,Arjun Ivanov,Diego Sloan,TAG-2178,Project Manager,,,,,,,,REF-4003,TAG-1123,diego.sloan@demomail.test,,,,Inactive,100457,100558,100368,100316,100298,,,,,,,100722,Gamma,100169,,,Beta,100596,100624,,chen.haddad@sampleco.test,mei.mercer@acme-fake.test,Event Invite,100403,,,100429,,,,,,,101822,,,,,
100709,Contact,103619,omar.ivanov@sampleco.test,Rahul Calder,2023-11-02 07:49:00,skyler.okafor@examplecorp.test,Taylor Sato,2026-04-23 07:40:00,nina.silva@acme-fake.test,Alex Ashby,2026-02-03 12:43:00,morgan.costa@acme-fake.test,Aisha Rossi,2022-11-01 06:12:00,Y,Nina Calder,Emerson Blake,Arjun Dorsey,LOT-9512,Support Specialist,,REF-1276,,,,,,SKU-1475,LOT-7994,arjun.dorsey@sampleco.test,,,,Active,,100083,100554,,,,,,,100277,,,Beta,100075,,,,100734,,,yara.whitfield@demomail.test,rowan.mercer@demomail.test,Re-engagement,100582,Blue Ridge Health LLP,,100649,,,2,,,,,,,,,Y
100063,Contact,103620,drew.mensah@acme-fake.test,Alex Sato,2025-11-14 13:57:00,quinn.mensah@sampleco.test,Rahul Calder,2026-02-17 07:44:00,liam.mercer@examplecorp.test,Casey Mensah,2025-03-31 06:23:00,drew.vance@acme-fake.test,Emerson Whitfield,2022-10-22 19:22:00,N,Taylor Ivanov,Priya Garcia,Rowan Costa,LOT-6550,HR Generalist,,,,Gamma,,,,,TAG-5957,rowan.costa@examplecorp.test,,,,Inactive,,100432,100485,100429,100798,,,,,100788,,,Beta,100731,,,Standard,100542,100627,,reese.vance@demomail.test,mei.cohen@demomail.test,Re-engagement,100455,,,100206,,,,,,,,,,,,
100086,Contact,103623,casey.costa@sampleco.test,Jamie Kim,2022-10-11 13:21:00,arjun.dorsey@sampleco.test,Morgan Rossi,2026-04-10 16:37:00,fatima.brooks@examplecorp.test,Priya Calder,2024-01-19 09:58:00,liam.garcia@examplecorp.test,Reese Ivanov,2023-07-31 22:46:00,N,Priya Whitfield,Noah Rossi,Mei Mensah,SKU-4083,Accountant,,,Other,Standard,,,,,LOT-7723,mei.mensah@sampleco.test,,,,Inactive,,,100245,100759,,,,,,100117,,,Delta,100248,,,,100285,100168,,emerson.whitfield@acme-fake.test,liam.patel@acme-fake.test,Re-engagement,100479,,Beta,,,,,,,,,,,,N,
100301,Contact,103626,jordan.kim@sampleco.test,Fatima Sloan,2024-04-10 20:45:00,arjun.ivanov@sampleco.test,Jordan Blake,2022-10-15 03:25:00,emerson.sloan@acme-fake.test,Morgan Calder,2026-05-24 00:20:00,fatima.costa@acme-fake.test,Rahul Reyes,2024-06-04 19:07:00,N,Morgan Kim,Fatima Nguyen,Jordan Kim,LOT-3779,QA Engineer,,,,,,,,,REF-9756,jordan.kim@sampleco.test,,,,Inactive,,100800,100620,,,,,,,,,100026,Delta,100195,,Y,,100075,100310,,nina.vance@demomail.test,casey.blake@demomail.test,Event Invite,100543,,,100323,,,,,,,101786,,,,Y,
100415,Contact,103628,noah.silva@examplecorp.test,Rahul Silva,2026-02-21 23:19:00,liam.cohen@examplecorp.test,Jamie Costa,2024-01-30 04:10:00,reese.okafor@demomail.test,Diego Patel,2023-06-21 14:25:00,arjun.ivanov@examplecorp.test,Emerson Mercer,2024-10-10 17:29:00,N,Yara Sloan,Alex Whitfield,Taylor Larsson,LOT-9731,Data Analyst,,,,,,,,SKU-2452,TAG-6361,taylor.larsson@acme-fake.test,,,,Inactive,,,100632,,,,,,,,,100255,Beta,100765,,,Beta,100345,100382,,jordan.costa@acme-fake.test,elena.ivanov@acme-fake.test,Product Update,100348,Granite Textiles LLC,Other,,,,,,,,,,,,N,Y
100434,Contact,103630,omar.rossi@sampleco.test,Diego Calder,2025-04-24 10:17:00,nina.mercer@sampleco.test,Marco Larsson,2023-05-25 07:50:00,sofia.silva@acme-fake.test,Fatima Haddad,2025-02-26 10:06:00,rowan.sloan@demomail.test,Fatima Mercer,2023-03-14 03:46:00,Y,Morgan Cohen,Riley Whitfield,Mei Larsson,REF-5560,Customer Success Manager,,TAG-1786,,,,,,,LOT-1918,mei.larsson@examplecorp.test,,,,Active,100454,100755,100016,,,SKU-5826,,,,,,100148,Other,100712,,,,100165,100319,,noah.brooks@examplecorp.test,aisha.cohen@sampleco.test,Quarterly Newsletter,100712,,Gamma,,,,,,,,101804,,,,,
100053,Contact,103632,mei.cohen@acme-fake.test,Fatima Sloan,2022-10-15 15:46:00,omar.costa@sampleco.test,Taylor Brooks,2024-12-01 01:03:00,sofia.brooks@acme-fake.test,Diego Dorsey,2022-10-09 18:59:00,noah.costa@demomail.test,Casey Sato,2023-07-23 19:16:00,N,Liam Vance,Liam Mercer,Noah Mercer,TAG-8202,Software Developer,,,,,,,,SKU-5447,LOT-4152,noah.mercer@sampleco.test,,,,Inactive,,100447,100143,100351,100120,,,,,,,100670,Other,100042,,,Beta,100658,100383,,jamie.sloan@demomail.test,nina.rossi@sampleco.test,Product Update,100323,Brightpath Holdings LLC,Other,,,,,,,,101863,,,,N,
100559,Contact,103633,rowan.sato@sampleco.test,Sofia Mercer,2023-01-26 23:35:00,elena.haddad@acme-fake.test,Sofia Cohen,2025-08-12 03:02:00,aisha.nguyen@acme-fake.test,Noah Reyes,2025-06-23 05:35:00,casey.ivanov@sampleco.test,Sofia Ford,2023-09-04 21:12:00,Y,Sofia Larsson,Avery Dorsey,Elena Blake,TAG-5220,Customer Success Manager,,,,,Other,,,SKU-6230,LOT-8892,elena.blake@demomail.test,,,,Active,100607,100293,100494,100259,100475,,,,,100110,,,Other,100254,,,,100023,,,noah.larsson@acme-fake.test,jamie.ashby@sampleco.test,Quarterly Newsletter,100291,,Alpha,100645,,,,,,,,,,,N,Y
100241,Contact,103635,alex.haddad@sampleco.test,Chen Sloan,2025-02-05 11:23:00,marco.rossi@sampleco.test,Aisha Patel,2025-08-20 03:25:00,omar.okafor@demomail.test,Skyler Haddad,2025-02-07 14:10:00,fatima.nguyen@demomail.test,Arjun Blake,2023-01-13 06:02:00,Y,Skyler Mensah,Rahul Ford,Drew Larsson,SKU-4493,Financial Analyst,,,,,,,,SKU-1119,SKU-2792,drew.larsson@examplecorp.test,,,,Active,,,100238,100793,,,,,,100104,,,Standard,100694,,,,100535,100627,,chen.whitfield@demomail.test,priya.silva@acme-fake.test,Product Update,100474,,Standard,100086,,,,,,,,,,,Y,
100520,Contact,103636,mei.blake@examplecorp.test,Emerson Haddad,2023-06-25 00:32:00,nina.cohen@demomail.test,Skyler Cohen,2024-02-10 20:17:00,skyler.costa@sampleco.test,Reese Cohen,2022-11-20 13:31:00,quinn.dorsey@demomail.test,Rowan Mercer,2023-09-03 10:14:00,Y,Chen Sloan,Quinn Reyes,Yara Calder,REF-8147,Payroll Specialist,,,,,,,,REF-2753,TAG-6986,yara.calder@sampleco.test,,,,Active,100421,,100282,100789,,,,,,100734,,,Gamma,100003,,N,Standard,,,,fatima.reyes@sampleco.test,emerson.patel@demomail.test,Renewal Nudge,100070,Summit Robotics Group,Standard,100784,,,,,,,101857,Y,,,,
100069,Contact,103637,priya.sato@examplecorp.test,Diego Patel,2025-07-17 15:32:00,liam.silva@demomail.test,Aisha Silva,2024-07-24 00:46:00,fatima.cohen@acme-fake.test,Taylor Ford,2023-08-20 14:55:00,skyler.dorsey@acme-fake.test,Sofia Cohen,2024-02-26 16:45:00,Y,Diego Sato,Priya Whitfield,Mei Larsson,SKU-6813,Support Specialist,,,,Delta,,,,,REF-8460,mei.larsson@demomail.test,,,,Active,100248,,100371,100017,100044,,,,,,,100426,Other,100607,,,,,100770,,morgan.patel@demomail.test,aisha.silva@sampleco.test,Re-engagement,100339,Atlas Networks LLP,,100205,,,,5,,,,,,,Y,
100192,Contact,103639,omar.cohen@examplecorp.test,Rowan Ford,2026-04-04 07:47:00,liam.okafor@demomail.test,Rahul Blake,2026-07-09 23:30:00,aisha.reyes@acme-fake.test,Elena Costa,2023-08-27 22:10:00,rahul.nguyen@sampleco.test,Emerson Ivanov,2023-10-03 16:27:00,N,Priya Sato,Casey Dorsey,Diego Kim,TAG-2276,Project Manager,,,,,,,,,REF-1144,diego.kim@acme-fake.test,,,,Inactive,100638,,100615,100091,100774,,,,,,,,Other,100328,,,Gamma,,,,morgan.dorsey@acme-fake.test,sofia.haddad@examplecorp.test,Product Update,100498,Horizon Capital Ltd,,,,2,,,,,,N,,,,
100736,Contact,103641,casey.vance@sampleco.test,Alex Larsson,2025-06-25 21:37:00,casey.dorsey@sampleco.test,Emerson Patel,2026-05-18 10:22:00,mei.nguyen@examplecorp.test,Drew Vance,2024-01-06 23:34:00,skyler.vance@examplecorp.test,Arjun Vance,2023-03-02 01:32:00,Y,Avery Haddad,Sofia Silva,Liam Blake,,Accountant,,,,,,SKU-1122,,,TAG-4417,liam.blake@demomail.test,,,,Active,100759,100656,100031,100485,100715,,,,,100405,,100437,Other,100089,,,Other,100128,100684,,priya.mercer@demomail.test,mei.haddad@sampleco.test,Quarterly Newsletter,100308,Horizon Capital Corp,Alpha,100269,,,,,,,,,,,N,
100679,Contact,103643,liam.silva@examplecorp.test,Rowan Nguyen,2025-05-26 11:52:00,diego.costa@sampleco.test,Quinn Silva,2023-11-29 17:07:00,chen.calder@acme-fake.test,Priya Okafor,2022-11-27 21:05:00,yara.larsson@demomail.test,Mei Patel,2023-08-29 11:21:00,Y,Nina Haddad,Omar Blake,Marco Brooks,SKU-9856,Customer Success Manager,,,,Other,,,,LOT-7834,LOT-9104,marco.brooks@examplecorp.test,,,,Active,,100454,100429,100242,100301,,,,,,,,Alpha,100417,,,Alpha,100333,100498,,sofia.vance@demomail.test,sofia.reyes@examplecorp.test,Quarterly Newsletter,100185,Falcon Robotics LLP,,100333,,,,,,,101786,,,,Y,
100649,Contact,103644,alex.vance@sampleco.test,Arjun Larsson,2026-04-22 20:45:00,marco.reyes@sampleco.test,Rahul Silva,2022-12-24 21:28:00,quinn.ivanov@examplecorp.test,Riley Haddad,2024-02-11 06:07:00,liam.haddad@sampleco.test,Mei Ashby,2025-07-23 18:17:00,Y,Jordan Ford,Mei Whitfield,Casey Mercer,REF-6929,HR Generalist,,,,,,,,SKU-8584,REF-5794,casey.mercer@acme-fake.test,,,,Active,,100645,100171,100336,,,,,,100171,,100738,Other,100593,,,Alpha,100487,,,marco.reyes@demomail.test,rowan.sloan@sampleco.test,Quarterly Newsletter,100415,,Alpha,100497,,,,,,,,,,,,
100569,Contact,103645,rowan.ashby@sampleco.test,Drew Blake,2024-10-29 00:45:00,mei.okafor@acme-fake.test,Diego Brooks,2025-08-28 09:45:00,morgan.mercer@sampleco.test,Morgan Nguyen,2023-12-05 15:54:00,arjun.okafor@acme-fake.test,Alex Ivanov,2023-08-19 13:29:00,N,Quinn Mercer,Drew Garcia,Chen Mercer,SKU-1457,Support Specialist,,,,,,,,,TAG-4641,chen.mercer@demomail.test,,,,Inactive,100308,,100576,100063,100208,SKU-3427,,,,100142,,,Gamma,100503,,,Gamma,100742,100186,,yara.rossi@sampleco.test,noah.nguyen@acme-fake.test,Quarterly Newsletter,100014,,Beta,,,,,,,,101785,,,,,
100235,Contact,103646,yara.ford@demomail.test,Quinn Sato,2024-01-02 14:17:00,noah.blake@sampleco.test,Chen Ford,2025-09-11 17:45:00,morgan.blake@acme-fake.test,Morgan Ashby,2026-02-10 01:27:00,jordan.silva@demomail.test,Arjun Patel,2024-03-29 01:19:00,Y,Jamie Cohen,Casey Dorsey,Rowan Blake,REF-3878,Customer Success Manager,,,,,,,,,REF-5967,rowan.blake@demomail.test,,,,Active,100079,100042,100269,100484,100646,,,,,100565,,100308,Alpha,100486,,,Beta,100016,100325,,quinn.ford@sampleco.test,omar.sloan@demomail.test,Quarterly Newsletter,100518,,,,,,,,,,101854,,,,,
100598,Contact,103647,noah.costa@demomail.test,Alex Brooks,2025-05-12 20:26:00,morgan.rossi@demomail.test,Drew Reyes,2024-09-02 05:28:00,avery.silva@demomail.test,Emerson Blake,2022-10-17 17:52:00,arjun.dorsey@demomail.test,Sofia Ivanov,2022-11-03 18:22:00,N,Fatima Mensah,Priya Brooks,Mei Haddad,TAG-3981,Marketing Coordinator,,,,,,,,,TAG-4669,mei.haddad@acme-fake.test,,,,Inactive,100408,,100044,100212,100224,,,,,100080,,100604,Delta,100555,,,,100248,100213,,aisha.brooks@examplecorp.test,chen.ford@examplecorp.test,Re-engagement,100690,Falcon Partners Corp,Alpha,,,,,,,,,,,,,
100405,Contact,103648,quinn.reyes@acme-fake.test,Mei Brooks,2025-02-09 06:01:00,mei.rossi@demomail.test,Morgan Silva,2024-04-15 13:31:00,mei.sloan@demomail.test,Jordan Blake,2023-10-14 09:50:00,taylor.ashby@examplecorp.test,Marco Vance,2024-01-26 20:02:00,N,Rowan Okafor,Omar Costa,Rahul Sato,,QA Engineer,,,,,,,,,TAG-7365,rahul.sato@examplecorp.test,,,,Inactive,100190,100014,100475,,,,,,,100291,,100251,Beta,100527,,,,100200,100370,,morgan.okafor@examplecorp.test,casey.reyes@examplecorp.test,Re-engagement,100041,,,,,,,,,,,,,,,Y
100323,Contact,103650,noah.blake@acme-fake.test,Arjun Patel,2023-02-03 15:36:00,sofia.sloan@acme-fake.test,Reese Reyes,2026-04-28 11:16:00,yara.rossi@acme-fake.test,Morgan Ford,2023-07-17 12:42:00,liam.costa@demomail.test,Morgan Mensah,2025-02-06 08:40:00,Y,Fatima Reyes,Priya Vance,Taylor Costa,REF-6291,Payroll Specialist,,,,,,,,SKU-7596,TAG-4590,taylor.costa@examplecorp.test,,,,Active,,100031,100360,100376,,,,,,,,100257,Standard,100291,,,Beta,100517,100420,,yara.calder@examplecorp.test,quinn.rossi@demomail.test,Re-engagement,100667,Beacon Retail Ltd,,,,,,,,,101818,,,,,
100616,Contact,103652,mei.kim@examplecorp.test,Jordan Mercer,2026-03-08 04:35:00,omar.okafor@acme-fake.test,Reese Cohen,2024-06-05 17:23:00,skyler.reyes@acme-fake.test,Arjun Kim,2024-09-19 12:43:00,jamie.okafor@examplecorp.test,Priya Ashby,2025-04-08 12:44:00,Y,Marco Nguyen,Avery Mensah,Emerson Reyes,SKU-4141,Marketing Coordinator,,,,,,,,,LOT-8828,emerson.reyes@sampleco.test,,,,Active,,100750,100516,100267,,,,,,100063,,,Other,100389,,,Alpha,100796,100220,,yara.mercer@acme-fake.test,aisha.haddad@examplecorp.test,Quarterly Newsletter,100189,,Standard,100360,,5,,,,,101795,,,,,
100482,Contact,103655,avery.mensah@acme-fake.test,Quinn Calder,2025-10-17 18:49:00,chen.nguyen@demomail.test,Alex Ford,2025-06-05 04:06:00,omar.haddad@sampleco.test,Marco Cohen,2024-04-02 19:09:00,quinn.ivanov@demomail.test,Nina Mensah,2024-09-19 20:36:00,Y,Fatima Dorsey,Casey Mercer,Jamie Sato,TAG-9391,Financial Analyst,,,,,Alpha,,,,SKU-2046,jamie.sato@sampleco.test,,,,Active,,100200,100449,,,,,,,,,100477,Beta,100363,,,Gamma,,100076,,fatima.rossi@demomail.test,liam.mensah@sampleco.test,Re-engagement,100434,Copper Media Inc,Delta,100523,,,,,,,,,,,,
100429,Contact,103656,omar.nguyen@sampleco.test,Arjun Garcia,2024-06-18 14:37:00,emerson.larsson@demomail.test,Emerson Haddad,2023-01-23 05:34:00,chen.whitfield@examplecorp.test,Casey Ford,2023-04-25 08:04:00,emerson.cohen@acme-fake.test,Drew Vance,2023-04-12 21:52:00,N,Alex Okafor,Rahul Costa,Drew Patel,SKU-8760,Support Specialist,,,,Delta,,,,TAG-2442,REF-7133,drew.patel@examplecorp.test,,,,Inactive,100097,100342,100117,,100220,,,,,100426,,100607,Standard,100232,,,Standard,,100679,,taylor.ford@demomail.test,liam.dorsey@demomail.test,Re-engagement,100522,,,100383,,,,,,,101816,,,,N,
100672,Contact,103657,noah.calder@examplecorp.test,Omar Costa,2024-06-02 23:50:00,noah.sato@examplecorp.test,Morgan Patel,2023-03-23 20:36:00,riley.ivanov@sampleco.test,Morgan Cohen,2025-08-12 16:42:00,arjun.okafor@sampleco.test,Sofia Reyes,2023-05-22 17:22:00,Y,Priya Garcia,Elena Ashby,Avery Calder,SKU-3187,Payroll Specialist,,,,,,,,SKU-9858,SKU-5823,avery.calder@examplecorp.test,,,,Active,100079,,100316,100613,,REF-7450,,,,100576,,,Gamma,100254,,,,100169,100487,,sofia.dorsey@examplecorp.test,riley.larsson@acme-fake.test,Re-engagement,100526,,Standard,100696,,,,,,,101797,,,,,N
100661,Contact,103658,casey.whitfield@acme-fake.test,Quinn Patel,2023-12-08 11:21:00,omar.blake@acme-fake.test,Emerson Ashby,2024-05-17 22:35:00,mei.reyes@sampleco.test,Taylor Kim,2025-06-30 08:30:00,elena.larsson@demomail.test,Liam Sato,2023-05-01 21:14:00,Y,Rahul Costa,Diego Costa,Jordan Larsson,REF-1344,Data Analyst,,,,,,,,REF-8525,REF-9359,jordan.larsson@examplecorp.test,,,,Active,,100245,100760,,,,,,,,,,Beta,100097,,Y,Gamma,100363,100685,,reese.blake@acme-fake.test,yara.whitfield@examplecorp.test,Product Update,100535,Atlas Robotics Ltd,Beta,100731,,,,,,,,,,,Y,
100309,Contact,103661,elena.rossi@acme-fake.test,Drew Patel,2024-08-10 05:19:00,casey.haddad@demomail.test,Rowan Sato,2023-03-15 23:47:00,taylor.okafor@acme-fake.test,Mei Sato,2025-12-03 21:22:00,mei.patel@demomail.test,Taylor Cohen,2025-08-02 00:33:00,N,Avery Patel,Marco Blake,Liam Ivanov,LOT-4273,Data Analyst,,,,,,,,LOT-1466,TAG-3958,liam.ivanov@acme-fake.test,,,,Inactive,100020,,100676,100309,100758,TAG-2517,,,,100696,,,Delta,100117,,,,,100156,,alex.blake@examplecorp.test,jamie.vance@demomail.test,Re-engagement,100205,,,100030,,,,,,,,,,,Y,
100624,Contact,103662,reese.calder@demomail.test,Skyler Ashby,2024-09-07 17:11:00,nina.ivanov@acme-fake.test,Aisha Ashby,2024-11-04 22:22:00,alex.okafor@demomail.test,Rahul Reyes,2026-06-02 09:29:00,fatima.kim@demomail.test,Emerson Garcia,2024-11-15 01:21:00,Y,Casey Costa,Quinn Brooks,Riley Brooks,REF-6756,Operations Associate,,,,,,,,,LOT-6927,riley.brooks@examplecorp.test,,,,Active,100582,100603,100046,100410,100281,,,,,100631,,100146,Gamma,100333,,,,,100661,,morgan.dorsey@demomail.test,mei.mensah@examplecorp.test,Event Invite,100275,,Delta,,,,,,,,,,,,,
100749,Contact,103663,taylor.ivanov@examplecorp.test,Rowan Larsson,2024-08-28 05:45:00,aisha.vance@demomail.test,Noah Ford,2024-09-22 21:34:00,jamie.haddad@examplecorp.test,Yara Ford,2023-08-05 10:56:00,rahul.costa@acme-fake.test,Jordan Mensah,2024-06-21 14:21:00,Y,Yara Calder,Reese Ivanov,Quinn Garcia,TAG-2041,Financial Analyst,,,,,,,,LOT-9133,TAG-1898,quinn.garcia@acme-fake.test,,,,Active,100789,100393,100742,100117,100780,,,,,100481,,,Beta,100241,,,Gamma,,100308,,quinn.dorsey@acme-fake.test,quinn.silva@sampleco.test,Event Invite,100203,Everest Industries Inc,Alpha,,,,,,,,101836,,,,,
100380,Contact,103666,priya.brooks@acme-fake.test,Avery Larsson,2026-06-12 12:45:00,sofia.silva@sampleco.test,Avery Patel,2025-10-30 14:25:00,rahul.whitfield@demomail.test,Sofia Blake,2023-08-08 11:32:00,avery.mercer@demomail.test,Diego Ford,2025-03-13 06:43:00,Y,Rahul Dorsey,Taylor Nguyen,Omar Haddad,LOT-1996,Payroll Specialist,,,,,,,,,TAG-4926,omar.haddad@acme-fake.test,,,,Active,,100049,100192,,100681,,,,,,,100353,Beta,100429,,,Beta,,100641,,rahul.reyes@acme-fake.test,marco.calder@examplecorp.test,Renewal Nudge,100509,,,100522,,,,,,,101876,,,,N,
100410,Contact,103668,aisha.sato@acme-fake.test,Marco Ford,2025-06-25 06:31:00,riley.mensah@demomail.test,Marco Nguyen,2026-01-04 04:12:00,emerson.brooks@demomail.test,Taylor Sloan,2022-11-05 08:39:00,rowan.brooks@demomail.test,Priya Ivanov,2023-08-30 14:38:00,N,Arjun Patel,Priya Kim,Sofia Vance,,Accountant,,,,,,,,,LOT-4920,sofia.vance@sampleco.test,,,,Inactive,,100793,100403,,100542,,,,,100254,,,Beta,100223,,,Other,100418,,,taylor.okafor@sampleco.test,diego.whitfield@demomail.test,Quarterly Newsletter,100176,Blue Ridge Media,Other,100089,,,,,,,101832,,,,,
100012,Contact,103669,noah.haddad@acme-fake.test,Reese Haddad,2023-08-04 10:55:00,aisha.costa@demomail.test,Aisha Ivanov,2026-07-18 05:39:00,liam.nguyen@sampleco.test,Quinn Costa,2025-04-05 08:35:00,alex.mensah@acme-fake.test,Chen Costa,2024-09-23 18:28:00,Y,Casey Mercer,Aisha Garcia,Alex Sloan,,Operations Associate,,,,,,,,LOT-6889,REF-1040,alex.sloan@sampleco.test,,,,Active,100091,,100314,,,,,,,,,,Beta,100031,,,,,,,quinn.mensah@demomail.test,aisha.ford@demomail.test,Product Update,100777,Pioneer Group,Beta,100161,,,,,,,101827,,,,,
100736,Contact,103671,jamie.ashby@demomail.test,Jamie Silva,2022-10-18 07:46:00,aisha.blake@examplecorp.test,Liam Patel,2025-04-01 14:58:00,omar.ford@demomail.test,Riley Ford,2023-12-01 15:56:00,arjun.patel@acme-fake.test,Sofia Dorsey,2024-12-20 23:16:00,Y,Sofia Whitfield,Elena Costa,Casey Okafor,SKU-4643,Payroll Specialist,,,,,,,,,LOT-8941,casey.okafor@demomail.test,,,,Active,100717,100628,100767,100172,100115,,,,,,,100777,Gamma,100301,,Y,,,100569,,riley.ivanov@sampleco.test,omar.kim@acme-fake.test,Event Invite,100601,,Other,,,,,,,,,,,,,
100049,Contact,103673,alex.sloan@demomail.test,Yara Cohen,2023-10-07 04:19:00,emerson.okafor@sampleco.test,Reese Dorsey,2023-04-23 09:02:00,casey.calder@examplecorp.test,Quinn Whitfield,2023-11-23 02:11:00,priya.okafor@acme-fake.test,Casey Ivanov,2023-06-29 02:35:00,Y,Omar Dorsey,Yara Haddad,Avery Whitfield,TAG-5952,Customer Success Manager,,,,,,,,,LOT-2309,avery.whitfield@sampleco.test,,,,Active,100585,100185,100420,100020,,,,,,100535,,,Beta,100169,,,,100736,,,rowan.mercer@acme-fake.test,emerson.ashby@demomail.test,Renewal Nudge,100432,Meridian Robotics Co,Standard,,,,,,,,,,,,N,
100432,Contact,103676,diego.reyes@acme-fake.test,Jordan Rossi,2023-06-27 21:44:00,reese.brooks@examplecorp.test,Marco Ashby,2026-02-07 23:24:00,rowan.costa@acme-fake.test,Avery Cohen,2024-04-15 01:52:00,casey.reyes@demomail.test,Skyler Haddad,2024-01-30 16:24:00,N,Riley Okafor,Omar Reyes,Nina Ivanov,SKU-1959,Payroll Specialist,,,,,,,,SKU-8044,REF-9055,nina.ivanov@acme-fake.test,,,,Inactive,,,100257,100339,,,,,,100097,,100449,Alpha,100641,,,Standard,100763,,,mei.calder@demomail.test,drew.sato@acme-fake.test,Renewal Nudge,100498,Ironwood Holdings LLP,Delta,100551,,,,,,,,,,,Y,
100627,Contact,103677,aisha.ivanov@acme-fake.test,Nina Okafor,2023-12-21 19:42:00,chen.mercer@acme-fake.test,Yara Mercer,2024-12-24 22:23:00,morgan.patel@examplecorp.test,Drew Calder,2024-05-03 06:46:00,jamie.whitfield@demomail.test,Drew Ivanov,2024-01-01 21:38:00,Y,Priya Silva,Priya Sloan,Alex Costa,TAG-1669,Financial Analyst,,,,,,,,REF-5853,REF-5667,alex.costa@sampleco.test,,,,Active,100755,100793,100352,100582,,,,,,100139,,100344,Alpha,100673,,,Other,,100288,,jamie.silva@demomail.test,diego.calder@examplecorp.test,Quarterly Newsletter,100498,Brightpath Energy Co,,100516,,,,,,,,,,,,N
100110,Contact,103678,diego.cohen@acme-fake.test,Morgan Okafor,2023-11-07 13:17:00,alex.blake@demomail.test,Yara Brooks,2024-02-25 06:29:00,yara.dorsey@demomail.test,Drew Reyes,2024-12-05 07:10:00,noah.garcia@examplecorp.test,Emerson Reyes,2023-01-28 00:16:00,Y,Rowan Mensah,Noah Nguyen,Liam Garcia,TAG-1519,Marketing Coordinator,,,,,,,,LOT-2288,REF-6126,liam.garcia@examplecorp.test,,,,Active,,,100215,100415,,,,,,,,100673,Delta,100796,,,Other,100153,100741,,riley.dorsey@sampleco.test,arjun.haddad@sampleco.test,Re-engagement,100692,Summit Capital LLC,Beta,,,,,,,,101795,,,,,
100415,Contact,103680,avery.ford@acme-fake.test,Reese Ivanov,2025-12-17 07:17:00,diego.cohen@acme-fake.test,Sofia Blake,2023-07-24 20:37:00,marco.haddad@acme-fake.test,Fatima Mercer,2025-12-10 08:15:00,casey.blake@sampleco.test,Rowan Sato,2024-10-10 09:49:00,Y,Nina Ashby,Casey Sloan,Elena Kim,TAG-3888,Financial Analyst,,,,,,,,SKU-7070,TAG-5385,elena.kim@demomail.test,,,,Active,,100565,100531,,100374,,,,,100496,,100793,Beta,100591,,,Beta,100217,,,quinn.brooks@demomail.test,yara.haddad@demomail.test,Renewal Nudge,100559,Evergreen Labs Co,,100094,,,,,,,101879,,,,N,
100257,Contact,103682,arjun.ivanov@acme-fake.test,Drew Sloan,2024-07-13 05:01:00,marco.blake@examplecorp.test,Fatima Patel,2024-08-26 00:07:00,priya.kim@examplecorp.test,Riley Ford,2022-12-15 11:20:00,noah.ivanov@demomail.test,Rowan Haddad,2024-04-09 08:46:00,N,Rahul Ivanov,Mei Ashby,Casey Sloan,LOT-3399,Project Manager,,,,,,,,SKU-7028,TAG-5345,casey.sloan@sampleco.test,,,,Inactive,100177,100209,100492,100800,100661,,,,,100141,,100615,Delta,100142,,,,100591,,,priya.okafor@sampleco.test,drew.sato@sampleco.test,Re-engagement,100543,,Beta,100597,,,,,,,101862,,,,N,
100405,Contact,103685,quinn.ford@acme-fake.test,Riley Cohen,2024-10-20 03:06:00,quinn.haddad@examplecorp.test,Skyler Garcia,2022-10-09 20:04:00,yara.whitfield@examplecorp.test,Fatima Sato,2026-01-26 07:38:00,alex.nguyen@demomail.test,Omar Patel,2024-06-15 10:10:00,N,Elena Reyes,Chen Calder,Arjun Sato,LOT-9030,QA Engineer,,REF-3609,,,Beta,,,,LOT-2856,arjun.sato@demomail.test,,,,Inactive,100359,100008,100800,100025,100498,,,,,100259,,100069,Gamma,100498,,,Standard,,100122,,rahul.kim@acme-fake.test,quinn.dorsey@demomail.test,Event Invite,100046,Brightpath Industries,,100313,,,,,,,101863,,,,,
100010,Contact,103686,morgan.brooks@acme-fake.test,Nina Nguyen,2023-03-27 16:23:00,riley.reyes@demomail.test,Avery Haddad,2025-05-22 01:32:00,jordan.haddad@sampleco.test,Aisha Haddad,2026-03-15 18:57:00,riley.sloan@examplecorp.test,Rahul Garcia,2022-11-23 08:26:00,Y,Jordan Ivanov,Alex Larsson,Priya Vance,SKU-1883,QA Engineer,,,,,,,,,TAG-1699,priya.vance@acme-fake.test,,,,Active,100285,100345,100215,100750,100356,,,,,100607,,100363,Other,100800,,,,100308,100115,,sofia.whitfield@demomail.test,aisha.dorsey@acme-fake.test,Product Update,100023,,Alpha,,,,,,,,101866,,,,Y,
100017,Contact,103689,sofia.patel@sampleco.test,Jamie Dorsey,2023-10-16 13:45:00,mei.sato@examplecorp.test,Reese Larsson,2023-11-16 22:21:00,sofia.ford@demomail.test,Reese Okafor,2022-11-08 19:58:00,sofia.ashby@sampleco.test,Avery Vance,2024-11-10 07:23:00,Y,Noah Sloan,Casey Okafor,Skyler Mensah,LOT-2721,Marketing Coordinator,,,,,,,,,REF-7209,skyler.mensah@examplecorp.test,,,,Active,100490,100527,100141,100424,,,,,,100555,,100343,Delta,100319,,Y,Gamma,100686,100275,,aisha.ashby@examplecorp.test,fatima.mensah@examplecorp.test,Event Invite,100099,Horizon Industries Ltd,Delta,,,,,,,,101837,,,,N,
100588,Contact,103692,avery.blake@acme-fake.test,Quinn Mercer,2023-06-12 13:16:00,riley.mensah@acme-fake.test,Morgan Rossi,2023-04-02 02:09:00,morgan.larsson@demomail.test,Arjun Costa,2024-08-03 20:28:00,avery.brooks@demomail.test,Taylor Okafor,2025-10-23 14:00:00,Y,Rahul Nguyen,Noah Brooks,Reese Ivanov,TAG-9034,Executive Assistant,,,,,,,6934,SKU-4121,SKU-5929,reese.ivanov@examplecorp.test,,,,Active,100113,,100696,,,,,,,100793,,,Standard,100023,,,,100492,100588,,rowan.kim@acme-fake.test,priya.mercer@acme-fake.test,Quarterly Newsletter,100153,,Alpha,,,9,,,,,101869,,,,N,
100424,Contact,103693,rahul.silva@acme-fake.test,Diego Dorsey,2025-10-31 21:42:00,drew.kim@demomail.test,Omar Brooks,2025-07-10 17:54:00,liam.patel@examplecorp.test,Chen Whitfield,2022-12-22 22:01:00,elena.costa@examplecorp.test,Avery Ashby,2025-06-25 15:15:00,N,Diego Ashby,Diego Okafor,Liam Ivanov,LOT-6030,Executive Assistant,,,Alpha,,Delta,,,REF-3988,SKU-5555,liam.ivanov@sampleco.test,,,,Inactive,100161,100139,100685,100784,,TAG-9566,,,,100736,,100030,Delta,100475,,,Beta,100780,,,skyler.silva@sampleco.test,elena.ashby@acme-fake.test,Renewal Nudge,100184,Redwood Financial Group,,100688,,,,,,,101826,N,,,,
100597,Contact,103694,sofia.brooks@examplecorp.test,Rahul Ashby,2026-06-26 12:40:00,reese.ashby@demomail.test,Fatima Cohen,2025-04-24 09:56:00,chen.mensah@acme-fake.test,Nina Ashby,2025-11-27 05:23:00,alex.sato@sampleco.test,Aisha Garcia,2024-01-03 07:12:00,Y,Chen Haddad,Noah Vance,Chen Mensah,REF-8151,Bookkeeper,,,,,,TAG-8177,,,REF-9622,chen.mensah@sampleco.test,,,,Active,100388,100543,100301,,,,,,,100526,,100209,Alpha,100694,,Y,Other,100676,,,sofia.calder@demomail.test,chen.patel@examplecorp.test,Product Update,100796,,Delta,,,,,,,,101803,,,,,
100457,Contact,103697,reese.ashby@sampleco.test,Yara Ivanov,2024-05-08 02:44:00,mei.rossi@examplecorp.test,Chen Cohen,2025-08-10 08:50:00,diego.costa@examplecorp.test,Casey Mercer,2023-05-10 02:23:00,arjun.mercer@sampleco.test,Yara Larsson,2026-06-01 17:39:00,Y,Yara Kim,Fatima Haddad,Alex Blake,TAG-7902,Data Analyst,,,,,,,,,TAG-6915,alex.blake@demomail.test,,,,Active,100269,100132,100434,100328,100498,,,,,,,,Other,100498,,,Beta,100242,100213,,liam.dorsey@demomail.test,reese.costa@sampleco.test,Event Invite,100265,Ironwood Analytics Inc,Other,100413,,,,,,,101830,,,,,
100205,Contact,103698,yara.nguyen@sampleco.test,Jamie Larsson,2025-08-08 02:15:00,rowan.cohen@demomail.test,Sofia Okafor,2026-02-08 01:21:00,jamie.cohen@sampleco.test,Mei Blake,2024-08-16 10:53:00,chen.brooks@demomail.test,Noah Ivanov,2024-10-09 03:07:00,N,Jamie Ivanov,Chen Ivanov,Skyler Ford,LOT-2616,Recruiter,,,,,,,,,LOT-4748,skyler.ford@sampleco.test,,,,Inactive,,100576,100408,100120,100800,,,,,,,100259,Standard,100434,,,Standard,100217,100513,,omar.calder@sampleco.test,elena.vance@acme-fake.test,Quarterly Newsletter,100434,,Standard,,,,,,,,,,,,N,
100543,Contact,103700,omar.patel@acme-fake.test,Chen Calder,2023-08-05 21:34:00,chen.okafor@examplecorp.test,Aisha Sloan,2023-04-04 13:18:00,sofia.ashby@acme-fake.test,Reese Blake,2025-02-24 01:05:00,reese.mensah@examplecorp.test,Marco Garcia,2023-11-12 04:21:00,Y,Riley Ashby,Fatima Whitfield,Casey Sato,LOT-1962,Financial Analyst,,,,,,,,,REF-4143,casey.sato@sampleco.test,,,,Active,,,100654,,100469,,,,,,,100708,Gamma,100017,,,Beta,100325,100613,,yara.reyes@sampleco.test,jamie.calder@examplecorp.test,Quarterly Newsletter,100664,Delta Manufacturing Co,Standard,100080,,,,,,,101851,,,,,
100026,Contact,103703,aisha.sato@examplecorp.test,Jamie Cohen,2026-04-09 03:57:00,jordan.kim@demomail.test,Nina Silva,2024-01-09 15:07:00,skyler.mensah@examplecorp.test,Omar Dorsey,2024-01-06 10:56:00,alex.ashby@examplecorp.test,Taylor Dorsey,2023-11-12 21:10:00,Y,Emerson Ashby,Elena Sloan,Fatima Ashby,REF-9413,Marketing Coordinator,,,,,,,,,TAG-9404,fatima.ashby@demomail.test,,,,Active,100554,,100500,,100559,,,,,100277,,100717,Alpha,100559,,,Other,100604,100301,,casey.calder@demomail.test,elena.rossi@examplecorp.test,Event Invite,100049,Atlas Foods LLP,Standard,,,,,,,,101800,,,,Y,
100632,Contact,103704,omar.kim@demomail.test,Taylor Cohen,2024-05-17 18:06:00,sofia.whitfield@acme-fake.test,Arjun Cohen,2022-10-29 09:29:00,liam.ford@demomail.test,Fatima Sloan,2023-03-19 19:13:00,omar.haddad@sampleco.test,Morgan Sato,2024-02-24 21:36:00,Y,Yara Reyes,Noah Larsson,Alex Mensah,REF-9344,Executive Assistant,,,,,,,,SKU-7418,SKU-6976,alex.mensah@examplecorp.test,,,,Active,,,100017,,100026,,,,,,,,Gamma,100325,,,Beta,,100080,,chen.sato@acme-fake.test,sofia.dorsey@sampleco.test,Renewal Nudge,100548,,Other,100076,,,,,,,101788,,,,,
100585,Contact,103705,yara.brooks@demomail.test,Aisha Ivanov,2024-02-16 02:35:00,nina.calder@examplecorp.test,Reese Brooks,2025-01-28 08:54:00,drew.silva@examplecorp.test,Drew Nguyen,2023-12-07 02:09:00,casey.kim@sampleco.test,Fatima Garcia,2025-03-24 02:46:00,Y,Aisha Sato,Drew Larsson,Arjun Larsson,SKU-8660,Software Developer,,,,,,,2841,,SKU-1013,arjun.larsson@demomail.test,,,,Active,100582,100083,100456,100753,100128,LOT-8924,,,,100049,,100771,Alpha,100245,,,,,,,aisha.haddad@examplecorp.test,marco.haddad@demomail.test,Event Invite,100696,,Alpha,100200,,,,,,,101796,,,,,
100066,Contact,103707,nina.vance@demomail.test,Sofia Patel,2026-05-22 08:34:00,emerson.calder@examplecorp.test,Yara Ford,2024-01-13 17:29:00,rahul.okafor@demomail.test,Arjun Vance,2025-04-22 16:29:00,emerson.vance@examplecorp.test,Rahul Costa,2025-11-20 21:27:00,Y,Omar Mercer,Elena Kim,Emerson Sloan,LOT-6390,Software Developer,,,,,,,,SKU-9442,TAG-4087,emerson.sloan@sampleco.test,,,,Active,100063,100286,100058,,,,,,,100454,,100400,Gamma,100265,,,,100772,100462,,alex.larsson@demomail.test,diego.vance@demomail.test,Event Invite,100158,Evergreen Media Group,Delta,100560,,5,,,,,,,,,N,
100161,Contact,103710,morgan.mensah@sampleco.test,Jordan Cohen,2026-06-25 18:12:00,morgan.okafor@sampleco.test,Reese Haddad,2023-05-08 07:36:00,rahul.nguyen@examplecorp.test,Noah Sato,2024-12-30 13:07:00,elena.okafor@sampleco.test,Jamie Reyes,2024-10-06 00:59:00,Y,Casey Vance,Omar Garcia,Diego Mercer,LOT-6160,Bookkeeper,,,,,,,,,SKU-3616,diego.mercer@examplecorp.test,,,,Active,100767,100293,100235,100015,100186,,,,,100440,,,Delta,100539,,,Other,,100333,,skyler.ashby@sampleco.test,reese.garcia@acme-fake.test,Re-engagement,100696,,,100056,,,,,,,101811,,,,,
100734,Contact,103712,morgan.ford@examplecorp.test,Skyler Calder,2023-07-06 23:41:00,jordan.haddad@demomail.test,Liam Silva,2022-11-12 07:09:00,alex.calder@acme-fake.test,Priya Blake,2024-10-31 19:35:00,taylor.mercer@examplecorp.test,Morgan Sato,2026-02-11 10:51:00,N,Liam Kim,Elena Mensah,Morgan Patel,,Bookkeeper,,,,,,,,,TAG-1237,morgan.patel@acme-fake.test,,,,Inactive,,,100031,,,,,,,,,100531,Standard,100146,,,,,100129,,diego.vance@sampleco.test,mei.brooks@examplecorp.test,Event Invite,100759,Delta Foods Group,,100295,,,,,,,101793,,,,,
100523,Contact,103714,drew.larsson@demomail.test,Rowan Whitfield,2024-06-15 18:22:00,avery.brooks@examplecorp.test,Liam Nguyen,2026-07-02 18:13:00,arjun.dorsey@sampleco.test,Noah Whitfield,2022-11-08 19:45:00,morgan.dorsey@examplecorp.test,Nina Cohen,2023-08-26 09:54:00,Y,Taylor Rossi,Yara Mensah,Aisha Dorsey,SKU-9672,Operations Associate,,,,,,TAG-5503,,,SKU-9667,aisha.dorsey@sampleco.test,,,,Active,,100089,100523,,100694,,,,,100014,,,Beta,100622,,,,,100445,,sofia.patel@examplecorp.test,nina.reyes@sampleco.test,Renewal Nudge,100097,Lakeside Energy Corp,,,,,,,,,101873,,,,,N
100513,Contact,103715,aisha.mensah@acme-fake.test,Yara Sato,2026-01-05 00:19:00,casey.patel@sampleco.test,Emerson Calder,2023-05-13 05:13:00,diego.dorsey@acme-fake.test,Omar Dorsey,2023-02-21 12:06:00,alex.ivanov@sampleco.test,Diego Okafor,2023-08-10 02:51:00,Y,Yara Costa,Sofia Sato,Jamie Blake,REF-1952,Executive Assistant,,LOT-4018,,,Beta,,,,LOT-9823,jamie.blake@demomail.test,,,,Active,,100129,100520,100301,100236,,,,,100044,,100601,Delta,100309,,,Standard,,100075,,taylor.cohen@sampleco.test,marco.vance@examplecorp.test,Quarterly Newsletter,100165,Delta Networks,,100169,,,,9,,,101818,,,,,
100030,Contact,103718,aisha.patel@demomail.test,Priya Calder,2024-08-05 01:26:00,liam.ashby@demomail.test,Quinn Sato,2026-02-02 05:19:00,rowan.dorsey@demomail.test,Drew Ashby,2023-08-15 01:32:00,skyler.brooks@sampleco.test,Quinn Silva,2025-01-15 02:19:00,Y,Alex Dorsey,Noah Vance,Chen Sato,LOT-8927,Financial Analyst,,,,,,,,SKU-3403,SKU-2093,chen.sato@acme-fake.test,,,,Active,100119,100554,100012,100340,,,,,,,,100603,Delta,100285,,,Beta,,100171,,taylor.okafor@examplecorp.test,arjun.garcia@sampleco.test,Renewal Nudge,100437,Lakeside Networks LLC,,100720,,,,,,,,,,,N,
100788,Contact,103719,marco.sloan@demomail.test,Rahul Calder,2023-05-24 04:49:00,liam.blake@acme-fake.test,Omar Mercer,2024-07-06 01:47:00,marco.sloan@sampleco.test,Riley Rossi,2023-07-15 12:40:00,morgan.ford@demomail.test,Yara Reyes,2023-08-26 09:30:00,Y,Rowan Ashby,Fatima Nguyen,Jamie Dorsey,TAG-1561,QA Engineer,,,,,,,,,TAG-4720,jamie.dorsey@examplecorp.test,,,,Active,,,100520,100548,,,,,,100141,,100151,Delta,100408,,,Standard,100051,100736,,omar.sloan@sampleco.test,emerson.vance@acme-fake.test,Renewal Nudge,100672,,Alpha,100107,,,,,,,,,,,,
100089,Contact,103720,aisha.ivanov@examplecorp.test,Nina Mensah,2024-11-13 00:01:00,omar.mercer@acme-fake.test,Morgan Okafor,2025-04-25 02:10:00,fatima.nguyen@sampleco.test,Morgan Costa,2025-02-08 14:48:00,chen.ivanov@examplecorp.test,Yara Calder,2025-06-05 08:41:00,Y,Priya Blake,Aisha Calder,Riley Reyes,REF-3542,HR Generalist,,,,,,,,,SKU-9803,riley.reyes@demomail.test,,,,Active,100254,100765,100101,,100440,,,,,,,100286,Beta,100090,,,,,100530,,sofia.larsson@demomail.test,noah.blake@examplecorp.test,Re-engagement,100339,Keystone Media LLP,,100569,,,,1,,,,,,,Y,
100704,Contact,103723,rahul.kim@sampleco.test,Rahul Brooks,2024-10-20 12:55:00,morgan.larsson@acme-fake.test,Jordan Okafor,2026-04-16 16:54:00,casey.whitfield@sampleco.test,Yara Whitfield,2024-09-30 07:05:00,emerson.ivanov@acme-fake.test,Marco Okafor,2023-09-01 07:21:00,N,Emerson Mercer,Nina Cohen,Taylor Vance,SKU-9522,Project Manager,,,,,,,,,SKU-1287,taylor.vance@acme-fake.test,,,,Inactive,,,100223,100172,100107,,,,,100005,,,Standard,100559,,,,,,,reese.ford@demomail.test,arjun.rossi@sampleco.test,Event Invite,100298,,Other,100079,,,,,,,101846,,,,Y,
100780,Contact,103724,rowan.mercer@sampleco.test,Nina Nguyen,2024-11-10 16:45:00,priya.nguyen@sampleco.test,Rowan Ashby,2022-12-05 09:06:00,fatima.patel@sampleco.test,Elena Garcia,2024-11-12 14:19:00,chen.vance@sampleco.test,Skyler Nguyen,2023-06-17 14:25:00,N,Aisha Nguyen,Alex Costa,Arjun Mensah,REF-7631,Financial Analyst,,,,,,,8284,,SKU-8661,arjun.mensah@demomail.test,,,,Inactive,100616,,100459,100213,,,,,,100726,,,Alpha,100164,,,Other,100479,,,avery.mensah@examplecorp.test,drew.silva@demomail.test,Event Invite,100097,,Standard,100780,,,,,,,101836,,,,Y,
100314,Contact,103725,alex.dorsey@acme-fake.test,Alex Whitfield,2025-01-07 16:38:00,skyler.patel@demomail.test,Arjun Dorsey,2025-03-16 18:34:00,reese.garcia@acme-fake.test,Avery Mercer,2022-11-14 20:52:00,rowan.sloan@demomail.test,Liam Kim,2025-01-03 05:52:00,N,Rahul Cohen,Emerson Reyes,Diego Mercer,TAG-6076,Financial Analyst,,,,,,,,,TAG-1186,diego.mercer@acme-fake.test,,,,Inactive,100142,100554,100203,100496,100366,,,,,100457,,,Other,100197,,,,,,,reese.whitfield@demomail.test,rowan.nguyen@acme-fake.test,Event Invite,100443,Ironwood Partners Ltd,,100683,,0,,,,,,,,,,
100649,Contact,103727,marco.blake@examplecorp.test,Casey Mercer,2024-03-30 13:09:00,quinn.larsson@sampleco.test,Elena Sloan,2025-08-06 01:24:00,quinn.sato@examplecorp.test,Aisha Brooks,2025-01-31 17:44:00,reese.sato@sampleco.test,Riley Kim,2024-09-28 08:53:00,N,Taylor Ford,Aisha Kim,Chen Reyes,REF-5355,Recruiter,,,Gamma,,,,,,REF-4234,chen.reyes@examplecorp.test,,,,Inactive,100726,,100234,100117,,,,,,100492,,100243,Alpha,100734,,Y,,100555,100440,,casey.blake@acme-fake.test,morgan.rossi@sampleco.test,Re-engagement,100012,,,100267,,,,,,,,N,,,N,
100692,Contact,103728,arjun.calder@examplecorp.test,Omar Ivanov,2025-07-05 13:08:00,chen.brooks@demomail.test,Arjun Ford,2024-08-18 19:23:00,avery.whitfield@demomail.test,Diego Larsson,2023-11-15 07:08:00,noah.calder@demomail.test,Quinn Brooks,2024-10-16 04:49:00,Y,Reese Vance,Fatima Larsson,Taylor Haddad,SKU-5192,Bookkeeper,,,,,,,,SKU-2315,TAG-7761,taylor.haddad@demomail.test,,,,Active,100208,100593,100670,,100153,,,,,,,100684,Beta,100153,,,,100410,,,jamie.sato@examplecorp.test,quinn.larsson@sampleco.test,Event Invite,100073,Ironwood Labs Corp,Other,100143,,,,4,,,,,,,,
100083,Contact,103729,fatima.larsson@examplecorp.test,Omar Garcia,2024-09-28 11:42:00,yara.patel@acme-fake.test,Omar Ivanov,2026-04-01 10:21:00,taylor.ivanov@acme-fake.test,Nina Okafor,2026-05-26 00:11:00,drew.ashby@acme-fake.test,Taylor Dorsey,2024-01-11 12:44:00,N,Taylor Whitfield,Alex Whitfield,Alex Mercer,TAG-9242,Support Specialist,,,,,,,,,SKU-2694,alex.mercer@acme-fake.test,,,,Inactive,100129,100729,100334,100015,100686,,,,,100066,,100765,Delta,100601,,,,,,,quinn.calder@acme-fake.test,aisha.mensah@sampleco.test,Product Update,100212,Horizon Labs,Standard,100205,,,,,,,,,,,,
100484,Contact,103731,morgan.vance@examplecorp.test,Nina Ivanov,2022-12-12 16:07:00,aisha.ashby@demomail.test,Fatima Mercer,2023-08-05 19:36:00,yara.costa@demomail.test,Yara Sloan,2025-01-13 20:43:00,jamie.costa@demomail.test,Morgan Patel,2025-07-17 16:44:00,Y,Arjun Whitfield,Morgan Mercer,Avery Larsson,TAG-6347,QA Engineer,,,,,,,,,SKU-4581,avery.larsson@acme-fake.test,,,,Active,,100216,100449,,,,,,,,,,Standard,100184,,,Beta,100415,100709,,alex.haddad@sampleco.test,chen.whitfield@demomail.test,Re-engagement,100161,,Gamma,,,,,,,,,,,,N,N
100322,Contact,103733,quinn.haddad@examplecorp.test,Marco Mercer,2023-09-04 04:46:00,marco.ford@examplecorp.test,Quinn Okafor,2026-04-06 14:53:00,drew.rossi@sampleco.test,Jamie Haddad,2023-06-05 08:45:00,reese.mercer@demomail.test,Reese Reyes,2023-08-05 11:51:00,Y,Reese Silva,Omar Calder,Arjun Sloan,TAG-2392,Bookkeeper,,,,,,,,,TAG-9340,arjun.sloan@examplecorp.test,,,,Active,100172,100340,100767,,100217,,,,,100641,,,Standard,100212,,,,,,,priya.ivanov@acme-fake.test,chen.rossi@demomail.test,Product Update,100180,,Other,,,,,,,,,,,,N,
100015,Contact,103736,chen.haddad@sampleco.test,Jamie Blake,2022-11-06 16:37:00,elena.larsson@examplecorp.test,Sofia Okafor,2025-11-12 17:46:00,arjun.kim@demomail.test,Casey Reyes,2023-02-23 17:51:00,arjun.sloan@examplecorp.test,Drew Kim,2025-02-10 18:47:00,N,Avery Whitfield,Riley Ashby,Elena Calder,TAG-3797,Operations Associate,,,,,,,,,REF-2471,elena.calder@demomail.test,,,,Inactive,100186,,100485,100115,100177,,,,,100029,,100604,Delta,100089,,,Alpha,100568,100736,,quinn.vance@sampleco.test,chen.kim@demomail.test,Renewal Nudge,100413,Everest Partners,Standard,100076,,,,,,,,,,,Y,
100464,Contact,103739,emerson.blake@examplecorp.test,Diego Ford,2026-03-19 14:47:00,avery.sato@sampleco.test,Riley Kim,2022-12-03 12:09:00,sofia.ashby@demomail.test,Sofia Haddad,2025-08-30 05:10:00,arjun.cohen@demomail.test,Marco Okafor,2025-04-08 01:26:00,Y,Rowan Mensah,Chen Whitfield,Skyler Rossi,LOT-7748,Customer Success Manager,,,,,,,,,REF-7394,skyler.rossi@acme-fake.test,,,,Active,,,100481,100634,100308,,,,,100030,,100040,Delta,100645,,,,,100094,,chen.blake@demomail.test,omar.calder@demomail.test,Re-engagement,100267,,Alpha,100744,,,4,,,,,,,,Y,
100285,Contact,103741,aisha.cohen@demomail.test,Skyler Ashby,2025-02-10 11:22:00,drew.haddad@acme-fake.test,Chen Haddad,2024-07-20 00:19:00,rowan.dorsey@sampleco.test,Chen Haddad,2025-05-11 16:57:00,jordan.haddad@demomail.test,Elena Costa,2023-05-10 22:40:00,Y,Arjun Garcia,Aisha Silva,Skyler Costa,LOT-7804,Accountant,,,,,,,,REF-2594,TAG-4863,skyler.costa@demomail.test,,,,Active,,100005,100111,,100588,,,,,,,100080,Delta,100742,,,Other,,,,fatima.blake@acme-fake.test,omar.reyes@demomail.test,Re-engagement,100558,Evergreen Manufacturing,Standard,100290,,,,,,,,,,,Y,
100559,Contact,103742,morgan.ford@sampleco.test,Taylor Kim,2023-01-07 02:03:00,yara.cohen@acme-fake.test,Rowan Rossi,2024-02-19 16:08:00,avery.costa@sampleco.test,Liam Garcia,2025-12-18 01:27:00,rowan.silva@sampleco.test,Omar Kim,2025-02-12 17:23:00,Y,Nina Silva,Marco Blake,Quinn Mercer,SKU-7444,Data Analyst,,,,,,,,,TAG-6878,quinn.mercer@acme-fake.test,,,,Active,100280,,100171,100090,,,,,,100269,,100097,Delta,100290,,,Standard,,100563,,reese.nguyen@acme-fake.test,yara.nguyen@demomail.test,Product Update,100146,,,100051,,,,,,,101826,,,,Y,
100363,Contact,103745,liam.rossi@examplecorp.test,Quinn Kim,2023-03-28 00:06:00,reese.nguyen@acme-fake.test,Diego Larsson,2026-02-16 05:01:00,fatima.costa@examplecorp.test,Emerson Sato,2023-04-09 02:04:00,rowan.vance@sampleco.test,Fatima Reyes,2025-10-06 09:31:00,Y,Jamie Dorsey,Noah Ivanov,Elena Ashby,LOT-8076,Data Analyst,,,,Gamma,,,,TAG-7391,REF-2268,elena.ashby@acme-fake.test,,,,Active,100681,100262,100197,100242,,,,,,100016,,100457,Delta,100593,,Y,,100597,100631,,aisha.ivanov@demomail.test,aisha.garcia@demomail.test,Product Update,100569,,,100563,,,,,,,,,,,,
100182,Contact,103748,priya.mercer@examplecorp.test,Skyler Dorsey,2025-08-08 17:45:00,diego.rossi@sampleco.test,Morgan Cohen,2024-06-12 16:10:00,arjun.mercer@demomail.test,Emerson Ivanov,2023-08-19 18:59:00,morgan.dorsey@sampleco.test,Casey Costa,2024-04-22 07:55:00,Y,Mei Vance,Jamie Blake,Noah Ashby,TAG-2649,Operations Associate,,,,,,,,TAG-9736,REF-8742,noah.ashby@demomail.test,,,,Active,,100613,100788,100723,100555,,,,,100440,,100026,Alpha,100106,,,,,100593,,omar.silva@demomail.test,elena.larsson@sampleco.test,Re-engagement,100576,,,100353,,,,,,,,,,,,
100126,Contact,103749,arjun.silva@acme-fake.test,Priya Costa,2023-10-16 21:38:00,mei.calder@demomail.test,Alex Haddad,2022-10-16 09:51:00,jamie.okafor@acme-fake.test,Diego Brooks,2023-10-22 02:19:00,mei.rossi@examplecorp.test,Reese Nguyen,2025-05-27 03:44:00,Y,Yara Whitfield,Fatima Haddad,Yara Costa,TAG-8003,Data Analyst,,,,,,REF-2588,,SKU-1710,SKU-9242,yara.costa@examplecorp.test,,,,Active,,,100469,100429,,,,,,100298,,,Other,100798,,,Alpha,100467,,,jamie.garcia@sampleco.test,noah.blake@demomail.test,Renewal Nudge,100025,Pioneer Analytics Ltd,Standard,100319,,,,,,,,,,,,
100542,Contact,103752,alex.nguyen@examplecorp.test,Jordan Sloan,2026-05-07 20:31:00,chen.calder@acme-fake.test,Skyler Ford,2024-02-03 21:05:00,alex.okafor@sampleco.test,Alex Mensah,2025-07-01 14:36:00,morgan.whitfield@demomail.test,Mei Whitfield,2025-09-18 17:07:00,Y,Riley Cohen,Skyler Ivanov,Casey Garcia,REF-5818,Project Manager,,,,,,,,,LOT-6273,casey.garcia@sampleco.test,,,,Active,100206,100195,100277,,100784,,,,,100729,,,Other,100232,,Y,,,,,morgan.calder@examplecorp.test,diego.cohen@demomail.test,Product Update,100069,Falcon Partners Ltd,Delta,100683,,,,,,,101805,,,,,
100169,Contact,103754,avery.calder@examplecorp.test,Jamie Vance,2024-02-29 20:10:00,omar.nguyen@demomail.test,Emerson Mensah,2025-09-15 02:27:00,noah.silva@sampleco.test,Sofia Costa,2026-03-16 22:56:00,rowan.calder@examplecorp.test,Nina Haddad,2026-07-29 21:24:00,Y,Liam Garcia,Casey Vance,Omar Calder,TAG-6272,Project Manager,,,,,,,,TAG-8562,TAG-9717,omar.calder@sampleco.test,,,,Active,100060,100685,100091,100445,,,,,,,,100142,Alpha,100712,,,Other,100041,,,casey.nguyen@examplecorp.test,noah.cohen@demomail.test,Re-engagement,100206,,Beta,100030,,,,,,,101786,Y,,,N,
100726,Contact,103755,priya.whitfield@sampleco.test,Emerson Costa,2023-07-01 08:48:00,rowan.vance@demomail.test,Alex Whitfield,2026-04-13 14:32:00,arjun.mensah@demomail.test,Noah Vance,2024-04-27 06:45:00,alex.cohen@sampleco.test,Marco Nguyen,2023-12-10 14:16:00,Y,Quinn Ford,Aisha Kim,Skyler Sloan,TAG-4774,Recruiter,,,,,,,,SKU-4372,REF-1028,skyler.sloan@sampleco.test,,,,Active,,100437,100610,100129,100487,,,,,100597,,,Delta,100462,,,Standard,100459,,,arjun.sloan@sampleco.test,casey.mercer@demomail.test,Quarterly Newsletter,100224,,Other,100731,,4,,,,,,,,,N,
100177,Contact,103757,arjun.dorsey@demomail.test,Reese Ford,2022-11-09 13:43:00,liam.mercer@demomail.test,Liam Haddad,2025-06-27 04:23:00,avery.silva@demomail.test,Priya Rossi,2025-04-11 23:50:00,reese.silva@examplecorp.test,Priya Cohen,2022-10-01 02:20:00,Y,Omar Sato,Morgan Ivanov,Liam Whitfield,LOT-1322,Data Analyst,,,,,,,,,REF-8075,liam.whitfield@acme-fake.test,,,,Active,100391,100686,100060,,100031,,,,,,,100238,Other,100295,,Y,Standard,100670,100352,,priya.brooks@sampleco.test,mei.garcia@acme-fake.test,Event Invite,100117,Everest Partners LLC,Standard,,,,,6,,,101863,,,,Y,
100156,Contact,103759,nina.vance@sampleco.test,Quinn Nguyen,2025-12-08 21:27:00,aisha.mercer@sampleco.test,Alex Sato,2024-02-18 02:27:00,morgan.nguyen@demomail.test,Quinn Brooks,2025-08-12 23:23:00,alex.sato@demomail.test,Noah Mercer,2023-10-18 08:58:00,Y,Aisha Larsson,Chen Sloan,Casey Silva,LOT-8252,Operations Associate,,,,,,,,LOT-6569,REF-6380,casey.silva@sampleco.test,,,,Active,100255,,100473,,100056,,,,,100520,,100070,Gamma,100684,,,,100120,,,diego.whitfield@examplecorp.test,reese.patel@demomail.test,Quarterly Newsletter,100232,Vertex Systems Corp,Beta,,,,,,,,101804,,,,Y,
100298,Contact,103760,aisha.mercer@acme-fake.test,Casey Silva,2025-10-30 09:23:00,yara.brooks@examplecorp.test,Marco Calder,2022-10-14 05:32:00,jamie.silva@sampleco.test,Reese Vance,2023-04-12 08:52:00,fatima.rossi@acme-fake.test,Noah Nguyen,2024-08-26 11:03:00,Y,Arjun Whitfield,Sofia Reyes,Elena Mercer,REF-3243,Payroll Specialist,,,,Alpha,,,,,REF-1878,elena.mercer@sampleco.test,,,,Active,100443,100573,100058,100455,,,,,,100538,,,Gamma,100485,,,Beta,100690,100046,,yara.sato@acme-fake.test,casey.silva@acme-fake.test,Product Update,100281,Horizon Solutions LLC,Gamma,,,,,0,,,,,,,,
100286,Contact,103761,emerson.blake@examplecorp.test,Jamie Ivanov,2024-05-02 11:19:00,taylor.sato@acme-fake.test,Jordan Cohen,2024-01-09 19:59:00,jamie.mensah@acme-fake.test,Casey Mercer,2024-04-01 16:35:00,priya.mercer@demomail.test,Liam Nguyen,2026-03-18 11:08:00,Y,Taylor Costa,Noah Mensah,Diego Larsson,TAG-9107,Operations Associate,,,,Delta,,,,,REF-1335,diego.larsson@acme-fake.test,,,,Active,100634,,100079,100464,100723,,,,,,,,Alpha,100771,,,,100203,100793,,riley.brooks@demomail.test,alex.mensah@demomail.test,Re-engagement,100627,,,,,,,,,,,,,,,
100426,Contact,103762,nina.okafor@acme-fake.test,Avery Blake,2025-11-15 07:11:00,avery.brooks@demomail.test,Liam Patel,2026-06-26 01:51:00,morgan.garcia@examplecorp.test,Mei Dorsey,2025-06-07 16:36:00,alex.reyes@sampleco.test,Taylor Whitfield,2024-05-02 03:16:00,Y,Liam Reyes,Drew Brooks,Marco Brooks,LOT-5226,QA Engineer,,,,,,,105,SKU-3207,TAG-6642,marco.brooks@demomail.test,,,,Active,100040,,100588,100208,,,,,,,,100447,Delta,100255,,,Delta,100622,,,sofia.garcia@acme-fake.test,rowan.mercer@sampleco.test,Renewal Nudge,100741,,,,,,5,,,,101841,,,,,
100627,Contact,103765,rahul.garcia@demomail.test,Nina Brooks,2023-10-24 03:01:00,sofia.larsson@acme-fake.test,Nina Ford,2024-02-25 13:26:00,jamie.ivanov@examplecorp.test,Skyler Brooks,2025-09-06 14:02:00,marco.mensah@acme-fake.test,Sofia Sato,2026-01-25 17:41:00,Y,Jamie Blake,Fatima Blake,Yara Sato,LOT-9826,Financial Analyst,,,,Beta,Delta,,,,REF-9832,yara.sato@demomail.test,,,,Active,100104,100486,100025,100596,100500,,,,,100051,,,Delta,100286,,,Alpha,,100380,,diego.dorsey@sampleco.test,avery.kim@examplecorp.test,Quarterly Newsletter,100238,Cardinal Dynamics Co,Beta,,,,,,,,,,,,Y,
100604,Contact,103768,taylor.mercer@demomail.test,Jamie Larsson,2023-11-14 09:35:00,reese.whitfield@examplecorp.test,Fatima Patel,2023-02-05 17:35:00,morgan.silva@acme-fake.test,Skyler Ivanov,2024-08-12 23:50:00,alex.whitfield@sampleco.test,Nina Haddad,2023-05-04 08:40:00,Y,Elena Patel,Elena Sato,Diego Sato,TAG-9205,Operations Associate,,,,,Delta,,,SKU-1425,REF-5046,diego.sato@examplecorp.test,,,,Active,100017,,100793,,100535,,,,,100066,,100408,Other,100530,,,Gamma,,,,drew.rossi@acme-fake.test,jordan.ivanov@acme-fake.test,Re-engagement,100026,Summit Robotics,,,,,,,,,101797,,,,,
100227,Contact,103769,marco.mensah@acme-fake.test,Skyler Mercer,2024-11-24 01:51:00,morgan.nguyen@acme-fake.test,Elena Sato,2025-12-27 07:58:00,drew.garcia@acme-fake.test,Skyler Patel,2025-11-20 05:56:00,arjun.haddad@sampleco.test,Reese Sloan,2024-08-23 21:46:00,Y,Mei Sato,Marco Dorsey,Riley Patel,LOT-5709,Data Analyst,,,,Beta,,,,TAG-6252,SKU-5828,riley.patel@demomail.test,,,,Active,100426,100520,100376,100182,100254,,,,,,,100736,Delta,100679,,,Beta,,100429,,mei.nguyen@examplecorp.test,emerson.kim@examplecorp.test,Quarterly Newsletter,100213,,Beta,100774,,2,,,,,101834,,,,,
100738,Contact,103771,drew.patel@acme-fake.test,Aisha Vance,2024-09-21 15:41:00,nina.nguyen@demomail.test,Diego Ford,2025-12-25 05:03:00,rahul.cohen@examplecorp.test,Fatima Whitfield,2024-07-07 08:27:00,mei.larsson@acme-fake.test,Sofia Blake,2023-12-20 18:49:00,N,Noah Patel,Chen Sato,Liam Mensah,SKU-9168,Payroll Specialist,,,,,,,,SKU-4358,TAG-1689,liam.mensah@sampleco.test,,,,Inactive,,,100520,100459,,,,,,,,100552,Delta,100305,,,Alpha,,,,noah.sato@demomail.test,casey.larsson@sampleco.test,Product Update,100136,,Standard,,,,,10,,,101818,,,,,
100571,Contact,103774,taylor.brooks@demomail.test,Arjun Patel,2024-10-23 23:50:00,marco.mercer@examplecorp.test,Arjun Garcia,2026-01-08 05:24:00,nina.ford@acme-fake.test,Reese Dorsey,2025-06-15 01:07:00,taylor.mercer@demomail.test,Yara Larsson,2025-10-28 01:15:00,Y,Chen Silva,Avery Reyes,Noah Nguyen,LOT-2651,Payroll Specialist,,,,,,,,,SKU-5305,noah.nguyen@examplecorp.test,,,,Active,100646,,100726,,100164,,,,,100800,,100413,Delta,100186,,,,,100796,,omar.silva@examplecorp.test,liam.ashby@examplecorp.test,Product Update,100110,,,100111,,,,,,,101867,,,,,
100786,Contact,103776,skyler.sato@examplecorp.test,Riley Larsson,2026-01-05 09:03:00,chen.cohen@sampleco.test,Jamie Rossi,2026-05-27 07:00:00,priya.garcia@acme-fake.test,Rahul Sato,2025-09-23 01:59:00,rahul.calder@acme-fake.test,Jordan Garcia,2023-01-04 13:56:00,Y,Casey Patel,Skyler Patel,Priya Rossi,,HR Generalist,,,,,,LOT-5472,,,TAG-5379,priya.rossi@acme-fake.test,,,,Active,,100405,100241,100520,100517,,,,,,,100699,Other,100383,,N,Other,,,,rahul.cohen@examplecorp.test,emerson.whitfield@examplecorp.test,Product Update,100353,,Beta,100497,,,,,,,101783,N,,,,
100421,Contact,103778,omar.mensah@acme-fake.test,Yara Rossi,2026-05-22 03:35:00,emerson.garcia@demomail.test,Reese Blake,2023-06-13 15:26:00,sofia.reyes@sampleco.test,Fatima Sloan,2022-11-24 11:10:00,sofia.dorsey@examplecorp.test,Rahul Sato,2024-06-01 22:38:00,Y,Omar Haddad,Quinn Whitfield,Quinn Garcia,LOT-1417,Software Developer,,,,,,,,,TAG-2414,quinn.garcia@sampleco.test,,,,Active,100554,100259,100126,100111,100597,,,,,,,100455,Delta,100780,,,,,,,casey.rossi@demomail.test,fatima.haddad@examplecorp.test,Event Invite,100604,,,100344,,,,,,,101837,,,,N,
100772,Contact,103779,yara.ford@demomail.test,Diego Silva,2026-01-09 06:36:00,arjun.patel@acme-fake.test,Casey Whitfield,2023-06-30 06:54:00,reese.haddad@sampleco.test,Jamie Reyes,2025-10-28 20:12:00,jamie.silva@acme-fake.test,Casey Ivanov,2026-01-29 07:17:00,Y,Morgan Rossi,Morgan Okafor,Fatima Okafor,REF-7563,Payroll Specialist,,,,,,,,TAG-1189,LOT-5562,fatima.okafor@acme-fake.test,,,,Active,100333,,100161,,100452,,,,,100020,,,Gamma,100060,,,Beta,100632,,,skyler.costa@sampleco.test,nina.silva@examplecorp.test,Product Update,100097,Pioneer Labs Group,,100670,,,,,,,101808,,,,Y,
100165,Contact,103782,reese.vance@sampleco.test,Quinn Costa,2026-07-17 20:24:00,liam.kim@examplecorp.test,Quinn Vance,2026-06-01 02:06:00,emerson.kim@examplecorp.test,Taylor Cohen,2026-02-12 15:27:00,skyler.brooks@sampleco.test,Yara Sloan,2023-07-23 15:43:00,N,Drew Cohen,Diego Sato,Rahul Garcia,REF-3743,Financial Analyst,,,,,,,538,,SKU-5677,rahul.garcia@examplecorp.test,,,,Inactive,100141,,100503,,100090,SKU-3293,,,,100708,,,Standard,100771,,,Beta,100531,,,rahul.ashby@sampleco.test,emerson.sato@acme-fake.test,Product Update,100500,Cardinal Retail Corp,,,,,1,,,,,,,,N,
100117,Contact,103784,yara.costa@demomail.test,Morgan Dorsey,2023-11-13 19:36:00,marco.vance@examplecorp.test,Jordan Mercer,2024-02-19 17:14:00,noah.garcia@examplecorp.test,Avery Reyes,2025-09-26 20:42:00,noah.patel@sampleco.test,Chen Dorsey,2025-07-25 03:02:00,N,Mei Vance,Alex Whitfield,Noah Calder,TAG-8256,Payroll Specialist,,,,,,,,,TAG-8588,noah.calder@examplecorp.test,,,,Inactive,100511,100099,100641,,100134,,,,,,,100555,Standard,100758,,,Delta,100403,100596,,chen.calder@demomail.test,noah.ashby@demomail.test,Product Update,100168,Silverline Retail Ltd,,,,,,,,,101863,,,,N,
100310,Contact,103786,fatima.garcia@demomail.test,Elena Dorsey,2026-07-03 01:02:00,noah.nguyen@sampleco.test,Drew Sato,2024-09-15 15:13:00,noah.garcia@sampleco.test,Liam Calder,2023-01-15 01:59:00,skyler.nguyen@sampleco.test,Diego Vance,2025-03-22 09:52:00,Y,Avery Blake,Drew Brooks,Avery Blake,TAG-5301,Recruiter,,,,,,,,,REF-5582,avery.blake@acme-fake.test,,,,Active,100023,100229,100308,100034,,,,,,,,100029,Gamma,100277,,,Delta,,100625,,jamie.ivanov@demomail.test,priya.whitfield@acme-fake.test,Product Update,100005,,Delta,100148,,,,,,,101841,,,,Y,
100513,Contact,103788,liam.haddad@examplecorp.test,Casey Sloan,2026-03-07 22:45:00,emerson.silva@acme-fake.test,Chen Nguyen,2022-11-16 23:31:00,taylor.ford@acme-fake.test,Aisha Cohen,2022-11-13 04:06:00,elena.larsson@examplecorp.test,Omar Mercer,2024-04-22 07:45:00,N,Emerson Cohen,Nina Garcia,Jamie Patel,TAG-4269,HR Generalist,,,,,,,,,SKU-4649,jamie.patel@examplecorp.test,,,,Inactive,100177,100371,100738,100782,,,,,,100712,,,Beta,100107,,,Other,,,,aisha.patel@examplecorp.test,jamie.costa@sampleco.test,Re-engagement,100069,Atlas Solutions Corp,,,,,,,,,,,,,,
100380,Contact,103790,emerson.ashby@examplecorp.test,Liam Nguyen,2026-03-29 21:06:00,omar.cohen@demomail.test,Nina Sloan,2023-04-08 10:03:00,priya.rossi@sampleco.test,Chen Ivanov,2023-12-28 11:24:00,emerson.dorsey@demomail.test,Reese Nguyen,2023-02-10 03:23:00,Y,Emerson Calder,Mei Mercer,Arjun Ashby,LOT-2772,Bookkeeper,,,,,,,,TAG-7949,LOT-3040,arjun.ashby@sampleco.test,,,,Active,,100526,100030,100462,,,,,,,,100455,Other,100016,,,Standard,,,,arjun.ashby@sampleco.test,fatima.reyes@acme-fake.test,Re-engagement,100374,,Alpha,100123,,,,,,,101786,,,,N,
100288,Contact,103792,marco.nguyen@demomail.test,Sofia Dorsey,2024-06-19 12:32:00,morgan.mercer@sampleco.test,Reese Sloan,2023-06-23 06:49:00,casey.ford@acme-fake.test,Nina Sloan,2023-04-21 15:35:00,quinn.larsson@sampleco.test,Chen Reyes,2024-12-24 13:22:00,Y,Morgan Larsson,Priya Cohen,Priya Reyes,SKU-9123,Executive Assistant,,,,,,,,,SKU-8768,priya.reyes@acme-fake.test,,,,Active,100376,100298,100652,100107,100280,,,,,100146,,100462,Other,100295,,,Standard,100610,,,taylor.rossi@examplecorp.test,drew.patel@demomail.test,Re-engagement,100782,Granite Partners Corp,Standard,,,,,,,,101838,,,,,
100523,Contact,103793,drew.larsson@examplecorp.test,Jamie Patel,2023-03-11 01:56:00,casey.mercer@demomail.test,Sofia Ivanov,2024-04-10 02:13:00,morgan.nguyen@demomail.test,Noah Mensah,2023-01-27 16:56:00,aisha.brooks@sampleco.test,Drew Larsson,2026-07-05 15:03:00,N,Jamie Silva,Liam Reyes,Casey Kim,LOT-7693,Customer Success Manager,,,,,,,,REF-3677,SKU-4313,casey.kim@sampleco.test,,,,Inactive,,100240,100368,100469,100309,,,,,100571,,,Delta,100552,,,Alpha,100359,,,drew.nguyen@demomail.test,noah.ashby@acme-fake.test,Product Update,100171,,,100171,,,,,,,101808,,,,,
100484,Contact,103796,taylor.ivanov@examplecorp.test,Omar Dorsey,2025-11-27 17:25:00,reese.ashby@examplecorp.test,Chen Dorsey,2024-04-14 13:36:00,rahul.whitfield@sampleco.test,Drew Ivanov,2023-07-20 09:22:00,omar.whitfield@sampleco.test,Reese Calder,2023-11-03 11:10:00,Y,Casey Sloan,Nina Blake,Emerson Ivanov,REF-3064,Payroll Specialist,,,,,,,,,SKU-7649,emerson.ivanov@examplecorp.test,,,,Active,100203,,100646,100301,100236,,,,,100302,,,Standard,100288,,,,100042,,,chen.dorsey@demomail.test,jamie.ashby@acme-fake.test,Product Update,100573,,Beta,,,,,,,,,,,,N,
100123,Contact,103797,chen.nguyen@examplecorp.test,Fatima Ashby,2022-10-08 20:19:00,marco.patel@acme-fake.test,Casey Garcia,2025-05-11 14:46:00,quinn.kim@demomail.test,Omar Mensah,2022-11-03 20:56:00,taylor.vance@sampleco.test,Avery Cohen,2022-11-11 07:47:00,Y,Noah Reyes,Fatima Reyes,Casey Mercer,LOT-2555,Support Specialist,,,,,,,,,TAG-2340,casey.mercer@sampleco.test,,,,Active,,100408,100582,,,,,,,100481,,100749,Other,100049,,,Other,100185,100041,,elena.ashby@acme-fake.test,avery.okafor@acme-fake.test,Product Update,100482,,,100380,,,,,,,101797,,,,Y,N
100269,Contact,103798,chen.larsson@demomail.test,Jordan Silva,2022-10-16 18:28:00,morgan.kim@sampleco.test,Arjun Okafor,2024-04-12 09:28:00,noah.calder@demomail.test,Mei Silva,2023-10-05 00:37:00,rowan.calder@sampleco.test,Rowan Haddad,2024-03-27 17:29:00,Y,Riley Brooks,Avery Dorsey,Noah Okafor,TAG-9921,Executive Assistant,,,,,Beta,,,SKU-1002,SKU-8984,noah.okafor@acme-fake.test,,,,Active,100106,100723,100803,100254,100628,REF-2942,,,,100527,,,Alpha,100359,,,,100120,,,rahul.sato@demomail.test,avery.dorsey@acme-fake.test,Quarterly Newsletter,100620,,,,,,,,,,101873,,,,,
100331,Contact,103799,jordan.sato@sampleco.test,Jamie Vance,2023-07-04 15:35:00,drew.mercer@examplecorp.test,Aisha Kim,2025-10-09 20:40:00,alex.brooks@sampleco.test,Diego Larsson,2025-06-18 13:23:00,yara.sloan@sampleco.test,Skyler Brooks,2023-11-08 03:03:00,Y,Priya Mensah,Priya Nguyen,Skyler Garcia,REF-9037,Project Manager,,,,,,,,TAG-1436,LOT-7008,skyler.garcia@acme-fake.test,,,,Active,,100076,100386,100437,100767,,,,,100546,,,Other,100722,,,,100615,100617,,diego.vance@examplecorp.test,avery.reyes@demomail.test,Re-engagement,100459,,,100343,,,,0,,,101834,,,,Y,
100046,Contact,103800,riley.vance@examplecorp.test,Mei Sloan,2025-04-30 10:19:00,morgan.sloan@examplecorp.test,Mei Blake,2024-01-12 04:37:00,diego.vance@acme-fake.test,Diego Okafor,2023-11-21 09:06:00,omar.kim@demomail.test,Omar Mercer,2023-12-07 09:51:00,N,Riley Ashby,Alex Rossi,Drew Larsson,REF-2985,HR Generalist,,,,,,,,,SKU-5786,drew.larsson@sampleco.test,,,,Inactive,100506,100788,100248,100746,,,,,,100704,,100786,Alpha,100295,,,Other,100760,100637,,jordan.mercer@sampleco.test,quinn.brooks@sampleco.test,Quarterly Newsletter,100788,Northwind Analytics Corp,,100008,,,,,,,101804,,,,,
100101,Contact,103803,aisha.ford@examplecorp.test,Liam Sloan,2023-08-11 22:37:00,mei.rossi@demomail.test,Priya Mensah,2023-03-14 04:11:00,alex.silva@sampleco.test,Jordan Kim,2023-02-28 15:46:00,morgan.silva@sampleco.test,Jamie Cohen,2025-11-01 06:03:00,N,Quinn Ivanov,Omar Ford,Diego Rossi,REF-8983,Marketing Coordinator,,,,,,,,,REF-7943,diego.rossi@examplecorp.test,,,,Inactive,100610,100475,100527,100213,100672,,,,,100104,,100513,Alpha,100366,,,Gamma,100552,100661,,alex.dorsey@examplecorp.test,taylor.whitfield@acme-fake.test,Renewal Nudge,100418,,Other,100376,,,,,,,101837,N,,,Y,
100073,Contact,103805,liam.blake@sampleco.test,Liam Blake,2025-12-27 16:06:00,chen.silva@sampleco.test,Nina Vance,2024-11-06 22:02:00,yara.sloan@demomail.test,Morgan Patel,2024-10-23 14:58:00,riley.nguyen@examplecorp.test,Aisha Ashby,2024-08-14 02:06:00,Y,Jamie Sato,Noah Silva,Skyler Ashby,SKU-5369,Bookkeeper,,,,,,,,,SKU-6950,skyler.ashby@sampleco.test,,,,Active,100391,100759,100359,100405,100770,,,,,,,,Beta,100016,,Y,,,,,jordan.vance@demomail.test,skyler.dorsey@examplecorp.test,Product Update,100158,,,100555,,,,,,,101832,,,,N,
100582,Contact,103807,omar.reyes@demomail.test,Arjun Patel,2023-05-02 02:49:00,noah.silva@sampleco.test,Arjun Reyes,2023-07-17 21:20:00,taylor.rossi@sampleco.test,Rahul Reyes,2025-06-02 20:24:00,sofia.ivanov@acme-fake.test,Fatima Larsson,2023-09-18 21:18:00,Y,Elena Haddad,Marco Brooks,Yara Ashby,TAG-6307,Payroll Specialist,,,,Other,,TAG-9416,,,LOT-4765,yara.ashby@acme-fake.test,,,,Active,100203,,100645,100139,,,,,,100654,,100440,Gamma,100593,,,Standard,100097,100172,,elena.silva@sampleco.test,sofia.ashby@examplecorp.test,Product Update,100269,Silverline Health Inc,,,,,,,,,101814,,,,,
100008,Contact,103808,casey.patel@acme-fake.test,Alex Mercer,2026-01-27 02:27:00,alex.okafor@demomail.test,Reese Mensah,2025-10-30 09:45:00,emerson.blake@examplecorp.test,Priya Okafor,2024-05-18 04:36:00,emerson.okafor@examplecorp.test,Yara Costa,2025-09-01 10:40:00,Y,Chen Ford,Yara Kim,Rowan Nguyen,TAG-4846,Support Specialist,,,,,Beta,,,,LOT-4090,rowan.nguyen@acme-fake.test,,,,Active,100520,,100280,,,,,,,100473,,100770,Alpha,100569,,,Delta,100418,,,yara.reyes@sampleco.test,reese.kim@sampleco.test,Event Invite,100302,,Other,100058,,,,,,,101843,,,,N,
100034,Contact,103811,marco.patel@acme-fake.test,Skyler Blake,2024-10-29 15:20:00,fatima.patel@examplecorp.test,Drew Reyes,2026-05-26 14:45:00,arjun.mensah@demomail.test,Liam Mercer,2024-04-09 05:46:00,elena.garcia@examplecorp.test,Quinn Kim,2023-08-29 15:22:00,Y,Yara Dorsey,Rahul Brooks,Priya Larsson,TAG-8412,QA Engineer,,,,,,,,,LOT-6888,priya.larsson@acme-fake.test,,,,Active,,,100275,100486,100023,,,,,100058,,,Beta,100383,,N,,,,,marco.whitfield@sampleco.test,mei.whitfield@acme-fake.test,Product Update,100497,Copper Manufacturing Group,,100086,,,,,,,,,,,,
100340,Contact,103814,alex.cohen@demomail.test,Nina Mensah,2022-10-21 15:01:00,quinn.costa@acme-fake.test,Aisha Reyes,2023-09-25 14:15:00,quinn.mercer@demomail.test,Quinn Nguyen,2023-10-15 08:10:00,drew.calder@sampleco.test,Mei Costa,2025-12-31 12:51:00,N,Jamie Rossi,Arjun Mensah,Omar Dorsey,SKU-6869,Payroll Specialist,,,,,,,,LOT-2182,REF-1140,omar.dorsey@acme-fake.test,,,,Inactive,,100208,100667,,100293,,,,,100171,,,Beta,100017,,,Beta,100111,100323,,jamie.patel@acme-fake.test,priya.rossi@demomail.test,Product Update,100040,,,100597,,,,,,,,,,,,
100380,Contact,103815,noah.calder@sampleco.test,Fatima Haddad,2026-02-08 20:31:00,skyler.sato@examplecorp.test,Riley Okafor,2025-02-03 08:39:00,morgan.blake@acme-fake.test,Alex Nguyen,2026-02-08 10:25:00,reese.garcia@demomail.test,Casey Whitfield,2022-11-28 02:07:00,Y,Drew Haddad,Yara Reyes,Jamie Patel,REF-9926,Financial Analyst,,,,,Delta,,,,SKU-8029,jamie.patel@examplecorp.test,,,,Active,100793,100040,100302,100796,,,,,,,,,Beta,100554,,,Beta,,100190,,morgan.silva@sampleco.test,nina.rossi@demomail.test,Renewal Nudge,100014,,,,,,,,,,101846,N,,,Y,
100405,Contact,103817,jamie.garcia@demomail.test,Elena Okafor,2024-08-16 15:52:00,fatima.ford@acme-fake.test,Casey Sloan,2024-07-31 13:29:00,priya.haddad@sampleco.test,Arjun Cohen,2024-11-27 07:09:00,aisha.blake@sampleco.test,Yara Rossi,2023-01-23 18:16:00,Y,Priya Sato,Emerson Silva,Priya Sloan,TAG-7827,Support Specialist,,,,,,,,SKU-6764,LOT-5938,priya.sloan@acme-fake.test,,,,Active,100676,100642,100332,100075,100717,,,,,100309,,100542,Other,100280,,,,100551,,,quinn.kim@acme-fake.test,nina.okafor@acme-fake.test,Event Invite,100485,Northwind Dynamics Ltd,,,,,,10,,,,N,,,Y,
100286,Contact,103820,diego.ashby@examplecorp.test,Noah Silva,2023-12-05 16:02:00,nina.ivanov@examplecorp.test,Morgan Dorsey,2023-01-15 09:53:00,avery.haddad@acme-fake.test,Riley Costa,2025-01-26 12:24:00,priya.nguyen@examplecorp.test,Quinn Ford,2025-02-09 02:01:00,N,Rahul Reyes,Liam Cohen,Sofia Brooks,LOT-1063,Executive Assistant,,,,,,,,,REF-3878,sofia.brooks@demomail.test,,,,Inactive,100532,100560,100568,100285,100242,,,,,100625,,100212,Delta,100473,,,,100624,100573,,chen.kim@sampleco.test,riley.calder@acme-fake.test,Event Invite,100286,,Standard,,,,,,,,101830,,,,Y,
100498,Contact,103823,quinn.mensah@examplecorp.test,Alex Brooks,2023-04-29 19:12:00,yara.whitfield@sampleco.test,Jordan Vance,2024-01-13 21:35:00,rowan.garcia@demomail.test,Diego Patel,2026-05-05 17:15:00,arjun.silva@examplecorp.test,Yara Whitfield,2026-04-25 16:35:00,N,Arjun Silva,Casey Mercer,Reese Ashby,TAG-2866,Customer Success Manager,,,,Other,,,,,LOT-4358,reese.ashby@sampleco.test,,,,Inactive,100631,100552,100692,100610,,,,,,,,100434,Other,100229,,,Gamma,100398,100223,,liam.rossi@examplecorp.test,fatima.costa@acme-fake.test,Product Update,100642,Delta Systems Ltd,,,,,,,,,,,,,Y,
100063,Contact,103826,priya.mensah@demomail.test,Avery Ashby,2026-03-26 20:45:00,mei.garcia@demomail.test,Alex Ford,2024-03-20 06:35:00,mei.okafor@examplecorp.test,Emerson Mercer,2022-10-28 12:34:00,liam.calder@demomail.test,Skyler Garcia,2025-06-11 02:15:00,Y,Alex Dorsey,Nina Nguyen,Riley Nguyen,LOT-8246,HR Generalist,,,,,,,7635,LOT-2744,TAG-7134,riley.nguyen@acme-fake.test,,,,Active,100058,100462,100240,,,TAG-8213,,,,,,100352,Beta,100111,,,Alpha,,100792,,jordan.garcia@demomail.test,taylor.brooks@sampleco.test,Quarterly Newsletter,100530,Lakeside Analytics Group,Other,100563,,,,,,,,,,,,
100134,Contact,103828,elena.kim@acme-fake.test,Liam Ivanov,2023-10-16 07:14:00,aisha.reyes@acme-fake.test,Drew Okafor,2025-03-01 09:14:00,elena.reyes@demomail.test,Liam Sloan,2023-03-31 14:18:00,elena.rossi@demomail.test,Diego Rossi,2023-11-12 08:05:00,Y,Rahul Larsson,Yara Vance,Noah Nguyen,SKU-8488,Accountant,,,,,,,,,REF-1122,noah.nguyen@acme-fake.test,,,,Active,,100076,100134,100374,,,,,,,,,Alpha,100255,,,Delta,,100010,,quinn.mercer@examplecorp.test,skyler.ivanov@examplecorp.test,Re-engagement,100190,,Standard,100251,,,,,,,101841,N,,,,
100076,Contact,103831,jamie.reyes@acme-fake.test,Elena Reyes,2024-01-03 10:33:00,arjun.rossi@sampleco.test,Morgan Garcia,2023-01-09 21:09:00,marco.silva@examplecorp.test,Rahul Cohen,2025-08-09 23:13:00,avery.cohen@sampleco.test,Reese Ford,2023-04-25 08:06:00,Y,Mei Kim,Elena Calder,Aisha Kim,REF-7048,Recruiter,,TAG-4954,,,,,6741,,TAG-4535,aisha.kim@acme-fake.test,,,,Active,,100613,100132,100798,,LOT-2847,,,,100073,,100234,Gamma,100192,,,,100551,100104,,yara.haddad@examplecorp.test,quinn.nguyen@demomail.test,Renewal Nudge,100009,,Beta,,,,,,,,101839,,,,,
100240,Contact,103833,skyler.larsson@acme-fake.test,Fatima Okafor,2024-09-26 00:56:00,jamie.silva@sampleco.test,Riley Larsson,2026-02-08 03:21:00,fatima.sato@demomail.test,Casey Whitfield,2026-02-15 19:16:00,reese.larsson@examplecorp.test,Taylor Mercer,2025-05-16 17:13:00,Y,Emerson Brooks,Quinn Reyes,Mei Reyes,SKU-1357,Bookkeeper,,,,,,,,REF-8842,SKU-5871,mei.reyes@examplecorp.test,,,,Active,,,100366,,100496,SKU-8067,,,,100243,,,Delta,100316,,,,100462,100005,,avery.mensah@acme-fake.test,skyler.vance@demomail.test,Quarterly Newsletter,100673,Meridian Group LLP,Beta,,,,,,,,101859,,,,,
100046,Contact,103836,avery.ashby@sampleco.test,Riley Dorsey,2024-05-19 12:43:00,aisha.blake@acme-fake.test,Morgan Larsson,2025-07-09 02:36:00,aisha.dorsey@examplecorp.test,Avery Rossi,2025-06-13 08:34:00,skyler.garcia@examplecorp.test,Fatima Garcia,2023-02-13 08:18:00,Y,Jamie Sato,Skyler Garcia,Elena Rossi,TAG-1332,Marketing Coordinator,,,,,,,,,SKU-7675,elena.rossi@acme-fake.test,,,,Active,,,100498,,,,,,,100772,,100511,Alpha,100548,,,Standard,100014,100767,,casey.cohen@sampleco.test,chen.larsson@sampleco.test,Quarterly Newsletter,100126,Lakeside Retail Group,Beta,,,,,,,,,,,,Y,
100477,Contact,103839,fatima.kim@acme-fake.test,Noah Garcia,2025-08-01 22:09:00,morgan.dorsey@sampleco.test,Morgan Rossi,2023-04-26 12:12:00,quinn.mensah@sampleco.test,Arjun Brooks,2025-10-22 11:28:00,sofia.calder@sampleco.test,Priya Sloan,2024-03-27 23:47:00,N,Aisha Okafor,Marco Mensah,Skyler Haddad,REF-5225,HR Generalist,,,,Other,,REF-9806,,,REF-6357,skyler.haddad@examplecorp.test,,,,Inactive,100777,,100332,100517,,,,,,100485,,,Other,100234,,,,100741,,,sofia.cohen@demomail.test,omar.blake@examplecorp.test,Quarterly Newsletter,100227,Everest Media Corp,Alpha,,,,,,,,101841,,,,,N
100015,Contact,103840,rowan.haddad@examplecorp.test,Rahul Blake,2022-12-04 09:22:00,elena.vance@demomail.test,Mei Patel,2023-03-25 05:58:00,yara.sloan@acme-fake.test,Nina Calder,2023-01-15 05:02:00,marco.nguyen@examplecorp.test,Alex Haddad,2022-11-20 09:26:00,N,Casey Rossi,Liam Ashby,Noah Brooks,SKU-8302,Software Developer,,,,,,,,,LOT-7123,noah.brooks@examplecorp.test,,,,Inactive,,100238,100301,100153,,,,,,100091,,,Other,100388,,,Delta,100073,100107,,arjun.whitfield@examplecorp.test,yara.okafor@examplecorp.test,Renewal Nudge,100481,,Gamma,100569,,,,,,,101780,,,,,
100784,Contact,103843,yara.brooks@examplecorp.test,Casey Rossi,2025-04-07 08:24:00,yara.patel@examplecorp.test,Reese Mercer,2023-07-30 23:37:00,elena.okafor@acme-fake.test,Reese Ford,2023-02-07 11:26:00,chen.garcia@acme-fake.test,Emerson Vance,2025-04-08 03:21:00,Y,Elena Cohen,Emerson Ford,Omar Sato,SKU-6458,Project Manager,,,,,,,,,TAG-7999,omar.sato@acme-fake.test,,,,Active,100526,100063,100560,100731,100111,,,,,100500,,,Gamma,100141,,,Other,100649,,,priya.reyes@sampleco.test,omar.cohen@examplecorp.test,Event Invite,100080,,,100627,,,,,,,,,,,Y,
100741,Contact,103846,rahul.garcia@demomail.test,Quinn Dorsey,2023-03-15 08:26:00,arjun.mensah@demomail.test,Rahul Reyes,2024-05-09 00:31:00,yara.ashby@sampleco.test,Yara Ford,2024-02-14 06:27:00,jordan.mensah@sampleco.test,Drew Dorsey,2026-02-16 18:55:00,Y,Avery Ivanov,Priya Sato,Noah Patel,TAG-9536,Project Manager,,,,,,,,,REF-6643,noah.patel@demomail.test,,,,Active,100447,,100405,100568,100760,,,,,,,,Alpha,100579,,,,100171,100185,,omar.rossi@demomail.test,fatima.calder@examplecorp.test,Renewal Nudge,100760,Beacon Holdings LLC,Other,100142,,,,,,,101837,,,,N,
100726,Contact,103847,jordan.reyes@sampleco.test,Reese Okafor,2023-05-19 11:48:00,arjun.kim@sampleco.test,Jamie Costa,2025-06-28 15:01:00,noah.nguyen@demomail.test,Noah Sloan,2023-09-03 04:51:00,riley.haddad@sampleco.test,Nina Mercer,2026-04-05 11:43:00,Y,Arjun Rossi,Emerson Larsson,Quinn Patel,SKU-6059,Payroll Specialist,,,,,,,,,LOT-9652,quinn.patel@acme-fake.test,,,,Active,,,100322,,100173,LOT-6085,,,,,,,Delta,100684,,,,100603,100445,,skyler.garcia@examplecorp.test,riley.blake@examplecorp.test,Re-engagement,100709,,,,,,,,,,101873,,,,,
100784,Contact,103849,omar.whitfield@examplecorp.test,Chen Vance,2025-12-01 01:50:00,arjun.haddad@demomail.test,Mei Nguyen,2024-09-05 16:57:00,avery.vance@sampleco.test,Taylor Brooks,2023-11-06 17:26:00,casey.brooks@acme-fake.test,Yara Rossi,2023-05-09 22:17:00,Y,Liam Larsson,Emerson Silva,Marco Vance,SKU-1070,Data Analyst,,,,,Gamma,,,SKU-9633,LOT-2668,marco.vance@acme-fake.test,,,,Active,100457,100389,100129,100382,,,,,,100656,,100245,Standard,100627,,,,100560,,,liam.patel@acme-fake.test,rahul.ford@acme-fake.test,Quarterly Newsletter,100208,Pioneer Financial Ltd,,,,,,,,,,,,,,
100497,Contact,103851,elena.calder@sampleco.test,Rowan Rossi,2024-05-12 08:13:00,rowan.silva@demomail.test,Quinn Vance,2025-03-19 16:29:00,diego.ford@sampleco.test,Sofia Brooks,2023-08-01 23:39:00,yara.cohen@demomail.test,Mei Mercer,2026-01-08 08:17:00,Y,Avery Cohen,Yara Sato,Chen Vance,TAG-6827,HR Generalist,,,,Beta,Standard,,,SKU-2196,REF-7124,chen.vance@acme-fake.test,,,,Active,100025,100712,100176,100172,,,,,,,,100750,Alpha,100498,,,,,100319,,fatima.kim@sampleco.test,noah.mensah@examplecorp.test,Product Update,100236,Keystone Robotics LLP,,100042,,,,,,,101790,,,,,
100688,Contact,103852,mei.reyes@examplecorp.test,Casey Patel,2025-12-08 07:26:00,rahul.sato@acme-fake.test,Casey Reyes,2026-05-15 15:53:00,priya.silva@demomail.test,Sofia Mensah,2023-05-09 18:21:00,elena.mercer@examplecorp.test,Jordan Calder,2024-09-28 19:27:00,Y,Liam Ashby,Diego Sloan,Marco Ford,REF-9796,Bookkeeper,,,,Beta,,,,SKU-9940,SKU-2802,marco.ford@examplecorp.test,,,,Active,100101,100063,100792,100277,100042,,,,,,,100620,Alpha,100122,,,Beta,,100456,,morgan.costa@demomail.test,noah.dorsey@sampleco.test,Event Invite,100076,Cardinal Logistics LLP,,100538,,,,,,,101832,,,,,
100254,Contact,103854,mei.sloan@acme-fake.test,Rowan Costa,2023-09-17 00:10:00,diego.brooks@acme-fake.test,Jordan Mercer,2025-07-30 20:39:00,avery.sato@sampleco.test,Noah Ford,2024-06-10 01:42:00,liam.costa@examplecorp.test,Rowan Ashby,2022-12-04 14:38:00,Y,Yara Cohen,Arjun Calder,Casey Ashby,TAG-3856,Software Developer,,,,Alpha,,,,,TAG-7980,casey.ashby@demomail.test,,,,Active,,100661,100591,100215,100543,,,,,100298,,100569,Delta,100742,,,,,,,quinn.brooks@sampleco.test,elena.ivanov@examplecorp.test,Renewal Nudge,100049,Lakeside Foods Inc,Gamma,100391,,,,,,,101783,,,,N,
100642,Contact,103856,yara.okafor@sampleco.test,Arjun Mensah,2024-03-10 16:12:00,casey.sato@sampleco.test,Skyler Blake,2023-01-31 12:56:00,aisha.haddad@examplecorp.test,Taylor Ashby,2024-05-13 19:48:00,chen.mercer@demomail.test,Priya Brooks,2024-09-24 21:03:00,Y,Casey Silva,Elena Calder,Liam Ashby,SKU-5776,Project Manager,,,,,,,,,TAG-7183,liam.ashby@demomail.test,,,,Active,100774,,100576,,,,,,,,,100634,Standard,100189,,,,,,,fatima.ashby@examplecorp.test,diego.vance@demomail.test,Event Invite,100705,Vertex Health Corp,Standard,100120,,,,,,,,,,,,N
100786,Contact,103857,morgan.dorsey@sampleco.test,Mei Garcia,2024-05-01 01:48:00,omar.ashby@acme-fake.test,Casey Larsson,2024-11-30 19:55:00,fatima.vance@acme-fake.test,Rowan Calder,2025-02-21 14:54:00,alex.ashby@acme-fake.test,Alex Sato,2026-04-24 23:27:00,Y,Jamie Mensah,Diego Okafor,Skyler Haddad,TAG-5038,Recruiter,,,,,,,,,LOT-1791,skyler.haddad@acme-fake.test,,,,Active,,100269,100236,100497,100329,,,,,,,100192,Other,100632,,,Gamma,100351,100742,,noah.dorsey@acme-fake.test,yara.sloan@demomail.test,Renewal Nudge,100642,,,100457,,,,,,,,N,,,Y,
100729,Contact,103860,casey.blake@demomail.test,Casey Kim,2025-07-06 07:09:00,arjun.blake@demomail.test,Emerson Okafor,2026-05-14 14:34:00,alex.blake@examplecorp.test,Arjun Reyes,2023-02-06 14:36:00,elena.ford@sampleco.test,Quinn Okafor,2024-09-02 17:22:00,Y,Marco Rossi,Jordan Rossi,Alex Whitfield,SKU-1830,Marketing Coordinator,,,,Standard,,,,,TAG-2647,alex.whitfield@demomail.test,,,,Active,,100339,100343,100485,,REF-1741,,,,100400,,100676,Alpha,100215,,,Beta,100607,100617,,alex.whitfield@examplecorp.test,rowan.mercer@sampleco.test,Event Invite,100642,Meridian Partners Group,,100424,,,,,,,,,,,N,N
100308,Contact,103863,chen.blake@acme-fake.test,Skyler Mensah,2026-03-09 12:50:00,nina.whitfield@demomail.test,Morgan Cohen,2024-08-23 22:03:00,nina.ivanov@examplecorp.test,Reese Blake,2026-03-11 07:19:00,omar.kim@examplecorp.test,Priya Cohen,2026-03-02 16:42:00,Y,Riley Nguyen,Alex Ashby,Jordan Haddad,SKU-4487,Marketing Coordinator,,,,Beta,,,,,SKU-3990,jordan.haddad@demomail.test,,,,Active,,100229,100705,100673,100254,,,,,100658,,,Delta,100690,,,Delta,100113,100070,,liam.patel@acme-fake.test,priya.garcia@examplecorp.test,Product Update,100029,,,,,,,,,,101838,,,,,
100325,Contact,103864,mei.reyes@acme-fake.test,Mei Garcia,2026-04-10 08:22:00,skyler.sato@demomail.test,Rowan Patel,2024-07-16 05:52:00,marco.silva@acme-fake.test,Chen Kim,2025-12-06 11:36:00,rowan.mensah@examplecorp.test,Diego Haddad,2025-12-02 20:15:00,N,Marco Sato,Reese Brooks,Sofia Whitfield,REF-6946,Project Manager,,,,,,,,TAG-6007,REF-7075,sofia.whitfield@acme-fake.test,,,,Inactive,,100156,100690,100262,100784,,,,,100142,,100487,Alpha,100582,,,Gamma,100215,,,chen.sloan@demomail.test,skyler.ford@examplecorp.test,Event Invite,100552,,Standard,100753,,,,,,,101869,,,,Y,
100070,Contact,103867,yara.patel@sampleco.test,Chen Whitfield,2025-09-14 12:00:00,chen.silva@sampleco.test,Rahul Sloan,2022-10-18 18:21:00,yara.vance@sampleco.test,Jamie Ivanov,2025-04-04 01:35:00,alex.whitfield@demomail.test,Taylor Larsson,2023-07-21 18:06:00,Y,Drew Brooks,Reese Patel,Rowan Haddad,LOT-1914,Payroll Specialist,,,,,,,,,TAG-1450,rowan.haddad@acme-fake.test,,,,Active,100627,,100053,,100186,,,,,,,100066,Beta,100455,,,Standard,100009,,,diego.sato@examplecorp.test,jamie.dorsey@examplecorp.test,Renewal Nudge,100800,Blue Ridge Energy Corp,,100658,,,,,,,,,,,N,
100417,Contact,103868,elena.sato@examplecorp.test,Liam Cohen,2025-07-21 20:54:00,noah.brooks@sampleco.test,Nina Sloan,2024-11-20 06:19:00,skyler.ivanov@acme-fake.test,Diego Mensah,2025-10-30 23:25:00,chen.calder@sampleco.test,Omar Mercer,2024-08-30 05:09:00,Y,Nina Mercer,Marco Nguyen,Aisha Brooks,REF-7069,Customer Success Manager,,,,Standard,,,,REF-2472,REF-3240,aisha.brooks@examplecorp.test,,,,Active,,100702,100447,100487,100106,,,,,,,100136,Standard,100735,,,Standard,,,,arjun.patel@demomail.test,liam.silva@demomail.test,Quarterly Newsletter,100139,,Alpha,,,,,,,,101837,,,,Y,
100203,Contact,103871,jordan.blake@demomail.test,Jamie Mercer,2024-06-05 11:33:00,riley.blake@acme-fake.test,Elena Cohen,2023-09-28 11:51:00,liam.ivanov@demomail.test,Mei Ivanov,2026-04-25 20:27:00,omar.rossi@acme-fake.test,Marco Vance,2026-07-09 02:59:00,Y,Nina Larsson,Jordan Rossi,Liam Calder,TAG-2032,HR Generalist,,,Gamma,,,,,,REF-9654,liam.calder@acme-fake.test,,,,Active,100005,,100421,100692,100066,,,,,,,,Gamma,100543,,,Alpha,,100551,,skyler.patel@examplecorp.test,skyler.sloan@examplecorp.test,Product Update,100003,,,100750,,,,,,,,,,,Y,
100565,Contact,103872,alex.nguyen@sampleco.test,Emerson Haddad,2026-07-12 10:46:00,sofia.ashby@acme-fake.test,Marco Haddad,2024-04-01 09:00:00,priya.sato@sampleco.test,Avery Ford,2023-04-09 15:28:00,yara.larsson@examplecorp.test,Rowan Whitfield,2026-06-28 20:33:00,N,Riley Ford,Aisha Mensah,Skyler Larsson,REF-7803,Project Manager,,,Standard,,Delta,REF-9665,,,LOT-8580,skyler.larsson@sampleco.test,,,,Inactive,100176,,100667,,,,,,,100029,,,Alpha,100720,,,Standard,,100269,,aisha.garcia@sampleco.test,chen.sloan@acme-fake.test,Product Update,100685,Horizon Industries Group,Alpha,,,,0,,,,101841,,,,Y,
100241,Contact,103873,elena.whitfield@acme-fake.test,Noah Patel,2024-02-02 14:13:00,marco.whitfield@demomail.test,Drew Ivanov,2025-03-15 08:19:00,emerson.silva@acme-fake.test,Reese Vance,2023-05-20 21:13:00,reese.nguyen@demomail.test,Morgan Mensah,2024-06-17 11:45:00,Y,Emerson Brooks,Fatima Dorsey,Mei Cohen,REF-7601,Executive Assistant,,,,,Standard,,,,REF-8444,mei.cohen@sampleco.test,,,,Active,,100607,100017,100771,100322,LOT-4707,,,,100070,,,Beta,100726,,,Delta,100692,100280,,casey.larsson@examplecorp.test,elena.whitfield@demomail.test,Renewal Nudge,100139,Vertex Ventures Group,,,,,,,,,101870,N,,,N,
100579,Contact,103874,diego.ashby@acme-fake.test,Reese Dorsey,2023-05-18 18:25:00,rahul.cohen@acme-fake.test,Quinn Whitfield,2022-12-04 07:53:00,rahul.brooks@sampleco.test,Omar Mercer,2026-04-02 08:49:00,taylor.rossi@examplecorp.test,Chen Calder,2024-03-21 02:46:00,Y,Chen Cohen,Jordan Silva,Drew Sato,TAG-6645,Bookkeeper,,,,,,,,,SKU-2727,drew.sato@examplecorp.test,,,,Active,100542,100238,100058,,100796,,,,,100642,,,Other,100366,,,Standard,,100331,,quinn.sloan@sampleco.test,jamie.reyes@acme-fake.test,Renewal Nudge,100386,Granite Labs Inc,,,,,,,,,101830,,,,Y,
100119,Contact,103875,drew.ashby@examplecorp.test,Liam Sato,2023-03-23 18:40:00,morgan.reyes@acme-fake.test,Jamie Vance,2026-03-22 13:10:00,chen.ivanov@acme-fake.test,Taylor Larsson,2023-09-07 00:35:00,marco.whitfield@demomail.test,Fatima Kim,2026-02-18 19:11:00,Y,Morgan Ivanov,Rahul Nguyen,Jamie Patel,TAG-2845,Software Developer,,,,,,,,,SKU-7382,jamie.patel@acme-fake.test,,,,Active,100482,100009,100535,100257,100366,TAG-4577,,,,100119,,100667,Other,100383,,,Gamma,,100066,,alex.mensah@acme-fake.test,reese.nguyen@examplecorp.test,Re-engagement,100530,Northwind Holdings Ltd,,100593,,,,,,,101805,,,,,
100049,Contact,103878,liam.costa@sampleco.test,Quinn Mensah,2025-10-16 17:41:00,quinn.silva@acme-fake.test,Casey Vance,2024-07-21 01:42:00,diego.mensah@acme-fake.test,Omar Vance,2026-07-23 09:41:00,mei.garcia@acme-fake.test,Taylor Costa,2023-01-09 06:00:00,N,Alex Calder,Omar Silva,Yara Mensah,TAG-6561,Executive Assistant,,,,Delta,,,,,TAG-7101,yara.mensah@demomail.test,,,,Inactive,100177,,100637,100382,100559,,,,,100452,,100086,Other,100275,,,Delta,,100066,,noah.whitfield@sampleco.test,jordan.rossi@examplecorp.test,Quarterly Newsletter,100704,Pioneer Group Co,,,,,,,,,,,,,,
100126,Contact,103880,avery.sloan@examplecorp.test,Mei Calder,2026-01-12 14:09:00,chen.rossi@sampleco.test,Casey Costa,2025-06-12 15:43:00,emerson.haddad@demomail.test,Sofia Patel,2025-08-27 23:11:00,priya.whitfield@sampleco.test,Elena Sloan,2023-06-10 12:59:00,N,Liam Reyes,Chen Vance,Priya Ford,REF-4796,Software Developer,,SKU-6320,,,,,,,TAG-8933,priya.ford@sampleco.test,,,,Inactive,100010,,100259,100141,,TAG-3148,,,,100080,,,Alpha,100173,,,Alpha,100391,100579,,aisha.blake@demomail.test,skyler.vance@sampleco.test,Event Invite,100164,Pioneer Energy LLP,Standard,100467,,1,,,,,101821,,,,Y,N
100424,Contact,103883,fatima.blake@demomail.test,Omar Cohen,2025-04-17 02:00:00,casey.okafor@acme-fake.test,Skyler Ashby,2024-03-16 07:55:00,quinn.reyes@demomail.test,Yara Ivanov,2024-03-01 06:12:00,emerson.garcia@sampleco.test,Omar Silva,2025-03-25 12:30:00,N,Taylor Whitfield,Jamie Ivanov,Skyler Garcia,TAG-9093,Project Manager,,,,,,,,,SKU-1519,skyler.garcia@acme-fake.test,,,,Inactive,,,100645,100044,,,,,,,,100168,Delta,100673,,,Other,,,,nina.silva@acme-fake.test,aisha.larsson@examplecorp.test,Event Invite,100288,,Beta,100323,,,,,,,101785,,,,N,
100189,Contact,103886,morgan.whitfield@acme-fake.test,Casey Costa,2025-01-15 05:33:00,rowan.blake@sampleco.test,Diego Dorsey,2022-11-19 06:21:00,omar.calder@acme-fake.test,Liam Cohen,2025-05-21 17:52:00,rahul.ivanov@demomail.test,Alex Rossi,2023-10-20 14:51:00,Y,Arjun Nguyen,Diego Haddad,Taylor Blake,,Executive Assistant,,,,,,,,,REF-3145,taylor.blake@acme-fake.test,,,,Active,,100265,100774,100097,100286,,,,,,,100111,Beta,100158,,,Delta,100447,100301,,aisha.silva@acme-fake.test,rahul.calder@examplecorp.test,Renewal Nudge,100382,Beacon Systems Corp,,100538,,,6,,,,101830,,,,,
100641,Contact,103887,riley.ford@demomail.test,Morgan Dorsey,2024-03-11 12:44:00,arjun.costa@acme-fake.test,Rowan Costa,2026-04-21 20:06:00,elena.reyes@demomail.test,Yara Mercer,2023-07-16 14:59:00,drew.haddad@sampleco.test,Casey Okafor,2025-04-24 17:57:00,Y,Yara Ashby,Elena Reyes,Alex Cohen,LOT-7920,Data Analyst,,,,,,,,,LOT-3181,alex.cohen@examplecorp.test,,,,Active,100652,100538,100485,100770,100203,,,,,100286,,,Delta,100370,,,Gamma,100485,100690,,marco.haddad@sampleco.test,omar.haddad@sampleco.test,Event Invite,100136,,,100309,,,,,,,,,,,,
100331,Contact,103889,reese.patel@demomail.test,Drew Sloan,2025-10-09 15:52:00,drew.ashby@demomail.test,Avery Reyes,2023-07-15 13:15:00,fatima.ford@sampleco.test,Alex Vance,2023-05-14 12:46:00,chen.okafor@sampleco.test,Reese Mercer,2023-10-14 21:35:00,Y,Diego Patel,Drew Larsson,Fatima Brooks,TAG-6389,Payroll Specialist,,,,,,,2078,,TAG-5053,fatima.brooks@acme-fake.test,,,,Active,100165,,100449,,,,,,,100415,,100242,Standard,100445,,,,100542,100188,,rowan.nguyen@sampleco.test,rahul.cohen@sampleco.test,Quarterly Newsletter,100086,,Beta,100741,,,,,,,101850,,,,,
100587,Contact,103892,fatima.calder@acme-fake.test,Quinn Costa,2024-07-05 18:53:00,morgan.garcia@demomail.test,Fatima Whitfield,2025-06-09 08:41:00,jamie.patel@acme-fake.test,Omar Nguyen,2026-04-19 13:38:00,arjun.ford@sampleco.test,Arjun Calder,2025-05-01 00:25:00,Y,Chen Blake,Aisha Kim,Nina Blake,SKU-9194,Executive Assistant,,,,,,,,,TAG-5573,nina.blake@examplecorp.test,,,,Active,,,100705,100236,100153,,,,,100413,,100681,Standard,100641,,,Beta,100731,,,jamie.dorsey@demomail.test,liam.cohen@acme-fake.test,Product Update,100477,,Other,,,,,0,,,101821,,,,,
100298,Contact,103895,aisha.kim@demomail.test,Aisha Dorsey,2024-04-13 13:55:00,casey.okafor@demomail.test,Omar Garcia,2024-12-22 06:04:00,reese.mensah@examplecorp.test,Priya Sato,2026-03-21 10:05:00,morgan.larsson@sampleco.test,Chen Okafor,2023-03-05 03:05:00,Y,Sofia Brooks,Quinn Okafor,Liam Whitfield,REF-9665,HR Generalist,,,,,,LOT-8958,,,SKU-3226,liam.whitfield@examplecorp.test,,,,Active,100003,100281,100184,100275,,,,,,100403,,,Other,100531,,N,,,,,casey.dorsey@demomail.test,rowan.okafor@examplecorp.test,Re-engagement,100139,,Standard,100076,,,,,,,101818,,,,,
100383,Contact,103898,diego.vance@examplecorp.test,Yara Brooks,2024-12-05 03:57:00,morgan.ivanov@acme-fake.test,Marco Kim,2025-01-11 12:57:00,diego.costa@demomail.test,Mei Okafor,2023-09-15 10:34:00,jamie.ford@acme-fake.test,Marco Blake,2023-07-27 12:11:00,Y,Skyler Ashby,Sofia Ashby,Aisha Dorsey,SKU-2036,Support Specialist,,,,,,,,,LOT-6142,aisha.dorsey@sampleco.test,,,,Active,,100215,100143,100475,,,,,,100345,,100511,Gamma,100464,,,Delta,100796,,,rahul.calder@acme-fake.test,aisha.patel@examplecorp.test,Quarterly Newsletter,100245,Cardinal Holdings LLP,Delta,,,,,6,,,101870,,,,,
100486,Contact,103901,fatima.garcia@acme-fake.test,Omar Haddad,2023-06-13 15:39:00,elena.garcia@acme-fake.test,Chen Patel,2024-08-29 16:30:00,riley.reyes@sampleco.test,Avery Brooks,2024-07-03 20:16:00,jordan.sato@demomail.test,Elena Costa,2022-12-17 04:32:00,Y,Noah Mensah,Rahul Reyes,Yara Costa,TAG-9501,Support Specialist,,,,,Beta,,,,LOT-8947,yara.costa@sampleco.test,,,,Active,100673,,100359,100532,,,,,,100771,,100800,Alpha,100729,,,Other,100484,,,riley.haddad@acme-fake.test,omar.sato@examplecorp.test,Renewal Nudge,100496,Redwood Analytics LLP,,100421,,,,2,,,101832,,,,,
100363,Contact,103902,drew.calder@acme-fake.test,Priya Dorsey,2023-06-20 23:26:00,jordan.costa@demomail.test,Morgan Brooks,2024-10-21 19:28:00,quinn.sloan@sampleco.test,Riley Sloan,2024-06-30 17:41:00,liam.brooks@acme-fake.test,Taylor Garcia,2023-03-10 10:40:00,N,Reese Cohen,Mei Ivanov,Skyler Ivanov,REF-7950,Data Analyst,,SKU-7291,,,Standard,,,,SKU-4465,skyler.ivanov@sampleco.test,,,,Inactive,100053,100591,100331,100800,100031,,,,,100587,,100410,Beta,100511,,,,,,,rowan.cohen@sampleco.test,alex.rossi@examplecorp.test,Event Invite,100262,,,100056,,,,,,,101851,,,,,
100197,Contact,103903,nina.ford@acme-fake.test,Fatima Sato,2026-03-25 01:12:00,nina.sloan@sampleco.test,Rahul Silva,2025-10-27 07:32:00,fatima.haddad@demomail.test,Mei Nguyen,2023-01-21 19:37:00,aisha.cohen@examplecorp.test,Skyler Brooks,2025-03-13 20:30:00,N,Priya Kim,Diego Mercer,Jamie Mensah,TAG-7360,Executive Assistant,,,,,,,6802,,SKU-8365,jamie.mensah@acme-fake.test,,,,Inactive,100457,100649,100342,,,,,,,,,,Beta,100051,,N,Alpha,100481,100506,,emerson.kim@examplecorp.test,emerson.blake@examplecorp.test,Event Invite,100265,,Beta,,,,,,,,101826,,,,Y,
100420,Contact,103906,riley.larsson@sampleco.test,Omar Vance,2022-12-29 06:33:00,morgan.blake@examplecorp.test,Casey Okafor,2023-02-11 13:28:00,nina.mercer@demomail.test,Quinn Brooks,2024-02-08 09:08:00,quinn.larsson@sampleco.test,Elena Mercer,2024-02-10 22:47:00,N,Quinn Costa,Skyler Silva,Skyler Brooks,LOT-7100,Financial Analyst,,,,,Beta,,1609,LOT-7654,TAG-4844,skyler.brooks@examplecorp.test,,,,Inactive,100348,100509,100342,100475,100799,,,,,100148,,100735,Gamma,100251,,,,,,,jordan.okafor@demomail.test,alex.ivanov@sampleco.test,Product Update,100685,Beacon Logistics Co,,,,0,7,,,,,,,,Y,
100348,Contact,103908,taylor.rossi@acme-fake.test,Noah Ford,2026-06-20 04:37:00,marco.nguyen@demomail.test,Noah Ford,2024-12-25 08:01:00,rowan.ford@examplecorp.test,Arjun Ashby,2024-07-20 10:47:00,diego.nguyen@demomail.test,Riley Garcia,2024-12-01 00:03:00,N,Arjun Rossi,Sofia Ford,Aisha Mensah,LOT-7832,Software Developer,,,,,,,,REF-7187,SKU-4281,aisha.mensah@sampleco.test,,,,Inactive,100353,100755,100146,,100107,,,,,100076,,100132,Delta,100340,,,Standard,,100056,,quinn.patel@demomail.test,nina.vance@sampleco.test,Renewal Nudge,100356,Falcon Ventures Ltd,,,,,,,,,101832,,,,Y,
100217,Contact,103910,morgan.reyes@acme-fake.test,Noah Blake,2025-05-04 21:35:00,noah.brooks@acme-fake.test,Avery Mercer,2023-03-28 08:34:00,sofia.mensah@sampleco.test,Reese Whitfield,2025-06-12 20:13:00,emerson.brooks@demomail.test,Rahul Brooks,2025-06-30 10:10:00,Y,Jamie Ford,Avery Cohen,Liam Patel,,Accountant,,,,,,,,SKU-3822,LOT-6128,liam.patel@sampleco.test,,,,Active,,100272,100029,100492,,TAG-4185,,,,100405,,100164,Delta,100009,,,,,,,morgan.whitfield@sampleco.test,nina.mercer@examplecorp.test,Re-engagement,100598,,Other,,,,,,,,101808,,,,Y,Y
100763,Contact,103912,elena.ivanov@sampleco.test,Skyler Cohen,2023-01-10 10:28:00,rahul.okafor@examplecorp.test,Liam Mercer,2023-01-14 22:47:00,liam.cohen@demomail.test,Aisha Sloan,2026-07-29 16:33:00,liam.okafor@examplecorp.test,Reese Larsson,2025-07-13 21:28:00,Y,Aisha Okafor,Drew Rossi,Chen Cohen,LOT-9919,Support Specialist,,,,,,,,REF-8364,LOT-2401,chen.cohen@acme-fake.test,,,,Active,100786,,100235,100738,100243,,,,,100459,,100649,Alpha,100620,,,,100699,,,casey.mercer@demomail.test,riley.whitfield@examplecorp.test,Renewal Nudge,100142,Copper Group LLP,,,,,,,,,,,,,Y,
100625,Contact,103913,reese.silva@examplecorp.test,Reese Garcia,2025-08-19 15:20:00,drew.mercer@demomail.test,Avery Rossi,2025-07-09 02:28:00,avery.haddad@acme-fake.test,Priya Okafor,2026-06-12 11:58:00,elena.mensah@demomail.test,Riley Mensah,2024-05-30 00:31:00,Y,Fatima Brooks,Emerson Larsson,Reese Ivanov,LOT-8240,Data Analyst,,,,,,,,REF-9307,TAG-5130,reese.ivanov@acme-fake.test,,,,Active,100136,100376,100456,100661,100796,TAG-3193,,,,,,100103,Other,100667,,,Alpha,100789,,,aisha.ashby@sampleco.test,quinn.patel@acme-fake.test,Product Update,100328,,Standard,,,,,2,,,101822,,,,,
100044,Contact,103914,rowan.garcia@acme-fake.test,Priya Ivanov,2024-01-14 23:58:00,elena.nguyen@examplecorp.test,Elena Vance,2026-01-30 08:27:00,avery.silva@demomail.test,Chen Mensah,2024-04-01 03:16:00,diego.blake@demomail.test,Rahul Sato,2024-04-25 22:11:00,Y,Rowan Costa,Reese Larsson,Skyler Sloan,TAG-1710,Data Analyst,,,,,,,,,TAG-1031,skyler.sloan@examplecorp.test,,,,Active,,100535,100220,100136,100603,SKU-6356,,,,100696,,,Delta,100780,,N,,100699,100767,,taylor.mercer@sampleco.test,elena.brooks@examplecorp.test,Event Invite,100679,,,,,,,,,,101780,,,,N,
100184,Contact,103915,morgan.rossi@sampleco.test,Morgan Calder,2022-11-02 08:59:00,elena.mensah@sampleco.test,Drew Kim,2026-03-03 00:17:00,priya.kim@acme-fake.test,Emerson Garcia,2025-05-08 17:24:00,rahul.sato@acme-fake.test,Yara Haddad,2023-04-10 08:49:00,Y,Priya Mensah,Emerson Mercer,Omar Larsson,LOT-2260,Data Analyst,,,,,,,,,LOT-2817,omar.larsson@demomail.test,,,,Active,100518,100552,100232,,100413,,,,,,,100601,Alpha,100220,,,Other,100328,,,rowan.silva@examplecorp.test,priya.larsson@examplecorp.test,Re-engagement,100526,,,100371,,,,,,,101827,,,,N,
100731,Contact,103917,jordan.patel@demomail.test,Nina Costa,2025-02-13 00:54:00,reese.kim@sampleco.test,Liam Dorsey,2025-12-02 20:28:00,noah.reyes@acme-fake.test,Aisha Whitfield,2025-02-11 04:02:00,reese.silva@acme-fake.test,Noah Brooks,2026-03-14 15:48:00,Y,Nina Sato,Liam Haddad,Jordan Nguyen,SKU-6866,Data Analyst,,,,,,,,,TAG-2392,jordan.nguyen@sampleco.test,,,,Active,,100383,100113,100709,,,,,,,,100255,Alpha,100722,,,,,,,rahul.dorsey@acme-fake.test,chen.ivanov@sampleco.test,Renewal Nudge,100462,Pioneer Dynamics Corp,,100200,,,,,,,101780,,,,,
100679,Contact,103918,jamie.nguyen@demomail.test,Taylor Blake,2025-01-31 14:21:00,morgan.ford@examplecorp.test,Emerson Brooks,2025-03-24 21:38:00,rowan.brooks@demomail.test,Marco Blake,2022-10-28 01:34:00,morgan.sato@examplecorp.test,Chen Vance,2025-08-07 16:31:00,Y,Taylor Garcia,Elena Haddad,Alex Vance,LOT-2477,QA Engineer,,,Standard,,,,,REF-6590,REF-5707,alex.vance@acme-fake.test,,,,Active,100628,,100699,100099,100188,,,,,,,100500,Gamma,100652,,Y,Standard,,,,marco.patel@acme-fake.test,liam.garcia@sampleco.test,Re-engagement,100119,,Gamma,100440,,,,,,,101821,,,,,
100474,Contact,103919,drew.brooks@acme-fake.test,Rahul Ford,2022-12-03 05:47:00,rahul.brooks@examplecorp.test,Arjun Silva,2026-02-18 08:31:00,jordan.ashby@sampleco.test,Marco Sato,2023-11-07 22:00:00,drew.ashby@examplecorp.test,Morgan Whitfield,2024-05-03 11:46:00,Y,Chen Vance,Reese Sloan,Riley Larsson,TAG-3569,Software Developer,,,,,,,,,SKU-5468,riley.larsson@sampleco.test,,,,Active,,,100255,,100012,,,,,100171,,100348,Other,100285,,,Standard,,,,rowan.costa@acme-fake.test,diego.brooks@acme-fake.test,Renewal Nudge,100301,Ironwood Systems,,,,,,,,,,,,,,
100593,Contact,103920,morgan.dorsey@acme-fake.test,Taylor Patel,2026-03-17 03:38:00,priya.reyes@sampleco.test,Liam Garcia,2025-01-22 07:24:00,aisha.vance@demomail.test,Elena Okafor,2023-03-28 18:14:00,taylor.nguyen@acme-fake.test,Avery Patel,2024-09-27 12:44:00,Y,Alex Nguyen,Mei Garcia,Taylor Silva,LOT-3006,Operations Associate,,,,,,,,,LOT-3642,taylor.silva@sampleco.test,,,,Active,100582,100319,100305,100440,,,,,,,,,Gamma,100571,,Y,Beta,100634,100281,,drew.costa@examplecorp.test,quinn.silva@examplecorp.test,Event Invite,100571,,Alpha,100005,,6,,,,,101870,,,,N,
100729,Contact,103921,chen.ivanov@demomail.test,Rahul Mercer,2025-08-07 01:51:00,sofia.blake@demomail.test,Fatima Mercer,2024-09-09 10:06:00,sofia.mensah@acme-fake.test,Drew Vance,2023-11-08 19:22:00,sofia.rossi@examplecorp.test,Fatima Mercer,2025-12-13 04:01:00,Y,Drew Ivanov,Quinn Brooks,Omar Vance,LOT-9354,Support Specialist,,,,,,,,,LOT-4657,omar.vance@examplecorp.test,,,,Active,100424,,100574,,100389,,,,,,,100500,Other,100080,,N,Other,,,,arjun.larsson@sampleco.test,rahul.cohen@demomail.test,Product Update,100156,,Beta,,,10,,4,,,101837,,,,,
100348,Contact,103923,reese.patel@acme-fake.test,Fatima Sloan,2024-05-08 13:30:00,nina.okafor@demomail.test,Sofia Garcia,2026-05-01 15:14:00,marco.ford@acme-fake.test,Mei Calder,2025-07-11 00:41:00,omar.nguyen@sampleco.test,Mei Kim,2025-06-30 21:02:00,Y,Morgan Blake,Marco Whitfield,Diego Larsson,SKU-1145,Software Developer,,,,,,,,,SKU-6515,diego.larsson@demomail.test,,,,Active,,100585,100786,100269,,,,,,100579,,100506,Other,100097,,Y,Beta,100220,100265,,noah.silva@examplecorp.test,omar.rossi@acme-fake.test,Re-engagement,100285,Everest Analytics Corp,Alpha,,,,,,,,101796,,,,N,
100470,Contact,103926,omar.mercer@demomail.test,Casey Cohen,2023-08-31 01:21:00,rowan.costa@sampleco.test,Drew Calder,2025-06-29 19:58:00,jordan.kim@sampleco.test,Yara Reyes,2024-05-10 03:35:00,elena.ashby@examplecorp.test,Mei Larsson,2024-08-27 07:28:00,Y,Emerson Kim,Aisha Larsson,Fatima Dorsey,REF-5586,Support Specialist,,,,,,,,,SKU-9802,fatima.dorsey@acme-fake.test,,,,Active,,100685,100245,100265,,,,,,100240,,100034,Other,100120,,,Gamma,,100408,,omar.ford@sampleco.test,marco.mercer@examplecorp.test,Event Invite,100741,,,100800,,,,,,,101863,,,,,
100286,Contact,103929,rowan.dorsey@demomail.test,Avery Mensah,2022-12-17 05:40:00,elena.vance@acme-fake.test,Arjun Calder,2023-12-09 23:02:00,arjun.reyes@sampleco.test,Yara Whitfield,2026-02-04 15:48:00,marco.kim@demomail.test,Diego Sloan,2025-11-06 02:24:00,Y,Yara Sloan,Marco Reyes,Reese Vance,REF-5032,Customer Success Manager,,,,,,,,,SKU-4061,reese.vance@acme-fake.test,,,,Active,100056,100308,100255,100308,,,,,,100255,,,Beta,100259,,,Standard,100468,,,skyler.brooks@examplecorp.test,priya.calder@demomail.test,Event Invite,100579,,,100452,,,,,,,,,,,Y,
100217,Contact,103931,avery.larsson@acme-fake.test,Drew Haddad,2024-08-15 10:51:00,nina.sloan@demomail.test,Avery Brooks,2022-12-05 12:49:00,elena.ford@acme-fake.test,Nina Rossi,2024-10-18 06:47:00,rowan.silva@sampleco.test,Omar Mercer,2025-02-28 10:42:00,Y,Jordan Okafor,Fatima Garcia,Omar Haddad,TAG-3289,Support Specialist,,,,,,,2190,REF-2705,LOT-7321,omar.haddad@demomail.test,,,,Active,,,100526,100267,,,,,,,,100569,Standard,100424,,,,,100220,,rahul.garcia@demomail.test,chen.garcia@demomail.test,Renewal Nudge,100393,,Delta,100051,,,,,,,,,,,,N
100090,Contact,103933,fatima.rossi@acme-fake.test,Priya Sloan,2026-06-20 20:30:00,sofia.blake@demomail.test,Reese Vance,2023-07-23 03:41:00,diego.vance@sampleco.test,Liam Ivanov,2024-07-18 20:15:00,omar.larsson@demomail.test,Priya Dorsey,2025-09-29 14:59:00,Y,Rowan Blake,Elena Dorsey,Quinn Silva,TAG-6436,Recruiter,,,,,,,,,REF-3127,quinn.silva@sampleco.test,,,,Active,100366,100352,100638,,,,,,,100203,,100432,Other,100190,,,,100063,100310,,noah.costa@examplecorp.test,jamie.calder@sampleco.test,Product Update,100405,,Alpha,100227,,,,,,,101836,N,,,Y,
100576,Contact,103934,liam.rossi@examplecorp.test,Reese Dorsey,2023-01-28 17:56:00,aisha.reyes@sampleco.test,Jordan Cohen,2026-03-07 08:20:00,jamie.calder@acme-fake.test,Emerson Haddad,2026-07-26 15:41:00,jamie.nguyen@acme-fake.test,Casey Vance,2024-03-12 01:22:00,Y,Riley Kim,Mei Cohen,Elena Blake,REF-4009,Executive Assistant,,,,,,,,,TAG-4714,elena.blake@acme-fake.test,,,,Active,100440,100342,100652,,100041,,,,,100325,,,Gamma,100452,,,Other,100400,,,diego.mensah@examplecorp.test,diego.silva@sampleco.test,Product Update,100565,Northwind Financial LLP,,,,,,,,,,,,,Y,
100487,Contact,103937,jordan.reyes@sampleco.test,Yara Blake,2023-02-24 08:31:00,avery.garcia@acme-fake.test,Quinn Ashby,2023-10-29 07:26:00,mei.brooks@sampleco.test,Elena Kim,2025-03-22 01:10:00,jamie.cohen@examplecorp.test,Alex Mensah,2025-02-27 08:32:00,Y,Casey Dorsey,Morgan Larsson,Jordan Ashby,LOT-9136,Operations Associate,,SKU-2904,,,,,1690,,TAG-5369,jordan.ashby@acme-fake.test,,,,Active,,100513,100673,,,SKU-5042,,,,,,100329,Beta,100128,,,,100667,100704,,aisha.ford@sampleco.test,omar.dorsey@sampleco.test,Re-engagement,100632,Cardinal Foods Co,,,,5,,,,,101800,,,,Y,
100158,Contact,103939,jamie.mercer@examplecorp.test,Casey Silva,2023-07-29 17:58:00,aisha.calder@acme-fake.test,Rowan Ivanov,2026-01-18 17:10:00,mei.sloan@demomail.test,Rahul Brooks,2025-06-22 04:09:00,rahul.kim@demomail.test,Elena Patel,2025-02-10 13:12:00,Y,Taylor Haddad,Quinn Vance,Fatima Ford,LOT-6940,QA Engineer,,LOT-2462,,,Delta,,,,SKU-7172,fatima.ford@demomail.test,,,,Active,100681,,100755,100702,100139,REF-6915,,,,100558,,,Delta,100585,,,Delta,,100596,,liam.garcia@demomail.test,liam.sloan@demomail.test,Quarterly Newsletter,100613,,,100319,,,,,,,101837,,,,,
100413,Contact,103942,mei.calder@sampleco.test,Alex Larsson,2024-08-16 15:45:00,omar.nguyen@sampleco.test,Alex Vance,2024-10-12 03:29:00,arjun.reyes@acme-fake.test,Avery Ivanov,2025-12-25 03:06:00,priya.rossi@examplecorp.test,Drew Garcia,2026-02-20 13:13:00,Y,Jamie Haddad,Avery Sato,Skyler Silva,SKU-3410,Operations Associate,,,,,,,,,REF-8144,skyler.silva@examplecorp.test,,,,Active,100322,100106,100429,100523,100359,,,,,,,100755,Delta,100316,,,,100726,,,quinn.ivanov@demomail.test,quinn.mercer@demomail.test,Re-engagement,100780,Cardinal Solutions Inc,Gamma,100511,,,,,,,101795,,,,,
100664,Contact,103944,morgan.rossi@examplecorp.test,Drew Whitfield,2025-10-16 12:35:00,mei.vance@acme-fake.test,Chen Patel,2025-08-09 04:36:00,jamie.sato@examplecorp.test,Elena Mensah,2026-05-14 22:57:00,taylor.mercer@demomail.test,Marco Reyes,2025-03-11 19:22:00,N,Liam Nguyen,Yara Mercer,Elena Mercer,LOT-1247,Support Specialist,,,,,,,,,LOT-7029,elena.mercer@sampleco.test,,,,Inactive,100632,100023,100213,100535,100454,LOT-8465,,,,100113,,,Gamma,100405,,,,100275,,,yara.costa@examplecorp.test,riley.ivanov@examplecorp.test,Renewal Nudge,100360,Northwind Retail Ltd,Standard,100020,,,,,,,,,,,N,
100587,Contact,103947,riley.larsson@examplecorp.test,Jordan Okafor,2024-03-09 12:11:00,riley.mercer@acme-fake.test,Mei Blake,2024-03-17 17:36:00,noah.calder@acme-fake.test,Yara Ford,2023-10-13 18:10:00,chen.blake@demomail.test,Emerson Whitfield,2025-04-09 16:49:00,Y,Aisha Ivanov,Elena Calder,Rowan Larsson,LOT-8896,Payroll Specialist,,,,Delta,,,,,TAG-8746,rowan.larsson@examplecorp.test,,,,Active,100597,100796,100376,100186,,,,,,100208,,,Gamma,100151,,,Other,100205,,,taylor.ford@examplecorp.test,elena.sloan@examplecorp.test,Re-engagement,100272,,,100245,,,,,,,101846,,,,N,
100786,Contact,103949,taylor.ford@acme-fake.test,Omar Patel,2022-12-18 08:12:00,drew.whitfield@demomail.test,Yara Blake,2024-02-27 11:11:00,diego.sato@acme-fake.test,Arjun Silva,2023-06-23 13:48:00,rowan.dorsey@acme-fake.test,Skyler Blake,2023-11-08 21:03:00,Y,Priya Dorsey,Elena Ashby,Jamie Mensah,LOT-7738,Executive Assistant,,,,,,REF-4293,,REF-2655,REF-2032,jamie.mensah@acme-fake.test,,,,Active,,,100398,100101,100344,,,,,,,,Gamma,100799,,,,,100334,,sofia.vance@acme-fake.test,alex.brooks@sampleco.test,Event Invite,100376,,Delta,100546,,,,,,,101804,,,,Y,N
100464,Contact,103952,quinn.sato@sampleco.test,Priya Larsson,2023-12-30 18:03:00,morgan.costa@examplecorp.test,Elena Reyes,2023-06-01 17:49:00,noah.mensah@acme-fake.test,Alex Whitfield,2022-12-23 18:50:00,fatima.reyes@sampleco.test,Liam Dorsey,2025-07-10 04:21:00,N,Priya Ashby,Mei Brooks,Quinn Blake,REF-5773,Customer Success Manager,,,,,,,,,REF-4633,quinn.blake@examplecorp.test,,,,Inactive,100046,100720,100798,100075,100563,,,,,,,100348,Alpha,100658,,,Beta,100232,,,liam.whitfield@examplecorp.test,taylor.kim@acme-fake.test,Quarterly Newsletter,100025,,,100601,,,,,,,101871,,,,N,
100440,Contact,103954,riley.calder@examplecorp.test,Avery Kim,2025-01-24 06:56:00,rowan.okafor@demomail.test,Jordan Okafor,2024-01-12 12:48:00,noah.nguyen@acme-fake.test,Avery Haddad,2026-01-12 19:35:00,reese.sato@sampleco.test,Omar Whitfield,2023-11-09 05:36:00,N,Rowan Patel,Mei Ivanov,Casey Whitfield,LOT-9137,Marketing Coordinator,,,,,Delta,,,,REF-7994,casey.whitfield@examplecorp.test,,,,Inactive,100470,,100153,100685,100056,,,,,100432,,100664,Alpha,100060,,,Gamma,,,,noah.rossi@demomail.test,nina.haddad@demomail.test,Renewal Nudge,100104,,Standard,100558,,5,,0,,,101876,,,,N,
100298,Contact,103957,skyler.ford@demomail.test,Yara Nguyen,2024-01-10 05:47:00,liam.dorsey@demomail.test,Sofia Mercer,2022-10-14 05:40:00,noah.vance@examplecorp.test,Emerson Whitfield,2026-05-06 17:08:00,mei.rossi@sampleco.test,Diego Sato,2023-07-25 05:07:00,Y,Emerson Garcia,Alex Mensah,Rowan Whitfield,SKU-5527,HR Generalist,,,,,,,,LOT-7097,LOT-6488,rowan.whitfield@sampleco.test,,,,Active,100593,100593,100097,,100382,,,,,100538,,100058,Gamma,100182,,,,100280,100593,,noah.brooks@examplecorp.test,diego.sato@examplecorp.test,Quarterly Newsletter,100070,,Beta,100670,,,,,,,,,,,Y,
100241,Contact,103960,chen.sloan@examplecorp.test,Arjun Whitfield,2024-02-01 13:59:00,diego.patel@examplecorp.test,Skyler Haddad,2026-04-09 06:08:00,jamie.ford@demomail.test,Jordan Blake,2023-03-28 17:24:00,taylor.brooks@examplecorp.test,Elena Reyes,2026-01-02 18:31:00,Y,Quinn Calder,Aisha Mercer,Taylor Mercer,TAG-8224,Bookkeeper,,,,,,,,,SKU-9250,taylor.mercer@acme-fake.test,,,,Active,100688,100029,100742,100243,,,,,,100516,,,Beta,100750,,,,,100712,,chen.silva@sampleco.test,mei.costa@examplecorp.test,Product Update,100345,Evergreen Systems,Standard,,,,,,,,,,,,,
100585,Contact,103963,liam.haddad@sampleco.test,Sofia Dorsey,2024-10-17 15:53:00,diego.patel@sampleco.test,Taylor Cohen,2025-01-14 11:44:00,sofia.sloan@examplecorp.test,Yara Haddad,2025-06-30 07:17:00,nina.larsson@sampleco.test,Priya Calder,2023-09-24 21:56:00,Y,Yara Ford,Jordan Reyes,Chen Larsson,REF-6093,Data Analyst,,,,,,LOT-1788,,,REF-3281,chen.larsson@demomail.test,,,,Active,100213,,100485,100403,,,,,,100331,,100063,Other,100010,,,,100049,,,chen.okafor@sampleco.test,arjun.larsson@sampleco.test,Product Update,100094,,Gamma,100342,,,,,,,,,,,Y,Y
100704,Contact,103964,reese.garcia@sampleco.test,Drew Rossi,2023-06-24 03:01:00,chen.silva@acme-fake.test,Diego Costa,2026-05-19 08:47:00,aisha.vance@demomail.test,Nina Ivanov,2025-08-15 04:45:00,fatima.silva@sampleco.test,Chen Larsson,2024-12-17 05:33:00,Y,Jordan Vance,Rowan Mensah,Priya Ashby,SKU-1718,Financial Analyst,,,,,,TAG-7250,,,SKU-1892,priya.ashby@examplecorp.test,,,,Active,,,100563,100538,,,,,,100393,,100786,Alpha,100310,,,Standard,100366,,,casey.mercer@demomail.test,fatima.ashby@examplecorp.test,Quarterly Newsletter,100290,Keystone Foods LLC,Standard,,,,,0,,,,,,,N,
100696,Contact,103965,quinn.costa@demomail.test,Riley Ford,2022-12-16 22:27:00,yara.mensah@examplecorp.test,Fatima Whitfield,2023-03-09 07:56:00,omar.sato@examplecorp.test,Nina Sloan,2023-08-03 02:10:00,fatima.kim@demomail.test,Jordan Kim,2024-03-13 07:45:00,N,Emerson Cohen,Nina Sato,Sofia Whitfield,LOT-8756,Bookkeeper,,,,,,,,,REF-9673,sofia.whitfield@acme-fake.test,,,,Inactive,,100331,100734,100631,100679,SKU-7867,,,,100060,,100269,Other,100177,,,,,100293,,elena.ford@demomail.test,mei.vance@examplecorp.test,Event Invite,100543,,,,,,8,,,,,,,,,
100440,Contact,103968,priya.dorsey@sampleco.test,Jordan Cohen,2023-10-31 17:50:00,reese.calder@demomail.test,Noah Cohen,2024-12-14 01:09:00,noah.okafor@demomail.test,Chen Dorsey,2024-04-27 16:13:00,morgan.larsson@sampleco.test,Reese Haddad,2026-02-22 05:05:00,Y,Rahul Garcia,Diego Calder,Rowan Mensah,REF-5849,Support Specialist,,,,,,,,,SKU-9898,rowan.mensah@acme-fake.test,,,,Active,,100690,100676,,100008,,,,,100383,,,Standard,100083,,,,,100168,,quinn.haddad@sampleco.test,rowan.mensah@acme-fake.test,Product Update,100195,Beacon Labs Group,,100146,,,,,,,,N,,,,
100676,Contact,103971,priya.reyes@sampleco.test,Diego Sato,2026-03-10 02:21:00,chen.ashby@sampleco.test,Rowan Rossi,2024-10-17 09:48:00,taylor.vance@sampleco.test,Fatima Costa,2025-05-20 12:59:00,skyler.larsson@sampleco.test,Morgan Calder,2024-03-20 14:37:00,Y,Arjun Patel,Skyler Mercer,Sofia Sato,SKU-6479,Payroll Specialist,,,,,Gamma,,,,SKU-7619,sofia.sato@examplecorp.test,,,,Active,100319,100803,100192,,100767,,,,,,,100129,Alpha,100712,,,Beta,,,,elena.larsson@acme-fake.test,rahul.blake@acme-fake.test,Product Update,100090,Ironwood Textiles Corp,Other,100735,,,,,,,101839,,,,Y,
100262,Contact,103972,rowan.mercer@acme-fake.test,Sofia Vance,2025-09-18 12:14:00,skyler.ashby@sampleco.test,Morgan Silva,2025-02-23 18:27:00,quinn.sloan@sampleco.test,Fatima Kim,2025-08-07 07:37:00,morgan.reyes@sampleco.test,Alex Calder,2022-10-19 23:58:00,N,Omar Sato,Aisha Ivanov,Taylor Ford,REF-8811,Marketing Coordinator,,,,,,,,,LOT-6908,taylor.ford@demomail.test,,,,Inactive,100339,,100571,,,,,,,100129,,100593,Standard,100741,,,Gamma,100139,100169,,omar.haddad@examplecorp.test,omar.haddad@acme-fake.test,Renewal Nudge,100051,Lakeside Group Inc,,100104,,6,,,,,,,,,,
100209,Contact,103973,drew.rossi@demomail.test,Quinn Sloan,2022-12-14 05:33:00,elena.ivanov@examplecorp.test,Morgan Nguyen,2024-12-31 12:23:00,morgan.costa@acme-fake.test,Priya Sato,2025-05-29 21:58:00,jordan.ford@acme-fake.test,Riley Blake,2025-06-15 20:22:00,Y,Yara Larsson,Quinn Sloan,Taylor Okafor,REF-8453,Marketing Coordinator,,,,,,,,LOT-2572,SKU-4390,taylor.okafor@demomail.test,,,,Active,100803,,100393,100178,100245,,,,,,,,Gamma,100178,,,,,100709,,jordan.ashby@demomail.test,avery.garcia@sampleco.test,Quarterly Newsletter,100168,,Beta,100257,,,,,,,,,,,N,
100291,Contact,103975,rowan.patel@examplecorp.test,Casey Reyes,2023-07-28 22:52:00,rowan.rossi@acme-fake.test,Noah Whitfield,2026-01-02 06:10:00,skyler.okafor@examplecorp.test,Liam Rossi,2026-02-16 06:17:00,alex.mercer@demomail.test,Drew Garcia,2026-05-27 04:35:00,Y,Riley Costa,Yara Okafor,Morgan Cohen,SKU-1381,Accountant,,,,,,,,,REF-2856,morgan.cohen@acme-fake.test,,,,Active,100235,,100749,,,,,,,,,100041,Alpha,100593,,,Delta,100195,100314,,sofia.reyes@acme-fake.test,noah.rossi@sampleco.test,Re-engagement,100457,,,,,,,,,,,,,,N,
100213,Contact,103978,morgan.mercer@sampleco.test,Taylor Ashby,2023-04-27 09:30:00,fatima.sato@acme-fake.test,Diego Blake,2025-01-16 20:01:00,skyler.sloan@demomail.test,Emerson Nguyen,2025-05-01 20:58:00,morgan.garcia@examplecorp.test,Avery Haddad,2023-07-19 01:20:00,N,Casey Ashby,Taylor Sloan,Jamie Vance,TAG-6537,Bookkeeper,,,,,,,,,REF-7776,jamie.vance@sampleco.test,,,,Inactive,,100800,100073,100178,100799,,,,,,,100551,Alpha,100106,,,,100587,,,noah.larsson@examplecorp.test,marco.garcia@demomail.test,Event Invite,100089,Everest Robotics Group,Gamma,,,,,,,,101838,,,,Y,
100526,Contact,103979,avery.sloan@demomail.test,Rahul Garcia,2023-01-31 23:59:00,rowan.sato@sampleco.test,Aisha Vance,2026-07-02 19:21:00,arjun.whitfield@demomail.test,Priya Vance,2023-04-09 04:46:00,jordan.larsson@demomail.test,Casey Larsson,2023-10-05 12:45:00,N,Nina Costa,Avery Larsson,Diego Rossi,TAG-9558,Data Analyst,,,,,,,,,SKU-1517,diego.rossi@acme-fake.test,,,,Inactive,,100295,100429,,100382,,,,,100735,,100481,Beta,100676,,,,100456,100069,,noah.calder@demomail.test,jordan.blake@examplecorp.test,Quarterly Newsletter,100333,,Standard,100593,,,,,,,,,,,,
100309,Contact,103980,nina.kim@demomail.test,Rowan Mensah,2025-06-24 14:08:00,fatima.mensah@demomail.test,Drew Dorsey,2025-01-29 04:35:00,noah.silva@sampleco.test,Yara Sato,2023-03-15 17:28:00,noah.cohen@examplecorp.test,Quinn Vance,2022-11-01 12:02:00,Y,Alex Blake,Yara Mercer,Jamie Sloan,SKU-1981,QA Engineer,,,,,,,,,LOT-5255,jamie.sloan@examplecorp.test,,,,Active,100517,100242,100631,100272,,,,,,100403,,100234,Delta,100772,,,,,,,fatima.vance@demomail.test,reese.rossi@examplecorp.test,Quarterly Newsletter,100746,,Delta,100477,,,,,,,101857,N,,,N,
100506,Contact,103983,drew.patel@acme-fake.test,Chen Kim,2023-02-16 15:56:00,avery.dorsey@sampleco.test,Avery Okafor,2025-01-30 15:03:00,avery.reyes@examplecorp.test,Taylor Calder,2026-07-11 20:28:00,noah.dorsey@sampleco.test,Avery Ford,2025-12-18 00:51:00,Y,Jordan Vance,Mei Brooks,Nina Calder,REF-1897,Customer Success Manager,,,Standard,,,,,,TAG-8159,nina.calder@demomail.test,,,,Active,100310,,100014,100696,100020,,,,,,,,Alpha,100420,,,,,,,alex.silva@demomail.test,jamie.whitfield@acme-fake.test,Renewal Nudge,100227,,Gamma,100103,,,,,,,101871,,,,Y,
100368,Contact,103986,liam.calder@examplecorp.test,Riley Patel,2025-12-05 16:46:00,aisha.patel@sampleco.test,Morgan Mercer,2022-10-28 04:29:00,priya.cohen@demomail.test,Skyler Ford,2023-07-02 04:44:00,casey.brooks@examplecorp.test,Aisha Garcia,2023-04-14 02:35:00,N,Rowan Larsson,Emerson Sloan,Chen Sato,TAG-9765,Marketing Coordinator,,,,,,,,,SKU-8147,chen.sato@examplecorp.test,,,,Inactive,100568,100248,100184,,100388,,,,,100177,,,Delta,100156,,,,100403,100518,,aisha.mercer@demomail.test,sofia.nguyen@examplecorp.test,Renewal Nudge,100511,,Delta,,,,,,,,,,,,Y,
100696,Contact,103987,chen.garcia@demomail.test,Jamie Garcia,2026-05-14 14:53:00,avery.sato@sampleco.test,Morgan Nguyen,2026-02-19 22:25:00,elena.calder@sampleco.test,Avery Mensah,2024-08-24 07:26:00,riley.whitfield@acme-fake.test,Morgan Garcia,2025-09-03 12:09:00,Y,Taylor Nguyen,Casey Patel,Omar Sato,TAG-2564,Data Analyst,,,Delta,,,,,,TAG-2791,omar.sato@examplecorp.test,,,,Active,100709,100126,100654,100046,,,,,,100290,,100091,Standard,100560,,,,100702,100197,,fatima.blake@demomail.test,fatima.whitfield@acme-fake.test,Event Invite,100316,Ironwood Group LLC,Beta,,,,,,,,101869,,,,,
100546,Contact,103989,omar.cohen@sampleco.test,Noah Blake,2025-07-31 08:07:00,chen.mercer@sampleco.test,Rahul Mensah,2024-10-24 01:57:00,sofia.sato@examplecorp.test,Aisha Okafor,2024-04-24 08:58:00,fatima.kim@demomail.test,Casey Reyes,2024-08-17 00:28:00,Y,Priya Cohen,Alex Blake,Jordan Ford,REF-3702,Bookkeeper,,,,,,,,,SKU-1272,jordan.ford@examplecorp.test,,,,Active,,100117,100184,,100734,,,,,100344,,100699,Gamma,100286,,,,,100117,,noah.cohen@sampleco.test,morgan.reyes@demomail.test,Product Update,100120,,Gamma,,,,,,,,,,,,,
100796,Contact,103990,yara.mensah@sampleco.test,Omar Ford,2024-12-05 11:53:00,diego.cohen@sampleco.test,Liam Patel,2025-09-14 23:59:00,alex.ivanov@sampleco.test,Reese Reyes,2024-05-21 10:18:00,chen.patel@acme-fake.test,Aisha Patel,2025-12-21 22:51:00,Y,Alex Costa,Marco Brooks,Mei Ashby,LOT-8576,Operations Associate,,,,,,,,,TAG-8365,mei.ashby@examplecorp.test,,,,Active,100251,,100143,,100329,,,,,100386,,,Other,100153,,,Alpha,,100190,,skyler.cohen@examplecorp.test,casey.silva@acme-fake.test,Quarterly Newsletter,100352,,Delta,100291,,,,,,,101866,,,,N,
100115,Contact,103992,quinn.blake@examplecorp.test,Elena Blake,2025-06-16 23:38:00,alex.haddad@demomail.test,Nina Costa,2024-09-11 23:00:00,reese.rossi@sampleco.test,Drew Patel,2023-04-09 13:01:00,avery.whitfield@demomail.test,Rahul Ford,2024-05-29 06:58:00,N,Chen Patel,Taylor Blake,Sofia Mercer,SKU-9869,Software Developer,,SKU-3712,,,,,,REF-8005,REF-3067,sofia.mercer@examplecorp.test,,,,Inactive,,100681,100670,,,,,,,100522,,100607,Alpha,100421,,,Other,,100758,,elena.vance@acme-fake.test,reese.ashby@examplecorp.test,Quarterly Newsletter,100235,,,100298,,,,,,,,,,,Y,
100282,Contact,103995,liam.ford@sampleco.test,Skyler Mercer,2022-12-10 09:50:00,mei.garcia@acme-fake.test,Marco Whitfield,2024-08-26 22:40:00,omar.sato@sampleco.test,Alex Dorsey,2023-06-25 20:09:00,rahul.silva@examplecorp.test,Jamie Dorsey,2025-02-24 20:46:00,Y,Aisha Haddad,Skyler Mensah,Drew Silva,SKU-3768,Customer Success Manager,,,,Beta,,,,TAG-6367,LOT-8651,drew.silva@sampleco.test,,,,Active,,100742,100613,100242,100165,,,,,,,100075,Standard,100295,,,Alpha,,100617,,marco.whitfield@demomail.test,nina.sato@sampleco.test,Re-engagement,100280,,,,,,,,,,101879,N,,,Y,
100803,Contact,103996,sofia.larsson@acme-fake.test,Taylor Sato,2025-10-15 13:40:00,aisha.ashby@examplecorp.test,Morgan Ashby,2024-10-16 00:34:00,yara.cohen@acme-fake.test,Elena Brooks,2024-09-18 14:14:00,noah.cohen@acme-fake.test,Arjun Costa,2023-03-17 03:15:00,N,Taylor Garcia,Rahul Vance,Morgan Haddad,SKU-2005,QA Engineer,,SKU-3456,,,,,9795,,TAG-8887,morgan.haddad@sampleco.test,,,,Inactive,,,100259,,100555,,,,,100389,,100627,Delta,100690,,,Other,100607,100467,,reese.rossi@demomail.test,taylor.patel@demomail.test,Quarterly Newsletter,100089,,Delta,100526,,,,,,,101850,,,,N,
100683,Contact,103998,riley.okafor@examplecorp.test,Avery Mensah,2025-01-04 18:36:00,liam.ashby@acme-fake.test,Arjun Ashby,2024-09-08 17:35:00,yara.sato@examplecorp.test,Fatima Ivanov,2023-09-07 00:52:00,aisha.ford@sampleco.test,Taylor Kim,2026-07-29 06:42:00,Y,Diego Haddad,Quinn Kim,Mei Nguyen,LOT-9004,QA Engineer,,,,,Delta,,,,REF-8763,mei.nguyen@sampleco.test,,,,Active,100688,100694,100798,,100353,SKU-9113,,,,100012,,,Standard,100464,,,,,100487,,priya.whitfield@examplecorp.test,yara.cohen@acme-fake.test,Renewal Nudge,100333,Pioneer Retail Group,Alpha,,,,,,,,101838,,,,,
100339,Contact,104001,riley.calder@examplecorp.test,Arjun Haddad,2023-05-05 09:26:00,nina.dorsey@demomail.test,Sofia Patel,2025-10-10 15:49:00,jamie.larsson@sampleco.test,Jamie Whitfield,2024-12-05 21:18:00,priya.brooks@acme-fake.test,Priya Dorsey,2023-10-06 17:18:00,Y,Sofia Whitfield,Priya Ashby,Alex Ford,REF-7961,Financial Analyst,,,,,,,,,LOT-9000,alex.ford@acme-fake.test,,,,Active,100223,,100267,100356,100262,,,,,100601,,100094,Gamma,100486,,,Gamma,,100353,,liam.nguyen@examplecorp.test,reese.brooks@examplecorp.test,Product Update,100325,,,,,,,,,,,,,,N,
100063,Contact,104002,liam.reyes@acme-fake.test,Nina Brooks,2023-10-26 15:33:00,diego.nguyen@sampleco.test,Liam Sato,2023-10-31 19:10:00,marco.kim@examplecorp.test,Nina Rossi,2025-08-14 09:18:00,nina.blake@acme-fake.test,Elena Blake,2026-05-13 18:34:00,Y,Marco Ashby,Aisha Costa,Fatima Reyes,REF-6200,Accountant,,,,,Delta,,,TAG-8496,SKU-2429,fatima.reyes@sampleco.test,,,,Active,100026,,100049,100286,100565,,,,,,,100523,Gamma,100685,,,Alpha,100563,100741,,diego.blake@acme-fake.test,jamie.whitfield@demomail.test,Quarterly Newsletter,100286,,Delta,100637,,7,,,,,101879,,,,N,
100559,Contact,104003,omar.kim@demomail.test,Chen Ivanov,2024-03-13 08:41:00,reese.sato@acme-fake.test,Sofia Rossi,2025-08-02 21:46:00,chen.sato@examplecorp.test,Avery Calder,2025-02-24 00:47:00,fatima.brooks@sampleco.test,Priya Mensah,2024-08-25 23:39:00,Y,Quinn Rossi,Casey Cohen,Sofia Kim,SKU-4796,Customer Success Manager,,,,,,,,,TAG-9458,sofia.kim@acme-fake.test,,,,Active,100229,100262,100241,,100631,,,,,100432,,,Other,100255,,,,100506,100203,,casey.dorsey@examplecorp.test,arjun.ashby@examplecorp.test,Re-engagement,100368,,,100342,,,,,,,,,,,,
100543,Contact,104006,mei.nguyen@demomail.test,Liam Silva,2024-03-04 12:29:00,diego.patel@demomail.test,Nina Ivanov,2023-07-08 15:03:00,casey.sloan@demomail.test,Liam Brooks,2024-03-18 21:45:00,noah.okafor@acme-fake.test,Aisha Dorsey,2025-04-07 21:58:00,N,Avery Sato,Skyler Rossi,Noah Haddad,LOT-1972,QA Engineer,,,,,,,,TAG-3191,SKU-5800,noah.haddad@sampleco.test,,,,Inactive,,,100368,,100641,,,,,,,100477,Alpha,100182,,,Gamma,100596,100213,,jamie.ford@sampleco.test,yara.ivanov@examplecorp.test,Renewal Nudge,100770,Atlas Dynamics Inc,Beta,100497,,,,,,,,,,,,
100690,Contact,104008,arjun.mercer@sampleco.test,Sofia Costa,2024-10-13 00:43:00,jamie.silva@sampleco.test,Marco Kim,2023-10-02 05:40:00,quinn.haddad@examplecorp.test,Riley Sato,2023-10-25 15:45:00,mei.silva@acme-fake.test,Chen Ashby,2024-05-19 06:26:00,Y,Marco Patel,Rowan Haddad,Mei Mercer,LOT-1113,Payroll Specialist,,,,,,,,,TAG-5223,mei.mercer@demomail.test,,,,Active,,,100607,100241,100652,,,,,,,100177,Delta,100774,,,Standard,,100679,,riley.okafor@sampleco.test,nina.dorsey@acme-fake.test,Quarterly Newsletter,100254,,Alpha,100554,,,,,,,101870,,,,N,
100325,Contact,104010,elena.cohen@acme-fake.test,Marco Mensah,2025-07-27 02:18:00,diego.reyes@examplecorp.test,Reese Blake,2024-03-05 10:35:00,elena.okafor@demomail.test,Riley Ford,2025-07-31 17:48:00,liam.silva@sampleco.test,Riley Ford,2025-03-30 16:38:00,Y,Skyler Mercer,Nina Brooks,Chen Vance,SKU-2411,Customer Success Manager,,,,,,,,,LOT-3990,chen.vance@acme-fake.test,,,,Active,,100340,100003,,100066,,,,,,,,Alpha,100760,,,,100234,,,riley.ford@examplecorp.test,taylor.larsson@acme-fake.test,Renewal Nudge,100759,,Gamma,,,,0,,,,,,,,Y,
100788,Contact,104013,jordan.costa@sampleco.test,Emerson Okafor,2026-01-05 19:37:00,mei.kim@demomail.test,Casey Costa,2024-03-02 16:04:00,chen.larsson@examplecorp.test,Aisha Larsson,2026-06-22 21:52:00,skyler.haddad@examplecorp.test,Alex Rossi,2025-04-05 08:36:00,Y,Marco Reyes,Avery Ford,Quinn Larsson,REF-2629,Recruiter,,TAG-9950,,Other,,,,LOT-1309,SKU-1389,quinn.larsson@examplecorp.test,,,,Active,,,100053,,,,,,,100030,,100313,Standard,100165,,N,,,100380,,diego.kim@acme-fake.test,elena.cohen@examplecorp.test,Product Update,100408,,,100421,,,,,,,101846,,,,N,
100302,Contact,104015,riley.haddad@acme-fake.test,Morgan Haddad,2026-06-03 13:05:00,quinn.sloan@acme-fake.test,Rahul Blake,2025-07-31 23:21:00,reese.whitfield@demomail.test,Priya Reyes,2025-07-30 18:50:00,drew.ivanov@sampleco.test,Marco Mensah,2025-09-10 00:23:00,Y,Noah Blake,Drew Rossi,Reese Patel,,Accountant,,,,,,,,,TAG-2933,reese.patel@sampleco.test,,,,Active,,100694,100209,,,,,,,100156,,100690,Gamma,100603,,,,,100464,,nina.okafor@sampleco.test,quinn.whitfield@demomail.test,Product Update,100694,,,,,,,,,,101850,Y,,,N,
100568,Contact,104017,marco.vance@acme-fake.test,Elena Haddad,2024-02-10 20:02:00,aisha.ivanov@acme-fake.test,Reese Ford,2023-10-20 03:07:00,arjun.ford@demomail.test,Yara Brooks,2025-07-25 14:24:00,rowan.larsson@demomail.test,Casey Whitfield,2023-12-26 19:51:00,Y,Jamie Reyes,Fatima Sato,Rowan Reyes,TAG-6542,Project Manager,,,,,,,,,TAG-1694,rowan.reyes@acme-fake.test,,,,Active,100771,100516,100642,,100356,,,,,100753,,,Delta,100023,,,Alpha,,,,drew.calder@acme-fake.test,chen.reyes@demomail.test,Product Update,100509,,,,,,,,,,101814,,,,N,
100638,Contact,104020,reese.patel@acme-fake.test,Sofia Kim,2024-01-09 08:02:00,omar.kim@sampleco.test,Taylor Haddad,2025-02-07 12:41:00,nina.brooks@examplecorp.test,Omar Costa,2026-07-23 14:34:00,jamie.ivanov@sampleco.test,Avery Okafor,2023-04-21 06:50:00,N,Quinn Ashby,Jamie Mensah,Drew Reyes,TAG-3472,QA Engineer,,,,,,,,SKU-3402,REF-6465,drew.reyes@sampleco.test,,,,Inactive,100101,100426,100587,100041,100172,,,,,100559,,100705,Delta,100432,,,Delta,,100119,,priya.whitfield@examplecorp.test,fatima.whitfield@demomail.test,Quarterly Newsletter,100750,Redwood Textiles Corp,Alpha,100189,,,,8,,,,Y,,,,
100792,Contact,104023,morgan.ashby@sampleco.test,Liam Ford,2025-08-25 06:09:00,priya.costa@acme-fake.test,Sofia Patel,2025-12-08 17:44:00,chen.okafor@sampleco.test,Elena Mensah,2025-06-15 18:24:00,skyler.vance@acme-fake.test,Liam Okafor,2025-05-22 15:21:00,Y,Mei Patel,Reese Reyes,Aisha Costa,TAG-3985,Customer Success Manager,,,,,,,,,REF-1945,aisha.costa@acme-fake.test,,,,Active,,,100772,,100585,,,,,,,,Other,100097,,,Alpha,100255,100391,,arjun.larsson@examplecorp.test,jamie.okafor@demomail.test,Event Invite,100245,,Gamma,,,,,2,,,101825,,,,Y,
100565,Contact,104025,mei.rossi@sampleco.test,Chen Cohen,2023-12-24 12:01:00,yara.nguyen@examplecorp.test,Jordan Nguyen,2024-08-29 21:12:00,elena.sloan@sampleco.test,Emerson Calder,2023-07-18 00:12:00,jordan.ivanov@acme-fake.test,Reese Nguyen,2025-11-07 20:02:00,Y,Omar Whitfield,Morgan Garcia,Noah Silva,REF-7830,Support Specialist,,,,,,,,,REF-8070,noah.silva@examplecorp.test,,,,Active,100780,100359,100403,100319,,,,,,100058,,,Alpha,100393,,,Delta,,100717,,elena.garcia@demomail.test,skyler.okafor@sampleco.test,Renewal Nudge,100692,Granite Health Co,,,,,,0,,,,,,,,
100667,Contact,104026,casey.haddad@sampleco.test,Nina Blake,2026-04-08 10:23:00,nina.ivanov@sampleco.test,Mei Ashby,2024-07-12 17:29:00,yara.kim@examplecorp.test,Fatima Kim,2022-11-18 23:50:00,priya.larsson@examplecorp.test,Riley Costa,2025-12-18 13:43:00,N,Marco Ashby,Mei Sloan,Noah Rossi,SKU-6672,Support Specialist,,,,,,,,,SKU-6298,noah.rossi@sampleco.test,,,,Inactive,100051,100763,100546,,100280,SKU-8508,,,,100634,,,Alpha,100069,,,,,100796,,drew.brooks@demomail.test,mei.okafor@acme-fake.test,Re-engagement,100587,Delta Group LLC,Beta,100420,,,,,,,,,,,,
100798,Contact,104027,rahul.vance@demomail.test,Jamie Blake,2026-07-11 10:55:00,taylor.larsson@demomail.test,Drew Mercer,2026-01-01 07:03:00,yara.sato@acme-fake.test,Sofia Rossi,2023-04-22 03:30:00,mei.vance@acme-fake.test,Aisha Sloan,2025-06-24 08:00:00,N,Mei Mensah,Emerson Ford,Priya Garcia,LOT-8101,Marketing Coordinator,,,,,,,,,SKU-4529,priya.garcia@demomail.test,,,,Inactive,,100117,100506,100236,100429,REF-1476,,,,100075,,,Other,100610,,,Standard,100746,,,chen.sato@sampleco.test,taylor.haddad@acme-fake.test,Re-engagement,100494,Evergreen Analytics Group,Delta,100184,,,,,,,101854,,,,,
100232,Contact,104030,aisha.larsson@examplecorp.test,Diego Costa,2023-08-12 04:41:00,rowan.silva@sampleco.test,Priya Dorsey,2026-01-10 23:35:00,rowan.reyes@examplecorp.test,Reese Kim,2026-01-05 07:18:00,morgan.sloan@acme-fake.test,Jamie Silva,2025-10-30 12:42:00,Y,Noah Nguyen,Avery Nguyen,Reese Sloan,SKU-4582,Support Specialist,,,,,,,1875,TAG-5479,REF-1265,reese.sloan@sampleco.test,,,,Active,,100481,100702,,,,,,,100389,,100277,Alpha,100735,,,,,,,liam.cohen@sampleco.test,mei.whitfield@demomail.test,Quarterly Newsletter,100405,,Delta,,,,,,,,,,,,Y,
100704,Contact,104033,elena.mercer@examplecorp.test,Drew Larsson,2025-04-14 04:06:00,morgan.blake@acme-fake.test,Fatima Sloan,2023-05-01 20:54:00,nina.reyes@demomail.test,Marco Whitfield,2023-12-14 00:31:00,rahul.kim@examplecorp.test,Mei Larsson,2025-10-12 07:38:00,Y,Riley Sato,Yara Sato,Marco Rossi,,Support Specialist,,,,,,,1846,SKU-2169,LOT-8425,marco.rossi@sampleco.test,,,,Active,100153,,100617,100177,100464,,,,,100343,,,Other,100040,,,Delta,,100750,,rahul.reyes@sampleco.test,liam.sato@examplecorp.test,Product Update,100272,Cobalt Networks Ltd,Other,,,,,,,,101849,,,,N,
100464,Contact,104034,mei.haddad@examplecorp.test,Morgan Dorsey,2023-07-05 22:08:00,emerson.ashby@examplecorp.test,Morgan Ivanov,2023-02-03 00:52:00,reese.brooks@acme-fake.test,Sofia Vance,2026-06-24 14:18:00,marco.brooks@demomail.test,Noah Ivanov,2022-12-26 11:39:00,Y,Reese Whitfield,Elena Cohen,Yara Whitfield,TAG-2533,Software Developer,,,,,,,,,SKU-3216,yara.whitfield@sampleco.test,,,,Active,100094,100398,100203,,100056,,,,,,,,Delta,100447,,,Alpha,100051,100784,,arjun.costa@demomail.test,diego.mercer@examplecorp.test,Quarterly Newsletter,100576,Summit Dynamics LLP,Delta,,,,,,,,,,,,N,
100208,Contact,104035,mei.blake@acme-fake.test,Skyler Okafor,2025-02-21 23:50:00,reese.okafor@acme-fake.test,Avery Ashby,2023-11-09 03:19:00,elena.garcia@sampleco.test,Drew Silva,2023-09-11 20:36:00,taylor.silva@examplecorp.test,Jamie Patel,2026-06-18 23:00:00,Y,Avery Larsson,Priya Vance,Noah Ivanov,,Operations Associate,,,,,,,,TAG-9889,REF-8322,noah.ivanov@sampleco.test,,,,Active,,100403,100245,100342,,,,,,100684,,100368,Delta,100684,,,Other,,100280,,chen.sloan@examplecorp.test,noah.cohen@acme-fake.test,Event Invite,100186,Meridian Group Corp,Beta,,,,,,,,101850,,,,N,
100770,Contact,104038,elena.silva@acme-fake.test,Jordan Haddad,2026-07-23 18:41:00,fatima.vance@demomail.test,Yara Ashby,2026-04-04 16:15:00,casey.ashby@acme-fake.test,Avery Garcia,2025-10-22 07:30:00,skyler.mercer@acme-fake.test,Omar Larsson,2025-07-09 11:12:00,N,Drew Ashby,Omar Reyes,Nina Brooks,LOT-8553,Customer Success Manager,,,,,Other,,,,SKU-9478,nina.brooks@sampleco.test,,,,Inactive,,100588,100803,100720,,,,,,100664,,100161,Alpha,100522,,,Standard,100520,100383,,liam.ford@sampleco.test,aisha.mensah@acme-fake.test,Quarterly Newsletter,100192,Brightpath Robotics Inc,Alpha,,,,,3,,,101825,N,,,Y,
100142,Contact,104039,elena.haddad@acme-fake.test,Drew Sato,2023-04-02 17:17:00,jordan.vance@sampleco.test,Rahul Ford,2023-06-16 12:05:00,skyler.mercer@examplecorp.test,Taylor Okafor,2023-05-06 07:50:00,quinn.calder@examplecorp.test,Nina Reyes,2024-11-10 03:17:00,Y,Casey Ford,Emerson Ashby,Yara Mensah,SKU-4068,Project Manager,,,,,,,,TAG-9098,LOT-6165,yara.mensah@demomail.test,,,,Active,100206,,100239,100437,,,,,,,,,Delta,100056,,,,,,,quinn.mercer@acme-fake.test,emerson.okafor@sampleco.test,Product Update,100146,Atlas Group Inc,Other,100139,,,,,,,,,,,Y,
100223,Contact,104042,rahul.dorsey@demomail.test,Yara Ford,2024-09-05 00:42:00,mei.nguyen@examplecorp.test,Alex Silva,2023-02-05 13:18:00,jamie.ashby@demomail.test,Alex Haddad,2023-05-04 10:32:00,omar.ashby@acme-fake.test,Alex Reyes,2024-06-27 03:48:00,Y,Jordan Garcia,Omar Garcia,Yara Nguyen,SKU-7365,Payroll Specialist,,,Delta,,,,,,TAG-3925,yara.nguyen@acme-fake.test,,,,Active,100634,,100522,100176,100117,,,,,,,100190,Other,100254,,,Other,100670,,,jordan.ford@examplecorp.test,reese.reyes@acme-fake.test,Event Invite,100652,,Alpha,100360,,0,8,,,,101836,N,,,,
100520,Contact,104043,liam.ashby@demomail.test,Rahul Sato,2024-10-20 22:35:00,priya.dorsey@sampleco.test,Taylor Costa,2023-06-12 22:04:00,mei.okafor@sampleco.test,Yara Patel,2024-11-16 12:08:00,aisha.larsson@acme-fake.test,Casey Larsson,2023-05-01 00:17:00,Y,Mei Larsson,Taylor Cohen,Quinn Costa,SKU-7994,Executive Assistant,,,,,,,,,LOT-1270,quinn.costa@sampleco.test,,,,Active,100631,,100664,,100763,,,,,100473,,100053,Gamma,100241,,,,,,,riley.sloan@acme-fake.test,liam.reyes@examplecorp.test,Event Invite,100803,Blue Ridge Partners,,,,,,,,,101804,Y,,,,
100339,Contact,104046,liam.calder@examplecorp.test,Alex Whitfield,2026-05-02 18:18:00,casey.reyes@examplecorp.test,Avery Blake,2023-07-20 05:18:00,mei.sloan@sampleco.test,Noah Vance,2024-10-19 23:02:00,quinn.dorsey@sampleco.test,Quinn Okafor,2024-10-01 02:33:00,N,Morgan Vance,Noah Ford,Emerson Calder,SKU-8446,Recruiter,,,,,Standard,,,,REF-7707,emerson.calder@examplecorp.test,,,,Inactive,100704,100395,100398,100398,100632,,,,,100780,,,Standard,100641,,,,100066,,,morgan.sato@examplecorp.test,nina.ashby@demomail.test,Event Invite,100217,Northwind Health Co,Gamma,100308,,3,,8,,,101797,,,,,
100106,Contact,104047,drew.sato@examplecorp.test,Riley Reyes,2024-12-05 07:17:00,elena.patel@examplecorp.test,Sofia Blake,2025-08-24 12:39:00,rahul.vance@sampleco.test,Morgan Kim,2026-03-08 17:39:00,arjun.ford@demomail.test,Nina Blake,2025-03-06 18:21:00,Y,Quinn Sato,Fatima Brooks,Elena Kim,SKU-2890,HR Generalist,,,Other,,,,,TAG-7167,SKU-9043,elena.kim@sampleco.test,,,,Active,,100538,100344,100645,100758,,,,,,,100681,Standard,100551,,,Delta,,,,drew.larsson@demomail.test,skyler.patel@sampleco.test,Quarterly Newsletter,100190,,,100462,,,,,,,,Y,,,N,
100454,Contact,104050,skyler.blake@acme-fake.test,Morgan Vance,2024-02-04 17:21:00,aisha.kim@sampleco.test,Avery Garcia,2025-07-17 05:29:00,yara.patel@sampleco.test,Skyler Larsson,2024-11-19 11:01:00,noah.dorsey@examplecorp.test,Yara Nguyen,2023-06-13 21:45:00,N,Chen Garcia,Liam Costa,Quinn Ashby,LOT-9964,QA Engineer,,,,,,,,REF-9206,TAG-8260,quinn.ashby@acme-fake.test,,,,Inactive,100161,100676,100604,,100182,,,,,100189,,100182,Alpha,100579,,,,,100708,,priya.sloan@examplecorp.test,jamie.whitfield@demomail.test,Re-engagement,100487,,,100217,,,,,,,101795,,,,,
100079,Contact,104051,jamie.mercer@sampleco.test,Marco Brooks,2025-07-07 08:55:00,riley.ashby@demomail.test,Omar Kim,2023-08-14 21:54:00,chen.nguyen@sampleco.test,Omar Sloan,2023-07-23 09:42:00,marco.haddad@examplecorp.test,Quinn Okafor,2024-12-17 16:37:00,N,Emerson Okafor,Arjun Rossi,Morgan Silva,LOT-4818,Customer Success Manager,,,,,,,,SKU-2536,TAG-6019,morgan.silva@demomail.test,,,,Inactive,,,100309,100440,100679,,,,,100574,,,Delta,100010,,,,100235,100447,,priya.rossi@acme-fake.test,mei.mensah@demomail.test,Renewal Nudge,100126,,,100323,,,,,,,101804,,,,,
100750,Contact,104053,elena.whitfield@examplecorp.test,Drew Cohen,2025-08-17 15:31:00,arjun.haddad@sampleco.test,Fatima Calder,2023-02-02 12:47:00,sofia.ivanov@sampleco.test,Sofia Mercer,2023-10-30 05:33:00,noah.haddad@sampleco.test,Jordan Cohen,2024-06-06 14:38:00,Y,Marco Patel,Riley Ashby,Casey Patel,SKU-7008,Bookkeeper,,,Beta,,,,,,SKU-1691,casey.patel@sampleco.test,,,,Active,,100481,100308,100224,100302,,,,,100434,,100750,Other,100192,,,Delta,100685,100141,,fatima.okafor@acme-fake.test,taylor.blake@demomail.test,Quarterly Newsletter,100517,Falcon Energy,Alpha,,,,,,,,101790,,,,Y,
100408,Contact,104056,fatima.ashby@demomail.test,Morgan Patel,2025-01-22 01:11:00,priya.ivanov@demomail.test,Yara Nguyen,2024-10-01 21:29:00,rowan.sloan@acme-fake.test,Liam Mensah,2023-04-28 16:37:00,aisha.ivanov@demomail.test,Morgan Dorsey,2023-04-16 22:49:00,Y,Mei Reyes,Quinn Larsson,Morgan Ivanov,SKU-7259,Financial Analyst,,,,,,,,,REF-9224,morgan.ivanov@sampleco.test,,,,Active,,,100503,100142,100685,,,,,,,100015,Alpha,100083,,,,100044,100079,,jamie.kim@acme-fake.test,casey.nguyen@acme-fake.test,Quarterly Newsletter,100213,,Delta,100107,,1,,,,,101869,Y,,,,
100403,Contact,104058,yara.kim@sampleco.test,Liam Okafor,2023-11-18 03:41:00,noah.mercer@examplecorp.test,Sofia Mercer,2023-08-19 17:07:00,jamie.cohen@demomail.test,Taylor Nguyen,2025-10-07 03:44:00,arjun.vance@acme-fake.test,Aisha Whitfield,2025-06-25 00:51:00,Y,Priya Calder,Chen Mercer,Emerson Blake,LOT-9568,Software Developer,,,,,,LOT-4951,,,LOT-5487,emerson.blake@acme-fake.test,,,,Active,100177,100015,100565,100531,100103,,,,,100073,,100128,Standard,100277,,,Beta,100681,100075,,aisha.costa@examplecorp.test,yara.reyes@demomail.test,Renewal Nudge,100565,Copper Holdings Inc,Standard,100034,,,,,,,101826,Y,,,,
100097,Contact,104061,quinn.okafor@sampleco.test,Elena Ashby,2023-05-10 02:22:00,noah.brooks@demomail.test,Sofia Brooks,2025-10-01 08:38:00,yara.sato@examplecorp.test,Priya Kim,2023-07-23 12:42:00,priya.mensah@examplecorp.test,Reese Whitfield,2025-12-25 23:00:00,Y,Morgan Silva,Avery Ford,Arjun Blake,LOT-2962,Data Analyst,,,,,,,,,LOT-8500,arjun.blake@demomail.test,,,,Active,100574,100333,100351,100003,100014,,,,,100676,,100702,Gamma,100690,,,Beta,,100408,,liam.costa@sampleco.test,drew.kim@examplecorp.test,Re-engagement,100415,Horizon Holdings Ltd,,100197,,,,1,,,,,,,Y,
100408,Contact,104063,sofia.nguyen@sampleco.test,Yara Silva,2025-10-03 15:49:00,arjun.costa@acme-fake.test,Mei Rossi,2023-01-26 19:03:00,sofia.ford@acme-fake.test,Aisha Larsson,2023-05-11 16:43:00,alex.cohen@examplecorp.test,Omar Cohen,2023-11-05 14:19:00,Y,Rowan Whitfield,Aisha Garcia,Marco Sloan,TAG-8908,Payroll Specialist,,,,,,,,,REF-4455,marco.sloan@demomail.test,,,,Active,100565,100302,100322,100742,100146,,,,,,,100539,Other,100243,,,Other,,100146,,casey.ashby@demomail.test,priya.mercer@acme-fake.test,Event Invite,100352,,,100708,,,,,,,,,,,N,
100511,Contact,104065,reese.larsson@acme-fake.test,Jordan Ivanov,2022-12-18 19:27:00,morgan.kim@examplecorp.test,Drew Cohen,2023-05-31 19:55:00,avery.rossi@acme-fake.test,Omar Haddad,2022-11-04 17:50:00,rowan.sato@demomail.test,Skyler Reyes,2026-04-17 09:44:00,N,Taylor Calder,Omar Dorsey,Omar Vance,,Financial Analyst,,,,,,,,,REF-2569,omar.vance@sampleco.test,,,,Inactive,100158,,100281,,100395,,,,,100576,,100672,Standard,100654,,,,100656,100641,,skyler.vance@demomail.test,noah.ivanov@demomail.test,Renewal Nudge,100712,Brightpath Holdings Ltd,,100212,,,,,,,,,,,Y,
100736,Contact,104068,rahul.ford@demomail.test,Emerson Mensah,2024-01-15 19:56:00,noah.blake@sampleco.test,Drew Nguyen,2025-08-12 09:30:00,elena.sloan@examplecorp.test,Taylor Silva,2023-05-06 05:43:00,avery.sato@acme-fake.test,Omar Patel,2023-07-28 11:20:00,N,Sofia Sloan,Jordan Rossi,Priya Sloan,REF-9873,QA Engineer,,,,,,,,,TAG-4640,priya.sloan@examplecorp.test,,,,Inactive,100638,,100615,100649,,,,,,,,,Other,100310,,,Other,,,,quinn.rossi@acme-fake.test,liam.calder@examplecorp.test,Event Invite,100704,,Alpha,100182,,,,,,,101818,,,,Y,
100383,Contact,104070,aisha.dorsey@demomail.test,Skyler Patel,2022-12-07 18:55:00,nina.okafor@acme-fake.test,Marco Whitfield,2023-06-23 18:06:00,rahul.garcia@acme-fake.test,Diego Blake,2023-06-03 13:02:00,omar.kim@examplecorp.test,Mei Larsson,2023-01-07 09:20:00,N,Emerson Costa,Riley Costa,Reese Garcia,TAG-7438,Recruiter,,SKU-6969,,,,,,LOT-2431,TAG-9013,reese.garcia@acme-fake.test,,,,Inactive,,100029,100765,,,,,,,,,100702,Other,100197,,Y,Gamma,,,,marco.dorsey@acme-fake.test,omar.garcia@examplecorp.test,Quarterly Newsletter,100146,,,100628,,,,,,,101826,,,,Y,
100400,Contact,104072,liam.costa@examplecorp.test,Elena Ashby,2023-11-15 06:06:00,fatima.garcia@acme-fake.test,Jordan Whitfield,2024-04-21 18:39:00,yara.garcia@examplecorp.test,Morgan Mercer,2025-05-01 19:00:00,arjun.ford@examplecorp.test,Alex Mercer,2026-03-24 16:04:00,N,Chen Blake,Jordan Sato,Nina Larsson,SKU-3512,Accountant,,,,,,,,,REF-2797,nina.larsson@sampleco.test,,,,Inactive,100041,,100410,100627,100696,,,,,100676,,100209,Alpha,100729,,,,,100215,,rowan.vance@sampleco.test,diego.cohen@examplecorp.test,Re-engagement,100771,,Standard,,,,,2,,,101786,,,,Y,
100593,Contact,104075,mei.patel@acme-fake.test,Liam Nguyen,2022-11-19 15:42:00,taylor.mensah@sampleco.test,Arjun Calder,2024-03-24 11:45:00,mei.garcia@sampleco.test,Rowan Okafor,2026-05-07 14:05:00,liam.cohen@acme-fake.test,Avery Sloan,2025-07-05 17:58:00,Y,Fatima Blake,Quinn Ford,Avery Vance,TAG-2793,Recruiter,,TAG-4714,,,,,,,SKU-5957,avery.vance@acme-fake.test,,,,Active,,,100429,100025,,,,,,,,100319,Gamma,100034,,,,100551,,,quinn.larsson@demomail.test,rowan.brooks@demomail.test,Renewal Nudge,100784,Summit Media,,100598,,6,5,,,,,,,,,N
100008,Contact,104076,jordan.costa@examplecorp.test,Arjun Whitfield,2023-07-19 10:38:00,casey.patel@examplecorp.test,Drew Ashby,2025-09-22 09:13:00,jamie.rossi@demomail.test,Emerson Haddad,2025-12-04 03:01:00,elena.dorsey@sampleco.test,Liam Larsson,2023-11-06 03:26:00,Y,Priya Larsson,Rahul Reyes,Aisha Kim,TAG-5660,Recruiter,,,,,,LOT-3761,,,REF-8691,aisha.kim@sampleco.test,,,,Active,,100432,100474,,,,,,,,,100097,Gamma,100638,,,Standard,100051,100646,,nina.costa@sampleco.test,casey.haddad@sampleco.test,Event Invite,100417,Pioneer Networks Ltd,,100749,,,,,,,101786,,,,,
100386,Contact,104079,marco.ford@examplecorp.test,Fatima Nguyen,2023-01-15 21:41:00,avery.mensah@examplecorp.test,Quinn Patel,2023-06-17 23:46:00,rowan.dorsey@sampleco.test,Riley Reyes,2025-11-04 00:13:00,skyler.sloan@sampleco.test,Drew Kim,2023-06-24 12:36:00,Y,Nina Sato,Aisha Mensah,Mei Ivanov,REF-3065,Project Manager,,,,,,,,,LOT-4553,mei.ivanov@acme-fake.test,,,,Active,,100185,100186,,100026,SKU-9975,,,,,,100382,Delta,100031,,,Delta,100454,100132,,diego.ford@demomail.test,rowan.kim@acme-fake.test,Renewal Nudge,100736,Atlas Dynamics Inc,,100792,,,,,,,,,,,,
100075,Contact,104082,chen.dorsey@acme-fake.test,Arjun Brooks,2023-09-25 11:09:00,quinn.patel@examplecorp.test,Morgan Sloan,2022-10-27 01:02:00,elena.silva@sampleco.test,Diego Larsson,2025-07-04 09:05:00,quinn.mensah@examplecorp.test,Morgan Mercer,2024-08-25 12:01:00,Y,Rowan Whitfield,Jordan Whitfield,Elena Mercer,LOT-3960,Marketing Coordinator,,,,,,,,,LOT-2267,elena.mercer@examplecorp.test,,,,Active,100782,100298,100440,100607,100083,,,,,100056,,100720,Alpha,100122,,,Standard,,100023,,skyler.okafor@demomail.test,skyler.blake@acme-fake.test,Product Update,100473,,Gamma,100044,,,,,,,101832,,,,,
100443,Contact,104084,jordan.garcia@examplecorp.test,Emerson Vance,2023-03-19 06:32:00,quinn.vance@acme-fake.test,Taylor Ashby,2024-01-06 15:41:00,drew.ashby@demomail.test,Mei Brooks,2023-02-24 09:15:00,skyler.kim@sampleco.test,Jordan Whitfield,2024-07-08 19:32:00,Y,Sofia Mercer,Noah Sloan,Sofia Silva,REF-7522,Financial Analyst,,,,,,,,,SKU-7633,sofia.silva@examplecorp.test,,,,Active,100075,100239,100099,100329,,,,,,100585,,100075,Gamma,100316,,,,100262,100169,,alex.blake@sampleco.test,skyler.calder@demomail.test,Quarterly Newsletter,100016,,,,,,,,,,101826,,,,,
100008,Contact,104087,marco.brooks@demomail.test,Jamie Dorsey,2024-03-16 16:08:00,riley.garcia@sampleco.test,Skyler Dorsey,2026-06-09 00:12:00,jordan.sloan@demomail.test,Drew Nguyen,2023-05-22 05:53:00,sofia.vance@acme-fake.test,Omar Brooks,2025-01-31 16:13:00,Y,Drew Mercer,Mei Haddad,Fatima Patel,SKU-1890,Recruiter,,,,Alpha,,,,TAG-7714,SKU-2095,fatima.patel@sampleco.test,,,,Active,,100753,100755,,100758,REF-1602,,,,100688,,,Delta,100720,,,Delta,100617,100282,,riley.okafor@sampleco.test,liam.sato@examplecorp.test,Event Invite,100440,Harbor Capital Co,,100213,,,,,,,,,,,N,
100079,Contact,104089,quinn.costa@sampleco.test,Quinn Calder,2024-10-10 16:16:00,emerson.silva@acme-fake.test,Omar Calder,2025-12-10 06:59:00,taylor.mensah@sampleco.test,Arjun Haddad,2023-03-02 17:44:00,rahul.sloan@demomail.test,Quinn Haddad,2023-04-08 23:48:00,Y,Nina Mercer,Omar Ford,Rahul Cohen,REF-3057,Accountant,,,,,,,,,REF-5730,rahul.cohen@examplecorp.test,,,,Active,100205,,100548,100758,100485,,,,,100527,,100185,Gamma,100156,,,,,,,rowan.cohen@acme-fake.test,morgan.okafor@acme-fake.test,Renewal Nudge,100803,,Beta,100631,,,,,,,101876,,,,N,
100026,Contact,104090,jordan.okafor@acme-fake.test,Noah Ashby,2026-02-03 10:00:00,arjun.calder@examplecorp.test,Sofia Haddad,2022-10-25 21:32:00,morgan.mensah@sampleco.test,Riley Silva,2026-01-07 20:07:00,taylor.garcia@demomail.test,Priya Reyes,2025-11-09 22:43:00,Y,Alex Costa,Yara Silva,Jordan Kim,LOT-7499,Customer Success Manager,,,,,,,,,LOT-4394,jordan.kim@sampleco.test,,,,Active,100679,100531,100322,100184,,LOT-2223,,,,100673,,,Alpha,100103,,Y,Alpha,100029,100142,,sofia.kim@demomail.test,chen.sato@examplecorp.test,Renewal Nudge,100009,Blue Ridge Capital Group,,100735,,,,,,,101870,N,,,Y,
100459,Contact,104092,sofia.sato@demomail.test,Marco Haddad,2026-03-23 11:23:00,priya.whitfield@acme-fake.test,Taylor Vance,2025-08-30 20:06:00,avery.garcia@demomail.test,Fatima Okafor,2024-09-05 21:59:00,jamie.mercer@acme-fake.test,Skyler Mensah,2024-05-27 13:03:00,Y,Chen Mensah,Riley Ivanov,Marco Ivanov,TAG-6020,Executive Assistant,,,,,,,,LOT-6015,LOT-2113,marco.ivanov@sampleco.test,,,,Active,100280,,100031,100119,100613,,,,,100492,,100083,Alpha,100290,,,,100432,100690,,skyler.sloan@demomail.test,mei.calder@sampleco.test,Quarterly Newsletter,100720,,Alpha,,,,,,,,,,,,Y,
100336,Contact,104095,priya.vance@sampleco.test,Jamie Mensah,2023-09-06 21:38:00,diego.okafor@acme-fake.test,Taylor Rossi,2026-05-10 04:13:00,drew.vance@sampleco.test,Arjun Cohen,2026-03-22 01:16:00,alex.brooks@examplecorp.test,Sofia Whitfield,2023-12-26 17:15:00,Y,Reese Patel,Yara Garcia,Riley Costa,TAG-1545,Data Analyst,,,,,,,,,REF-9704,riley.costa@sampleco.test,,,,Active,100496,100604,100206,100420,100239,,,,,,,100522,Other,100255,,,Gamma,100722,,,jordan.vance@sampleco.test,reese.kim@examplecorp.test,Event Invite,100400,Falcon Labs Corp,,100569,,,,,,,,,,,,
100232,Contact,104097,jamie.ivanov@sampleco.test,Quinn Nguyen,2025-03-06 04:00:00,omar.whitfield@examplecorp.test,Taylor Garcia,2024-03-25 10:03:00,nina.vance@demomail.test,Quinn Patel,2025-09-18 03:19:00,diego.calder@sampleco.test,Riley Silva,2025-11-26 06:47:00,N,Drew Dorsey,Elena Kim,Mei Dorsey,SKU-3442,Support Specialist,,TAG-9587,Beta,,,,,,REF-5599,mei.dorsey@sampleco.test,,,,Inactive,,100161,100799,100454,,,,,,100771,,100134,Beta,100490,,,Delta,,100290,,emerson.whitfield@acme-fake.test,taylor.ford@examplecorp.test,Product Update,100464,,Other,,,,,,,,101797,,,,,
100360,Contact,104100,morgan.dorsey@examplecorp.test,Jamie Larsson,2026-02-03 09:16:00,chen.dorsey@acme-fake.test,Riley Larsson,2024-04-30 09:47:00,diego.mercer@acme-fake.test,Omar Vance,2024-10-11 04:53:00,reese.kim@demomail.test,Emerson Ashby,2022-10-05 16:11:00,Y,Fatima Haddad,Riley Ivanov,Skyler Blake,LOT-7976,QA Engineer,,,,,,,,,TAG-9200,skyler.blake@examplecorp.test,,,,Active,100242,,100212,,,,,,,100434,,100456,Standard,100172,,Y,,,,,nina.reyes@examplecorp.test,quinn.brooks@demomail.test,Re-engagement,100340,Redwood Health Corp,Alpha,,,,,,,,101821,N,,,,
100477,Contact,104102,marco.ford@sampleco.test,Rowan Sato,2024-08-15 10:23:00,aisha.mercer@demomail.test,Drew Whitfield,2024-11-25 10:16:00,marco.dorsey@acme-fake.test,Skyler Reyes,2023-04-25 09:42:00,marco.calder@examplecorp.test,Aisha Nguyen,2025-03-03 03:16:00,Y,Rahul Rossi,Skyler Sloan,Skyler Kim,LOT-2842,Support Specialist,,,,,,,,SKU-8123,LOT-7060,skyler.kim@acme-fake.test,,,,Active,100053,,100771,,100192,,,,,100080,,,Other,100518,,,Standard,100343,,,mei.calder@acme-fake.test,avery.reyes@examplecorp.test,Re-engagement,100089,Horizon Logistics LLP,,,,,,,,,101862,,,,N,N
100186,Contact,104105,aisha.blake@demomail.test,Fatima Ivanov,2024-02-21 12:19:00,avery.haddad@sampleco.test,Quinn Patel,2024-03-21 13:38:00,morgan.larsson@sampleco.test,Rahul Calder,2025-02-07 03:07:00,quinn.costa@acme-fake.test,Elena Rossi,2023-05-07 15:33:00,Y,Fatima Ford,Taylor Kim,Diego Mensah,,Support Specialist,,,,,Alpha,,,,SKU-6990,diego.mensah@acme-fake.test,,,,Active,100058,,100262,,,,,,,100239,,100523,Beta,100755,,,,,100634,,taylor.sloan@examplecorp.test,drew.mercer@sampleco.test,Re-engagement,100053,Cardinal Solutions,Beta,100652,,,,,,,101832,N,,,,
100060,Contact,104106,chen.haddad@examplecorp.test,Priya Sloan,2023-07-16 11:24:00,jordan.vance@examplecorp.test,Arjun Costa,2023-05-30 12:05:00,reese.mensah@acme-fake.test,Jordan Sato,2024-02-25 13:35:00,rahul.blake@demomail.test,Quinn Reyes,2026-03-19 17:36:00,Y,Taylor Vance,Rahul Costa,Rahul Costa,TAG-9008,Accountant,,TAG-3136,,,,,,,LOT-5190,rahul.costa@examplecorp.test,,,,Active,,100492,100413,100532,100115,,,,,100679,,100288,Gamma,100353,,,Beta,100314,,,taylor.brooks@demomail.test,skyler.patel@sampleco.test,Event Invite,100437,Summit Logistics Co,,100034,,,,0,,,101825,,,,,
100110,Contact,104108,riley.cohen@sampleco.test,Omar Mensah,2026-06-10 22:23:00,omar.sloan@examplecorp.test,Jordan Ivanov,2022-10-21 01:11:00,diego.mercer@acme-fake.test,Avery Larsson,2025-03-30 10:55:00,jamie.reyes@examplecorp.test,Alex Mensah,2023-05-01 10:44:00,Y,Aisha Cohen,Arjun Reyes,Mei Brooks,TAG-6396,Operations Associate,,,,,,,,,LOT-5728,mei.brooks@examplecorp.test,,,,Active,,,100462,100342,,TAG-3105,,,,100750,,,Other,100398,,,,100673,100616,,skyler.garcia@examplecorp.test,liam.sloan@acme-fake.test,Event Invite,100487,,Standard,100080,,,,,,,,,,,N,
100532,Contact,104111,emerson.ford@sampleco.test,Nina Nguyen,2025-06-26 13:03:00,elena.brooks@sampleco.test,Skyler Vance,2026-03-17 00:37:00,omar.reyes@examplecorp.test,Riley Mercer,2026-05-28 11:30:00,casey.vance@acme-fake.test,Rahul Okafor,2025-11-02 03:27:00,N,Mei Blake,Avery Reyes,Morgan Okafor,SKU-6952,Recruiter,,,,,,,,,SKU-9109,morgan.okafor@sampleco.test,,,,Inactive,100205,100380,100185,100044,100694,,,,,,,100377,Other,100295,,,Alpha,100386,100398,,aisha.haddad@sampleco.test,marco.nguyen@examplecorp.test,Quarterly Newsletter,100325,,Other,100215,,,,,,,,,,,N,
100555,Contact,104112,arjun.cohen@acme-fake.test,Aisha Ford,2023-10-09 09:06:00,nina.dorsey@acme-fake.test,Quinn Ashby,2026-05-28 02:44:00,omar.sato@sampleco.test,Mei Reyes,2022-12-30 18:25:00,diego.calder@sampleco.test,Casey Mensah,2024-01-15 17:36:00,Y,Emerson Brooks,Jamie Ivanov,Emerson Nguyen,TAG-9868,Data Analyst,,,,,,,2968,,TAG-6470,emerson.nguyen@acme-fake.test,,,,Active,100415,,100161,,,REF-1556,,,,,,,Other,100374,,,,100343,,,morgan.ivanov@examplecorp.test,marco.rossi@acme-fake.test,Event Invite,100136,Cobalt Ventures Inc,Beta,100786,,,,,,,101827,,,,,
100398,Contact,104114,rowan.larsson@acme-fake.test,Drew Blake,2023-07-04 04:09:00,taylor.ashby@sampleco.test,Nina Vance,2026-07-09 12:28:00,morgan.brooks@sampleco.test,Chen Reyes,2025-09-11 13:23:00,emerson.mercer@sampleco.test,Noah Rossi,2026-06-26 12:39:00,N,Sofia Mensah,Sofia Sloan,Avery Whitfield,SKU-6952,Bookkeeper,,,,,,,,,SKU-2694,avery.whitfield@acme-fake.test,,,,Inactive,,100295,100120,100040,100184,,,,,,,,Gamma,100688,,,,,100403,,priya.rossi@acme-fake.test,drew.kim@acme-fake.test,Event Invite,100356,,Alpha,100667,,,,,,,101862,,,,Y,
100443,Contact,104117,taylor.dorsey@demomail.test,Sofia Calder,2024-03-17 23:53:00,morgan.rossi@sampleco.test,Rahul Brooks,2025-02-07 17:20:00,riley.reyes@demomail.test,Arjun Mercer,2026-05-27 17:24:00,reese.whitfield@examplecorp.test,Quinn Haddad,2023-06-11 22:03:00,Y,Marco Nguyen,Elena Ashby,Taylor Ivanov,REF-8352,QA Engineer,,,,,,,,,SKU-7670,taylor.ivanov@sampleco.test,,,,Active,100522,,100255,100143,100587,,,,,100073,,100386,Beta,100523,,,,100429,100593,,yara.okafor@acme-fake.test,marco.whitfield@demomail.test,Event Invite,100269,,Alpha,100020,,3,,,,,101816,,,,Y,
100037,Contact,104119,yara.sato@demomail.test,Diego Patel,2025-08-16 17:08:00,priya.dorsey@demomail.test,Sofia Mensah,2025-10-12 19:00:00,avery.silva@demomail.test,Riley Mercer,2023-11-19 23:49:00,diego.ivanov@examplecorp.test,Emerson Kim,2026-03-24 11:43:00,N,Fatima Ford,Avery Ashby,Rowan Whitfield,LOT-8002,QA Engineer,,,,,,,,SKU-9873,REF-4682,rowan.whitfield@sampleco.test,,,,Inactive,100408,100424,100601,100456,100777,LOT-5379,,,,,,,Other,100604,,,Alpha,,100408,,mei.mensah@sampleco.test,liam.costa@acme-fake.test,Product Update,100467,,Standard,,,,,,,,101838,,,,N,
100705,Contact,104122,reese.garcia@demomail.test,Jamie Garcia,2025-10-21 12:05:00,rahul.nguyen@sampleco.test,Liam Reyes,2024-11-17 03:55:00,taylor.whitfield@sampleco.test,Jordan Ford,2024-09-17 21:02:00,reese.silva@examplecorp.test,Fatima Brooks,2026-03-14 00:11:00,Y,Quinn Mercer,Yara Haddad,Riley Costa,LOT-4699,Bookkeeper,,,,,,,,SKU-3572,REF-9046,riley.costa@acme-fake.test,,,,Active,100415,,100457,,100607,,,,,,,100368,Other,100532,,,Alpha,,100103,,priya.dorsey@examplecorp.test,nina.whitfield@examplecorp.test,Renewal Nudge,100382,,Gamma,100750,,,,,,,101846,,,,N,
100322,Contact,104124,mei.dorsey@demomail.test,Liam Okafor,2023-10-22 08:09:00,emerson.ivanov@acme-fake.test,Quinn Garcia,2025-04-08 06:55:00,morgan.vance@demomail.test,Omar Mercer,2023-04-14 00:21:00,skyler.larsson@sampleco.test,Arjun Mercer,2023-05-10 11:44:00,N,Omar Garcia,Jamie Blake,Omar Larsson,SKU-8499,Marketing Coordinator,,,,,,REF-8617,,,REF-7504,omar.larsson@demomail.test,,,,Inactive,,,100111,,,,,,,,,,Gamma,100377,,,,,,,yara.patel@examplecorp.test,morgan.ivanov@demomail.test,Re-engagement,100248,,Standard,100750,,2,,,,,,,,,N,
100094,Contact,104126,omar.ivanov@acme-fake.test,Liam Larsson,2023-01-06 01:27:00,yara.silva@examplecorp.test,Reese Cohen,2025-12-29 04:11:00,omar.nguyen@sampleco.test,Jordan Sato,2025-11-16 14:59:00,noah.brooks@sampleco.test,Alex Calder,2024-01-26 07:33:00,Y,Rahul Brooks,Drew Garcia,Nina Silva,LOT-2059,Executive Assistant,,,,,,,3470,,REF-6271,nina.silva@examplecorp.test,,,,Active,,,100176,100134,100120,,,,,100319,,,Other,100143,,,Delta,,100468,,morgan.sato@acme-fake.test,alex.nguyen@demomail.test,Quarterly Newsletter,100016,,Beta,,,,,,,,101857,,,,N,
100646,Contact,104129,quinn.kim@examplecorp.test,Liam Silva,2023-12-20 00:23:00,emerson.mensah@sampleco.test,Aisha Haddad,2026-05-23 10:36:00,casey.dorsey@sampleco.test,Diego Larsson,2024-03-30 07:20:00,riley.haddad@demomail.test,Noah Vance,2026-05-06 20:06:00,Y,Yara Sato,Yara Brooks,Chen Nguyen,SKU-4304,Marketing Coordinator,,,,,,,,,REF-7845,chen.nguyen@sampleco.test,,,,Active,100165,,100459,,,,,,,,,100780,Delta,100010,,,Other,100184,100596,,sofia.dorsey@sampleco.test,alex.blake@examplecorp.test,Renewal Nudge,100293,Blue Ridge Solutions Group,Standard,100110,,,,8,,,,,,,Y,
100104,Contact,104132,noah.garcia@acme-fake.test,Elena Vance,2025-09-30 23:01:00,omar.silva@sampleco.test,Jamie Nguyen,2025-12-29 22:45:00,emerson.sato@examplecorp.test,Alex Costa,2024-10-01 13:56:00,emerson.whitfield@examplecorp.test,Liam Whitfield,2025-03-20 23:55:00,Y,Yara Calder,Taylor Costa,Elena Garcia,REF-3004,Software Developer,,,,,,,,,TAG-1130,elena.garcia@demomail.test,,,,Active,,,100634,100295,,,,,,100520,,100770,Delta,100343,,,Other,100481,100487,,fatima.sato@examplecorp.test,priya.mercer@examplecorp.test,Event Invite,100329,Cobalt Labs LLC,,,,,,,,,101867,,,,Y,
100083,Contact,104135,priya.okafor@sampleco.test,Elena Patel,2024-11-28 05:08:00,aisha.kim@acme-fake.test,Drew Silva,2025-11-20 17:39:00,taylor.costa@acme-fake.test,Priya Silva,2026-06-21 05:49:00,alex.brooks@acme-fake.test,Quinn Haddad,2026-01-29 09:01:00,Y,Quinn Sato,Rahul Rossi,Liam Rossi,TAG-7817,Operations Associate,,,,,,,,REF-8129,TAG-9056,liam.rossi@examplecorp.test,,,,Active,,,100168,100182,,,,,,100148,,100177,Delta,100421,,,Beta,100049,100551,,jordan.costa@examplecorp.test,elena.rossi@examplecorp.test,Re-engagement,100086,Delta Systems Co,Delta,100582,,,,,,,,,,,N,
100158,Contact,104136,jamie.mensah@acme-fake.test,Sofia Cohen,2025-11-14 00:15:00,mei.dorsey@acme-fake.test,Alex Dorsey,2025-09-23 03:48:00,avery.patel@examplecorp.test,Omar Nguyen,2026-05-11 14:41:00,emerson.reyes@demomail.test,Rahul Kim,2023-04-30 12:38:00,Y,Avery Vance,Quinn Cohen,Quinn Kim,LOT-2304,Payroll Specialist,,,,,,,,,SKU-7797,quinn.kim@examplecorp.test,,,,Active,,100708,100209,100437,100293,,,,,100772,,100272,Other,100171,,,Gamma,100240,100560,,elena.mensah@examplecorp.test,omar.ford@sampleco.test,Product Update,100290,Falcon Networks Corp,Delta,,,,,,,,101839,,,,,
100469,Contact,104139,marco.ford@demomail.test,Taylor Ashby,2024-04-17 13:53:00,priya.rossi@demomail.test,Diego Patel,2024-09-27 18:00:00,arjun.silva@acme-fake.test,Marco Ashby,2026-01-10 18:00:00,liam.kim@sampleco.test,Fatima Ashby,2023-11-15 19:43:00,Y,Emerson Garcia,Drew Mercer,Fatima Okafor,REF-1543,Operations Associate,,,,,,,,,TAG-3774,fatima.okafor@sampleco.test,,,,Active,100075,100051,100209,100255,100517,,,,,,,100288,Standard,100356,,,Delta,100195,,,skyler.haddad@sampleco.test,arjun.brooks@examplecorp.test,Quarterly Newsletter,100432,,,,,,,,,,101841,,,,N,
100484,Contact,104140,mei.kim@sampleco.test,Diego Kim,2025-12-13 06:35:00,drew.mensah@acme-fake.test,Priya Nguyen,2025-07-03 22:43:00,reese.nguyen@demomail.test,Mei Kim,2024-01-04 08:48:00,liam.calder@sampleco.test,Emerson Mercer,2023-09-18 03:16:00,Y,Taylor Silva,Morgan Mercer,Yara Vance,REF-2567,Bookkeeper,,,,,,,,,REF-1877,yara.vance@acme-fake.test,,,,Active,,100161,100126,,100542,,,,,100624,,,Alpha,100410,,,Alpha,100003,100177,,noah.mercer@acme-fake.test,sofia.ivanov@demomail.test,Product Update,100613,Blue Ridge Solutions Group,Beta,100498,,,1,,,,101816,,,,Y,
100400,Contact,104143,skyler.ford@sampleco.test,Emerson Dorsey,2026-07-02 10:28:00,reese.larsson@acme-fake.test,Reese Sato,2023-01-19 07:38:00,jordan.costa@demomail.test,Yara Costa,2024-10-25 03:17:00,priya.calder@sampleco.test,Reese Ashby,2024-06-30 12:06:00,N,Jamie Kim,Aisha Sloan,Rahul Ivanov,LOT-6522,Operations Associate,,,,,,,,,REF-4626,rahul.ivanov@examplecorp.test,,,,Inactive,,100462,100681,100604,100053,LOT-1006,,,,,,100245,Beta,100348,,,Delta,,,,quinn.dorsey@sampleco.test,arjun.sato@examplecorp.test,Event Invite,100649,,Standard,100573,,,,,,,,,,,Y,
100658,Contact,104146,alex.ashby@sampleco.test,Emerson Silva,2023-08-04 04:41:00,casey.reyes@sampleco.test,Aisha Silva,2023-07-03 15:29:00,skyler.patel@sampleco.test,Diego Okafor,2022-12-11 22:19:00,drew.sato@demomail.test,Liam Ashby,2026-05-09 19:51:00,Y,Marco Kim,Skyler Reyes,Emerson Reyes,REF-8036,Support Specialist,,,,,,,,,TAG-1711,emerson.reyes@demomail.test,,,,Active,100798,,100180,100329,,,,,,,,,Gamma,100447,,,,100579,100784,,priya.mercer@examplecorp.test,elena.reyes@sampleco.test,Event Invite,100319,Keystone Robotics Corp,,,,,,,,,,,,,,
100368,Contact,104147,diego.sato@sampleco.test,Morgan Sato,2026-07-31 13:50:00,sofia.silva@sampleco.test,Quinn Blake,2023-12-05 06:20:00,rahul.larsson@examplecorp.test,Diego Mercer,2026-05-18 21:03:00,casey.whitfield@examplecorp.test,Taylor Cohen,2025-08-04 18:15:00,N,Morgan Ivanov,Mei Dorsey,Rahul Ivanov,REF-4710,Payroll Specialist,,,,Alpha,,,,SKU-8164,REF-8108,rahul.ivanov@examplecorp.test,,,,Inactive,,,100523,,100313,,,,,100262,,100597,Other,100172,,,Other,,100803,,emerson.patel@examplecorp.test,taylor.haddad@examplecorp.test,Renewal Nudge,100143,Meridian Solutions Co,Other,,,,,,,,,,,,N,
100366,Contact,104150,liam.silva@acme-fake.test,Riley Reyes,2024-11-09 15:15:00,noah.reyes@sampleco.test,Marco Cohen,2025-07-28 12:03:00,alex.ford@demomail.test,Priya Sloan,2026-01-17 07:52:00,arjun.nguyen@examplecorp.test,Liam Mensah,2024-10-31 23:30:00,Y,Chen Ford,Arjun Haddad,Liam Silva,SKU-6827,Data Analyst,,,,Other,,,,REF-1545,LOT-7810,liam.silva@acme-fake.test,,,,Active,,,100359,,,,,,,,,100356,Standard,100042,,Y,Gamma,,,,emerson.larsson@acme-fake.test,noah.whitfield@sampleco.test,Quarterly Newsletter,100090,,Delta,,,,,,,,101797,,,,,
100309,Contact,104151,fatima.ashby@sampleco.test,Riley Blake,2025-03-15 06:39:00,omar.dorsey@sampleco.test,Quinn Ivanov,2024-11-23 02:08:00,casey.whitfield@examplecorp.test,Chen Haddad,2025-09-22 02:36:00,priya.reyes@acme-fake.test,Skyler Vance,2023-12-31 14:34:00,Y,Skyler Okafor,Riley Brooks,Aisha Mensah,LOT-6852,Financial Analyst,,,,Standard,,SKU-8774,,,LOT-7692,aisha.mensah@acme-fake.test,,,,Active,100552,100123,100332,100475,,,,,,,,100239,Beta,100111,,,Gamma,,100005,,alex.ivanov@acme-fake.test,riley.costa@sampleco.test,Renewal Nudge,100075,Lakeside Logistics LLC,Delta,,,,,,,,101814,,,,,
100551,Contact,104153,liam.sloan@demomail.test,Reese Calder,2025-06-21 21:33:00,quinn.garcia@demomail.test,Rahul Reyes,2025-01-24 23:21:00,fatima.cohen@examplecorp.test,Mei Ivanov,2022-10-20 10:47:00,alex.calder@demomail.test,Morgan Larsson,2025-09-16 01:16:00,N,Jordan Ford,Skyler Nguyen,Omar Silva,LOT-5607,Support Specialist,,,,,,,,,TAG-6463,omar.silva@sampleco.test,,,,Inactive,100604,100597,100704,100679,100259,,,,,,,,Delta,100044,,,Standard,100238,,,arjun.blake@acme-fake.test,casey.whitfield@demomail.test,Renewal Nudge,100690,Horizon Financial Co,,,,,,8,,,101838,,,,Y,
100288,Contact,104154,skyler.okafor@acme-fake.test,Avery Calder,2022-12-19 18:55:00,drew.mensah@demomail.test,Rahul Garcia,2025-12-25 10:56:00,casey.blake@acme-fake.test,Omar Mensah,2024-03-03 02:46:00,taylor.mercer@acme-fake.test,Skyler Mensah,2025-01-13 11:12:00,Y,Riley Brooks,Drew Silva,Arjun Sato,SKU-3708,Financial Analyst,,SKU-3094,,,,,,,REF-9573,arjun.sato@acme-fake.test,,,,Active,,100242,100132,100308,,,,,,100548,,100789,Delta,100539,,,,100576,,,jamie.garcia@sampleco.test,emerson.silva@acme-fake.test,Renewal Nudge,100026,,Gamma,100305,,,,,,,,,,,,
100579,Contact,104157,emerson.nguyen@acme-fake.test,Taylor Haddad,2023-08-23 13:15:00,fatima.ivanov@acme-fake.test,Rahul Silva,2023-12-21 20:31:00,arjun.larsson@acme-fake.test,Sofia Brooks,2024-02-08 21:36:00,emerson.sloan@acme-fake.test,Marco Calder,2024-04-04 23:28:00,N,Liam Okafor,Reese Whitfield,Morgan Calder,TAG-7058,Executive Assistant,,,,,,,,,SKU-5619,morgan.calder@acme-fake.test,,,,Inactive,100596,100336,100107,100742,,,,,,,,100083,Standard,100588,,,,,100257,,jordan.kim@examplecorp.test,rahul.ford@sampleco.test,Product Update,100393,,,,,,,,,,,Y,,,N,
100400,Contact,104160,fatima.sato@examplecorp.test,Rahul Ivanov,2024-01-12 01:40:00,jordan.garcia@acme-fake.test,Jordan Ford,2024-09-21 05:38:00,fatima.sloan@demomail.test,Morgan Ashby,2026-01-27 05:23:00,taylor.calder@sampleco.test,Priya Ashby,2024-08-09 13:40:00,N,Rahul Whitfield,Jordan Ivanov,Taylor Costa,SKU-6476,Executive Assistant,,,,,,,,,LOT-8024,taylor.costa@acme-fake.test,,,,Inactive,100726,,100164,,100447,,,,,100267,,100696,Standard,100494,,N,,100573,100334,,emerson.mercer@examplecorp.test,noah.whitfield@examplecorp.test,Renewal Nudge,100309,,,,,,,,,,101804,,,,,
100259,Contact,104163,arjun.ivanov@examplecorp.test,Mei Silva,2024-02-19 01:53:00,fatima.patel@examplecorp.test,Liam Whitfield,2023-09-10 17:40:00,jordan.nguyen@demomail.test,Noah Reyes,2023-02-02 18:01:00,priya.silva@examplecorp.test,Avery Sloan,2026-05-14 13:48:00,Y,Omar Rossi,Rahul Vance,Rahul Costa,TAG-8172,Marketing Coordinator,,,,,,,,,TAG-5703,rahul.costa@demomail.test,,,,Active,100637,,100129,,,,,,,,,,Beta,100290,,,Beta,,,,yara.kim@examplecorp.test,aisha.garcia@demomail.test,Event Invite,100197,Northwind Analytics Inc,,100770,,,,,,,,,,,N,
100746,Contact,104166,rowan.sloan@examplecorp.test,Liam Cohen,2025-04-11 03:53:00,morgan.reyes@examplecorp.test,Chen Cohen,2026-06-23 06:53:00,nina.silva@sampleco.test,Jordan Larsson,2022-11-12 20:05:00,priya.dorsey@acme-fake.test,Fatima Garcia,2023-12-20 00:31:00,Y,Yara Larsson,Jordan Silva,Aisha Silva,TAG-4185,Recruiter,,,,,,,,,REF-2187,aisha.silva@examplecorp.test,,,,Active,,100083,100158,,100542,TAG-4953,,,,100200,,100239,Delta,100597,,,Gamma,100034,,,liam.brooks@examplecorp.test,noah.rossi@examplecorp.test,Re-engagement,100058,,,100418,,,,0,,,101830,,,,Y,
100200,Contact,104168,alex.vance@acme-fake.test,Sofia Nguyen,2023-11-03 07:17:00,omar.haddad@sampleco.test,Elena Mercer,2023-11-09 13:14:00,mei.nguyen@examplecorp.test,Drew Haddad,2025-07-08 13:13:00,reese.calder@demomail.test,Alex Haddad,2024-03-16 02:38:00,Y,Sofia Okafor,Sofia Mercer,Morgan Sato,SKU-9055,Payroll Specialist,,,,Gamma,,,,,SKU-1781,morgan.sato@demomail.test,,,,Active,,,100786,100062,100316,,,,,100044,,,Alpha,100277,,,,100177,,,yara.reyes@demomail.test,aisha.larsson@sampleco.test,Re-engagement,100456,,Beta,100734,,6,,,,,101846,,,,N,
100368,Contact,104171,reese.sato@sampleco.test,Avery Haddad,2024-11-13 06:21:00,rahul.kim@sampleco.test,Nina Ford,2023-11-23 15:35:00,diego.ashby@sampleco.test,Avery Blake,2026-02-08 21:05:00,jordan.reyes@sampleco.test,Mei Sato,2023-06-08 12:55:00,Y,Emerson Silva,Rahul Silva,Rowan Brooks,LOT-1761,Software Developer,,,,,,,,,LOT-5232,rowan.brooks@examplecorp.test,,,,Active,,100316,100017,100334,100486,,,,,,,100003,Delta,100265,,,,100216,,,chen.calder@sampleco.test,emerson.vance@sampleco.test,Renewal Nudge,100513,,,,,,,,,,101862,,,,N,
100097,Contact,104173,casey.dorsey@acme-fake.test,Elena Vance,2026-05-12 05:35:00,noah.sloan@acme-fake.test,Fatima Kim,2024-10-23 20:01:00,morgan.nguyen@sampleco.test,Sofia Calder,2024-03-28 17:39:00,morgan.okafor@examplecorp.test,Drew Dorsey,2026-02-01 06:37:00,Y,Skyler Dorsey,Avery Sloan,Elena Mensah,SKU-4705,Payroll Specialist,,,,,,,,,LOT-3427,elena.mensah@demomail.test,,,,Active,,,100305,100206,100165,,,,,100020,,100712,Beta,100053,,,Beta,100143,,,omar.okafor@acme-fake.test,yara.haddad@demomail.test,Event Invite,100696,,,,,,,,,,,,,,Y,
100031,Contact,104174,yara.kim@sampleco.test,Rowan Ford,2024-09-25 22:40:00,riley.haddad@examplecorp.test,Alex Cohen,2024-09-02 04:37:00,marco.ashby@demomail.test,Aisha Mensah,2023-12-07 20:34:00,marco.rossi@demomail.test,Liam Okafor,2023-05-22 02:01:00,Y,Aisha Costa,Yara Larsson,Priya Okafor,SKU-2345,Financial Analyst,,SKU-9898,,,,,,,SKU-8468,priya.okafor@sampleco.test,,,,Active,,100063,100796,,100042,REF-4885,,,,,,,Standard,100281,,,,100434,100241,,priya.haddad@sampleco.test,nina.blake@demomail.test,Re-engagement,100188,,Beta,100469,,,,,,,101841,,,,N,
100484,Contact,104175,rowan.sato@acme-fake.test,Casey Brooks,2023-03-20 21:33:00,rowan.patel@acme-fake.test,Omar Calder,2025-08-22 22:28:00,priya.calder@examplecorp.test,Rahul Sloan,2023-08-16 14:11:00,chen.costa@acme-fake.test,Fatima Kim,2024-12-29 21:08:00,Y,Casey Ivanov,Skyler Dorsey,Yara Reyes,LOT-2307,Data Analyst,,,,,,,,,LOT-5986,yara.reyes@acme-fake.test,,,,Active,100041,100603,100041,100122,100128,,,,,100538,,,Delta,100063,,,,100477,,,diego.mensah@acme-fake.test,riley.costa@examplecorp.test,Event Invite,100413,Cardinal Systems Ltd,Delta,,,,,,,,,,,,,
100616,Contact,104177,rowan.ashby@demomail.test,Fatima Ford,2024-07-15 21:13:00,jordan.mensah@sampleco.test,Rahul Ashby,2024-08-27 08:00:00,avery.nguyen@acme-fake.test,Priya Larsson,2025-05-27 06:22:00,quinn.okafor@sampleco.test,Alex Ivanov,2023-07-04 15:02:00,Y,Casey Ford,Drew Okafor,Mei Ivanov,SKU-9611,HR Generalist,,,,,,,,,SKU-8948,mei.ivanov@examplecorp.test,,,,Active,100622,,100771,100168,,,,,,100323,,100169,Beta,100101,,N,,100313,100336,,chen.nguyen@acme-fake.test,quinn.patel@sampleco.test,Quarterly Newsletter,100755,Everest Analytics Group,,100153,,,,,,,101804,,,,,
100272,Contact,104180,jamie.silva@acme-fake.test,Arjun Sato,2023-12-06 21:48:00,jamie.garcia@demomail.test,Emerson Okafor,2024-02-09 06:57:00,fatima.sloan@examplecorp.test,Elena Nguyen,2025-11-16 19:10:00,reese.blake@acme-fake.test,Yara Cohen,2025-05-30 20:24:00,Y,Skyler Larsson,Omar Silva,Sofia Sloan,LOT-6445,Operations Associate,,,,,,,,,REF-9044,sofia.sloan@sampleco.test,,,,Active,100405,100625,100370,100646,100003,,,,,100151,,100232,Alpha,100377,,,,100115,100239,,drew.reyes@acme-fake.test,taylor.ford@demomail.test,Re-engagement,100679,Keystone Solutions Co,Other,,,,,,,,,,,,,
100374,Contact,104183,chen.cohen@demomail.test,Nina Sato,2025-04-22 15:16:00,noah.mensah@sampleco.test,Diego Dorsey,2023-05-30 05:59:00,priya.brooks@sampleco.test,Avery Ford,2023-11-10 11:26:00,rowan.kim@sampleco.test,Liam Sloan,2024-02-27 18:08:00,Y,Priya Mensah,Diego Calder,Arjun Ford,LOT-5367,Support Specialist,,SKU-2038,,,,,,,SKU-9298,arjun.ford@examplecorp.test,,,,Active,100490,100658,100240,100400,100649,,,,,100445,,,Alpha,100329,,,,,100498,,yara.silva@examplecorp.test,jordan.mercer@sampleco.test,Re-engagement,100607,Keystone Industries Group,,100437,,,,,,,101862,,,,Y,
100486,Contact,104186,elena.mercer@demomail.test,Riley Patel,2025-07-31 19:42:00,reese.cohen@demomail.test,Taylor Whitfield,2025-06-07 15:55:00,casey.okafor@demomail.test,Rowan Rossi,2024-06-06 02:53:00,reese.patel@examplecorp.test,Marco Calder,2022-11-01 02:52:00,N,Rahul Kim,Alex Okafor,Fatima Kim,TAG-7939,Marketing Coordinator,,,,,,,,SKU-3979,LOT-8760,fatima.kim@demomail.test,,,,Inactive,100568,100232,100066,100275,100696,,,,,,,100470,Alpha,100291,,,Alpha,100265,,,riley.kim@acme-fake.test,quinn.sloan@sampleco.test,Event Invite,100717,Delta Analytics Co,,100473,,,,,,,,,,,,
100090,Contact,104187,alex.mercer@acme-fake.test,Priya Blake,2026-04-27 15:38:00,rahul.rossi@demomail.test,Drew Calder,2024-09-27 08:56:00,omar.nguyen@demomail.test,Reese Cohen,2026-07-01 09:20:00,omar.haddad@sampleco.test,Arjun Vance,2023-10-05 10:49:00,Y,Fatima Kim,Arjun Costa,Taylor Costa,LOT-5897,Data Analyst,,,,Gamma,,,,TAG-6762,SKU-1988,taylor.costa@demomail.test,,,,Active,100168,,100735,,100227,LOT-7582,,,,,,100479,Alpha,100171,,,Beta,,100473,,yara.larsson@examplecorp.test,casey.costa@demomail.test,Product Update,100180,,Standard,100153,,,,,,,101780,,,,,
100485,Contact,104190,priya.haddad@demomail.test,Taylor Vance,2024-07-31 02:37:00,reese.whitfield@acme-fake.test,Omar Larsson,2024-11-15 06:53:00,morgan.ashby@demomail.test,Marco Whitfield,2024-03-14 14:10:00,rahul.ashby@sampleco.test,Yara Mercer,2024-09-09 05:41:00,Y,Taylor Garcia,Avery Calder,Yara Patel,REF-7443,QA Engineer,,,,,,,,,REF-6012,yara.patel@demomail.test,,,,Active,100180,100243,100060,100099,100708,,,,,,,100336,Alpha,100334,,Y,Gamma,100627,100670,,avery.mensah@sampleco.test,sofia.rossi@sampleco.test,Re-engagement,100168,Pioneer Retail Group,,100295,,,,,,,,,,,N,
100333,Contact,104191,avery.silva@acme-fake.test,Elena Garcia,2024-03-29 01:59:00,marco.reyes@examplecorp.test,Priya Rossi,2024-02-27 01:07:00,elena.mercer@sampleco.test,Rowan Kim,2024-03-26 19:38:00,avery.rossi@demomail.test,Marco Blake,2025-03-03 08:20:00,Y,Casey Blake,Skyler Silva,Nina Ashby,LOT-9406,HR Generalist,,,,,,,,,TAG-5304,nina.ashby@demomail.test,,,,Active,,100784,100690,,,,,,,100500,,,Beta,100535,,,,100334,,,riley.ivanov@acme-fake.test,taylor.nguyen@acme-fake.test,Re-engagement,100506,,Gamma,100309,,,,,,,,,,,,
100308,Contact,104192,marco.ford@examplecorp.test,Avery Blake,2023-09-19 04:05:00,chen.blake@sampleco.test,Alex Reyes,2024-10-18 14:09:00,mei.rossi@acme-fake.test,Priya Dorsey,2026-07-02 04:17:00,reese.ivanov@sampleco.test,Omar Rossi,2023-03-30 09:13:00,Y,Riley Brooks,Priya Silva,Avery Okafor,REF-2172,Customer Success Manager,,LOT-9959,,,,,8978,LOT-9560,REF-2975,avery.okafor@acme-fake.test,,,,Active,100141,100188,100720,,,LOT-5322,,,,,,,Alpha,100456,,,Standard,100037,100176,,rowan.vance@examplecorp.test,omar.whitfield@examplecorp.test,Re-engagement,100646,Silverline Retail LLP,,,,,,8,,,101821,,,,,
100593,Contact,104193,mei.blake@examplecorp.test,Omar Costa,2026-05-23 13:59:00,arjun.reyes@acme-fake.test,Rahul Calder,2024-04-24 10:36:00,drew.ashby@demomail.test,Skyler Blake,2026-04-03 04:34:00,aisha.haddad@sampleco.test,Omar Vance,2025-05-19 22:31:00,N,Casey Reyes,Morgan Whitfield,Jamie Ashby,LOT-9236,Operations Associate,,,,,,,5523,,REF-9685,jamie.ashby@sampleco.test,,,,Inactive,,100236,100314,,100690,,,,,100474,,100123,Delta,100464,,,Gamma,100328,100424,,taylor.silva@demomail.test,chen.blake@acme-fake.test,Product Update,100750,,Delta,100141,,,,,,,101857,,,,Y,
100509,Contact,104195,casey.silva@sampleco.test,Sofia Whitfield,2026-01-04 09:46:00,casey.whitfield@acme-fake.test,Taylor Brooks,2023-01-18 06:29:00,chen.cohen@demomail.test,Jamie Reyes,2023-09-19 01:50:00,casey.costa@demomail.test,Skyler Ford,2022-12-08 18:27:00,Y,Mei Patel,Nina Rossi,Jordan Haddad,LOT-5283,Accountant,,,,,,,,SKU-2450,REF-3992,jordan.haddad@demomail.test,,,,Active,100656,100712,100496,100788,100281,,,,,100197,,100597,Delta,100070,,,Alpha,100134,100178,,diego.rossi@acme-fake.test,quinn.ivanov@sampleco.test,Quarterly Newsletter,100356,Redwood Industries,Standard,100029,,1,,,,,,,,,Y,
100003,Contact,104197,emerson.nguyen@demomail.test,Morgan Sato,2025-09-30 07:37:00,chen.whitfield@acme-fake.test,Diego Dorsey,2023-04-07 21:07:00,reese.okafor@acme-fake.test,Noah Larsson,2024-08-02 08:08:00,avery.ashby@sampleco.test,Diego Brooks,2023-07-25 04:23:00,N,Skyler Blake,Emerson Sato,Aisha Costa,SKU-3024,Software Developer,,LOT-9967,,,,,,,TAG-4096,aisha.costa@acme-fake.test,,,,Inactive,100060,100506,100456,100103,100729,,,,,,,,Other,100066,,,Other,100280,100115,,arjun.mensah@examplecorp.test,elena.silva@acme-fake.test,Renewal Nudge,100484,Horizon Solutions Co,,100293,,,,,,,,,,,Y,
100075,Contact,104200,sofia.rossi@acme-fake.test,Riley Mercer,2023-01-06 05:50:00,omar.whitfield@examplecorp.test,Jordan Cohen,2024-12-14 06:57:00,fatima.dorsey@acme-fake.test,Skyler Costa,2023-04-24 13:47:00,skyler.brooks@sampleco.test,Elena Blake,2022-11-10 06:36:00,Y,Liam Haddad,Alex Sloan,Riley Ivanov,SKU-1817,Accountant,,,,,,,,SKU-2362,LOT-5256,riley.ivanov@examplecorp.test,,,,Active,100316,100405,100227,,100538,,,,,,,,Beta,100298,,N,Gamma,100129,100383,,liam.sloan@examplecorp.test,aisha.mercer@examplecorp.test,Event Invite,100310,,Beta,100709,,,,,,,101839,,,,,
100343,Contact,104202,alex.blake@examplecorp.test,Alex Sato,2025-07-04 16:23:00,sofia.patel@demomail.test,Noah Costa,2024-09-10 12:31:00,marco.mercer@acme-fake.test,Omar Blake,2025-10-17 06:59:00,riley.cohen@sampleco.test,Marco Ashby,2026-03-09 01:04:00,N,Rahul Ivanov,Taylor Brooks,Taylor Sato,SKU-4996,Operations Associate,,LOT-3124,,,,,,,TAG-3060,taylor.sato@acme-fake.test,,,,Inactive,100132,,100151,100156,,,,,,,,,Delta,100046,,,Beta,100177,100628,,yara.costa@sampleco.test,drew.okafor@acme-fake.test,Renewal Nudge,100262,,Other,,,,,,,,101876,,,,N,
100242,Contact,104203,yara.larsson@examplecorp.test,Rowan Nguyen,2023-04-06 22:51:00,jordan.rossi@examplecorp.test,Avery Silva,2024-12-26 21:28:00,casey.ashby@examplecorp.test,Fatima Ford,2025-08-05 11:17:00,avery.garcia@demomail.test,Riley Mercer,2024-10-10 04:06:00,Y,Nina Rossi,Mei Ashby,Drew Silva,SKU-6940,QA Engineer,,,,,,,,SKU-4216,REF-6241,drew.silva@sampleco.test,,,,Active,100192,,100712,100345,,,,,,,,,Alpha,100215,,,Alpha,,,,casey.nguyen@examplecorp.test,skyler.haddad@acme-fake.test,Renewal Nudge,100301,,,,,,,,,,101786,N,,,N,
100352,Contact,104206,aisha.larsson@acme-fake.test,Diego Silva,2023-05-10 04:57:00,alex.nguyen@demomail.test,Avery Sloan,2025-05-16 05:51:00,sofia.ivanov@sampleco.test,Riley Ford,2025-01-07 03:45:00,omar.ford@sampleco.test,Reese Larsson,2025-05-02 04:57:00,Y,Rowan Garcia,Arjun Reyes,Mei Silva,REF-5851,QA Engineer,,,Other,,,,7689,TAG-2435,SKU-9946,mei.silva@acme-fake.test,,,,Active,100213,,100588,100622,100290,,,,,100309,,100652,Delta,100089,,,Gamma,100189,100554,,elena.haddad@sampleco.test,nina.silva@acme-fake.test,Product Update,100086,,Beta,100481,,,,,,,,,,,Y,
100638,Contact,104209,taylor.blake@examplecorp.test,Omar Reyes,2023-11-07 10:54:00,elena.vance@acme-fake.test,Taylor Nguyen,2024-01-31 23:33:00,rahul.garcia@acme-fake.test,Omar Blake,2025-12-07 10:13:00,reese.okafor@examplecorp.test,Omar Garcia,2026-07-27 10:01:00,Y,Priya Sato,Quinn Patel,Mei Blake,TAG-6200,Recruiter,,,,,,,,TAG-3825,SKU-7822,mei.blake@acme-fake.test,,,,Active,100220,,100391,100664,100800,,,,,100649,,,Delta,100185,,,Gamma,,100722,,riley.reyes@demomail.test,drew.haddad@examplecorp.test,Re-engagement,100603,Beacon Systems Inc,Alpha,100772,,,,,,,101841,,,,N,
100490,Contact,104212,jordan.ashby@demomail.test,Nina Sloan,2023-08-23 03:20:00,riley.kim@examplecorp.test,Arjun Reyes,2024-05-26 16:14:00,mei.kim@acme-fake.test,Liam Mercer,2022-12-13 00:24:00,riley.patel@demomail.test,Liam Kim,2024-06-17 07:09:00,N,Liam Ashby,Morgan Nguyen,Mei Calder,SKU-9157,Support Specialist,,,,,,,,,TAG-4711,mei.calder@demomail.test,,,,Inactive,,100377,100113,100291,100080,,,,,,,100097,Beta,100415,,,Standard,,100122,,avery.patel@examplecorp.test,mei.sato@sampleco.test,Quarterly Newsletter,100593,Beacon Group Inc,,100604,,,,9,,,101870,,,,,
100380,Contact,104215,aisha.larsson@sampleco.test,Liam Whitfield,2025-03-18 09:11:00,marco.vance@demomail.test,Taylor Ivanov,2025-03-10 21:23:00,sofia.sato@acme-fake.test,Aisha Costa,2026-01-11 21:59:00,nina.sloan@acme-fake.test,Omar Rossi,2024-04-10 23:36:00,N,Rahul Brooks,Fatima Mensah,Emerson Blake,REF-8384,Software Developer,,,,,,,,,LOT-2378,emerson.blake@sampleco.test,,,,Inactive,100477,,100041,100479,100673,,,,,100371,,100086,Other,100516,,,,100538,,,sofia.brooks@acme-fake.test,jamie.nguyen@sampleco.test,Event Invite,100151,Beacon Media Corp,,100622,,,,,,,,,,,,
100236,Contact,104217,priya.nguyen@acme-fake.test,Morgan Larsson,2024-07-14 09:14:00,aisha.nguyen@demomail.test,Rowan Whitfield,2024-03-11 14:11:00,avery.dorsey@demomail.test,Chen Rossi,2026-02-20 20:54:00,yara.ivanov@demomail.test,Omar Reyes,2023-12-19 16:01:00,Y,Reese Mercer,Morgan Calder,Riley Ashby,SKU-2099,Software Developer,,,,,,,,,LOT-3796,riley.ashby@examplecorp.test,,,,Active,100014,100374,100634,,100132,LOT-5439,,,,100197,,,Other,100625,,,Delta,,100788,,mei.sloan@acme-fake.test,riley.haddad@sampleco.test,Quarterly Newsletter,100598,Lakeside Financial Group,,,,,,,,,101850,,,,,
100688,Contact,104218,marco.vance@examplecorp.test,Alex Sloan,2024-07-16 03:59:00,rowan.brooks@examplecorp.test,Jamie Costa,2025-02-27 23:12:00,quinn.larsson@acme-fake.test,Morgan Ivanov,2025-01-28 15:04:00,noah.sato@examplecorp.test,Quinn Sloan,2025-09-21 15:05:00,Y,Diego Larsson,Jordan Sato,Quinn Rossi,REF-3227,Bookkeeper,,,,,,,,TAG-3330,REF-6500,quinn.rossi@demomail.test,,,,Active,100113,100672,100601,100552,100348,,,,,,,100720,Other,100216,,,Alpha,,,,marco.rossi@demomail.test,priya.costa@demomail.test,Quarterly Newsletter,100531,Evergreen Health Group,,,,,,,,,101838,,,,,
100161,Contact,104221,marco.mensah@sampleco.test,Omar Ivanov,2023-01-09 10:21:00,emerson.sato@sampleco.test,Yara Rossi,2023-06-15 07:46:00,alex.rossi@demomail.test,Rowan Patel,2024-08-25 19:47:00,taylor.nguyen@demomail.test,Diego Costa,2024-02-15 15:38:00,Y,Avery Haddad,Liam Kim,Alex Haddad,TAG-5379,Data Analyst,,,,,,,,LOT-7362,REF-6206,alex.haddad@sampleco.test,,,,Active,,100325,100069,,100097,,,,,100363,,100352,Delta,100415,,,,,,,quinn.rossi@acme-fake.test,liam.silva@examplecorp.test,Event Invite,100457,,,100366,,7,,,,,,,,,,
100685,Contact,104224,reese.okafor@examplecorp.test,Noah Patel,2026-02-07 12:16:00,priya.nguyen@sampleco.test,Emerson Kim,2023-01-19 07:38:00,mei.blake@sampleco.test,Chen Haddad,2025-08-29 03:33:00,taylor.cohen@demomail.test,Reese Silva,2025-06-20 13:03:00,Y,Reese Garcia,Skyler Ashby,Mei Reyes,REF-3676,Recruiter,,,,,,,,REF-6268,SKU-1762,mei.reyes@acme-fake.test,,,,Active,,,100415,,100758,,,,,,,,Beta,100269,,,,,,,fatima.haddad@acme-fake.test,priya.brooks@acme-fake.test,Renewal Nudge,100742,Granite Analytics Corp,Gamma,,,,,,,,,,,,N,
100069,Contact,104227,rahul.ford@examplecorp.test,Diego Brooks,2023-01-12 06:56:00,jamie.kim@demomail.test,Taylor Whitfield,2026-04-19 23:27:00,diego.costa@examplecorp.test,Casey Larsson,2024-05-16 10:59:00,riley.dorsey@sampleco.test,Skyler Garcia,2025-12-01 10:56:00,N,Mei Cohen,Aisha Mercer,Taylor Nguyen,SKU-6922,Financial Analyst,,REF-3159,,,,,,,SKU-6454,taylor.nguyen@sampleco.test,,,,Inactive,,100543,100632,,100227,,,,,,,,Beta,100763,,,,100309,,,skyler.vance@acme-fake.test,chen.blake@sampleco.test,Event Invite,100760,,Standard,100242,,,,,,,101841,,,,N,
100672,Contact,104230,emerson.whitfield@examplecorp.test,Quinn Mensah,2026-06-19 22:58:00,rahul.ford@demomail.test,Emerson Costa,2024-04-01 22:52:00,sofia.ivanov@sampleco.test,Yara Okafor,2025-04-01 17:50:00,emerson.dorsey@demomail.test,Nina Kim,2026-03-05 21:51:00,Y,Rahul Reyes,Casey Ford,Alex Cohen,REF-3347,Accountant,,,,,Standard,,5353,TAG-3125,TAG-8586,alex.cohen@acme-fake.test,,,,Active,,100325,100069,100656,100793,,,,,100426,,100042,Standard,100765,,,Other,100146,100305,,noah.sloan@examplecorp.test,emerson.whitfield@sampleco.test,Renewal Nudge,100203,Harbor Logistics LLC,Alpha,,,,,,,,101795,,,,Y,
100551,Contact,104233,aisha.mercer@demomail.test,Quinn Ford,2026-03-20 02:24:00,avery.garcia@demomail.test,Noah Cohen,2026-06-18 06:23:00,emerson.ford@demomail.test,Drew Dorsey,2025-03-08 04:14:00,sofia.costa@acme-fake.test,Morgan Ivanov,2026-02-25 15:14:00,N,Diego Okafor,Taylor Costa,Yara Calder,SKU-6643,Customer Success Manager,,,,,Alpha,,,REF-2108,LOT-2427,yara.calder@acme-fake.test,,,,Inactive,100526,100535,100251,,100146,,,,,,,,Standard,100470,,,Beta,,,,fatima.larsson@examplecorp.test,priya.mensah@acme-fake.test,Re-engagement,100232,,Other,,,,,,,,,,,,,
100076,Contact,104234,noah.dorsey@examplecorp.test,Omar Costa,2026-03-19 23:15:00,sofia.reyes@examplecorp.test,Liam Sloan,2024-05-18 16:24:00,quinn.sato@sampleco.test,Yara Garcia,2024-08-31 19:24:00,casey.rossi@acme-fake.test,Morgan Ashby,2022-11-09 08:46:00,N,Avery Silva,Nina Calder,Morgan Larsson,REF-9972,Customer Success Manager,,TAG-4517,,,,,,SKU-5120,REF-8763,morgan.larsson@acme-fake.test,,,,Inactive,100262,100705,100398,,100632,,,,,,,100426,Gamma,100587,,,Standard,100462,100548,,nina.larsson@acme-fake.test,skyler.haddad@acme-fake.test,Event Invite,100383,,,100661,,,,,,,,,,,Y,
100309,Contact,104235,chen.patel@acme-fake.test,Diego Sloan,2023-03-26 22:54:00,fatima.blake@examplecorp.test,Noah Sloan,2026-01-02 09:41:00,arjun.whitfield@demomail.test,Jordan Reyes,2024-04-14 22:33:00,rowan.mercer@acme-fake.test,Rahul Mercer,2024-07-11 21:51:00,Y,Jamie Ford,Yara Ashby,Fatima Mercer,SKU-1092,Marketing Coordinator,,,,,,,,,REF-6011,fatima.mercer@examplecorp.test,,,,Active,,,100238,100139,,,,,,,,100380,Beta,100331,,,Alpha,100496,100342,,drew.blake@examplecorp.test,morgan.garcia@demomail.test,Product Update,100383,,,100569,,,,,,,101846,,,,Y,
100628,Contact,104238,sofia.nguyen@examplecorp.test,Emerson Ford,2023-04-29 05:21:00,rahul.reyes@acme-fake.test,Aisha Okafor,2025-05-13 04:09:00,morgan.silva@acme-fake.test,Rowan Whitfield,2024-03-04 16:41:00,liam.sloan@acme-fake.test,Emerson Mercer,2024-08-25 20:51:00,Y,Nina Haddad,Skyler Okafor,Avery Silva,TAG-5919,Software Developer,,,,,,,,TAG-6387,SKU-9415,avery.silva@examplecorp.test,,,,Active,100165,100301,100509,,100023,,,,,100620,,100360,Alpha,100025,,,Alpha,100229,100496,,rahul.haddad@sampleco.test,noah.rossi@demomail.test,Quarterly Newsletter,100702,,Standard,100251,,,,,,,101859,N,,,Y,
100363,Contact,104241,quinn.garcia@acme-fake.test,Quinn Cohen,2026-07-13 18:47:00,yara.calder@demomail.test,Quinn Cohen,2023-03-16 04:27:00,fatima.dorsey@demomail.test,Aisha Silva,2023-11-02 00:22:00,jamie.cohen@sampleco.test,Emerson Ivanov,2023-12-19 17:53:00,N,Chen Brooks,Alex Rossi,Rowan Patel,LOT-5413,Accountant,,,,,,,,,REF-3965,rowan.patel@sampleco.test,,,,Inactive,100314,100333,100190,,,,,,,100208,,100245,Delta,100376,,,,,100046,,drew.blake@sampleco.test,jordan.ivanov@examplecorp.test,Renewal Nudge,100099,,,100424,,,,,,,101800,,,,Y,
100774,Contact,104242,arjun.mensah@sampleco.test,Riley Whitfield,2022-12-04 21:15:00,quinn.patel@demomail.test,Rahul Kim,2026-03-28 07:53:00,reese.blake@sampleco.test,Priya Nguyen,2025-07-20 12:21:00,aisha.blake@sampleco.test,Yara Mercer,2026-03-24 02:46:00,Y,Avery Kim,Alex Nguyen,Reese Garcia,LOT-2304,Bookkeeper,,,,,Alpha,,,,TAG-9615,reese.garcia@sampleco.test,,,,Active,100010,100598,100063,100188,100750,,,,,,,100803,Alpha,100429,,,Delta,,100741,,avery.kim@demomail.test,noah.mercer@demomail.test,Event Invite,100672,,,,,,,,,,101854,,,,Y,
100034,Contact,104243,mei.larsson@demomail.test,Mei Calder,2026-03-17 15:50:00,avery.garcia@demomail.test,Aisha Cohen,2026-05-20 10:51:00,taylor.mercer@sampleco.test,Jamie Garcia,2024-03-14 02:44:00,fatima.brooks@demomail.test,Jordan Rossi,2023-09-15 08:42:00,Y,Priya Reyes,Mei Reyes,Fatima Haddad,LOT-2624,QA Engineer,,,,,,,,,SKU-6424,fatima.haddad@examplecorp.test,,,,Active,,100151,100429,,,,,,,,,100789,Beta,100509,,,Other,100206,,,skyler.kim@demomail.test,rahul.okafor@acme-fake.test,Re-engagement,100049,,,,,,,,,,101814,,,,Y,
100056,Contact,104244,quinn.dorsey@demomail.test,Quinn Kim,2024-06-14 10:40:00,sofia.haddad@examplecorp.test,Chen Mensah,2023-11-28 12:56:00,liam.blake@sampleco.test,Rowan Mensah,2025-11-14 16:15:00,marco.calder@sampleco.test,Arjun Mensah,2022-12-11 03:19:00,Y,Marco Sato,Jordan Costa,Fatima Sato,REF-3826,Software Developer,,,,Other,,,,,TAG-1595,fatima.sato@demomail.test,,,,Active,100622,100571,100153,100046,,,,,,100543,,100227,Gamma,100119,,,Beta,100742,,,avery.kim@examplecorp.test,chen.mensah@sampleco.test,Product Update,100238,Brightpath Foods LLC,Beta,100005,,,,,,,101788,,,,Y,
100171,Contact,104246,morgan.ford@acme-fake.test,Quinn Sloan,2025-08-18 20:02:00,arjun.dorsey@acme-fake.test,Nina Rossi,2023-11-26 00:21:00,sofia.sato@acme-fake.test,Yara Kim,2025-07-20 03:22:00,reese.okafor@examplecorp.test,Rowan Garcia,2022-12-29 05:39:00,Y,Morgan Vance,Casey Ford,Avery Blake,LOT-9386,Payroll Specialist,,,,,,,,,TAG-2905,avery.blake@sampleco.test,,,,Active,100136,,100178,100624,,TAG-8014,,,,100212,,,Delta,100370,,,Beta,,100405,,diego.ford@examplecorp.test,noah.vance@sampleco.test,Quarterly Newsletter,100780,Pioneer Robotics Corp,,,,,,,,,,,,,Y,
100755,Contact,104247,elena.sloan@acme-fake.test,Nina Nguyen,2023-02-11 14:01:00,priya.costa@sampleco.test,Emerson Haddad,2025-11-14 10:27:00,nina.costa@demomail.test,Nina Sloan,2024-04-12 22:42:00,jamie.whitfield@demomail.test,Jamie Ford,2023-11-29 17:26:00,N,Omar Patel,Mei Garcia,Riley Nguyen,LOT-9712,Marketing Coordinator,,,,,,,,,TAG-5165,riley.nguyen@demomail.test,,,,Inactive,,100235,100473,100664,,,,,,100563,,100356,Gamma,100080,,,Other,,100182,,priya.okafor@examplecorp.test,reese.blake@sampleco.test,Product Update,100332,Silverline Ventures Ltd,Gamma,100596,,,,,,,101846,,,,,
100673,Contact,104248,liam.reyes@acme-fake.test,Skyler Brooks,2025-08-04 15:02:00,nina.calder@acme-fake.test,Elena Blake,2023-08-12 02:07:00,marco.mercer@demomail.test,Omar Mensah,2025-11-05 18:35:00,fatima.garcia@examplecorp.test,Drew Brooks,2022-10-21 09:26:00,Y,Casey Mercer,Taylor Sato,Omar Okafor,REF-2030,Bookkeeper,,,,,,,,,TAG-4216,omar.okafor@examplecorp.test,,,,Active,100037,100040,100772,100099,100280,,,,,100560,,100509,Beta,100180,,,,100101,100363,,noah.garcia@sampleco.test,skyler.haddad@sampleco.test,Event Invite,100415,Blue Ridge Systems Inc,,,,,,,,,101866,,,,,
100715,Contact,104250,emerson.mercer@demomail.test,Yara Whitfield,2026-06-04 00:53:00,reese.dorsey@examplecorp.test,Marco Silva,2023-08-29 03:22:00,aisha.reyes@examplecorp.test,Emerson Garcia,2024-07-01 04:17:00,diego.calder@sampleco.test,Aisha Reyes,2023-07-22 00:03:00,N,Rowan Garcia,Fatima Ashby,Drew Okafor,LOT-3143,Financial Analyst,,,,,,,4234,REF-3145,REF-6765,drew.okafor@acme-fake.test,,,,Inactive,,100729,100492,100286,,,,,,100325,,,Other,100803,,,,,100034,,mei.vance@examplecorp.test,sofia.blake@sampleco.test,Product Update,100262,Cardinal Systems,,100481,,,,,,,101857,N,,,,
100063,Contact,104253,sofia.larsson@sampleco.test,Jamie Garcia,2025-03-18 16:06:00,quinn.ford@acme-fake.test,Sofia Garcia,2023-08-15 11:16:00,marco.cohen@examplecorp.test,Morgan Vance,2023-06-09 14:16:00,fatima.calder@sampleco.test,Jamie Whitfield,2024-08-23 11:56:00,N,Reese Silva,Riley Garcia,Liam Whitfield,SKU-4429,Financial Analyst,,,,,,,,,REF-6536,liam.whitfield@sampleco.test,,,,Inactive,,,100631,,100604,,,,,100591,,100715,Gamma,100136,,,Gamma,100265,,,chen.silva@examplecorp.test,arjun.whitfield@acme-fake.test,Renewal Nudge,100030,,,,,,,,,,101873,,,,N,
100503,Contact,104256,riley.costa@examplecorp.test,Noah Mensah,2025-06-04 16:21:00,aisha.dorsey@sampleco.test,Jamie Haddad,2026-06-28 04:06:00,liam.vance@sampleco.test,Mei Sloan,2026-07-20 04:06:00,morgan.vance@demomail.test,Sofia Calder,2025-10-29 12:50:00,Y,Diego Reyes,Skyler Reyes,Fatima Ashby,REF-2612,Payroll Specialist,,REF-3486,,,,,,,LOT-6028,fatima.ashby@sampleco.test,,,,Active,100494,,100746,,100129,,,,,100339,,100509,Delta,100165,,,Gamma,,100546,,nina.sloan@demomail.test,riley.kim@examplecorp.test,Product Update,100165,,Gamma,100177,,,,,,,101783,,,,Y,
100417,Contact,104257,omar.patel@examplecorp.test,Sofia Blake,2023-06-02 15:44:00,sofia.garcia@demomail.test,Diego Calder,2025-06-22 10:15:00,taylor.rossi@demomail.test,Avery Reyes,2026-07-28 11:26:00,emerson.larsson@examplecorp.test,Riley Sloan,2026-07-05 22:17:00,Y,Fatima Ford,Avery Patel,Diego Larsson,SKU-9258,Financial Analyst,,,,,,,,,TAG-5225,diego.larsson@sampleco.test,,,,Active,100141,100413,100656,100468,100749,,,,,,,100593,Delta,100158,,,Delta,,100398,,emerson.nguyen@sampleco.test,diego.cohen@examplecorp.test,Re-engagement,100744,,,,,,,,,,101793,,,,N,
100408,Contact,104259,mei.whitfield@acme-fake.test,Chen Haddad,2024-09-27 00:16:00,sofia.reyes@sampleco.test,Reese Nguyen,2024-11-04 22:31:00,drew.mensah@acme-fake.test,Rahul Dorsey,2022-12-16 03:56:00,elena.ford@sampleco.test,Aisha Silva,2025-12-08 21:50:00,Y,Liam Brooks,Aisha Sato,Rahul Mensah,TAG-6430,Data Analyst,,,,,,,,SKU-4492,TAG-5650,rahul.mensah@demomail.test,,,,Active,,,100360,100376,100380,REF-6040,,,,100696,,100426,Delta,100462,,,Beta,100741,100793,,liam.whitfield@sampleco.test,jordan.ford@examplecorp.test,Product Update,100323,,,100593,,,,,,,101846,N,,,,
100220,Contact,104260,liam.larsson@sampleco.test,Quinn Sloan,2025-09-20 10:36:00,aisha.vance@acme-fake.test,Quinn Ivanov,2023-09-09 20:09:00,avery.sloan@examplecorp.test,Skyler Patel,2025-01-08 14:43:00,sofia.sato@acme-fake.test,Rahul Ivanov,2023-08-05 01:44:00,Y,Yara Rossi,Yara Kim,Avery Mensah,SKU-7342,HR Generalist,,,,,Standard,,,,REF-1467,avery.mensah@sampleco.test,,,,Active,100156,,100280,100585,100699,,,,,,,100400,Beta,100117,,,,100066,,,emerson.sato@acme-fake.test,arjun.okafor@acme-fake.test,Event Invite,100165,,Standard,,,,,,,,101870,,,,,
100601,Contact,104263,noah.sloan@demomail.test,Rahul Blake,2024-12-29 11:03:00,avery.ivanov@demomail.test,Morgan Sloan,2024-02-21 04:46:00,liam.haddad@examplecorp.test,Noah Sato,2025-01-10 15:53:00,rahul.reyes@examplecorp.test,Aisha Costa,2023-10-12 20:06:00,Y,Drew Sloan,Emerson Blake,Aisha Dorsey,LOT-8981,HR Generalist,,,,,,,,,REF-2927,aisha.dorsey@sampleco.test,,,,Active,100742,,100351,,,,,,,100255,,100254,Beta,100319,,,,100597,100473,,taylor.larsson@acme-fake.test,skyler.kim@examplecorp.test,Re-engagement,100234,Cobalt Health LLC,Alpha,100383,,,,,,,,,,,,
100686,Contact,104266,jordan.calder@demomail.test,Omar Patel,2025-01-15 12:57:00,sofia.kim@sampleco.test,Liam Cohen,2024-12-24 03:14:00,yara.sloan@examplecorp.test,Fatima Haddad,2023-10-17 22:46:00,rahul.larsson@demomail.test,Fatima Kim,2025-04-15 01:58:00,N,Morgan Whitfield,Nina Dorsey,Riley Haddad,LOT-5200,Customer Success Manager,,,,,,,,,SKU-4938,riley.haddad@sampleco.test,,,,Inactive,100712,,100782,100470,100242,,,,,100376,,,Standard,100767,,N,,,100227,,sofia.haddad@sampleco.test,rahul.cohen@demomail.test,Quarterly Newsletter,100153,,,,,,,,,,101797,,,,Y,
100591,Contact,104267,fatima.ashby@demomail.test,Liam Vance,2022-12-09 07:24:00,drew.dorsey@acme-fake.test,Priya Dorsey,2023-05-19 12:12:00,aisha.rossi@examplecorp.test,Nina Mercer,2026-04-13 08:56:00,emerson.costa@demomail.test,Morgan Patel,2024-07-29 10:26:00,Y,Morgan Rossi,Nina Ford,Mei Haddad,REF-1845,Financial Analyst,,SKU-5291,,,,,,REF-9480,LOT-8439,mei.haddad@demomail.test,,,,Active,100538,,100216,100101,100213,,,,,,,100664,Delta,100447,,Y,,100473,,,elena.nguyen@sampleco.test,diego.okafor@examplecorp.test,Quarterly Newsletter,100479,Harbor Foods Corp,,100692,,,,7,,,101867,,,,,N
100241,Contact,104269,omar.vance@demomail.test,Nina Rossi,2026-06-02 00:05:00,arjun.cohen@examplecorp.test,Quinn Patel,2024-06-19 04:39:00,aisha.silva@examplecorp.test,Noah Whitfield,2024-11-05 07:08:00,aisha.garcia@demomail.test,Riley Kim,2026-07-15 14:22:00,Y,Drew Cohen,Drew Costa,Liam Rossi,SKU-1956,QA Engineer,,,,,,,,,TAG-8427,liam.rossi@sampleco.test,,,,Active,,,100139,100188,,,,,,,,100017,Alpha,100526,,,Other,,100186,,emerson.sloan@examplecorp.test,marco.kim@sampleco.test,Quarterly Newsletter,100254,,Alpha,,,,,,,,,,,,Y,
100593,Contact,104270,arjun.blake@demomail.test,Sofia Rossi,2024-11-20 19:39:00,priya.ford@demomail.test,Chen Patel,2024-02-28 04:54:00,jordan.reyes@acme-fake.test,Jamie Ashby,2023-10-31 07:56:00,rowan.blake@sampleco.test,Elena Vance,2025-07-31 11:53:00,Y,Chen Ashby,Noah Costa,Emerson Garcia,LOT-5208,Accountant,,,,,,,,TAG-1774,LOT-1273,emerson.garcia@demomail.test,,,,Active,,100113,100234,,100585,,,,,100168,,100115,Delta,100332,,,Alpha,,100735,,emerson.mercer@sampleco.test,arjun.dorsey@acme-fake.test,Renewal Nudge,100622,,Beta,,,,,,,,101871,,,,Y,N
100421,Contact,104273,aisha.nguyen@examplecorp.test,Rowan Brooks,2026-03-15 17:20:00,aisha.patel@demomail.test,Drew Reyes,2024-05-11 17:59:00,rahul.silva@examplecorp.test,Priya Sloan,2024-11-24 02:17:00,chen.sloan@demomail.test,Alex Rossi,2023-07-07 06:15:00,N,Elena Okafor,Jamie Ivanov,Morgan Vance,TAG-7753,Marketing Coordinator,,,,,,,,LOT-9127,TAG-6927,morgan.vance@examplecorp.test,,,,Inactive,100008,,100234,100571,,,,,,,,100066,Delta,100319,,,,100786,100359,,skyler.rossi@sampleco.test,yara.silva@examplecorp.test,Product Update,100485,,Standard,,,,,,,,,,,,Y,
100709,Contact,104276,omar.nguyen@demomail.test,Diego Ashby,2023-06-28 15:49:00,chen.sloan@acme-fake.test,Mei Ashby,2024-01-17 10:37:00,rahul.blake@acme-fake.test,Skyler Garcia,2023-01-07 00:46:00,noah.ford@acme-fake.test,Riley Ashby,2024-07-16 00:14:00,Y,Emerson Haddad,Jamie Blake,Drew Garcia,TAG-1960,Marketing Coordinator,,,,,,,,,SKU-8385,drew.garcia@acme-fake.test,,,,Active,100708,100325,100345,,100780,,,,,100242,,100388,Delta,100079,,,,100548,,,fatima.mercer@acme-fake.test,priya.reyes@acme-fake.test,Event Invite,100319,,,100780,,,,,,,101836,,,,N,
100240,Contact,104277,alex.sato@demomail.test,Rowan Ivanov,2023-09-23 11:39:00,omar.brooks@acme-fake.test,Alex Mercer,2024-07-30 18:26:00,omar.brooks@examplecorp.test,Riley Kim,2024-04-01 14:53:00,nina.mercer@demomail.test,Alex Haddad,2023-02-13 22:44:00,Y,Mei Silva,Sofia Whitfield,Sofia Ashby,TAG-9418,HR Generalist,,,,,,,,,LOT-8206,sofia.ashby@demomail.test,,,,Active,100782,100240,100532,,100772,LOT-3639,,,,100238,,,Other,100588,,,,100113,,,jordan.okafor@acme-fake.test,avery.haddad@examplecorp.test,Renewal Nudge,100259,Keystone Systems Group,,,,,8,,,,101846,N,,,,
100086,Contact,104279,arjun.ashby@demomail.test,Drew Silva,2024-01-25 06:44:00,emerson.whitfield@sampleco.test,Quinn Patel,2025-11-13 23:23:00,rahul.calder@acme-fake.test,Chen Whitfield,2025-01-01 12:21:00,quinn.blake@demomail.test,Rowan Garcia,2026-06-09 05:16:00,Y,Yara Rossi,Morgan Garcia,Diego Whitfield,TAG-6698,Operations Associate,,,,,Standard,,,TAG-2466,SKU-1219,diego.whitfield@examplecorp.test,,,,Active,,100509,100143,100452,,,,,,,,100587,Gamma,100169,,,Other,100343,,,liam.cohen@demomail.test,fatima.vance@sampleco.test,Re-engagement,100774,Copper Partners Co,Delta,100421,,,,,,,,Y,,,,
100134,Contact,104281,avery.sato@sampleco.test,Nina Ford,2026-07-28 03:01:00,liam.kim@examplecorp.test,Arjun Costa,2025-10-14 12:49:00,reese.costa@demomail.test,Mei Kim,2024-01-02 07:55:00,elena.sloan@examplecorp.test,Reese Kim,2024-12-31 04:16:00,Y,Rahul Dorsey,Riley Garcia,Alex Cohen,SKU-1872,Payroll Specialist,,TAG-6648,,,,,,TAG-8165,LOT-9822,alex.cohen@acme-fake.test,,,,Active,100763,100494,100484,100736,100003,,,,,,,100301,Other,100241,,,Beta,,100243,,liam.sloan@acme-fake.test,alex.nguyen@examplecorp.test,Product Update,100796,,,,,,,,,,101808,,,,Y,N
100188,Contact,104283,noah.silva@examplecorp.test,Mei Okafor,2025-03-20 10:48:00,rowan.reyes@sampleco.test,Mei Garcia,2023-07-04 13:28:00,rowan.ford@sampleco.test,Rowan Kim,2025-02-18 05:15:00,priya.ashby@demomail.test,Morgan Sloan,2024-08-21 16:56:00,N,Reese Haddad,Mei Silva,Rahul Cohen,TAG-5579,Operations Associate,,,,,,,,REF-7169,TAG-5897,rahul.cohen@sampleco.test,,,,Inactive,,100670,100688,,,,,,,100554,,100526,Delta,100242,,,,,,,rowan.vance@examplecorp.test,reese.ashby@acme-fake.test,Event Invite,100107,,Alpha,100490,,,,,,,101825,,,,,
100122,Contact,104284,skyler.dorsey@sampleco.test,Arjun Garcia,2026-06-06 06:21:00,liam.calder@demomail.test,Morgan Mensah,2024-05-10 00:16:00,elena.sloan@sampleco.test,Noah Dorsey,2024-03-01 00:31:00,reese.rossi@sampleco.test,Skyler Reyes,2024-07-01 15:36:00,N,Marco Blake,Mei Reyes,Aisha Sato,REF-7718,Customer Success Manager,,,,,,,,,SKU-9395,aisha.sato@sampleco.test,,,,Inactive,100295,100073,100771,100391,,,,,,,,100681,Alpha,100715,,,,100723,,,yara.dorsey@examplecorp.test,diego.ashby@sampleco.test,Re-engagement,100344,Northwind Labs,Delta,100731,,,,,,,,N,,,,
100477,Contact,104286,omar.rossi@examplecorp.test,Chen Larsson,2024-01-30 23:25:00,rahul.vance@examplecorp.test,Elena Okafor,2024-09-12 22:45:00,nina.reyes@demomail.test,Morgan Ford,2023-11-24 17:50:00,alex.ford@acme-fake.test,Reese Blake,2024-04-21 22:19:00,Y,Riley Patel,Priya Calder,Emerson Blake,TAG-3556,Accountant,,,,,,,,,SKU-1023,emerson.blake@acme-fake.test,,,,Active,100597,,100484,100272,100492,,,,,100058,,100104,Alpha,100559,,,,100688,,,reese.mercer@sampleco.test,nina.vance@demomail.test,Re-engagement,100153,,,100148,,,,6,,,,,,,N,
100485,Contact,104289,mei.dorsey@demomail.test,Liam Whitfield,2024-12-02 20:13:00,arjun.sato@demomail.test,Mei Mercer,2024-02-05 02:22:00,chen.whitfield@demomail.test,Rowan Ivanov,2025-02-20 04:03:00,elena.larsson@sampleco.test,Drew Costa,2023-10-20 20:49:00,Y,Jamie Kim,Diego Mensah,Quinn Reyes,REF-3956,QA Engineer,,,,,,,,,TAG-4258,quinn.reyes@examplecorp.test,,,,Active,,,100336,100616,,,,,,100176,,100171,Standard,100376,,N,,100597,100291,,casey.reyes@acme-fake.test,elena.silva@acme-fake.test,Quarterly Newsletter,100073,,Alpha,,,,,5,,,101867,,,,Y,
100336,Contact,104292,alex.mensah@examplecorp.test,Aisha Sato,2024-02-06 08:17:00,avery.costa@demomail.test,Omar Silva,2026-04-29 05:03:00,diego.kim@sampleco.test,Sofia Calder,2025-07-04 03:14:00,avery.reyes@sampleco.test,Fatima Ashby,2023-05-09 05:19:00,Y,Nina Ivanov,Morgan Sato,Chen Whitfield,TAG-3695,Payroll Specialist,,,,,,,,,TAG-9588,chen.whitfield@demomail.test,,,,Active,,100136,100634,100398,100342,,,,,100532,,100269,Beta,100591,,,Other,100670,100522,,skyler.ivanov@sampleco.test,emerson.silva@acme-fake.test,Product Update,100741,Vertex Robotics LLP,,100003,,,,,,,,,,,,
100259,Contact,104293,elena.rossi@acme-fake.test,Skyler Calder,2024-08-03 01:58:00,jamie.haddad@sampleco.test,Rahul Cohen,2023-01-30 01:10:00,diego.calder@acme-fake.test,Jordan Calder,2025-03-13 06:45:00,nina.ashby@acme-fake.test,Drew Ivanov,2026-02-27 04:50:00,Y,Omar Patel,Chen Ford,Quinn Reyes,SKU-1772,Accountant,,,,,,,8673,,TAG-4278,quinn.reyes@examplecorp.test,,,,Active,,,100075,,,,,,,100110,,,Gamma,100517,,,,100421,100723,,reese.brooks@demomail.test,skyler.costa@demomail.test,Quarterly Newsletter,100265,,,,,,,10,,,101797,N,,,,
100169,Contact,104294,arjun.okafor@sampleco.test,Arjun Garcia,2023-05-02 00:17:00,emerson.ford@examplecorp.test,Liam Sato,2023-06-07 10:43:00,priya.ford@acme-fake.test,Mei Reyes,2023-09-03 03:42:00,casey.silva@demomail.test,Riley Costa,2023-08-30 23:22:00,Y,Noah Whitfield,Avery Haddad,Elena Brooks,SKU-5731,Executive Assistant,,,,,,,,TAG-9854,SKU-6286,elena.brooks@examplecorp.test,,,,Active,100543,100628,100403,,,,,,,100328,,100234,Alpha,100176,,N,Other,100238,100189,,sofia.garcia@acme-fake.test,reese.mensah@acme-fake.test,Re-engagement,100469,,Alpha,,,,,,,,101854,,,,N,
100437,Contact,104296,priya.brooks@examplecorp.test,Priya Vance,2025-07-08 07:48:00,riley.mercer@sampleco.test,Chen Sloan,2024-11-06 06:53:00,omar.brooks@examplecorp.test,Diego Blake,2025-08-23 09:12:00,elena.sloan@acme-fake.test,Fatima Costa,2026-06-09 00:37:00,Y,Arjun Mercer,Omar Vance,Avery Dorsey,LOT-9721,Support Specialist,,,,,,,,,TAG-3029,avery.dorsey@acme-fake.test,,,,Active,100203,100613,100345,100735,,,,,,,,100413,Alpha,100025,,,,100777,,,arjun.ashby@demomail.test,reese.blake@acme-fake.test,Re-engagement,100123,,,,,,,,,,101821,,,,N,
100066,Contact,104298,nina.dorsey@acme-fake.test,Liam Haddad,2025-08-18 13:10:00,morgan.costa@sampleco.test,Reese Larsson,2023-03-16 01:59:00,avery.blake@demomail.test,Fatima Nguyen,2023-07-31 12:16:00,jordan.cohen@acme-fake.test,Marco Sato,2024-01-06 16:22:00,N,Quinn Haddad,Yara Sloan,Arjun Brooks,TAG-6590,Payroll Specialist,,,,,,,,,TAG-8156,arjun.brooks@sampleco.test,,,,Inactive,,100568,100216,100551,100332,,,,,100610,,100236,Beta,100554,,N,Alpha,,100017,,jordan.calder@demomail.test,omar.brooks@demomail.test,Re-engagement,100576,Northwind Networks LLP,Beta,100420,,,,,,,101788,,,,,
100213,Contact,104301,marco.ford@acme-fake.test,Omar Reyes,2025-01-15 17:57:00,yara.calder@sampleco.test,Diego Ivanov,2023-08-09 18:35:00,nina.ashby@demomail.test,Emerson Calder,2025-05-26 00:49:00,reese.costa@examplecorp.test,Diego Calder,2023-01-16 11:56:00,Y,Morgan Vance,Liam Mensah,Riley Blake,TAG-5426,Data Analyst,,,,,,,,,SKU-8382,riley.blake@examplecorp.test,,,,Active,,100417,100573,,,TAG-1810,,,,,,100103,Beta,100216,,,Gamma,,,,jordan.reyes@sampleco.test,noah.patel@acme-fake.test,Event Invite,100049,,Beta,100518,,,,,,,101804,,,,Y,
100368,Contact,104303,omar.dorsey@demomail.test,Morgan Kim,2026-05-15 09:26:00,yara.blake@acme-fake.test,Riley Kim,2025-03-19 23:17:00,marco.dorsey@examplecorp.test,Yara Ivanov,2024-05-28 03:26:00,priya.garcia@acme-fake.test,Nina Rossi,2025-05-28 20:02:00,N,Elena Ashby,Yara Ashby,Skyler Vance,SKU-9531,Support Specialist,,,,,,,,REF-2698,LOT-7810,skyler.vance@acme-fake.test,,,,Inactive,100517,,100359,100593,100017,,,,,100049,,100667,Gamma,100434,,,Standard,,,,jamie.ivanov@sampleco.test,emerson.nguyen@sampleco.test,Re-engagement,100086,,Beta,100637,,,,,,,101863,,,,N,
100686,Contact,104306,emerson.vance@acme-fake.test,Omar Vance,2024-04-21 20:00:00,alex.whitfield@acme-fake.test,Arjun Garcia,2023-11-08 01:44:00,omar.rossi@sampleco.test,Skyler Reyes,2022-10-14 13:44:00,fatima.sato@examplecorp.test,Rowan Sato,2022-12-02 02:04:00,Y,Taylor Ivanov,Noah Nguyen,Mei Haddad,SKU-1345,Executive Assistant,,,,,,,3048,,LOT-6650,mei.haddad@demomail.test,,,,Active,,100026,100712,100123,,,,,,100455,,100293,Delta,100531,,,Beta,,,,noah.costa@examplecorp.test,morgan.costa@sampleco.test,Quarterly Newsletter,100220,,Delta,100241,,,,,,,101804,,,,,
100722,Contact,104309,emerson.silva@sampleco.test,Reese Sloan,2024-04-01 17:19:00,jordan.okafor@acme-fake.test,Diego Ford,2026-04-22 14:02:00,jamie.whitfield@sampleco.test,Alex Ashby,2025-03-16 01:16:00,taylor.brooks@sampleco.test,Marco Reyes,2024-10-31 19:47:00,Y,Noah Ashby,Rowan Nguyen,Taylor Whitfield,REF-6388,Payroll Specialist,,,,,,TAG-2180,,,SKU-8973,taylor.whitfield@sampleco.test,,,,Active,100496,,100185,,100086,,,,,100382,,100020,Alpha,100742,,,Standard,100015,100518,,chen.larsson@sampleco.test,aisha.whitfield@demomail.test,Re-engagement,100142,,,100153,,0,,,,,,,,,Y,
100481,Contact,104311,fatima.okafor@acme-fake.test,Riley Reyes,2025-08-09 16:13:00,fatima.costa@examplecorp.test,Rahul Cohen,2025-03-30 20:00:00,chen.kim@sampleco.test,Diego Dorsey,2023-01-09 17:24:00,yara.garcia@sampleco.test,Emerson Vance,2024-11-04 05:32:00,Y,Rowan Cohen,Reese Haddad,Aisha Rossi,REF-9831,Executive Assistant,,,,,,,,TAG-9281,LOT-1888,aisha.rossi@examplecorp.test,,,,Active,100548,100359,100782,100107,100738,LOT-6381,,,,,,,Delta,100153,,N,,100336,100715,,taylor.silva@demomail.test,riley.sato@acme-fake.test,Renewal Nudge,100097,Harbor Labs LLP,Delta,100075,,,,,,,,,,,N,
100753,Contact,104312,jamie.vance@acme-fake.test,Nina Rossi,2024-05-12 09:05:00,rowan.dorsey@demomail.test,Morgan Whitfield,2023-09-13 14:09:00,taylor.nguyen@acme-fake.test,Jordan Calder,2025-02-05 00:34:00,diego.whitfield@acme-fake.test,Arjun Brooks,2025-02-25 05:07:00,Y,Elena Blake,Rahul Costa,Sofia Mensah,SKU-3659,Support Specialist,,,,,,,,,SKU-8420,sofia.mensah@demomail.test,,,,Active,100704,,100672,100217,100729,,,,,100731,,,Delta,100598,,,,100156,100126,,jordan.haddad@examplecorp.test,mei.silva@examplecorp.test,Event Invite,100624,,Beta,,,,,,,,,,,,,
100679,Contact,104314,elena.haddad@acme-fake.test,Liam Costa,2023-03-21 21:54:00,rowan.costa@demomail.test,Nina Reyes,2025-10-28 01:28:00,riley.patel@sampleco.test,Liam Dorsey,2024-08-16 02:59:00,omar.vance@sampleco.test,Jordan Silva,2025-08-15 07:28:00,Y,Chen Okafor,Fatima Ashby,Jordan Patel,LOT-4710,Accountant,,,,,,,,,TAG-3623,jordan.patel@examplecorp.test,,,,Active,100094,100097,100432,,100106,REF-1185,,,,100455,,,Standard,100516,,,,100243,,,arjun.sato@demomail.test,riley.cohen@examplecorp.test,Quarterly Newsletter,100624,,,100555,,,,,,,,,,,,
100164,Contact,104315,yara.ashby@acme-fake.test,Yara Costa,2024-03-22 14:22:00,yara.ford@demomail.test,Morgan Costa,2025-06-13 03:42:00,nina.sloan@acme-fake.test,Yara Mensah,2023-04-26 04:08:00,avery.silva@demomail.test,Nina Haddad,2023-03-14 05:00:00,Y,Elena Ivanov,Mei Silva,Jordan Blake,REF-1889,Support Specialist,,,,Other,,,,,TAG-7830,jordan.blake@examplecorp.test,,,,Active,,,100597,100469,100601,,,,,,,100591,Beta,100248,,N,Alpha,100645,100445,,sofia.okafor@sampleco.test,quinn.whitfield@demomail.test,Renewal Nudge,100272,,Beta,,,4,,,,,,,,,Y,
100410,Contact,104317,mei.nguyen@acme-fake.test,Morgan Whitfield,2023-03-04 16:15:00,diego.whitfield@sampleco.test,Omar Costa,2026-07-03 21:34:00,marco.patel@sampleco.test,Riley Sato,2026-03-09 09:43:00,yara.okafor@acme-fake.test,Nina Haddad,2025-08-21 15:06:00,Y,Elena Ashby,Sofia Ivanov,Chen Okafor,REF-8428,Payroll Specialist,,,,,,,,REF-9520,TAG-8919,chen.okafor@sampleco.test,,,,Active,,100090,100729,100763,,,,,,,,100044,Delta,100079,,,Other,100758,100538,,diego.rossi@acme-fake.test,elena.ivanov@acme-fake.test,Product Update,100291,Cobalt Labs Inc,,,,,,,,,101814,,,,,
100008,Contact,104320,riley.okafor@acme-fake.test,Chen Vance,2023-08-12 07:22:00,liam.ashby@sampleco.test,Marco Brooks,2025-08-30 23:04:00,liam.dorsey@acme-fake.test,Skyler Blake,2023-03-04 16:11:00,casey.vance@demomail.test,Noah Reyes,2025-11-27 22:11:00,Y,Yara Costa,Chen Kim,Sofia Okafor,LOT-4547,Customer Success Manager,,,,,,,,LOT-4127,LOT-1006,sofia.okafor@examplecorp.test,,,,Active,100530,100184,100269,100741,,,,,,100552,,,Gamma,100363,,,,,,,riley.rossi@demomail.test,quinn.whitfield@examplecorp.test,Quarterly Newsletter,100280,,Alpha,100613,,,,,,,101808,,,,N,Y
100421,Contact,104321,avery.whitfield@examplecorp.test,Omar Okafor,2023-09-09 21:59:00,morgan.mercer@sampleco.test,Arjun Reyes,2023-03-25 16:09:00,jamie.larsson@acme-fake.test,Emerson Blake,2025-08-10 17:04:00,avery.larsson@examplecorp.test,Chen Cohen,2024-12-14 13:16:00,Y,Diego Ivanov,Chen Vance,Mei Calder,LOT-5032,Financial Analyst,,,,,,,,,LOT-7028,mei.calder@examplecorp.test,,,,Active,100293,,100288,,,,,,,,,,Beta,100563,,N,,,,,avery.mensah@acme-fake.test,nina.calder@demomail.test,Re-engagement,100151,,Alpha,100319,,,,,,,101859,,,,,Y
100060,Contact,104324,nina.dorsey@examplecorp.test,Elena Nguyen,2024-07-01 13:36:00,sofia.vance@examplecorp.test,Mei Brooks,2024-03-20 07:16:00,elena.rossi@sampleco.test,Reese Ashby,2024-07-15 01:36:00,rowan.mercer@sampleco.test,Drew Blake,2025-05-10 07:17:00,Y,Emerson Rossi,Nina Whitfield,Aisha Sato,REF-9333,Executive Assistant,,,,,,,,SKU-8206,SKU-9976,aisha.sato@sampleco.test,,,,Active,100649,100777,100282,100015,,,,,,,,100141,Other,100542,,,Beta,100015,,,drew.ivanov@sampleco.test,arjun.dorsey@examplecorp.test,Re-engagement,100613,Ironwood Holdings LLP,Alpha,,,,,,,,,,,,Y,
100645,Contact,104325,priya.nguyen@examplecorp.test,Fatima Blake,2026-02-01 12:07:00,rowan.sloan@examplecorp.test,Nina Garcia,2026-04-25 01:43:00,liam.dorsey@demomail.test,Riley Dorsey,2023-05-29 02:20:00,elena.blake@sampleco.test,Riley Silva,2026-04-28 22:14:00,N,Rahul Vance,Priya Brooks,Nina Dorsey,REF-6006,Accountant,,,,,Standard,,,,REF-2649,nina.dorsey@acme-fake.test,,,,Inactive,100610,100753,100484,,100408,,,,,,,100415,Beta,100649,,,Gamma,100080,100012,,arjun.silva@sampleco.test,quinn.cohen@examplecorp.test,Quarterly Newsletter,100511,,,100543,,,,,,,101859,,,,N,N
100053,Contact,104327,elena.silva@acme-fake.test,Casey Reyes,2025-01-10 18:08:00,jamie.ashby@examplecorp.test,Casey Reyes,2024-01-04 06:25:00,omar.vance@acme-fake.test,Liam Rossi,2023-06-29 23:31:00,rahul.vance@demomail.test,Diego Blake,2024-03-25 11:20:00,Y,Rowan Ivanov,Emerson Cohen,Riley Calder,SKU-6816,HR Generalist,,,,,,,,,TAG-2368,riley.calder@demomail.test,,,,Active,100285,100168,100455,,,,,,,100469,,100281,Standard,100241,,,Gamma,,100158,,diego.blake@acme-fake.test,alex.brooks@demomail.test,Product Update,100588,,Beta,,,,,,,,101786,,,,,
100777,Contact,104328,rowan.calder@acme-fake.test,Taylor Silva,2023-11-08 06:17:00,rowan.cohen@sampleco.test,Priya Costa,2025-04-03 16:44:00,sofia.ford@examplecorp.test,Emerson Okafor,2026-01-30 08:54:00,quinn.mensah@acme-fake.test,Priya Sato,2024-06-02 18:49:00,Y,Mei Sloan,Quinn Mensah,Chen Mercer,LOT-7555,Operations Associate,,LOT-9680,,,,,,,SKU-1272,chen.mercer@sampleco.test,,,,Active,100690,100128,100704,100579,100591,,,,,100031,,100573,Gamma,100017,,,Standard,,100563,,yara.rossi@sampleco.test,elena.sloan@acme-fake.test,Event Invite,100115,,Delta,100192,,,,,,,101804,,,,Y,
100190,Contact,104330,reese.rossi@examplecorp.test,Mei Costa,2025-06-04 15:18:00,elena.ivanov@sampleco.test,Skyler Garcia,2025-03-09 22:14:00,omar.dorsey@examplecorp.test,Liam Okafor,2024-10-30 15:13:00,taylor.ford@examplecorp.test,Nina Costa,2025-03-09 16:16:00,Y,Yara Cohen,Emerson Kim,Avery Cohen,REF-6935,Support Specialist,,,,Alpha,,,1289,,REF-7998,avery.cohen@examplecorp.test,,,,Active,100799,100203,100403,100328,,,,,,100705,,,Alpha,100400,,,Beta,,,,noah.ford@demomail.test,elena.patel@examplecorp.test,Event Invite,100490,Redwood Solutions,Other,100165,,,,,,,101869,,,,,
100395,Contact,104331,emerson.silva@sampleco.test,Avery Rossi,2024-10-10 13:59:00,liam.dorsey@examplecorp.test,Rahul Ford,2025-06-18 08:12:00,omar.patel@examplecorp.test,Diego Patel,2024-05-21 03:24:00,omar.ford@examplecorp.test,Mei Garcia,2024-01-10 00:47:00,Y,Noah Garcia,Alex Blake,Priya Mercer,LOT-9601,Software Developer,,,,,,,,,LOT-8838,priya.mercer@examplecorp.test,,,,Active,,100800,100169,,100269,,,,,,,100370,Delta,100593,,,Other,,,,quinn.mercer@demomail.test,priya.okafor@examplecorp.test,Re-engagement,100031,Falcon Analytics Group,Beta,100772,,,,,,,101805,,,,,
100765,Contact,104332,liam.dorsey@demomail.test,Nina Nguyen,2025-07-27 10:35:00,marco.sloan@sampleco.test,Alex Okafor,2023-05-23 17:43:00,priya.reyes@examplecorp.test,Morgan Larsson,2023-07-07 00:11:00,taylor.whitfield@sampleco.test,Emerson Sato,2026-05-16 17:54:00,Y,Aisha Ivanov,Marco Whitfield,Emerson Kim,TAG-4495,Data Analyst,,,,,,,,,SKU-5551,emerson.kim@demomail.test,,,,Active,,100482,100083,,,,,,,100215,,100197,Gamma,100058,,,,,,,omar.whitfield@demomail.test,diego.ashby@sampleco.test,Product Update,100585,,Delta,,,,,,,,101797,,,,N,
100223,Contact,104334,jamie.kim@demomail.test,Liam Dorsey,2024-10-05 19:34:00,jamie.rossi@demomail.test,Nina Costa,2024-02-23 13:27:00,marco.garcia@sampleco.test,Aisha Silva,2023-06-18 19:52:00,sofia.garcia@examplecorp.test,Alex Brooks,2026-05-07 00:14:00,N,Emerson Blake,Alex Blake,Sofia Nguyen,SKU-3916,Data Analyst,,,,Alpha,,,,,REF-5688,sofia.nguyen@demomail.test,,,,Inactive,,100391,100746,100746,,,,,,100672,,100645,Standard,100171,,,Beta,,100736,,fatima.vance@sampleco.test,omar.dorsey@sampleco.test,Quarterly Newsletter,100176,Lakeside Partners Ltd,Gamma,100746,,,,3,,,101834,,,,Y,
100126,Contact,104335,rowan.mensah@examplecorp.test,Chen Costa,2024-10-01 09:54:00,riley.rossi@examplecorp.test,Elena Ashby,2026-01-16 22:03:00,jamie.ford@sampleco.test,Taylor Haddad,2024-04-29 21:35:00,taylor.haddad@acme-fake.test,Emerson Sato,2022-11-08 21:41:00,Y,Alex Ford,Riley Haddad,Sofia Whitfield,TAG-6899,HR Generalist,,,,,,,,LOT-2031,LOT-2052,sofia.whitfield@acme-fake.test,,,,Active,100308,100331,100771,100056,,SKU-9699,,,,100209,,,Delta,100192,,,Delta,100758,100699,,rahul.okafor@acme-fake.test,nina.nguyen@acme-fake.test,Event Invite,100631,,Delta,,,8,,,,,,,,,,
100280,Contact,104336,liam.nguyen@examplecorp.test,Reese Costa,2025-08-27 16:14:00,alex.ashby@acme-fake.test,Yara Cohen,2023-07-13 22:55:00,morgan.sloan@demomail.test,Mei Costa,2026-07-17 00:59:00,morgan.haddad@acme-fake.test,Drew Vance,2026-05-24 14:10:00,Y,Casey Sato,Emerson Mercer,Taylor Okafor,TAG-2212,Operations Associate,,,,,,,,,TAG-5098,taylor.okafor@demomail.test,,,,Active,100254,,100308,,,,,,,,,100624,Standard,100293,,,,,100156,,jordan.ashby@demomail.test,sofia.mensah@examplecorp.test,Quarterly Newsletter,100720,,Delta,100750,,,,,,,,,,,N,
100496,Contact,104339,sofia.vance@examplecorp.test,Taylor Vance,2026-05-30 02:30:00,sofia.patel@acme-fake.test,Noah Whitfield,2022-11-10 06:52:00,omar.dorsey@acme-fake.test,Fatima Rossi,2023-08-12 04:38:00,aisha.dorsey@demomail.test,Elena Reyes,2024-10-24 11:46:00,Y,Nina Silva,Sofia Blake,Rowan Garcia,LOT-5496,Financial Analyst,,,,,,,,,REF-5259,rowan.garcia@sampleco.test,,,,Active,100506,,100031,100631,,,,,,,,,Alpha,100339,,N,Delta,100585,,,priya.mercer@examplecorp.test,liam.brooks@examplecorp.test,Product Update,100457,Meridian Foods Inc,Other,100492,,,,,,,,,,,,
100679,Contact,104341,omar.sato@acme-fake.test,Omar Sato,2023-08-15 12:47:00,jordan.patel@acme-fake.test,Noah Cohen,2024-10-04 17:32:00,avery.dorsey@acme-fake.test,Diego Sato,2023-05-11 06:42:00,mei.sato@examplecorp.test,Riley Rossi,2022-10-13 11:11:00,Y,Mei Kim,Priya Nguyen,Alex Okafor,LOT-3296,Customer Success Manager,,,,,,TAG-3466,,,REF-9656,alex.okafor@examplecorp.test,,,,Active,100172,100239,100186,,100097,,,,,,,,Beta,100242,,,Gamma,100190,100467,,aisha.haddad@demomail.test,diego.nguyen@sampleco.test,Event Invite,100469,Cardinal Holdings Group,,100496,,,,,,,,,,,,
100500,Contact,104343,chen.ivanov@acme-fake.test,Quinn Rossi,2026-07-24 16:10:00,elena.dorsey@demomail.test,Aisha Reyes,2026-04-12 22:58:00,emerson.ashby@sampleco.test,Jamie Nguyen,2024-11-22 03:35:00,jordan.okafor@examplecorp.test,Riley Sato,2026-05-02 09:58:00,Y,Yara Ashby,Alex Vance,Avery Okafor,LOT-1667,Marketing Coordinator,,,,,,,,REF-4353,REF-7881,avery.okafor@acme-fake.test,,,,Active,100192,,100548,100738,100782,,,,,100122,,,Beta,100684,,,Beta,100223,,,diego.vance@acme-fake.test,jamie.haddad@acme-fake.test,Re-engagement,100319,Redwood Robotics Co,,,,,,,,,101793,,,,,
100610,Contact,104344,mei.silva@demomail.test,Drew Vance,2024-12-17 14:08:00,marco.sato@demomail.test,Fatima Silva,2025-12-14 03:12:00,priya.blake@examplecorp.test,Elena Calder,2024-01-04 00:40:00,skyler.sloan@sampleco.test,Diego Okafor,2023-04-25 03:31:00,N,Rahul Nguyen,Aisha Mensah,Taylor Kim,SKU-6709,Recruiter,,,,,,,,SKU-5568,REF-8963,taylor.kim@acme-fake.test,,,,Inactive,100591,100731,100652,100069,100789,,,,,,,100784,Standard,100683,,,,,,,marco.haddad@sampleco.test,quinn.haddad@demomail.test,Re-engagement,100432,Horizon Energy Co,,,,,,,,,101793,,,,,
100189,Contact,104347,liam.reyes@sampleco.test,Reese Vance,2025-03-12 19:25:00,liam.ivanov@demomail.test,Alex Dorsey,2024-08-17 12:57:00,aisha.garcia@examplecorp.test,Chen Costa,2025-10-31 10:10:00,avery.blake@acme-fake.test,Yara Sato,2023-11-02 08:36:00,Y,Diego Haddad,Jordan Dorsey,Liam Okafor,SKU-9147,Bookkeeper,,,,Other,,,,SKU-7015,SKU-3918,liam.okafor@demomail.test,,,,Active,100467,,100391,100582,,,,,,100332,,,Beta,100254,,,Beta,100777,,,avery.ivanov@sampleco.test,alex.reyes@sampleco.test,Event Invite,100456,,,100280,,,,,,,101827,,,,,
100348,Contact,104348,reese.sloan@acme-fake.test,Morgan Costa,2023-12-15 12:19:00,reese.reyes@acme-fake.test,Taylor Mensah,2024-10-28 04:13:00,rowan.silva@demomail.test,Yara Mercer,2024-06-30 04:57:00,rahul.kim@demomail.test,Mei Okafor,2024-04-15 12:21:00,N,Priya Haddad,Marco Garcia,Casey Cohen,TAG-5096,Operations Associate,,,,,,,,,TAG-2451,casey.cohen@sampleco.test,,,,Inactive,,100139,100351,,,,,,,100492,,100257,Standard,100370,,,Gamma,100348,100126,,drew.nguyen@sampleco.test,yara.costa@demomail.test,Renewal Nudge,100786,,,,,,,,,,101843,,,,,N
100526,Contact,104351,elena.larsson@examplecorp.test,Liam Reyes,2025-10-24 23:41:00,arjun.vance@examplecorp.test,Nina Vance,2024-05-13 21:11:00,rowan.ford@demomail.test,Avery Garcia,2025-06-03 17:07:00,alex.silva@sampleco.test,Quinn Nguyen,2023-03-17 16:03:00,N,Riley Costa,Drew Mensah,Taylor Patel,LOT-8330,Customer Success Manager,,,,,,,,LOT-2338,TAG-7225,taylor.patel@demomail.test,,,,Inactive,100101,100645,100188,100016,,TAG-6670,,,,,,100786,Delta,100585,,,Delta,,,,rahul.whitfield@acme-fake.test,fatima.ivanov@acme-fake.test,Event Invite,100792,Falcon Labs LLP,,,,,,,,,,,,,Y,
100616,Contact,104353,omar.dorsey@examplecorp.test,Omar Dorsey,2024-06-10 19:36:00,casey.blake@examplecorp.test,Avery Garcia,2023-05-29 10:46:00,marco.ivanov@sampleco.test,Marco Dorsey,2025-01-13 03:32:00,casey.sloan@examplecorp.test,Skyler Garcia,2022-10-30 02:06:00,N,Quinn Sato,Omar Reyes,Reese Dorsey,TAG-3391,Support Specialist,,,,,,,,SKU-8263,LOT-8822,reese.dorsey@sampleco.test,,,,Inactive,100408,,100685,,,,,,,100220,,,Other,100616,,,Delta,,100617,,rahul.costa@examplecorp.test,reese.ashby@sampleco.test,Renewal Nudge,100177,,,,,,,,,,,,,,Y,
100750,Contact,104356,skyler.mensah@examplecorp.test,Jamie Garcia,2026-06-11 11:55:00,nina.haddad@demomail.test,Rowan Larsson,2026-07-16 02:22:00,arjun.costa@examplecorp.test,Noah Sloan,2025-05-03 04:31:00,priya.whitfield@acme-fake.test,Noah Sloan,2025-01-04 07:02:00,Y,Yara Costa,Yara Reyes,Rahul Ashby,REF-2188,Accountant,,,,,Delta,,,LOT-4593,TAG-3728,rahul.ashby@examplecorp.test,,,,Active,100360,,100758,,,,,,,100490,,,Standard,100596,,,Other,,100288,,liam.calder@sampleco.test,liam.brooks@demomail.test,Renewal Nudge,100560,,,100371,,,,,,,,,,,N,
100517,Contact,104358,nina.cohen@sampleco.test,Casey Patel,2025-12-04 22:22:00,marco.sato@examplecorp.test,Riley Dorsey,2025-04-18 14:50:00,rahul.garcia@demomail.test,Yara Ashby,2024-01-08 04:47:00,riley.okafor@examplecorp.test,Marco Blake,2023-07-08 23:48:00,N,Quinn Costa,Avery Rossi,Aisha Brooks,,Data Analyst,,,,,,REF-8461,,SKU-9255,TAG-9426,aisha.brooks@demomail.test,,,,Inactive,100106,100462,100178,100094,,,,,,100468,,100339,Alpha,100601,,,Delta,100173,100213,,casey.garcia@sampleco.test,rahul.reyes@sampleco.test,Quarterly Newsletter,100672,Granite Capital Ltd,Alpha,100628,,,,,,,101811,,,,N,Y
100240,Contact,104360,drew.vance@sampleco.test,Sofia Ivanov,2025-12-09 21:54:00,omar.dorsey@demomail.test,Alex Calder,2024-10-19 03:00:00,alex.costa@acme-fake.test,Drew Kim,2024-01-01 01:45:00,fatima.nguyen@demomail.test,Fatima Brooks,2024-11-08 12:47:00,Y,Rahul Vance,Marco Kim,Arjun Whitfield,LOT-7061,Bookkeeper,,,,,,,,,SKU-3491,arjun.whitfield@acme-fake.test,,,,Active,100308,,100046,100573,100380,,,,,100398,,100395,Other,100288,,N,Alpha,100012,,,fatima.garcia@demomail.test,skyler.rossi@acme-fake.test,Event Invite,100310,,Beta,,,,,,,,,,,,Y,
100670,Contact,104362,chen.okafor@acme-fake.test,Yara Dorsey,2024-01-13 04:46:00,drew.blake@acme-fake.test,Elena Ashby,2023-12-13 19:32:00,elena.sato@acme-fake.test,Elena Sloan,2026-03-09 15:04:00,mei.nguyen@demomail.test,Avery Whitfield,2024-05-31 06:05:00,N,Alex Silva,Elena Ashby,Riley Dorsey,TAG-3202,Data Analyst,,REF-4804,,,,,,,LOT-9342,riley.dorsey@acme-fake.test,,,,Inactive,,100262,100171,,,,,,,100070,,100792,Alpha,100009,,Y,,100141,100734,,mei.nguyen@acme-fake.test,priya.garcia@sampleco.test,Re-engagement,100285,,Delta,100767,,,,,,,101816,,,,N,
100176,Contact,104365,morgan.haddad@acme-fake.test,Yara Sloan,2025-10-19 11:14:00,taylor.vance@acme-fake.test,Skyler Mercer,2023-07-20 00:10:00,arjun.ivanov@examplecorp.test,Emerson Garcia,2026-05-25 03:04:00,marco.larsson@examplecorp.test,Jordan Ivanov,2025-11-24 04:05:00,Y,Elena Ashby,Yara Sato,Yara Larsson,REF-7029,Executive Assistant,,,,,,,,REF-6799,SKU-5308,yara.larsson@sampleco.test,,,,Active,,,100173,,100774,,,,,100398,,,Other,100574,,,Standard,100624,,,skyler.rossi@examplecorp.test,jamie.reyes@sampleco.test,Renewal Nudge,100044,Falcon Ventures LLP,,,,,,,,,101832,,,,,N
100475,Contact,104366,fatima.mensah@acme-fake.test,Fatima Silva,2024-01-15 10:03:00,taylor.okafor@acme-fake.test,Marco Whitfield,2025-02-06 11:04:00,reese.garcia@demomail.test,Noah Whitfield,2025-02-17 04:29:00,nina.sato@sampleco.test,Drew Cohen,2026-05-27 21:14:00,Y,Rahul Kim,Arjun Okafor,Skyler Ford,LOT-8616,Software Developer,,,,,,,,,SKU-8904,skyler.ford@examplecorp.test,,,,Active,100101,,100206,100046,100607,,,,,100799,,,Gamma,100288,,,Alpha,100426,,,elena.rossi@examplecorp.test,sofia.reyes@demomail.test,Renewal Nudge,100449,Beacon Holdings Group,,100386,,,,,,,,,,,,
100424,Contact,104369,aisha.silva@acme-fake.test,Marco Ivanov,2024-07-11 13:34:00,rowan.costa@demomail.test,Fatima Dorsey,2025-12-01 11:21:00,mei.ashby@sampleco.test,Fatima Blake,2025-12-12 23:37:00,riley.sloan@acme-fake.test,Noah Calder,2023-05-16 05:58:00,Y,Diego Sloan,Yara Dorsey,Jordan Sloan,SKU-9037,Software Developer,,,,,,,,,SKU-3128,jordan.sloan@examplecorp.test,,,,Active,100679,100348,100426,100673,,,,,,,,,Standard,100103,,,Alpha,100374,100445,,quinn.brooks@acme-fake.test,omar.mensah@acme-fake.test,Re-engagement,100176,Redwood Retail LLC,Gamma,100352,,5,,,,,,,,,N,
100513,Contact,104371,omar.sloan@sampleco.test,Avery Rossi,2024-12-16 20:38:00,marco.kim@demomail.test,Alex Blake,2025-06-03 20:05:00,skyler.okafor@demomail.test,Reese Brooks,2023-02-06 08:55:00,nina.sato@sampleco.test,Arjun Whitfield,2025-11-28 19:27:00,Y,Jamie Ivanov,Taylor Dorsey,Taylor Vance,LOT-7123,Payroll Specialist,,,,,,,3990,,TAG-1656,taylor.vance@sampleco.test,,,,Active,,100282,100380,100726,,,,,,100736,,100527,Delta,100591,,,,,100497,,arjun.kim@sampleco.test,skyler.mensah@demomail.test,Product Update,100462,Copper Capital Ltd,Delta,100066,,,,,,,,,,,,
100070,Contact,104373,emerson.reyes@acme-fake.test,Yara Costa,2022-11-17 14:40:00,fatima.nguyen@demomail.test,Omar Cohen,2025-06-22 00:09:00,priya.ashby@sampleco.test,Yara Larsson,2025-01-02 03:44:00,jordan.rossi@acme-fake.test,Drew Vance,2022-10-02 23:49:00,Y,Arjun Mercer,Rahul Rossi,Priya Okafor,TAG-3645,Recruiter,,TAG-9991,,,,,,,REF-7148,priya.okafor@examplecorp.test,,,,Active,,100670,100319,100262,,,,,,100625,,100333,Alpha,100530,,,Other,100457,100760,,mei.haddad@examplecorp.test,arjun.ford@examplecorp.test,Event Invite,100073,Delta Retail Co,,100245,,,,,,,,,,,Y,
100012,Contact,104374,omar.kim@demomail.test,Fatima Ford,2022-10-24 07:53:00,rahul.costa@demomail.test,Morgan Calder,2023-06-07 17:05:00,avery.ivanov@examplecorp.test,Sofia Rossi,2025-08-25 17:13:00,quinn.silva@acme-fake.test,Priya Garcia,2024-06-24 05:26:00,Y,Priya Dorsey,Liam Blake,Sofia Dorsey,REF-2200,Project Manager,,,,Alpha,,TAG-5538,,SKU-3332,SKU-7100,sofia.dorsey@acme-fake.test,,,,Active,100008,100424,100371,,,,,,,100188,,100371,Alpha,100285,,,Beta,100798,100079,,marco.dorsey@examplecorp.test,taylor.rossi@examplecorp.test,Product Update,100037,,Other,,,,,,,,101873,,,,,
100664,Contact,104376,mei.silva@examplecorp.test,Drew Vance,2023-10-23 21:50:00,fatima.ford@examplecorp.test,Omar Mensah,2023-03-02 19:09:00,jordan.ashby@sampleco.test,Avery Sato,2025-08-11 10:42:00,skyler.dorsey@sampleco.test,Emerson Rossi,2023-06-26 12:28:00,Y,Liam Nguyen,Mei Vance,Riley Dorsey,,Project Manager,,,,,,,9611,,LOT-4774,riley.dorsey@examplecorp.test,,,,Active,,100588,100759,100527,,,,,,100696,,100793,Beta,100031,,,Beta,100322,100069,,rahul.costa@acme-fake.test,casey.sato@demomail.test,Quarterly Newsletter,100142,,Gamma,,,,7,,,,101825,,,,Y,
100688,Contact,104378,rowan.ford@acme-fake.test,Emerson Nguyen,2025-08-03 08:52:00,nina.ford@examplecorp.test,Rowan Larsson,2024-01-07 05:46:00,rahul.ivanov@examplecorp.test,Yara Cohen,2024-01-10 02:30:00,casey.sloan@acme-fake.test,Nina Costa,2025-07-27 09:33:00,N,Rowan Whitfield,Chen Kim,Noah Haddad,REF-8436,Support Specialist,,,,,,,,,SKU-9526,noah.haddad@examplecorp.test,,,,Inactive,100627,100398,100351,100437,,,,,,,,100615,Delta,100083,,,Delta,100224,,,casey.haddad@acme-fake.test,morgan.blake@acme-fake.test,Product Update,100277,,Gamma,100464,,,,,,,101818,,,,Y,N
100005,Contact,104379,noah.nguyen@examplecorp.test,Avery Vance,2023-05-26 19:40:00,noah.dorsey@examplecorp.test,Emerson Whitfield,2024-12-30 18:06:00,mei.blake@demomail.test,Rowan Cohen,2024-01-29 07:16:00,rahul.mensah@examplecorp.test,Yara Sato,2026-07-09 23:39:00,Y,Marco Ford,Chen Brooks,Fatima Patel,LOT-2852,Customer Success Manager,,,,Beta,,,,TAG-6207,SKU-4036,fatima.patel@sampleco.test,,,,Active,,,100620,,100593,REF-8181,,,,100667,,,Other,100638,,,Standard,,,,priya.ashby@demomail.test,drew.ivanov@demomail.test,Re-engagement,100139,Everest Financial,,,,,,,,,,,,,Y,
100696,Contact,104381,aisha.ford@demomail.test,Sofia Whitfield,2025-02-22 21:53:00,rahul.ford@demomail.test,Morgan Garcia,2025-01-23 11:02:00,noah.mensah@acme-fake.test,Liam Calder,2024-03-12 02:36:00,jordan.garcia@sampleco.test,Rowan Reyes,2023-02-12 20:17:00,Y,Reese Vance,Morgan Costa,Omar Okafor,TAG-2002,Recruiter,,,,,,,,SKU-4583,TAG-1360,omar.okafor@demomail.test,,,,Active,,,100229,100799,100200,,,,,,,100481,Delta,100257,,,,100803,,,skyler.haddad@sampleco.test,arjun.silva@demomail.test,Re-engagement,100415,,Gamma,100800,,,,0,,,101827,,,,,
100128,Contact,104383,liam.ashby@examplecorp.test,Aisha Mercer,2023-11-06 10:51:00,alex.reyes@acme-fake.test,Sofia Silva,2024-06-03 10:28:00,morgan.patel@examplecorp.test,Avery Brooks,2023-04-03 21:56:00,reese.sloan@examplecorp.test,Alex Whitfield,2025-10-29 01:56:00,Y,Emerson Nguyen,Chen Mensah,Reese Larsson,,QA Engineer,,,,,,,,,REF-7558,reese.larsson@sampleco.test,,,,Active,100631,100717,100298,100782,,,,,,100334,,100723,Beta,100642,,,Beta,,100672,,morgan.cohen@demomail.test,rowan.garcia@acme-fake.test,Event Invite,100767,,Other,,,,,1,,,,,,,,
100498,Contact,104385,emerson.haddad@acme-fake.test,Alex Ford,2023-09-09 14:28:00,priya.dorsey@acme-fake.test,Taylor Vance,2023-01-30 10:36:00,quinn.blake@demomail.test,Emerson Garcia,2023-07-03 09:43:00,mei.reyes@demomail.test,Morgan Dorsey,2026-03-30 13:10:00,Y,Aisha Sato,Rahul Vance,Jordan Sato,LOT-4835,Bookkeeper,,,,Standard,,,,LOT-4051,SKU-2725,jordan.sato@sampleco.test,,,,Active,,100546,100645,100527,100490,,,,,100511,,,Beta,100309,,,Other,100509,,,reese.kim@examplecorp.test,alex.nguyen@sampleco.test,Event Invite,100115,,,100391,,2,,,,,101785,,,,N,
100709,Contact,104387,arjun.ashby@sampleco.test,Drew Mensah,2026-01-27 18:59:00,rahul.haddad@acme-fake.test,Riley Silva,2026-03-27 18:52:00,jordan.kim@examplecorp.test,Liam Ford,2023-12-29 13:09:00,reese.ivanov@demomail.test,Taylor Rossi,2025-11-24 00:09:00,Y,Liam Sloan,Liam Calder,Yara Mercer,TAG-2472,Executive Assistant,,,,,,,,LOT-6775,TAG-4392,yara.mercer@acme-fake.test,,,,Active,,,100044,,,,,,,,,100239,Delta,100777,,,Standard,100649,100305,,skyler.larsson@examplecorp.test,yara.ford@acme-fake.test,Re-engagement,100184,Ironwood Networks Ltd,Gamma,100443,,,9,,,,101780,,,,,
100506,Contact,104390,skyler.dorsey@sampleco.test,Alex Nguyen,2024-06-25 13:56:00,chen.okafor@acme-fake.test,Diego Sato,2024-05-18 06:04:00,quinn.ivanov@examplecorp.test,Jamie Larsson,2025-03-10 05:49:00,aisha.dorsey@acme-fake.test,Arjun Ashby,2025-12-10 08:53:00,Y,Aisha Rossi,Avery Whitfield,Rowan Patel,REF-8135,Project Manager,,,,,,,,,SKU-5483,rowan.patel@demomail.test,,,,Active,,100293,100257,,,,,,,100128,,,Gamma,100336,,,Gamma,,100069,,casey.haddad@sampleco.test,alex.dorsey@sampleco.test,Event Invite,100511,Delta Industries LLC,Gamma,100457,,,,,,,,Y,,,,
100094,Contact,104391,nina.silva@sampleco.test,Rowan Costa,2026-07-15 19:03:00,emerson.vance@sampleco.test,Nina Whitfield,2023-07-22 12:54:00,riley.vance@examplecorp.test,Noah Nguyen,2023-08-28 09:27:00,mei.haddad@acme-fake.test,Jordan Silva,2024-02-03 14:55:00,Y,Morgan Mensah,Sofia Sato,Nina Brooks,REF-7071,Payroll Specialist,,,,Beta,,,,REF-3230,TAG-2996,nina.brooks@demomail.test,,,,Active,,,100323,100421,,,,,,100368,,,Delta,100104,,,Other,,100462,,nina.whitfield@demomail.test,drew.blake@examplecorp.test,Event Invite,100017,Summit Financial Co,,,,7,,,,,101785,,,,,
100784,Contact,104394,priya.mensah@acme-fake.test,Riley Kim,2022-11-02 06:05:00,mei.mercer@examplecorp.test,Reese Reyes,2024-02-02 21:53:00,chen.rossi@examplecorp.test,Chen Ashby,2025-08-19 12:55:00,jamie.vance@sampleco.test,Skyler Vance,2024-05-13 18:34:00,N,Chen Cohen,Priya Mercer,Taylor Cohen,TAG-7714,Payroll Specialist,,,,,,,,TAG-3206,LOT-5986,taylor.cohen@demomail.test,,,,Inactive,,100363,100107,100063,100190,,,,,,,,Standard,100073,,,,100617,100571,,sofia.whitfield@sampleco.test,diego.reyes@demomail.test,Quarterly Newsletter,100313,,Delta,,,,,6,,,101796,,,,Y,
100456,Contact,104396,jamie.okafor@acme-fake.test,Marco Haddad,2025-08-08 10:01:00,arjun.larsson@acme-fake.test,Quinn Larsson,2023-03-07 23:18:00,jordan.calder@sampleco.test,Taylor Calder,2026-02-05 10:08:00,aisha.haddad@acme-fake.test,Jordan Nguyen,2023-08-03 01:03:00,Y,Reese Sloan,Marco Nguyen,Quinn Haddad,REF-2024,Data Analyst,,,,,,,3058,,LOT-7311,quinn.haddad@examplecorp.test,,,,Active,100582,100579,100308,100241,100209,,,,,100410,,100314,Delta,100014,,,Gamma,100305,100295,,rahul.ashby@acme-fake.test,jordan.mensah@examplecorp.test,Event Invite,100370,Silverline Financial LLP,Alpha,,,,,0,,,,,,,,
100323,Contact,104398,aisha.sloan@acme-fake.test,Avery Patel,2024-09-05 04:03:00,drew.reyes@acme-fake.test,Reese Brooks,2023-10-30 21:53:00,diego.cohen@acme-fake.test,Nina Rossi,2025-04-02 21:13:00,diego.larsson@demomail.test,Marco Reyes,2025-04-02 12:46:00,N,Liam Vance,Sofia Patel,Noah Ivanov,SKU-1205,Customer Success Manager,,,Alpha,,,SKU-4188,,,SKU-4887,noah.ivanov@acme-fake.test,,,,Inactive,100192,100449,100593,100456,,,,,,,,100596,Other,100554,,,Beta,,100454,,reese.costa@acme-fake.test,riley.costa@sampleco.test,Renewal Nudge,100637,Falcon Logistics Group,,100744,,,,,,,,,,,Y,
100543,Contact,104400,liam.mensah@examplecorp.test,Morgan Mensah,2025-03-05 02:51:00,avery.patel@sampleco.test,Jordan Cohen,2024-11-03 22:15:00,priya.rossi@sampleco.test,Sofia Calder,2024-01-23 04:31:00,rahul.ivanov@demomail.test,Sofia Sato,2024-11-16 06:17:00,Y,Sofia Sloan,Alex Brooks,Reese Silva,SKU-3048,Accountant,,,,,,,,,REF-7059,reese.silva@acme-fake.test,,,,Active,100248,100792,100208,100076,,SKU-1753,,,,,,100563,Gamma,100120,,,Other,100343,100532,,marco.nguyen@demomail.test,riley.brooks@sampleco.test,Re-engagement,100382,,,100596,,,,,,,,Y,,,Y,
100182,Contact,104402,yara.ivanov@acme-fake.test,Elena Haddad,2024-08-22 17:38:00,omar.rossi@examplecorp.test,Priya Silva,2024-07-16 20:15:00,marco.brooks@demomail.test,Quinn Whitfield,2023-06-05 08:29:00,nina.brooks@acme-fake.test,Skyler Vance,2022-11-19 04:08:00,Y,Riley Sato,Reese Cohen,Omar Ford,TAG-7225,Executive Assistant,,,,,,,,,REF-3111,omar.ford@examplecorp.test,,,,Active,,,100631,100434,100177,,,,,100585,,,Beta,100679,,,,,100736,,quinn.kim@examplecorp.test,reese.whitfield@examplecorp.test,Quarterly Newsletter,100426,Falcon Labs LLC,Delta,100467,,,,,,,,,,,,
100295,Contact,104403,rahul.ford@acme-fake.test,Aisha Garcia,2025-12-22 21:37:00,casey.mensah@demomail.test,Quinn Calder,2024-10-12 06:01:00,reese.kim@demomail.test,Mei Patel,2025-07-15 11:57:00,reese.cohen@acme-fake.test,Marco Kim,2026-02-17 22:42:00,Y,Chen Cohen,Jamie Sloan,Riley Silva,TAG-7714,Project Manager,,,,,,,,,TAG-2190,riley.silva@sampleco.test,,,,Active,,100165,100588,,,,,,,,,,Standard,100316,,,Alpha,,100579,,liam.ford@demomail.test,avery.blake@examplecorp.test,Product Update,100115,Ironwood Labs Co,Other,,,,,,,,101805,,,,,Y
100099,Contact,104404,casey.silva@demomail.test,Rahul Ford,2024-11-28 04:31:00,casey.ford@demomail.test,Jordan Mensah,2025-11-23 06:32:00,elena.okafor@sampleco.test,Liam Brooks,2023-09-24 15:05:00,diego.mercer@demomail.test,Liam Sato,2024-05-10 00:01:00,Y,Alex Silva,Quinn Ivanov,Drew Silva,SKU-3177,Project Manager,,,,Standard,Other,,,SKU-1956,TAG-8881,drew.silva@examplecorp.test,,,,Active,100169,,100482,,100558,,,,,100803,,100543,Gamma,100585,,,,100518,100487,,sofia.sato@acme-fake.test,quinn.larsson@sampleco.test,Re-engagement,100351,,Delta,,,,,8,,,101879,,,,,
100601,Contact,104406,fatima.vance@examplecorp.test,Aisha Vance,2023-01-29 10:39:00,skyler.ivanov@examplecorp.test,Diego Costa,2024-12-21 22:43:00,arjun.larsson@demomail.test,Rahul Calder,2024-01-16 15:37:00,chen.dorsey@sampleco.test,Morgan Kim,2025-01-15 11:31:00,Y,Emerson Ivanov,Sofia Ivanov,Diego Mensah,TAG-9593,Software Developer,,,,,,,,,LOT-2183,diego.mensah@sampleco.test,,,,Active,100223,100158,100531,100070,,,,,,100484,,,Other,100286,,,Gamma,100343,,,riley.whitfield@sampleco.test,avery.mensah@sampleco.test,Quarterly Newsletter,100554,Cobalt Capital Corp,,100588,,,7,,,,101797,,,,,
100445,Contact,104409,aisha.haddad@acme-fake.test,Marco Okafor,2025-06-15 14:46:00,liam.blake@acme-fake.test,Avery Larsson,2023-11-19 04:50:00,casey.costa@demomail.test,Marco Reyes,2026-04-03 02:12:00,fatima.vance@acme-fake.test,Alex Vance,2026-05-22 17:27:00,Y,Morgan Kim,Riley Mercer,Fatima Ford,LOT-5275,Project Manager,,,,Other,,,,,SKU-5293,fatima.ford@acme-fake.test,,,,Active,,100573,100156,100192,100767,,,,,100705,,,Other,100579,,,Beta,100685,100359,,alex.sloan@sampleco.test,aisha.ashby@sampleco.test,Event Invite,100090,Pioneer Capital LLC,Gamma,100316,,,,,,,101859,,,,,
100169,Contact,104410,mei.sloan@demomail.test,Omar Dorsey,2025-10-28 10:22:00,liam.blake@sampleco.test,Emerson Patel,2024-08-16 12:16:00,skyler.mensah@examplecorp.test,Avery Mercer,2024-09-08 01:34:00,fatima.rossi@demomail.test,Aisha Mercer,2025-06-01 19:12:00,Y,Avery Patel,Diego Vance,Emerson Rossi,LOT-6962,Software Developer,,,,,Other,,,TAG-7497,TAG-9853,emerson.rossi@acme-fake.test,,,,Active,,100345,100470,,100224,,,,,100613,,100232,Standard,100726,,,,100418,100066,,mei.cohen@examplecorp.test,avery.silva@acme-fake.test,Renewal Nudge,100340,,Beta,100348,,1,,,,,,,,,,
100229,Contact,104411,skyler.okafor@sampleco.test,Skyler Sato,2024-11-09 09:02:00,rowan.silva@acme-fake.test,Taylor Mercer,2023-01-17 14:59:00,priya.mensah@acme-fake.test,Jamie Ford,2025-08-22 03:28:00,jamie.sloan@sampleco.test,Marco Silva,2024-07-03 07:27:00,Y,Priya Garcia,Quinn Rossi,Jamie Vance,REF-8061,Accountant,,,,,,,,LOT-5419,TAG-4430,jamie.vance@acme-fake.test,,,,Active,100522,,100173,100128,,,,,,100136,,100073,Other,100758,,,Standard,100229,100474,,chen.blake@demomail.test,fatima.cohen@examplecorp.test,Quarterly Newsletter,100799,Keystone Logistics LLC,Gamma,100342,,,,,,,101849,,,,Y,
100642,Contact,104412,nina.blake@demomail.test,Rowan Garcia,2025-06-07 01:03:00,mei.ashby@demomail.test,Rowan Dorsey,2023-03-15 04:37:00,sofia.cohen@acme-fake.test,Jordan Kim,2024-04-05 13:22:00,rahul.whitfield@sampleco.test,Elena Rossi,2023-12-17 17:39:00,Y,Rowan Rossi,Quinn Brooks,Rahul Blake,SKU-7596,Marketing Coordinator,,,,,,,,,REF-5646,rahul.blake@sampleco.test,,,,Active,,100363,100344,100741,100034,,,,,100309,,100667,Delta,100632,,Y,Delta,100129,,,reese.dorsey@examplecorp.test,drew.silva@sampleco.test,Quarterly Newsletter,100789,Pioneer Ventures Group,Alpha,,,,,,,,101879,,,,,N
100319,Contact,104415,riley.blake@examplecorp.test,Marco Reyes,2026-02-09 16:49:00,quinn.mensah@acme-fake.test,Avery Silva,2026-06-12 08:57:00,noah.ford@examplecorp.test,Marco Vance,2023-09-16 11:41:00,emerson.ivanov@sampleco.test,Emerson Larsson,2025-05-26 03:01:00,Y,Quinn Cohen,Priya Cohen,Rahul Sato,SKU-7316,Customer Success Manager,,,,,,,,TAG-1376,SKU-2041,rahul.sato@sampleco.test,,,,Active,100286,100734,100156,100673,100186,,,,,,,100241,Beta,100531,,N,,100173,,,casey.silva@demomail.test,liam.larsson@demomail.test,Quarterly Newsletter,100343,,,100238,,,0,,,,,,,,Y,
100376,Contact,104418,elena.okafor@demomail.test,Nina Costa,2026-06-05 05:15:00,noah.rossi@examplecorp.test,Avery Mensah,2023-09-11 12:09:00,morgan.mensah@sampleco.test,Omar Kim,2023-03-16 11:56:00,omar.brooks@acme-fake.test,Noah Sato,2024-11-08 11:04:00,Y,Alex Ford,Casey Calder,Avery Reyes,SKU-9401,QA Engineer,,,,,Delta,,,,TAG-3461,avery.reyes@demomail.test,,,,Active,100195,100319,100681,,,REF-1853,,,,100405,,,Beta,100340,,,Other,100134,,,morgan.whitfield@acme-fake.test,aisha.ford@examplecorp.test,Event Invite,100440,,Delta,,,,,,,,,,,,N,
100717,Contact,104419,avery.okafor@demomail.test,Sofia Whitfield,2023-06-23 16:19:00,chen.cohen@acme-fake.test,Priya Mercer,2025-05-08 18:23:00,skyler.sato@examplecorp.test,Sofia Ford,2023-10-12 10:41:00,arjun.ashby@sampleco.test,Rowan Garcia,2022-11-20 13:56:00,N,Jordan Kim,Skyler Ashby,Elena Ivanov,TAG-1527,Accountant,,,,,,,,,LOT-3798,elena.ivanov@acme-fake.test,,,,Inactive,,100742,100044,100351,100380,,,,,100722,,,Delta,100736,,,,,,,morgan.haddad@acme-fake.test,aisha.brooks@acme-fake.test,Event Invite,100111,,,100497,,,,,,,,,,,,
100119,Contact,104422,liam.ford@acme-fake.test,Riley Mercer,2022-12-20 03:21:00,morgan.mercer@acme-fake.test,Priya Larsson,2022-10-15 00:59:00,yara.larsson@sampleco.test,Sofia Dorsey,2023-10-03 04:18:00,sofia.nguyen@acme-fake.test,Taylor Mercer,2022-11-29 22:43:00,Y,Sofia Rossi,Casey Whitfield,Noah Ashby,SKU-6382,Executive Assistant,,,,,,,,,LOT-8212,noah.ashby@sampleco.test,,,,Active,,100331,100784,,100418,,,,,,,,Beta,100076,,,Gamma,,,,nina.dorsey@sampleco.test,morgan.dorsey@acme-fake.test,Re-engagement,100285,,Standard,,,,,,,,101822,,,,Y,
100342,Contact,104424,noah.patel@examplecorp.test,Emerson Sato,2023-10-07 18:59:00,rowan.reyes@examplecorp.test,Rowan Whitfield,2022-10-06 03:05:00,nina.silva@examplecorp.test,Drew Silva,2023-09-03 16:07:00,noah.ivanov@examplecorp.test,Rowan Calder,2025-03-02 13:34:00,Y,Elena Ford,Casey Mensah,Nina Dorsey,REF-5739,Accountant,,,,,,,,,TAG-7814,nina.dorsey@examplecorp.test,,,,Active,,100591,100073,,100117,,,,,,,100259,Other,100227,,,Gamma,,100325,,reese.ivanov@demomail.test,jordan.patel@acme-fake.test,Event Invite,100415,Lakeside Ventures LLP,,,,,,,,,,,,,Y,
100186,Contact,104426,jordan.kim@demomail.test,Rahul Vance,2025-12-22 14:49:00,nina.rossi@sampleco.test,Jordan Sato,2025-04-01 02:24:00,noah.haddad@demomail.test,Jordan Okafor,2025-04-26 11:30:00,sofia.mercer@examplecorp.test,Elena Whitfield,2023-10-09 07:23:00,Y,Arjun Dorsey,Aisha Costa,Mei Larsson,TAG-2924,Executive Assistant,,,,,,REF-1131,,,SKU-7620,mei.larsson@sampleco.test,,,,Active,,100729,100784,,100090,,,,,,,100164,Gamma,100597,,,Beta,100742,100686,,drew.mercer@acme-fake.test,reese.whitfield@examplecorp.test,Renewal Nudge,100598,,Alpha,,,,,,,,101790,,,,,
100012,Contact,104429,elena.brooks@acme-fake.test,Sofia Dorsey,2023-04-07 09:33:00,noah.calder@sampleco.test,Priya Costa,2023-04-28 03:45:00,mei.rossi@acme-fake.test,Diego Brooks,2024-06-30 22:07:00,marco.brooks@sampleco.test,Liam Garcia,2024-02-23 03:00:00,N,Taylor Brooks,Marco Okafor,Reese Silva,REF-4138,Executive Assistant,,,,,,,4197,,LOT-5292,reese.silva@sampleco.test,,,,Inactive,100309,100015,100755,100029,100413,,,,,,,100310,Other,100348,,,Alpha,100113,100398,,quinn.sloan@sampleco.test,chen.patel@demomail.test,Event Invite,100083,Vertex Ventures Ltd,Beta,,,,,,,,101808,,,,Y,
100176,Contact,104430,noah.ivanov@examplecorp.test,Reese Haddad,2025-01-08 09:37:00,jamie.reyes@acme-fake.test,Liam Rossi,2024-12-20 20:07:00,skyler.ford@demomail.test,Jordan Cohen,2025-05-11 13:00:00,marco.okafor@acme-fake.test,Rahul Sato,2025-02-18 00:38:00,Y,Emerson Kim,Reese Reyes,Rahul Sato,REF-4669,Recruiter,,,,,,,,,SKU-5100,rahul.sato@demomail.test,,,,Active,,100251,100148,,100632,,,,,100654,,100031,Alpha,100083,,,Alpha,100542,100023,,reese.ivanov@acme-fake.test,riley.kim@examplecorp.test,Re-engagement,100229,Northwind Media Group,,100058,,,,,,,101871,,,,Y,
100208,Contact,104433,morgan.costa@acme-fake.test,Aisha Costa,2025-03-03 03:49:00,riley.kim@demomail.test,Casey Rossi,2023-05-19 08:59:00,arjun.vance@acme-fake.test,Fatima Brooks,2023-09-10 18:53:00,jamie.cohen@acme-fake.test,Liam Garcia,2025-01-11 21:09:00,Y,Jamie Ivanov,Marco Cohen,Omar Ivanov,REF-3409,Customer Success Manager,,,,,,,,SKU-5737,SKU-2450,omar.ivanov@sampleco.test,,,,Active,100709,100142,100197,,,,,,,100417,,100142,Other,100238,,,,100454,,,liam.reyes@demomail.test,yara.mercer@demomail.test,Product Update,100177,Delta Media Co,,,,,,,,,101871,N,,,N,
100484,Contact,104435,chen.calder@sampleco.test,Avery Ivanov,2023-10-19 09:37:00,quinn.silva@sampleco.test,Jordan Silva,2024-04-28 10:14:00,taylor.patel@sampleco.test,Nina Larsson,2023-05-19 15:19:00,liam.patel@acme-fake.test,Elena Brooks,2023-07-03 09:29:00,Y,Yara Ivanov,Nina Sloan,Avery Mensah,TAG-9092,Payroll Specialist,,,,,,,,,SKU-7415,avery.mensah@examplecorp.test,,,,Active,,,100786,100141,100224,,,,,,,100169,Gamma,100753,,,Delta,,100539,,casey.patel@examplecorp.test,rahul.silva@sampleco.test,Event Invite,100251,,,100760,,0,,,,,,,,,N,
100440,Contact,104438,reese.haddad@sampleco.test,Mei Brooks,2024-08-18 11:56:00,aisha.ivanov@sampleco.test,Riley Dorsey,2023-11-27 10:24:00,diego.sato@demomail.test,Casey Okafor,2024-04-19 05:33:00,quinn.rossi@demomail.test,Nina Haddad,2024-09-10 03:08:00,Y,Elena Sato,Omar Haddad,Fatima Reyes,REF-6408,Recruiter,,,,,,,,SKU-5587,SKU-8710,fatima.reyes@demomail.test,,,,Active,100034,,100374,,100615,,,,,,,,Other,100143,,,Beta,100468,,,rowan.sloan@acme-fake.test,quinn.whitfield@examplecorp.test,Re-engagement,100765,Northwind Health Ltd,,,,,,,,,101830,,,,N,
100029,Contact,104439,riley.sato@acme-fake.test,Liam Costa,2024-12-13 07:02:00,quinn.sato@examplecorp.test,Aisha Ashby,2026-02-20 06:33:00,omar.sato@sampleco.test,Emerson Sato,2026-07-13 03:20:00,skyler.patel@acme-fake.test,Fatima Ford,2025-02-26 13:03:00,Y,Rowan Calder,Alex Haddad,Aisha Blake,SKU-1284,Support Specialist,,,,,,REF-5220,,,REF-8337,aisha.blake@examplecorp.test,,,,Active,100607,100190,100254,100568,,,,,,100132,,100685,Standard,100742,,,Gamma,,,,jordan.nguyen@acme-fake.test,omar.cohen@examplecorp.test,Event Invite,100645,Blue Ridge Networks Co,Other,100129,,,,,,,,,,,N,
100679,Contact,104442,rahul.ford@sampleco.test,Chen Dorsey,2024-07-30 05:27:00,aisha.whitfield@acme-fake.test,Priya Dorsey,2025-07-11 16:37:00,yara.okafor@sampleco.test,Jamie Nguyen,2025-06-13 21:59:00,omar.larsson@acme-fake.test,Reese Reyes,2026-07-18 09:39:00,Y,Liam Larsson,Casey Silva,Casey Larsson,,Marketing Coordinator,,SKU-9682,,,,,,,REF-3246,casey.larsson@demomail.test,,,,Active,,100627,100518,100255,100333,,,,,100015,,100642,Delta,100479,,,,100178,,,alex.reyes@acme-fake.test,marco.silva@demomail.test,Product Update,100788,Evergreen Retail Inc,Gamma,100243,,,,,,,,,,,,
100139,Contact,104444,riley.whitfield@examplecorp.test,Fatima Sato,2024-12-10 02:39:00,nina.whitfield@demomail.test,Mei Rossi,2024-09-18 16:48:00,rahul.rossi@examplecorp.test,Fatima Reyes,2023-03-30 04:41:00,avery.mercer@sampleco.test,Yara Mercer,2023-09-14 09:59:00,Y,Morgan Reyes,Mei Costa,Rowan Larsson,LOT-6664,Recruiter,,,,,,,,TAG-3963,LOT-2504,rowan.larsson@examplecorp.test,,,,Active,,100615,100223,100664,,,,,,,,100784,Beta,100129,,,Delta,,,,elena.costa@demomail.test,nina.calder@sampleco.test,Renewal Nudge,100352,,Alpha,,,,,,,,,,,,Y,
100343,Contact,104447,casey.haddad@demomail.test,Rahul Cohen,2024-05-11 23:35:00,marco.vance@examplecorp.test,Elena Costa,2023-12-16 11:42:00,elena.ashby@sampleco.test,Jordan Cohen,2023-09-21 02:44:00,fatima.okafor@acme-fake.test,Quinn Mensah,2025-04-14 02:48:00,Y,Chen Mercer,Reese Haddad,Arjun Mercer,TAG-1575,Recruiter,,,,,Beta,,,SKU-2845,REF-8462,arjun.mercer@examplecorp.test,,,,Active,100481,,100146,100788,,,,,,100520,,,Gamma,100485,,,Alpha,,100391,,skyler.kim@demomail.test,emerson.garcia@demomail.test,Event Invite,100685,Falcon Systems LLC,Delta,,,,,,,,101869,,,,,
100089,Contact,104448,nina.nguyen@examplecorp.test,Mei Brooks,2025-12-04 07:08:00,skyler.calder@acme-fake.test,Aisha Okafor,2024-08-22 12:41:00,quinn.mensah@demomail.test,Riley Haddad,2023-12-30 20:49:00,quinn.sloan@sampleco.test,Reese Larsson,2026-06-19 01:28:00,Y,Fatima Reyes,Quinn Blake,Diego Sato,LOT-1565,Financial Analyst,,,,Delta,,,,TAG-6143,LOT-2039,diego.sato@demomail.test,,,,Active,100574,100548,100613,100119,,,,,,100456,,100090,Standard,100789,,,Standard,100083,,,alex.brooks@demomail.test,skyler.haddad@acme-fake.test,Re-engagement,100322,,Beta,,,5,,,,,,,,,,
100500,Contact,104450,arjun.blake@demomail.test,Quinn Ivanov,2024-10-18 23:18:00,liam.sloan@acme-fake.test,Rowan Mensah,2026-02-16 11:47:00,drew.blake@examplecorp.test,Emerson Blake,2023-09-09 17:48:00,aisha.okafor@acme-fake.test,Rahul Garcia,2025-11-15 09:31:00,Y,Aisha Larsson,Sofia Sloan,Elena Vance,LOT-3407,QA Engineer,,,,,,,,,SKU-5203,elena.vance@examplecorp.test,,,,Active,100585,,100316,100107,,,,,,100020,,100506,Delta,100383,,Y,,,,,quinn.ashby@examplecorp.test,morgan.cohen@demomail.test,Event Invite,100344,Horizon Ventures Inc,,,,,,,,,,,,,N,
100044,Contact,104453,sofia.cohen@examplecorp.test,Diego Larsson,2024-11-22 19:29:00,casey.kim@examplecorp.test,Fatima Rossi,2022-12-04 16:29:00,drew.brooks@acme-fake.test,Avery Calder,2026-07-12 13:22:00,morgan.reyes@examplecorp.test,Drew Haddad,2024-05-09 08:35:00,Y,Arjun Vance,Chen Vance,Quinn Haddad,LOT-4691,Executive Assistant,,,,Gamma,Alpha,,,,SKU-6023,quinn.haddad@sampleco.test,,,,Active,,100688,100203,100792,100786,,,,,100353,,100255,Beta,100610,,,Gamma,100484,,,marco.okafor@acme-fake.test,drew.mercer@demomail.test,Re-engagement,100117,,Alpha,100798,,,,,,,,,,,,
100735,Contact,104456,noah.cohen@demomail.test,Diego Nguyen,2022-12-06 03:49:00,liam.ashby@sampleco.test,Drew Sloan,2023-03-11 06:49:00,taylor.blake@acme-fake.test,Taylor Dorsey,2023-09-02 07:14:00,emerson.rossi@examplecorp.test,Sofia Calder,2025-09-11 15:43:00,Y,Casey Costa,Avery Garcia,Rowan Ashby,LOT-3287,Accountant,,,,,,,,,LOT-8254,rowan.ashby@demomail.test,,,,Active,,,100164,100203,,,,,,,,100486,Gamma,100535,,,Standard,100527,100786,,arjun.garcia@sampleco.test,emerson.mercer@demomail.test,Re-engagement,100302,,Other,100151,,,7,,,,101795,,,,,
100709,Contact,104457,mei.costa@demomail.test,Jamie Reyes,2022-10-26 16:30:00,noah.rossi@examplecorp.test,Fatima Blake,2024-11-24 14:39:00,rowan.okafor@examplecorp.test,Morgan Ivanov,2026-07-14 17:51:00,riley.whitfield@acme-fake.test,Marco Rossi,2025-05-05 21:54:00,Y,Casey Calder,Omar Costa,Reese Cohen,REF-8364,QA Engineer,,,,,,,,,SKU-5302,reese.cohen@examplecorp.test,,,,Active,,100516,100173,100484,100607,,,,,,,,Other,100500,,N,Alpha,100479,,,nina.kim@acme-fake.test,noah.ivanov@sampleco.test,Quarterly Newsletter,100020,,Delta,,,,,,,,,,,,,
100215,Contact,104458,jordan.patel@demomail.test,Aisha Mercer,2024-08-14 01:36:00,priya.whitfield@demomail.test,Drew Vance,2023-07-01 14:44:00,yara.blake@demomail.test,Mei Kim,2025-04-15 21:34:00,quinn.vance@sampleco.test,Liam Silva,2022-12-14 23:08:00,N,Rahul Brooks,Mei Sato,Reese Rossi,SKU-8529,Marketing Coordinator,,,,,,,,,SKU-4580,reese.rossi@demomail.test,,,,Inactive,100658,100122,100627,,100126,,,,,,,,Standard,100110,,,,100322,100749,,jordan.haddad@acme-fake.test,skyler.mercer@sampleco.test,Renewal Nudge,100386,,,100681,,,,,,,101841,Y,,,N,
100477,Contact,104460,morgan.garcia@acme-fake.test,Avery Cohen,2026-04-14 22:41:00,mei.cohen@acme-fake.test,Morgan Costa,2026-07-21 09:00:00,skyler.cohen@acme-fake.test,Arjun Brooks,2023-02-22 07:00:00,avery.ivanov@demomail.test,Arjun Garcia,2026-06-27 10:27:00,N,Morgan Nguyen,Emerson Rossi,Yara Ivanov,LOT-4952,Data Analyst,,,,Gamma,,,,,LOT-3656,yara.ivanov@demomail.test,,,,Inactive,,100484,100238,,100709,,,,,,,100242,Alpha,100679,,,Standard,,,,casey.brooks@demomail.test,rahul.kim@acme-fake.test,Quarterly Newsletter,100523,,Standard,,,,,,,,101780,,,,N,
100076,Contact,104461,reese.mensah@demomail.test,Casey Ford,2023-01-09 23:45:00,riley.brooks@acme-fake.test,Priya Ivanov,2024-02-02 01:36:00,diego.ivanov@sampleco.test,Liam Whitfield,2026-01-15 00:41:00,liam.blake@demomail.test,Chen Calder,2026-02-20 08:12:00,N,Priya Costa,Morgan Calder,Drew Mensah,REF-6666,Bookkeeper,,SKU-4148,Alpha,,,,8326,,SKU-1981,drew.mensah@sampleco.test,,,,Inactive,,100129,100607,100479,100391,,,,,100142,,100143,Gamma,100269,,,,100571,,,casey.cohen@examplecorp.test,yara.haddad@acme-fake.test,Quarterly Newsletter,100334,,,100010,,,1,,,,,,,,Y,
100585,Contact,104463,liam.silva@acme-fake.test,Rahul Calder,2026-06-21 01:42:00,fatima.ashby@demomail.test,Avery Larsson,2023-08-12 20:26:00,reese.mensah@acme-fake.test,Taylor Haddad,2023-12-18 07:12:00,casey.haddad@examplecorp.test,Taylor Sato,2025-08-29 19:06:00,N,Rowan Garcia,Taylor Mercer,Riley Ashby,REF-7852,Software Developer,,REF-9441,,,,,,,SKU-5335,riley.ashby@demomail.test,,,,Inactive,100168,100280,100470,100587,,,,,,,,,Delta,100520,,,,,100410,,sofia.haddad@examplecorp.test,quinn.whitfield@demomail.test,Re-engagement,100688,,Delta,100798,,4,,,,,,,,,N,
100313,Contact,104464,sofia.mensah@acme-fake.test,Alex Okafor,2026-02-01 22:50:00,priya.mensah@examplecorp.test,Arjun Dorsey,2024-06-22 05:31:00,aisha.haddad@acme-fake.test,Aisha Larsson,2025-05-07 19:42:00,jamie.larsson@examplecorp.test,Diego Ford,2023-01-07 18:50:00,Y,Liam Haddad,Reese Sato,Casey Rossi,TAG-9539,Project Manager,,,,,,,,,SKU-1241,casey.rossi@sampleco.test,,,,Active,,,100209,100025,,,,,,,,100398,Delta,100262,,,,,,,morgan.sato@examplecorp.test,emerson.haddad@examplecorp.test,Product Update,100523,Beacon Manufacturing LLC,,,,,,2,,,101786,,,,Y,
100009,Contact,104467,arjun.rossi@examplecorp.test,Riley Ashby,2023-03-22 10:35:00,emerson.silva@demomail.test,Liam Mensah,2026-07-01 12:32:00,rowan.kim@sampleco.test,Casey Patel,2026-05-19 15:35:00,jordan.whitfield@sampleco.test,Mei Okafor,2023-04-07 16:05:00,Y,Drew Mercer,Skyler Dorsey,Morgan Rossi,SKU-5980,Software Developer,,,,,,,,,SKU-5132,morgan.rossi@examplecorp.test,,,,Active,100723,100717,100169,100530,,,,,,,,100604,Beta,100656,,,Gamma,100487,,,yara.mercer@acme-fake.test,sofia.silva@examplecorp.test,Quarterly Newsletter,100459,,Gamma,100232,,,,,,,101790,,,,,
100164,Contact,104470,casey.okafor@acme-fake.test,Arjun Blake,2025-05-02 20:12:00,skyler.okafor@examplecorp.test,Fatima Vance,2024-11-20 11:34:00,drew.haddad@demomail.test,Fatima Vance,2024-09-05 14:11:00,skyler.calder@acme-fake.test,Quinn Ford,2025-04-13 00:56:00,Y,Taylor Okafor,Priya Rossi,Liam Rossi,REF-8063,Executive Assistant,,,,,,,,,TAG-9397,liam.rossi@examplecorp.test,,,,Active,100690,100290,100597,100426,,,,,,100020,,,Beta,100500,,,Beta,,,,chen.larsson@demomail.test,noah.ivanov@sampleco.test,Renewal Nudge,100005,Beacon Media Ltd,,,,,,,,,101857,,,,Y,
100267,Contact,104472,aisha.larsson@acme-fake.test,Drew Sato,2026-05-01 21:22:00,alex.brooks@sampleco.test,Drew Haddad,2025-03-10 08:53:00,mei.silva@acme-fake.test,Quinn Cohen,2024-09-04 00:03:00,omar.okafor@examplecorp.test,Jordan Sloan,2023-06-22 01:50:00,N,Riley Ashby,Mei Rossi,Mei Cohen,LOT-9218,Executive Assistant,,,,,,,,TAG-9104,TAG-6722,mei.cohen@sampleco.test,,,,Inactive,,,100380,,,,,,,100332,,100720,Beta,100579,,,Beta,,,,elena.sato@sampleco.test,casey.reyes@sampleco.test,Re-engagement,100178,,,,,,,,,,,,,,Y,
100432,Contact,104475,priya.ivanov@examplecorp.test,Liam Costa,2026-03-23 09:50:00,alex.brooks@sampleco.test,Omar Mensah,2024-08-18 15:02:00,reese.rossi@sampleco.test,Jamie Haddad,2024-08-06 08:27:00,nina.haddad@examplecorp.test,Arjun Rossi,2025-03-04 17:46:00,Y,Elena Sato,Priya Nguyen,Rowan Brooks,REF-1323,Marketing Coordinator,,,,,,,,,TAG-2550,rowan.brooks@acme-fake.test,,,,Active,100527,100720,100227,100487,,REF-2744,,,,100734,,100185,Standard,100366,,,,,,,mei.reyes@demomail.test,omar.ford@sampleco.test,Event Invite,100535,,,,,,,,,,101876,Y,,,N,
100086,Contact,104477,aisha.sato@sampleco.test,Reese Dorsey,2023-03-10 07:25:00,casey.dorsey@demomail.test,Rowan Whitfield,2026-03-03 11:18:00,fatima.dorsey@examplecorp.test,Rahul Silva,2023-07-01 11:20:00,aisha.rossi@demomail.test,Nina Larsson,2026-01-15 13:07:00,Y,Avery Brooks,Fatima Nguyen,Mei Costa,SKU-5860,Support Specialist,,,,,,,,,LOT-1435,mei.costa@sampleco.test,,,,Active,100454,100153,100094,100413,100097,,,,,,,,Beta,100789,,,,100212,,,drew.reyes@examplecorp.test,drew.vance@sampleco.test,Quarterly Newsletter,100720,,Delta,100129,,,8,,,,101870,,,,,
100094,Contact,104479,elena.silva@sampleco.test,Drew Ivanov,2025-09-16 14:27:00,casey.calder@acme-fake.test,Liam Haddad,2022-10-15 23:57:00,diego.sloan@sampleco.test,Marco Mensah,2025-11-04 22:00:00,sofia.mensah@demomail.test,Drew Ivanov,2025-01-08 18:25:00,Y,Arjun Sloan,Yara Ivanov,Casey Blake,LOT-9034,Accountant,,,,,,,,,LOT-3584,casey.blake@acme-fake.test,,,,Active,100683,100336,100291,100215,,,,,,,,100089,Other,100359,,,Beta,100020,,,nina.sloan@examplecorp.test,priya.costa@acme-fake.test,Renewal Nudge,100314,,Delta,,,,,,,,101843,,,,N,
100005,Contact,104481,aisha.brooks@sampleco.test,Omar Dorsey,2026-04-15 20:33:00,liam.mercer@demomail.test,Liam Mercer,2023-07-26 18:01:00,arjun.silva@examplecorp.test,Yara Mercer,2025-09-01 00:34:00,drew.dorsey@examplecorp.test,Reese Brooks,2024-09-18 01:57:00,N,Riley Blake,Jamie Haddad,Reese Mercer,SKU-7159,QA Engineer,,,,,,,6180,,SKU-5083,reese.mercer@demomail.test,,,,Inactive,,100459,100649,100432,,,,,,,,100329,Alpha,100209,,,Alpha,100793,,,morgan.blake@sampleco.test,omar.blake@sampleco.test,Re-engagement,100342,,,,,,,,,,,,,,,
100559,Contact,104483,rowan.whitfield@examplecorp.test,Diego Kim,2026-01-29 06:56:00,sofia.rossi@acme-fake.test,Rowan Cohen,2024-05-09 23:54:00,emerson.sloan@examplecorp.test,Rahul Okafor,2023-09-28 21:17:00,taylor.sloan@acme-fake.test,Fatima Sloan,2024-03-03 01:02:00,Y,Drew Kim,Quinn Kim,Marco Larsson,SKU-2982,Recruiter,,,,,,LOT-3100,,,LOT-1583,marco.larsson@acme-fake.test,,,,Active,100180,100182,100241,100434,100353,,,,,,,100656,Standard,100053,,Y,Gamma,100758,100224,,jordan.sloan@demomail.test,riley.ashby@demomail.test,Renewal Nudge,100359,,Other,100527,,,,,,,,,,,Y,
100280,Contact,104486,casey.larsson@acme-fake.test,Elena Ashby,2024-10-22 23:03:00,jordan.ashby@sampleco.test,Chen Ivanov,2023-03-30 02:10:00,quinn.haddad@acme-fake.test,Rahul Ford,2025-12-25 08:07:00,sofia.rossi@examplecorp.test,Jamie Whitfield,2023-05-22 17:46:00,Y,Skyler Kim,Diego Ivanov,Liam Reyes,TAG-3313,Data Analyst,,,,Gamma,,,,LOT-9563,REF-6693,liam.reyes@demomail.test,,,,Active,,,100749,100180,,,,,,100215,,100474,Delta,100770,,N,Beta,,100020,,jordan.blake@sampleco.test,emerson.vance@acme-fake.test,Event Invite,100251,,Gamma,100715,,,,,,,,,,,Y,
100026,Contact,104488,noah.mercer@sampleco.test,Nina Vance,2024-03-27 19:56:00,reese.calder@acme-fake.test,Drew Dorsey,2023-06-20 22:58:00,fatima.ivanov@demomail.test,Omar Ford,2024-07-01 03:13:00,fatima.haddad@demomail.test,Mei Kim,2025-05-07 15:21:00,Y,Elena Rossi,Mei Vance,Taylor Cohen,TAG-7723,Executive Assistant,,,,,,,,LOT-4754,REF-5829,taylor.cohen@demomail.test,,,,Active,,,100009,,100176,,,,,100573,,,Alpha,100146,,,,100395,,,omar.brooks@sampleco.test,fatima.calder@acme-fake.test,Renewal Nudge,100554,,,100234,,,,,,,,,,,,
100171,Contact,104490,priya.haddad@acme-fake.test,Alex Sloan,2026-03-20 12:14:00,sofia.sloan@acme-fake.test,Emerson Ivanov,2024-04-30 13:20:00,drew.sloan@acme-fake.test,Reese Silva,2023-06-10 17:43:00,yara.reyes@demomail.test,Sofia Blake,2024-11-13 04:15:00,Y,Alex Haddad,Reese Calder,Nina Haddad,LOT-3646,Financial Analyst,,,,,,,,,LOT-9546,nina.haddad@sampleco.test,,,,Active,,100319,100538,,,SKU-9729,,,,100034,,100090,Beta,100240,,,Alpha,100490,100280,,reese.dorsey@acme-fake.test,rowan.dorsey@acme-fake.test,Product Update,100565,,Other,,,,,,,,101805,Y,,,,
100351,Contact,104492,noah.mensah@examplecorp.test,Drew Ashby,2024-10-18 04:09:00,fatima.sato@examplecorp.test,Diego Rossi,2026-03-27 16:07:00,taylor.sato@sampleco.test,Mei Sloan,2024-10-05 01:09:00,fatima.ford@examplecorp.test,Diego Cohen,2023-05-02 06:59:00,Y,Emerson Sloan,Jordan Sato,Avery Garcia,LOT-5045,Recruiter,,,,,,,,,TAG-8131,avery.garcia@sampleco.test,,,,Active,100132,100658,100286,100203,100485,,,,,,,,Other,100328,,,,,100115,,alex.ashby@examplecorp.test,diego.nguyen@demomail.test,Re-engagement,100468,,Beta,,,,,,,,101827,,,,,
100649,Contact,104494,avery.patel@demomail.test,Avery Patel,2024-12-23 01:30:00,arjun.patel@acme-fake.test,Sofia Haddad,2023-01-06 20:56:00,arjun.larsson@demomail.test,Arjun Costa,2025-03-09 10:56:00,diego.nguyen@demomail.test,Riley Ivanov,2022-10-18 05:05:00,Y,Noah Sloan,Sofia Rossi,Aisha Ivanov,REF-7423,Accountant,,,Beta,,,,,SKU-7556,TAG-9005,aisha.ivanov@examplecorp.test,,,,Active,100481,,100709,,100099,,,,,,,,Alpha,100200,,,,,100153,,marco.ashby@demomail.test,jordan.costa@demomail.test,Event Invite,100117,Harbor Partners,,100176,,,,,,,,,,,N,
100066,Contact,104496,noah.rossi@acme-fake.test,Chen Ford,2026-07-05 16:09:00,riley.kim@demomail.test,Aisha Larsson,2024-05-02 21:56:00,riley.rossi@acme-fake.test,Quinn Patel,2024-10-06 15:55:00,omar.kim@sampleco.test,Priya Whitfield,2024-06-12 08:02:00,Y,Avery Garcia,Marco Sloan,Rahul Okafor,TAG-9583,Payroll Specialist,,,,,,,,,LOT-6082,rahul.okafor@demomail.test,,,,Active,100224,,100269,100272,,,,,,,,100344,Delta,100443,,,Alpha,100241,,,emerson.ford@demomail.test,yara.sloan@sampleco.test,Re-engagement,100316,Cobalt Textiles Group,,100738,,10,,,,,101803,,,,N,
100554,Contact,104498,morgan.silva@examplecorp.test,Diego Larsson,2023-04-16 11:41:00,yara.mensah@demomail.test,Jordan Ford,2023-09-16 22:14:00,marco.mensah@sampleco.test,Noah Blake,2025-12-29 00:00:00,chen.larsson@acme-fake.test,Elena Reyes,2024-04-22 09:38:00,Y,Jordan Whitfield,Skyler Patel,Liam Costa,TAG-6469,Financial Analyst,,,,Alpha,,,,,REF-7113,liam.costa@sampleco.test,,,,Active,100186,,100686,,100030,,,,,,,,Other,100325,,,Beta,,,,rowan.blake@sampleco.test,nina.cohen@demomail.test,Re-engagement,100522,Pioneer Group LLC,Delta,,,,,,,,101876,N,,,N,
100295,Contact,104501,elena.patel@acme-fake.test,Marco Cohen,2023-11-01 18:36:00,priya.ashby@demomail.test,Sofia Rossi,2025-07-15 18:40:00,diego.patel@demomail.test,Drew Cohen,2024-02-09 03:23:00,marco.kim@acme-fake.test,Diego Nguyen,2023-01-18 18:56:00,N,Sofia Whitfield,Yara Costa,Sofia Cohen,REF-8155,HR Generalist,,,,,,,,,LOT-3335,sofia.cohen@examplecorp.test,,,,Inactive,100245,,100374,,100382,,,,,100641,,100753,Other,100026,,,Delta,100070,100574,,drew.larsson@demomail.test,jordan.rossi@demomail.test,Product Update,100588,,Beta,,,,,,,,101866,,,,,Y
100426,Contact,104503,liam.dorsey@demomail.test,Liam Brooks,2026-02-21 03:15:00,reese.cohen@demomail.test,Reese Patel,2024-05-25 13:07:00,diego.patel@acme-fake.test,Riley Sloan,2026-04-23 07:22:00,morgan.nguyen@sampleco.test,Diego Calder,2026-06-06 03:34:00,N,Rowan Patel,Emerson Okafor,Arjun Haddad,TAG-9583,Payroll Specialist,,,,,,TAG-7055,,,SKU-9912,arjun.haddad@demomail.test,,,,Inactive,,100426,100298,,100558,,,,,,,,Beta,100333,,,Gamma,,,,priya.rossi@demomail.test,elena.vance@sampleco.test,Re-engagement,100479,Brightpath Foods LLP,Delta,,,,,1,,,101867,,,,,
100265,Contact,104506,nina.ivanov@demomail.test,Elena Blake,2025-01-29 20:47:00,emerson.calder@demomail.test,Sofia Rossi,2024-05-14 15:51:00,rahul.cohen@examplecorp.test,Taylor Calder,2024-07-11 17:14:00,liam.dorsey@sampleco.test,Priya Ivanov,2023-05-14 11:56:00,Y,Drew Garcia,Skyler Rossi,Liam Brooks,SKU-4962,Data Analyst,,,,,,,,,REF-3338,liam.brooks@examplecorp.test,,,,Active,100543,100579,100395,,100106,,,,,100235,,100780,Beta,100641,,,Alpha,100468,100319,,morgan.mercer@examplecorp.test,yara.reyes@acme-fake.test,Event Invite,100086,Evergreen Health Co,Beta,,,,,,,,,,,,,
100029,Contact,104508,morgan.garcia@demomail.test,Omar Ivanov,2024-09-18 13:28:00,elena.calder@acme-fake.test,Sofia Sloan,2025-02-03 01:22:00,reese.okafor@sampleco.test,Sofia Silva,2022-12-30 01:18:00,drew.okafor@sampleco.test,Omar Vance,2023-04-17 09:14:00,Y,Noah Sloan,Diego Silva,Quinn Ivanov,SKU-3939,Marketing Coordinator,,,,,,,,,TAG-4289,quinn.ivanov@demomail.test,,,,Active,100417,,100086,100408,,,,,,,,100509,Gamma,100712,,,Delta,100336,,,aisha.ford@examplecorp.test,sofia.haddad@sampleco.test,Product Update,100206,Cardinal Robotics,,100151,,,,,,,101816,,,,Y,
100800,Contact,104509,omar.dorsey@sampleco.test,Drew Whitfield,2022-12-06 02:30:00,nina.cohen@acme-fake.test,Elena Larsson,2025-10-28 19:09:00,fatima.okafor@sampleco.test,Omar Costa,2022-12-14 06:08:00,skyler.reyes@acme-fake.test,Yara Ashby,2023-11-10 16:39:00,N,Yara Nguyen,Emerson Larsson,Mei Reyes,LOT-2508,Financial Analyst,,,,,,,,REF-4603,REF-5538,mei.reyes@examplecorp.test,,,,Inactive,,100784,100712,100089,,,,,,100126,,,Delta,100699,,,,,,,taylor.rossi@demomail.test,liam.okafor@sampleco.test,Product Update,100352,,,,,,,,,,,,,,Y,
100259,Contact,104510,sofia.reyes@examplecorp.test,Morgan Sato,2025-08-23 10:19:00,reese.sato@examplecorp.test,Arjun Whitfield,2024-10-04 00:38:00,emerson.cohen@sampleco.test,Rowan Sloan,2022-12-25 22:24:00,reese.reyes@examplecorp.test,Fatima Haddad,2026-01-18 17:04:00,Y,Jordan Patel,Aisha Brooks,Rahul Silva,TAG-6803,HR Generalist,,,,,,,,,LOT-6424,rahul.silva@sampleco.test,,,,Active,,,100030,,100269,,,,,100552,,100685,Delta,100215,,,Standard,,,,diego.sloan@acme-fake.test,rowan.patel@demomail.test,Quarterly Newsletter,100332,,,,,,,,,,,,,,Y,
100086,Contact,104513,elena.patel@sampleco.test,Diego Mensah,2026-02-01 22:34:00,riley.dorsey@sampleco.test,Marco Kim,2023-06-15 16:16:00,liam.kim@acme-fake.test,Chen Vance,2025-02-01 21:05:00,chen.calder@acme-fake.test,Reese Nguyen,2026-01-04 23:10:00,Y,Marco Garcia,Elena Dorsey,Diego Calder,SKU-5803,Project Manager,,,,,,,,SKU-7691,SKU-2276,diego.calder@examplecorp.test,,,,Active,100079,,100126,100235,100046,,,,,100661,,100546,Beta,100089,,,Delta,,100523,,skyler.costa@sampleco.test,sofia.cohen@acme-fake.test,Quarterly Newsletter,100374,,Other,100376,,,,,,,,,,,,
100490,Contact,104515,morgan.garcia@demomail.test,Skyler Calder,2025-06-28 06:05:00,arjun.dorsey@examplecorp.test,Priya Larsson,2023-02-14 02:37:00,rahul.reyes@examplecorp.test,Taylor Garcia,2024-11-02 13:43:00,fatima.calder@demomail.test,Omar Ford,2024-06-15 15:42:00,Y,Casey Costa,Yara Ashby,Reese Larsson,TAG-4155,Data Analyst,,,,,,,,,SKU-3933,reese.larsson@demomail.test,,,,Active,,,100685,100080,,,,,,,,,Beta,100143,,,Other,,100627,,quinn.patel@examplecorp.test,quinn.larsson@examplecorp.test,Event Invite,100182,,Alpha,100624,,,,,,,,,,,N,
100015,Contact,104516,nina.larsson@demomail.test,Arjun Rossi,2023-03-11 09:36:00,casey.brooks@sampleco.test,Diego Kim,2023-02-10 12:50:00,yara.mensah@examplecorp.test,Jamie Garcia,2024-10-10 17:12:00,marco.mercer@examplecorp.test,Nina Haddad,2024-10-07 12:55:00,Y,Chen Blake,Drew Okafor,Alex Ford,TAG-5084,Project Manager,,,,,,,,,SKU-6832,alex.ford@acme-fake.test,,,,Active,100585,100681,100542,100046,,,,,,100568,,,Beta,100236,,,Alpha,,,,chen.silva@sampleco.test,nina.ford@acme-fake.test,Product Update,100200,,,,,,,0,,,,,,,N,
100573,Contact,104517,drew.whitfield@demomail.test,Casey Sloan,2023-01-04 23:41:00,priya.whitfield@examplecorp.test,Elena Vance,2023-05-31 23:17:00,sofia.brooks@demomail.test,Casey Ford,2025-11-17 21:43:00,elena.reyes@acme-fake.test,Sofia Reyes,2023-05-15 21:40:00,Y,Rahul Mensah,Rahul Blake,Fatima Sato,TAG-4349,QA Engineer,,,,,,,,,SKU-4351,fatima.sato@demomail.test,,,,Active,100229,100638,100173,100789,100189,,,,,100180,,,Alpha,100585,,,Alpha,,100413,,alex.okafor@examplecorp.test,nina.rossi@sampleco.test,Event Invite,100097,Northwind Manufacturing Corp,Other,,,,,,,,,,,,,
100069,Contact,104518,sofia.garcia@examplecorp.test,Diego Mercer,2023-03-17 09:29:00,yara.rossi@examplecorp.test,Yara Ford,2025-09-16 22:03:00,diego.okafor@examplecorp.test,Jordan Okafor,2026-04-28 17:10:00,skyler.cohen@sampleco.test,Jordan Ivanov,2024-03-17 09:40:00,Y,Alex Sloan,Quinn Nguyen,Aisha Ivanov,REF-7709,Support Specialist,,,,Beta,,,,TAG-2470,LOT-8178,aisha.ivanov@sampleco.test,,,,Active,,100683,100308,,100060,,,,,100200,,100165,Other,100672,,,,,100089,,quinn.brooks@acme-fake.test,nina.silva@examplecorp.test,Event Invite,100717,Lakeside Energy LLP,,100251,,,,,,,,,,,,
100475,Contact,104520,marco.garcia@demomail.test,Rahul Blake,2023-09-26 05:44:00,chen.okafor@acme-fake.test,Morgan Cohen,2024-01-22 22:24:00,skyler.okafor@sampleco.test,Reese Reyes,2024-01-27 08:43:00,riley.haddad@examplecorp.test,Alex Whitfield,2025-10-27 08:08:00,Y,Noah Larsson,Aisha Mensah,Jordan Vance,LOT-4610,Support Specialist,,,,Alpha,,,,,LOT-5132,jordan.vance@demomail.test,,,,Active,,,100477,100173,100690,,,,,100251,,100767,Delta,100232,,,Beta,100227,100053,,aisha.garcia@sampleco.test,arjun.ford@acme-fake.test,Re-engagement,100591,,,,,,,9,,,,,,,N,
100205,Contact,104523,jordan.ivanov@demomail.test,Marco Ashby,2024-06-09 01:00:00,alex.cohen@demomail.test,Drew Silva,2025-10-01 04:02:00,omar.costa@demomail.test,Jamie Silva,2024-01-29 08:44:00,jordan.cohen@demomail.test,Sofia Garcia,2025-09-03 14:42:00,Y,Reese Vance,Emerson Dorsey,Drew Ivanov,,Project Manager,,,,,,,,,REF-7876,drew.ivanov@demomail.test,,,,Active,,100398,100168,100498,100291,,,,,,,100587,Other,100506,,,Alpha,,100482,,riley.ivanov@sampleco.test,arjun.ashby@acme-fake.test,Re-engagement,100637,Brightpath Industries LLC,Other,100178,,,,,,,101876,,,,N,Y
100197,Contact,104526,drew.garcia@demomail.test,Emerson Sato,2024-11-29 07:39:00,chen.dorsey@demomail.test,Alex Larsson,2023-04-25 03:14:00,diego.haddad@examplecorp.test,Diego Patel,2026-03-09 03:07:00,emerson.rossi@demomail.test,Mei Brooks,2025-12-22 16:02:00,Y,Arjun Ivanov,Elena Blake,Arjun Dorsey,SKU-7635,Executive Assistant,,,,,,,,SKU-1400,REF-3178,arjun.dorsey@sampleco.test,,,,Active,,,100786,100205,100208,,,,,100684,,100530,Beta,100010,,,Gamma,100573,100342,,drew.garcia@acme-fake.test,quinn.whitfield@demomail.test,Renewal Nudge,100224,,,,,,,,,,101826,,,,Y,
100726,Contact,104527,arjun.patel@sampleco.test,Noah Garcia,2022-12-11 03:49:00,mei.ivanov@sampleco.test,Diego Silva,2024-05-10 16:57:00,diego.costa@examplecorp.test,Drew Dorsey,2025-01-16 17:51:00,riley.calder@sampleco.test,Liam Dorsey,2024-04-09 19:24:00,Y,Diego Costa,Morgan Vance,Nina Garcia,LOT-7599,Executive Assistant,,,,,,,,TAG-6041,SKU-4413,nina.garcia@demomail.test,,,,Active,,100582,100232,,100374,,,,,,,,Standard,100371,,,,100486,100786,,alex.rossi@sampleco.test,riley.ford@acme-fake.test,Event Invite,100403,Summit Partners Co,,,,,,,,,101826,,,,Y,
100400,Contact,104529,chen.mercer@sampleco.test,Mei Whitfield,2023-10-23 13:20:00,taylor.larsson@examplecorp.test,Drew Cohen,2024-05-10 19:06:00,arjun.sloan@examplecorp.test,Chen Garcia,2023-02-12 15:52:00,priya.blake@sampleco.test,Priya Ford,2025-02-01 22:48:00,Y,Rahul Okafor,Marco Dorsey,Taylor Brooks,REF-8482,Customer Success Manager,,,,,,,,LOT-9778,REF-8097,taylor.brooks@demomail.test,,,,Active,,,100738,,100200,,,,,100688,,100649,Beta,100459,,Y,Gamma,,,,rowan.whitfield@acme-fake.test,priya.silva@sampleco.test,Product Update,100254,Horizon Foods LLC,Standard,100526,,,,,,,,,,,N,
100058,Contact,104531,omar.nguyen@examplecorp.test,Casey Ford,2023-03-23 06:09:00,chen.ford@acme-fake.test,Liam Silva,2025-03-12 02:08:00,casey.patel@examplecorp.test,Fatima Whitfield,2024-03-31 16:19:00,casey.ford@sampleco.test,Sofia Costa,2023-09-15 00:01:00,Y,Quinn Dorsey,Nina Silva,Rahul Garcia,LOT-9068,Operations Associate,,,,,,,,,LOT-3567,rahul.garcia@demomail.test,,,,Active,100205,100421,100658,100051,100604,,,,,,,,Beta,100587,,,,100188,100215,,casey.brooks@examplecorp.test,priya.rossi@examplecorp.test,Renewal Nudge,100560,,,,,,,,,,,,,,Y,
100323,Contact,104532,skyler.ivanov@acme-fake.test,Omar Rossi,2025-06-22 15:51:00,mei.ivanov@acme-fake.test,Avery Haddad,2022-11-11 23:49:00,sofia.nguyen@acme-fake.test,Mei Kim,2026-05-11 01:27:00,casey.reyes@examplecorp.test,Drew Brooks,2023-11-13 10:01:00,N,Yara Kim,Taylor Kim,Emerson Sato,REF-1550,Operations Associate,,,,,,,,TAG-2647,LOT-8690,emerson.sato@acme-fake.test,,,,Inactive,,,100464,,100060,,,,,100494,,,Standard,100267,,,Standard,100627,,,rowan.kim@examplecorp.test,elena.patel@acme-fake.test,Quarterly Newsletter,100717,,Beta,100168,,,,,,,,,,,Y,
100543,Contact,104534,omar.whitfield@examplecorp.test,Casey Rossi,2026-03-31 14:01:00,arjun.blake@demomail.test,Taylor Nguyen,2023-12-01 07:44:00,jamie.costa@acme-fake.test,Emerson Blake,2024-07-04 22:01:00,taylor.brooks@sampleco.test,Casey Mercer,2024-06-26 09:34:00,N,Reese Kim,Fatima Mercer,Casey Ford,SKU-2834,HR Generalist,,,,,,,6073,,REF-6353,casey.ford@examplecorp.test,,,,Inactive,100393,,100782,100649,100470,,,,,,,100709,Alpha,100010,,,Alpha,,,,marco.ford@examplecorp.test,liam.okafor@acme-fake.test,Re-engagement,100518,,,,,,,,,,101804,,,,Y,
100670,Contact,104535,marco.sloan@acme-fake.test,Omar Garcia,2023-03-19 19:31:00,elena.nguyen@sampleco.test,Reese Costa,2022-10-03 08:46:00,arjun.sloan@sampleco.test,Nina Dorsey,2024-02-26 06:06:00,drew.cohen@demomail.test,Priya Dorsey,2025-03-28 09:47:00,Y,Yara Patel,Priya Okafor,Nina Cohen,REF-9387,Executive Assistant,,SKU-7743,,,,,,,SKU-1789,nina.cohen@sampleco.test,,,,Active,100049,100188,100426,,,SKU-3956,,,,100408,,100076,Delta,100254,,,,100509,100403,,taylor.vance@demomail.test,jordan.okafor@acme-fake.test,Renewal Nudge,100692,Brightpath Solutions Inc,Beta,100552,,,6,,,,,,,,N,
100620,Contact,104536,noah.patel@sampleco.test,Rahul Ford,2023-08-18 07:39:00,marco.haddad@sampleco.test,Nina Reyes,2026-02-22 19:29:00,casey.kim@acme-fake.test,Casey Brooks,2025-10-07 10:52:00,priya.silva@acme-fake.test,Nina Brooks,2025-03-09 06:31:00,Y,Chen Nguyen,Mei Cohen,Mei Dorsey,SKU-8450,Executive Assistant,,,,,,,,,LOT-2103,mei.dorsey@demomail.test,,,,Active,100517,100169,100286,,100684,SKU-3734,,,,100642,,100746,Standard,100530,,,Gamma,,,,sofia.calder@examplecorp.test,marco.ashby@acme-fake.test,Renewal Nudge,100353,,Standard,100498,,,,,,,,,,,,
100083,Contact,104538,rowan.sloan@demomail.test,Skyler Vance,2025-12-01 17:48:00,skyler.okafor@acme-fake.test,Marco Calder,2022-10-03 02:04:00,jamie.ashby@acme-fake.test,Fatima Silva,2026-07-22 22:27:00,fatima.larsson@acme-fake.test,Alex Calder,2024-03-21 03:44:00,Y,Rowan Mercer,Morgan Brooks,Noah Nguyen,LOT-9945,Data Analyst,,,,,,,,,REF-8822,noah.nguyen@acme-fake.test,,,,Active,100029,,100148,,100667,,,,,100243,,100066,Standard,100005,,,Standard,100014,,,nina.sloan@acme-fake.test,skyler.blake@examplecorp.test,Renewal Nudge,100232,,Other,100503,,,,,,,,,,,Y,
100200,Contact,104540,noah.cohen@acme-fake.test,Quinn Larsson,2023-11-23 23:08:00,morgan.mensah@examplecorp.test,Jordan Blake,2024-06-28 12:19:00,riley.rossi@demomail.test,Casey Silva,2026-07-03 09:30:00,elena.cohen@examplecorp.test,Skyler Ashby,2023-11-22 02:15:00,N,Quinn Ashby,Jordan Larsson,Diego Nguyen,SKU-9998,Accountant,,LOT-2543,,,,,,SKU-3521,REF-3517,diego.nguyen@demomail.test,,,,Inactive,,,100360,100295,,,,,,,,100393,Standard,100520,,,,100765,100020,,skyler.larsson@demomail.test,liam.dorsey@demomail.test,Product Update,100009,,Beta,100604,,,,,,,101859,,,,N,
100305,Contact,104542,yara.silva@demomail.test,Reese Rossi,2026-02-21 18:43:00,arjun.reyes@examplecorp.test,Alex Okafor,2024-06-09 00:19:00,morgan.whitfield@acme-fake.test,Skyler Calder,2025-07-30 17:11:00,rowan.calder@examplecorp.test,Jamie Calder,2026-04-18 10:29:00,Y,Chen Garcia,Noah Calder,Liam Patel,REF-1156,Data Analyst,,,,,,,,TAG-1238,LOT-3518,liam.patel@demomail.test,,,,Active,100652,,100516,,100129,TAG-2811,,,,100620,,,Beta,100793,,,Other,,,,sofia.nguyen@acme-fake.test,taylor.mensah@demomail.test,Re-engagement,100403,Copper Health,,100063,,,,,,,101836,,,,,
100601,Contact,104544,morgan.costa@demomail.test,Casey Haddad,2024-02-23 07:04:00,arjun.mensah@demomail.test,Arjun Rossi,2025-11-25 22:04:00,nina.garcia@sampleco.test,Mei Vance,2024-05-01 06:03:00,chen.whitfield@sampleco.test,Liam Brooks,2023-05-02 03:34:00,N,Drew Nguyen,Jamie Reyes,Jordan Silva,REF-1065,Bookkeeper,,REF-1014,,,,TAG-7128,,,SKU-9069,jordan.silva@demomail.test,,,,Inactive,,100760,100449,,,,,,,100418,,,Alpha,100286,,N,,100496,100104,,aisha.larsson@acme-fake.test,drew.reyes@examplecorp.test,Re-engagement,100353,,Delta,100543,,,,,,,101821,,,,N,
100139,Contact,104545,morgan.blake@demomail.test,Drew Silva,2024-06-01 06:36:00,yara.rossi@demomail.test,Fatima Haddad,2023-06-16 09:25:00,drew.ashby@sampleco.test,Fatima Vance,2023-08-31 09:39:00,casey.patel@demomail.test,Omar Costa,2023-05-22 09:41:00,Y,Elena Blake,Chen Reyes,Omar Rossi,TAG-9664,Software Developer,,,,,Other,LOT-8632,,LOT-3966,TAG-2312,omar.rossi@examplecorp.test,,,,Active,100591,100638,100579,100634,100715,,,,,,,100058,Alpha,100522,,Y,Standard,100459,100103,,arjun.dorsey@acme-fake.test,alex.costa@demomail.test,Event Invite,100245,,,100625,,,,,,,101850,Y,,,N,
100731,Contact,104546,noah.nguyen@demomail.test,Quinn Okafor,2024-05-09 10:30:00,fatima.sato@examplecorp.test,Emerson Rossi,2026-07-05 10:05:00,rahul.ivanov@demomail.test,Jamie Reyes,2026-06-03 14:13:00,sofia.silva@sampleco.test,Jamie Rossi,2024-12-07 05:24:00,Y,Liam Calder,Arjun Cohen,Quinn Dorsey,SKU-2972,Marketing Coordinator,,,,,,,,,LOT-2641,quinn.dorsey@examplecorp.test,,,,Active,,,100099,100251,100558,,,,,,,,Beta,100146,,,Delta,100242,100457,,mei.haddad@examplecorp.test,nina.mercer@demomail.test,Product Update,100099,,,100568,,,,,,,101788,,,,Y,
100314,Contact,104549,avery.garcia@acme-fake.test,Taylor Sloan,2023-05-04 20:16:00,chen.rossi@examplecorp.test,Jordan Reyes,2026-04-18 12:03:00,liam.silva@examplecorp.test,Quinn Cohen,2024-06-07 05:22:00,aisha.ford@examplecorp.test,Sofia Mensah,2024-12-05 18:20:00,Y,Avery Larsson,Drew Reyes,Rahul Kim,LOT-1381,Support Specialist,,,,,,,,,LOT-7576,rahul.kim@acme-fake.test,,,,Active,100742,100558,100070,,100498,,,,,100259,,100265,Gamma,100452,,,,,100363,,liam.brooks@demomail.test,diego.rossi@examplecorp.test,Renewal Nudge,100765,Copper Industries Corp,,100672,,,,,,,101780,,,,,
100654,Contact,104551,rowan.costa@demomail.test,Morgan Rossi,2025-12-31 05:34:00,priya.calder@sampleco.test,Skyler Kim,2023-03-08 11:52:00,aisha.brooks@acme-fake.test,Taylor Silva,2024-04-27 09:43:00,fatima.rossi@acme-fake.test,Nina Sloan,2025-09-25 18:12:00,Y,Priya Brooks,Reese Ford,Riley Cohen,SKU-9989,Customer Success Manager,,,,,,,,,TAG-7054,riley.cohen@sampleco.test,,,,Active,,100429,100146,,100215,,,,,,,100571,Gamma,100209,,,Gamma,100604,100269,,drew.rossi@sampleco.test,reese.haddad@demomail.test,Re-engagement,100026,Keystone Networks Inc,,100146,,,,,,,,,,,Y,
100676,Contact,104554,yara.dorsey@examplecorp.test,Fatima Reyes,2023-11-06 23:28:00,casey.brooks@examplecorp.test,Taylor Sloan,2025-06-28 19:42:00,alex.haddad@acme-fake.test,Emerson Whitfield,2025-08-02 02:16:00,noah.calder@sampleco.test,Fatima Nguyen,2023-03-23 14:07:00,Y,Noah Reyes,Morgan Sato,Aisha Vance,REF-1576,Data Analyst,,,,,,,,,TAG-4594,aisha.vance@sampleco.test,,,,Active,,100723,100229,,100368,,,,,,,100786,Other,100016,,,,100184,,,elena.nguyen@demomail.test,rahul.rossi@sampleco.test,Re-engagement,100342,,,100056,,,,,,,,,,,,
100715,Contact,104556,casey.costa@acme-fake.test,Yara Reyes,2026-02-27 03:48:00,nina.silva@demomail.test,Drew Larsson,2024-07-15 00:47:00,sofia.okafor@examplecorp.test,Mei Okafor,2024-12-29 04:32:00,liam.ford@sampleco.test,Emerson Kim,2025-10-09 06:35:00,N,Arjun Haddad,Liam Vance,Rahul Whitfield,REF-9754,Software Developer,,,,,,,,TAG-7519,TAG-4033,rahul.whitfield@acme-fake.test,,,,Inactive,100310,100420,100496,100685,100286,,,,,100763,,100418,Gamma,100415,,,Standard,100405,100437,,fatima.mensah@sampleco.test,casey.garcia@acme-fake.test,Product Update,100777,Cobalt Networks LLP,,100690,,,,,,,101785,,,,N,
100319,Contact,104558,casey.haddad@acme-fake.test,Taylor Haddad,2024-11-25 17:12:00,casey.ashby@sampleco.test,Emerson Mercer,2026-07-17 05:21:00,liam.rossi@sampleco.test,Jamie Mensah,2024-12-04 08:56:00,drew.ivanov@examplecorp.test,Drew Blake,2024-02-23 00:52:00,Y,Morgan Ashby,Morgan Reyes,Jamie Cohen,REF-4151,Marketing Coordinator,,,,,,,6528,,LOT-8118,jamie.cohen@acme-fake.test,,,,Active,,100624,100673,100205,100767,,,,,100325,,100123,Beta,100467,,,Standard,100395,,,rahul.vance@examplecorp.test,mei.silva@acme-fake.test,Renewal Nudge,100403,Keystone Financial Ltd,,100351,,,,6,,,,N,,,Y,Y
100190,Contact,104561,sofia.garcia@sampleco.test,Yara Nguyen,2024-12-27 03:03:00,aisha.mensah@acme-fake.test,Aisha Sato,2025-06-17 04:37:00,rowan.costa@examplecorp.test,Alex Brooks,2023-04-15 16:11:00,aisha.rossi@examplecorp.test,Quinn Larsson,2025-01-25 15:56:00,Y,Rowan Ashby,Yara Dorsey,Jamie Garcia,SKU-8988,Project Manager,,,,,,,,,REF-6352,jamie.garcia@examplecorp.test,,,,Active,,100376,100429,100772,,,,,,,,100126,Gamma,100434,,,Alpha,100447,100704,,nina.silva@examplecorp.test,nina.costa@sampleco.test,Product Update,100339,,,100171,,,,,,,101869,,,,,
100477,Contact,104563,priya.rossi@demomail.test,Alex Brooks,2023-08-01 05:41:00,avery.mensah@acme-fake.test,Rahul Haddad,2023-02-25 22:44:00,jamie.mercer@examplecorp.test,Arjun Larsson,2023-01-08 05:07:00,priya.costa@sampleco.test,Skyler Larsson,2025-01-23 09:08:00,Y,Reese Silva,Yara Calder,Riley Cohen,REF-3439,Bookkeeper,,,,,,REF-9771,,REF-9013,LOT-2349,riley.cohen@demomail.test,,,,Active,,,100574,,100573,,,,,100588,,,Delta,100094,,,Alpha,100332,,,yara.rossi@acme-fake.test,aisha.rossi@sampleco.test,Re-engagement,100288,Redwood Labs Corp,Alpha,,,,,,,,,,,,,
100793,Contact,104565,reese.reyes@demomail.test,Morgan Larsson,2024-10-15 01:45:00,rowan.ford@acme-fake.test,Marco Vance,2022-12-29 03:41:00,drew.silva@examplecorp.test,Rowan Haddad,2025-12-13 03:49:00,rowan.blake@examplecorp.test,Avery Patel,2024-08-26 20:30:00,N,Liam Reyes,Aisha Whitfield,Taylor Brooks,LOT-8000,Financial Analyst,,,,,,,,,REF-3392,taylor.brooks@acme-fake.test,,,,Inactive,100171,100532,100348,,100443,,,,,100332,,100031,Beta,100793,,,Standard,100424,,,mei.brooks@examplecorp.test,jordan.blake@demomail.test,Quarterly Newsletter,100518,Vertex Health Group,,100424,,,,,,,101786,,,,Y,
100588,Contact,104566,avery.garcia@demomail.test,Jamie Whitfield,2023-05-13 02:58:00,arjun.okafor@demomail.test,Avery Haddad,2023-08-07 22:33:00,alex.cohen@sampleco.test,Marco Reyes,2025-01-09 20:43:00,rahul.nguyen@examplecorp.test,Taylor Larsson,2022-10-21 21:02:00,Y,Jamie Blake,Fatima Kim,Rahul Sloan,SKU-9901,Executive Assistant,,LOT-4709,,Standard,,,,LOT-3488,REF-8645,rahul.sloan@demomail.test,,,,Active,,100539,100565,100380,,,,,,100025,,100672,Beta,100400,,,Alpha,100670,100188,,taylor.costa@demomail.test,chen.vance@sampleco.test,Event Invite,100323,,,100603,,,,,,,101850,,,,,
100604,Contact,104567,morgan.nguyen@demomail.test,Quinn Larsson,2025-12-05 23:04:00,liam.sato@examplecorp.test,Riley Kim,2023-01-03 12:32:00,casey.costa@demomail.test,Riley Blake,2025-09-24 08:34:00,nina.cohen@sampleco.test,Casey Okafor,2025-02-20 14:21:00,Y,Priya Silva,Emerson Whitfield,Nina Ivanov,LOT-5706,Executive Assistant,,,,,,,,LOT-8644,LOT-8949,nina.ivanov@acme-fake.test,,,,Active,100029,100729,100208,,100216,,,,,100042,,100295,Alpha,100596,,,,,100552,,nina.haddad@demomail.test,mei.whitfield@examplecorp.test,Re-engagement,100742,Delta Media Inc,Standard,,,,,,,,101808,,,,,
100543,Contact,104568,omar.sato@sampleco.test,Elena Costa,2026-04-15 07:13:00,alex.whitfield@acme-fake.test,Emerson Ivanov,2023-01-09 15:05:00,chen.nguyen@sampleco.test,Avery Silva,2026-05-10 07:58:00,sofia.reyes@sampleco.test,Arjun Dorsey,2024-03-12 15:21:00,Y,Mei Whitfield,Casey Sloan,Sofia Brooks,TAG-7383,Executive Assistant,,,,,,,,SKU-7955,SKU-2769,sofia.brooks@sampleco.test,,,,Active,,,100548,100434,,,,,,,,100603,Standard,100190,,,Beta,100205,100637,,taylor.nguyen@acme-fake.test,aisha.blake@demomail.test,Renewal Nudge,100215,Everest Analytics Group,Gamma,,,,,6,,,101786,,,,Y,
100293,Contact,104569,elena.okafor@examplecorp.test,Priya Sato,2023-06-09 10:26:00,sofia.mensah@acme-fake.test,Alex Ivanov,2025-08-11 23:35:00,rahul.ford@examplecorp.test,Rahul Sloan,2025-08-26 06:12:00,marco.cohen@sampleco.test,Morgan Garcia,2026-01-09 18:10:00,N,Jordan Calder,Arjun Silva,Skyler Ivanov,REF-5375,Bookkeeper,,,,,,SKU-6449,,REF-5519,LOT-6263,skyler.ivanov@acme-fake.test,,,,Inactive,100080,,100426,100582,,LOT-3579,,,,100189,,100040,Standard,100681,,,,100738,,,emerson.silva@acme-fake.test,taylor.rossi@sampleco.test,Renewal Nudge,100010,Summit Analytics LLC,Standard,,,,,,,,101850,,,,,
100254,Contact,104571,taylor.rossi@acme-fake.test,Drew Ashby,2023-09-10 15:35:00,drew.cohen@examplecorp.test,Noah Cohen,2023-11-17 08:47:00,emerson.costa@demomail.test,Rahul Rossi,2024-05-28 10:45:00,quinn.mensah@demomail.test,Skyler Calder,2024-12-27 03:12:00,N,Casey Dorsey,Skyler Costa,Diego Vance,LOT-4778,HR Generalist,,,,,,,,,REF-6790,diego.vance@sampleco.test,,,,Inactive,100445,,100370,100117,100610,,,,,,,,Alpha,100784,,,,,,,morgan.whitfield@demomail.test,omar.nguyen@sampleco.test,Product Update,100582,,Other,100624,,,,,,,101834,,,,,
100053,Contact,104572,yara.dorsey@sampleco.test,Mei Blake,2024-07-20 03:23:00,drew.sato@sampleco.test,Casey Garcia,2024-08-23 01:46:00,casey.mensah@demomail.test,Sofia Kim,2024-02-19 10:29:00,sofia.silva@sampleco.test,Rowan Sato,2025-04-12 04:24:00,Y,Nina Mensah,Elena Vance,Omar Kim,LOT-9623,Software Developer,,,,,,TAG-8678,3845,,SKU-1100,omar.kim@sampleco.test,,,,Active,,,100371,,,,,,,100563,,100542,Standard,100041,,,,100522,,,elena.sloan@demomail.test,rowan.sato@acme-fake.test,Event Invite,100034,Northwind Robotics LLC,Alpha,,,,,,,,101790,,,,N,
100613,Contact,104574,rowan.rossi@demomail.test,Mei Ashby,2024-02-19 22:55:00,rowan.calder@examplecorp.test,Morgan Ashby,2024-01-22 06:48:00,quinn.cohen@demomail.test,Noah Rossi,2025-05-09 03:13:00,arjun.dorsey@examplecorp.test,Skyler Mensah,2026-01-05 05:03:00,Y,Rowan Nguyen,Jordan Garcia,Riley Ashby,SKU-7259,Project Manager,,,,,,,,SKU-1484,LOT-4145,riley.ashby@demomail.test,,,,Active,,,100217,100426,100359,,,,,100009,,100245,Other,100232,,,Delta,100405,,,omar.reyes@sampleco.test,liam.rossi@demomail.test,Renewal Nudge,100699,,,,,,,,,,101826,Y,,,,
100232,Contact,104576,marco.ashby@demomail.test,Fatima Patel,2025-12-05 03:31:00,jordan.kim@demomail.test,Marco Mercer,2024-09-19 18:26:00,sofia.ford@acme-fake.test,Morgan Rossi,2025-02-27 01:32:00,skyler.silva@demomail.test,Riley Vance,2024-11-07 21:32:00,Y,Drew Ivanov,Yara Nguyen,Morgan Patel,SKU-9085,Payroll Specialist,,,,,,SKU-8514,,,TAG-4798,morgan.patel@examplecorp.test,,,,Active,100090,100539,100051,100443,,,,,,100353,,100457,Other,100470,,Y,,100649,100587,,jamie.blake@acme-fake.test,rowan.vance@acme-fake.test,Quarterly Newsletter,100235,,Other,100242,,,,,,,,,,,,
100290,Contact,104577,aisha.rossi@demomail.test,Jordan Blake,2023-05-24 16:16:00,nina.dorsey@acme-fake.test,Jamie Patel,2025-10-13 20:06:00,skyler.dorsey@examplecorp.test,Fatima Dorsey,2025-10-18 23:24:00,alex.nguyen@sampleco.test,Riley Blake,2023-02-05 15:58:00,N,Chen Silva,Marco Nguyen,Alex Okafor,TAG-7851,Payroll Specialist,,,,,,REF-3329,6024,,REF-5839,alex.okafor@sampleco.test,,,,Inactive,100760,100498,100413,,100573,,,,,100456,,,Alpha,100332,,,Standard,100128,100552,,diego.okafor@examplecorp.test,drew.kim@examplecorp.test,Quarterly Newsletter,100708,,,100744,,,,,,,101873,,,,,
100413,Contact,104579,marco.haddad@demomail.test,Jordan Okafor,2022-10-10 05:11:00,fatima.blake@examplecorp.test,Taylor Cohen,2026-07-31 19:00:00,quinn.sato@acme-fake.test,Avery Costa,2025-11-09 13:26:00,liam.silva@sampleco.test,Quinn Nguyen,2026-05-24 14:57:00,Y,Emerson Mercer,Fatima Ashby,Diego Ivanov,SKU-8691,Financial Analyst,,,,Alpha,,,,,REF-5424,diego.ivanov@demomail.test,,,,Active,,,100190,100325,100516,LOT-6933,,,,100148,,,Standard,100288,,,,100628,,,yara.calder@acme-fake.test,yara.ashby@sampleco.test,Renewal Nudge,100598,Redwood Dynamics Co,,,,,,5,,,,,,,,N
100129,Contact,104582,noah.nguyen@acme-fake.test,Aisha Ivanov,2024-04-29 10:26:00,noah.ashby@demomail.test,Riley Ivanov,2025-07-05 23:16:00,mei.ivanov@demomail.test,Emerson Costa,2025-07-03 15:23:00,diego.nguyen@sampleco.test,Priya Sloan,2025-06-30 01:42:00,N,Yara Dorsey,Jordan Rossi,Rahul Costa,SKU-4895,Recruiter,,,Alpha,,,,,,SKU-3797,rahul.costa@sampleco.test,,,,Inactive,100232,,100759,,100056,SKU-6866,,,,,,,Delta,100238,,,,100058,100638,,casey.blake@acme-fake.test,jordan.ivanov@examplecorp.test,Event Invite,100742,,Delta,100119,,,,,,,101800,,,,N,
100734,Contact,104584,yara.patel@demomail.test,Rahul Brooks,2025-02-12 14:52:00,drew.haddad@demomail.test,Fatima Haddad,2023-07-30 23:42:00,avery.mercer@examplecorp.test,Marco Nguyen,2024-02-17 10:39:00,noah.haddad@acme-fake.test,Avery Whitfield,2025-12-09 05:56:00,N,Emerson Blake,Rahul Okafor,Priya Sloan,SKU-1031,Accountant,,,,,,,,,LOT-9166,priya.sloan@acme-fake.test,,,,Inactive,100485,,100563,100603,100132,,,,,,,100136,Delta,100588,,,Delta,,100552,,riley.ashby@demomail.test,nina.cohen@demomail.test,Product Update,100615,,Gamma,100613,,,,,,,101846,,,,,
100205,Contact,104587,alex.larsson@examplecorp.test,Nina Sato,2022-11-10 18:02:00,aisha.haddad@examplecorp.test,Taylor Blake,2025-05-31 10:57:00,rowan.whitfield@examplecorp.test,Jordan Whitfield,2024-08-08 03:29:00,chen.mercer@sampleco.test,Nina Dorsey,2022-11-13 02:22:00,Y,Morgan Larsson,Sofia Dorsey,Jordan Calder,,Payroll Specialist,,,,Alpha,,,,,LOT-3821,jordan.calder@sampleco.test,,,,Active,100208,100382,100325,100298,100208,,,,,,,,Beta,100704,,,,100275,100667,,avery.silva@sampleco.test,diego.reyes@acme-fake.test,Renewal Nudge,100158,,Beta,100772,,,,6,,,101832,,,,N,
100389,Contact,104588,liam.rossi@demomail.test,Reese Brooks,2025-02-13 05:35:00,fatima.rossi@examplecorp.test,Drew Cohen,2023-10-29 23:32:00,casey.patel@examplecorp.test,Fatima Mensah,2023-08-22 23:06:00,riley.costa@examplecorp.test,Noah Sato,2025-10-21 10:10:00,Y,Jordan Ford,Arjun Reyes,Elena Haddad,TAG-4070,Operations Associate,,,,,,,,,LOT-7931,elena.haddad@acme-fake.test,,,,Active,,,100731,100281,100238,,,,,100634,,,Standard,100288,,,Standard,100177,,,nina.dorsey@demomail.test,casey.sato@examplecorp.test,Quarterly Newsletter,100277,Everest Industries Group,Beta,,,,,,,,101834,,,,,
100242,Contact,104590,riley.mensah@examplecorp.test,Mei Dorsey,2026-07-14 13:13:00,aisha.kim@examplecorp.test,Mei Nguyen,2024-01-10 02:24:00,nina.nguyen@sampleco.test,Rowan Ford,2026-07-03 11:19:00,alex.larsson@acme-fake.test,Taylor Brooks,2024-06-13 15:08:00,Y,Taylor Brooks,Rahul Reyes,Fatima Okafor,LOT-1539,Bookkeeper,,,,,,,,REF-3064,REF-5838,fatima.okafor@demomail.test,,,,Active,100573,,100119,,100746,SKU-6354,,,,100389,,,Beta,100134,,,Delta,100363,100267,,alex.larsson@examplecorp.test,liam.ford@sampleco.test,Re-engagement,100670,Silverline Labs Inc,Delta,100712,,,7,,,,101870,,,,N,
100496,Contact,104592,elena.kim@demomail.test,Diego Mercer,2023-01-12 12:02:00,nina.reyes@sampleco.test,Nina Dorsey,2022-12-01 10:50:00,mei.whitfield@acme-fake.test,Jamie Patel,2022-12-14 02:35:00,jordan.larsson@acme-fake.test,Arjun Cohen,2024-09-28 13:55:00,Y,Drew Mercer,Rahul Reyes,Fatima Kim,REF-3165,Recruiter,,,,Delta,Beta,,6479,,REF-6309,fatima.kim@demomail.test,,,,Active,100736,,100040,100563,,,,,,,,100661,Standard,100774,,,,100462,100257,,drew.costa@examplecorp.test,skyler.rossi@demomail.test,Quarterly Newsletter,100516,Horizon Media LLP,,100615,,,,6,,,101796,,,,Y,
100474,Contact,104593,yara.mercer@demomail.test,Reese Sloan,2024-12-26 18:17:00,marco.mercer@examplecorp.test,Marco Nguyen,2026-02-02 06:27:00,riley.kim@examplecorp.test,Liam Whitfield,2022-12-22 06:06:00,liam.kim@demomail.test,Aisha Larsson,2024-10-29 05:33:00,Y,Arjun Ivanov,Sofia Ford,Liam Whitfield,,Software Developer,,,,,,,,SKU-8511,SKU-7638,liam.whitfield@sampleco.test,,,,Active,100554,,100744,100223,100094,,,,,,,100290,Gamma,100049,,,,100009,100694,,jamie.nguyen@sampleco.test,noah.dorsey@sampleco.test,Product Update,100158,,Other,,,,,,,,,,,,N,
100209,Contact,104596,diego.sato@examplecorp.test,Emerson Dorsey,2026-04-06 20:54:00,avery.costa@demomail.test,Liam Mensah,2024-09-18 14:14:00,priya.ivanov@acme-fake.test,Elena Sato,2024-02-27 01:19:00,casey.brooks@demomail.test,Morgan Mensah,2024-02-05 03:19:00,N,Priya Rossi,Liam Mercer,Casey Silva,LOT-8992,Data Analyst,,SKU-9065,,,,TAG-2738,,,SKU-2311,casey.silva@sampleco.test,,,,Inactive,,,100388,100788,,,,,,100275,,,Standard,100298,,,Delta,,,,morgan.ivanov@demomail.test,fatima.calder@demomail.test,Product Update,100774,,Beta,100257,,,,,,,,,,,N,
100767,Contact,104597,diego.patel@examplecorp.test,Aisha Dorsey,2025-11-17 19:47:00,elena.reyes@examplecorp.test,Sofia Okafor,2023-12-03 19:26:00,elena.cohen@demomail.test,Liam Ivanov,2025-05-16 06:56:00,yara.rossi@sampleco.test,Morgan Mensah,2023-04-21 00:18:00,Y,Drew Vance,Marco Sloan,Nina Ford,REF-3917,Recruiter,,SKU-1784,,,,,,,REF-5877,nina.ford@sampleco.test,,,,Active,100597,,100195,100417,100215,,,,,100568,,100281,Alpha,100405,,,Delta,,100305,,skyler.mensah@sampleco.test,drew.larsson@sampleco.test,Renewal Nudge,100799,Blue Ridge Solutions Inc,Alpha,,,,,,,,,,,,N,
100348,Contact,104600,jamie.garcia@acme-fake.test,Diego Dorsey,2025-12-21 09:27:00,riley.silva@examplecorp.test,Chen Sloan,2025-03-21 12:51:00,morgan.nguyen@demomail.test,Liam Okafor,2023-10-13 21:28:00,jamie.ivanov@acme-fake.test,Omar Calder,2025-05-20 14:32:00,Y,Jamie Mercer,Liam Ivanov,Omar Mercer,TAG-4456,Bookkeeper,,,,,,,,,TAG-5499,omar.mercer@acme-fake.test,,,,Active,100126,100034,100251,,,,,,,100066,,100789,Beta,100343,,,Beta,100213,100275,,marco.blake@demomail.test,alex.costa@sampleco.test,Renewal Nudge,100308,,Standard,,,,,,,,101879,,,,N,
100329,Contact,104601,taylor.kim@sampleco.test,Yara Haddad,2023-09-05 16:57:00,priya.reyes@sampleco.test,Noah Silva,2024-02-20 09:16:00,chen.rossi@examplecorp.test,Nina Vance,2024-12-24 10:53:00,rahul.silva@examplecorp.test,Quinn Okafor,2026-01-23 11:14:00,Y,Skyler Rossi,Elena Costa,Omar Nguyen,SKU-9201,Support Specialist,,,,,,,,,SKU-7407,omar.nguyen@demomail.test,,,,Active,100758,,100749,100186,100217,,,,,100672,,100360,Other,100227,,,Alpha,100742,100642,,rowan.sato@demomail.test,fatima.ford@sampleco.test,Renewal Nudge,100520,,,,,4,,,,,,,,,,
100339,Contact,104603,priya.ford@sampleco.test,Priya Brooks,2024-03-06 15:00:00,elena.nguyen@acme-fake.test,Jordan Okafor,2025-12-08 04:39:00,morgan.nguyen@examplecorp.test,Arjun Dorsey,2024-06-24 15:14:00,casey.garcia@acme-fake.test,Marco Reyes,2026-06-09 02:27:00,Y,Quinn Nguyen,Mei Dorsey,Aisha Patel,REF-3034,Operations Associate,,,,Alpha,,,,,SKU-8073,aisha.patel@demomail.test,,,,Active,,100014,100468,,,,,,,100535,,100040,Other,100216,,N,Other,100482,100161,,drew.cohen@acme-fake.test,jamie.reyes@sampleco.test,Renewal Nudge,100255,,Standard,100353,,,,,,,,,,,,
100548,Contact,104605,omar.brooks@examplecorp.test,Emerson Ivanov,2022-12-08 11:04:00,omar.cohen@examplecorp.test,Morgan Mensah,2024-12-05 10:43:00,sofia.ford@sampleco.test,Riley Rossi,2026-05-21 00:07:00,reese.patel@demomail.test,Chen Whitfield,2023-02-04 19:04:00,Y,Rowan Silva,Mei Kim,Rahul Ford,LOT-1287,Support Specialist,,,,,,,,,REF-4551,rahul.ford@examplecorp.test,,,,Active,,,100203,100601,100531,,,,,100486,,100638,Standard,100646,,,,100735,100796,,arjun.garcia@acme-fake.test,quinn.nguyen@acme-fake.test,Re-engagement,100298,,,,,,,,,,,,,,,
100062,Contact,104606,liam.blake@acme-fake.test,Mei Ashby,2024-10-18 06:59:00,casey.rossi@examplecorp.test,Taylor Nguyen,2023-04-29 23:43:00,yara.sato@demomail.test,Rowan Reyes,2025-12-25 03:08:00,mei.reyes@sampleco.test,Emerson Rossi,2025-02-10 18:41:00,Y,Riley Whitfield,Mei Calder,Liam Blake,TAG-3181,Payroll Specialist,,,,,,,,,SKU-9442,liam.blake@examplecorp.test,,,,Active,100203,,100726,,,,,,,100352,,,Standard,100620,,,Standard,,,,diego.rossi@demomail.test,diego.silva@examplecorp.test,Quarterly Newsletter,100281,,Beta,,,,,,,,101803,,,,,
100213,Contact,104608,casey.mensah@examplecorp.test,Emerson Mensah,2023-09-25 03:01:00,jordan.reyes@acme-fake.test,Aisha Mercer,2025-02-06 20:24:00,priya.dorsey@acme-fake.test,Noah Ashby,2024-09-05 05:06:00,drew.nguyen@acme-fake.test,Avery Rossi,2025-05-22 10:33:00,Y,Emerson Mercer,Morgan Sato,Avery Sato,LOT-7412,Bookkeeper,,,,Alpha,,SKU-9243,,TAG-9093,REF-7951,avery.sato@examplecorp.test,,,,Active,,100456,100243,100169,,,,,,100543,,100158,Beta,100641,,,Gamma,100449,100255,,skyler.sloan@demomail.test,jamie.ivanov@examplecorp.test,Product Update,100563,Pioneer Logistics Ltd,Gamma,100285,,,,,,,101871,,,,N,
100239,Contact,104609,yara.reyes@acme-fake.test,Fatima Haddad,2026-03-21 09:06:00,quinn.okafor@examplecorp.test,Fatima Larsson,2023-10-24 14:55:00,taylor.patel@examplecorp.test,Rahul Garcia,2025-09-11 22:15:00,rahul.vance@demomail.test,Elena Ivanov,2023-09-10 12:26:00,N,Jordan Vance,Reese Silva,Rahul Larsson,LOT-7341,Executive Assistant,,,,Other,,,,REF-4098,REF-8683,rahul.larsson@demomail.test,,,,Inactive,100262,,100565,100421,100486,,,,,100280,,,Gamma,100213,,Y,,,,,avery.sloan@acme-fake.test,drew.larsson@sampleco.test,Quarterly Newsletter,100555,Ironwood Media Corp,Other,100208,,,,,,,101871,,,,,
100325,Contact,104611,elena.cohen@acme-fake.test,Priya Mercer,2024-02-07 18:09:00,yara.sloan@demomail.test,Jordan Whitfield,2024-12-23 13:10:00,reese.ford@examplecorp.test,Morgan Reyes,2024-01-13 09:29:00,riley.silva@demomail.test,Liam Sato,2025-12-07 21:29:00,Y,Fatima Okafor,Jordan Ashby,Fatima Brooks,TAG-6045,Support Specialist,,,,,,,,,REF-5710,fatima.brooks@examplecorp.test,,,,Active,100509,100531,100172,100587,100158,,,,,100229,,,Beta,100503,,,Beta,100040,100097,,diego.sloan@sampleco.test,sofia.sato@demomail.test,Product Update,100185,Cardinal Health Inc,Other,,,,,,,,,,,,N,
100741,Contact,104613,rahul.cohen@examplecorp.test,Alex Nguyen,2024-03-10 11:06:00,marco.calder@acme-fake.test,Liam Ivanov,2025-03-27 13:56:00,taylor.nguyen@demomail.test,Rowan Sloan,2025-01-20 07:49:00,avery.reyes@acme-fake.test,Taylor Ford,2023-12-16 21:13:00,N,Riley Ford,Nina Brooks,Priya Ford,SKU-2197,Financial Analyst,,,,Other,,,,TAG-2214,TAG-3982,priya.ford@sampleco.test,,,,Inactive,,,100073,100481,,,,,,,,100189,Alpha,100206,,,,,,,jordan.okafor@sampleco.test,rowan.ashby@acme-fake.test,Renewal Nudge,100413,Evergreen Financial Ltd,Other,,,,,,,,,,,,Y,
100722,Contact,104615,riley.brooks@examplecorp.test,Elena Sloan,2026-02-16 17:09:00,elena.mercer@acme-fake.test,Diego Cohen,2025-04-08 23:03:00,reese.kim@examplecorp.test,Reese Ford,2025-09-25 23:38:00,marco.okafor@sampleco.test,Morgan Mensah,2026-07-07 22:03:00,N,Skyler Ashby,Casey Ford,Mei Haddad,REF-2064,Bookkeeper,,,,,,,,SKU-2382,LOT-8990,mei.haddad@examplecorp.test,,,,Inactive,,100012,100481,,,,,,,100646,,100343,Gamma,100034,,,Gamma,,100593,,rowan.whitfield@sampleco.test,nina.ivanov@examplecorp.test,Re-engagement,100254,Copper Media Group,Alpha,,,,,10,,,,,,,,N
100169,Contact,104618,aisha.mercer@acme-fake.test,Drew Haddad,2023-05-01 07:48:00,mei.larsson@acme-fake.test,Jamie Rossi,2024-08-10 16:34:00,quinn.whitfield@demomail.test,Diego Kim,2025-06-14 04:06:00,sofia.kim@sampleco.test,Elena Reyes,2026-03-08 00:03:00,Y,Quinn Haddad,Rahul Okafor,Rowan Silva,SKU-9537,QA Engineer,,,,,Standard,,,,TAG-6438,rowan.silva@sampleco.test,,,,Active,,100676,100132,,,,,,,,,100238,Beta,100774,,,,,,,marco.garcia@sampleco.test,nina.sloan@sampleco.test,Renewal Nudge,100763,Horizon Labs LLP,Standard,100234,,,,,,,101805,,,,N,
100601,Contact,104620,marco.sloan@acme-fake.test,Casey Blake,2026-03-25 10:54:00,morgan.kim@demomail.test,Rahul Brooks,2023-12-28 02:59:00,taylor.ford@demomail.test,Alex Ashby,2026-04-29 06:05:00,reese.sato@demomail.test,Arjun Cohen,2025-08-20 01:37:00,Y,Omar Sloan,Taylor Blake,Jordan Larsson,SKU-8594,HR Generalist,,,Alpha,,,,,LOT-3917,LOT-5553,jordan.larsson@demomail.test,,,,Active,100111,100325,100591,,100342,TAG-8186,,,,100295,,100709,Standard,100568,,,Alpha,100280,100627,,alex.okafor@demomail.test,jordan.kim@examplecorp.test,Product Update,100494,,Standard,100128,,,,,,,101832,,,,,
100543,Contact,104621,drew.reyes@acme-fake.test,Elena Vance,2026-05-10 12:54:00,diego.sato@demomail.test,Rahul Dorsey,2024-11-04 15:51:00,jamie.mercer@examplecorp.test,Riley Ford,2024-01-22 18:28:00,priya.rossi@examplecorp.test,Nina Reyes,2025-12-27 08:41:00,N,Rowan Brooks,Noah Haddad,Casey Nguyen,SKU-3819,Accountant,,,,,,,,,LOT-5760,casey.nguyen@demomail.test,,,,Inactive,,100298,100119,100086,100282,,,,,100546,,100239,Other,100694,,,Gamma,,100229,,yara.sato@acme-fake.test,casey.brooks@examplecorp.test,Re-engagement,100393,Evergreen Ventures LLP,Other,100111,,,,,,,,,,,Y,
100200,Contact,104624,jordan.mensah@demomail.test,Jamie Rossi,2025-11-25 11:13:00,liam.vance@demomail.test,Jamie Haddad,2022-12-24 09:30:00,noah.nguyen@examplecorp.test,Priya Dorsey,2023-05-04 00:05:00,yara.patel@sampleco.test,Chen Haddad,2023-07-01 11:43:00,N,Nina Vance,Rahul Calder,Emerson Silva,TAG-4005,Recruiter,,REF-2470,,,,,,,REF-7526,emerson.silva@sampleco.test,,,,Inactive,100370,100494,100053,,100462,LOT-3847,,,,100694,,100123,Delta,100212,,,Alpha,100679,100447,,priya.reyes@acme-fake.test,avery.haddad@sampleco.test,Product Update,100548,Cobalt Partners Corp,Gamma,,,,,,,,,,,,,
100023,Contact,104625,skyler.costa@sampleco.test,Emerson Patel,2023-01-31 17:58:00,morgan.rossi@acme-fake.test,Jamie Garcia,2026-04-07 03:46:00,arjun.okafor@sampleco.test,Rahul Okafor,2024-03-18 05:39:00,rowan.ivanov@examplecorp.test,Arjun Rossi,2026-05-27 20:16:00,Y,Morgan Mercer,Mei Garcia,Omar Ford,REF-1988,QA Engineer,,,,,Alpha,,,,SKU-1168,omar.ford@demomail.test,,,,Active,100434,100281,100784,100568,,,,,,,,100333,Beta,100262,,,,,100770,,reese.cohen@examplecorp.test,riley.nguyen@demomail.test,Event Invite,100293,,Gamma,100503,,,,,,,101832,,,,Y,
100178,Contact,104628,noah.costa@examplecorp.test,Sofia Patel,2022-11-05 21:56:00,skyler.sloan@demomail.test,Yara Calder,2023-03-04 03:51:00,noah.sato@acme-fake.test,Jamie Haddad,2025-02-09 13:05:00,quinn.silva@acme-fake.test,Marco Reyes,2023-05-23 18:19:00,Y,Morgan Rossi,Skyler Costa,Yara Blake,REF-5038,Marketing Coordinator,,,,,,,,TAG-1377,REF-8685,yara.blake@sampleco.test,,,,Active,,,100302,100070,100134,,,,,,,,Gamma,100029,,,,100031,100469,,taylor.sloan@examplecorp.test,morgan.haddad@demomail.test,Renewal Nudge,100344,,,,,,,,,,,,,,Y,
100538,Contact,104631,sofia.reyes@acme-fake.test,Marco Rossi,2024-08-14 10:42:00,nina.sloan@acme-fake.test,Noah Larsson,2024-05-08 23:31:00,fatima.calder@sampleco.test,Riley Whitfield,2026-05-21 19:10:00,noah.mercer@sampleco.test,Omar Dorsey,2024-11-30 03:30:00,Y,Taylor Sloan,Aisha Rossi,Skyler Ivanov,REF-7842,Operations Associate,,,,,,,,,TAG-4225,skyler.ivanov@demomail.test,,,,Active,100331,,100060,,,,,,,,,,Gamma,100031,,,,100403,100708,,yara.nguyen@demomail.test,chen.rossi@acme-fake.test,Event Invite,100574,Cardinal Energy LLC,Other,100291,,,,,,,101839,,,,,
100749,Contact,104633,alex.vance@examplecorp.test,Emerson Mensah,2023-08-09 13:34:00,diego.whitfield@acme-fake.test,Liam Calder,2025-08-12 12:26:00,drew.dorsey@examplecorp.test,Arjun Whitfield,2023-08-08 11:29:00,rowan.ashby@examplecorp.test,Rahul Ford,2023-06-08 18:23:00,Y,Noah Blake,Liam Reyes,Priya Costa,REF-2838,Marketing Coordinator,,,Standard,,,,,,LOT-7418,priya.costa@demomail.test,,,,Active,,100254,100548,,100325,,,,,100298,,100532,Delta,100741,,,,,,,nina.nguyen@acme-fake.test,quinn.cohen@demomail.test,Re-engagement,100506,Beacon Logistics Ltd,Beta,100418,,,,,,,101832,,,,,
100613,Contact,104634,quinn.dorsey@sampleco.test,Quinn Mensah,2024-05-11 17:50:00,avery.kim@demomail.test,Arjun Ivanov,2023-05-31 06:41:00,marco.vance@sampleco.test,Arjun Sloan,2025-03-20 23:59:00,skyler.garcia@acme-fake.test,Skyler Okafor,2024-12-30 10:30:00,Y,Elena Rossi,Drew Dorsey,Liam Ivanov,SKU-3820,Software Developer,,,,,,,,,LOT-9123,liam.ivanov@sampleco.test,,,,Active,,100227,100555,100523,100104,,,,,100720,,100099,Alpha,100329,,Y,Alpha,100188,100767,,liam.ford@demomail.test,jordan.whitfield@acme-fake.test,Quarterly Newsletter,100596,,Other,,,,,,,,,,,,N,
100500,Contact,104635,casey.blake@acme-fake.test,Noah Patel,2023-11-06 09:42:00,avery.okafor@acme-fake.test,Reese Patel,2026-01-29 07:33:00,noah.larsson@examplecorp.test,Arjun Okafor,2025-07-08 06:59:00,mei.dorsey@sampleco.test,Riley Okafor,2023-01-10 05:35:00,Y,Jamie Cohen,Rahul Haddad,Noah Mercer,SKU-1136,Payroll Specialist,,,,,,,1590,LOT-6773,REF-7462,noah.mercer@examplecorp.test,,,,Active,,,100543,,100774,REF-6518,,,,100122,,100336,Beta,100234,,,Beta,100481,100552,,noah.rossi@demomail.test,liam.ashby@acme-fake.test,Renewal Nudge,100016,Delta Robotics LLC,Standard,100554,,5,,,,,101863,,,,Y,
100661,Contact,104638,jordan.calder@sampleco.test,Riley Mensah,2025-07-26 13:17:00,aisha.dorsey@demomail.test,Riley Sato,2026-05-12 06:25:00,yara.haddad@demomail.test,Rahul Rossi,2023-04-27 20:56:00,chen.vance@sampleco.test,Casey Mensah,2023-04-08 17:35:00,Y,Aisha Rossi,Yara Patel,Noah Calder,TAG-2350,HR Generalist,,,,,,,,,LOT-8723,noah.calder@sampleco.test,,,,Active,,100200,100014,,,,,,,,,100308,Other,100731,,,Alpha,100066,100217,,skyler.mercer@acme-fake.test,priya.okafor@acme-fake.test,Quarterly Newsletter,100774,,,100374,,,,,,,101843,,,,Y,
100523,Contact,104641,skyler.dorsey@examplecorp.test,Riley Mensah,2023-06-06 08:03:00,sofia.larsson@sampleco.test,Taylor Ford,2024-05-18 07:00:00,sofia.sato@examplecorp.test,Morgan Calder,2023-08-16 15:48:00,aisha.reyes@sampleco.test,Emerson Ivanov,2026-07-20 06:16:00,Y,Rahul Sloan,Elena Ivanov,Alex Vance,LOT-4153,Data Analyst,,,,,,TAG-5564,,,SKU-5739,alex.vance@acme-fake.test,,,,Active,100632,100251,100126,,,,,,,100227,,100003,Standard,100277,,,Alpha,100418,,,skyler.reyes@acme-fake.test,marco.rossi@examplecorp.test,Re-engagement,100469,Keystone Energy Corp,,100683,,,,,,,101839,,,,N,
100189,Contact,104644,arjun.mercer@demomail.test,Jordan Dorsey,2023-03-01 14:41:00,avery.mercer@demomail.test,Reese Cohen,2025-10-10 23:44:00,elena.reyes@acme-fake.test,Casey Sato,2025-04-12 09:53:00,morgan.ford@acme-fake.test,Skyler Silva,2025-09-13 02:55:00,Y,Liam Brooks,Casey Garcia,Avery Sato,LOT-6550,Financial Analyst,,,,,,,,,SKU-2071,avery.sato@acme-fake.test,,,,Active,100015,100481,100141,,100275,,,,,,,100382,Delta,100290,,,Delta,,100308,,yara.mercer@acme-fake.test,liam.vance@demomail.test,Renewal Nudge,100340,,Alpha,100543,,,,,,,101838,,,,Y,
100742,Contact,104645,skyler.okafor@acme-fake.test,Jamie Vance,2025-11-11 22:36:00,noah.okafor@examplecorp.test,Riley Ivanov,2024-11-16 07:40:00,alex.mensah@acme-fake.test,Jordan Garcia,2023-07-08 20:16:00,rowan.calder@sampleco.test,Alex Mercer,2026-07-26 17:43:00,N,Nina Vance,Yara Larsson,Rahul Reyes,SKU-5478,Data Analyst,,,,Standard,,,,,SKU-4807,rahul.reyes@demomail.test,,,,Inactive,,100089,100223,,,,,,,100236,,,Delta,100190,,,,100281,,,drew.ivanov@acme-fake.test,marco.whitfield@examplecorp.test,Renewal Nudge,100664,Delta Energy Inc,Beta,,,,,,,,101788,,,,Y,
100083,Contact,104647,priya.mensah@acme-fake.test,Nina Ford,2026-02-20 14:58:00,sofia.sloan@demomail.test,Alex Ford,2023-12-31 05:56:00,aisha.sato@demomail.test,Aisha Mercer,2023-11-21 02:24:00,mei.sato@acme-fake.test,Taylor Ashby,2024-12-07 13:54:00,Y,Quinn Sato,Nina Rossi,Aisha Ford,REF-5889,Recruiter,,,,,,,,,SKU-3838,aisha.ford@sampleco.test,,,,Active,,,100383,,100104,,,,,100518,,,Standard,100046,,,Standard,100040,,,casey.silva@demomail.test,skyler.calder@demomail.test,Re-engagement,100542,Harbor Energy LLC,Other,,,,,,,,,,,,Y,N
100329,Contact,104649,jamie.whitfield@sampleco.test,Aisha Mensah,2025-12-31 12:20:00,quinn.mensah@acme-fake.test,Fatima Garcia,2024-10-16 15:00:00,jamie.nguyen@demomail.test,Skyler Haddad,2026-06-22 18:02:00,avery.costa@demomail.test,Casey Brooks,2023-12-08 13:40:00,Y,Omar Okafor,Emerson Costa,Marco Patel,REF-2258,Recruiter,,,,Delta,,,,LOT-6868,TAG-3562,marco.patel@examplecorp.test,,,,Active,,100010,100099,,100415,,,,,100631,,100403,Standard,100290,,,Delta,100763,,,diego.blake@acme-fake.test,drew.garcia@demomail.test,Quarterly Newsletter,100683,Northwind Logistics Co,,100413,,,,,,,,,,,Y,
100709,Contact,104651,jordan.garcia@sampleco.test,Rowan Brooks,2024-10-06 14:20:00,emerson.dorsey@acme-fake.test,Riley Costa,2025-12-05 11:33:00,yara.dorsey@examplecorp.test,Chen Nguyen,2023-05-20 08:14:00,rowan.calder@examplecorp.test,Emerson Nguyen,2024-07-20 20:39:00,Y,Morgan Nguyen,Liam Garcia,Diego Kim,REF-3402,Software Developer,,,,,,,,,SKU-5622,diego.kim@demomail.test,,,,Active,100518,,100552,100380,100185,,,,,100685,,100328,Other,100696,,,,,,,liam.reyes@examplecorp.test,avery.haddad@examplecorp.test,Event Invite,100316,Meridian Manufacturing Corp,,,,,6,,,,,,,,N,
100103,Contact,104652,nina.dorsey@demomail.test,Elena Mensah,2024-01-13 06:28:00,drew.cohen@demomail.test,Taylor Haddad,2023-08-05 11:46:00,jamie.larsson@acme-fake.test,Alex Ford,2024-01-30 11:35:00,mei.ashby@demomail.test,Diego Ashby,2026-06-11 20:25:00,Y,Elena Sato,Aisha Calder,Aisha Ashby,SKU-4253,Recruiter,,,,,Other,,,REF-7201,SKU-2621,aisha.ashby@acme-fake.test,,,,Active,100750,,100168,100189,100120,,,,,100750,,100103,Delta,100323,,,,,100454,,alex.rossi@examplecorp.test,jamie.sato@sampleco.test,Event Invite,100468,,,,,,,,,,101786,,,,Y,N
100604,Contact,104653,noah.cohen@demomail.test,Mei Brooks,2025-07-10 17:06:00,fatima.blake@examplecorp.test,Drew Larsson,2025-07-18 23:52:00,elena.ivanov@sampleco.test,Quinn Mensah,2026-02-05 03:46:00,avery.cohen@examplecorp.test,Rahul Larsson,2023-04-25 04:49:00,Y,Jordan Calder,Sofia Kim,Skyler Reyes,SKU-2370,HR Generalist,,,,,,REF-3134,,SKU-4032,REF-8604,skyler.reyes@demomail.test,,,,Active,100319,,100410,100110,100672,,,,,100139,,,Other,100234,,,Delta,100731,100617,,chen.silva@acme-fake.test,diego.okafor@examplecorp.test,Quarterly Newsletter,100490,Northwind Foods LLP,Beta,100388,,,,,,,101804,Y,,,Y,
100241,Contact,104656,priya.mercer@sampleco.test,Riley Mercer,2025-12-06 11:25:00,chen.ford@acme-fake.test,Marco Ashby,2025-02-19 17:10:00,fatima.vance@demomail.test,Drew Nguyen,2023-05-04 00:55:00,rahul.nguyen@demomail.test,Morgan Larsson,2024-10-21 19:44:00,Y,Emerson Cohen,Elena Sato,Reese Vance,TAG-9211,Data Analyst,,,Standard,,,,,,SKU-8276,reese.vance@examplecorp.test,,,,Active,100020,,100290,100139,,,,,,100101,,,Beta,100259,,,Alpha,100555,100374,,chen.mercer@examplecorp.test,rahul.ivanov@examplecorp.test,Product Update,100342,,,,,,,,,,101869,Y,,,,
100291,Contact,104657,fatima.vance@sampleco.test,Jamie Patel,2026-06-30 16:12:00,aisha.mensah@acme-fake.test,Chen Garcia,2023-08-29 04:42:00,rahul.mensah@sampleco.test,Jordan Nguyen,2024-12-18 00:11:00,rahul.cohen@demomail.test,Aisha Ashby,2025-10-12 07:02:00,Y,Nina Ford,Taylor Haddad,Aisha Reyes,LOT-8349,Software Developer,,,,,,,,,LOT-3930,aisha.reyes@sampleco.test,,,,Active,,100195,100234,100277,100679,,,,,,,100717,Beta,100527,,,Delta,100345,100625,,omar.sloan@acme-fake.test,arjun.blake@examplecorp.test,Renewal Nudge,100418,,Beta,,,6,,,,,101788,,,,Y,
100496,Contact,104658,fatima.cohen@demomail.test,Liam Reyes,2023-03-22 02:49:00,drew.whitfield@acme-fake.test,Mei Costa,2026-01-29 20:14:00,casey.cohen@demomail.test,Casey Dorsey,2026-01-30 15:13:00,taylor.silva@sampleco.test,Mei Cohen,2023-11-30 21:35:00,Y,Emerson Sloan,Nina Sloan,Morgan Patel,SKU-6920,Executive Assistant,,,,,,,,,TAG-2560,morgan.patel@sampleco.test,,,,Active,,100366,100763,100546,100565,,,,,100010,,100020,Gamma,100496,,,,100016,,,yara.ivanov@demomail.test,casey.brooks@examplecorp.test,Quarterly Newsletter,100336,Delta Partners LLP,Beta,100305,,,,4,,,101816,,,,,
100310,Contact,104660,rahul.cohen@examplecorp.test,Casey Mensah,2024-03-15 04:53:00,alex.calder@examplecorp.test,Drew Silva,2024-06-29 07:17:00,elena.ford@demomail.test,Priya Costa,2024-02-10 11:06:00,liam.reyes@examplecorp.test,Nina Sato,2023-05-06 10:04:00,Y,Emerson Ford,Diego Dorsey,Arjun Garcia,LOT-3622,Financial Analyst,,,,,Other,,,,REF-5702,arjun.garcia@examplecorp.test,,,,Active,,100359,100705,,100777,,,,,,,100205,Alpha,100591,,,Beta,100744,100310,,morgan.silva@acme-fake.test,sofia.mensah@demomail.test,Renewal Nudge,100481,Harbor Networks Group,,100314,,,10,,,,,,,,Y,
100500,Contact,104662,liam.garcia@examplecorp.test,Casey Dorsey,2023-09-26 02:44:00,quinn.sloan@demomail.test,Quinn Cohen,2022-12-26 00:56:00,riley.kim@sampleco.test,Omar Ford,2026-07-18 22:51:00,priya.calder@acme-fake.test,Jamie Garcia,2025-02-22 10:01:00,Y,Riley Whitfield,Fatima Ashby,Quinn Nguyen,,Data Analyst,,,,,Beta,,,REF-2453,TAG-3345,quinn.nguyen@examplecorp.test,,,,Active,,100560,100008,100073,100500,,,,,100767,,,Delta,100443,,Y,Standard,100063,,,quinn.ivanov@examplecorp.test,sofia.reyes@demomail.test,Renewal Nudge,100267,,,,,,,2,,,101818,,,,,
100113,Contact,104663,yara.costa@examplecorp.test,Diego Cohen,2023-11-05 09:57:00,marco.larsson@demomail.test,Morgan Nguyen,2024-01-22 10:46:00,fatima.cohen@examplecorp.test,Taylor Mensah,2024-12-03 18:36:00,chen.silva@sampleco.test,Jamie Sato,2023-10-07 21:21:00,Y,Yara Costa,Rahul Calder,Liam Rossi,REF-3218,HR Generalist,,,,,,,,SKU-1462,TAG-5645,liam.rossi@sampleco.test,,,,Active,100029,100667,100368,,100415,,,,,100799,,100485,Other,100591,,,Alpha,100070,,,reese.brooks@sampleco.test,skyler.vance@sampleco.test,Re-engagement,100213,,,,,,,,,,,N,,,N,
100750,Contact,104665,chen.brooks@examplecorp.test,Fatima Larsson,2022-10-16 13:12:00,quinn.sato@acme-fake.test,Reese Whitfield,2026-01-31 12:41:00,arjun.whitfield@examplecorp.test,Avery Blake,2023-07-14 03:41:00,jordan.sato@sampleco.test,Chen Whitfield,2024-02-04 18:28:00,N,Liam Ashby,Sofia Vance,Mei Patel,LOT-3765,Operations Associate,,,,Other,,,,,TAG-5128,mei.patel@sampleco.test,,,,Inactive,100034,100302,100171,,100496,,,,,100339,,100026,Alpha,100148,,,Alpha,,100017,,avery.mercer@sampleco.test,reese.silva@acme-fake.test,Re-engagement,100215,Lakeside Manufacturing LLC,,100777,,,,,,,,,,,,
100212,Contact,104666,quinn.sato@examplecorp.test,Riley Whitfield,2024-01-24 09:34:00,taylor.dorsey@demomail.test,Nina Vance,2024-03-16 05:15:00,diego.ford@examplecorp.test,Marco Sato,2024-10-08 07:23:00,skyler.garcia@examplecorp.test,Yara Kim,2024-01-30 02:42:00,Y,Taylor Rossi,Morgan Haddad,Taylor Vance,TAG-9667,Marketing Coordinator,,,,,,,,,LOT-8518,taylor.vance@examplecorp.test,,,,Active,,,100104,100285,,,,,,100173,,100767,Delta,100241,,,Gamma,100010,,,avery.larsson@examplecorp.test,reese.kim@demomail.test,Product Update,100073,,Other,100607,,,,,,,,,,,N,
100192,Contact,104669,jordan.mensah@examplecorp.test,Jamie Costa,2023-07-16 18:24:00,jamie.kim@demomail.test,Emerson Ivanov,2026-01-10 20:12:00,nina.nguyen@demomail.test,Priya Ivanov,2024-12-11 16:53:00,avery.okafor@acme-fake.test,Chen Cohen,2025-08-26 13:41:00,Y,Priya Calder,Rahul Dorsey,Alex Brooks,SKU-9873,Software Developer,,,,,,REF-9390,,SKU-4640,REF-2133,alex.brooks@demomail.test,,,,Active,100340,,100343,,,,,,,100014,,100016,Alpha,100731,,,Beta,100758,100607,,marco.ashby@examplecorp.test,jamie.nguyen@examplecorp.test,Event Invite,100421,Redwood Robotics LLP,,,,,,,,,101796,,,,N,
100498,Contact,104672,noah.ashby@demomail.test,Elena Brooks,2023-01-02 10:26:00,noah.ford@examplecorp.test,Avery Sato,2024-05-03 05:56:00,mei.haddad@examplecorp.test,Aisha Larsson,2022-11-13 18:19:00,nina.ivanov@demomail.test,Liam Sloan,2025-03-06 01:19:00,Y,Fatima Silva,Arjun Ford,Elena Mensah,LOT-8611,Customer Success Manager,,,,,,,,,LOT-7283,elena.mensah@demomail.test,,,,Active,,100434,100005,100310,,,,,,100003,,100530,Delta,100254,,,Gamma,100455,100694,,rowan.brooks@sampleco.test,noah.ashby@acme-fake.test,Event Invite,100403,,Gamma,100522,,,,,,,101841,,,,,
100469,Contact,104675,noah.mercer@examplecorp.test,Sofia Vance,2022-12-29 04:20:00,sofia.garcia@sampleco.test,Morgan Sato,2023-04-17 03:00:00,drew.sato@sampleco.test,Marco Mercer,2023-02-22 14:47:00,diego.okafor@demomail.test,Alex Mensah,2023-06-03 20:21:00,Y,Elena Mercer,Morgan Nguyen,Arjun Costa,REF-1876,QA Engineer,,,,,,,,LOT-9421,LOT-1179,arjun.costa@acme-fake.test,,,,Active,100010,,100238,100238,100744,SKU-4463,,,,,,,Beta,100734,,,Alpha,,100200,,skyler.ford@acme-fake.test,omar.costa@acme-fake.test,Re-engagement,100070,,Alpha,100026,,,,,,,101816,,,,,N
100251,Contact,104677,rowan.silva@examplecorp.test,Arjun Vance,2023-04-27 22:37:00,reese.garcia@demomail.test,Drew Reyes,2023-01-16 19:19:00,aisha.ashby@demomail.test,Rowan Mensah,2022-10-05 11:02:00,morgan.brooks@acme-fake.test,Omar Ford,2023-09-20 18:29:00,Y,Quinn Okafor,Elena Reyes,Taylor Sloan,LOT-1608,Financial Analyst,,,,,,,,,LOT-2074,taylor.sloan@sampleco.test,,,,Active,,100445,100308,,100251,,,,,100474,,100574,Other,100305,,,,100368,,,liam.blake@acme-fake.test,emerson.rossi@acme-fake.test,Product Update,100393,Keystone Networks Corp,,100314,,1,,,,,101866,,,,N,
100148,Contact,104678,diego.blake@sampleco.test,Rowan Mensah,2023-10-07 16:18:00,marco.ivanov@sampleco.test,Liam Brooks,2024-02-08 02:27:00,aisha.mensah@sampleco.test,Riley Whitfield,2025-09-27 10:20:00,chen.kim@examplecorp.test,Diego Silva,2025-07-22 06:51:00,N,Chen Costa,Priya Okafor,Yara Vance,TAG-9371,Marketing Coordinator,,,,,,SKU-2665,,TAG-2170,TAG-8896,yara.vance@acme-fake.test,,,,Inactive,100543,100106,100070,,100632,,,,,,,100173,Other,100645,,,,100242,100798,,diego.mercer@examplecorp.test,avery.nguyen@demomail.test,Re-engagement,100265,Northwind Manufacturing Co,,,,,,0,,,101837,,,,,
100793,Contact,104679,skyler.rossi@demomail.test,Omar Kim,2023-12-14 12:21:00,jamie.silva@sampleco.test,Rowan Costa,2024-01-14 15:49:00,emerson.dorsey@sampleco.test,Chen Calder,2026-02-14 10:35:00,rowan.ivanov@demomail.test,Alex Silva,2022-11-04 22:33:00,Y,Jamie Whitfield,Sofia Mensah,Reese Vance,TAG-7508,Financial Analyst,,,,,,,,,REF-1500,reese.vance@sampleco.test,,,,Active,,100215,100310,100696,,,,,,,,,Beta,100325,,,Gamma,100352,100616,,fatima.rossi@examplecorp.test,riley.blake@sampleco.test,Quarterly Newsletter,100182,,,,,,,,,,101876,,,,,
100563,Contact,104682,drew.mercer@examplecorp.test,Quinn Cohen,2025-02-01 03:09:00,aisha.okafor@acme-fake.test,Liam Reyes,2023-01-27 04:13:00,yara.dorsey@sampleco.test,Nina Cohen,2024-01-11 17:54:00,priya.calder@demomail.test,Omar Silva,2024-06-14 10:09:00,Y,Rahul Whitfield,Chen Patel,Noah Cohen,SKU-9420,Financial Analyst,,,,Standard,,,,,TAG-2518,noah.cohen@sampleco.test,,,,Active,100782,,100434,100641,100070,REF-9335,,,,100410,,100731,Delta,100386,,,Other,100186,,,priya.reyes@examplecorp.test,avery.blake@acme-fake.test,Product Update,100142,Delta Robotics Group,Delta,,,,,,,,101811,,,,,
100025,Contact,104683,yara.garcia@examplecorp.test,Chen Vance,2025-05-15 02:37:00,reese.larsson@demomail.test,Jamie Silva,2025-07-08 15:31:00,rahul.ashby@sampleco.test,Casey Mensah,2025-10-10 23:59:00,yara.calder@sampleco.test,Alex Nguyen,2026-02-12 09:33:00,Y,Elena Brooks,Jamie Costa,Riley Mensah,SKU-7125,Marketing Coordinator,,,,,,,,SKU-6323,REF-4678,riley.mensah@acme-fake.test,,,,Active,100089,,100143,,,SKU-1970,,,,100208,,,Alpha,100173,,,Beta,100044,,,rahul.reyes@sampleco.test,skyler.rossi@examplecorp.test,Re-engagement,100277,,Delta,100803,,,,,,,101879,Y,,,,
100360,Contact,104686,fatima.mensah@acme-fake.test,Mei Ivanov,2023-06-12 10:04:00,sofia.blake@demomail.test,Nina Sloan,2025-06-08 19:47:00,rahul.cohen@examplecorp.test,Casey Blake,2025-05-30 17:59:00,diego.ford@examplecorp.test,Liam Ford,2023-02-16 18:25:00,Y,Arjun Calder,Arjun Haddad,Nina Mercer,REF-1024,Recruiter,,,,,Delta,,,,TAG-4805,nina.mercer@acme-fake.test,,,,Active,100374,100408,100391,100696,100413,,,,,100498,,,Standard,100195,,,,,100164,,rowan.whitfield@acme-fake.test,emerson.cohen@examplecorp.test,Re-engagement,100224,,Alpha,,,,,,,,,,,,Y,
100363,Contact,104689,arjun.larsson@sampleco.test,Arjun Costa,2023-10-14 11:35:00,priya.vance@sampleco.test,Morgan Okafor,2026-06-01 13:13:00,quinn.ivanov@sampleco.test,Nina Costa,2025-12-31 01:18:00,casey.calder@acme-fake.test,Quinn Whitfield,2025-12-11 10:50:00,Y,Alex Okafor,Elena Haddad,Nina Reyes,REF-9031,Operations Associate,,,,,,,,TAG-7209,TAG-5961,nina.reyes@acme-fake.test,,,,Active,100661,100498,100627,100205,100539,,,,,100383,,100265,Beta,100148,,,Other,,,,arjun.dorsey@demomail.test,riley.ford@examplecorp.test,Renewal Nudge,100025,,Alpha,,,,,,,,101871,,,,,
100023,Contact,104690,liam.okafor@demomail.test,Jordan Calder,2024-07-22 15:47:00,emerson.larsson@demomail.test,Quinn Vance,2025-08-11 07:02:00,diego.cohen@acme-fake.test,Reese Larsson,2023-04-15 01:27:00,priya.kim@acme-fake.test,Omar Costa,2024-11-01 16:28:00,Y,Elena Ashby,Noah Nguyen,Nina Dorsey,REF-9332,Customer Success Manager,,,,,Delta,,,,LOT-7730,nina.dorsey@sampleco.test,,,,Active,,100235,100089,100101,100661,,,,,100389,,,Beta,100560,,,,,,,riley.whitfield@sampleco.test,rowan.reyes@sampleco.test,Product Update,100205,,,,,,,,,,,N,,,N,
100371,Contact,104693,riley.calder@sampleco.test,Chen Cohen,2024-10-14 20:21:00,yara.kim@acme-fake.test,Avery Dorsey,2026-05-03 09:15:00,chen.kim@sampleco.test,Priya Calder,2026-05-25 00:25:00,noah.blake@demomail.test,Rowan Reyes,2023-10-29 07:57:00,Y,Rahul Ashby,Yara Silva,Morgan Vance,,Software Developer,,,,,,,,,TAG-7429,morgan.vance@sampleco.test,,,,Active,,,100388,100285,100343,,,,,100555,,,Delta,100760,,,,,100786,,emerson.ivanov@examplecorp.test,quinn.vance@sampleco.test,Renewal Nudge,100429,Redwood Foods Group,Beta,100216,,,,,,,101869,N,,,Y,
100420,Contact,104696,casey.vance@sampleco.test,Taylor Haddad,2024-04-26 17:57:00,mei.brooks@demomail.test,Jordan Silva,2023-05-31 10:50:00,jordan.kim@demomail.test,Yara Calder,2024-10-03 16:58:00,sofia.nguyen@acme-fake.test,Omar Mensah,2023-03-16 07:16:00,Y,Morgan Silva,Riley Dorsey,Rowan Mensah,TAG-8371,Marketing Coordinator,,,,,,,,,SKU-7540,rowan.mensah@acme-fake.test,,,,Active,,100305,100380,100551,100796,,,,,100243,,,Standard,100195,,,Standard,,,,rowan.haddad@sampleco.test,marco.kim@examplecorp.test,Product Update,100248,Silverline Media Corp,Alpha,100620,,,,4,,,101870,,,,Y,
100516,Contact,104697,mei.ashby@demomail.test,Rowan Larsson,2022-10-12 15:23:00,emerson.dorsey@demomail.test,Arjun Rossi,2024-10-24 04:06:00,rowan.patel@sampleco.test,Avery Brooks,2024-12-09 23:12:00,elena.okafor@demomail.test,Reese Mercer,2025-09-25 09:49:00,Y,Jamie Dorsey,Diego Ford,Rowan Garcia,TAG-5615,HR Generalist,,,,,,REF-5433,4907,,REF-5738,rowan.garcia@demomail.test,,,,Active,,100063,100688,100104,100449,,,,,100348,,,Gamma,100046,,,Beta,100670,100511,,chen.vance@examplecorp.test,morgan.rossi@acme-fake.test,Product Update,100464,Granite Solutions Ltd,Other,,,,,,,,101825,,,,,
100467,Contact,104699,fatima.rossi@examplecorp.test,Aisha Sloan,2026-01-31 06:36:00,elena.sloan@sampleco.test,Omar Costa,2026-07-14 04:49:00,quinn.cohen@examplecorp.test,Chen Nguyen,2023-09-08 18:00:00,aisha.mercer@acme-fake.test,Quinn Okafor,2024-08-10 13:45:00,Y,Taylor Larsson,Chen Rossi,Chen Costa,SKU-4568,Bookkeeper,,,,,Beta,,,,TAG-7285,chen.costa@sampleco.test,,,,Active,,100066,100368,100538,,,,,,,,,Beta,100200,,,Beta,100142,100217,,omar.okafor@sampleco.test,aisha.rossi@demomail.test,Product Update,100500,,Beta,,,,,,,,101816,,,,Y,
100101,Contact,104702,rowan.ivanov@examplecorp.test,Arjun Vance,2026-02-16 14:47:00,liam.larsson@examplecorp.test,Fatima Garcia,2025-11-18 10:19:00,chen.silva@examplecorp.test,Jordan Dorsey,2023-08-16 04:53:00,yara.nguyen@demomail.test,Morgan Brooks,2022-12-21 15:19:00,N,Noah Calder,Noah Larsson,Fatima Calder,REF-2035,Recruiter,,,,,,,,,LOT-4326,fatima.calder@acme-fake.test,,,,Inactive,,,100334,100063,100070,,,,,100513,,100661,Other,100509,,,Standard,100359,,,nina.calder@examplecorp.test,rowan.brooks@sampleco.test,Quarterly Newsletter,100467,Brightpath Holdings LLP,Delta,,,,,,,,,,,,N,
100313,Contact,104704,rahul.ashby@demomail.test,Quinn Blake,2025-11-20 10:35:00,jordan.blake@demomail.test,Omar Sloan,2024-03-24 03:07:00,elena.mercer@demomail.test,Priya Mensah,2025-05-29 16:20:00,sofia.cohen@acme-fake.test,Chen Mensah,2023-06-26 15:42:00,N,Jamie Sato,Rowan Haddad,Skyler Ivanov,SKU-2669,Financial Analyst,,,,Gamma,Delta,,,TAG-2804,SKU-1465,skyler.ivanov@acme-fake.test,,,,Inactive,100153,100097,100667,,100667,,,,,,,100310,Alpha,100417,,,,100673,,,emerson.okafor@examplecorp.test,avery.blake@sampleco.test,Re-engagement,100117,Vertex Industries Corp,Beta,,,,,,,,101803,,,,N,
100509,Contact,104706,morgan.ford@examplecorp.test,Aisha Rossi,2024-07-29 00:12:00,noah.sato@acme-fake.test,Omar Ashby,2025-08-11 01:12:00,noah.mercer@sampleco.test,Taylor Kim,2023-01-15 02:37:00,riley.costa@acme-fake.test,Riley Okafor,2023-11-15 16:29:00,N,Priya Silva,Aisha Costa,Mei Silva,TAG-3981,HR Generalist,,,,,,,7220,TAG-3903,LOT-8610,mei.silva@examplecorp.test,,,,Inactive,,,100421,,100037,,,,,100224,,100265,Alpha,100601,,Y,Alpha,,,,fatima.larsson@sampleco.test,morgan.patel@acme-fake.test,Re-engagement,100242,Atlas Manufacturing LLP,,,,,,,,,,,,,,N
100474,Contact,104709,sofia.nguyen@acme-fake.test,Rahul Ashby,2023-03-11 17:34:00,avery.ford@examplecorp.test,Avery Ivanov,2023-06-19 07:30:00,avery.garcia@sampleco.test,Jordan Vance,2024-08-31 16:04:00,chen.larsson@examplecorp.test,Fatima Vance,2023-09-09 12:14:00,Y,Quinn Calder,Riley Larsson,Priya Garcia,TAG-9844,QA Engineer,,,,,,,,,LOT-1733,priya.garcia@acme-fake.test,,,,Active,,100251,100328,,,,,,,,,,Delta,100798,,,Delta,100642,100008,,riley.ivanov@sampleco.test,noah.okafor@demomail.test,Product Update,100086,Everest Dynamics LLP,Other,100774,,6,,,,,101866,,,,N,
100251,Contact,104712,mei.nguyen@sampleco.test,Sofia Whitfield,2025-02-17 00:11:00,nina.mensah@demomail.test,Chen Sloan,2024-12-11 20:44:00,rowan.vance@examplecorp.test,Morgan Cohen,2025-06-09 00:48:00,noah.ivanov@demomail.test,Avery Costa,2024-03-21 06:15:00,Y,Emerson Dorsey,Omar Silva,Drew Larsson,SKU-7903,Accountant,,,,,,TAG-1171,,,REF-9492,drew.larsson@demomail.test,,,,Active,100551,,100473,100142,,,,,,100758,,,Delta,100234,,,Delta,100216,,,chen.brooks@demomail.test,yara.kim@examplecorp.test,Quarterly Newsletter,100782,Redwood Energy Inc,,100042,,,,,,,101837,N,,,Y,
100269,Contact,104714,nina.silva@examplecorp.test,Taylor Whitfield,2024-06-24 02:22:00,omar.dorsey@examplecorp.test,Rowan Garcia,2025-03-20 19:10:00,mei.brooks@examplecorp.test,Sofia Patel,2025-09-05 15:47:00,avery.dorsey@sampleco.test,Chen Brooks,2025-03-12 02:46:00,Y,Quinn Vance,Arjun Ford,Sofia Ivanov,TAG-9030,Financial Analyst,,,Other,,,,,,TAG-2209,sofia.ivanov@examplecorp.test,,,,Active,100339,,100498,100282,100579,,,,,100509,,,Other,100582,,N,Other,,100582,,chen.mercer@examplecorp.test,mei.nguyen@sampleco.test,Event Invite,100328,Keystone Ventures Co,Gamma,,,,,,,,,Y,,,Y,
100531,Contact,104715,elena.garcia@examplecorp.test,Taylor Ford,2022-11-05 03:07:00,liam.sloan@acme-fake.test,Taylor Costa,2024-02-07 21:04:00,rowan.patel@demomail.test,Quinn Rossi,2026-04-28 14:23:00,riley.silva@demomail.test,Drew Costa,2023-01-19 18:45:00,Y,Riley Haddad,Omar Ashby,Morgan Kim,REF-2491,Data Analyst,,,,Delta,,,,,REF-5806,morgan.kim@acme-fake.test,,,,Active,100345,,100351,100393,,,,,,100597,,100637,Other,100684,,,,,,,quinn.vance@acme-fake.test,drew.patel@acme-fake.test,Event Invite,100235,,Alpha,100223,,,,,,,101879,,,,N,
100598,Contact,104717,mei.vance@acme-fake.test,Taylor Patel,2023-10-07 07:02:00,arjun.kim@acme-fake.test,Arjun Garcia,2024-11-01 20:42:00,nina.okafor@acme-fake.test,Jordan Reyes,2025-03-25 04:34:00,morgan.vance@demomail.test,Alex Haddad,2025-06-21 12:44:00,Y,Elena Reyes,Noah Mercer,Fatima Ford,TAG-9489,Software Developer,,,,,,,,,SKU-2832,fatima.ford@sampleco.test,,,,Active,100080,,100305,100443,,,,,,100325,,100421,Beta,100223,,,,100393,100500,,elena.costa@demomail.test,nina.mercer@examplecorp.test,Product Update,100245,,Delta,100464,,,,2,,,101790,,,,,
100546,Contact,104720,reese.ashby@acme-fake.test,Noah Patel,2025-11-12 20:00:00,sofia.rossi@sampleco.test,Diego Kim,2024-09-24 20:13:00,liam.mercer@demomail.test,Noah Vance,2025-07-10 07:25:00,casey.blake@sampleco.test,Aisha Patel,2025-05-21 12:29:00,Y,Liam Brooks,Aisha Brooks,Arjun Rossi,LOT-7352,Financial Analyst,,,,,,,,,LOT-4016,arjun.rossi@sampleco.test,,,,Active,100188,,100265,,,,,,,100613,,,Other,100302,,,Alpha,100165,,,riley.garcia@demomail.test,riley.garcia@sampleco.test,Re-engagement,100182,,Delta,100339,,,,,,,,,,,,
100500,Contact,104723,elena.blake@sampleco.test,Marco Whitfield,2022-11-03 03:06:00,reese.patel@demomail.test,Avery Costa,2025-05-15 00:51:00,casey.ashby@demomail.test,Omar Ashby,2024-06-18 06:31:00,noah.dorsey@demomail.test,Priya Cohen,2024-12-12 08:13:00,N,Priya Rossi,Elena Larsson,Quinn Whitfield,REF-9337,Financial Analyst,,,,,,,,,TAG-7849,quinn.whitfield@sampleco.test,,,,Inactive,100749,100003,100254,100277,100763,,,,,,,,Standard,100348,,,,100008,100777,,nina.garcia@acme-fake.test,rowan.dorsey@sampleco.test,Event Invite,100741,,,100642,,,,,,,101869,,,,N,
100322,Contact,104726,emerson.cohen@sampleco.test,Arjun Reyes,2023-02-19 16:38:00,sofia.garcia@sampleco.test,Jordan Dorsey,2024-06-16 09:04:00,skyler.cohen@acme-fake.test,Jamie Silva,2026-01-06 10:39:00,priya.brooks@acme-fake.test,Aisha Reyes,2025-03-29 20:16:00,Y,Quinn Brooks,Diego Mercer,Casey Silva,TAG-9777,Data Analyst,,,,,,,,TAG-6046,LOT-9037,casey.silva@sampleco.test,,,,Active,100188,,100551,100232,100325,,,,,,,100168,Gamma,100440,,,Other,100426,100227,,casey.blake@sampleco.test,rahul.mercer@demomail.test,Event Invite,100314,,,,,,,,,,,,,,N,N
100770,Contact,104728,diego.brooks@examplecorp.test,Omar Silva,2022-10-20 08:44:00,skyler.ashby@acme-fake.test,Rahul Ashby,2025-06-28 22:57:00,arjun.silva@demomail.test,Sofia Nguyen,2024-04-03 00:29:00,emerson.calder@examplecorp.test,Rowan Costa,2023-09-07 05:47:00,N,Elena Okafor,Morgan Brooks,Skyler Okafor,SKU-5348,Data Analyst,,,,Beta,,,,,TAG-8577,skyler.okafor@demomail.test,,,,Inactive,100469,,100282,,,,,,,,,,Alpha,100262,,,,,,,quinn.okafor@acme-fake.test,elena.sloan@acme-fake.test,Quarterly Newsletter,100334,Cobalt Retail Inc,Beta,,,,,,,,,Y,,,,
100631,Contact,104730,sofia.ivanov@sampleco.test,Rowan Kim,2026-05-09 03:17:00,marco.sato@demomail.test,Mei Sato,2023-10-19 07:52:00,noah.ivanov@demomail.test,Emerson Calder,2023-01-18 09:27:00,chen.calder@examplecorp.test,Skyler Kim,2026-07-01 01:30:00,N,Riley Okafor,Omar Garcia,Jamie Nguyen,LOT-1217,Data Analyst,,,,,,,,,TAG-9748,jamie.nguyen@examplecorp.test,,,,Inactive,,100245,100345,100405,,,,,,100559,,,Alpha,100645,,,Gamma,100377,100443,,mei.vance@acme-fake.test,jordan.costa@sampleco.test,Event Invite,100117,Blue Ridge Logistics Corp,Delta,,,,,,,,101834,,,,Y,
100053,Contact,104731,yara.ashby@examplecorp.test,Chen Ivanov,2026-04-04 11:44:00,priya.mensah@examplecorp.test,Alex Dorsey,2024-01-21 00:15:00,skyler.kim@sampleco.test,Jamie Ashby,2025-12-19 12:44:00,casey.kim@sampleco.test,Priya Mercer,2025-10-01 16:00:00,N,Liam Silva,Fatima Nguyen,Aisha Dorsey,LOT-1217,Recruiter,,,Standard,,,,,,TAG-8466,aisha.dorsey@examplecorp.test,,,,Inactive,,100241,100784,100340,100780,,,,,100073,,100628,Gamma,100464,,,Gamma,,100535,,marco.silva@acme-fake.test,aisha.kim@demomail.test,Product Update,100173,,Standard,,,,,6,,,,,,,N,
100190,Contact,104732,elena.dorsey@examplecorp.test,Rahul Mensah,2025-07-01 18:04:00,diego.mensah@examplecorp.test,Sofia Calder,2022-10-23 05:26:00,rowan.sloan@demomail.test,Morgan Haddad,2023-12-24 20:57:00,avery.haddad@demomail.test,Quinn Ashby,2025-12-18 17:43:00,Y,Rowan Dorsey,Diego Ford,Jamie Rossi,LOT-3213,HR Generalist,,,,,,,,,LOT-2089,jamie.rossi@sampleco.test,,,,Active,100123,100568,100215,,100763,,,,,100129,,,Delta,100696,,,Beta,,,,chen.silva@sampleco.test,skyler.silva@examplecorp.test,Renewal Nudge,100447,,Standard,,,,,,,,101843,N,,,,
100398,Contact,104733,emerson.nguyen@demomail.test,Arjun Calder,2023-01-15 02:57:00,elena.mensah@sampleco.test,Rowan Sato,2024-12-14 08:59:00,reese.nguyen@examplecorp.test,Casey Cohen,2025-12-21 20:01:00,riley.okafor@examplecorp.test,Rowan Ford,2025-07-09 17:35:00,Y,Jamie Sloan,Reese Kim,Drew Mensah,TAG-1382,HR Generalist,,TAG-7755,,,Gamma,,,,REF-8594,drew.mensah@examplecorp.test,,,,Active,100216,100089,100008,100382,,,,,,,,,Standard,100717,,,Standard,100115,,,jordan.haddad@acme-fake.test,chen.brooks@examplecorp.test,Quarterly Newsletter,100153,,,,,,,,,,,,,,,
100641,Contact,104734,sofia.silva@examplecorp.test,Taylor Mensah,2025-04-15 21:38:00,skyler.ford@acme-fake.test,Alex Brooks,2025-03-23 21:41:00,fatima.mensah@demomail.test,Drew Whitfield,2023-02-04 11:02:00,jamie.larsson@acme-fake.test,Yara Reyes,2025-01-10 14:30:00,Y,Chen Mercer,Sofia Ford,Drew Costa,TAG-6941,Project Manager,,TAG-6308,,,,,,,LOT-1579,drew.costa@acme-fake.test,,,,Active,100319,100293,100113,100269,,,,,,100579,,,Alpha,100236,,,Standard,100634,100798,,noah.reyes@acme-fake.test,riley.blake@demomail.test,Product Update,100215,,Other,100334,,,,,,,,,,,,
100538,Contact,104736,mei.sloan@acme-fake.test,Emerson Sato,2023-02-07 10:12:00,jordan.mensah@sampleco.test,Rahul Sloan,2026-04-02 17:20:00,aisha.silva@acme-fake.test,Elena Blake,2026-02-19 04:03:00,arjun.patel@acme-fake.test,Noah Calder,2023-10-28 09:54:00,Y,Jamie Okafor,Noah Mensah,Aisha Rossi,REF-2829,QA Engineer,,,,,,,,,LOT-5409,aisha.rossi@demomail.test,,,,Active,,,100262,,100670,,,,,100017,,100269,Beta,100796,,,,,100168,,morgan.larsson@acme-fake.test,diego.rossi@examplecorp.test,Quarterly Newsletter,100704,Horizon Partners LLP,Standard,100683,,,,,,,,,,,Y,
100470,Contact,104739,nina.blake@demomail.test,Sofia Blake,2024-05-06 17:07:00,skyler.ford@sampleco.test,Elena Ford,2023-11-25 00:46:00,diego.blake@acme-fake.test,Jordan Reyes,2023-02-12 10:26:00,riley.ford@examplecorp.test,Yara Sato,2025-05-27 05:16:00,N,Reese Dorsey,Rahul Calder,Rahul Cohen,,QA Engineer,,,,,,,,SKU-1139,TAG-2450,rahul.cohen@examplecorp.test,,,,Inactive,,,100563,,,,,,,100134,,100215,Other,100238,,,Standard,,100426,,fatima.silva@examplecorp.test,casey.vance@demomail.test,Re-engagement,100265,,Other,,,,,,,,101841,,,,,
100136,Contact,104742,reese.vance@examplecorp.test,Mei Garcia,2024-04-15 20:04:00,reese.brooks@acme-fake.test,Jordan Mercer,2026-02-23 18:19:00,morgan.ford@acme-fake.test,Mei Haddad,2025-03-19 03:11:00,reese.larsson@acme-fake.test,Casey Mensah,2024-01-29 21:20:00,Y,Priya Kim,Rowan Rossi,Elena Nguyen,LOT-9522,Accountant,,,,,,,,LOT-8181,SKU-9313,elena.nguyen@acme-fake.test,,,,Active,,100679,100177,100588,100432,,,,,100799,,100189,Standard,100694,,,Beta,100241,,,sofia.larsson@examplecorp.test,priya.brooks@examplecorp.test,Quarterly Newsletter,100351,,,,,3,,,,,,,,,,
100574,Contact,104744,emerson.kim@demomail.test,Casey Ivanov,2025-09-12 10:16:00,chen.kim@acme-fake.test,Mei Ivanov,2025-05-09 10:21:00,diego.sloan@demomail.test,Elena Kim,2026-03-06 09:22:00,sofia.dorsey@demomail.test,Omar Brooks,2024-02-24 16:19:00,Y,Omar Costa,Quinn Patel,Sofia Sloan,LOT-5017,Software Developer,,,,Gamma,,,,TAG-3918,LOT-8913,sofia.sloan@acme-fake.test,,,,Active,100742,,100034,100511,100798,,,,,,,100565,Delta,100497,,,Delta,,,,reese.silva@examplecorp.test,liam.brooks@demomail.test,Event Invite,100400,,Standard,100272,,,,,,,,,,,,
100301,Contact,104746,fatima.vance@sampleco.test,Emerson Reyes,2023-03-01 20:49:00,emerson.calder@sampleco.test,Alex Larsson,2026-03-29 17:51:00,riley.haddad@demomail.test,Noah Larsson,2026-06-13 06:09:00,sofia.brooks@sampleco.test,Chen Calder,2025-08-09 08:24:00,Y,Elena Sloan,Taylor Okafor,Rowan Mercer,TAG-4116,Financial Analyst,,,,,,,,,SKU-9716,rowan.mercer@acme-fake.test,,,,Active,,100245,100582,100800,,,,,,,,,Delta,100506,,,Alpha,100410,,,elena.silva@demomail.test,morgan.vance@examplecorp.test,Quarterly Newsletter,100319,Meridian Dynamics Ltd,,100597,,,,,,,,,,,Y,
100129,Contact,104747,mei.haddad@demomail.test,Chen Calder,2024-11-06 15:48:00,noah.sato@examplecorp.test,Jordan Sloan,2024-10-09 08:32:00,quinn.nguyen@demomail.test,Elena Mensah,2022-10-31 03:27:00,morgan.dorsey@acme-fake.test,Rowan Brooks,2026-07-12 09:35:00,Y,Casey Haddad,Marco Patel,Mei Reyes,LOT-9834,Financial Analyst,,,,,,,,LOT-4562,REF-6943,mei.reyes@acme-fake.test,,,,Active,100479,,100403,,100015,,,,,,,,Gamma,100692,,,Standard,100251,,,rahul.cohen@sampleco.test,yara.kim@examplecorp.test,Re-engagement,100254,Lakeside Networks Inc,,100168,,,,,,,101783,N,,,,N
100456,Contact,104749,priya.costa@examplecorp.test,Morgan Dorsey,2026-01-02 12:37:00,noah.sloan@sampleco.test,Alex Silva,2026-06-30 05:18:00,mei.sloan@acme-fake.test,Reese Mercer,2025-10-31 10:52:00,morgan.ford@examplecorp.test,Emerson Ashby,2025-03-25 15:06:00,Y,Mei Blake,Riley Cohen,Alex Reyes,TAG-2127,Payroll Specialist,,,,,,,,SKU-2447,SKU-7567,alex.reyes@demomail.test,,,,Active,,,100366,100765,100487,,,,,100767,,100485,Other,100229,,,Gamma,,,,quinn.calder@sampleco.test,chen.mercer@examplecorp.test,Re-engagement,100136,Cobalt Foods Inc,,100538,,,,,,,101830,,,,,
100708,Contact,104751,aisha.okafor@sampleco.test,Diego Haddad,2023-04-14 16:09:00,alex.calder@demomail.test,Liam Rossi,2024-10-02 05:32:00,jamie.nguyen@acme-fake.test,Diego Ivanov,2024-06-08 09:11:00,morgan.nguyen@examplecorp.test,Jamie Sato,2024-11-21 08:54:00,N,Jordan Larsson,Elena Vance,Nina Mercer,TAG-6070,Customer Success Manager,,,,,Gamma,,,,TAG-7767,nina.mercer@acme-fake.test,,,,Inactive,100500,,100176,100569,,,,,,100638,,100760,Gamma,100235,,,,100792,,,rahul.sato@acme-fake.test,elena.brooks@examplecorp.test,Renewal Nudge,100173,,Beta,100615,,,,,,,101851,,,,N,
100310,Contact,104754,morgan.dorsey@demomail.test,Marco Dorsey,2024-03-30 10:10:00,morgan.garcia@acme-fake.test,Yara Patel,2026-02-28 17:13:00,marco.silva@demomail.test,Rowan Cohen,2023-08-06 01:59:00,arjun.cohen@acme-fake.test,Morgan Sato,2024-09-16 13:23:00,Y,Drew Garcia,Mei Patel,Omar Cohen,REF-5922,Customer Success Manager,,,,,,,,,REF-3862,omar.cohen@sampleco.test,,,,Active,,100552,100715,,100646,REF-5647,,,,,,100209,Other,100332,,,Other,,,,rowan.okafor@acme-fake.test,elena.nguyen@demomail.test,Renewal Nudge,100731,,,100070,,,,,,,,,,,,
100462,Contact,104756,omar.sloan@acme-fake.test,Drew Dorsey,2026-06-30 07:37:00,liam.costa@acme-fake.test,Arjun Haddad,2023-04-28 11:48:00,jordan.ford@examplecorp.test,Avery Calder,2025-03-29 00:04:00,rowan.haddad@examplecorp.test,Marco Calder,2025-03-31 16:12:00,Y,Noah Mensah,Aisha Haddad,Drew Calder,TAG-7801,Recruiter,,,,,,,,,TAG-1648,drew.calder@sampleco.test,,,,Active,100169,100410,100374,100352,100628,,,,,,,100420,Other,100339,,,Other,,100468,,casey.vance@sampleco.test,fatima.kim@sampleco.test,Quarterly Newsletter,100003,Meridian Foods LLC,,,,,,8,,,101876,Y,,,Y,
100206,Contact,104759,jamie.costa@examplecorp.test,Rahul Larsson,2023-08-08 13:35:00,liam.cohen@acme-fake.test,Quinn Mercer,2022-12-28 21:51:00,quinn.cohen@acme-fake.test,Rahul Garcia,2024-11-27 23:32:00,casey.rossi@sampleco.test,Arjun Haddad,2023-09-06 00:47:00,Y,Elena Okafor,Reese Rossi,Quinn Mercer,LOT-8427,Executive Assistant,,,,,,,,LOT-1667,TAG-7653,quinn.mercer@sampleco.test,,,,Active,100440,100245,100475,,100420,,,,,,,100177,Delta,100462,,,,100774,100265,,emerson.blake@acme-fake.test,fatima.mercer@sampleco.test,Quarterly Newsletter,100576,,Alpha,100286,,,,,,,,,,,,
100223,Contact,104762,liam.calder@acme-fake.test,Nina Calder,2023-12-27 18:13:00,noah.okafor@acme-fake.test,Fatima Sloan,2024-04-13 01:34:00,rowan.larsson@demomail.test,Arjun Brooks,2024-10-07 16:46:00,chen.sato@sampleco.test,Mei Blake,2023-08-07 03:00:00,Y,Arjun Nguyen,Arjun Nguyen,Fatima Okafor,TAG-6206,Support Specialist,,,,,,,,TAG-8627,LOT-8105,fatima.okafor@demomail.test,,,,Active,,,100490,100585,100348,,,,,100513,,,Alpha,100788,,,,100574,100146,,jamie.ford@sampleco.test,reese.haddad@sampleco.test,Renewal Nudge,100169,Blue Ridge Solutions Ltd,Alpha,,,,,,,,101837,,,,Y,
100484,Contact,104763,drew.mensah@sampleco.test,Marco Patel,2023-07-03 01:34:00,reese.rossi@demomail.test,Casey Whitfield,2026-01-19 07:56:00,chen.sato@sampleco.test,Alex Nguyen,2026-07-18 05:43:00,reese.kim@sampleco.test,Skyler Dorsey,2025-08-11 10:27:00,N,Avery Brooks,Mei Calder,Morgan Whitfield,LOT-1090,Data Analyst,,,,Gamma,,,,LOT-6839,TAG-7884,morgan.whitfield@demomail.test,,,,Inactive,,100332,100772,,100615,,,,,100046,,100705,Standard,100482,,,Gamma,100030,,,nina.sloan@demomail.test,skyler.vance@acme-fake.test,Product Update,100239,,Delta,100190,,,,,,,101876,,,,N,
100014,Contact,104766,noah.sato@demomail.test,Fatima Sato,2026-05-10 03:01:00,jamie.calder@sampleco.test,Elena Kim,2024-01-18 07:08:00,sofia.blake@demomail.test,Taylor Rossi,2023-11-21 19:46:00,omar.blake@acme-fake.test,Arjun Ford,2023-08-19 08:21:00,Y,Elena Nguyen,Fatima Brooks,Priya Larsson,REF-2870,QA Engineer,,,,,,,,,SKU-8888,priya.larsson@demomail.test,,,,Active,,100708,100429,100103,,,,,,,,100182,Alpha,100792,,,Beta,,100070,,elena.vance@examplecorp.test,priya.vance@demomail.test,Re-engagement,100380,,Beta,100368,,,,,,,101859,,,,N,
100111,Contact,104769,reese.ford@demomail.test,Chen Vance,2023-06-13 07:27:00,riley.sato@acme-fake.test,Aisha Brooks,2023-06-14 20:32:00,morgan.sato@acme-fake.test,Omar Kim,2026-07-22 22:20:00,drew.patel@demomail.test,Morgan Brooks,2024-09-14 10:26:00,Y,Diego Silva,Emerson Patel,Liam Haddad,SKU-6671,Support Specialist,,,,,,,,,REF-5315,liam.haddad@examplecorp.test,,,,Active,100486,,100432,100117,,,,,,,,100111,Beta,100042,,,,100468,,,diego.sato@sampleco.test,liam.whitfield@demomail.test,Event Invite,100285,,Standard,,,,,,,,101780,,,,N,
100117,Contact,104772,chen.mensah@examplecorp.test,Avery Sloan,2023-08-13 13:55:00,jamie.rossi@sampleco.test,Marco Calder,2024-08-26 07:13:00,priya.dorsey@examplecorp.test,Casey Blake,2024-11-03 21:52:00,jordan.kim@sampleco.test,Drew Larsson,2024-03-09 16:27:00,N,Jordan Vance,Emerson Mercer,Chen Ivanov,REF-2097,Bookkeeper,,,,,,,4507,,TAG-1717,chen.ivanov@examplecorp.test,,,,Inactive,,100555,100708,100285,100224,,,,,,,,Beta,100156,,,,100582,100551,,emerson.kim@demomail.test,fatima.rossi@examplecorp.test,Event Invite,100177,Redwood Textiles Group,Other,100498,,,,,,,101849,,,,Y,
100042,Contact,104774,chen.calder@demomail.test,Morgan Okafor,2023-11-30 03:35:00,noah.larsson@demomail.test,Chen Reyes,2023-05-14 16:34:00,quinn.okafor@demomail.test,Rowan Mercer,2025-08-04 06:31:00,marco.haddad@sampleco.test,Avery Whitfield,2022-12-02 01:12:00,Y,Chen Ashby,Yara Mensah,Avery Silva,REF-1201,Customer Success Manager,,,,,,,,,TAG-4194,avery.silva@demomail.test,,,,Active,100106,,100464,100395,,,,,,,,,Standard,100060,,,Other,100667,100153,,sofia.brooks@sampleco.test,skyler.haddad@demomail.test,Event Invite,100715,,Alpha,,,0,,,,,101841,,,,,
100539,Contact,104775,taylor.blake@acme-fake.test,Drew Ivanov,2025-11-21 07:34:00,aisha.dorsey@examplecorp.test,Aisha Okafor,2025-04-30 21:45:00,chen.vance@sampleco.test,Skyler Rossi,2024-04-30 16:45:00,jordan.ashby@acme-fake.test,Arjun Patel,2024-03-30 16:46:00,Y,Elena Cohen,Priya Haddad,Rahul Blake,,Marketing Coordinator,,,,,Standard,REF-5648,,SKU-7759,LOT-5456,rahul.blake@sampleco.test,,,,Active,100371,100080,100186,100772,100692,,,,,100620,,100742,Alpha,100339,,,Alpha,100107,100482,,jordan.cohen@examplecorp.test,rahul.ford@sampleco.test,Product Update,100049,Brightpath Dynamics Co,,100683,,4,,,,,,,,,N,
100339,Contact,104776,skyler.costa@sampleco.test,Chen Sato,2025-05-09 06:36:00,chen.larsson@sampleco.test,Arjun Sato,2024-02-28 13:35:00,casey.okafor@acme-fake.test,Nina Kim,2026-04-15 11:28:00,drew.patel@demomail.test,Nina Okafor,2022-11-28 12:26:00,Y,Omar Mercer,Diego Nguyen,Casey Okafor,LOT-9000,Payroll Specialist,,,,,,,,,SKU-8842,casey.okafor@sampleco.test,,,,Active,100796,100750,100598,100086,,,,,,100750,,100664,Standard,100132,,,Gamma,100172,,,avery.nguyen@demomail.test,omar.vance@demomail.test,Product Update,100034,,,,,,,,,,,,,,N,
100277,Contact,104777,marco.cohen@demomail.test,Riley Kim,2023-05-24 19:10:00,casey.ivanov@acme-fake.test,Diego Dorsey,2024-06-26 14:14:00,rahul.silva@sampleco.test,Omar Ashby,2023-02-25 02:03:00,alex.sloan@demomail.test,Marco Silva,2026-06-05 12:09:00,Y,Elena Patel,Reese Silva,Diego Blake,TAG-8239,Project Manager,,,,,,,,,LOT-6141,diego.blake@examplecorp.test,,,,Active,,,100429,,100123,,,,,,,100156,Beta,100738,,,Delta,100509,,,elena.ivanov@acme-fake.test,skyler.brooks@acme-fake.test,Event Invite,100110,Cobalt Partners Ltd,Other,,,,,,,,101803,,,,,
100106,Contact,104779,drew.nguyen@sampleco.test,Sofia Whitfield,2023-05-12 23:13:00,liam.brooks@demomail.test,Omar Nguyen,2026-03-22 08:35:00,mei.haddad@sampleco.test,Skyler Garcia,2026-04-21 23:12:00,rowan.ford@sampleco.test,Rahul Ashby,2025-08-07 13:59:00,Y,Mei Ivanov,Arjun Mensah,Jordan Calder,SKU-4967,Financial Analyst,,,,,Standard,,,,SKU-2349,jordan.calder@acme-fake.test,,,,Active,100585,,100344,100200,100470,,,,,,,100760,Other,100741,,,Delta,100634,,,drew.silva@examplecorp.test,skyler.cohen@acme-fake.test,Re-engagement,100063,Cobalt Partners Co,Alpha,,,8,,,,,101830,,,,,
100531,Contact,104781,skyler.sato@demomail.test,Casey Larsson,2025-12-14 21:21:00,emerson.okafor@examplecorp.test,Taylor Cohen,2024-02-23 11:19:00,diego.calder@examplecorp.test,Skyler Mercer,2024-05-23 01:10:00,liam.mensah@examplecorp.test,Quinn Mercer,2026-02-02 20:44:00,Y,Avery Rossi,Alex Sloan,Jamie Dorsey,SKU-2580,Project Manager,,,,,,,,REF-4068,SKU-5585,jamie.dorsey@demomail.test,,,,Active,100543,,100254,,100420,,,,,100749,,100344,Beta,100490,,,,,100343,,fatima.ivanov@sampleco.test,aisha.reyes@sampleco.test,Event Invite,100426,,,100596,,,,,,,,,,,N,
100798,Contact,104782,drew.kim@examplecorp.test,Rahul Kim,2026-04-25 11:14:00,arjun.haddad@examplecorp.test,Alex Ford,2024-10-18 10:28:00,quinn.brooks@demomail.test,Yara Blake,2025-02-17 16:46:00,rowan.nguyen@demomail.test,Riley Brooks,2023-05-26 23:35:00,Y,Avery Ford,Omar Brooks,Morgan Calder,TAG-9866,Data Analyst,,SKU-9915,,,,,,,SKU-7630,morgan.calder@sampleco.test,,,,Active,,,100113,100251,100679,,,,,100070,,,Alpha,100376,,,,100197,100498,,morgan.vance@demomail.test,marco.reyes@acme-fake.test,Quarterly Newsletter,100066,,,100333,,,,,,,101843,,,,Y,Y
100331,Contact,104784,taylor.nguyen@demomail.test,Rowan Reyes,2024-03-08 05:50:00,diego.sloan@examplecorp.test,Liam Garcia,2023-08-06 04:40:00,arjun.whitfield@acme-fake.test,Quinn Ashby,2025-02-05 10:22:00,drew.blake@demomail.test,Jordan Haddad,2024-08-02 01:04:00,Y,Quinn Ford,Nina Kim,Nina Blake,REF-2297,Executive Assistant,,,,,,,,,REF-2771,nina.blake@demomail.test,,,,Active,100672,,100234,100652,,,,,,,,100151,Other,100429,,,,100632,100353,,noah.ford@demomail.test,aisha.brooks@acme-fake.test,Product Update,100371,,Alpha,100151,,,,,,,,,,,N,
100012,Contact,104786,alex.costa@acme-fake.test,Rahul Calder,2025-04-05 11:41:00,jordan.okafor@demomail.test,Aisha Kim,2024-01-19 00:24:00,emerson.mercer@examplecorp.test,Taylor Brooks,2023-10-31 09:39:00,riley.larsson@examplecorp.test,Jamie Patel,2022-10-11 06:24:00,Y,Marco Silva,Drew Silva,Priya Rossi,LOT-2984,Recruiter,,,,,,,,,REF-5471,priya.rossi@examplecorp.test,,,,Active,,,100310,100235,100073,,,,,100646,,,Other,100376,,,Delta,100352,,,yara.mercer@acme-fake.test,sofia.larsson@acme-fake.test,Re-engagement,100546,Meridian Analytics LLP,,100591,,,,,,,101803,,,,,
100506,Contact,104787,jamie.sloan@sampleco.test,Avery Mercer,2023-04-13 02:47:00,jordan.silva@acme-fake.test,Omar Larsson,2025-09-10 15:24:00,fatima.garcia@sampleco.test,Riley Silva,2025-01-09 23:22:00,skyler.mercer@examplecorp.test,Sofia Nguyen,2024-11-22 09:26:00,Y,Avery Kim,Avery Silva,Morgan Haddad,TAG-8660,Operations Associate,,,,,,,,,REF-9410,morgan.haddad@sampleco.test,,,,Active,100771,100517,100245,,,,,,,,,,Alpha,100565,,,,100627,100631,,priya.ford@sampleco.test,chen.garcia@examplecorp.test,Quarterly Newsletter,100184,Cobalt Foods,,,,,,,,,101821,,,,,N
100520,Contact,104789,priya.rossi@sampleco.test,Drew Dorsey,2023-12-02 19:54:00,jamie.cohen@acme-fake.test,Skyler Larsson,2024-03-01 05:45:00,rahul.brooks@examplecorp.test,Taylor Sloan,2023-09-29 21:59:00,diego.ivanov@acme-fake.test,Nina Sato,2023-09-01 21:49:00,N,Alex Costa,Rowan Dorsey,Noah Ivanov,SKU-6764,Financial Analyst,,,,,,,,,SKU-3702,noah.ivanov@sampleco.test,,,,Inactive,,,100613,,100615,,,,,100792,,100051,Beta,100343,,N,,,,,casey.sloan@acme-fake.test,reese.vance@demomail.test,Quarterly Newsletter,100151,,,,,,,,,,,,,,,
100799,Contact,104791,emerson.ashby@demomail.test,Riley Patel,2023-01-25 11:55:00,reese.patel@examplecorp.test,Fatima Ivanov,2026-03-06 18:19:00,noah.brooks@demomail.test,Jordan Nguyen,2024-07-13 14:20:00,avery.kim@demomail.test,Omar Kim,2025-06-20 18:22:00,Y,Drew Reyes,Mei Larsson,Taylor Okafor,LOT-5147,Recruiter,,,,,,,,,LOT-3325,taylor.okafor@sampleco.test,,,,Active,,100440,100447,,100111,,,,,100288,,100620,Standard,100699,,,Gamma,100298,,,rowan.mercer@acme-fake.test,liam.patel@sampleco.test,Product Update,100220,,Standard,100229,,,,,,,101843,,,,Y,N
100555,Contact,104792,skyler.calder@sampleco.test,Taylor Whitfield,2023-03-09 10:45:00,quinn.nguyen@acme-fake.test,Reese Brooks,2022-12-04 07:01:00,arjun.whitfield@examplecorp.test,Marco Calder,2023-04-24 04:54:00,chen.ivanov@demomail.test,Skyler Silva,2022-10-21 00:39:00,Y,Sofia Kim,Jamie Sloan,Diego Brooks,LOT-8641,Customer Success Manager,,,,Gamma,,,,,REF-1029,diego.brooks@acme-fake.test,,,,Active,100158,,100295,100699,100277,TAG-9155,,,,100593,,,Other,100559,,,Delta,100277,100624,,noah.ashby@demomail.test,casey.brooks@sampleco.test,Product Update,100089,,Alpha,,,,,,,,,,,,,
100552,Contact,104794,mei.ashby@demomail.test,Alex Rossi,2022-10-18 22:10:00,skyler.ford@demomail.test,Jamie Reyes,2023-03-21 18:46:00,chen.ivanov@acme-fake.test,Noah Calder,2026-05-04 17:00:00,yara.ashby@acme-fake.test,Elena Larsson,2026-05-05 03:13:00,Y,Arjun Garcia,Nina Sato,Arjun Brooks,LOT-3322,Payroll Specialist,,,,,,,,,REF-6747,arjun.brooks@demomail.test,,,,Active,100037,,100469,,,,,,,100156,,,Delta,100356,,,Beta,100139,,,omar.ashby@acme-fake.test,jamie.ivanov@demomail.test,Re-engagement,100056,Blue Ridge Textiles Group,,100500,,,,,,,101783,,,,Y,Y
100220,Contact,104795,skyler.mensah@acme-fake.test,Mei Costa,2025-03-02 18:14:00,fatima.costa@sampleco.test,Quinn Whitfield,2024-09-08 17:31:00,quinn.ford@acme-fake.test,Chen Okafor,2025-05-26 12:20:00,morgan.vance@sampleco.test,Elena Calder,2025-07-26 14:39:00,Y,Jamie Mensah,Sofia Mensah,Marco Larsson,SKU-2003,Bookkeeper,,,,,,,,,SKU-6112,marco.larsson@sampleco.test,,,,Active,100532,100009,100192,100376,,,,,,100275,,,Alpha,100200,,Y,,100443,100604,,rowan.mercer@examplecorp.test,sofia.sloan@examplecorp.test,Quarterly Newsletter,100741,,Standard,100213,,,,,,,101873,Y,,,,
100069,Contact,104796,rowan.blake@sampleco.test,Fatima Dorsey,2024-06-30 17:57:00,quinn.reyes@acme-fake.test,Chen Sato,2023-08-21 07:13:00,taylor.rossi@demomail.test,Yara Ashby,2025-09-19 07:23:00,drew.mensah@sampleco.test,Fatima Dorsey,2024-04-16 11:31:00,N,Casey Costa,Avery Mercer,Rahul Kim,LOT-1700,Marketing Coordinator,,,,,,,,,TAG-4394,rahul.kim@sampleco.test,,,,Inactive,100468,,100395,100156,100670,,,,,100132,,100012,Other,100429,,,Delta,100799,100176,,diego.larsson@demomail.test,priya.costa@examplecorp.test,Product Update,100615,,,100197,,,,,,,101867,,,,N,
100086,Contact,104797,rowan.vance@examplecorp.test,Noah Whitfield,2023-10-16 08:42:00,skyler.ford@acme-fake.test,Yara Silva,2026-02-13 02:48:00,skyler.silva@sampleco.test,Riley Ashby,2025-02-26 19:57:00,noah.whitfield@demomail.test,Diego Patel,2024-02-12 17:23:00,Y,Taylor Okafor,Chen Sato,Arjun Silva,LOT-8653,Bookkeeper,,,,Other,,,,,LOT-6692,arjun.silva@sampleco.test,,,,Active,100182,100374,100760,,,,,,,,,100377,Beta,100080,,,Alpha,100176,100418,,quinn.haddad@sampleco.test,sofia.rossi@sampleco.test,Product Update,100203,Granite Partners LLP,,100107,,,,,,,,,,,N,
100015,Contact,104799,rahul.ivanov@sampleco.test,Marco Reyes,2022-12-31 18:51:00,mei.whitfield@demomail.test,Skyler Rossi,2024-01-08 18:36:00,mei.costa@examplecorp.test,Emerson Okafor,2025-11-10 14:57:00,reese.vance@demomail.test,Arjun Dorsey,2022-12-27 10:45:00,Y,Quinn Nguyen,Emerson Vance,Diego Vance,LOT-5734,Payroll Specialist,,,Delta,,,,,SKU-7040,LOT-1423,diego.vance@sampleco.test,,,,Active,,100042,100563,,100620,,,,,100322,,,Alpha,100172,,,Beta,,100255,,morgan.mensah@examplecorp.test,drew.whitfield@acme-fake.test,Renewal Nudge,100113,Meridian Labs,,100474,,,,,,,,,,,Y,
100591,Contact,104800,quinn.nguyen@acme-fake.test,Avery Whitfield,2023-01-06 11:21:00,alex.silva@demomail.test,Jamie Dorsey,2025-03-25 11:37:00,diego.silva@sampleco.test,Aisha Larsson,2024-12-13 10:37:00,aisha.silva@demomail.test,Rahul Reyes,2023-04-23 19:15:00,N,Aisha Mercer,Elena Garcia,Fatima Brooks,SKU-1484,Financial Analyst,,,,,,,7302,,TAG-7536,fatima.brooks@examplecorp.test,,,,Inactive,100729,100780,100782,,100511,,,,,100587,,100722,Standard,100360,,,Alpha,100684,100803,,drew.dorsey@examplecorp.test,diego.silva@examplecorp.test,Renewal Nudge,100588,Ironwood Energy LLP,,100408,,,,,,,101805,,,,,N
100568,Contact,104802,omar.okafor@demomail.test,Morgan Sato,2023-07-31 03:37:00,rahul.sato@acme-fake.test,Alex Nguyen,2024-07-03 10:59:00,quinn.reyes@demomail.test,Elena Blake,2023-08-08 19:25:00,morgan.ashby@acme-fake.test,Taylor Sloan,2024-05-21 07:27:00,Y,Priya Haddad,Riley Costa,Rowan Whitfield,,Project Manager,,,,,,,,,TAG-1377,rowan.whitfield@acme-fake.test,,,,Active,,100086,100656,,100352,LOT-8157,,,,,,,Other,100323,,Y,Other,100334,100459,,casey.sato@acme-fake.test,avery.mercer@examplecorp.test,Product Update,100415,Meridian Retail Ltd,,100083,,,,,,,101786,,,,N,
100128,Contact,104803,chen.dorsey@acme-fake.test,Yara Ashby,2023-01-07 07:21:00,aisha.ford@acme-fake.test,Skyler Nguyen,2025-10-28 07:45:00,fatima.mercer@demomail.test,Alex Dorsey,2026-06-09 04:06:00,rowan.okafor@demomail.test,Priya Silva,2023-11-18 21:32:00,Y,Drew Patel,Aisha Rossi,Drew Mercer,TAG-8979,Customer Success Manager,,,,,,,,LOT-9059,SKU-3715,drew.mercer@demomail.test,,,,Active,,,100598,,,,,,,100281,,,Gamma,100610,,,,,100339,,omar.okafor@sampleco.test,avery.dorsey@demomail.test,Re-engagement,100573,Meridian Dynamics Corp,Gamma,100673,,,4,,,,101818,N,,,,
100601,Contact,104806,drew.whitfield@acme-fake.test,Nina Mercer,2024-07-07 10:48:00,fatima.rossi@sampleco.test,Priya Vance,2023-05-17 02:35:00,liam.haddad@sampleco.test,Aisha Haddad,2023-04-03 19:23:00,rahul.brooks@sampleco.test,Arjun Haddad,2022-11-07 19:16:00,Y,Quinn Reyes,Jamie Okafor,Marco Rossi,SKU-9686,HR Generalist,,,,,,,,LOT-2477,LOT-8563,marco.rossi@acme-fake.test,,,,Active,100079,100343,100146,,100103,,,,,100477,,100408,Delta,100234,,,Gamma,100532,,,elena.okafor@demomail.test,elena.sloan@demomail.test,Re-engagement,100056,,,100523,,,,,,,,,,,Y,
100049,Contact,104809,avery.silva@acme-fake.test,Arjun Rossi,2026-03-01 20:31:00,casey.haddad@sampleco.test,Marco Vance,2023-10-29 19:52:00,morgan.silva@examplecorp.test,Quinn Haddad,2023-12-31 10:43:00,yara.mensah@examplecorp.test,Diego Brooks,2026-05-29 16:06:00,Y,Quinn Mensah,Jamie Nguyen,Morgan Nguyen,TAG-1800,Project Manager,,,,,,,,,LOT-2777,morgan.nguyen@acme-fake.test,,,,Active,100329,,100579,,100758,,,,,100497,,,Beta,100535,,,,100511,100758,,taylor.dorsey@demomail.test,morgan.mercer@sampleco.test,Quarterly Newsletter,100705,,Other,100604,,,,8,,,,Y,,,N,
100277,Contact,104812,chen.haddad@examplecorp.test,Avery Sloan,2026-01-13 07:12:00,sofia.kim@acme-fake.test,Sofia Ashby,2025-03-02 06:39:00,elena.larsson@sampleco.test,Mei Kim,2025-11-21 15:20:00,omar.okafor@sampleco.test,Taylor Calder,2026-03-10 16:19:00,N,Marco Dorsey,Casey Blake,Morgan Patel,REF-1275,Payroll Specialist,,SKU-5843,,Alpha,,,178,TAG-5695,SKU-1423,morgan.patel@examplecorp.test,,,,Inactive,,100551,100415,100236,100777,REF-7964,,,,100182,,,Standard,100568,,,Beta,100573,100746,,chen.calder@examplecorp.test,rowan.sloan@examplecorp.test,Event Invite,100770,Vertex Financial,Standard,,,,,,,,101788,,,,Y,
100115,Contact,104815,rahul.sloan@examplecorp.test,Aisha Haddad,2024-04-24 05:40:00,diego.cohen@sampleco.test,Omar Calder,2026-06-01 01:29:00,jordan.silva@sampleco.test,Liam Ivanov,2024-02-22 16:32:00,elena.silva@examplecorp.test,Drew Sato,2023-06-11 01:51:00,Y,Noah Sloan,Skyler Sloan,Taylor Sato,TAG-5755,Project Manager,,,,,,,,,SKU-1929,taylor.sato@demomail.test,,,,Active,100670,100106,100617,100555,100558,,,,,100126,,100277,Other,100559,,,Other,100551,100543,,liam.sloan@sampleco.test,emerson.reyes@acme-fake.test,Event Invite,100587,Horizon Analytics Corp,Delta,100029,,,,,,,101821,,,,N,
100070,Contact,104818,casey.mensah@sampleco.test,Skyler Patel,2026-06-27 22:48:00,reese.cohen@sampleco.test,Avery Nguyen,2026-02-13 13:30:00,arjun.vance@examplecorp.test,Quinn Dorsey,2024-09-04 05:20:00,emerson.silva@examplecorp.test,Nina Okafor,2026-01-01 00:55:00,N,Reese Brooks,Avery Mercer,Skyler Okafor,SKU-6853,Customer Success Manager,,LOT-3239,,,,,,,TAG-6901,skyler.okafor@examplecorp.test,,,,Inactive,,100517,100073,100492,100517,TAG-3844,,,,,,,Gamma,100620,,,Standard,100391,100063,,yara.garcia@sampleco.test,casey.whitfield@examplecorp.test,Quarterly Newsletter,100709,Summit Systems Group,Beta,100025,,,,,,,101830,,,,N,
100005,Contact,104819,chen.larsson@acme-fake.test,Emerson Whitfield,2024-07-23 07:28:00,avery.calder@acme-fake.test,Skyler Vance,2023-06-15 17:38:00,mei.brooks@acme-fake.test,Rahul Larsson,2026-03-13 02:51:00,reese.kim@sampleco.test,Reese Vance,2026-07-16 19:58:00,Y,Fatima Patel,Nina Vance,Skyler Rossi,SKU-7004,QA Engineer,,,,,,,,,LOT-7424,skyler.rossi@acme-fake.test,,,,Active,100408,,100593,,100380,,,,,100645,,100016,Delta,100386,,Y,,,100763,,quinn.silva@demomail.test,yara.garcia@examplecorp.test,Product Update,100587,Horizon Systems Inc,Other,,,,,,,,101822,,,,,
100704,Contact,104820,jamie.sloan@examplecorp.test,Rowan Calder,2023-01-26 20:11:00,skyler.nguyen@acme-fake.test,Marco Vance,2023-11-28 00:42:00,sofia.mensah@acme-fake.test,Casey Dorsey,2024-06-02 19:24:00,drew.cohen@examplecorp.test,Marco Kim,2025-06-16 00:56:00,Y,Priya Ford,Diego Larsson,Priya Rossi,SKU-6521,Bookkeeper,,,,,,,,LOT-6987,LOT-2669,priya.rossi@examplecorp.test,,,,Active,100457,,100601,,100229,,,,,100511,,100139,Alpha,100627,,N,,100449,100574,,nina.mensah@acme-fake.test,riley.ivanov@acme-fake.test,Re-engagement,100705,Redwood Textiles,Other,100613,,,,10,,,101869,,,,Y,
100298,Contact,104821,emerson.blake@demomail.test,Rahul Garcia,2025-01-08 21:01:00,omar.garcia@acme-fake.test,Drew Rossi,2024-09-05 08:50:00,sofia.kim@demomail.test,Jordan Garcia,2024-06-29 15:40:00,aisha.reyes@examplecorp.test,Skyler Okafor,2025-02-16 11:23:00,Y,Mei Costa,Aisha Mensah,Taylor Cohen,SKU-4708,Software Developer,,,,,,,,SKU-8388,SKU-9902,taylor.cohen@acme-fake.test,,,,Active,100343,,100014,100551,,,,,,100310,,100667,Other,100343,,,Other,100281,100094,,sofia.sato@demomail.test,priya.nguyen@acme-fake.test,Quarterly Newsletter,100749,Falcon Foods Co,Alpha,100744,,,,,,,101800,Y,,,,
100208,Contact,104822,skyler.sato@examplecorp.test,Yara Sato,2023-10-14 11:40:00,rahul.cohen@sampleco.test,Morgan Dorsey,2024-07-06 22:19:00,drew.nguyen@examplecorp.test,Omar Ford,2022-11-24 23:17:00,omar.silva@examplecorp.test,Priya Blake,2024-08-01 09:38:00,N,Fatima Sato,Reese Mercer,Diego Kim,SKU-8784,Support Specialist,,,,,,,,,REF-3681,diego.kim@sampleco.test,,,,Inactive,,,100522,,100251,TAG-3840,,,,100107,,100060,Other,100302,,,Standard,100565,,,casey.ford@demomail.test,jordan.cohen@acme-fake.test,Quarterly Newsletter,100559,,Standard,,,,,,,,101834,,,,N,
100331,Contact,104825,fatima.sloan@acme-fake.test,Diego Dorsey,2023-04-05 10:32:00,diego.patel@acme-fake.test,Riley Haddad,2025-04-02 08:34:00,priya.calder@demomail.test,Rahul Ashby,2023-03-10 17:20:00,riley.kim@acme-fake.test,Arjun Brooks,2026-02-08 21:56:00,Y,Casey Garcia,Priya Nguyen,Taylor Haddad,REF-2146,Recruiter,,,,,,,,,REF-3348,taylor.haddad@examplecorp.test,,,,Active,,,100596,100617,100172,,,,,100613,,100620,Other,100190,,,Alpha,100749,,,yara.ivanov@sampleco.test,chen.calder@examplecorp.test,Renewal Nudge,100420,,,100777,,,,,,,101822,,,,N,
100139,Contact,104827,omar.mercer@demomail.test,Morgan Blake,2023-04-02 01:18:00,emerson.kim@examplecorp.test,Aisha Nguyen,2023-09-11 04:09:00,marco.ashby@demomail.test,Riley Dorsey,2024-12-31 08:52:00,mei.rossi@sampleco.test,Morgan Patel,2026-05-08 17:58:00,Y,Jordan Larsson,Skyler Dorsey,Emerson Rossi,REF-1872,Project Manager,,,Standard,,,,,,SKU-5974,emerson.rossi@examplecorp.test,,,,Active,,,100744,100440,100012,,,,,,,100421,Delta,100767,,,Standard,,100490,,aisha.nguyen@demomail.test,drew.okafor@examplecorp.test,Product Update,100343,,Beta,100314,,,,,,,,,,,,
100452,Contact,104828,chen.ivanov@demomail.test,Mei Dorsey,2024-09-11 09:36:00,rahul.ivanov@examplecorp.test,Drew Mercer,2024-11-06 12:58:00,elena.ashby@examplecorp.test,Taylor Cohen,2026-06-09 14:03:00,taylor.okafor@demomail.test,Omar Blake,2024-06-21 13:54:00,Y,Emerson Cohen,Fatima Sloan,Quinn Ashby,,Accountant,,,,,,,,TAG-1290,SKU-2378,quinn.ashby@demomail.test,,,,Active,,,100388,100496,,REF-8663,,,,100454,,,Gamma,100506,,,,100421,,,rahul.mensah@examplecorp.test,sofia.dorsey@examplecorp.test,Re-engagement,100342,Falcon Networks,,100136,,,,,,,101800,,,,Y,
100340,Contact,104829,noah.costa@acme-fake.test,Skyler Kim,2024-11-24 22:27:00,alex.whitfield@sampleco.test,Marco Larsson,2023-02-16 10:32:00,liam.mercer@acme-fake.test,Arjun Sato,2025-05-29 18:37:00,emerson.blake@demomail.test,Quinn Ivanov,2026-02-18 17:03:00,N,Omar Dorsey,Drew Calder,Marco Vance,REF-1447,Software Developer,,,,,,,,,SKU-7195,marco.vance@sampleco.test,,,,Inactive,,100143,100217,100123,,,,,,,,100731,Gamma,100500,,,,100717,100793,,taylor.blake@acme-fake.test,noah.costa@sampleco.test,Renewal Nudge,100803,Keystone Energy LLC,,,,,,9,,,101867,,,,,
100400,Contact,104831,elena.haddad@examplecorp.test,Sofia Sloan,2023-07-11 17:27:00,casey.kim@examplecorp.test,Rahul Sloan,2025-10-02 16:24:00,casey.costa@acme-fake.test,Yara Brooks,2026-06-07 09:55:00,reese.ivanov@sampleco.test,Jamie Okafor,2026-06-29 14:29:00,Y,Riley Ford,Noah Nguyen,Mei Patel,SKU-4501,Data Analyst,,,,,,,,,REF-1628,mei.patel@sampleco.test,,,,Active,100692,100582,100588,100186,,,,,,100117,,,Standard,100322,,,Gamma,100286,100688,,elena.nguyen@acme-fake.test,riley.ford@sampleco.test,Renewal Nudge,100254,,Other,100760,,,,,,,,,,,N,
100227,Contact,104834,rowan.nguyen@examplecorp.test,Skyler Reyes,2025-01-25 07:08:00,rowan.rossi@sampleco.test,Arjun Blake,2023-12-15 20:35:00,nina.haddad@demomail.test,Skyler Haddad,2025-03-15 12:56:00,reese.sato@acme-fake.test,Casey Haddad,2025-12-13 10:51:00,N,Aisha Kim,Riley Nguyen,Quinn Mercer,REF-1607,Marketing Coordinator,,,,,,,,,TAG-9893,quinn.mercer@examplecorp.test,,,,Inactive,100497,,100205,,100582,,,,,100443,,100008,Alpha,100615,,Y,Beta,100676,100702,,rowan.nguyen@demomail.test,priya.calder@acme-fake.test,Product Update,100672,,Standard,100726,,,,,,,,,,,N,
100298,Contact,104837,marco.whitfield@demomail.test,Jordan Dorsey,2023-07-05 14:08:00,rowan.nguyen@demomail.test,Reese Reyes,2026-01-14 19:05:00,jamie.calder@examplecorp.test,Drew Mensah,2026-01-07 06:53:00,quinn.garcia@sampleco.test,Mei Larsson,2025-07-21 16:19:00,Y,Riley Rossi,Rahul Kim,Aisha Haddad,LOT-1987,Project Manager,,,,Delta,,,,SKU-9194,REF-9661,aisha.haddad@demomail.test,,,,Active,100694,100692,100177,100302,,,,,,100298,,100005,Beta,100551,,,Standard,100309,100044,,fatima.vance@examplecorp.test,sofia.silva@examplecorp.test,Event Invite,100171,,Alpha,100526,,,,,,,,,,,N,
100470,Contact,104839,reese.ashby@demomail.test,Chen Cohen,2025-09-30 07:54:00,elena.nguyen@demomail.test,Noah Mercer,2022-11-20 04:49:00,nina.dorsey@acme-fake.test,Omar Garcia,2025-07-24 11:19:00,aisha.brooks@sampleco.test,Diego Sloan,2023-12-01 14:42:00,N,Emerson Ivanov,Diego Nguyen,Taylor Patel,LOT-8765,Project Manager,,,,,,,,REF-4282,LOT-5835,taylor.patel@demomail.test,,,,Inactive,,,100582,100014,,,,,,100282,,100217,Standard,100803,,,,100494,100389,,elena.sloan@acme-fake.test,jordan.sloan@examplecorp.test,Quarterly Newsletter,100241,,Standard,100340,,,,,,,101796,,,,N,
100403,Contact,104840,fatima.ford@demomail.test,Emerson Brooks,2023-12-10 10:44:00,riley.nguyen@examplecorp.test,Priya Nguyen,2023-11-03 23:26:00,alex.rossi@demomail.test,Mei Mensah,2026-01-03 23:36:00,yara.garcia@demomail.test,Jamie Nguyen,2023-03-10 00:17:00,Y,Aisha Blake,Omar Cohen,Rowan Calder,SKU-8781,Support Specialist,,,Beta,,,,,,REF-3287,rowan.calder@examplecorp.test,,,,Active,100313,100736,100688,100475,100615,,,,,100206,,,Other,100579,,N,Alpha,,100107,,omar.larsson@sampleco.test,noah.rossi@examplecorp.test,Event Invite,100709,,Beta,100527,,,,,,,101825,,,,,
100368,Contact,104841,reese.ivanov@acme-fake.test,Emerson Patel,2025-08-18 15:37:00,sofia.costa@acme-fake.test,Drew Calder,2025-05-29 18:13:00,alex.ford@examplecorp.test,Drew Silva,2025-12-29 17:53:00,drew.patel@sampleco.test,Elena Mensah,2026-05-12 14:40:00,Y,Rowan Ashby,Casey Ashby,Liam Okafor,TAG-1373,Bookkeeper,,,,,,,,,SKU-4017,liam.okafor@acme-fake.test,,,,Active,,,100308,,100685,,,,,100089,,100479,Alpha,100015,,,,,,,sofia.haddad@examplecorp.test,noah.brooks@acme-fake.test,Product Update,100555,,,100382,,,,,,,,,,,Y,
