1st Order Form Execution Date,1st Order Form Execution Date (Start Date),Abbreviated Name,Account Manager,Account Manager EMAIL Address,Account Manager Phone Number,Address Line 1,Address Line 1 (e.g. 123 ABC St.),Address Line 2,Address Line 2 (e.g. Apt 202),Billing Address 1,Billing Address 2,Billing City,Billing Contact,Billing Country,Billing Email,Billing First Name,Billing Last Name,Billing Notes,Billing Phone,Billing State,Billing Title,Billing Zip Code,City,Committment Amount,Company,Company Category,Company Description,Company Name,Company Name/DBA,Company Status,Cost Structure,Country,Customer End Category,Customer End Date,Customer Start Date,Description,Dynamic Template,EIN Number,First Order Form Execution Date (Start Date),First Placement Onboard Date,House Account,Industry,Investor,Investor Category,Investor Code,Investor Credit Amount,Investor Credit Remaining Amount,Investor Round,Investor Status,Investor Type,Late Fee Applies,Late Fee Rate (%),Lead Source,Legal Address 1,Legal Address 2,Legal Name,LinkedIn,Mailing Address 1,Mailing Address 2,NAICS Code,No Credit Investor,Non-Taxable,Payment Terms,Phone Manager,Phone Number,Phone Number (e.g. 123-456-7890 Ext 000),Preferred Payment Method,Public/Private,Referral Code,Referral Fee Amount,Referral Partner Category,Related Investor,Sales Representative,Special Contract Terms,State,Status,Stock Ticker,Sub-Industry,Support Email Address,Support Phone Number,Tax ID,Termination Notification Date,Termination Notification Date (End Date),Website,Zip Code,Entity_Type_ID,Entity_Type_Name,Entity_ID,Owned_by_SAM,Owned_by_Display_Name,Own_Datetime,Created_by_SAM,Created_by_Display_Name,Created_Datetime,Modified_by_Sam,Modified_by_Display_Name,Modified_Datetime,Assigned_to_Sam,Assigned_to_Display_Name,Assign_Datetime,Is_Active,CITY_EXD_OBJECT_ID,COMPANY_CATEGORY_EXD_OBJECT_ID,COUNTRY_EXD_OBJECT_ID,INDUSTRY_EXD_OBJECT_ID,STATE_EXD_OBJECT_ID,BILLING_CONTACT_EXD_OBJECT_ID,DYNAMIC_TEMPLATE_EXD_OBJECT_ID,COMPANY_EXD_OBJECT_ID,INVESTOR_CATEGORY_EXD_OBJECT_ID,INVESTOR_EXD_OBJECT_ID,INVESTOR_TYPE_EXD_OBJECT_ID,LEAD_SOURCE_EXD_OBJECT_ID,RELATED_INVESTOR_EXD_OBJECT_ID,SALES_REPRESENTATIVE_EXD_OBJECT_ID,SUB-INDUSTRY_EXD_OBJECT_ID,REFERRAL_CODE_EXD_OBJECT_ID,CUSTOMER_END_CATEGORY_EXD_OBJECT_ID,Own_Datetime Date,Own_Datetime Year,Own_Datetime Month,Own_Datetime Quarter,Own_Datetime YearMonth,Own_Datetime YearQuarter,Own_Datetime DateRange,Own_Datetime WeekNumber,Own_Datetime Week,Own_Datetime MonthSince,Own_Datetime WeekSince,Own_Datetime DaySince,Own_Datetime MonthsSinceCat,Modified_Datetime Date,Modified_Datetime Year,Modified_Datetime Month,Modified_Datetime Quarter,Modified_Datetime YearMonth,Modified_Datetime YearQuarter,Modified_Datetime DateRange,Modified_Datetime WeekNumber,Modified_Datetime Week,Modified_Datetime MonthSince,Modified_Datetime WeekSince,Modified_Datetime DaySince,Modified_Datetime MonthsSinceCat,Assign_Datetime Date,Assign_Datetime Year,Assign_Datetime Month,Assign_Datetime Quarter,Assign_Datetime YearMonth,Assign_Datetime YearQuarter,Assign_Datetime DateRange,Assign_Datetime WeekNumber,Assign_Datetime Week,Assign_Datetime MonthSince,Assign_Datetime WeekSince,Assign_Datetime DaySince,Assign_Datetime MonthsSinceCat,1ST_ORDER_FORM_EXECUTION_DATE Date,1ST_ORDER_FORM_EXECUTION_DATE Year,1ST_ORDER_FORM_EXECUTION_DATE Month,1ST_ORDER_FORM_EXECUTION_DATE Quarter,1ST_ORDER_FORM_EXECUTION_DATE YearMonth,1ST_ORDER_FORM_EXECUTION_DATE YearQuarter,1ST_ORDER_FORM_EXECUTION_DATE DateRange,1ST_ORDER_FORM_EXECUTION_DATE WeekNumber,1ST_ORDER_FORM_EXECUTION_DATE Week,1ST_ORDER_FORM_EXECUTION_DATE MonthSince,1ST_ORDER_FORM_EXECUTION_DATE WeekSince,1ST_ORDER_FORM_EXECUTION_DATE DaySince,1ST_ORDER_FORM_EXECUTION_DATE MonthsSinceCat,CUSTOMER_END_DATE Date,CUSTOMER_END_DATE Year,CUSTOMER_END_DATE Month,CUSTOMER_END_DATE Quarter,CUSTOMER_END_DATE YearMonth,CUSTOMER_END_DATE YearQuarter,CUSTOMER_END_DATE DateRange,CUSTOMER_END_DATE WeekNumber,CUSTOMER_END_DATE Week,CUSTOMER_END_DATE MonthSince,CUSTOMER_END_DATE WeekSince,CUSTOMER_END_DATE DaySince,CUSTOMER_END_DATE MonthsSinceCat,CUSTOMER_START_DATE Date,CUSTOMER_START_DATE Year,CUSTOMER_START_DATE Month,CUSTOMER_START_DATE Quarter,CUSTOMER_START_DATE YearMonth,CUSTOMER_START_DATE YearQuarter,CUSTOMER_START_DATE DateRange,CUSTOMER_START_DATE WeekNumber,CUSTOMER_START_DATE Week,CUSTOMER_START_DATE MonthSince,CUSTOMER_START_DATE WeekSince,CUSTOMER_START_DATE DaySince,CUSTOMER_START_DATE MonthsSinceCat,FIRST_PLACEMENT_ONBOARD_DATE Date,FIRST_PLACEMENT_ONBOARD_DATE Year,FIRST_PLACEMENT_ONBOARD_DATE Month,FIRST_PLACEMENT_ONBOARD_DATE Quarter,FIRST_PLACEMENT_ONBOARD_DATE YearMonth,FIRST_PLACEMENT_ONBOARD_DATE YearQuarter,FIRST_PLACEMENT_ONBOARD_DATE DateRange,FIRST_PLACEMENT_ONBOARD_DATE WeekNumber,FIRST_PLACEMENT_ONBOARD_DATE Week,FIRST_PLACEMENT_ONBOARD_DATE MonthSince,FIRST_PLACEMENT_ONBOARD_DATE WeekSince,FIRST_PLACEMENT_ONBOARD_DATE DaySince,FIRST_PLACEMENT_ONBOARD_DATE MonthsSinceCat,TERMINATION_NOTIFICATION_DATE Date,TERMINATION_NOTIFICATION_DATE Year,TERMINATION_NOTIFICATION_DATE Month,TERMINATION_NOTIFICATION_DATE Quarter,TERMINATION_NOTIFICATION_DATE YearMonth,TERMINATION_NOTIFICATION_DATE YearQuarter,TERMINATION_NOTIFICATION_DATE DateRange,TERMINATION_NOTIFICATION_DATE WeekNumber,TERMINATION_NOTIFICATION_DATE Week,TERMINATION_NOTIFICATION_DATE MonthSince,TERMINATION_NOTIFICATION_DATE WeekSince,TERMINATION_NOTIFICATION_DATE DaySince,TERMINATION_NOTIFICATION_DATE MonthsSinceCat,ENTITY_URL
REF-4027,,Chen Patel,Casey Blake,,,SKU-6925,REF-5349,,LOT-7905,,,,LOT-3565,,taylor.kim@demomail.test,,,,,SKU-3916,,,TAG-3768,,,Active Customer,Discussed timeline and next steps with the account.,Silverline Manufacturing Ltd,Cardinal Foods Ltd,Active,,Canada,,TAG-8019,,Reviewed performance and gathered feedback.,SMB,,,SKU-5015,Y,Financial Services,,,,,,,,,,,Inbound Call,LOT-8248,,Nina Whitfield,REF-9360,SKU-6462,LOT-8205,,,,Alpha,,SKU-4219,TAG-1085,,Standard,,,,,Avery Sloan,,Florida,Y,,SKU-6245,,,,,,REF-2426,2220,100001,Company,100003,rahul.okafor@examplecorp.test,Morgan Ford,2024-03-28 03:28:00,yara.sloan@sampleco.test,Casey Costa,2023-01-25 05:45:00,marco.ford@demomail.test,Marco Whitfield,2025-12-28 23:21:00,avery.cohen@examplecorp.test,,2026-06-09 10:49:00,N,100001,100001,100001,100001,100001,,100001,100001,,,,100001,100001,100001,100001,100001,100001,2026-06-26 20:49:00,7227,595,Beta,Gamma,Standard,TAG-2546,4038,9719,597,2367,354,Other,2024-09-14 11:50:00,1128,9999,Beta,Standard,Alpha,Standard,9208,1092,7176,3273,3069,Standard,2025-09-22 07:33:00,,,,,,,,,,2277,,,2025-01-31,,,,REF-4216,,,,,,,,,2024-12-06,,6998,,TAG-7241,,,,,,8419,,Other,2022-10-13,,,,REF-5844,,REF-1798,,,,,4501,,2023-10-20,,,,,Delta,,,2021,,,,,2025-05-16,,892,,,,,,,,,3601,,Resolved the outstanding question about scope.
,,Emerson Calder,Liam Ashby,,,SKU-4581,SKU-6334,TAG-9829,,,,,SKU-4205,,arjun.vance@sampleco.test,,Mei Calder,,,,,,LOT-4607,,,Active Customer,Noted a concern to revisit at the next sync.,Evergreen Manufacturing Inc,Horizon Manufacturing Inc,Inactive,Alpha,Philippines,,,,Followed up on the open items from last week.,SMB,,,,N,Professional Services,,,,,,,,,,,LinkedIn,,LOT-9864,Chen Kim,,TAG-2289,,9606,,,Delta,,LOT-2177,TAG-6033,,Alpha,,,,,Reese Silva,,New York,N,,LOT-3028,,,,,,REF-1770,3909,100001,Company,100005,casey.cohen@examplecorp.test,Rowan Rossi,2023-10-23 00:07:00,arjun.calder@demomail.test,Liam Nguyen,2025-01-23 16:49:00,drew.vance@acme-fake.test,Chen Ford,2026-02-12 21:57:00,drew.haddad@sampleco.test,,2026-04-08 17:49:00,Y,100001,100001,,100001,100001,100001,100001,100001,,100001,100001,100001,100001,100001,100001,100001,100001,2026-01-29 08:29:00,7038,7464,Beta,Other,Beta,SKU-5602,3988,4000,3274,237,9065,Gamma,2024-07-02 10:35:00,2216,5193,Gamma,Alpha,Standard,Alpha,7040,6064,2005,1379,454,Alpha,2024-03-05 00:05:00,,,,REF-6597,,LOT-1412,,,,,7035,Other,2025-04-13,,,,,,,613,8394,,,,,2025-12-19,,,,,,,,,,,,,2024-11-14,,,Gamma,,,,,,321,,9878,,2025-12-20,,,Delta,,,,,,,,,,2023-07-18,,4389,,TAG-7965,,,5120,,,,,,Discussed timeline and next steps with the account.
,LOT-5098,Diego Mercer,Arjun Rossi,,,SKU-9982,TAG-1020,LOT-5008,,SKU-7219,,SKU-5502,,,omar.calder@acme-fake.test,,,,,,Jordan Mercer,"70,287",,,,Active Customer,Scheduled a check-in for the coming month.,Lakeside Industries Inc,Atlas Group Co,Inactive,Beta,United Kingdom,,,,Shared the updated proposal for review.,Enterprise,,,,Y,Healthcare,,,,,,,,,,,LinkedIn,,,Arjun Mensah,SKU-7221,SKU-7035,SKU-6593,1222,,,Standard,,SKU-9660,REF-6663,,Standard,,,,,Jordan Haddad,,Arizona,N,,LOT-2672,,,,,LOT-4301,TAG-7392,,100001,Company,100008,aisha.silva@examplecorp.test,Jordan Cohen,2026-05-30 19:35:00,sofia.calder@acme-fake.test,Chen Dorsey,2023-03-24 03:13:00,taylor.ashby@demomail.test,Omar Mensah,2023-02-24 08:34:00,marco.vance@sampleco.test,Noah Ford,2025-03-07 08:59:00,Y,100001,100001,100001,100001,,100001,100001,100001,,100001,,100001,100001,100001,100001,,100001,2023-01-24 06:18:00,114,1388,Delta,Delta,Delta,SKU-3720,98,2494,3992,4076,8050,Delta,2023-04-26 11:10:00,2890,6036,Alpha,Standard,Beta,Beta,2463,4904,2679,299,1325,Delta,2025-01-11 00:34:00,,,,,,LOT-5255,,,,7593,,Other,2026-04-19,,,,,,,,3196,8940,,,,2022-11-12,,,,,,,,,4090,,,,2024-01-30,,,,,,,,,,,,,2023-09-23,,,,,,REF-3462,,,,,,,2026-04-23,,3384,,,,,3613,,,,,,Discussed timeline and next steps with the account.
,,Emerson Garcia,Chen Mercer,,,REF-6816,LOT-1447,LOT-8971,,,,,,,taylor.mensah@demomail.test,Diego Mensah,,,,,,"223,516",TAG-4417,,,Referral Partner,Discussed timeline and next steps with the account.,Falcon Systems Ltd,Copper Financial Ltd,Active,Delta,Australia,Alpha,REF-5768,,,Enterprise,,TAG-9776,,Y,Hospitality,LOT-2562,,,,,,,Delta,,,Website,TAG-7820,TAG-6870,Fatima Brooks,SKU-7115,LOT-2656,,,,,Standard,,REF-6716,LOT-8289,,,,,,,Avery Ford,,Arizona,Y,TAG-1547,LOT-8390,,,,,,TAG-8545,8967,100001,Company,100009,mei.ivanov@demomail.test,Riley Larsson,2024-06-25 14:48:00,noah.rossi@demomail.test,Diego Mercer,2026-04-18 20:20:00,marco.larsson@sampleco.test,Casey Sato,2026-02-24 13:34:00,arjun.kim@acme-fake.test,Diego Mensah,2023-09-21 21:52:00,Y,100001,100001,100001,100001,100001,,100001,100001,100001,,100001,100001,100001,100001,100001,,100001,2026-07-30 20:49:00,9474,4727,Other,Alpha,Alpha,LOT-4106,9235,9761,1067,8121,7939,Standard,2025-11-06 23:11:00,1675,2883,Alpha,Beta,Other,Beta,8689,8776,4310,3933,7874,Beta,2024-07-04 18:09:00,,,,,,,,,,,,,2025-03-23,,,,,,,8033,,,,,,2025-09-16,,,,,,,,,4029,,,,2025-06-25,,,,,,,,,,,2441,,2023-10-02,,935,,,Gamma,,,,,4470,,Alpha,2025-06-20,,,,,,,,,,,,,Shared the updated proposal for review.
,,Quinn Larsson,Elena Sato,,,SKU-6940,SKU-9787,,,,,SKU-4907,REF-6637,,marco.mensah@acme-fake.test,Casey Brooks,,,,,,"93,802",TAG-9519,"146,506",,Past Customer,Followed up on the open items from last week.,Vertex Solutions Inc,Falcon Retail Corp,Active,Other,Philippines,,,,Aligned on billing and renewal terms.,Standard,,,,N,Real Estate,,,,,,,Y,,,,Inbound Call,,,Jordan Sloan,SKU-2993,LOT-9373,,,,,Beta,,REF-4267,LOT-7717,,,,,,,Rahul Sloan,,Washington,N,,TAG-7746,,,,,LOT-3363,,,100001,Company,100010,emerson.costa@acme-fake.test,Taylor Ivanov,2023-09-02 20:56:00,rahul.nguyen@acme-fake.test,Marco Reyes,2023-05-21 10:10:00,skyler.patel@examplecorp.test,Fatima Sato,2022-11-23 00:42:00,rowan.cohen@demomail.test,,2026-06-21 16:39:00,Y,,100001,100001,100001,100001,,100001,100001,100001,100001,100001,100001,,100001,100001,,100001,2022-11-22 23:04:00,594,7180,Alpha,Gamma,Gamma,REF-7305,4391,8480,752,9767,797,Standard,2025-09-09 15:23:00,5310,3799,Beta,Other,Standard,Other,1247,645,9158,9128,3184,Standard,2023-01-22 05:47:00,6216,,Standard,LOT-7557,Standard,REF-1844,,,,,,,2023-05-24,632,,,,,,,,,,,,2026-04-18,,4236,Standard,,,,,,3883,,9870,Gamma,2023-12-06,,,,TAG-5144,,,,,2667,,,,2025-10-01,3958,,,,,,,,,,,,2026-03-08,,,Beta,,,,,,,,,,Aligned on billing and renewal terms.
,,Taylor Cohen,Morgan Mercer,,,REF-1117,REF-8756,,SKU-4281,,,SKU-8804,,Beta,jamie.calder@examplecorp.test,,,,,,,,,,,Past Customer,Shared the updated proposal for review.,Everest Financial Ltd,Redwood Robotics Inc,Active,Other,India,,,,Followed up on the open items from last week.,New Logo,,,REF-2259,Y,Hospitality,,,,,,Standard,,,,,Inbound Call,TAG-3336,TAG-8746,Marco Ivanov,REF-6198,SKU-4957,TAG-4535,9684,,,Gamma,,SKU-8080,SKU-4012,,Gamma,,,,,Fatima Silva,,Ohio,Y,,LOT-4267,,,,,LOT-9477,SKU-7688,1820,100001,Company,100012,sofia.costa@demomail.test,Drew Calder,2023-04-08 21:55:00,diego.rossi@sampleco.test,Omar Ashby,2026-06-24 12:39:00,casey.ivanov@sampleco.test,Arjun Kim,2023-11-07 17:39:00,emerson.dorsey@sampleco.test,,2023-04-25 16:15:00,N,100001,100001,100001,100001,,,100001,100001,,100001,100001,100001,100001,100001,100001,100001,100001,2023-06-06 13:25:00,2546,8468,Delta,Delta,Beta,SKU-7285,4088,2495,6985,4709,1105,Gamma,2023-02-10 21:50:00,9551,714,Gamma,Standard,Standard,Other,885,9609,2293,836,9123,Alpha,2024-01-20 11:13:00,,214,Standard,TAG-7649,,,,,,,,Other,2025-08-25,,,,,Delta,,,,,,,,2024-01-11,,,,,,,7444,,621,,,,2025-08-01,,,,,Alpha,SKU-1772,,,,,,,2026-05-18,,,,,,,,,4774,,,,2026-02-18,,,Standard,,,,,,,,,,Noted a concern to revisit at the next sync.
SKU-4955,,Rahul Ashby,Reese Ivanov,,,TAG-4472,REF-6038,TAG-8272,SKU-2452,,REF-8965,,,,mei.dorsey@acme-fake.test,,Jamie Nguyen,,,REF-4200,,,TAG-2442,,,Prospect,Followed up on the open items from last week.,Silverline Manufacturing Group,Atlas Logistics LLC,Active,Delta,United States,Other,,,Aligned on billing and renewal terms.,Enterprise,,,,Y,Hospitality,,,,"199,534",,,,,,,Referral,,,Avery Dorsey,REF-2309,SKU-3294,,,,,Beta,,REF-6943,SKU-6848,,Standard,,,,,Sofia Ivanov,,Texas,N,,LOT-2843,,,,LOT-5191,,LOT-5070,4351,100001,Company,100014,reese.blake@examplecorp.test,Drew Nguyen,2025-06-11 15:31:00,diego.nguyen@examplecorp.test,Quinn Patel,2024-01-19 06:08:00,jordan.costa@demomail.test,Mei Blake,2023-08-04 00:28:00,mei.haddad@acme-fake.test,,2024-08-08 02:50:00,N,100001,100001,100001,100001,100001,,100001,100001,100001,100001,,,,100001,100001,100001,100001,2024-05-26 10:21:00,4501,2391,Delta,Other,Beta,REF-6935,9179,4105,998,7013,8575,Other,2023-01-24 01:30:00,4834,2812,Beta,Standard,Gamma,Alpha,3955,4183,4082,3173,113,Other,2025-03-13 18:01:00,,1093,,,Delta,,,,,,,,2024-07-05,,,,,,,,,,,,Standard,2025-05-24,,,,,,,,4154,,,7459,,2022-10-21,,,,,,,,,,,,,2023-07-26,9200,,Delta,,,SKU-7655,,,,,,Other,2025-08-21,3250,,,,,,,,3623,,4779,,Scheduled a check-in for the coming month.
LOT-9532,,Nina Dorsey,Elena Ford,,,REF-9286,TAG-6721,,LOT-5419,,,,,,taylor.brooks@acme-fake.test,,,,,,Drew Garcia,"31,504",SKU-7113,,,Active Customer,Discussed timeline and next steps with the account.,Falcon Energy Corp,Falcon Financial Corp,Active,Gamma,United States,,,TAG-5887,,New Logo,,,,Y,Energy,,,,,,,,,,,Website,REF-1420,,Jamie Ford,LOT-1550,LOT-4063,SKU-6220,,,,,,TAG-9702,TAG-4644,,Other,,,,,Chen Nguyen,,Colorado,Y,,REF-2972,,,,,LOT-4723,TAG-3620,4065,100001,Company,100015,reese.patel@sampleco.test,Liam Haddad,2023-03-23 18:51:00,fatima.patel@sampleco.test,Yara Calder,2023-07-21 00:06:00,skyler.ford@sampleco.test,Elena Mercer,2024-12-14 20:36:00,diego.reyes@demomail.test,,2022-12-03 16:43:00,Y,100001,100001,100001,100001,100001,,100001,100001,100001,,100001,100001,100001,100001,100001,100001,100001,2022-10-22 14:26:00,680,5397,Beta,Standard,Standard,TAG-1321,6637,7292,5320,4418,4890,Alpha,2024-05-03 15:53:00,1668,9371,Gamma,Gamma,Beta,Standard,6109,7892,4252,4691,4127,Gamma,2025-09-21 14:42:00,,,,,,,,,,,7282,Alpha,2026-01-24,,,,,,,,,,6146,,,2022-11-20,,,,REF-5161,,,,,,,,,2025-07-09,,,,,,,,,,,,,2023-07-27,,,,,,,,8253,,,,,2026-02-10,8564,,,,,,,,,,,,Discussed timeline and next steps with the account.
,,Liam Sloan,Fatima Ivanov,,,REF-1415,TAG-3342,,SKU-4299,LOT-2716,,,,Gamma,fatima.reyes@acme-fake.test,,Fatima Vance,,,,,,LOT-9724,,,Active Customer,Aligned on billing and renewal terms.,Copper Logistics Ltd,Vertex Dynamics LLP,Inactive,Other,Mexico,Delta,,,Aligned on billing and renewal terms.,SMB,,,,N,Real Estate,,,,,,,,,,,Webinar,LOT-7188,SKU-8347,Rahul Cohen,REF-9000,TAG-5980,,5181,,,Standard,,,SKU-9433,,Standard,,,Alpha,Other,Mei Mercer,,Washington,N,,,,,,,,SKU-6868,,100001,Company,100016,aisha.ivanov@sampleco.test,Quinn Patel,2026-04-05 04:50:00,priya.whitfield@examplecorp.test,Fatima Mensah,2023-02-07 04:39:00,chen.haddad@demomail.test,Yara Brooks,2023-02-11 05:12:00,sofia.silva@demomail.test,,2025-03-30 04:06:00,N,100001,100001,100001,100001,100001,100001,100001,100001,100001,,100001,100001,,100001,100001,,100001,2025-12-19 11:57:00,6419,1620,Other,Gamma,Other,SKU-9184,1928,4518,6190,5923,1327,Gamma,2022-12-19 08:56:00,3954,994,Standard,Alpha,Alpha,Alpha,2810,762,2979,462,369,Standard,2025-06-16 12:47:00,1605,,Gamma,,,,,,568,,,,2026-05-04,,,,,,,,8272,,3507,,,2025-01-13,,1394,,,,,,,,,,,2025-05-16,,,,,,,,,,,,,2024-06-11,,,,,,LOT-3905,,,,,,,2025-10-07,,,,,,,,,,,,,Aligned on billing and renewal terms.
,,Mei Patel,Reese Dorsey,,,SKU-6386,SKU-8286,SKU-1150,LOT-8997,SKU-7867,,,,,jamie.silva@demomail.test,,,,,,,"15,034",,,,Active Customer,Aligned on billing and renewal terms.,Keystone Retail,Horizon Retail Inc,Active,Alpha,Mexico,,,,Noted a concern to revisit at the next sync.,Renewal,,LOT-2416,,N,Manufacturing,,,,,,,,,,,Inbound Call,,,Riley Silva,LOT-5259,SKU-3556,,,,,Other,,TAG-8036,REF-8848,,,,,,,Skyler Mensah,,Washington,N,,REF-9195,,,,,,SKU-3914,6906,100001,Company,100017,alex.nguyen@acme-fake.test,Aisha Larsson,2024-05-05 18:29:00,skyler.ashby@examplecorp.test,Priya Haddad,2026-02-12 02:47:00,noah.whitfield@examplecorp.test,Aisha Vance,2024-10-24 22:57:00,aisha.whitfield@acme-fake.test,,2025-12-31 01:09:00,Y,100001,100001,100001,100001,100001,100001,100001,100001,,100001,,100001,100001,100001,,100001,100001,2025-06-12 17:51:00,449,450,Alpha,Alpha,Gamma,SKU-1388,6012,7996,9897,5983,3719,Alpha,2024-05-16 13:17:00,8367,5757,Other,Other,Beta,Other,5875,1986,6462,6164,6221,Alpha,2023-07-06 21:37:00,,,,,,,,9617,9693,,,Other,2026-06-23,,,Gamma,,,REF-3698,,,,,,,2024-07-06,,,,,,,,,,,,,2022-12-16,,,,,,,,,9404,,792,,2023-02-22,,9125,,,,,,,,,,,2025-10-14,,,,,,,,,,,96,,Resolved the outstanding question about scope.
,,Jamie Ashby,Alex Cohen,,,REF-8146,LOT-4274,,,TAG-1323,,SKU-1953,,Standard,yara.whitfield@demomail.test,,Chen Dorsey,,REF-1737,SKU-6694,,,SKU-7682,,,Active Customer,Reviewed performance and gathered feedback.,Delta Partners LLP,Granite Labs Co,Active,Standard,Philippines,,,,Resolved the outstanding question about scope.,Standard,,,,,Agriculture,,,,"192,660",,,,,,,Webinar,SKU-7221,,Yara Vance,TAG-7090,LOT-5844,LOT-3829,,,,Delta,,TAG-6616,REF-4387,,Gamma,,,,,Alex Silva,,Georgia,N,,TAG-8896,,,,,,TAG-9646,8441,100001,Company,100020,riley.calder@demomail.test,Quinn Whitfield,2026-04-17 07:21:00,arjun.sato@acme-fake.test,Skyler Mensah,2026-05-27 14:36:00,quinn.rossi@acme-fake.test,Avery Vance,2023-10-19 14:29:00,chen.sato@sampleco.test,Drew Nguyen,2023-07-03 08:41:00,Y,100001,100001,100001,100001,100001,100001,100001,100001,100001,,,100001,,100001,100001,,100001,2024-11-07 16:41:00,144,8254,Other,Beta,Beta,TAG-8782,2776,2550,6663,5976,910,Standard,2026-02-15 07:14:00,2660,2922,Delta,Alpha,Delta,Delta,8206,1317,2826,7465,744,Other,2024-01-18 23:11:00,,,,,,LOT-4661,,,,,6514,,2024-11-18,8764,5639,,TAG-9604,,,,,,,,Standard,2025-04-22,,,,,,,,8580,,,,,2025-09-29,,,,SKU-2383,,,,,,,,,2024-06-10,1530,2068,,,,,1525,9286,,,,,2025-06-28,,,,,TAG-7564,,,,,,,,Shared the updated proposal for review.
,,Yara Ford,Jordan Garcia,,,SKU-5938,LOT-3264,REF-4242,REF-7791,,,SKU-1365,,,arjun.haddad@examplecorp.test,,Omar Kim,,,,,,REF-9569,,,Active Customer,Discussed timeline and next steps with the account.,Everest Manufacturing Inc,Beacon Group Co,Active,Gamma,United Kingdom,,,REF-1107,Shared the updated proposal for review.,SMB,,,,N,Construction,,,,"31,401",,,,,,,Website,SKU-5165,,Chen Calder,TAG-5863,SKU-8186,,5810,,,,,TAG-9186,LOT-2789,,Other,,,,,Taylor Calder,,Ohio,N,,LOT-3695,,,,,,REF-7544,9815,100001,Company,100023,aisha.dorsey@acme-fake.test,Sofia Calder,2025-03-24 01:43:00,rowan.mensah@sampleco.test,Sofia Blake,2026-06-10 04:16:00,fatima.patel@demomail.test,Yara Whitfield,2023-02-03 01:32:00,rahul.ford@acme-fake.test,,2025-02-03 05:36:00,Y,,100001,100001,100001,100001,,100001,100001,,100001,100001,100001,100001,100001,100001,100001,100001,2024-03-21 18:46:00,4707,2801,Alpha,Delta,Delta,SKU-5805,4893,4925,386,5794,2547,Beta,2023-10-29 15:07:00,9908,6252,Other,Other,Delta,Beta,3050,2458,8452,4350,8003,Beta,2026-01-24 17:40:00,,,,,,,746,,,,9754,,2024-05-09,3746,,,,,,,9295,9844,,,,2026-02-06,,,,,,,,,4498,,,Standard,2025-12-12,,140,,,,,,,,,,,2025-04-10,,,,SKU-8682,Standard,REF-1857,,27,,,,,2026-04-25,,8556,,,,,,,,,,Other,Followed up on the open items from last week.
SKU-8566,,Alex Sato,Quinn Ashby,,,,,,,,,REF-7201,,Standard,quinn.cohen@acme-fake.test,,,,,,,"37,670",LOT-3886,,,Active Customer,Noted a concern to revisit at the next sync.,Blue Ridge Energy Co,Northwind Systems Inc,Active,Delta,India,,,,Scheduled a check-in for the coming month.,Standard,,,,N,Energy,SKU-1501,,,,,,,,,,Webinar,,,Rowan Haddad,,LOT-6989,LOT-9597,7263,,,,,TAG-1016,LOT-6221,,,,,,,Nina Rossi,,Florida,N,SKU-4588,SKU-4265,,,,,,SKU-4728,6138,100001,Company,100025,drew.haddad@acme-fake.test,Morgan Whitfield,2022-11-20 14:55:00,priya.rossi@examplecorp.test,Diego Patel,2025-11-08 00:51:00,riley.whitfield@examplecorp.test,Alex Larsson,2025-08-13 09:06:00,marco.cohen@examplecorp.test,,2023-09-22 16:31:00,N,100001,100001,100001,100001,100001,,100001,100001,100001,,100001,100001,100001,100001,100001,100001,100001,2023-03-11 00:33:00,5228,3040,Standard,Standard,Beta,LOT-4287,4754,435,1940,1873,566,Alpha,2024-05-21 18:46:00,2579,9096,Beta,Beta,Beta,Alpha,2800,1869,311,1895,6981,Alpha,2025-04-06 02:58:00,,,,TAG-7618,Standard,,,,,,,Other,2025-01-23,,,,,,,,,,,,,2023-08-27,,,,TAG-6440,,,6853,,,,,,2024-07-07,,,,,,,,,,,,,2025-11-05,,,Gamma,,,LOT-4964,,,1942,,,Delta,2026-06-24,,,,,,,8335,,,2331,,,Aligned on billing and renewal terms.
,TAG-1449,Mei Brooks,Aisha Ashby,,,TAG-2223,LOT-1677,,SKU-6500,,,SKU-9774,,,mei.silva@sampleco.test,,Marco Haddad,,,,,,REF-1429,"27,017",Beta,Past Customer,Followed up on the open items from last week.,Brightpath Ventures Corp,Blue Ridge Partners Group,Inactive,Standard,Australia,Alpha,,,Aligned on billing and renewal terms.,Renewal,,TAG-2024,,Y,Telecommunications,SKU-5472,,,,,,,,,,Inbound Call,LOT-6642,REF-7406,Yara Blake,SKU-8224,SKU-2938,SKU-4139,2829,,,Standard,,,TAG-1957,,Beta,,,,,Avery Ashby,,Ohio,N,,SKU-9695,,,,,,TAG-5100,8251,100001,Company,100026,arjun.ford@sampleco.test,Sofia Calder,2025-07-07 23:44:00,elena.silva@sampleco.test,Chen Mercer,2024-02-24 11:18:00,nina.haddad@acme-fake.test,Casey Vance,2025-04-03 11:30:00,fatima.cohen@acme-fake.test,,2023-12-23 22:22:00,Y,100001,100001,100001,100001,,100001,100001,100001,,100001,,100001,100001,100001,100001,,100001,2026-03-17 18:03:00,312,8743,Gamma,Standard,Gamma,SKU-1286,7224,1340,1438,6724,820,Other,2026-01-23 17:00:00,2162,5444,Standard,Gamma,Alpha,Standard,2176,1404,540,778,8449,Standard,2023-12-21 17:10:00,,3049,Other,,Alpha,,,4395,,,7045,,2025-11-24,,,,,,,,,,,9271,,2024-01-12,,,,,,TAG-1615,,6767,,,,,2025-04-03,385,,,,,,6076,,,,,,2025-11-08,4897,,,SKU-5441,,,,,,,,,2024-02-03,,1334,,,,,,,,,,,Reviewed performance and gathered feedback.
LOT-1208,,Priya Nguyen,Jordan Ford,,,TAG-6920,LOT-1878,TAG-6698,,LOT-3826,,,,,diego.calder@demomail.test,,,,,,,,LOT-9998,,,Active Customer,Aligned on billing and renewal terms.,Meridian Financial Corp,Lakeside Financial LLP,Active,Delta,Mexico,,,TAG-3203,Scheduled a check-in for the coming month.,SMB,,,,N,Energy,,,,,,,,,,,LinkedIn,LOT-9581,,Rowan Costa,TAG-7866,TAG-7013,REF-9122,,,,Beta,,TAG-9669,SKU-2988,,,,,,,Arjun Okafor,,Ohio,N,,SKU-7981,,,,,,SKU-5256,4258,100001,Company,100029,rowan.blake@examplecorp.test,Liam Patel,2026-07-21 00:23:00,taylor.sato@sampleco.test,Jamie Ashby,2025-07-29 08:36:00,elena.mercer@acme-fake.test,Reese Calder,2022-12-06 16:14:00,jamie.garcia@acme-fake.test,Reese Ashby,2023-05-04 18:15:00,N,100001,100001,100001,100001,100001,,100001,100001,,100001,100001,100001,100001,100001,100001,100001,100001,2023-07-19 23:46:00,9687,6103,Delta,Gamma,Beta,LOT-9185,1298,7826,5227,4031,8261,Standard,2024-12-29 05:47:00,6787,8807,Beta,Delta,Alpha,Standard,1708,9821,88,5996,2885,Beta,2023-11-01 11:29:00,,,Standard,SKU-3204,,,619,,,628,,,2024-09-17,,628,,,,,,,6679,,,,2024-12-17,,,,,,,1941,,,,,,2026-03-13,,4278,,,,,,,,,,,2026-07-28,,4190,,,,,,,,,,,2025-08-15,,,Other,,,,,,,,,,Discussed timeline and next steps with the account.
,REF-4525,Jordan Nguyen,Riley Mercer,,,,REF-1860,SKU-1404,,SKU-9211,,,SKU-4895,,sofia.calder@examplecorp.test,,,,REF-3661,,,,REF-8619,,,Past Customer,Scheduled a check-in for the coming month.,Summit Solutions Group,Lakeside Dynamics,Active,Gamma,Australia,,,,Shared the updated proposal for review.,Enterprise,,,,,Education,,,,,,Beta,,,,,Referral,SKU-5969,TAG-6742,Yara Haddad,LOT-2535,REF-2485,REF-7416,112,,,,,TAG-9909,LOT-9183,,,,,,,Elena Sato,,Florida,N,,TAG-9455,,,,,SKU-8009,SKU-8360,,100001,Company,100030,elena.whitfield@acme-fake.test,Morgan Calder,2026-06-12 02:43:00,rowan.sloan@acme-fake.test,Avery Garcia,2023-05-04 04:13:00,reese.cohen@demomail.test,Omar Costa,2023-11-13 11:30:00,fatima.kim@examplecorp.test,,2026-02-26 19:14:00,N,100001,100001,100001,100001,100001,100001,100001,100001,100001,100001,100001,100001,100001,100001,100001,100001,100001,2023-02-13 22:10:00,4077,8468,Alpha,Gamma,Beta,TAG-2521,876,9752,8335,9972,2169,Delta,2025-01-25 20:13:00,1593,6687,Standard,Standard,Standard,Gamma,6633,6197,8876,8989,7055,Beta,2024-07-09 17:35:00,8386,,,,,,,,6719,,2975,,2025-05-06,,,,,,,,,,,,,2026-02-05,,,,TAG-7116,,,,,,,,,2026-06-22,,,,,,,,,,6621,,,2024-05-15,,,,,Standard,,,,,,,,2025-10-18,,,,,,,1795,3981,3822,,,,Noted a concern to revisit at the next sync.
,,Alex Brooks,Rowan Kim,,,TAG-5140,,,,SKU-7473,,,,,yara.haddad@acme-fake.test,,,,LOT-8270,LOT-8828,,,SKU-1465,,,Past Customer,Noted a concern to revisit at the next sync.,Pioneer Partners Ltd,Everest Textiles LLP,Active,Delta,Philippines,,,,Aligned on billing and renewal terms.,Renewal,,REF-2846,,,Technology,,,,,,,,,,,LinkedIn,REF-6465,SKU-5263,Avery Blake,SKU-9747,SKU-4224,,,,,Delta,,,SKU-4139,,Other,,,,,Aisha Rossi,,Ohio,Y,,REF-3155,,,,,,SKU-9612,5905,100001,Company,100031,priya.vance@sampleco.test,Priya Calder,2026-05-29 16:20:00,jamie.vance@demomail.test,Chen Vance,2026-07-16 07:37:00,chen.sloan@acme-fake.test,Alex Okafor,2024-03-11 17:06:00,arjun.dorsey@sampleco.test,,2024-05-22 08:54:00,N,,100001,100001,100001,100001,100001,100001,100001,,100001,100001,100001,100001,100001,100001,100001,100001,2023-02-09 00:56:00,4567,301,Delta,Gamma,Gamma,REF-2016,506,5315,892,2184,6446,Standard,2026-04-17 03:55:00,3525,7802,Standard,Gamma,Beta,Beta,8167,5403,8763,6547,5693,Beta,2024-03-04 21:28:00,,,,,Delta,LOT-1912,,,,,,,2025-10-10,,,,,Standard,,,,,,,,2025-07-10,,6690,,,,,,,,,,,2024-10-26,,,,,,,,,,1443,,,2025-07-12,,,,,,,,,,,,,2024-11-06,,,,,,,8103,,,7944,,,Reviewed performance and gathered feedback.
,,Reese Larsson,Quinn Garcia,,,LOT-4377,TAG-3000,,SKU-1978,,,SKU-5121,LOT-5706,Standard,casey.rossi@examplecorp.test,,,,,,,,LOT-8794,,Gamma,Past Customer,Aligned on billing and renewal terms.,Brightpath Holdings Inc,,Active,,Australia,Alpha,,,Reviewed performance and gathered feedback.,Standard,,,SKU-4867,N,Professional Services,,,,,,,,,,,Inbound Call,REF-8231,,Drew Kim,SKU-7980,,TAG-2728,,,,Delta,,REF-5525,LOT-5609,,Delta,,,,,Arjun Larsson,,Florida,N,,TAG-5446,,,,,,TAG-6928,,100001,Company,100034,riley.larsson@acme-fake.test,Liam Brooks,2024-10-16 14:52:00,yara.ivanov@demomail.test,Nina Calder,2025-03-22 16:41:00,drew.calder@demomail.test,Emerson Haddad,2023-11-03 03:10:00,omar.whitfield@examplecorp.test,Morgan Patel,2026-07-24 12:07:00,Y,,100001,100001,100001,,,100001,100001,,100001,,100001,,,,100001,100001,2024-12-26 19:00:00,5840,2283,Alpha,Gamma,Delta,SKU-3946,4684,2049,2216,2775,548,Standard,2025-08-20 21:16:00,2566,1045,Standard,Delta,Alpha,Beta,4912,9378,8892,9509,9171,Alpha,2025-11-11 16:00:00,9959,,,,,,,,,4799,,Other,2023-08-19,,,Beta,,Delta,SKU-8712,,,,,,,2025-04-27,,,,,,,,,2376,,,,2024-02-22,2193,,,,,,,,1020,,,,2023-06-17,,,,,,,,,2848,,,Beta,2023-10-21,9252,,,,,,,,9109,,,,Shared the updated proposal for review.
,,Riley Sloan,Casey Reyes,,,TAG-9532,LOT-4834,,,SKU-9202,,,,Gamma,casey.brooks@examplecorp.test,Aisha Ivanov,,,,SKU-1558,,,,,,Prospect,Followed up on the open items from last week.,Brightpath Partners Inc,Northwind Manufacturing Corp,Active,Beta,Philippines,,,,Scheduled a check-in for the coming month.,New Logo,,REF-6232,,N,Construction,,,,,,,,,,,Partner,SKU-6705,,Morgan Sloan,SKU-7954,LOT-3922,,,,,Other,,LOT-5999,TAG-7069,,Alpha,,,,,Alex Calder,,California,Y,,TAG-3854,,,,,,SKU-8480,2179,100001,Company,100037,drew.vance@acme-fake.test,Mei Calder,2024-04-10 10:00:00,chen.silva@demomail.test,Mei Blake,2023-05-20 11:15:00,alex.silva@acme-fake.test,Riley Mercer,2023-03-06 21:19:00,riley.kim@examplecorp.test,Alex Okafor,2023-07-20 19:29:00,N,100001,100001,100001,100001,100001,100001,100001,100001,,,100001,100001,100001,100001,100001,100001,100001,2026-03-10 01:10:00,4894,3742,Alpha,Gamma,Delta,TAG-9133,2811,2294,2403,9529,4458,Other,2025-12-18 08:46:00,474,5615,Other,Beta,Other,Standard,301,1970,1257,2903,7441,Gamma,2024-06-18 07:59:00,,,,,Other,,9542,923,7194,,772,,2024-05-20,,,Beta,,,,,,,,,,2025-04-02,,,,,,,,,,,,,2024-01-21,,,,,Alpha,REF-2044,,,,,,,2023-02-15,,4541,,,,TAG-1157,,,,,,,2023-04-18,,,,,,,,,,,,Standard,Discussed timeline and next steps with the account.
,,Casey Cohen,Nina Sato,,,,REF-7293,,LOT-1673,,,,REF-6935,Beta,marco.brooks@sampleco.test,,,,,,,,LOT-7803,,,Active Customer,Aligned on billing and renewal terms.,Lakeside Solutions Inc,Northwind Manufacturing Group,Active,Alpha,United Kingdom,,,,Scheduled a check-in for the coming month.,Enterprise,,,SKU-5838,Y,Logistics,,,,,,,,,,,Event,SKU-4646,TAG-8492,Chen Rossi,SKU-6723,LOT-9838,,,,,Alpha,,SKU-5967,REF-7684,,,,,,,Marco Calder,,Texas,Y,,TAG-7808,,,,,,REF-9282,9624,100001,Company,100040,morgan.haddad@acme-fake.test,Aisha Costa,2023-11-01 20:02:00,omar.larsson@acme-fake.test,Reese Sato,2025-02-01 20:22:00,emerson.sato@acme-fake.test,Quinn Dorsey,2022-11-26 13:15:00,aisha.blake@sampleco.test,,2023-02-10 06:46:00,N,100001,100001,100001,100001,100001,100001,100001,100001,100001,100001,,100001,100001,,100001,100001,100001,2025-11-19 08:19:00,3894,4791,Other,Delta,Standard,REF-1403,7032,2950,5671,402,6444,Standard,2022-11-12 00:14:00,687,927,Alpha,Beta,Gamma,Beta,9940,6108,5990,5813,4444,Other,2025-03-04 21:31:00,,,Gamma,,,,,,,,,Alpha,2025-07-10,4520,,,,,,,,,,,,2023-12-31,,8101,,,,,,,7665,5264,,,2022-12-02,,,,,Alpha,TAG-5609,,5063,,,,,2025-08-28,,,,,,,,,,,,,2025-09-03,,2153,,,,,,,,,,,Resolved the outstanding question about scope.
,,Skyler Kim,Jamie Rossi,,,LOT-6214,REF-7115,,REF-3496,,,,,Beta,casey.reyes@demomail.test,Rahul Garcia,,,,,Jordan Sloan,"227,046",TAG-5512,,,Past Customer,Resolved the outstanding question about scope.,Blue Ridge Financial,Everest Group Inc,Active,Beta,Philippines,,,,Scheduled a check-in for the coming month.,Standard,,,,Y,Technology,,,,,,,,Gamma,,,Website,REF-5639,TAG-3008,Nina Garcia,TAG-1036,,SKU-7170,6829,,,Delta,,TAG-2932,TAG-3119,,Alpha,,,,,Fatima Sloan,,Texas,N,,LOT-1960,,,,,,TAG-6187,1798,100001,Company,100041,reese.cohen@examplecorp.test,Rowan Silva,2025-09-12 14:55:00,fatima.sloan@demomail.test,Liam Blake,2026-04-10 23:05:00,liam.sloan@acme-fake.test,Avery Ivanov,2023-06-21 05:38:00,sofia.mercer@examplecorp.test,,2026-04-02 14:34:00,Y,100001,100001,100001,100001,100001,,100001,100001,100001,100001,100001,100001,100001,100001,100001,,100001,2024-10-30 22:19:00,9024,9234,Gamma,Alpha,Gamma,SKU-9043,1771,1009,8331,8674,3309,Other,2023-05-13 23:58:00,1193,728,Standard,Beta,Alpha,Beta,314,3931,3438,1399,8894,Beta,2026-02-26 14:26:00,3044,,,,,,8207,6652,,,,,2024-11-06,,,,SKU-9252,,TAG-3021,,,,,,,2023-11-20,,,,,REF-9344,,,,,,,Beta,2024-03-21,,,,,,REF-7289,,,4765,,,,2025-08-24,,8618,,TAG-8743,,,,,,,,,2024-12-03,,873,,,,LOT-6738,,,,,,,Resolved the outstanding question about scope.
,,Yara Haddad,Rahul Brooks,,,REF-4275,REF-2589,REF-3830,REF-1646,LOT-5624,,,TAG-5734,Gamma,morgan.calder@acme-fake.test,,,,,,,,SKU-3177,,,Past Customer,Followed up on the open items from last week.,Cobalt Dynamics Ltd,Cardinal Financial,Active,Delta,Philippines,Beta,REF-3096,,Resolved the outstanding question about scope.,Standard,,,,N,Media,,,,,,,,,,,Inbound Call,,LOT-7754,Omar Ivanov,,LOT-2598,TAG-5753,,,Y,Beta,,SKU-2016,REF-9647,,Delta,,,,,Liam Garcia,,New York,N,,,,,,,,SKU-6673,,100001,Company,100042,jamie.cohen@sampleco.test,Jordan Cohen,2024-11-25 00:26:00,reese.reyes@examplecorp.test,Rahul Kim,2025-09-28 16:19:00,reese.dorsey@demomail.test,Quinn Garcia,2024-11-15 11:29:00,alex.larsson@demomail.test,Chen Kim,2022-12-19 09:31:00,Y,100001,100001,100001,100001,,,100001,100001,100001,100001,,100001,100001,100001,100001,100001,100001,2023-08-15 04:03:00,8686,5164,Standard,Standard,Standard,REF-4693,8937,4731,8966,1705,1414,Other,2023-04-11 09:54:00,5988,2014,Gamma,Alpha,Gamma,Standard,4043,1225,1525,1033,786,Other,2025-02-03 17:33:00,,3630,,,Delta,,,6398,,,567,,2026-04-26,,1193,,,Other,REF-9218,,,,,4819,,2023-06-06,7727,,,,,,,,,,5442,,2023-09-14,9819,,,LOT-9088,,,,,,,,Gamma,2022-11-24,945,,,,,,,,,7946,,,2025-05-15,,,,,,LOT-5934,,,,,6766,,Shared the updated proposal for review.
,,Jordan Mensah,Elena Ashby,,,LOT-7929,SKU-3692,SKU-9302,TAG-1463,,,SKU-6191,,,morgan.ford@acme-fake.test,,,,,,,,LOT-7272,,Standard,Active Customer,Noted a concern to revisit at the next sync.,Beacon Industries Inc,Ironwood Retail Corp,Active,Delta,India,,,,Shared the updated proposal for review.,Standard,,,LOT-8169,N,Media,,,,,,,,,,,Event,SKU-2214,,Avery Mensah,LOT-8326,,LOT-8852,7880,,,Other,,SKU-2139,LOT-4813,,Delta,,,,,Alex Rossi,,Illinois,N,SKU-4392,TAG-4030,,,,,,TAG-4847,,100001,Company,100044,alex.costa@acme-fake.test,Quinn Calder,2023-02-22 22:46:00,avery.vance@demomail.test,Fatima Costa,2023-09-23 14:15:00,aisha.reyes@demomail.test,Aisha Sato,2026-07-28 19:25:00,rowan.ivanov@demomail.test,Noah Blake,2024-09-14 09:04:00,N,100001,100001,100001,100001,100001,100001,100001,100001,,,100001,100001,100001,100001,100001,100001,100001,2023-09-23 22:17:00,6939,6139,Other,Other,Gamma,SKU-9321,4124,6238,9718,2161,8715,Other,2024-09-13 09:13:00,1982,9383,Alpha,Other,Alpha,Delta,9624,8914,1662,5905,8930,Gamma,2025-06-07 15:13:00,24,,Other,,,,,,,,,,2025-10-26,,,,,,,7873,,,,,,2023-11-03,,,,,,,551,,,,,,2025-11-04,,3254,,,,,,,2237,,,,2023-06-29,,,Alpha,SKU-2644,Other,,,,,851,8879,,2025-11-29,,,,,SKU-4203,,,,,,,,Resolved the outstanding question about scope.
,,Aisha Okafor,Taylor Kim,,,REF-1973,LOT-5399,,LOT-5440,,,TAG-3450,,,riley.kim@sampleco.test,,Priya Mercer,,,,,,LOT-4931,,,Active Customer,Reviewed performance and gathered feedback.,Evergreen Media Ltd,Ironwood Networks Ltd,Active,Beta,Mexico,,,,Discussed timeline and next steps with the account.,Renewal,,,,Y,Agriculture,,,,,,,,,,,Website,SKU-4314,TAG-1235,Taylor Costa,SKU-5946,,REF-1514,,,,Standard,,TAG-9473,LOT-6113,,Gamma,,,,,Liam Silva,,New York,N,,TAG-9819,,,,,,SKU-9041,3989,100001,Company,100046,rowan.kim@demomail.test,Arjun Brooks,2022-12-02 23:25:00,rowan.mensah@demomail.test,Chen Haddad,2023-01-30 21:41:00,marco.cohen@examplecorp.test,Rahul Cohen,2024-05-11 01:17:00,mei.kim@sampleco.test,Rahul Vance,2023-02-14 17:54:00,N,100001,100001,100001,100001,100001,,100001,100001,,100001,,100001,,100001,100001,100001,100001,2023-06-02 18:59:00,6175,2250,Other,Beta,Alpha,SKU-5267,1642,1583,9366,860,8852,Gamma,2026-03-06 23:10:00,9750,6202,Beta,Delta,Delta,Beta,9611,9385,3039,1678,2497,Alpha,2025-05-09 05:36:00,1617,,,,,SKU-7434,,,,,2167,,2023-04-22,,,,,Standard,,,,,,,,2024-03-05,,,,,,,,,,,,,2024-05-31,92,,,,,,,,,,,,2024-04-11,,,,,,,,,,,,,2024-09-15,,,,,,,,,,5506,,,Followed up on the open items from last week.
,,Rahul Kim,Riley Cohen,,,,REF-3445,REF-9511,,,,,REF-3272,,nina.sloan@sampleco.test,,Chen Dorsey,,LOT-6936,,,,SKU-5461,,,Past Customer,Resolved the outstanding question about scope.,Ironwood Partners Corp,Brightpath Financial Group,Inactive,Alpha,Mexico,,,,Discussed timeline and next steps with the account.,New Logo,,,,Y,Construction,,Other,,,,,,,,,LinkedIn,TAG-1253,SKU-9278,Elena Brooks,TAG-7631,,SKU-6354,,,,Other,,,LOT-6755,,,,,,,Marco Larsson,Scheduled a check-in for the coming month.,Colorado,N,,SKU-6617,,,,,,REF-2605,562,100001,Company,100049,morgan.larsson@examplecorp.test,Liam Okafor,2025-09-05 22:19:00,rahul.costa@demomail.test,Avery Calder,2023-05-25 22:34:00,reese.kim@acme-fake.test,Rowan Larsson,2023-10-30 00:58:00,morgan.silva@sampleco.test,,2023-08-27 09:58:00,N,,100001,100001,100001,,,100001,100001,100001,100001,,100001,,100001,100001,,100001,2024-10-31 05:29:00,1523,7889,Beta,Gamma,Beta,REF-4522,2133,7452,2293,4357,4026,Alpha,2025-01-30 09:11:00,6934,5023,Beta,Delta,Standard,Delta,9001,1422,5015,1487,7271,Alpha,2023-10-15 07:00:00,,575,,,,,694,,,,,,2025-12-12,,,,,,,639,,,7912,,,2025-01-06,,,,,,,,,,3091,,Alpha,2023-11-21,,2877,,,,SKU-2497,,,,,,,2024-01-09,,,,,,,,,,,,,2024-09-05,,,,,,,,,36,,,,Reviewed performance and gathered feedback.
,,Diego Larsson,Fatima Larsson,,,LOT-8152,LOT-5292,LOT-3480,SKU-7061,,,REF-8422,REF-7433,,liam.mensah@acme-fake.test,,,,,,,"19,726",TAG-4165,,,Active Customer,Followed up on the open items from last week.,Ironwood Systems Ltd,Blue Ridge Analytics,Active,Delta,Mexico,,,,Discussed timeline and next steps with the account.,Enterprise,,,,N,Media,,,,,,,,,,,Event,,,Mei Silva,LOT-7685,,,3216,,,,,,,,Delta,,,,,Quinn Okafor,,Colorado,Y,,SKU-8223,,,,,,TAG-9933,2438,100001,Company,100051,riley.reyes@demomail.test,Arjun Garcia,2024-05-01 12:39:00,casey.okafor@demomail.test,Rahul Calder,2023-06-03 06:57:00,noah.patel@acme-fake.test,Liam Dorsey,2023-03-01 20:54:00,jamie.calder@acme-fake.test,,2023-09-22 00:34:00,Y,100001,100001,100001,100001,100001,100001,100001,100001,100001,100001,100001,100001,100001,100001,100001,,100001,2024-11-17 19:46:00,1406,9011,Delta,Other,Standard,SKU-9209,1269,3092,7647,2196,7760,Beta,2023-08-09 13:13:00,4009,9535,Gamma,Other,Beta,Other,9527,2829,7080,2946,58,Gamma,2024-11-09 22:34:00,,,,,Beta,,,,7038,,,,2023-04-08,,,,,Beta,,,,,,9322,Gamma,2025-01-08,,,,,,,,,6491,,,,2023-11-20,,,,,,,,905,,3127,,,2026-06-16,,,,,,,,,,,,,2024-03-22,,,,,,,,,,,,,Shared the updated proposal for review.
,,Elena Patel,Casey Blake,,,TAG-9575,LOT-8145,TAG-9331,REF-5090,SKU-7058,,REF-2546,,Standard,quinn.larsson@examplecorp.test,,,,REF-8937,,,"118,924",REF-2094,,,Active Customer,Shared the updated proposal for review.,Atlas Financial Corp,Everest Media Corp,Active,,Germany,,,,Aligned on billing and renewal terms.,New Logo,,,,N,Logistics,,,,,,,,,,,LinkedIn,,REF-4162,Mei Brooks,SKU-1103,LOT-5210,,,,,Alpha,,TAG-5218,REF-2128,,,Alpha,,,,Noah Okafor,,Illinois,Y,,SKU-7452,,,,,,LOT-6511,8984,100001,Company,100053,chen.ivanov@acme-fake.test,Nina Reyes,2023-03-16 00:22:00,taylor.nguyen@sampleco.test,Liam Cohen,2024-12-01 12:50:00,alex.whitfield@acme-fake.test,Mei Patel,2023-01-30 07:30:00,fatima.dorsey@demomail.test,Diego Patel,2024-12-16 06:54:00,N,100001,100001,,100001,100001,,100001,100001,,,100001,100001,,100001,100001,100001,100001,2026-01-12 22:46:00,9828,874,Standard,Other,Delta,LOT-7009,8458,3804,8572,8021,9730,Gamma,2024-01-02 00:13:00,9422,7073,Delta,Standard,Delta,Other,1561,5528,8187,4735,3544,Standard,2026-07-01 10:41:00,,,,,Other,,9695,,2650,7194,,Gamma,2026-04-04,,,Alpha,,,,,,,,,,2024-08-09,,,,,,,,,,,,,2025-01-16,,,,TAG-3904,,,,,,,,,2023-05-15,,,,,,,,,,,,,2026-04-24,,252,,,,,,,,,,,Noted a concern to revisit at the next sync.
,,Aisha Silva,Quinn Vance,,,SKU-8570,TAG-6714,,,,,SKU-5865,,Alpha,jamie.ashby@demomail.test,Mei Rossi,,,,,,,SKU-2720,,,Past Customer,Followed up on the open items from last week.,Vertex Financial Ltd,Harbor Group Ltd,Active,Alpha,United Kingdom,,,,Shared the updated proposal for review.,Renewal,,,,Y,Manufacturing,,,,,,,,,,,Inbound Call,,SKU-9298,Sofia Whitfield,SKU-3193,REF-7533,REF-5700,1324,,,Delta,,REF-1706,REF-2459,,,,,,,Skyler Ashby,,Texas,Y,,SKU-3023,,,,,,REF-2753,6485,100001,Company,100056,marco.okafor@demomail.test,Riley Mensah,2022-11-29 15:37:00,marco.haddad@demomail.test,Priya Ford,2024-04-12 17:45:00,jamie.ford@demomail.test,Taylor Calder,2022-12-04 05:20:00,priya.sloan@sampleco.test,,2026-05-15 15:41:00,Y,100001,100001,100001,100001,100001,,100001,100001,,100001,100001,100001,,100001,100001,,100001,2023-03-13 21:36:00,6605,5529,Alpha,Alpha,Beta,LOT-8749,4497,8856,545,747,1605,Beta,2023-01-15 19:44:00,6522,7231,Beta,Standard,Beta,Gamma,7039,1722,5589,4331,2793,Standard,2026-04-12 05:27:00,,,,,Standard,,1671,,,3995,,,2023-01-03,,,,,Other,,,,,,,Beta,2023-06-22,,,,,,,1331,,,5286,,,2023-09-19,,,,,,,,,,,,,2025-10-02,,,,,,,,,,1562,,,2024-04-08,,6296,,,,LOT-7605,,,9660,,,,Aligned on billing and renewal terms.
,,Quinn Sato,Chen Vance,,,,LOT-1994,,,,,,,,quinn.whitfield@sampleco.test,,,,TAG-2514,,,"243,649",TAG-4542,"87,250",,Active Customer,Reviewed performance and gathered feedback.,Everest Systems Inc,Everest Foods Ltd,Active,Beta,Germany,,,,Resolved the outstanding question about scope.,New Logo,,,,Y,Education,,,,,,,,,,,Inbound Call,SKU-7741,,Noah Calder,REF-8647,,,2561,,,Alpha,,REF-7179,TAG-9172,,Standard,,,,,Marco Kim,,New York,Y,,LOT-1831,,,,TAG-5605,,SKU-2966,432,100001,Company,100058,morgan.larsson@acme-fake.test,Alex Sato,2023-04-22 14:33:00,rowan.haddad@sampleco.test,Liam Larsson,2026-07-25 23:14:00,rahul.vance@demomail.test,Priya Larsson,2025-07-27 01:12:00,elena.mercer@sampleco.test,,2024-04-20 11:48:00,N,100001,100001,100001,,100001,,100001,100001,,100001,,100001,100001,100001,100001,,100001,2024-12-25 03:39:00,5574,4168,Beta,Standard,Beta,LOT-4518,8260,5082,2520,3031,1903,Beta,2023-09-10 21:02:00,9002,513,Other,Delta,Other,Delta,3706,3353,2751,2960,5863,Beta,2026-06-29 04:02:00,,,,,Other,LOT-6177,,,8601,,2942,Beta,2025-10-19,,,,,,,,,9845,,,,2024-11-23,,,,,,,,9355,,,,,2023-12-12,,,,,Other,,4157,,,,,,2026-03-17,5686,,,,,,,,770,9527,,,2023-01-20,,,,REF-9428,LOT-3195,,,,,,,,Noted a concern to revisit at the next sync.
,,Drew Nguyen,Skyler Blake,,,SKU-9644,SKU-5998,,REF-7904,,,,SKU-8036,,liam.sato@examplecorp.test,,,,,SKU-3408,,,LOT-5118,,,Active Customer,Scheduled a check-in for the coming month.,Keystone Retail LLC,Copper Logistics LLC,Active,Beta,India,,,,Noted a concern to revisit at the next sync.,Renewal,,,REF-8903,N,Education,,,,,,,,,,,Cold Outreach,LOT-7626,,Nina Costa,LOT-8934,,,,,,Other,,REF-3873,SKU-2128,,Alpha,,,,,Morgan Vance,,California,Y,,TAG-3606,,,,REF-5144,,SKU-4020,7011,100001,Company,100060,chen.dorsey@sampleco.test,Priya Vance,2024-09-25 18:25:00,priya.whitfield@sampleco.test,Quinn Costa,2023-02-24 05:56:00,omar.sato@examplecorp.test,Marco Kim,2024-08-31 09:47:00,jordan.whitfield@sampleco.test,,2024-09-05 20:39:00,Y,100001,100001,100001,100001,100001,100001,100001,100001,,,,100001,100001,100001,,100001,100001,2024-02-07 06:42:00,7207,7227,Beta,Gamma,Alpha,REF-5138,3376,5830,3403,2288,5413,Delta,2025-01-26 17:02:00,6071,3111,Gamma,Alpha,Gamma,Standard,2296,4411,1961,4669,630,Other,2023-04-11 17:07:00,,,,,,,6794,,,,,,2024-12-02,,2156,Alpha,,,,,,,,,,2025-02-25,,,,SKU-4068,,,,,,,,,2025-12-23,1283,,Beta,,,,,9258,,,,,2025-09-14,,,,,,,,,,,,,2024-08-24,1221,,,,,,,,,,,Gamma,Scheduled a check-in for the coming month.
,,Quinn Ivanov,Skyler Ivanov,,,,LOT-8864,LOT-6095,,,,SKU-2439,,,elena.larsson@demomail.test,,,,,,,,TAG-3097,,,Referral Partner,Shared the updated proposal for review.,Copper Health Corp,Granite Ventures Corp,Active,Other,Germany,,,,,Standard,,TAG-4378,LOT-7662,N,Professional Services,,,,,,Alpha,,,,,Event,REF-2985,TAG-1751,Reese Brooks,SKU-4485,LOT-9798,,4534,,,,,TAG-2771,REF-7944,,Standard,,,,,Morgan Whitfield,,Georgia,N,,SKU-4585,,,,,,,,100001,Company,100062,yara.ford@demomail.test,Avery Kim,2026-06-30 18:24:00,sofia.mercer@demomail.test,Noah Costa,2025-09-06 13:26:00,omar.nguyen@sampleco.test,Reese Costa,2024-03-29 04:29:00,jordan.ashby@demomail.test,,2024-08-04 03:00:00,N,100001,100001,100001,100001,100001,100001,100001,100001,100001,100001,,100001,100001,100001,100001,100001,100001,2022-12-06 08:21:00,7558,7716,Delta,Alpha,Delta,LOT-8782,8344,5055,4047,9545,3937,Alpha,2025-08-27 20:19:00,4756,149,Alpha,Beta,Beta,Alpha,5003,2709,1123,3190,9630,Other,2026-02-19 19:14:00,9418,,Beta,,,REF-3083,,,,9411,,,2025-10-28,,,Other,,,,,,,3123,,,2026-05-18,,,,,,,,,,,,,2025-08-12,,9480,,,,,2095,,,,,,2023-03-14,,1516,,TAG-3349,,,9451,,3601,,,,2025-09-07,,,,,,,,,,,,,Shared the updated proposal for review.
,,Rahul Ford,Marco Larsson,,,,SKU-8075,,,,SKU-3457,,,,elena.garcia@demomail.test,Reese Sato,,,,,Mei Costa,,SKU-9000,,,Prospect,Discussed timeline and next steps with the account.,Northwind Systems Inc,Northwind Logistics Co,Active,Other,Australia,,,,Shared the updated proposal for review.,Enterprise,,,TAG-2727,N,Retail,,,,,,,,,,,LinkedIn,,,Casey Haddad,LOT-6198,REF-3869,TAG-7460,,,,Beta,,REF-7360,REF-4387,,Alpha,,,,,Jordan Kim,,Colorado,N,,TAG-4998,,,,,,REF-3889,1755,100001,Company,100063,chen.calder@acme-fake.test,Marco Okafor,2023-09-27 08:45:00,omar.cohen@examplecorp.test,Taylor Sloan,2025-03-03 00:26:00,yara.ivanov@demomail.test,Nina Vance,2026-05-26 07:50:00,rahul.silva@examplecorp.test,,2023-10-18 17:32:00,N,100001,100001,100001,100001,100001,100001,100001,100001,100001,100001,100001,100001,100001,100001,100001,100001,100001,2026-01-30 21:06:00,4617,283,Alpha,Gamma,Alpha,TAG-9467,668,6318,4329,2064,8921,Standard,2025-11-26 13:40:00,1610,7399,Alpha,Other,Gamma,Standard,1961,8058,914,4404,5815,Delta,2026-04-16 16:14:00,,,,,,,,,,,114,,2024-03-13,,111,Delta,,,,4883,9735,6537,,,,2023-10-12,,,,,,,,,,5596,,,2026-06-24,,9662,,,,,,,,2621,260,,2024-10-08,,2381,,,,,,,,,9744,,2024-02-10,,,,,,,,,,,,,Scheduled a check-in for the coming month.
,,Reese Blake,Noah Ford,,,TAG-3435,LOT-4637,,,,,,,,skyler.costa@demomail.test,Arjun Haddad,,,LOT-9160,SKU-7819,,,REF-4167,,,Active Customer,Aligned on billing and renewal terms.,Silverline Foods Ltd,Meridian Robotics Co,Active,Other,Germany,,,,Aligned on billing and renewal terms.,Renewal,,,REF-5172,N,Technology,REF-9174,,,,,,,,,,Partner,TAG-4374,SKU-1339,Omar Patel,LOT-6271,SKU-3220,,,,Y,Delta,,REF-2338,TAG-2983,,,,,Other,,Marco Cohen,,Arizona,Y,,REF-6303,,,,,,LOT-9801,,100001,Company,100066,aisha.larsson@examplecorp.test,Drew Rossi,2023-05-31 06:50:00,skyler.reyes@examplecorp.test,Marco Dorsey,2024-02-28 01:13:00,skyler.dorsey@examplecorp.test,Drew Patel,2025-09-23 11:37:00,quinn.whitfield@acme-fake.test,,2026-06-04 11:02:00,Y,100001,100001,100001,100001,100001,100001,100001,100001,,,100001,100001,,100001,100001,,100001,2023-08-04 16:53:00,1492,3151,Alpha,Alpha,Other,REF-6617,4685,6195,410,3434,2986,Standard,2023-07-19 21:06:00,8441,7532,Other,Gamma,Beta,Alpha,8948,4261,8461,2990,1468,Standard,2026-04-06 06:54:00,,,,,,REF-7714,5477,,,,4935,,2025-02-14,,,,,Other,,9808,,,9171,,,2023-01-07,,3383,,TAG-8403,,,,,,,,,2025-10-26,,,,,,,,,5162,6309,,Delta,2023-03-10,,5457,Alpha,,,REF-4438,3264,,,,,,2026-02-15,,,,,,,,,,,,,Shared the updated proposal for review.
,,Morgan Mensah,Riley Ashby,,,LOT-6680,REF-7525,TAG-6911,,LOT-6337,,,SKU-5023,,morgan.mercer@examplecorp.test,,,,,,,,TAG-5772,,,Prospect,Scheduled a check-in for the coming month.,Beacon Retail Ltd,Blue Ridge Labs Group,Active,Delta,India,,TAG-8914,,Discussed timeline and next steps with the account.,SMB,,,,N,Construction,,,,,,,,,,,Referral,SKU-3459,TAG-2763,Diego Larsson,LOT-6553,,REF-8560,7265,,,Standard,,LOT-7177,TAG-8391,,Delta,,"170,230",,,Arjun Rossi,,California,N,,REF-6235,,,,,,TAG-8532,,100001,Company,100069,reese.mensah@examplecorp.test,Jordan Ashby,2025-05-08 07:06:00,liam.calder@acme-fake.test,Avery Kim,2024-08-03 20:39:00,priya.reyes@sampleco.test,Aisha Patel,2024-05-25 14:00:00,chen.okafor@demomail.test,,2023-11-12 10:06:00,Y,100001,100001,100001,100001,100001,,100001,100001,,,,100001,100001,100001,100001,100001,100001,2023-06-20 09:14:00,5051,306,Alpha,Gamma,Delta,TAG-1034,8314,3280,1188,2681,4834,Alpha,2023-03-24 21:34:00,7759,7431,Other,Gamma,Gamma,Standard,5325,5151,3539,765,85,Alpha,2024-04-02 01:11:00,,,,LOT-1909,Gamma,,6729,,,,,,2024-02-12,,,,,,LOT-5422,,,,,,,2026-01-16,,,,,,,,,2329,,,,2023-07-09,,7528,,,,,,,,,,,2023-03-12,,,,SKU-4820,,,,,,,,,2024-01-02,,,,,,,,,,,,Other,Noted a concern to revisit at the next sync.
,,Jamie Patel,Quinn Sato,,,TAG-4764,SKU-4584,,,,,,REF-1320,,taylor.calder@demomail.test,,,,LOT-4760,,Arjun Mercer,,TAG-8191,,,Prospect,Reviewed performance and gathered feedback.,Copper Labs Ltd,Meridian Financial,Active,Alpha,United Kingdom,,,,Noted a concern to revisit at the next sync.,Renewal,,TAG-3966,,N,Retail,,Standard,,,,,,,,,Cold Outreach,SKU-5160,REF-8974,Yara Silva,TAG-2257,,LOT-2468,6628,,,,,LOT-6159,TAG-8754,,,,,,,Chen Blake,,Arizona,Y,,SKU-3765,,,,,,REF-3881,7046,100001,Company,100070,diego.sloan@sampleco.test,Liam Larsson,2022-10-17 10:39:00,sofia.garcia@acme-fake.test,Rahul Calder,2026-03-09 16:45:00,morgan.brooks@demomail.test,Reese Sloan,2026-04-25 17:02:00,elena.sloan@sampleco.test,,2023-07-07 15:12:00,Y,,100001,100001,100001,100001,100001,100001,100001,100001,,100001,100001,100001,100001,100001,,100001,2024-06-05 21:18:00,2971,5219,Delta,Alpha,Alpha,LOT-9968,5409,2726,7860,2412,4890,Gamma,2022-12-05 21:50:00,59,5644,Alpha,Standard,Standard,Beta,9696,1416,5558,9082,2882,Beta,2025-08-10 09:27:00,,1802,,,,,,,6347,5280,,,2023-06-19,,,Other,,,,3958,,2800,,,,2025-07-15,,,,,,,,,,9767,,,2023-02-03,,,Other,,Standard,,,,,,,,2024-12-21,,,,,,,,,,,,,2023-05-07,,6193,,,,,,,,7152,,,Noted a concern to revisit at the next sync.
LOT-8897,,Aisha Nguyen,Skyler Blake,,,LOT-9615,REF-7445,TAG-4825,,,,,SKU-3617,,fatima.mensah@acme-fake.test,,,,,,,,REF-7047,,,Active Customer,Followed up on the open items from last week.,Evergreen Systems Co,Falcon Capital LLC,Active,Alpha,United Kingdom,,,,Resolved the outstanding question about scope.,New Logo,,,,N,Healthcare,TAG-6313,,,,,,,,,,LinkedIn,LOT-4505,,Alex Dorsey,SKU-9723,,LOT-8274,,,,Other,,SKU-1572,TAG-1892,,Standard,,,,,Skyler Mensah,,Florida,Y,,SKU-5695,,,,,,REF-7511,,100001,Company,100073,skyler.brooks@sampleco.test,Mei Brooks,2024-11-01 11:37:00,liam.kim@examplecorp.test,Mei Nguyen,2024-12-25 22:44:00,alex.sloan@acme-fake.test,Marco Larsson,2024-11-13 21:07:00,diego.cohen@examplecorp.test,,2026-07-22 08:02:00,N,100001,100001,,100001,100001,100001,100001,100001,100001,100001,,100001,,100001,100001,,100001,2026-01-20 17:31:00,1141,4084,Gamma,Alpha,Gamma,SKU-5553,1582,2340,6242,8614,4859,Alpha,2024-02-04 13:13:00,3480,2718,Gamma,Alpha,Gamma,Alpha,8920,2861,2318,5403,2768,Beta,2022-10-19 05:20:00,3691,,Other,,,,1028,,,,,,2025-07-23,,,Gamma,,,LOT-7812,,4611,1108,,,,2026-06-28,,,,,,,,,,,,,2023-08-10,,,Alpha,,Delta,,,,,,,,2024-03-09,5629,,,,,,,,,6704,,,2023-11-01,,,,SKU-9977,,SKU-5157,,,,,,,Scheduled a check-in for the coming month.
,,Avery Ford,Casey Ford,,,,TAG-5330,SKU-4076,,,,REF-5469,,,liam.ford@sampleco.test,Reese Garcia,,,,,,"190,527",SKU-4108,,,Prospect,Scheduled a check-in for the coming month.,Pioneer Financial LLC,Blue Ridge Analytics,Active,Alpha,United Kingdom,,,,Noted a concern to revisit at the next sync.,SMB,,SKU-6635,,Y,Financial Services,,,,,,,,,,,Partner,,SKU-1836,Skyler Blake,TAG-2614,REF-2424,TAG-9895,,,,Delta,,REF-4201,,,,,,,,Drew Blake,,Washington,Y,,LOT-8067,,,,,,SKU-7690,9369,100001,Company,100075,jamie.haddad@sampleco.test,Diego Ford,2023-08-12 08:50:00,noah.costa@demomail.test,Priya Garcia,2023-08-30 05:57:00,reese.mercer@acme-fake.test,Quinn Larsson,2026-02-10 20:39:00,chen.ford@demomail.test,,2023-06-23 03:11:00,Y,,100001,100001,100001,100001,100001,100001,100001,,,,100001,,100001,100001,,100001,2024-04-22 05:37:00,6525,5522,Alpha,Beta,Alpha,LOT-6422,513,7082,1967,6450,3295,Standard,2025-07-11 18:54:00,7133,647,Delta,Standard,Alpha,Alpha,6766,638,5765,1416,7429,Beta,2024-12-13 18:56:00,99,,,,,,,5703,,,,,2022-10-01,,,,,Beta,REF-1831,8395,,,,,,2023-06-20,9305,,,,,,,,,,,,2024-09-24,,,,,,,,,,,,,2025-11-04,,1534,,,,,,,,,,,2026-03-13,,,Gamma,,,SKU-6077,,,,,4574,,Followed up on the open items from last week.
SKU-2858,,Liam Haddad,Emerson Reyes,,,REF-8266,TAG-2480,,,,,,,,riley.garcia@sampleco.test,,,,,,Elena Silva,,LOT-4765,,,Active Customer,Aligned on billing and renewal terms.,Vertex Ventures Corp,Vertex Textiles Group,Active,Alpha,Mexico,,,,Noted a concern to revisit at the next sync.,Standard,,,,N,Retail,REF-6586,,,,,,,,,,Cold Outreach,TAG-9740,,Fatima Blake,SKU-1377,SKU-2989,,7300,,,Other,,REF-1161,,,,,,,,Diego Blake,,Arizona,N,,LOT-7767,,,,,,TAG-8089,8860,100001,Company,100076,quinn.ashby@sampleco.test,Casey Mercer,2024-01-22 09:37:00,alex.haddad@sampleco.test,Skyler Calder,2025-12-12 14:15:00,omar.cohen@acme-fake.test,Marco Calder,2026-02-21 03:49:00,jordan.calder@demomail.test,,2024-07-26 02:45:00,Y,100001,100001,100001,100001,100001,100001,100001,100001,,100001,100001,100001,100001,100001,100001,,100001,2026-07-18 15:11:00,5712,6049,Beta,Gamma,Beta,TAG-5385,6129,2913,3979,6473,9825,Gamma,2022-10-09 00:42:00,3448,4018,Other,Standard,Other,Standard,8869,9814,39,9134,4706,Other,2025-09-04 07:10:00,,7225,,,,,,,,,,,2025-04-30,,,,SKU-8814,,REF-7338,,,,,,,2023-11-04,,,,,,,,,,6017,,,2023-04-25,,,,,,REF-4430,,,3657,9981,,,2023-09-25,1337,,,,Other,,,,,6601,,Standard,2023-01-11,,,,,,,3137,,,,,Alpha,Noted a concern to revisit at the next sync.
SKU-5255,,Jamie Calder,Drew Kim,,,REF-2088,TAG-3276,,REF-1946,,,,,,omar.reyes@sampleco.test,,,,,,,"111,313",REF-3918,,,Active Customer,Aligned on billing and renewal terms.,Granite Robotics LLP,Lakeside Retail LLC,Active,Gamma,Philippines,Other,,,Shared the updated proposal for review.,SMB,,,,N,Professional Services,,,,,,,,,,,Cold Outreach,SKU-8323,REF-3199,Arjun Kim,LOT-9435,LOT-8670,,,,,Standard,,LOT-8312,TAG-2308,,Delta,,,,,Rahul Ashby,,Georgia,N,,TAG-8857,,,,,,,4067,100001,Company,100079,rahul.cohen@sampleco.test,Taylor Ivanov,2026-01-11 14:24:00,noah.ford@demomail.test,Rowan Vance,2025-09-25 10:35:00,drew.ivanov@examplecorp.test,Alex Reyes,2024-09-07 07:59:00,mei.mercer@examplecorp.test,,2022-10-01 09:36:00,Y,100001,100001,100001,,100001,,100001,100001,100001,,,100001,100001,100001,100001,100001,100001,2023-10-22 13:10:00,4086,9676,Alpha,Gamma,Delta,TAG-8199,4142,6324,224,9755,1077,Alpha,2025-08-29 01:30:00,4837,6835,Standard,Other,Beta,Gamma,1090,8830,159,9663,1042,Gamma,2026-01-18 00:39:00,2764,,,,Beta,REF-4390,,,6885,,,Delta,2026-02-11,,,,,,REF-7971,,8714,,,,,2024-10-31,,,,,,,,7743,,,,,2025-03-24,354,,,,,,,,7290,,,,2024-11-24,,,,,,SKU-8998,2854,,,,,,2024-11-24,,,Delta,,,,,,,3506,,,Scheduled a check-in for the coming month.
,,Jordan Mercer,Diego Mercer,,,SKU-1003,LOT-2216,,REF-1232,,,SKU-2404,,,priya.vance@sampleco.test,,,,,,,,LOT-3742,,,Active Customer,Noted a concern to revisit at the next sync.,Brightpath Analytics Ltd,Ironwood Retail LLC,Active,Standard,India,,,TAG-9923,Resolved the outstanding question about scope.,Enterprise,,LOT-5551,,N,Energy,,,,,,,,,,,Website,REF-8932,LOT-8951,Diego Vance,REF-5543,LOT-4860,REF-9343,1475,,,Gamma,,REF-6678,REF-9770,,Standard,,,,,Chen Blake,,Colorado,N,,REF-5548,,,,,,,6100,100001,Company,100080,elena.patel@sampleco.test,Emerson Ashby,2022-10-30 13:32:00,yara.costa@sampleco.test,Taylor Blake,2024-03-03 10:53:00,avery.rossi@sampleco.test,Fatima Sloan,2026-01-25 12:46:00,fatima.larsson@sampleco.test,Casey Ashby,2024-01-29 12:13:00,Y,100001,100001,100001,100001,100001,100001,100001,100001,100001,,,100001,,100001,100001,,100001,2023-09-29 19:26:00,4241,2123,Gamma,Alpha,Gamma,TAG-6488,5510,4586,6613,5456,4795,Standard,2023-12-15 17:52:00,3092,6551,Other,Beta,Gamma,Beta,890,4601,9338,3662,1426,Standard,2023-11-23 09:39:00,,8760,,SKU-6221,,,,,,,1701,,2023-06-01,,,,,,,,,,,,Beta,2025-01-18,,,,TAG-6103,,,,,,,,,2022-11-22,,,,,,,,,,,,,2025-11-04,,,,,,,8696,,,,,,2024-08-28,,,,,,,,,,,,,Resolved the outstanding question about scope.
,,Marco Sato,Emerson Rossi,,,REF-6616,SKU-2626,,REF-6201,,,,,,quinn.garcia@acme-fake.test,,,,,,Diego Vance,,TAG-6702,,,Referral Partner,Reviewed performance and gathered feedback.,Cardinal Analytics,,Active,Standard,United Kingdom,,,,Followed up on the open items from last week.,Standard,,,,Y,Media,LOT-6001,,,,,,,,,,Cold Outreach,REF-3531,TAG-9154,Rowan Larsson,SKU-4569,SKU-4600,,2568,,,Gamma,,REF-6265,SKU-2055,,Delta,,,,,Morgan Rossi,,New York,N,,,,,,,,TAG-7762,,100001,Company,100083,arjun.larsson@sampleco.test,Rahul Sloan,2023-04-05 09:16:00,jamie.whitfield@acme-fake.test,Nina Whitfield,2023-06-28 08:55:00,emerson.larsson@acme-fake.test,Riley Calder,2023-03-09 06:51:00,nina.whitfield@acme-fake.test,,2024-10-22 08:42:00,Y,100001,100001,100001,100001,,100001,100001,100001,100001,,100001,100001,,100001,100001,100001,100001,2023-01-14 04:59:00,4937,4843,Alpha,Other,Alpha,TAG-8359,2913,2769,5221,791,5861,Gamma,2023-08-31 12:44:00,5764,6724,Other,Delta,Gamma,Delta,1551,7762,2087,7850,5646,Beta,2025-08-24 13:55:00,,,Standard,,,,,,,,,,2026-03-21,2687,,,,Gamma,,,,,,,,2024-06-13,,,Alpha,,,,,,,4438,,,2025-01-17,,,,,,,,2747,,,,,2022-11-13,,,,,,,,,,,,Gamma,2024-05-19,,,,REF-7691,,,,,,,,,Resolved the outstanding question about scope.
,,Morgan Garcia,Omar Vance,,,TAG-5779,SKU-8605,REF-8770,,,,,REF-4819,,jamie.sloan@examplecorp.test,,Yara Nguyen,,SKU-4724,LOT-6135,,,LOT-3130,,,Active Customer,Followed up on the open items from last week.,Cobalt Partners Corp,Copper Partners Corp,Active,Standard,Germany,Alpha,,,Noted a concern to revisit at the next sync.,SMB,,REF-9013,,N,Logistics,,,,,,,,,,,Website,REF-9657,REF-5352,Alex Reyes,LOT-5391,REF-3197,,,,,Delta,,TAG-7759,,,Other,,,,,Elena Ashby,,Washington,N,,TAG-7269,,,,,,SKU-3449,1920,100001,Company,100086,rahul.okafor@sampleco.test,Chen Cohen,2025-04-24 00:46:00,fatima.vance@acme-fake.test,Arjun Patel,2025-03-16 02:05:00,drew.mensah@acme-fake.test,Casey Calder,2024-10-27 15:28:00,reese.sato@sampleco.test,,2025-03-21 19:20:00,Y,,100001,,100001,100001,100001,100001,100001,100001,100001,100001,100001,,100001,100001,,100001,2023-03-27 06:00:00,7653,4966,Standard,Standard,Alpha,LOT-1172,2526,7101,3814,7522,2303,Delta,2025-05-11 05:09:00,6541,1702,Other,Standard,Alpha,Gamma,1083,5633,9546,9706,330,Standard,2023-11-09 14:46:00,,,,,,,,,,,8841,Standard,2025-11-23,,7988,,,,,1093,,,,,,2023-09-21,,,,,,,,,,,,Beta,2023-06-19,,,,,Alpha,LOT-9702,,,,,,,2023-04-10,,,,,,,,,,,,,2023-08-16,,,Alpha,,,,8203,2342,,,,,Aligned on billing and renewal terms.
,REF-9620,Skyler Sato,Riley Patel,,,LOT-9778,LOT-9025,,REF-4677,,,,,,riley.garcia@acme-fake.test,,,,,,,,SKU-4677,,,Active Customer,Scheduled a check-in for the coming month.,Keystone Financial LLC,Everest Health LLP,Active,Beta,United Kingdom,,LOT-3642,,Shared the updated proposal for review.,SMB,,,LOT-1604,N,Financial Services,,,,,,,,,,,Website,SKU-1478,,Jordan Vance,SKU-2952,TAG-6732,,,,,Beta,,,LOT-8774,,Beta,,,Gamma,,Nina Whitfield,,Georgia,N,,LOT-4631,,,,,,REF-3546,6981,100001,Company,100089,riley.dorsey@examplecorp.test,Marco Ashby,2023-12-07 20:17:00,mei.garcia@acme-fake.test,Omar Ashby,2023-03-18 10:38:00,mei.haddad@demomail.test,Elena Patel,2025-08-10 22:03:00,noah.rossi@examplecorp.test,,2023-05-25 14:37:00,Y,100001,100001,100001,100001,100001,,100001,100001,,100001,,100001,,100001,100001,,100001,2025-07-04 18:11:00,8149,9798,Alpha,Beta,Alpha,REF-6697,7803,5140,7764,8790,2541,Other,2023-08-02 19:23:00,344,7933,Standard,Other,Beta,Gamma,4241,2903,3144,9689,587,Gamma,2023-03-08 07:24:00,,,,,,,,6586,7626,,,,2024-06-22,,,Gamma,,,,,,,,,,2022-11-18,,,,SKU-7900,,,,,,,5341,,2025-08-03,6535,,,,,SKU-2828,,,,,,,2025-08-14,,,,,,,,,,,,,2023-08-23,,,Alpha,,,LOT-4508,957,,,,,,Reviewed performance and gathered feedback.
,,Elena Haddad,Elena Mercer,,,TAG-2372,LOT-5258,,,,,REF-4549,,Standard,skyler.costa@acme-fake.test,,,,,,,,TAG-7143,,,Past Customer,Discussed timeline and next steps with the account.,Evergreen Logistics LLC,Delta Capital Co,Inactive,Delta,Canada,,,,Scheduled a check-in for the coming month.,New Logo,,,,N,Financial Services,LOT-4332,,,,,,,,,,Website,TAG-3199,SKU-2738,Skyler Cohen,LOT-5956,SKU-8873,,,,,Standard,,REF-7758,TAG-8163,,Other,,,,,Jordan Reyes,,Arizona,Y,,TAG-6884,,,,,,SKU-3375,5532,100001,Company,100090,quinn.ivanov@demomail.test,Reese Ashby,2024-09-10 00:14:00,fatima.costa@demomail.test,Nina Dorsey,2023-11-05 10:24:00,sofia.reyes@demomail.test,Riley Sloan,2026-06-16 07:59:00,nina.kim@demomail.test,,2025-07-17 23:45:00,N,100001,100001,,100001,100001,100001,100001,100001,,100001,,100001,100001,100001,100001,100001,100001,2025-12-29 02:45:00,8997,2729,Other,Delta,Alpha,TAG-9599,8838,5538,5691,6981,2779,Alpha,2025-02-16 17:12:00,2660,407,Gamma,Gamma,Standard,Beta,2313,7935,1979,7586,5453,Alpha,2023-02-05 20:01:00,6556,,,,,,,,,,,,2022-10-16,,,,LOT-6737,,,,9811,696,,4423,,2024-12-12,,,,,,,,2011,,,,,2024-04-21,,,,,,,,,,,,,2025-07-04,6483,,,LOT-7427,,,,,,,,,2024-11-15,,,,,,LOT-9106,,,9791,1734,,,Followed up on the open items from last week.
,,Reese Reyes,Omar Silva,,,REF-2246,TAG-6453,REF-5621,,,,,TAG-5636,,emerson.blake@acme-fake.test,Rowan Okafor,,,,,,"122,678",,,,Active Customer,Aligned on billing and renewal terms.,Keystone Capital Corp,Cobalt Retail Ltd,Inactive,Other,Canada,,,,Scheduled a check-in for the coming month.,SMB,,,,N,Hospitality,TAG-3157,,,,,,,,,,Cold Outreach,TAG-9312,,Fatima Sloan,SKU-3503,TAG-5646,TAG-2595,,Y,,Standard,,TAG-8652,REF-5647,,Beta,,,,,Marco Whitfield,,Florida,Y,,REF-1512,,,,,,TAG-9114,683,100001,Company,100091,nina.rossi@acme-fake.test,Taylor Larsson,2025-10-01 14:23:00,omar.garcia@acme-fake.test,Taylor Blake,2024-01-22 08:27:00,jamie.dorsey@demomail.test,Fatima Sato,2024-08-23 04:17:00,avery.mensah@sampleco.test,,2024-07-29 22:25:00,Y,100001,100001,,100001,100001,100001,100001,100001,,,100001,100001,,100001,100001,100001,100001,2022-10-14 14:46:00,6800,396,Delta,Alpha,Beta,SKU-7318,1971,1496,2684,7313,9796,Alpha,2024-12-11 15:37:00,274,4802,Beta,Alpha,Other,Other,493,2219,1713,9671,2774,Other,2024-03-11 03:58:00,,9666,,,Gamma,,,,1668,,5374,,2024-09-24,,,Delta,,,,,,,,,Other,2026-07-19,6391,,,,,,,,,,,Delta,2025-01-17,,,,,,,,,,,,,2024-05-13,,,,,,,,,,,,Beta,2025-05-21,,,Alpha,,REF-8493,,,,,,,Standard,Discussed timeline and next steps with the account.
,,Diego Patel,Elena Sloan,,,REF-7123,REF-1432,LOT-2477,SKU-9943,,,LOT-4736,LOT-3026,Gamma,priya.rossi@examplecorp.test,,Riley Mercer,,REF-5342,,,,LOT-9165,"227,600",,Active Customer,Resolved the outstanding question about scope.,Silverline Group Group,Silverline Robotics Inc,Inactive,Gamma,India,,,TAG-6864,Aligned on billing and renewal terms.,Enterprise,,,,N,Professional Services,,,,,,,,,,,Referral,TAG-4295,SKU-2030,Fatima Vance,REF-2825,TAG-5828,SKU-1350,2421,,,Delta,,REF-5947,REF-8531,,Other,,"140,943",,,Diego Ford,,Texas,Y,,LOT-5705,,,,,,REF-7293,305,100001,Company,100094,liam.okafor@acme-fake.test,Rahul Rossi,2026-02-04 02:19:00,skyler.cohen@acme-fake.test,Marco Calder,2026-04-22 23:15:00,emerson.patel@acme-fake.test,Casey Blake,2023-12-02 18:27:00,alex.silva@demomail.test,Omar Rossi,2026-07-10 00:48:00,N,100001,100001,100001,100001,100001,100001,100001,100001,,,,100001,,100001,100001,,100001,2025-01-20 18:50:00,6027,1501,Beta,Other,Other,SKU-1302,1312,6052,2389,814,5480,Delta,2023-05-07 22:30:00,8683,9273,Gamma,Standard,Delta,Other,4129,9019,7475,4039,5900,Beta,2023-04-03 04:14:00,,,,,,,,,,,,,2024-04-20,3768,,,,,,4985,7488,,,,,2023-07-18,,,,,,,,,,,,,2024-07-31,,8919,,,,,,,,,,Beta,2023-11-05,,,Standard,REF-5067,,,,,,,,,2024-10-19,,,,TAG-5710,,,,,,,,,Reviewed performance and gathered feedback.
,REF-6962,Sofia Sato,Diego Ford,,,TAG-7759,REF-9452,TAG-4297,REF-6309,,,,,,quinn.mensah@sampleco.test,,,,,,Jordan Larsson,,TAG-3704,,,Active Customer,Scheduled a check-in for the coming month.,Northwind Networks Inc,Falcon Analytics Group,Active,Other,Canada,,,,,Renewal,,,,Y,Media,,,,,,,,,,,Partner,LOT-7803,TAG-9864,Reese Nguyen,LOT-1165,,,7205,,,,,REF-7076,,,,,,,,Rowan Whitfield,,Washington,Y,TAG-5378,TAG-2477,,,,REF-8368,,TAG-2062,4715,100001,Company,100097,diego.dorsey@acme-fake.test,Yara Blake,2026-06-02 07:47:00,alex.reyes@sampleco.test,Aisha Sato,2025-03-14 05:36:00,omar.okafor@demomail.test,Elena Silva,2024-10-17 03:23:00,reese.ivanov@demomail.test,,2023-02-22 23:18:00,Y,100001,100001,100001,100001,,100001,100001,100001,100001,100001,100001,100001,100001,,100001,,100001,2024-08-05 19:49:00,8472,8869,Alpha,Delta,Gamma,LOT-7243,738,1435,7297,1088,7186,Beta,2024-06-23 12:20:00,2653,8987,Delta,Beta,Beta,Gamma,2309,7277,901,9029,2082,Beta,2026-01-10 09:21:00,,4628,,SKU-1610,,SKU-5038,2235,3293,,4102,,Delta,2023-05-13,3934,,Beta,,,,6254,,7754,950,,,2025-10-06,,,,,,,,,,,5846,,2025-11-09,,7003,,,,TAG-5615,,7803,,,,,2025-09-07,,1600,,,,LOT-6499,,,6272,4012,8429,,2023-12-18,3451,,Beta,,,,,4843,,,,,Discussed timeline and next steps with the account.
,SKU-3867,Elena Brooks,Fatima Mercer,,,,TAG-9421,,LOT-8391,,,LOT-3393,TAG-9590,,riley.sato@acme-fake.test,,,,,,,,REF-6994,,,Past Customer,Resolved the outstanding question about scope.,Horizon Foods Co,Keystone Retail LLP,Active,Delta,Canada,,,,Shared the updated proposal for review.,Renewal,,,,Y,Energy,,,,,,,Y,,,,Event,REF-2076,,Morgan Rossi,LOT-7110,SKU-9893,,5411,,,Alpha,,TAG-4209,REF-7336,,Beta,,,,,Avery Ford,,California,N,,TAG-5016,,,,,,LOT-2828,8236,100001,Company,100099,quinn.rossi@sampleco.test,Liam Ford,2023-06-11 13:04:00,fatima.costa@demomail.test,Yara Garcia,2026-02-16 05:22:00,jamie.silva@sampleco.test,Rahul Silva,2025-03-15 07:21:00,noah.sato@examplecorp.test,,2025-12-21 19:45:00,Y,100001,100001,100001,100001,100001,100001,100001,100001,100001,100001,,100001,100001,100001,100001,100001,100001,2023-07-25 07:38:00,4022,9060,Beta,Gamma,Delta,TAG-5293,9082,5767,9744,2109,409,Gamma,2025-03-10 07:35:00,7049,844,Beta,Beta,Alpha,Gamma,8953,5493,8865,1504,7832,Alpha,2023-10-04 04:24:00,,,,,,LOT-9107,4635,,,,,,2024-04-27,,,,,,,29,,,786,,,2024-04-15,,,Alpha,,SKU-8189,,,,,,,,2023-02-13,,,,,,,,6266,,,,,2022-12-25,,,,,,TAG-9658,,,,,,,2024-02-06,,,,,,SKU-7027,,,,2597,,,Aligned on billing and renewal terms.
,,Aisha Rossi,Skyler Garcia,,,TAG-7327,SKU-1426,TAG-3741,,,,,,Other,arjun.mensah@acme-fake.test,,Noah Rossi,,,,,,SKU-2894,,,Prospect,Discussed timeline and next steps with the account.,Keystone Textiles Co,Meridian Solutions LLP,Inactive,Standard,Australia,,,,Scheduled a check-in for the coming month.,Enterprise,,TAG-4284,,N,Hospitality,,,,,,,,,,,Website,SKU-3093,,Avery Haddad,REF-4478,,,,,,Other,,,,,Delta,,,,,Marco Vance,,Texas,N,,LOT-7791,,,,,,TAG-8847,7913,100001,Company,100101,priya.brooks@demomail.test,Reese Whitfield,2025-04-03 20:31:00,mei.brooks@acme-fake.test,Drew Haddad,2024-11-15 07:19:00,omar.garcia@demomail.test,Morgan Kim,2025-10-31 16:35:00,emerson.dorsey@acme-fake.test,,2025-11-12 17:21:00,N,100001,100001,,100001,100001,100001,100001,100001,100001,,100001,100001,,100001,100001,100001,100001,2026-07-23 13:00:00,5490,3826,Gamma,Other,Gamma,TAG-2282,6509,6459,7763,1081,8804,Gamma,2022-11-24 02:34:00,1732,5631,Beta,Other,Gamma,Beta,2540,1113,8855,9751,6564,Delta,2026-04-11 16:08:00,3397,,,,,,,4764,,8853,,,2022-11-02,6797,,,,,,,,5653,5241,,,2025-12-03,,,,,TAG-1832,,,,,6425,8559,,2023-03-24,,5807,,,,,,,,,,Beta,2022-12-18,,,,,,SKU-4418,,,,,,,2025-05-01,,,,,SKU-8176,,7563,,,,,,Shared the updated proposal for review.
,,Liam Nguyen,Priya Kim,,,LOT-7374,,,SKU-4977,,,TAG-7348,,,quinn.silva@sampleco.test,Nina Brooks,Omar Patel,,,TAG-6442,,"109,835",,"118,174",,Active Customer,Scheduled a check-in for the coming month.,Horizon Logistics LLC,Falcon Manufacturing Corp,Active,Other,Germany,,,,Discussed timeline and next steps with the account.,Renewal,,,LOT-6910,,Financial Services,,,,,,,,,,,Referral,SKU-2147,,Morgan Ivanov,SKU-4766,,,,,,Delta,,SKU-4585,,,Standard,,,,,Omar Sato,,Colorado,Y,,SKU-8251,,,,,,LOT-2671,460,100001,Company,100103,arjun.ford@examplecorp.test,Nina Ivanov,2024-03-09 18:14:00,noah.sato@acme-fake.test,Alex Ivanov,2026-01-19 23:27:00,quinn.mercer@sampleco.test,Marco Larsson,2025-04-11 15:48:00,morgan.ashby@sampleco.test,,2023-07-16 07:33:00,Y,,100001,,100001,100001,,100001,100001,100001,100001,,100001,,100001,100001,100001,100001,2024-01-12 05:23:00,1,302,Delta,Standard,Other,LOT-1207,9799,1491,8455,3998,9293,Gamma,2024-06-17 14:07:00,7994,707,Gamma,Other,Alpha,Gamma,8494,8458,8649,3123,5474,Delta,2025-07-05 23:30:00,3401,,,,,REF-1630,,1291,199,,,,2024-01-20,,,,,Gamma,,,,,,,,2025-02-15,,8952,,,,,,,,,,,2024-05-30,,,,,,,,,,,9734,,2026-07-12,,,,SKU-8127,,,,,,,,,2025-04-22,,,,,,,,,,,,,Reviewed performance and gathered feedback.
,TAG-1862,Fatima Mensah,Marco Ivanov,,,SKU-9509,SKU-6453,,TAG-9783,,,,,,liam.mercer@acme-fake.test,Diego Okafor,,,,,,"73,032",LOT-7851,,,Active Customer,Scheduled a check-in for the coming month.,Everest Financial Inc,Delta Analytics Corp,Active,Alpha,Germany,,,,Discussed timeline and next steps with the account.,Renewal,,REF-5876,,N,Healthcare,,,,,,,,,,,Partner,,,Emerson Kim,,,,,,,Standard,,,REF-8729,,Delta,,,,,Elena Kim,,New York,Y,,REF-7471,,,,,,REF-5007,3413,100001,Company,100104,arjun.blake@examplecorp.test,Mei Mercer,2024-08-04 11:06:00,aisha.nguyen@acme-fake.test,Casey Larsson,2024-01-09 03:29:00,taylor.garcia@demomail.test,Morgan Nguyen,2025-07-19 20:59:00,riley.patel@examplecorp.test,,2022-10-27 16:59:00,Y,100001,100001,100001,100001,100001,100001,100001,100001,100001,100001,100001,,,100001,100001,100001,100001,2024-09-23 12:36:00,8062,3494,Standard,Beta,Standard,TAG-8595,1051,9646,1457,6211,9155,Other,2024-07-21 05:34:00,9167,4264,Beta,Beta,Gamma,Beta,9189,2413,7109,3805,4054,Other,2023-11-10 15:22:00,,,Other,LOT-1139,,,,,,,,,2025-05-21,,,,,,,,380,7380,4012,3962,,2023-07-28,,,,,,,,,,,4507,,2023-07-07,,,,,,,5738,6617,6448,,,Alpha,2022-11-02,4197,,,,,,,,,,,,2025-11-25,,,Gamma,,,,,6473,,,,,Resolved the outstanding question about scope.
TAG-4093,,Quinn Mensah,Rahul Costa,,,SKU-4299,,,,TAG-3751,,,,,alex.calder@demomail.test,,,,,REF-8477,Fatima Okafor,,,,,Active Customer,Scheduled a check-in for the coming month.,Harbor Robotics LLP,Delta Energy LLP,Active,Other,Mexico,Alpha,,,Followed up on the open items from last week.,Standard,,,TAG-9388,,Energy,,,,,,,,,,"185,707",Cold Outreach,SKU-7930,,Casey Garcia,REF-4664,LOT-8584,,,,,Standard,,LOT-4334,SKU-9861,,Delta,,,,,Nina Ashby,Shared the updated proposal for review.,Ohio,N,,LOT-9277,,,,,,,9385,100001,Company,100106,rahul.silva@sampleco.test,Mei Costa,2025-04-22 13:43:00,elena.garcia@examplecorp.test,Jordan Okafor,2024-11-13 03:04:00,mei.patel@examplecorp.test,Noah Reyes,2025-01-04 04:56:00,liam.cohen@sampleco.test,Priya Rossi,2026-04-23 10:42:00,N,100001,100001,100001,100001,100001,100001,100001,100001,100001,100001,,100001,,100001,100001,100001,100001,2025-11-19 20:43:00,5044,4691,Delta,Other,Beta,REF-9930,2340,2954,9866,7977,3877,Gamma,2024-07-24 15:34:00,3233,6125,Standard,Other,Other,Gamma,7121,6055,9757,4290,1327,Gamma,2022-12-10 15:23:00,,,Other,,,,,,,,,,2026-05-10,,357,,,,,952,2793,,3901,,,2024-07-28,,,,,,,,,,,,,2026-06-26,9357,,,,,,,,,,,,2025-01-17,,,,,,,,,,,,,2023-05-15,,,,,,,,5674,,3891,,,Aligned on billing and renewal terms.
,LOT-1486,Rahul Reyes,Rowan Mercer,,,LOT-3074,LOT-6503,REF-7267,SKU-9988,,,TAG-6359,,,drew.costa@demomail.test,,,,,,,,TAG-1498,,,Past Customer,Aligned on billing and renewal terms.,Cobalt Media,Meridian Retail Ltd,Active,Beta,Mexico,,,,Reviewed performance and gathered feedback.,Enterprise,,,,Y,Energy,,,,,,,,,,,Event,TAG-9027,LOT-1137,Nina Haddad,,,,9898,,,Standard,,SKU-5830,REF-7007,,Standard,,,,,Diego Mercer,,Arizona,Y,,REF-7284,,,,LOT-8601,,LOT-8113,5154,100001,Company,100107,yara.reyes@sampleco.test,Yara Costa,2025-04-11 11:25:00,rahul.cohen@demomail.test,Casey Ivanov,2025-09-01 05:46:00,drew.haddad@sampleco.test,Marco Garcia,2024-10-02 21:58:00,elena.haddad@demomail.test,Alex Rossi,2023-02-10 16:08:00,N,,100001,100001,100001,100001,100001,100001,100001,,100001,100001,100001,,100001,100001,100001,100001,2025-08-20 22:08:00,2996,103,Gamma,Other,Gamma,REF-5847,7466,9134,2322,692,5780,Standard,2023-10-10 19:25:00,7489,9703,Alpha,Beta,Delta,Other,6300,5974,3920,6262,9666,Other,2023-04-23 17:57:00,7495,,,,,,,671,,,,,2025-10-08,,,Standard,,,SKU-8359,,,,,,,2025-12-26,,,,,,,,,,,,,2024-08-14,,,,,,,,,,,,,2025-05-10,,,,,,,,,,,,,2025-04-06,7791,,,,,,,,,,5055,,Reviewed performance and gathered feedback.
,,Marco Haddad,Quinn Blake,,,REF-7002,,,REF-5801,REF-9407,SKU-5537,SKU-3739,REF-2657,,diego.ivanov@examplecorp.test,,Aisha Nguyen,,,,,,SKU-5628,"38,097",,Active Customer,Shared the updated proposal for review.,Harbor Energy Corp,Granite Analytics Inc,Active,Standard,Mexico,,LOT-6310,,Scheduled a check-in for the coming month.,Enterprise,,,,Y,Logistics,,,,,,,,,,,Website,LOT-8008,,Liam Silva,REF-3843,SKU-7977,,9519,,,Gamma,,SKU-8933,,,Alpha,,,,,Marco Calder,,Florida,Y,,TAG-8316,,,,,,,2846,100001,Company,100110,fatima.mercer@sampleco.test,Taylor Cohen,2023-07-20 15:30:00,fatima.calder@acme-fake.test,Mei Mercer,2026-03-11 12:53:00,noah.blake@sampleco.test,Avery Ford,2026-05-21 15:18:00,drew.dorsey@acme-fake.test,,2025-09-28 02:21:00,Y,100001,100001,100001,100001,100001,,100001,100001,,,100001,100001,100001,100001,100001,100001,100001,2026-07-16 06:49:00,459,5016,Delta,Delta,Gamma,REF-8021,152,3732,4752,3361,9576,Delta,2023-02-07 10:43:00,5817,363,Gamma,Other,Standard,Standard,3125,3715,4231,2442,8633,Alpha,2025-11-26 00:33:00,,,,LOT-8946,,,,,,,,Delta,2026-06-01,,,,SKU-3298,Gamma,,,,,,,,2023-09-21,,,,,,SKU-4451,,,,,,,2023-01-01,,,,,,,6223,,,,,,2023-11-24,,4799,,,,,,,,,,,2025-11-27,,,,,,,,,,,,,Shared the updated proposal for review.
,,Chen Cohen,Rahul Ashby,,,SKU-9604,REF-3877,TAG-5074,SKU-7904,,,LOT-4073,,,quinn.brooks@acme-fake.test,,,,,,,,LOT-6339,,,Active Customer,Aligned on billing and renewal terms.,Vertex Energy Ltd,Copper Media Co,Active,Delta,Mexico,,,,Shared the updated proposal for review.,New Logo,,,,Y,Telecommunications,,,,,,,,,,,Website,SKU-5443,,Casey Costa,,,,,,N,,,SKU-3576,REF-8301,,,,,,,Skyler Rossi,,Illinois,Y,,,,,,,,LOT-1732,3731,100001,Company,100111,skyler.mensah@acme-fake.test,Rowan Mercer,2026-01-09 01:58:00,taylor.rossi@acme-fake.test,Rahul Nguyen,2025-06-05 15:08:00,sofia.patel@acme-fake.test,Quinn Mensah,2026-01-27 15:14:00,elena.reyes@acme-fake.test,,2024-08-21 20:40:00,Y,100001,100001,100001,100001,100001,,100001,100001,100001,,100001,100001,100001,100001,100001,100001,100001,2025-10-12 10:24:00,7644,7792,Other,Alpha,Alpha,SKU-6774,9910,8583,547,3445,5157,Beta,2026-07-25 02:12:00,3125,912,Beta,Standard,Alpha,Other,7074,6282,1235,8018,4902,Delta,2023-12-11 11:29:00,,2681,Gamma,REF-1778,Other,LOT-5964,,,9062,,,,2026-04-11,,4540,,,,,,,,,,,2024-11-11,,,,,,,,,,5027,,,2025-05-19,7700,,,,,,,2564,382,,,Alpha,2024-10-24,,,,,,,,,,,,,2023-07-28,,,,,,TAG-4230,,,,,,,Resolved the outstanding question about scope.
,,Casey Ivanov,Elena Costa,,,SKU-8940,REF-4683,TAG-7398,,TAG-8349,REF-9230,,,,chen.ashby@demomail.test,,,,REF-9793,REF-5920,Rowan Cohen,,,,,Prospect,Reviewed performance and gathered feedback.,Northwind Textiles Co,Summit Labs Co,Inactive,Delta,Canada,,,SKU-9255,Aligned on billing and renewal terms.,New Logo,,,,Y,Professional Services,,,,,,,,,,,Inbound Call,TAG-6993,LOT-8714,Rowan Rossi,LOT-4042,LOT-3551,SKU-2409,5730,,,Other,,LOT-6246,SKU-9325,,,,,,,Sofia Nguyen,,Illinois,N,,LOT-4890,,,,LOT-9656,,,3719,100001,Company,100113,marco.whitfield@acme-fake.test,Alex Dorsey,2023-07-15 11:06:00,noah.sloan@sampleco.test,Chen Dorsey,2023-12-27 01:39:00,emerson.cohen@demomail.test,Diego Brooks,2023-02-12 17:50:00,morgan.sloan@examplecorp.test,,2024-02-18 00:18:00,N,100001,100001,100001,100001,,,100001,100001,100001,100001,,100001,100001,100001,100001,,100001,2026-06-06 04:54:00,1697,8882,Gamma,Beta,Delta,LOT-6371,8048,2554,1854,3449,4307,Delta,2025-04-24 03:18:00,7068,3543,Beta,Standard,Beta,Standard,9320,2762,3674,3429,8354,Alpha,2023-03-23 00:22:00,,,,,Standard,,9716,9700,6910,6611,,,2024-01-23,,3649,Other,,,,,3746,,,5093,,2025-02-11,,,,,,,,,,,,,2025-03-06,,,,,,,,,,1461,,,2025-02-01,,,,,,,,,,,,,2026-07-05,,,,TAG-6423,,,,,,,,,Shared the updated proposal for review.
,,Diego Dorsey,Rahul Mercer,,,TAG-4018,,REF-6041,,,,REF-6602,SKU-5890,,skyler.ivanov@demomail.test,,,,,,,,REF-1044,,,Prospect,Discussed timeline and next steps with the account.,Everest Textiles LLC,Harbor Partners Group,Active,Delta,Germany,,TAG-7685,SKU-1238,Resolved the outstanding question about scope.,Standard,,,,Y,Financial Services,,,,"137,794",,,,,,,Partner,LOT-6284,REF-6391,Quinn Dorsey,TAG-7963,LOT-6829,,,,,Gamma,,REF-8493,REF-8610,,,,,,,Marco Blake,,Arizona,N,,SKU-4094,,,,,,REF-2328,,100001,Company,100115,priya.garcia@sampleco.test,Rahul Calder,2023-06-13 20:45:00,rowan.ashby@demomail.test,Omar Brooks,2026-03-11 05:49:00,jordan.okafor@acme-fake.test,Elena Silva,2026-07-26 21:47:00,noah.garcia@demomail.test,,2024-07-23 09:34:00,N,100001,100001,100001,100001,100001,100001,100001,100001,100001,,,100001,,100001,100001,,100001,2022-10-23 18:09:00,2212,3003,Standard,Gamma,Beta,LOT-1614,2730,1981,857,3556,1389,Other,2024-03-18 09:08:00,9330,1431,Standard,Standard,Beta,Standard,6054,4572,6641,301,5096,Delta,2024-04-25 07:54:00,,,Other,,Gamma,,7259,,,,,,2025-02-01,,,,,,LOT-8189,,,7303,7088,,,2023-01-23,,,,,,TAG-5857,,,,,,,2023-04-02,,,,TAG-6875,,,,,,,,,2026-05-25,,,,,,,,,,,,Standard,2025-05-25,,,,,LOT-9165,,,,,,,Standard,Aligned on billing and renewal terms.
REF-5060,,Avery Ashby,Marco Rossi,,,REF-3360,SKU-4734,TAG-6088,REF-4937,,,SKU-8340,,Alpha,alex.dorsey@acme-fake.test,Marco Whitfield,,,,,Jamie Sato,,REF-4348,,,Past Customer,Scheduled a check-in for the coming month.,Brightpath Manufacturing Co,Vertex Foods Co,Active,Other,United Kingdom,,,,Scheduled a check-in for the coming month.,Standard,,LOT-7585,SKU-6848,N,Logistics,,,,,,,,,,,Webinar,TAG-8388,LOT-4841,Aisha Costa,LOT-8716,LOT-6224,,9883,,,Beta,,,LOT-8710,,Other,,,,,Taylor Costa,Followed up on the open items from last week.,California,N,,REF-2866,,,,,,TAG-5742,5885,100001,Company,100117,arjun.reyes@examplecorp.test,Noah Whitfield,2023-03-16 04:02:00,chen.rossi@examplecorp.test,Mei Costa,2024-08-23 03:31:00,alex.haddad@demomail.test,Riley Calder,2025-01-11 16:47:00,diego.reyes@examplecorp.test,,2024-10-07 12:12:00,N,100001,100001,,100001,100001,,100001,100001,,,100001,100001,100001,100001,100001,100001,100001,2025-08-02 00:54:00,807,3572,Gamma,Delta,Alpha,REF-9400,8840,8797,9123,2779,8751,Delta,2024-05-24 19:40:00,9131,3338,Alpha,Gamma,Standard,Beta,6979,3578,4748,5137,9201,Alpha,2023-07-01 21:58:00,,6078,,,,,4646,,,,1797,,2026-01-11,,,,,Other,,,,,3766,,,2026-04-19,,,,,,,4531,,,,,,2023-11-13,5688,,,,,,,,,,3690,,2023-10-22,3979,,,,,,7824,,,8535,,,2023-03-20,,,,,,,,,,,,,Reviewed performance and gathered feedback.
,,Taylor Mensah,Omar Larsson,,,TAG-5799,TAG-3100,LOT-1369,,TAG-5602,LOT-4763,SKU-5369,,,priya.kim@examplecorp.test,,,,SKU-2575,TAG-1535,,,SKU-5512,,,Prospect,Followed up on the open items from last week.,Northwind Analytics Group,Silverline Financial Inc,Inactive,Beta,Philippines,,LOT-1369,,Reviewed performance and gathered feedback.,Standard,,,,,Logistics,,,,"14,426",,,,Other,,,Referral,LOT-4556,,Alex Whitfield,REF-2449,REF-5348,LOT-9074,2142,,,Delta,,REF-9031,TAG-3584,,,,,,,Rahul Ashby,,California,N,,LOT-6952,,,,,,REF-1460,952,100001,Company,100119,diego.reyes@acme-fake.test,Omar Costa,2023-05-05 09:15:00,riley.sato@sampleco.test,Emerson Nguyen,2024-01-03 15:24:00,emerson.rossi@examplecorp.test,Sofia Mensah,2025-08-03 18:52:00,avery.rossi@acme-fake.test,,2026-05-01 21:03:00,N,,100001,100001,100001,100001,,100001,100001,,100001,100001,100001,100001,100001,100001,100001,100001,2025-01-19 02:25:00,2492,8719,Alpha,Alpha,Alpha,TAG-3084,4775,1419,8406,116,3552,Standard,2022-11-07 00:54:00,9190,3152,Delta,Standard,Other,Gamma,5261,2946,2563,726,7211,Standard,2024-08-21 10:56:00,,,Gamma,SKU-5231,,SKU-5699,3446,,1785,,,,2023-01-31,8522,,,REF-2178,Delta,SKU-4685,,6261,,,,,2025-02-16,1251,,,,,,,,,,,,2024-07-31,,,,,,,,,,,,,2023-01-13,,,,,,,,9547,,,,,2025-01-25,,,Other,,,SKU-1086,,,4039,,,,Reviewed performance and gathered feedback.
,,Riley Ashby,Liam Ivanov,,,SKU-8093,LOT-9331,,LOT-7813,,,,,,sofia.vance@acme-fake.test,,Quinn Reyes,,LOT-2971,,,,REF-8624,,,Past Customer,Noted a concern to revisit at the next sync.,Delta Foods Corp,Blue Ridge Networks Group,Inactive,Other,Mexico,,,SKU-7903,Resolved the outstanding question about scope.,Standard,,,,Y,Retail,SKU-9642,,,,,,,,,,Referral,LOT-8402,SKU-3395,Alex Brooks,LOT-9220,SKU-2063,REF-7199,,,,Delta,,LOT-9403,SKU-1819,,Other,,,,,Sofia Calder,,New York,Y,,SKU-8981,,,,,,REF-1634,6741,100001,Company,100120,morgan.mensah@acme-fake.test,Emerson Nguyen,2026-04-09 20:32:00,reese.blake@sampleco.test,Casey Okafor,2024-03-17 07:37:00,priya.sloan@demomail.test,Taylor Patel,2023-09-23 08:47:00,alex.okafor@demomail.test,Yara Vance,2023-12-10 16:24:00,Y,100001,100001,100001,100001,100001,100001,100001,100001,,,100001,100001,100001,100001,100001,100001,100001,2025-12-23 04:42:00,1764,5828,Beta,Standard,Other,SKU-1383,3542,3142,1692,4639,1270,Other,2022-10-22 12:24:00,6381,9850,Other,Standard,Delta,Other,3032,1146,4724,5465,2116,Alpha,2024-10-06 18:27:00,6727,8366,,,Delta,,,,,1262,3936,,2024-11-01,,,,,Other,,,8900,,,,,2025-11-14,8913,,,,,LOT-7190,,,,1364,,,2024-07-04,,,,,,,1915,,,2632,,,2022-11-18,,,,TAG-4946,,,8706,,,,8808,Delta,2026-06-18,,,,,,,9017,,,,,,Resolved the outstanding question about scope.
,,Jamie Costa,Mei Mensah,,,,REF-7633,,LOT-7634,SKU-5569,,LOT-3497,TAG-9189,,taylor.ivanov@acme-fake.test,,,,LOT-4242,,,,REF-4342,,,Referral Partner,Followed up on the open items from last week.,Summit Logistics Ltd,Evergreen Industries LLP,Active,,Philippines,,,,Resolved the outstanding question about scope.,SMB,,,,,Professional Services,,,,"162,835",,,,,,,LinkedIn,SKU-1530,,Rahul Blake,SKU-7856,,,,,,Gamma,,TAG-3126,,,,,,,,Elena Ford,,Ohio,N,LOT-1445,LOT-1527,,,,,,SKU-9486,8094,100001,Company,100122,diego.brooks@sampleco.test,Emerson Calder,2023-08-09 23:03:00,aisha.patel@sampleco.test,Diego Larsson,2026-06-26 21:07:00,jamie.sloan@sampleco.test,Casey Costa,2025-11-10 23:01:00,reese.reyes@acme-fake.test,,2024-09-05 21:24:00,Y,100001,100001,100001,100001,100001,100001,100001,100001,100001,100001,100001,100001,100001,100001,100001,100001,100001,2025-01-10 15:00:00,8046,6294,Gamma,Standard,Delta,LOT-4847,952,5340,1180,345,9268,Standard,2023-11-10 00:48:00,90,2140,Alpha,Other,Gamma,Other,2850,9347,9289,2103,6625,Gamma,2024-01-16 10:19:00,,9070,,,Delta,,2147,,,8322,6730,Standard,2023-04-22,,,,,,,,,,2313,1442,,2022-10-21,,,,,,REF-9737,,744,,,,,2026-02-01,,,,,,SKU-6049,,,,,,,2022-10-13,,,Delta,,,,,,5530,,,,2023-06-03,,,,,,,3497,7607,8044,,,,Followed up on the open items from last week.
REF-5876,,Casey Mensah,Yara Haddad,,,,TAG-5912,,,,,SKU-9258,LOT-3026,,jamie.calder@sampleco.test,Nina Cohen,,,LOT-7267,REF-5805,,,SKU-6755,,,Prospect,Followed up on the open items from last week.,Silverline Networks Ltd,Everest Analytics Co,Active,Delta,Germany,,,,Scheduled a check-in for the coming month.,Enterprise,,,,Y,Logistics,,,,,,,,Gamma,,,Website,,REF-8863,Priya Larsson,TAG-5596,LOT-2083,,,,,,,TAG-9755,TAG-9868,,Beta,,"204,001",,,Emerson Nguyen,,New York,N,,TAG-9852,,,,LOT-3742,,TAG-3751,4820,100001,Company,100123,omar.garcia@acme-fake.test,Rahul Dorsey,2025-03-22 13:05:00,yara.larsson@acme-fake.test,Jordan Dorsey,2026-04-08 07:26:00,taylor.blake@acme-fake.test,Casey Costa,2025-05-14 16:30:00,marco.okafor@acme-fake.test,,2024-11-13 20:52:00,Y,100001,100001,100001,100001,100001,,100001,100001,,100001,100001,100001,100001,100001,100001,,100001,2024-06-17 19:06:00,594,1146,Delta,Standard,Beta,LOT-9236,8822,3171,6997,4837,9952,Beta,2025-06-08 14:26:00,3473,5872,Delta,Alpha,Delta,Other,2003,6460,5445,4978,2630,Other,2023-04-21 20:47:00,,,,,Delta,SKU-5037,1373,,4339,913,,,2023-01-11,3819,,,,Gamma,REF-5613,,,,,,,2024-05-29,,,Beta,,,,,,,,,,2023-06-25,,,,,,LOT-9216,,,,,4241,,2025-11-20,,,,,,,2052,,,,,,2025-01-16,,,,REF-5436,REF-4283,,,,,,,,Shared the updated proposal for review.
,SKU-5205,Alex Sloan,Omar Larsson,,,REF-2755,SKU-6234,LOT-1400,,,,,SKU-1162,,sofia.larsson@sampleco.test,,,,,,,,REF-1179,,,Referral Partner,Resolved the outstanding question about scope.,Silverline Health Inc,Evergreen Holdings Ltd,Active,Delta,United States,,,,Shared the updated proposal for review.,Standard,,,,,Construction,,,,,,,N,,,,Event,TAG-7045,REF-9897,Diego Dorsey,LOT-4901,TAG-7530,REF-6254,,,,Beta,,REF-8954,LOT-7387,,Other,,,,,Chen Patel,,California,N,,TAG-5286,,,,,REF-6477,TAG-5657,3063,100001,Company,100126,emerson.vance@examplecorp.test,Alex Whitfield,2025-02-04 12:32:00,mei.cohen@demomail.test,Taylor Haddad,2026-03-26 02:14:00,alex.sato@sampleco.test,Jamie Ivanov,2026-01-07 08:48:00,mei.reyes@demomail.test,,2025-09-19 23:28:00,N,100001,100001,100001,100001,100001,100001,100001,100001,100001,,100001,100001,,100001,100001,,100001,2025-09-14 04:23:00,7818,7239,Other,Alpha,Other,SKU-3159,3158,4797,5883,4950,4439,Alpha,2024-10-07 06:10:00,6789,7177,Gamma,Beta,Gamma,Alpha,6231,9068,428,8729,9738,Beta,2023-11-12 05:12:00,1342,,Alpha,,,,,,,,,,2023-10-10,,,,REF-3079,Beta,REF-7497,,,,,,,2025-04-15,9884,,,,,REF-8284,,,,,,,2025-02-06,,5437,,,,,,,,,,,2024-10-28,8865,,,,,,2640,,,,,Other,2023-01-03,,,,,SKU-9234,,,,,,,,Resolved the outstanding question about scope.
,,Skyler Reyes,Avery Reyes,,,LOT-5431,SKU-5489,TAG-5061,,REF-9297,,,,,reese.ashby@examplecorp.test,,,,,,,,LOT-7259,,,Active Customer,Scheduled a check-in for the coming month.,Brightpath Ventures LLP,Redwood Retail Group,Active,Gamma,Mexico,,,,Resolved the outstanding question about scope.,Enterprise,,,,Y,Education,,,,,,,,,,,Website,TAG-5058,,Yara Sato,SKU-3783,SKU-4631,,,,,Alpha,,REF-7168,TAG-3358,,Gamma,,,,,Noah Vance,,Georgia,Y,,REF-2596,,,,,,LOT-7350,9326,100001,Company,100128,avery.calder@acme-fake.test,Jamie Patel,2023-02-09 14:06:00,rowan.ivanov@examplecorp.test,Casey Vance,2023-09-22 20:04:00,chen.dorsey@acme-fake.test,Rowan Okafor,2026-05-28 07:14:00,skyler.nguyen@acme-fake.test,Jordan Reyes,2024-01-28 22:17:00,Y,100001,100001,100001,100001,,100001,100001,100001,,100001,100001,100001,100001,100001,100001,100001,100001,2026-01-06 13:41:00,7030,347,Delta,Other,Alpha,REF-2847,9120,1815,9943,5045,3255,Beta,2023-06-19 21:28:00,9639,4079,Gamma,Alpha,Standard,Beta,3817,282,8389,6441,8105,Alpha,2024-11-17 05:10:00,,,,,,REF-5130,,,,8475,,,2023-03-20,,,,,Other,LOT-7542,,,,,,,2024-08-30,,,,,,,,,,,,,2026-03-10,,,,,,,,,,,,,2024-05-15,1752,,,,Gamma,,,,,,,,2025-09-11,,,,,,,,,,,,,Reviewed performance and gathered feedback.
SKU-5636,SKU-1409,Reese Whitfield,Mei Patel,,,SKU-5887,LOT-1714,,,,,,,,marco.reyes@demomail.test,,,,,,Priya Haddad,"233,993",REF-4491,,,Active Customer,Discussed timeline and next steps with the account.,Northwind Logistics Inc,Lakeside Textiles Corp,Active,Gamma,Canada,,,,Noted a concern to revisit at the next sync.,Renewal,,,,N,Media,,,,,,Delta,,,,,Inbound Call,REF-3025,LOT-7610,Rowan Mercer,SKU-2842,SKU-8741,TAG-7922,,,,Standard,,REF-6012,TAG-8344,,Beta,,,,,Avery Sloan,,Texas,N,,TAG-1464,,,,,,REF-8491,2616,100001,Company,100129,fatima.rossi@sampleco.test,Arjun Ashby,2022-12-07 13:19:00,aisha.vance@acme-fake.test,Fatima Vance,2023-02-13 18:21:00,casey.patel@demomail.test,Rahul Calder,2026-04-23 12:57:00,arjun.sloan@acme-fake.test,,2024-11-30 22:21:00,Y,100001,100001,,100001,100001,100001,100001,100001,100001,100001,100001,100001,100001,100001,100001,100001,100001,2025-09-05 05:48:00,1920,2363,Standard,Delta,Alpha,TAG-2528,5441,5193,9749,725,4722,Delta,2024-12-31 11:11:00,1149,1959,Delta,Other,Beta,Gamma,1868,1662,5938,7636,3563,Alpha,2025-01-14 15:58:00,,7610,,,Standard,SKU-6444,,,,,,,2025-12-28,,,,,,SKU-7317,,4696,,,,,2025-07-06,,,,,,,,,,,,,2025-10-06,,,,,,,,,,4346,9832,Beta,2024-12-23,,,Gamma,,,,,,,,,Delta,2026-03-08,,,,,,SKU-6197,,,,,,,Resolved the outstanding question about scope.
LOT-9771,SKU-4332,Skyler Mensah,Sofia Sato,,,SKU-7868,,REF-3850,REF-2287,,LOT-3937,,TAG-7914,,sofia.ford@demomail.test,Aisha Ivanov,Riley Dorsey,,,,,,LOT-3454,,,Active Customer,Resolved the outstanding question about scope.,Cardinal Dynamics LLC,Redwood Logistics,Active,Delta,United States,,,,Discussed timeline and next steps with the account.,SMB,,,,Y,Financial Services,,,,,,,,Beta,,,Webinar,SKU-9254,,Omar Garcia,REF-9872,REF-4319,,2515,,,Other,,LOT-9628,LOT-8993,,,,"138,214",,,Priya Haddad,,Georgia,Y,,SKU-2253,,,,,,SKU-3922,,100001,Company,100132,emerson.mercer@acme-fake.test,Yara Kim,2023-06-01 05:33:00,jordan.nguyen@sampleco.test,Marco Ford,2025-12-08 04:58:00,sofia.rossi@examplecorp.test,Casey Haddad,2025-10-30 23:54:00,jordan.sloan@sampleco.test,,2024-06-08 22:43:00,Y,100001,100001,100001,100001,100001,100001,100001,100001,100001,,,100001,100001,100001,100001,,100001,2026-04-08 18:43:00,9980,9804,Gamma,Beta,Gamma,SKU-3869,3188,2626,5033,517,2332,Beta,2024-02-26 05:52:00,3654,2461,Beta,Other,Gamma,Standard,3095,7053,1552,4239,6347,Other,2025-03-24 02:07:00,,,,REF-2833,Alpha,LOT-9931,,,,,,,2023-04-01,,,,SKU-1981,Beta,,,,,,,,2026-05-21,,,,,,,,,,,,,2023-08-14,,,,,,,,,,9010,,,2023-09-15,2827,9963,,,,,,,,,5834,,2024-02-21,,,,,,,,,,5693,,Gamma,Noted a concern to revisit at the next sync.
,,Reese Kim,Liam Vance,,,LOT-6739,SKU-7835,REF-8695,REF-7850,,,,,,liam.haddad@acme-fake.test,,,,,,,"148,306",,,,Past Customer,Reviewed performance and gathered feedback.,Brightpath Group,Copper Group,Active,Standard,Germany,,,,Noted a concern to revisit at the next sync.,Enterprise,,,,N,Energy,,,,"164,475",,,Y,,,,Cold Outreach,REF-7550,LOT-7055,Rowan Sato,TAG-7344,REF-5819,,3687,,,Gamma,,,LOT-4670,,Delta,,,,,Jordan Mercer,,New York,Y,,SKU-9975,,,,,,TAG-8314,,100001,Company,100134,elena.nguyen@sampleco.test,Fatima Cohen,2025-10-09 21:05:00,noah.vance@sampleco.test,Chen Haddad,2026-05-14 21:57:00,rowan.ivanov@examplecorp.test,Riley Sato,2023-11-17 10:58:00,casey.mensah@sampleco.test,,2025-05-05 22:24:00,Y,100001,100001,100001,100001,100001,100001,100001,100001,100001,100001,,100001,100001,100001,100001,,100001,2024-08-25 19:59:00,1705,6934,Alpha,Beta,Beta,LOT-7624,1291,3011,3006,8601,6708,Beta,2026-01-22 14:02:00,9138,7455,Other,Standard,Other,Delta,8806,3761,4795,4168,1562,Other,2026-02-26 08:47:00,,,,TAG-1590,,,,,546,,,,2024-07-17,,7653,,,,SKU-9749,2625,,,,,,2023-05-21,,2975,,,,,,,,,,,2025-11-04,,,,,,,,,,,434,,2024-05-26,,,,TAG-5870,,,,,,,,Standard,2024-05-03,,,Beta,,,,,,,,3344,Delta,Reviewed performance and gathered feedback.
,,Sofia Okafor,Morgan Sato,,,LOT-6057,,TAG-2685,,,,,,Other,alex.brooks@acme-fake.test,,,,,SKU-8580,Rowan Whitfield,,TAG-8599,,,Active Customer,Followed up on the open items from last week.,Vertex Dynamics LLC,Copper Dynamics Co,Inactive,Gamma,Philippines,,,SKU-3664,Aligned on billing and renewal terms.,New Logo,,,,N,Logistics,,,,,,Gamma,,,,,Event,LOT-8326,,Liam Larsson,,,SKU-1808,6101,,,Standard,,SKU-8658,SKU-1489,,,,,,,Chen Vance,,New York,Y,,TAG-4359,,,,REF-2551,,SKU-8079,6170,100001,Company,100136,aisha.larsson@acme-fake.test,Aisha Patel,2026-02-18 10:34:00,drew.cohen@examplecorp.test,Arjun Kim,2023-04-16 11:30:00,drew.nguyen@demomail.test,Casey Okafor,2024-02-28 17:53:00,elena.garcia@sampleco.test,,2024-10-17 21:28:00,Y,100001,100001,100001,100001,,,100001,100001,,100001,100001,100001,100001,100001,100001,,100001,2025-10-17 13:35:00,7933,8328,Standard,Other,Gamma,TAG-7083,258,9820,5898,9305,7176,Gamma,2024-10-09 12:09:00,2145,5895,Standard,Delta,Standard,Standard,5630,3288,3869,6551,92,Gamma,2025-06-09 22:20:00,,,,LOT-3160,Other,,,1658,,6919,,,2024-08-17,,,,,,,,9398,,3610,,Alpha,2023-04-13,,,,,,,,,,,,,2025-03-31,7739,1773,,,,,,,,3689,,Other,2024-02-06,,,,,Alpha,LOT-7783,5431,,,,,,2024-06-30,,,,,,,,,,,,Beta,Followed up on the open items from last week.
,,Morgan Blake,Elena Costa,,,REF-1244,REF-4718,REF-2264,REF-8035,,,,LOT-6603,,noah.blake@sampleco.test,,Nina Garcia,,SKU-1006,,,"233,499",REF-4700,,,Active Customer,Aligned on billing and renewal terms.,Redwood Financial LLP,Evergreen Financial LLP,Active,Beta,United States,,,,Shared the updated proposal for review.,SMB,,,,Y,Construction,,,,,,,,,,,Event,,REF-6062,Riley Calder,,SKU-4573,REF-3304,7914,,,Other,,,REF-4003,,Alpha,,,,,Drew Sloan,,Arizona,N,,SKU-1600,,,,,,TAG-3457,1489,100001,Company,100139,riley.vance@examplecorp.test,Quinn Dorsey,2025-01-16 08:16:00,sofia.kim@acme-fake.test,Taylor Mensah,2026-02-08 10:24:00,jordan.ashby@acme-fake.test,Liam Reyes,2023-04-24 18:13:00,omar.silva@sampleco.test,,2026-03-18 04:23:00,Y,,100001,100001,100001,100001,100001,100001,100001,100001,100001,,100001,,100001,100001,100001,100001,2023-11-25 21:57:00,1869,9489,Delta,Standard,Alpha,REF-8373,3651,2270,9020,7104,7956,Gamma,2024-06-24 14:09:00,4509,6211,Other,Beta,Standard,Delta,3766,9013,7441,8452,3281,Other,2022-11-11 05:03:00,,,,,,,,8720,,,,,2023-09-02,,,Other,,,,7895,,,,,,2024-11-24,,,,,,,,,,9202,,,2024-10-21,,,,,,LOT-7469,,,6803,,,,2024-08-01,,,,REF-4094,,,,5648,,,,,2023-04-21,,,,,LOT-6936,,,,,,,,Discussed timeline and next steps with the account.
,,Diego Nguyen,Yara Patel,,,LOT-8852,LOT-5833,,SKU-9065,,,,,,morgan.nguyen@examplecorp.test,,,,,,,"196,498",LOT-4668,,,Referral Partner,Scheduled a check-in for the coming month.,Vertex Financial Inc,Evergreen Solutions LLC,Active,,Germany,,,,,SMB,,,,N,Energy,,,,,,,,,,,LinkedIn,LOT-1302,,Emerson Costa,LOT-3763,LOT-9033,LOT-7258,,,,Delta,,SKU-5722,,,Gamma,,,,,Yara Okafor,,Arizona,N,,TAG-4926,,,,,,REF-6633,4054,100001,Company,100141,chen.calder@sampleco.test,Emerson Nguyen,2024-01-15 07:42:00,riley.ashby@examplecorp.test,Riley Cohen,2025-04-27 23:28:00,morgan.sato@demomail.test,Nina Vance,2022-12-02 19:47:00,taylor.kim@examplecorp.test,,2023-06-25 21:04:00,Y,100001,100001,,100001,,100001,100001,100001,,,100001,100001,100001,100001,100001,100001,100001,2024-08-25 04:08:00,1555,2817,Standard,Alpha,Alpha,TAG-5074,8026,4602,2824,1891,9361,Delta,2025-10-14 14:28:00,4975,2923,Delta,Gamma,Gamma,Standard,3220,8428,8999,8754,7890,Alpha,2024-10-16 12:19:00,,,,,,,,,,,,,2025-03-29,,,,,,,,,,,,,2025-04-01,,,,,,,,,614,,,,2023-07-08,718,,,,,,,5874,,,,,2025-08-26,,,Other,,,,,,,,,,2025-11-24,,,Gamma,,,,,,,,,,Noted a concern to revisit at the next sync.
,SKU-5565,Rowan Vance,Emerson Rossi,,,,TAG-7799,LOT-7653,,LOT-2182,,,,,skyler.brooks@acme-fake.test,,Emerson Ivanov,,,LOT-5874,Arjun Calder,"46,883",SKU-5898,,,Active Customer,Discussed timeline and next steps with the account.,Everest Networks Inc,Delta Partners LLC,Active,Gamma,Mexico,,,,Noted a concern to revisit at the next sync.,New Logo,,,,Y,Telecommunications,,,,,,,,,,,Cold Outreach,REF-5006,,Mei Mercer,LOT-6051,REF-2662,,,,,Standard,,TAG-7133,TAG-4750,,Other,,,,,Elena Sato,,Florida,Y,SKU-9374,,,,,,,SKU-3907,1993,100001,Company,100142,fatima.silva@demomail.test,Reese Sloan,2024-02-16 15:42:00,mei.reyes@acme-fake.test,Quinn Ivanov,2026-06-04 23:43:00,diego.cohen@acme-fake.test,Fatima Reyes,2024-05-31 21:53:00,rowan.ford@acme-fake.test,,2022-10-03 09:47:00,Y,100001,100001,100001,100001,100001,100001,100001,100001,100001,100001,,100001,100001,100001,100001,,100001,2024-09-21 01:25:00,716,2417,Gamma,Gamma,Gamma,TAG-7650,5368,9398,5207,8152,7418,Delta,2023-01-21 15:20:00,1665,4712,Alpha,Delta,Delta,Delta,7874,1831,2503,6234,6403,Delta,2025-06-02 19:21:00,,,Other,,,REF-6949,9982,,7293,,,,2025-12-23,4296,4208,,,,,,739,9661,,,,2022-11-27,,,Beta,,,,,,6682,,,,2024-10-30,,,,,,,,,,,,,2023-09-08,,,,,Standard,,,,,,,,2025-03-10,,,,,,,,2802,,,4348,,Resolved the outstanding question about scope.
,,Avery Mensah,Elena Calder,,,REF-4516,TAG-6203,,,,,LOT-4682,,,jamie.calder@sampleco.test,,,,,TAG-9993,,"208,282",LOT-5073,,,Past Customer,Followed up on the open items from last week.,Ironwood Energy Group,Blue Ridge Health LLP,Active,Standard,Philippines,,,,Resolved the outstanding question about scope.,Renewal,,,,N,Energy,,,,,,,,,,,Partner,TAG-9418,,Emerson Garcia,,REF-8579,,9908,,,Other,,SKU-7914,REF-1632,,Gamma,,,,,Mei Patel,,New York,N,,LOT-4574,,,,,,TAG-9025,3002,100001,Company,100143,priya.sloan@acme-fake.test,Casey Patel,2024-11-01 02:25:00,quinn.vance@demomail.test,Omar Whitfield,2025-02-10 13:19:00,rahul.garcia@examplecorp.test,Avery Garcia,2024-11-14 14:24:00,taylor.dorsey@sampleco.test,,2026-04-15 16:25:00,Y,100001,100001,100001,100001,100001,100001,100001,100001,100001,,100001,100001,100001,100001,100001,100001,100001,2024-01-23 10:38:00,1012,9072,Alpha,Standard,Delta,LOT-9055,689,7853,5670,4931,5872,Standard,2025-02-26 11:30:00,3438,3506,Delta,Other,Delta,Alpha,422,2794,9020,8342,1572,Delta,2023-03-04 17:18:00,,7046,,,,,,,8576,5567,,Alpha,2025-01-17,9227,,,,,LOT-4245,,,,,,,2024-01-11,,,Other,,,,,,9274,,,,2024-02-12,1481,,,,,,,,793,,,,2025-05-13,,,,,,,4486,7969,,,,,2023-07-18,,,,,,,,,,,,,Resolved the outstanding question about scope.
,,Diego Larsson,Alex Silva,,,,REF-2536,,LOT-2795,,,,SKU-9037,,drew.mensah@acme-fake.test,,,,,,,,TAG-8582,,,Active Customer,Reviewed performance and gathered feedback.,Copper Retail Corp,Keystone Media Inc,Active,Standard,Philippines,,,,,Renewal,,,,N,Professional Services,,,,,,,,,,,LinkedIn,REF-2839,,Elena Silva,TAG-1130,REF-8735,,,,,,,LOT-7272,SKU-5704,,Other,,,,,Emerson Whitfield,,New York,N,,LOT-1271,,,,,SKU-9350,LOT-4878,,100001,Company,100146,elena.mercer@examplecorp.test,Omar Haddad,2023-07-10 18:18:00,taylor.brooks@demomail.test,Yara Reyes,2023-01-25 10:53:00,jordan.rossi@sampleco.test,Quinn Garcia,2024-05-07 19:49:00,arjun.patel@sampleco.test,,2025-06-24 06:47:00,Y,100001,100001,100001,100001,100001,,100001,100001,100001,,100001,100001,100001,100001,100001,,100001,2026-03-04 18:00:00,150,2935,Beta,Other,Alpha,REF-4335,2002,4483,1392,4521,9914,Delta,2023-09-09 09:59:00,9524,6752,Gamma,Standard,Alpha,Standard,7118,3646,1692,583,8084,Standard,2025-10-24 06:47:00,,,Delta,,,,,,5486,,,,2023-03-14,,,,,,,,7205,,,,Other,2023-05-31,,,,SKU-2243,,,,,,,,,2022-11-11,,,,,,,9638,,,,,,2026-06-22,74,,,,Beta,,,,,,,,2026-01-06,,,,LOT-3009,,,,,,,,,Scheduled a check-in for the coming month.
SKU-9925,SKU-5277,Yara Sloan,Nina Cohen,,,REF-8014,,,,,,,REF-7771,,morgan.larsson@sampleco.test,,Diego Kim,,LOT-7356,TAG-6646,,,TAG-3168,,,Prospect,Resolved the outstanding question about scope.,Copper Solutions LLP,Silverline Textiles Corp,Inactive,Other,Canada,,,,Followed up on the open items from last week.,New Logo,,,LOT-9703,Y,Financial Services,,,,,,,,,,,LinkedIn,REF-8454,TAG-8675,Marco Kim,,LOT-6765,LOT-4135,,,,Other,,LOT-9960,SKU-9964,,Standard,,,,,Jamie Larsson,,Texas,N,,LOT-1660,,,,,REF-8137,LOT-1806,1569,100001,Company,100148,avery.mensah@examplecorp.test,Skyler Mensah,2025-03-05 17:30:00,nina.whitfield@sampleco.test,Avery Sato,2023-08-18 14:34:00,noah.ford@acme-fake.test,Omar Larsson,2024-07-22 20:06:00,morgan.okafor@sampleco.test,,2025-04-08 06:15:00,Y,100001,100001,100001,100001,100001,,100001,100001,,,,100001,,100001,100001,100001,100001,2024-08-23 07:55:00,43,4725,Standard,Gamma,Delta,LOT-8790,2040,741,4709,3955,9354,Delta,2024-12-20 17:22:00,1495,6038,Beta,Other,Alpha,Alpha,3626,5694,7638,3481,1510,Standard,2025-03-13 19:34:00,,,,LOT-2237,,SKU-9505,,8624,,,,,2022-10-01,,,Other,,Delta,,,,,,,,2026-02-12,4795,,,,,,,4334,,2361,,,2026-03-31,,,,,,SKU-4974,,,8637,,2264,,2025-04-14,,,,,,,,,,,,,2023-08-26,,,,,,,,,,,,Alpha,Followed up on the open items from last week.
SKU-2800,,Taylor Vance,Emerson Sloan,,,REF-1550,LOT-8014,,,,LOT-3029,,,,casey.whitfield@demomail.test,Drew Kim,,,TAG-3969,REF-3836,,,REF-8830,,,Prospect,Scheduled a check-in for the coming month.,Cobalt Ventures Group,Horizon Media LLP,Active,Other,United Kingdom,,,,Scheduled a check-in for the coming month.,SMB,,,,Y,Manufacturing,,,,,,,,,,,Inbound Call,SKU-7689,TAG-4748,Yara Silva,TAG-3440,SKU-3800,LOT-9769,3093,,,Alpha,,TAG-8211,REF-9752,,,,,,,Nina Rossi,,Illinois,Y,,REF-9176,,,,,,SKU-6385,,100001,Company,100151,sofia.haddad@acme-fake.test,Jamie Silva,2024-09-07 09:41:00,noah.reyes@acme-fake.test,Mei Sato,2026-03-26 20:50:00,jordan.calder@demomail.test,Noah Rossi,2025-01-11 03:59:00,yara.reyes@demomail.test,,2023-02-13 09:26:00,Y,100001,100001,100001,100001,100001,100001,100001,100001,100001,100001,100001,100001,,100001,100001,100001,100001,2026-02-15 12:29:00,967,4077,Alpha,Alpha,Beta,LOT-4303,3530,8826,1556,4680,369,Beta,2024-04-27 01:54:00,8794,8131,Gamma,Beta,Beta,Other,4908,8028,425,8038,2883,Other,2024-03-12 01:12:00,,,,,,,,,,8125,4144,,2023-07-21,,,,,Beta,,,,,,,,2024-08-09,,,,,,,,,,5744,,,2023-02-01,,,,,,,,,,,,,2026-07-15,,,,,,,,,,,,,2025-08-03,,,,,,,1938,7362,2591,,,,Scheduled a check-in for the coming month.
,,Jordan Haddad,Morgan Haddad,,,,LOT-1191,,SKU-6337,,,REF-2270,,,chen.okafor@acme-fake.test,,,,,,,,LOT-9401,,,Active Customer,Aligned on billing and renewal terms.,Redwood Industries Inc,Everest Industries LLP,Active,Delta,Mexico,,,,Scheduled a check-in for the coming month.,Standard,,,,N,Technology,,,,,,,,,,,Cold Outreach,,LOT-7176,Chen Okafor,LOT-3950,TAG-7890,LOT-7286,1686,,,Gamma,,TAG-8806,REF-2844,,,,,,,Casey Cohen,,Colorado,N,,LOT-3766,,,,,,LOT-3856,,100001,Company,100153,arjun.whitfield@demomail.test,Arjun Silva,2025-04-30 11:47:00,casey.sato@acme-fake.test,Diego Ashby,2026-03-30 12:09:00,omar.reyes@acme-fake.test,Liam Calder,2026-06-25 11:50:00,sofia.sato@demomail.test,,2023-12-19 16:13:00,Y,,100001,100001,100001,100001,,100001,100001,,,,,,100001,100001,,100001,2023-05-28 14:30:00,9396,167,Other,Delta,Beta,TAG-4301,8354,1948,1927,6191,7306,Alpha,2026-07-12 14:56:00,2190,5901,Standard,Delta,Gamma,Beta,879,5336,576,7323,2557,Gamma,2023-12-05 06:25:00,7390,,,,,,,,,205,8797,,2025-12-18,,5021,,,,,,,6298,3840,,Alpha,2022-12-13,,,Beta,,,,,,,,,,2025-08-19,,,,,,,,,,,,,2025-02-05,,,,,,,,,,,,,2023-10-30,,8589,,,LOT-4038,,2836,,,,,,Resolved the outstanding question about scope.
LOT-8244,REF-8433,Jamie Garcia,Avery Kim,,,TAG-9397,,,,,TAG-4097,,LOT-5242,,noah.silva@demomail.test,,,,,,,,TAG-5434,"162,636",,Active Customer,Reviewed performance and gathered feedback.,Everest Group Co,Harbor Retail Group,Active,Other,Philippines,,,,Noted a concern to revisit at the next sync.,SMB,,,,N,Financial Services,TAG-3176,,,,,,,,,,Event,LOT-8469,SKU-8488,Fatima Patel,LOT-2955,LOT-4728,,,,,Gamma,,REF-7576,,,,,,,,Aisha Reyes,,California,N,,TAG-9534,,,,,,TAG-7788,,100001,Company,100156,morgan.haddad@acme-fake.test,Riley Patel,2023-03-19 14:11:00,jamie.silva@acme-fake.test,Nina Sato,2025-04-20 04:17:00,jamie.patel@examplecorp.test,Jordan Mensah,2024-10-08 08:54:00,emerson.brooks@sampleco.test,Liam Okafor,2024-12-14 16:46:00,Y,100001,100001,100001,100001,100001,100001,100001,100001,100001,,100001,100001,100001,100001,100001,,100001,2023-01-19 23:22:00,496,9615,Standard,Other,Gamma,LOT-7595,751,9399,9374,7930,5271,Delta,2023-02-25 06:01:00,1248,1968,Other,Other,Delta,Alpha,1829,5468,8368,8257,7455,Alpha,2023-02-28 14:41:00,,7021,,,,,,,,6552,,,2025-05-13,1969,9395,,,Gamma,,,,,5854,,,2023-11-24,,,,,,,,,,,,,2023-02-16,,,,,,,,,,,,Beta,2026-06-15,,3428,,,,TAG-6515,,,,,,Beta,2023-04-19,,,,,,,,,,,,,Resolved the outstanding question about scope.
,,Diego Vance,Nina Sato,,,SKU-9194,LOT-7885,REF-6803,LOT-1521,,,,,,mei.patel@acme-fake.test,Nina Rossi,Diego Ashby,,,,,,LOT-9148,,,Active Customer,Noted a concern to revisit at the next sync.,Keystone Holdings Corp,Lakeside Systems,Active,Beta,United States,Gamma,,,Aligned on billing and renewal terms.,New Logo,,,,N,Professional Services,,,,,,,,,,,Event,REF-1367,,Skyler Larsson,TAG-2061,SKU-1627,,,,,Delta,,LOT-4419,REF-8013,,Beta,,,,,Taylor Sato,,Ohio,N,,REF-8460,,,,,TAG-3004,SKU-5228,,100001,Company,100158,casey.larsson@demomail.test,Morgan Mensah,2025-11-28 09:36:00,nina.sloan@examplecorp.test,Morgan Ford,2026-03-08 03:09:00,emerson.rossi@examplecorp.test,Arjun Okafor,2024-07-31 13:30:00,emerson.brooks@examplecorp.test,Rahul Rossi,2025-04-25 22:41:00,N,100001,100001,100001,100001,100001,100001,100001,100001,100001,,100001,100001,100001,100001,100001,100001,100001,2026-02-20 12:35:00,8773,3309,Delta,Beta,Other,REF-3259,1946,8483,281,9378,5532,Other,2025-04-25 01:21:00,5135,9090,Alpha,Standard,Gamma,Alpha,8214,5986,7888,7714,9223,Alpha,2026-04-12 16:31:00,,5281,,,,,,,,,,,2025-10-20,,3845,,,,LOT-3022,9452,7647,,,,,2024-04-15,,,,,,,3860,7675,,,,,2022-11-30,,,,,Delta,,,,4300,,,,2023-10-18,,,,,,,,,,,,Beta,2025-04-16,,,,,,,,,,,,,Scheduled a check-in for the coming month.
,,Sofia Silva,Arjun Rossi,,,TAG-7062,,REF-6650,,SKU-7205,,,REF-8591,,drew.whitfield@acme-fake.test,,,,,,,,LOT-3807,,,Active Customer,Noted a concern to revisit at the next sync.,Cobalt Foods LLP,Cardinal Financial Co,Active,Beta,United Kingdom,,,,Scheduled a check-in for the coming month.,Standard,,,,N,Agriculture,,,,,,,,,,,Event,,,Jordan Kim,,SKU-9308,LOT-6784,6029,,,Beta,,REF-6532,TAG-6116,,Alpha,,,,,Yara Patel,,Illinois,N,,TAG-8423,,,,,TAG-5475,SKU-4807,9910,100001,Company,100161,chen.reyes@acme-fake.test,Quinn Silva,2025-04-15 20:58:00,mei.dorsey@demomail.test,Alex Cohen,2023-07-17 15:25:00,emerson.okafor@sampleco.test,Diego Mercer,2023-08-11 21:06:00,jordan.rossi@demomail.test,,2023-06-10 08:11:00,N,100001,100001,100001,100001,100001,100001,100001,100001,,100001,100001,100001,,100001,100001,100001,100001,2025-11-10 01:35:00,1587,6396,Gamma,Other,Alpha,SKU-9629,3454,4902,324,6094,5122,Gamma,2023-12-06 14:34:00,43,134,Gamma,Other,Standard,Gamma,7989,4198,4143,4576,948,Gamma,2026-04-02 17:29:00,,,Other,,,SKU-8072,,,,,,,2023-09-16,,,Delta,,,,,,,,,,2023-04-24,,,,,,TAG-1172,,,,,,,2024-02-10,,2901,,,,,,,,,,,2024-09-07,,2480,,,,,,,,,,,2023-10-18,,,,LOT-3878,,LOT-1243,,,,,,Alpha,Scheduled a check-in for the coming month.
,,Sofia Patel,Jordan Vance,,,,TAG-9972,REF-7502,TAG-9442,REF-1938,REF-3201,,,,aisha.okafor@acme-fake.test,,,,,,,,,,,Prospect,Discussed timeline and next steps with the account.,Meridian Robotics,Summit Media Inc,Active,Other,United States,,,,Discussed timeline and next steps with the account.,New Logo,,,,N,Real Estate,,,,,,,N,,,,Website,LOT-4712,,Riley Vance,SKU-8163,SKU-2707,LOT-5445,3855,,,Other,,TAG-7269,SKU-7565,,Alpha,,,,,Mei Larsson,,California,Y,,TAG-2871,,,,,,REF-9838,5494,100001,Company,100164,jordan.sloan@sampleco.test,Emerson Patel,2025-02-14 19:42:00,priya.whitfield@examplecorp.test,Rahul Calder,2024-05-28 20:38:00,drew.whitfield@examplecorp.test,Jamie Garcia,2025-11-14 03:26:00,arjun.dorsey@examplecorp.test,,2024-08-31 15:21:00,N,100001,100001,100001,100001,100001,,100001,100001,100001,100001,,100001,100001,100001,100001,,100001,2026-06-04 21:55:00,68,8667,Alpha,Standard,Other,SKU-5981,1548,193,7185,5861,1989,Gamma,2023-02-25 02:12:00,1880,457,Delta,Beta,Standard,Alpha,3121,9826,5899,6950,9593,Other,2026-02-10 13:59:00,2733,,Other,,,,,,,7856,6807,Standard,2024-11-07,,,,,,SKU-3986,,,,,,,2023-12-03,4620,,,,,REF-6826,,,,,,,2025-09-04,,,,,,,,,8499,,,,2026-03-24,1924,4241,,,Beta,,,,,,,,2024-11-12,,,,,,,,,,,,,Discussed timeline and next steps with the account.
,,Aisha Garcia,Fatima Cohen,,,LOT-8758,TAG-9536,,SKU-1840,SKU-4692,,,TAG-3666,Standard,priya.cohen@demomail.test,,,,,,,,REF-3574,,,Past Customer,Discussed timeline and next steps with the account.,Lakeside Partners Ltd,Meridian Energy LLP,Active,Beta,Australia,Standard,,,Aligned on billing and renewal terms.,SMB,,,,N,Telecommunications,,,,,,,,,,,Website,REF-4791,,Reese Larsson,REF-1649,SKU-4196,SKU-6054,,,,Beta,,TAG-9974,REF-3510,,Standard,,,,,Morgan Costa,,California,N,,SKU-5813,,,,,,SKU-9420,9079,100001,Company,100165,alex.cohen@sampleco.test,Morgan Mercer,2026-01-29 19:43:00,quinn.whitfield@demomail.test,Morgan Okafor,2022-11-18 13:27:00,drew.mensah@acme-fake.test,Jamie Ivanov,2026-07-26 22:24:00,taylor.haddad@examplecorp.test,,2024-03-07 09:26:00,Y,100001,100001,100001,100001,100001,,100001,100001,100001,100001,,100001,100001,100001,100001,100001,100001,2022-10-21 19:08:00,1560,7473,Gamma,Gamma,Gamma,LOT-3544,3957,5844,5675,242,4274,Delta,2024-12-06 17:17:00,8379,7599,Delta,Delta,Other,Beta,1109,7242,6367,4102,2981,Other,2024-11-05 12:26:00,9512,,Alpha,,,,,,,,,,2023-06-16,,,,,,,,1351,,,,,2023-02-27,,,,,,,,,,,,,2026-07-11,7533,,,,,,,,,,,,2026-07-13,,,,,,,,,,,,,2026-03-12,,,,,,,4550,,,,,,Shared the updated proposal for review.
,,Alex Sato,Chen Garcia,,,REF-5351,SKU-6421,,,,,LOT-9862,TAG-2850,,jordan.garcia@demomail.test,,Reese Patel,,,,,"230,552",REF-8268,,,Active Customer,Scheduled a check-in for the coming month.,Brightpath Analytics Corp,Meridian Networks Ltd,Active,,Australia,,,,Followed up on the open items from last week.,Enterprise,,,,N,Healthcare,,,,,,,,,,,Event,TAG-6829,TAG-2319,Nina Cohen,SKU-4557,LOT-7855,SKU-3044,115,,,Beta,,REF-3279,TAG-6802,,,,,,,Priya Kim,,Illinois,N,,LOT-8658,,,,,LOT-1390,TAG-2292,,100001,Company,100168,jamie.vance@demomail.test,Nina Reyes,2025-05-18 11:43:00,alex.sato@demomail.test,Jamie Cohen,2026-05-21 03:50:00,priya.calder@demomail.test,Chen Costa,2024-12-23 08:40:00,diego.blake@examplecorp.test,,2023-07-21 01:07:00,Y,100001,100001,100001,100001,100001,100001,100001,100001,,100001,,100001,100001,100001,100001,100001,100001,2024-09-13 10:43:00,5667,5820,Other,Beta,Delta,LOT-9879,7215,5537,5680,2553,7864,Gamma,2023-01-01 13:37:00,7335,4365,Alpha,Delta,Gamma,Beta,4794,7308,9279,9516,6333,Standard,2023-05-10 22:49:00,,6951,,,Beta,SKU-7006,2513,,,1844,,Alpha,2025-01-15,,3595,Other,,,,,,,,,,2026-06-02,6942,,,,,,,,,,,,2025-01-04,,,,,Delta,,,,,,,Alpha,2023-12-12,,,,,,,,,,,,,2026-04-29,,,,,,,,,,,,,Discussed timeline and next steps with the account.
REF-8494,LOT-3381,Aisha Ford,Emerson Sato,,,,REF-9448,TAG-9115,,,,REF-7378,,,arjun.mensah@demomail.test,,,,,,Priya Blake,"103,605",SKU-3517,,,Active Customer,Aligned on billing and renewal terms.,Northwind Group Corp,Redwood Health Group,Active,Alpha,Germany,,,,Aligned on billing and renewal terms.,Enterprise,,,,N,Logistics,,,,,,,,,,,Cold Outreach,,LOT-8683,Alex Sloan,SKU-7140,,,6212,,,,,TAG-6922,SKU-6921,,Other,,,,,Morgan Reyes,,Ohio,N,,SKU-7465,,,,,,LOT-2829,,100001,Company,100169,skyler.vance@examplecorp.test,Arjun Calder,2023-01-08 04:51:00,mei.blake@demomail.test,Emerson Okafor,2025-04-24 11:06:00,alex.haddad@sampleco.test,Riley Mercer,2024-02-23 09:43:00,jamie.kim@acme-fake.test,,2026-07-25 07:17:00,N,100001,100001,100001,100001,100001,,100001,100001,,100001,,,,100001,100001,100001,100001,2023-04-23 10:03:00,7206,3024,Standard,Standard,Standard,REF-7367,74,7002,9022,1317,6387,Delta,2024-11-17 00:36:00,617,2001,Delta,Beta,Alpha,Other,8340,8528,1236,9669,1635,Other,2026-06-07 03:11:00,9765,,,,,,,,,,,,2023-01-16,,,,,,,,3695,,,644,Other,2026-01-23,,,,,,,81,,,,,Standard,2025-04-22,,,,,,,,,,,,,2024-11-28,,9697,,,,SKU-2697,,,,,,,2025-07-19,,,,,,,,,,,,,Discussed timeline and next steps with the account.
TAG-6266,,Rahul Brooks,Mei Blake,,,REF-8406,,,,,SKU-7297,TAG-5246,SKU-4251,,yara.ashby@acme-fake.test,,,,,,Yara Cohen,,,,,Active Customer,Noted a concern to revisit at the next sync.,Cobalt Retail Corp,Falcon Media,Active,Gamma,Mexico,,,,Discussed timeline and next steps with the account.,New Logo,,,LOT-2392,N,Energy,,,,,,,,,,,Referral,TAG-8629,,Fatima Calder,TAG-7447,TAG-5255,,,,,Gamma,,,SKU-8994,,,,,,,Priya Silva,,Arizona,Y,,TAG-1759,,,,,,TAG-6837,3785,100001,Company,100171,riley.nguyen@examplecorp.test,Priya Blake,2022-10-22 12:29:00,skyler.calder@demomail.test,Noah Garcia,2024-11-07 23:44:00,avery.sloan@acme-fake.test,Mei Costa,2025-07-18 09:23:00,morgan.brooks@demomail.test,,2024-06-08 18:05:00,Y,100001,100001,100001,100001,100001,,100001,100001,,100001,100001,100001,,,100001,,100001,2024-10-21 22:53:00,5714,1382,Delta,Standard,Gamma,TAG-9717,3747,3674,7787,1963,5111,Alpha,2024-12-11 18:25:00,7751,150,Alpha,Alpha,Standard,Gamma,6362,9937,3094,1129,9372,Other,2024-03-23 23:05:00,3957,,,LOT-3372,,,864,,937,,,,2024-04-11,2583,,,,,REF-1333,9950,,,,,Gamma,2025-09-05,3982,,Beta,,,SKU-3765,,,,869,,,2024-03-01,,,,,Other,,,,,,,,2023-07-06,,,Standard,,,,,,,,,,2023-07-27,,,,,,,,,,,,,Reviewed performance and gathered feedback.
LOT-4487,TAG-2904,Mei Calder,Priya Reyes,,,,LOT-3049,REF-6003,,,,,,,rahul.rossi@sampleco.test,,Quinn Calder,,,,Quinn Dorsey,,SKU-3256,,,Active Customer,Reviewed performance and gathered feedback.,Brightpath Textiles Group,Delta Analytics Group,Active,Delta,United Kingdom,,,,Followed up on the open items from last week.,Standard,,,,Y,Healthcare,,,,,,,,,,,Event,REF-3333,LOT-1122,Arjun Sloan,SKU-6084,TAG-7651,TAG-7636,2859,,,Gamma,,TAG-1726,SKU-3133,,Alpha,Other,"225,569",,,Omar Vance,,Florida,Y,,REF-2917,,,,,,TAG-9892,7595,100001,Company,100172,emerson.calder@demomail.test,Morgan Ford,2024-06-08 12:37:00,yara.okafor@sampleco.test,Casey Cohen,2023-02-01 01:37:00,nina.okafor@examplecorp.test,Casey Mensah,2023-06-18 14:32:00,casey.nguyen@sampleco.test,,2026-07-05 00:44:00,N,100001,100001,100001,100001,100001,100001,100001,100001,,100001,100001,100001,100001,100001,100001,100001,100001,2024-04-07 23:54:00,7403,4597,Beta,Delta,Beta,SKU-4708,1836,6585,676,7619,2263,Alpha,2024-09-18 13:38:00,1971,7211,Gamma,Standard,Standard,Delta,8266,4337,7573,8158,9936,Beta,2023-09-13 06:26:00,,,,,,,,,,,,,2024-11-06,4076,,,,,,,,,3276,,,2023-11-03,,6623,,,,,,,,,,,2023-04-13,,,,,Gamma,,,,,,8558,,2023-09-01,,,,,,,,,,95,,Beta,2023-12-12,,,,,,,,4719,,,,,Scheduled a check-in for the coming month.
,TAG-2219,Emerson Costa,Taylor Calder,,,REF-8214,,LOT-2633,,,,,,,marco.silva@examplecorp.test,,,,,,,,SKU-2950,,,Active Customer,Shared the updated proposal for review.,Everest Labs LLP,Cobalt Group Inc,Active,Alpha,Canada,,,,Reviewed performance and gathered feedback.,Standard,,,,Y,Agriculture,,Delta,,,,,,,,,Cold Outreach,LOT-8793,SKU-4610,Rahul Garcia,SKU-3419,REF-4776,TAG-8717,,,,Other,,SKU-2863,TAG-8143,,Alpha,,,,,Aisha Calder,,Georgia,Y,,REF-5279,,,,,,LOT-8814,9082,100001,Company,100173,jordan.cohen@sampleco.test,Elena Patel,2022-10-17 00:51:00,priya.whitfield@sampleco.test,Arjun Ivanov,2026-02-13 22:39:00,sofia.rossi@examplecorp.test,Liam Okafor,2023-05-02 17:25:00,aisha.whitfield@examplecorp.test,,2023-05-22 01:59:00,N,100001,100001,100001,100001,100001,100001,100001,100001,,100001,100001,100001,100001,100001,100001,100001,100001,2025-11-14 07:54:00,5511,1465,Alpha,Gamma,Gamma,SKU-5979,9471,3566,6690,5947,3270,Standard,2024-12-31 15:19:00,1981,5151,Other,Delta,Beta,Alpha,436,8675,7197,9338,3085,Gamma,2023-11-07 17:23:00,,,,,,,,949,,,,,2025-09-08,,,,,,TAG-3487,,,6690,,,,2026-03-28,,,,,,,,,,,,,2023-05-03,,,,,,,,,,,,Standard,2026-02-03,,,,TAG-3717,,,,6777,,,5918,,2024-07-17,,7323,Gamma,,,,,,,,,,Aligned on billing and renewal terms.
,,Taylor Calder,Avery Mensah,,,LOT-1908,SKU-9037,,SKU-4387,,,,,,fatima.dorsey@sampleco.test,,,,,,Sofia Cohen,"197,508",,,,Referral Partner,Shared the updated proposal for review.,Copper Industries,Brightpath Energy LLC,Inactive,Standard,Germany,,,SKU-2134,Reviewed performance and gathered feedback.,New Logo,,,,Y,Financial Services,,,,,,Delta,,,,,Webinar,REF-4425,,Nina Reyes,SKU-9630,REF-3497,TAG-5695,5406,,,Delta,,TAG-6346,REF-5577,,Alpha,,,,,Sofia Silva,,New York,N,,SKU-8131,,,,,,TAG-1326,6199,100001,Company,100176,morgan.larsson@demomail.test,Marco Reyes,2025-03-04 04:26:00,fatima.ivanov@acme-fake.test,Chen Garcia,2026-05-22 03:04:00,avery.kim@demomail.test,Jamie Garcia,2026-04-10 03:07:00,taylor.kim@acme-fake.test,,2024-09-11 07:52:00,N,100001,100001,100001,100001,100001,100001,100001,100001,100001,,,100001,100001,100001,100001,,100001,2025-12-31 06:23:00,8866,8518,Delta,Delta,Other,LOT-3970,129,5562,7531,8829,3834,Gamma,2026-05-24 19:07:00,1732,8461,Standard,Other,Gamma,Beta,2924,4915,8818,5409,4633,Beta,2025-12-18 01:02:00,,3912,Standard,,,,242,,5964,,9656,,2024-06-29,1193,,,LOT-3637,Delta,,,,,,3661,Standard,2022-12-12,,,,,,,,,,,,Other,2025-07-30,,,,REF-9032,,,,,,8118,,,2023-08-30,,,Beta,,,,,,,,,,2025-07-27,,,,,,,,,,,,,Aligned on billing and renewal terms.
,,Skyler Ivanov,Fatima Reyes,,,LOT-6232,TAG-7647,,SKU-4107,TAG-9573,REF-5001,TAG-6007,,,drew.patel@sampleco.test,,,,,,Marco Calder,,,,,Prospect,Shared the updated proposal for review.,Falcon Group Co,Granite Energy LLP,Active,Gamma,Germany,,,,Aligned on billing and renewal terms.,New Logo,,,,Y,Construction,SKU-1610,,,,,,,,,,LinkedIn,LOT-1397,,Noah Dorsey,REF-9942,REF-4338,,6104,,,Other,,REF-5571,REF-5368,,Beta,,,,,Noah Larsson,,Illinois,Y,,SKU-1423,,,,,,LOT-7924,1734,100001,Company,100177,noah.garcia@sampleco.test,Yara Sloan,2025-03-25 06:55:00,alex.rossi@demomail.test,Nina Haddad,2023-12-02 16:13:00,quinn.garcia@sampleco.test,Avery Kim,2023-11-02 00:48:00,noah.ashby@acme-fake.test,,2023-06-25 00:35:00,Y,100001,100001,100001,100001,100001,100001,100001,100001,,,100001,100001,,100001,100001,100001,100001,2026-03-15 14:59:00,2817,6220,Alpha,Delta,Other,TAG-5843,4410,6064,396,2059,3152,Standard,2023-03-16 12:07:00,8875,2676,Other,Delta,Other,Beta,1532,80,3388,5805,9613,Gamma,2024-09-22 08:12:00,,,,,,LOT-6133,,,,2133,,,2025-01-05,,,,,,REF-1713,2202,,,,,,2024-05-13,,,,,,,,,,,,,2025-01-25,,,,,,,,,,,,,2024-01-23,8943,,,,,,,275,,,,,2025-02-18,,,Standard,,,,,,,,,,Resolved the outstanding question about scope.
,REF-8099,Aisha Patel,Fatima Dorsey,,,SKU-2844,REF-1460,,,,,,,,rahul.mercer@acme-fake.test,,,,,,,"206,595",SKU-5273,,,Active Customer,Scheduled a check-in for the coming month.,Delta Partners,Summit Holdings Corp,Active,Beta,United States,,SKU-5880,,Scheduled a check-in for the coming month.,New Logo,,,REF-2500,N,Logistics,,,,,,,,,,,Cold Outreach,LOT-1071,TAG-7138,Reese Silva,SKU-9772,LOT-3938,LOT-4154,995,,,Delta,,LOT-2903,LOT-6384,,Beta,,,,,Fatima Whitfield,,Texas,N,,LOT-2373,,,,LOT-4510,,LOT-7717,1077,100001,Company,100178,noah.okafor@examplecorp.test,Rahul Mercer,2024-07-15 19:55:00,reese.larsson@acme-fake.test,Mei Sloan,2025-09-15 08:33:00,jordan.okafor@sampleco.test,Avery Mensah,2025-01-04 15:02:00,liam.whitfield@acme-fake.test,,2025-01-26 06:26:00,N,,100001,100001,100001,100001,100001,100001,100001,100001,,,100001,,100001,100001,,100001,2023-11-24 06:33:00,5815,1994,Beta,Delta,Standard,SKU-7896,8757,6450,7947,2342,1869,Other,2025-07-06 00:17:00,922,2212,Gamma,Beta,Standard,Beta,9923,5002,5155,5427,122,Other,2026-04-20 20:23:00,2737,,,TAG-1161,Standard,,,3521,,,3561,,2025-03-04,,,,,,,6151,,,,,Standard,2023-08-24,,,,,,,,,,,,,2022-12-21,,,,,Beta,,,,,2454,6208,,2023-01-08,,,,,,,,,,,658,,2023-10-07,,,,,,,,,,,,,Shared the updated proposal for review.
,,Jamie Okafor,Rahul Ford,,,REF-3930,REF-1026,,TAG-6853,,,,TAG-5520,,jordan.blake@sampleco.test,,,,,,,"183,536",,,,Active Customer,Shared the updated proposal for review.,Atlas Retail Co,Pioneer Manufacturing Corp,Active,Standard,United States,,,,Followed up on the open items from last week.,New Logo,,,,Y,Education,,,,"224,159",,,,,,,Webinar,SKU-5918,REF-8666,Nina Nguyen,LOT-2390,SKU-7923,SKU-3660,7757,,,Gamma,,REF-5005,SKU-5725,,Alpha,,,,,Jordan Nguyen,,Colorado,Y,,SKU-3405,,,,,,SKU-9367,9385,100001,Company,100180,arjun.silva@sampleco.test,Morgan Patel,2025-05-20 09:47:00,aisha.rossi@examplecorp.test,Chen Blake,2026-01-19 10:01:00,fatima.sloan@examplecorp.test,Marco Patel,2025-09-06 16:16:00,fatima.ashby@examplecorp.test,,2024-03-07 04:19:00,Y,,100001,,100001,100001,100001,100001,100001,,100001,,100001,100001,100001,100001,,100001,2024-02-20 13:36:00,7171,6535,Beta,Beta,Other,TAG-3351,7227,4736,391,8332,8240,Standard,2026-04-05 00:38:00,5019,3392,Standard,Other,Beta,Standard,173,514,1332,1103,9800,Alpha,2023-10-12 23:37:00,,,,,,,8751,,,,,,2024-05-01,,,,,Alpha,,,,,4711,4660,,2025-06-25,,9494,,,,,,,,,,Alpha,2024-09-19,,2192,,TAG-7204,,,,,,,,,2022-11-28,,6745,,,,,,9396,,8023,,,2022-11-14,,,,SKU-2436,,,,,,,,,Noted a concern to revisit at the next sync.
LOT-9681,,Emerson Haddad,Nina Blake,,,,LOT-9340,REF-6550,,,,,,,diego.ford@demomail.test,Quinn Vance,Jordan Nguyen,,,TAG-5597,,"240,515",,,Alpha,Active Customer,Reviewed performance and gathered feedback.,Falcon Systems,Ironwood Retail LLP,Active,Other,Mexico,,REF-1133,,Reviewed performance and gathered feedback.,Standard,,,,Y,Professional Services,,,,,,,,Alpha,,,Webinar,LOT-8573,LOT-7232,Rahul Silva,LOT-9669,SKU-7619,REF-4646,,,,Delta,,LOT-3078,SKU-6544,,Other,,,,,Sofia Ashby,,Illinois,N,,REF-7935,,,,,,SKU-8957,,100001,Company,100182,drew.ivanov@examplecorp.test,Omar Sato,2024-05-23 09:35:00,marco.patel@acme-fake.test,Taylor Silva,2024-11-24 21:16:00,skyler.blake@sampleco.test,Taylor Ashby,2024-01-25 23:46:00,emerson.ashby@demomail.test,,2023-12-03 12:10:00,Y,100001,100001,,100001,100001,,100001,100001,100001,100001,,100001,,,100001,,100001,2023-06-13 13:59:00,6855,6209,Other,Gamma,Other,REF-8648,7309,7598,573,2623,8704,Beta,2025-08-08 22:59:00,7456,8466,Other,Gamma,Alpha,Beta,2042,2746,9452,3156,6722,Alpha,2025-02-23 10:15:00,,,,,,,,,,1778,,,2024-10-27,4503,,,,,,,,,,,,2025-04-10,,,Delta,,SKU-5561,,,,,,,,2022-10-02,,,,TAG-7093,Other,,,8535,,,,,2025-02-05,,,,,,,,,,5507,,,2025-01-14,,,,,,,,,,1449,,,Resolved the outstanding question about scope.
TAG-3458,,Avery Rossi,Aisha Whitfield,,,REF-6059,LOT-8713,SKU-8888,REF-7594,,,,REF-8991,,aisha.silva@demomail.test,,Priya Rossi,,,REF-4957,,,REF-2800,,,Active Customer,Resolved the outstanding question about scope.,Harbor Holdings LLC,Lakeside Analytics Corp,Active,Other,United States,,,,Reviewed performance and gathered feedback.,SMB,,,,N,Education,,,,"25,491",,,,,,,Cold Outreach,REF-1430,,Priya Haddad,REF-7754,REF-9407,,2727,,,Standard,,,SKU-2276,,Beta,,,,,Diego Vance,,Georgia,N,TAG-2108,SKU-3198,,,,,,,,100001,Company,100184,yara.costa@demomail.test,Jordan Blake,2026-07-13 23:35:00,fatima.dorsey@acme-fake.test,Fatima Larsson,2024-04-25 19:36:00,jamie.larsson@acme-fake.test,Liam Kim,2025-01-15 13:17:00,fatima.silva@examplecorp.test,,2023-02-19 11:44:00,Y,100001,100001,,100001,100001,100001,100001,100001,100001,100001,,100001,100001,100001,100001,,100001,2024-05-05 09:32:00,4781,7246,Standard,Beta,Other,LOT-7327,3604,2515,8506,2259,1325,Delta,2024-04-15 17:49:00,5095,7862,Other,Delta,Other,Beta,4835,8785,5828,5176,4785,Other,2024-09-13 21:51:00,,,,,,,,,,6599,,,2025-10-10,6198,,,,Beta,SKU-8148,,,,,,,2025-01-07,,,,,,,,,,,,,2023-03-24,,,,,,,,,,,,,2025-01-29,,,,LOT-7316,,REF-6066,8966,,,,,,2026-01-13,,,Other,,SKU-7369,,,1246,,,,Alpha,Discussed timeline and next steps with the account.
,,Yara Sloan,Priya Larsson,,,,REF-3510,,,,,,LOT-3209,,alex.ashby@examplecorp.test,,,,,SKU-7396,Riley Rossi,,TAG-3371,,,Active Customer,Resolved the outstanding question about scope.,Delta Retail Co,Beacon Solutions Ltd,Active,Beta,India,,,,Scheduled a check-in for the coming month.,New Logo,,,,N,Agriculture,,,,,,,,,,,Referral,TAG-4911,TAG-1223,Reese Ivanov,LOT-6390,LOT-3491,SKU-7116,9904,,,Delta,,TAG-9935,SKU-9845,,Gamma,,,,,Jordan Patel,,Florida,N,,LOT-8103,,,,REF-3738,,TAG-8105,150,100001,Company,100185,skyler.sato@demomail.test,Nina Rossi,2025-02-28 10:21:00,emerson.brooks@demomail.test,Chen Rossi,2024-04-30 22:34:00,arjun.kim@demomail.test,Elena Whitfield,2025-08-10 22:13:00,arjun.kim@examplecorp.test,,2024-07-11 07:36:00,Y,100001,100001,,100001,100001,100001,100001,100001,,100001,100001,100001,100001,100001,100001,,100001,2024-07-12 07:44:00,4155,3056,Gamma,Alpha,Beta,LOT-9940,8237,5091,1112,3483,2746,Alpha,2025-12-26 04:26:00,8971,8854,Gamma,Alpha,Delta,Beta,8881,1934,1079,6853,5444,Alpha,2025-05-13 09:44:00,,9354,,SKU-9703,,,,,,,,,2024-03-03,2153,2520,,,,SKU-2515,,,,,,,2025-09-01,,,,,,,,,,,,,2022-10-01,,,,,,,,,,,,,2025-10-19,4368,,,TAG-7715,,,3928,2395,,9591,,,2025-04-22,1044,,Standard,,,,,,,,,,Scheduled a check-in for the coming month.
,,Avery Ivanov,Alex Silva,,,SKU-3032,TAG-2078,TAG-5513,,,TAG-1662,,,,elena.vance@sampleco.test,Drew Nguyen,,,,LOT-7348,Jordan Kim,,LOT-2100,,,Active Customer,Shared the updated proposal for review.,Brightpath Analytics Co,Cobalt Foods Inc,Active,Gamma,Germany,,,,Aligned on billing and renewal terms.,Standard,,,,Y,Healthcare,,,,,,,,,,,Cold Outreach,REF-2793,,Elena Ford,REF-1685,,TAG-9280,7775,,,Beta,,,REF-4085,,,,,,,Reese Reyes,,Washington,N,,REF-1489,,,,,,REF-8653,,100001,Company,100186,aisha.sloan@demomail.test,Casey Ashby,2024-03-13 14:14:00,casey.nguyen@sampleco.test,Reese Reyes,2023-10-25 21:28:00,sofia.silva@demomail.test,Omar Larsson,2026-07-10 18:00:00,casey.larsson@sampleco.test,,2025-06-04 04:24:00,N,100001,100001,,100001,100001,,100001,100001,100001,100001,100001,100001,100001,100001,100001,100001,100001,2024-06-27 07:51:00,8696,4026,Beta,Gamma,Delta,REF-1311,4280,2229,6718,652,153,Alpha,2023-04-30 12:38:00,8670,6635,Other,Delta,Alpha,Delta,4654,2166,2131,9586,892,Standard,2023-06-24 10:53:00,,,Other,,,SKU-4297,4233,,,7344,5519,,2023-07-05,,,,,,,,,,,,,2026-01-26,,,,,,,,,,,,,2023-02-02,,,,,,,,,,,,,2026-05-01,,,,,,,,,,,,,2024-11-26,,,,REF-8804,,,,,,7206,,,Resolved the outstanding question about scope.
,,Omar Mercer,Jamie Calder,,,REF-1451,,TAG-8549,SKU-4655,,,,REF-7661,,elena.whitfield@examplecorp.test,Noah Sloan,Quinn Silva,,,,,,TAG-8341,,,Past Customer,Scheduled a check-in for the coming month.,Keystone Robotics Ltd,Evergreen Logistics Ltd,Active,Other,United States,,,,Followed up on the open items from last week.,Enterprise,,,,N,Financial Services,,,,,,,,,,,Inbound Call,SKU-3906,TAG-5447,Arjun Reyes,TAG-3210,,,3400,,,Delta,,LOT-9761,SKU-8817,,Alpha,,,,,Nina Rossi,Discussed timeline and next steps with the account.,Illinois,Y,,,,,,REF-3653,,LOT-7694,6487,100001,Company,100188,liam.rossi@demomail.test,Elena Brooks,2023-07-07 03:58:00,jamie.kim@sampleco.test,Morgan Brooks,2023-09-13 03:16:00,arjun.ford@demomail.test,Rowan Sato,2024-06-01 02:50:00,riley.whitfield@sampleco.test,,2024-11-03 08:27:00,Y,100001,100001,100001,100001,100001,100001,100001,100001,100001,,100001,100001,100001,100001,100001,100001,100001,2025-12-20 05:55:00,6156,5445,Other,Standard,Delta,SKU-9552,5732,8337,1994,8093,6834,Beta,2023-07-02 18:35:00,6553,6329,Beta,Alpha,Alpha,Gamma,5891,7503,4314,754,5326,Delta,2023-12-13 12:31:00,7550,,,REF-2495,,,,,,,,,2023-11-15,,,Other,,Delta,,,,,,3432,,2026-02-06,,,,REF-9932,,,,,,,,,2023-12-04,9787,,,REF-9263,,,,,,3193,,,2023-02-17,,,,,,,,,1364,,,,2025-04-20,,,,,,,,,,,,Alpha,Resolved the outstanding question about scope.
,,Quinn Silva,Chen Reyes,,,,TAG-8510,TAG-1490,,REF-2186,,,REF-1828,,casey.cohen@examplecorp.test,Reese Mensah,,,,,Sofia Ivanov,,SKU-6452,,,Active Customer,Reviewed performance and gathered feedback.,Meridian Health Inc,Redwood Group Co,Active,Other,Mexico,,,,Followed up on the open items from last week.,Enterprise,,,,N,Retail,,,,,,,,,,"207,228",Website,REF-1031,SKU-9302,Diego Ford,TAG-2347,REF-3884,,,,,Other,,TAG-8456,LOT-9511,,Gamma,,,,,Rowan Ford,,California,N,,LOT-3032,,,,,,TAG-3499,2579,100001,Company,100189,rahul.garcia@sampleco.test,Arjun Costa,2026-07-24 08:08:00,priya.garcia@acme-fake.test,Quinn Ivanov,2026-07-28 18:25:00,sofia.mensah@acme-fake.test,Morgan Whitfield,2023-05-01 02:21:00,sofia.sato@demomail.test,,2026-05-31 12:27:00,Y,100001,100001,100001,100001,,,100001,100001,100001,100001,100001,100001,,,100001,100001,100001,2022-12-23 18:26:00,9416,6464,Delta,Delta,Delta,SKU-3708,1842,2642,378,7996,8463,Beta,2025-10-19 18:24:00,8022,7631,Beta,Delta,Alpha,Alpha,328,1748,585,1640,4576,Gamma,2023-06-03 08:06:00,,,,,,,,3683,,,,,2023-09-20,,,,SKU-7535,,REF-4379,,,,9079,,Other,2026-02-05,,,,,,TAG-2938,,,,,,,2025-03-20,,,,,,,,755,,,,Delta,2023-06-11,,,,,,,,,,,,,2023-11-10,,,,,,,,,,,,,Scheduled a check-in for the coming month.
TAG-7106,,Jamie Ford,Priya Silva,,,SKU-4088,TAG-9024,LOT-4920,TAG-7771,,,,SKU-6584,,quinn.calder@demomail.test,,,,,SKU-6511,,,REF-6487,,,Active Customer,Scheduled a check-in for the coming month.,Blue Ridge Labs Group,Horizon Financial Group,Active,Beta,India,,,,Resolved the outstanding question about scope.,New Logo,,,,N,Energy,,,,,,,,,,,Event,REF-5633,LOT-6632,Rowan Larsson,REF-6021,REF-7208,,,,,Gamma,,SKU-6673,TAG-9272,,,,"64,339",,,Emerson Patel,,Ohio,N,,REF-8917,,,,,,REF-6055,,100001,Company,100190,chen.whitfield@acme-fake.test,Liam Patel,2025-02-14 00:22:00,marco.patel@acme-fake.test,Aisha Ashby,2026-03-17 02:20:00,alex.blake@examplecorp.test,Reese Ivanov,2024-10-20 20:05:00,mei.vance@acme-fake.test,,2024-09-27 21:57:00,Y,100001,100001,100001,100001,100001,,100001,100001,,100001,100001,100001,100001,100001,100001,,100001,2025-02-27 08:04:00,8026,9660,Other,Delta,Beta,TAG-9423,2370,7819,4095,2549,1836,Delta,2025-01-21 22:10:00,959,5125,Gamma,Other,Other,Other,7258,877,609,4109,1502,Alpha,2022-11-03 03:51:00,,,Delta,,,SKU-2586,,,9256,,,,2024-10-22,,,,,,SKU-6208,,,3121,,,,2024-08-24,,,,,TAG-1092,,,8568,,,8681,,2023-01-03,3703,,,,,,5384,3501,,,,,2024-05-24,,,,,Delta,,,,,,,,2024-02-05,1812,,,,,,,7480,,,,,Scheduled a check-in for the coming month.
,,Alex Ivanov,Casey Mensah,,,SKU-8291,LOT-8750,TAG-3805,LOT-4785,,,LOT-8430,,Beta,elena.mercer@demomail.test,,,,,LOT-8680,,,LOT-2945,,,Active Customer,Shared the updated proposal for review.,Harbor Industries Co,Horizon Systems Ltd,Active,Alpha,United Kingdom,,,,Shared the updated proposal for review.,New Logo,,,,N,Energy,,Beta,,,,,,,,,LinkedIn,,TAG-1056,Aisha Calder,LOT-8745,TAG-6819,,4844,,,Other,,TAG-7996,LOT-7850,,Gamma,,,,,Jordan Dorsey,Discussed timeline and next steps with the account.,Florida,Y,,,,,,,,TAG-5304,6686,100001,Company,100192,skyler.reyes@acme-fake.test,Liam Haddad,2024-11-13 20:57:00,liam.kim@sampleco.test,Omar Mercer,2022-11-29 05:28:00,rowan.mensah@acme-fake.test,Drew Haddad,2025-03-07 06:11:00,rowan.whitfield@examplecorp.test,,2025-11-28 02:33:00,N,100001,100001,100001,100001,100001,,100001,100001,100001,100001,,100001,,100001,100001,100001,100001,2024-02-25 07:14:00,2831,6765,Standard,Standard,Gamma,LOT-5387,7625,9813,1606,6265,499,Delta,2025-06-15 08:07:00,3710,4290,Gamma,Delta,Alpha,Delta,222,3573,9704,5152,3777,Alpha,2025-11-23 07:06:00,,,,,,,3473,2751,,,,,2025-02-14,7959,,,,,,,,,,,,2025-09-14,,,,,,,6596,,,,5160,,2026-05-22,,,,,,,,,5940,,,,2025-10-08,,6049,,,,,,,,,,,2023-07-15,8130,,,,,,,,,,,,Shared the updated proposal for review.
,,Rahul Ashby,Marco Sloan,,,REF-5177,LOT-1371,SKU-3821,,,,TAG-8994,TAG-2020,,morgan.mercer@examplecorp.test,Rahul Dorsey,,,,,,"197,928",SKU-5756,"182,452",,Past Customer,Aligned on billing and renewal terms.,Delta Analytics Ltd,Beacon Labs Inc,Active,Delta,United States,,,,Discussed timeline and next steps with the account.,Standard,,,,Y,Professional Services,,,,,,,,,,,Website,,LOT-9837,Liam Brooks,LOT-2688,TAG-3252,,,,,Standard,,LOT-1970,REF-7684,,Standard,,,,,Noah Ivanov,,Georgia,N,,REF-3325,,,,,,,2230,100001,Company,100195,marco.blake@demomail.test,Casey Blake,2023-07-10 17:20:00,liam.okafor@demomail.test,Taylor Ivanov,2022-12-21 00:41:00,reese.garcia@sampleco.test,Elena Sloan,2022-10-14 06:55:00,skyler.vance@examplecorp.test,,2024-01-06 06:38:00,N,100001,100001,100001,100001,100001,100001,100001,100001,,100001,100001,100001,,100001,100001,100001,100001,2025-06-02 14:26:00,6761,6482,Delta,Alpha,Beta,TAG-7834,7897,4138,3731,5858,79,Alpha,2023-02-05 06:40:00,5213,1515,Alpha,Delta,Gamma,Delta,8891,5793,7519,5881,5941,Delta,2024-05-27 09:36:00,,9359,Gamma,,Alpha,,,,,,9092,Delta,2025-05-18,,,,,Alpha,,3914,,,,,,2025-01-31,,,,,,,,,7426,,,,2025-12-02,,2002,,,Beta,,3645,,,,,Standard,2023-09-04,,,,,Beta,,,,,,2200,Gamma,2023-02-25,,,,,,,,,,,,,Shared the updated proposal for review.
,REF-1246,Jamie Rossi,Elena Sloan,,,TAG-9364,SKU-3078,TAG-3953,TAG-4069,,,TAG-8230,,,drew.calder@sampleco.test,,,,,,,,LOT-3750,,,Referral Partner,Scheduled a check-in for the coming month.,Summit Solutions,Summit Partners LLP,Active,Gamma,India,,REF-4090,,Reviewed performance and gathered feedback.,New Logo,,,,Y,Agriculture,,,,,,,,,,,Partner,SKU-5172,,Morgan Okafor,TAG-4426,SKU-6117,,,,,Other,,REF-5373,LOT-8663,,,,,,,Drew Sloan,,Arizona,N,,TAG-8754,,,,,,,7577,100001,Company,100197,arjun.okafor@acme-fake.test,Quinn Blake,2023-01-26 15:07:00,rowan.mensah@acme-fake.test,Marco Sloan,2024-12-02 22:42:00,liam.cohen@examplecorp.test,Sofia Silva,2025-02-03 05:39:00,aisha.blake@examplecorp.test,Diego Sloan,2023-08-08 02:50:00,Y,100001,100001,100001,100001,100001,,100001,100001,100001,,100001,100001,100001,,100001,100001,100001,2026-03-13 16:35:00,8820,7846,Alpha,Alpha,Standard,SKU-9186,4194,4616,1994,4151,5056,Delta,2025-11-23 20:13:00,4352,5394,Alpha,Gamma,Beta,Other,7367,9169,7421,6265,9814,Gamma,2023-08-17 13:57:00,,,,TAG-3305,Alpha,,,,4627,,,,2023-11-16,7116,,,,Delta,,,,,,,,2023-07-15,,,,,,TAG-5748,5648,,,,,,2024-10-22,,,,,,,,,,,,,2023-10-24,8808,,,,Other,,,,,,,,2025-01-27,,,Delta,,,,,,,,,,Noted a concern to revisit at the next sync.
,,Quinn Mensah,Quinn Mercer,,,REF-7914,,,,,,REF-2602,,,casey.vance@demomail.test,Fatima Okafor,,,,,,,SKU-5137,,,Active Customer,Noted a concern to revisit at the next sync.,Evergreen Logistics LLP,Delta Analytics Co,Active,Standard,Australia,,,,Resolved the outstanding question about scope.,Enterprise,,,,N,Construction,,,,,,,,,,,Partner,,SKU-6525,Mei Blake,REF-4636,,LOT-4765,6653,,,Standard,,LOT-4505,TAG-2797,,Beta,,,,,Taylor Ford,,Washington,N,LOT-6750,LOT-8022,,,,,,LOT-6657,3901,100001,Company,100200,elena.garcia@sampleco.test,Taylor Kim,2026-02-19 03:53:00,rowan.garcia@sampleco.test,Aisha Calder,2026-07-05 11:00:00,rahul.cohen@acme-fake.test,Liam Ford,2025-08-21 13:01:00,reese.patel@demomail.test,,2024-10-12 17:41:00,N,100001,100001,100001,100001,,100001,100001,100001,100001,100001,100001,100001,,100001,100001,100001,100001,2025-11-08 21:40:00,2161,7846,Gamma,Alpha,Delta,TAG-8680,8314,3954,4391,2158,8940,Beta,2026-03-09 17:26:00,6335,2528,Delta,Delta,Standard,Standard,7204,5437,9509,2104,6699,Alpha,2024-07-15 03:45:00,,9897,,,,,,,,,,,2024-05-13,,,,,,,9164,8263,,,3063,,2025-05-10,,,,,LOT-8210,,,,,,,,2024-11-13,,,,,,SKU-6528,,,,,,,2025-11-23,1467,,,,,,,7934,,,,,2026-02-09,,,,,,,5776,,3332,,,,Reviewed performance and gathered feedback.
,REF-5589,Noah Costa,Priya Okafor,,,LOT-1025,TAG-1309,,TAG-7998,,,,TAG-6545,Beta,sofia.cohen@acme-fake.test,,,,,,Chen Sato,,SKU-3028,,,Past Customer,Shared the updated proposal for review.,Cobalt Networks Group,Vertex Health LLC,Active,Other,United States,,,SKU-9775,Noted a concern to revisit at the next sync.,Enterprise,,,,,Real Estate,,,,,,,,,,,Referral,TAG-5455,SKU-4243,Emerson Whitfield,TAG-7410,TAG-8185,,,,,Gamma,,,LOT-3830,,Alpha,,,,,Taylor Ivanov,Shared the updated proposal for review.,New York,Y,REF-7836,SKU-4594,,,,,,TAG-9436,4599,100001,Company,100203,drew.whitfield@acme-fake.test,Sofia Whitfield,2024-11-28 10:32:00,marco.ivanov@acme-fake.test,Omar Costa,2023-11-07 13:45:00,yara.rossi@demomail.test,Chen Costa,2026-02-28 11:37:00,rowan.larsson@sampleco.test,,2023-07-24 13:14:00,Y,100001,100001,100001,100001,100001,100001,100001,100001,100001,100001,100001,100001,100001,100001,100001,100001,100001,2024-02-20 16:34:00,1231,3683,Beta,Delta,Other,TAG-9869,3868,4398,7703,9031,4897,Gamma,2023-08-14 22:53:00,3164,9488,Standard,Delta,Alpha,Standard,643,4229,3766,7131,1277,Standard,2026-06-05 04:31:00,5839,,,,Delta,,2304,,,,,,2025-12-20,,,,,,,,,,,,,2026-07-27,,,,,SKU-1648,,,,,,,,2024-09-09,,,,,,,,,,,,Alpha,2026-03-06,,,,,,,,,,,5184,,2024-08-03,,,,,,,,,,,,,Reviewed performance and gathered feedback.
TAG-2715,,Avery Ford,Arjun Reyes,,,TAG-7675,SKU-5020,,TAG-4609,,,,,Beta,liam.brooks@demomail.test,,Casey Costa,,REF-6248,,,,TAG-9704,,,Past Customer,Scheduled a check-in for the coming month.,Beacon Media Inc,Harbor Industries Inc,Active,Gamma,India,,,,Aligned on billing and renewal terms.,Standard,,,,N,Technology,,,,,,,,,,,Referral,,TAG-7197,Fatima Silva,LOT-2340,REF-6758,REF-5898,,,,Other,,,TAG-6753,,Gamma,,,,,Drew Silva,,Ohio,N,,SKU-2110,,,,,,REF-8447,9895,100001,Company,100205,drew.haddad@examplecorp.test,Omar Cohen,2025-05-09 06:48:00,rowan.calder@acme-fake.test,Aisha Brooks,2025-07-20 22:26:00,emerson.dorsey@sampleco.test,Jordan Nguyen,2022-12-15 20:56:00,fatima.nguyen@demomail.test,,2023-07-15 19:58:00,N,100001,100001,100001,100001,100001,100001,100001,100001,,,100001,100001,100001,100001,100001,100001,100001,2026-06-16 05:35:00,124,1197,Gamma,Beta,Gamma,LOT-5872,4544,53,8575,5415,2221,Alpha,2025-07-21 07:13:00,6206,8353,Delta,Alpha,Standard,Standard,3758,6,4129,161,9604,Gamma,2022-11-11 04:56:00,,1767,,,,,,3919,6800,3256,4558,,2025-10-14,,,,,,,5394,,,,,Gamma,2024-05-31,,,Gamma,,,,,,,,,,2025-01-26,,,,,,,,,,,,Delta,2022-11-24,,,Delta,,,,,,,,,,2022-10-24,8004,,Beta,,,,8171,,,,,,Followed up on the open items from last week.
,,Jamie Ashby,Casey Nguyen,,,,,,,TAG-1829,,,,,marco.haddad@sampleco.test,,,,REF-8816,,,,LOT-5984,,,Past Customer,Shared the updated proposal for review.,Harbor Industries LLP,Lakeside Media Group,Active,,Australia,,,,Discussed timeline and next steps with the account.,SMB,,,TAG-7711,N,Energy,,,,,,,,,,,Website,,REF-9102,Skyler Brooks,SKU-9797,REF-2422,TAG-8063,737,,,Delta,,,SKU-9953,,Other,,,,,Rowan Reyes,,Arizona,N,,TAG-9896,,,,,,SKU-1284,,100001,Company,100206,elena.dorsey@examplecorp.test,Reese Ashby,2022-10-25 18:50:00,arjun.larsson@examplecorp.test,Jamie Calder,2026-04-20 17:26:00,elena.nguyen@examplecorp.test,Mei Kim,2024-10-12 11:33:00,arjun.ford@demomail.test,,2025-02-13 10:57:00,Y,100001,100001,100001,100001,100001,100001,100001,100001,100001,100001,,100001,,100001,100001,100001,100001,2024-09-15 23:31:00,7376,1936,Standard,Gamma,Standard,LOT-5627,1869,7096,5956,1080,3312,Beta,2025-03-03 18:01:00,7266,8633,Gamma,Alpha,Beta,Other,4429,1303,5035,8146,5720,Delta,2025-02-12 07:28:00,,,,,,,,,,,,,2026-01-26,591,,,,,,,1768,944,,,Delta,2024-01-28,,,,,,,,,,,,Beta,2022-10-11,,,,,,,,,,,,,2025-06-12,,,,,,,,,4022,,,,2025-11-16,,,,SKU-4587,,,,,,,,,Reviewed performance and gathered feedback.
,,Quinn Dorsey,Sofia Ashby,,,LOT-1326,SKU-9739,,SKU-4917,,,,,Standard,avery.rossi@demomail.test,,,,LOT-2758,TAG-1110,Fatima Whitfield,,,,,Active Customer,Reviewed performance and gathered feedback.,Summit Capital Co,Keystone Textiles Corp,Active,Beta,Philippines,,,,Shared the updated proposal for review.,New Logo,,,,N,Financial Services,,,,,,,,,,,Webinar,,,Rowan Dorsey,LOT-8157,LOT-4233,,7513,,,Other,,REF-7177,,,Gamma,,,,,Quinn Sloan,,Colorado,Y,,LOT-5835,,,,,,TAG-1461,,100001,Company,100208,elena.ford@acme-fake.test,Nina Calder,2024-12-16 11:31:00,reese.reyes@examplecorp.test,Aisha Blake,2026-02-17 15:48:00,diego.silva@acme-fake.test,Aisha Larsson,2024-11-23 20:42:00,jordan.haddad@examplecorp.test,,2024-08-11 04:16:00,Y,100001,100001,,100001,100001,100001,100001,100001,,,,,100001,100001,100001,,100001,2023-12-03 05:46:00,3494,6643,Alpha,Delta,Other,TAG-4093,4111,9195,3348,6051,351,Beta,2024-06-03 02:28:00,1430,7965,Beta,Gamma,Gamma,Alpha,2227,1431,3670,8337,4887,Delta,2024-08-11 22:34:00,,3626,,,,SKU-2263,,,,,8781,,2023-03-16,,,Standard,TAG-4312,,,,,,,,,2025-03-09,,,,,LOT-9553,,,389,,,,,2025-02-28,,2783,,,,,,,5274,,,,2025-01-17,,,,,,,,,,,,,2025-05-27,,7095,,REF-7802,,,,,,,,Alpha,Shared the updated proposal for review.
,,Avery Rossi,Reese Larsson,,,SKU-1181,LOT-7935,LOT-7966,,,,TAG-3380,REF-5733,,omar.rossi@acme-fake.test,,,,REF-5910,TAG-7327,,,REF-1272,,,Active Customer,Shared the updated proposal for review.,Silverline Robotics LLC,Ironwood Retail LLC,Active,Other,Australia,,SKU-1213,,Resolved the outstanding question about scope.,Standard,,,,Y,Logistics,,,,,,,,,,,Referral,SKU-6040,,Liam Patel,LOT-2749,LOT-1437,LOT-7316,5073,N,,Alpha,,TAG-5746,SKU-1367,,Other,,,,,Morgan Nguyen,,Texas,Y,,TAG-7932,,,,,,SKU-3486,1572,100001,Company,100209,sofia.ashby@acme-fake.test,Reese Larsson,2023-03-01 13:05:00,sofia.ford@examplecorp.test,Skyler Ford,2025-10-02 08:47:00,priya.sato@sampleco.test,Omar Mensah,2023-03-03 21:11:00,jamie.cohen@examplecorp.test,Drew Garcia,2025-04-13 16:02:00,Y,,100001,100001,100001,100001,100001,100001,100001,100001,100001,100001,100001,100001,100001,100001,100001,100001,2023-04-10 12:10:00,3034,9806,Beta,Other,Alpha,SKU-2982,8647,8354,4221,5813,1208,Beta,2026-04-19 05:05:00,4703,2587,Standard,Alpha,Other,Other,2273,3805,3847,4637,1429,Standard,2025-03-14 22:20:00,,,,,,REF-2606,,,,3594,439,,2023-05-03,,,Gamma,SKU-8988,,,,,,,49,,2026-06-17,,,,LOT-2680,,,,1421,,,,,2026-07-24,,,,,,,,,,,,,2024-07-26,,,Delta,,Other,REF-6936,,,,,,,2026-03-14,,,,,,,,,2205,,,,Aligned on billing and renewal terms.
SKU-6083,,Riley Nguyen,Taylor Whitfield,,,TAG-8627,TAG-6735,SKU-1590,,,,TAG-5365,,,omar.ivanov@acme-fake.test,,,,,REF-6134,,,,,,Past Customer,Shared the updated proposal for review.,Meridian Capital LLC,,Active,Standard,Mexico,,,,Shared the updated proposal for review.,Renewal,,,,Y,Technology,,,,,,,,Alpha,,,Partner,REF-2313,LOT-1657,Casey Costa,REF-2770,TAG-3861,REF-7817,,,,Delta,,SKU-6537,REF-6566,,Gamma,,,,,Quinn Kim,,California,Y,,SKU-3320,,,,,,SKU-4590,5198,100001,Company,100212,marco.nguyen@acme-fake.test,Alex Vance,2026-04-27 13:36:00,skyler.ashby@sampleco.test,Priya Costa,2024-06-07 16:22:00,avery.mensah@demomail.test,Liam Ford,2024-12-26 10:24:00,marco.blake@acme-fake.test,Arjun Cohen,2025-03-17 11:46:00,N,100001,100001,100001,100001,,,100001,100001,100001,100001,100001,100001,100001,100001,,100001,100001,2025-11-19 08:25:00,7173,2220,Delta,Gamma,Beta,TAG-2444,5694,8570,4068,5900,893,Alpha,2023-04-23 12:50:00,9166,4286,Alpha,Standard,Other,Delta,4283,4866,3827,2950,5237,Gamma,2023-10-28 16:37:00,,,,,,,,,,,,Gamma,2024-08-04,,,,,,LOT-3472,,,3132,,572,,2023-02-06,,4261,,,,,,,,4917,,,2022-11-17,,3189,,,,,,,,,,,2023-02-02,,,,,,TAG-1436,,,,,,,2024-01-14,1619,,,,,,,,,,5483,,Followed up on the open items from last week.
LOT-4920,,Jamie Mensah,Sofia Sloan,,,LOT-2813,SKU-9503,LOT-7342,,,,SKU-3781,,Standard,emerson.reyes@examplecorp.test,Elena Cohen,,,LOT-8239,,,,,,,Past Customer,Reviewed performance and gathered feedback.,Ironwood Manufacturing Co,Everest Solutions LLC,Active,Beta,Mexico,,,TAG-3340,,Enterprise,,SKU-9951,,Y,Construction,TAG-9213,,,,,,,,,,Webinar,LOT-8206,,Arjun Silva,,REF-1668,,,,,Other,,SKU-6351,SKU-2107,,Gamma,,,,,Jordan Calder,,New York,N,,TAG-8904,,,,,,TAG-2117,6687,100001,Company,100213,arjun.patel@demomail.test,Noah Sloan,2023-09-28 02:20:00,rowan.sloan@sampleco.test,Jamie Reyes,2025-11-10 21:50:00,drew.okafor@examplecorp.test,Fatima Sloan,2026-02-13 10:17:00,fatima.calder@sampleco.test,,2023-10-02 00:01:00,N,100001,100001,100001,100001,100001,100001,100001,100001,100001,,,100001,100001,100001,100001,100001,100001,2023-03-23 05:22:00,4877,142,Gamma,Delta,Standard,LOT-5317,6017,2208,2671,2167,4326,Delta,2023-10-20 22:24:00,17,4409,Gamma,Standard,Gamma,Other,9896,661,1655,3223,6152,Delta,2025-03-23 17:42:00,,,,REF-8091,,REF-6383,1366,,,4195,,,2023-02-16,,,Alpha,,,,,,,,,,2023-01-08,,,,,,,,,,,3924,,2023-03-12,,,,,,,,,,,4790,Other,2025-05-20,,,Other,,,,,,,,,,2023-12-30,,,,,,SKU-2739,,,,,,,Followed up on the open items from last week.
,,Emerson Rossi,Alex Larsson,,,REF-3785,SKU-9115,TAG-5317,,,REF-6066,,,,rahul.ford@acme-fake.test,,,,TAG-5664,,,,LOT-3173,,,Active Customer,Aligned on billing and renewal terms.,Keystone Textiles Inc,Keystone Systems Corp,Inactive,Beta,Mexico,,,LOT-3615,Reviewed performance and gathered feedback.,New Logo,,,,N,Retail,,,,,,,,,,,Inbound Call,SKU-5778,,Liam Costa,TAG-1736,TAG-1497,LOT-1228,6697,,,Gamma,,REF-5828,TAG-5848,,Beta,,,,,Fatima Blake,,Colorado,Y,,SKU-1035,,,,,,TAG-9507,4843,100001,Company,100215,drew.mercer@acme-fake.test,Nina Sato,2025-05-24 02:29:00,diego.mercer@examplecorp.test,Nina Ashby,2023-09-24 12:29:00,taylor.ford@demomail.test,Chen Vance,2026-05-31 01:57:00,fatima.ashby@demomail.test,Sofia Sato,2024-06-09 20:23:00,N,100001,100001,100001,100001,100001,,100001,100001,,,,100001,100001,100001,100001,,100001,2025-08-03 06:55:00,2542,9515,Gamma,Gamma,Gamma,TAG-4610,351,5005,3141,4142,6168,Beta,2026-06-17 04:01:00,6896,3270,Other,Other,Standard,Standard,7162,7951,3403,3413,2152,Delta,2023-12-21 15:05:00,,,Standard,,,REF-9197,,,8889,,,,2022-10-26,,,,,,,9037,985,4936,,,,2025-01-05,,,,,,,,,,,,,2023-09-08,,,,,,,,7543,,,,,2026-07-04,,,,,,,,,,7329,,,2024-01-20,,573,,,,,,,,,,,Shared the updated proposal for review.
,,Nina Sloan,Skyler Cohen,,,SKU-1918,REF-5279,,,,,,,,sofia.mercer@examplecorp.test,Casey Ashby,Priya Dorsey,,,,Reese Costa,,LOT-8593,,,Prospect,Shared the updated proposal for review.,Falcon Health LLC,Horizon Ventures Group,Active,Other,Germany,,,,Shared the updated proposal for review.,New Logo,,,,N,Energy,,,,,,,,,,,Cold Outreach,LOT-7401,,Avery Ivanov,,LOT-2599,REF-3449,,,,Delta,,TAG-7993,,,Standard,,,,,Alex Rossi,,Illinois,Y,,SKU-9410,,,,REF-6028,TAG-8789,SKU-4890,2614,100001,Company,100216,drew.vance@acme-fake.test,Riley Sato,2024-11-25 14:59:00,yara.larsson@acme-fake.test,Reese Larsson,2024-10-01 10:47:00,nina.dorsey@examplecorp.test,Rowan Ford,2023-05-26 21:06:00,mei.reyes@examplecorp.test,,2022-10-12 16:30:00,Y,100001,100001,100001,100001,100001,,100001,100001,,100001,,100001,100001,100001,100001,100001,100001,2025-02-11 18:54:00,7836,4887,Standard,Delta,Gamma,TAG-8199,7663,3573,4322,3755,8522,Other,2023-02-25 08:01:00,8437,2132,Other,Alpha,Delta,Other,8775,4636,4808,1835,2363,Beta,2024-03-24 15:28:00,9212,9555,,,Other,,,,,,,,2024-10-10,,,Other,,,,5806,,,,,,2022-12-29,,,,,,,,,,,,,2025-03-09,,,,,Delta,TAG-1907,4131,,,,,Standard,2023-12-21,2445,,,,,,,,9860,,,,2025-10-31,,,,,,,,,,5431,,,Noted a concern to revisit at the next sync.
,,Taylor Sloan,Avery Dorsey,,,REF-9774,LOT-1271,,LOT-4528,REF-8417,,,REF-4867,,reese.blake@acme-fake.test,Aisha Larsson,,,,REF-9915,,"185,444",,,,Referral Partner,Aligned on billing and renewal terms.,Cobalt Robotics,Meridian Analytics LLC,Active,Beta,Philippines,,,,Discussed timeline and next steps with the account.,Standard,,LOT-9795,,Y,Education,,,,,,,Y,,,,Event,LOT-1488,,Arjun Larsson,SKU-7154,,TAG-5867,7241,,,Alpha,,REF-1123,,,Alpha,,,,,Fatima Okafor,,New York,Y,,REF-2885,,,,REF-2178,,LOT-6102,7724,100001,Company,100217,marco.rossi@sampleco.test,Jordan Ashby,2025-03-17 04:34:00,riley.vance@acme-fake.test,Rahul Cohen,2025-07-25 23:06:00,nina.rossi@sampleco.test,Riley Silva,2026-03-25 15:03:00,riley.haddad@acme-fake.test,,2026-06-19 23:50:00,Y,100001,100001,100001,100001,,100001,100001,100001,,,100001,100001,,100001,100001,100001,100001,2023-10-29 23:45:00,2654,2882,Standard,Other,Standard,TAG-5141,1791,5199,3470,5748,8892,Delta,2024-07-27 12:49:00,9172,1461,Delta,Standard,Standard,Other,1557,9477,4486,7039,872,Delta,2024-09-06 14:59:00,,,,,,,,1305,,,,,2025-06-12,,,,,,LOT-4197,1591,2516,,,,Gamma,2025-12-09,,,,LOT-7368,,,,,,,,,2024-03-02,,2529,,REF-1618,Beta,,,,,,,,2024-07-17,,,,,,SKU-7227,,3460,8049,,,,2026-04-24,,,,,,,,,,,,,Followed up on the open items from last week.
,,,Rowan Rossi,,,TAG-5413,TAG-6470,LOT-8379,,,,,,,aisha.garcia@demomail.test,,,,TAG-8263,REF-2061,,,REF-1710,"94,299",,Active Customer,Noted a concern to revisit at the next sync.,Redwood Media LLP,Blue Ridge Industries Inc,Active,Delta,Germany,,,,Aligned on billing and renewal terms.,Renewal,,REF-3399,,,Healthcare,,,,,,,,,,,Cold Outreach,TAG-8902,SKU-2717,Chen Sloan,TAG-8128,REF-2233,REF-1157,,,,Gamma,,TAG-7532,TAG-8642,,Standard,,,,,Taylor Garcia,,Florida,N,,TAG-6654,,,,SKU-8401,,TAG-6118,4866,100001,Company,100220,yara.larsson@acme-fake.test,Reese Blake,2023-02-18 10:10:00,priya.mensah@acme-fake.test,Jordan Sloan,2024-01-12 14:14:00,alex.sato@sampleco.test,Sofia Silva,2026-06-26 07:27:00,casey.sato@sampleco.test,,2024-01-13 15:18:00,N,100001,100001,100001,100001,100001,100001,100001,100001,100001,,,100001,100001,100001,100001,100001,100001,2026-04-16 13:24:00,2301,4138,Alpha,Delta,Standard,REF-1646,8890,4027,9258,7952,1900,Standard,2026-03-13 01:28:00,9424,8376,Standard,Alpha,Gamma,Alpha,545,3492,8804,5640,6285,Standard,2025-05-09 18:11:00,,2563,,,,,,,,,,,2022-12-10,,7402,,,Beta,,,1115,,6550,,,2024-08-30,,,,,,,,,,,,,2024-04-11,,,,,,,,,,,,,2026-02-18,,,Alpha,,,SKU-9635,,,,,,,2023-10-20,3922,8740,Alpha,,TAG-7056,,,,,,6826,Delta,Scheduled a check-in for the coming month.
,,Drew Calder,Drew Reyes,,,LOT-2699,REF-9950,LOT-6555,REF-4190,LOT-4608,,,,,rahul.cohen@acme-fake.test,,,,,,Priya Larsson,,LOT-7703,,,Referral Partner,Reviewed performance and gathered feedback.,Keystone Systems Inc,Ironwood Financial Group,Active,Alpha,Germany,,,,Shared the updated proposal for review.,Enterprise,,,,Y,Media,,,,,,,,,,,Website,,LOT-7157,Aisha Reyes,,TAG-8040,LOT-7866,,,,Standard,,LOT-8194,TAG-3707,,Other,,,,,Skyler Ashby,,Georgia,N,,REF-5614,,,,,,REF-7326,622,100001,Company,100223,fatima.vance@acme-fake.test,Marco Ivanov,2025-08-25 16:13:00,avery.mensah@demomail.test,Noah Ford,2026-06-16 03:01:00,jordan.costa@acme-fake.test,Avery Blake,2023-04-29 23:42:00,noah.larsson@examplecorp.test,,2022-10-01 17:06:00,Y,100001,100001,,100001,100001,,100001,100001,,100001,100001,100001,,100001,100001,,100001,2025-01-22 22:06:00,5805,1898,Other,Beta,Beta,REF-3027,4417,1003,3660,2049,3952,Delta,2025-11-09 10:46:00,6257,3005,Standard,Standard,Beta,Other,6549,730,6269,4896,9566,Other,2023-06-13 16:04:00,,,,REF-5198,,,,,,9965,,,2025-06-19,,,,,Delta,LOT-4570,,,7593,,,Standard,2025-04-16,,,,TAG-3550,,,,,,,,,2025-02-20,,,,,,LOT-5589,172,,1791,8391,,Alpha,2026-05-12,,,,,,,,,,,,,2026-07-06,,,,,,,,,,9593,6825,,Discussed timeline and next steps with the account.
TAG-8396,REF-6918,Arjun Haddad,Jamie Whitfield,,,SKU-7473,SKU-7700,REF-6773,,,,,,,rowan.calder@sampleco.test,,,,,TAG-3296,,"65,650",REF-5473,,,Active Customer,Noted a concern to revisit at the next sync.,Lakeside Industries Inc,Granite Partners Corp,Active,Beta,Mexico,,,,Noted a concern to revisit at the next sync.,SMB,,TAG-3129,REF-4928,Y,Logistics,,,,,,,,,,,Website,REF-1578,REF-2459,Omar Reyes,REF-2449,TAG-3401,,1265,,,Other,,SKU-1001,LOT-2503,,Alpha,,,,,Rowan Okafor,,Arizona,N,,LOT-5328,,,,,TAG-4882,SKU-4755,8768,100001,Company,100224,emerson.ashby@sampleco.test,Aisha Cohen,2024-11-22 22:32:00,arjun.sloan@acme-fake.test,Casey Cohen,2026-06-21 01:14:00,fatima.dorsey@sampleco.test,Rowan Sato,2023-08-01 22:34:00,chen.silva@examplecorp.test,,2025-11-19 10:31:00,Y,100001,100001,100001,,100001,100001,100001,100001,100001,100001,100001,100001,,100001,100001,100001,100001,2023-04-12 10:29:00,951,1277,Gamma,Other,Gamma,SKU-8154,3571,855,6827,2400,2021,Alpha,2025-06-27 02:24:00,7432,2058,Beta,Delta,Beta,Beta,814,5165,7159,739,7177,Standard,2023-12-19 08:13:00,,,Beta,,Delta,,,,,8193,3521,Other,2023-02-01,,,,,,,,,,,,,2022-12-02,,,,,,,,,6026,,,,2024-08-28,,,,,,SKU-9369,,807,,,,,2023-02-17,,4719,,,,,,4884,,,,,2026-04-16,,,,,,,9745,,9056,4103,6985,,Reviewed performance and gathered feedback.
,,Reese Mercer,Morgan Calder,,,,TAG-9165,,REF-4300,,,REF-2873,,Delta,jordan.ashby@demomail.test,,,,,,,,REF-6296,,,Active Customer,Discussed timeline and next steps with the account.,Pioneer Partners Corp,Evergreen Energy Corp,Inactive,Alpha,Philippines,,,,Noted a concern to revisit at the next sync.,New Logo,,,,Y,Media,,,,,,,,,,,Cold Outreach,,SKU-9221,Elena Nguyen,TAG-6513,TAG-5767,LOT-7130,9905,,,Gamma,,,REF-8967,,Beta,Delta,,,,Riley Costa,,Washington,Y,,REF-7628,,,,,,,3957,100001,Company,100227,morgan.nguyen@sampleco.test,Fatima Garcia,2026-02-24 06:18:00,mei.ashby@sampleco.test,Omar Sato,2023-09-13 03:40:00,reese.dorsey@sampleco.test,Reese Garcia,2024-09-11 09:25:00,casey.dorsey@acme-fake.test,,2023-08-29 20:29:00,N,100001,100001,100001,100001,100001,100001,100001,100001,,,,100001,100001,100001,100001,100001,100001,2024-06-24 00:42:00,4722,4634,Other,Standard,Delta,TAG-6534,2947,6832,4731,4229,6477,Standard,2024-12-02 16:37:00,9782,6629,Gamma,Gamma,Beta,Beta,8655,4268,7167,611,2889,Beta,2025-02-18 11:14:00,,,,,,,8860,,,,,Delta,2025-04-03,,794,Other,,Beta,,9316,,,,,,2025-12-22,,6832,,,,,,,,,,,2023-07-29,3930,,,,,,9111,,2144,,,,2024-11-01,,,,,,LOT-8493,,5948,3484,,,,2025-06-28,,,,REF-5283,,,,,2921,,,,Followed up on the open items from last week.
,,Yara Sloan,Mei Okafor,,,SKU-5405,LOT-8751,SKU-1939,,TAG-5037,,,,,chen.okafor@sampleco.test,Quinn Sato,,,,,,,LOT-8605,,,Past Customer,Aligned on billing and renewal terms.,Falcon Robotics,Blue Ridge Financial LLP,Active,Gamma,Mexico,,,,Scheduled a check-in for the coming month.,Renewal,,,,Y,Technology,,,,,,,,,,,Referral,SKU-7938,,Taylor Mercer,REF-4383,LOT-2340,SKU-8537,9479,,,,,TAG-4260,SKU-9604,,Delta,,,,,Yara Mercer,,New York,N,,LOT-8788,,,,,,REF-8019,4067,100001,Company,100229,rowan.sloan@sampleco.test,Noah Okafor,2026-05-01 01:23:00,jamie.mercer@sampleco.test,Riley Garcia,2024-01-18 13:03:00,chen.cohen@examplecorp.test,Omar Sato,2022-11-08 21:20:00,jamie.silva@acme-fake.test,,2023-08-30 00:23:00,N,100001,100001,100001,100001,100001,100001,100001,100001,100001,,,100001,100001,100001,100001,,100001,2025-08-23 20:30:00,2360,3382,Beta,Gamma,Standard,LOT-7109,3342,6466,5689,7392,5677,Gamma,2024-09-21 14:18:00,3873,862,Gamma,Alpha,Beta,Other,9000,3665,5536,6638,5545,Delta,2022-12-16 12:45:00,,1252,,,,,,,,,,,2025-06-19,,,Beta,SKU-5609,,,,,,,,,2026-07-23,,,,,,,,,,,,Alpha,2026-02-27,,,,,,,,1758,,,,,2023-04-23,,,,,Other,,,,9132,,2325,,2023-12-24,,,,,,,,,,,,,Shared the updated proposal for review.
,REF-9609,Nina Kim,Jamie Sato,,,REF-8016,REF-2215,,,LOT-9570,,,,,liam.brooks@demomail.test,Liam Haddad,,,,TAG-8658,Marco Cohen,,SKU-5667,,,Active Customer,Noted a concern to revisit at the next sync.,Meridian Partners,Delta Solutions Inc,Active,Alpha,Mexico,,,,,Standard,,,,Y,Logistics,,,,,,,,,,,Partner,LOT-1658,REF-1973,Mei Brooks,LOT-7022,TAG-7466,REF-2978,,,,Gamma,,LOT-5418,TAG-9053,,,,,,,Jamie Rossi,,Ohio,Y,,TAG-5291,,,,LOT-3764,REF-9372,LOT-4104,1070,100001,Company,100232,drew.rossi@examplecorp.test,Diego Mercer,2025-06-23 16:18:00,sofia.calder@examplecorp.test,Sofia Patel,2024-12-26 18:35:00,noah.mensah@acme-fake.test,Riley Vance,2023-08-21 06:32:00,quinn.ashby@demomail.test,,2026-03-19 19:47:00,N,,100001,,100001,100001,100001,100001,100001,100001,,100001,100001,,100001,100001,,100001,2023-12-11 17:05:00,5512,4150,Beta,Beta,Gamma,LOT-8497,3911,8873,2449,9670,639,Standard,2026-04-07 02:48:00,5226,3342,Delta,Standard,Alpha,Gamma,4970,8213,7223,4354,6325,Gamma,2025-09-19 07:21:00,,,Alpha,TAG-1343,,,,,,,,Alpha,2022-11-13,,,,,,,,,,4678,2538,,2023-07-05,,,,,,,,,,,,,2023-06-30,,3131,Beta,,,,,,,8148,,,2024-07-19,4305,,,,Delta,,,4076,,,,,2026-05-27,,590,,,,,,,,,5842,,Noted a concern to revisit at the next sync.
,,Jamie Vance,Avery Brooks,,,REF-2471,,TAG-1593,,,,,,,reese.nguyen@demomail.test,Taylor Silva,,,,,,,LOT-8845,,,Past Customer,Noted a concern to revisit at the next sync.,Keystone Textiles Corp,Cobalt Robotics Inc,Active,Gamma,Germany,,,SKU-2126,Aligned on billing and renewal terms.,New Logo,,,,,Agriculture,,,,,,,,,,,Referral,SKU-3749,REF-8944,Quinn Mensah,LOT-8096,SKU-5361,,2427,,,Other,,,,,Standard,,,,,Morgan Nguyen,,Texas,Y,,TAG-2205,,,,,,SKU-4948,4905,100001,Company,100234,emerson.ivanov@demomail.test,Riley Vance,2023-10-13 11:24:00,arjun.ivanov@acme-fake.test,Yara Larsson,2023-10-28 00:57:00,nina.garcia@demomail.test,Drew Cohen,2025-10-22 11:21:00,quinn.vance@demomail.test,Alex Ivanov,2025-12-19 09:25:00,Y,100001,100001,100001,100001,100001,100001,100001,100001,,,,100001,100001,100001,100001,100001,100001,2025-01-17 02:50:00,5773,6758,Alpha,Beta,Beta,LOT-6532,7232,9841,8723,4709,2995,Other,2023-10-25 10:38:00,1916,3582,Standard,Standard,Standard,Alpha,6225,7754,1049,2140,4480,Other,2025-11-10 13:29:00,,,,,,,,4011,,,,,2024-11-08,,,,,,,,,,6625,,Standard,2022-11-13,,,,,,,,,,,,,2025-08-17,,,,,,,9386,7553,,,,,2023-02-12,,,,,Standard,,8848,,2659,672,,,2025-10-31,,,,,,,,,,,502,,Discussed timeline and next steps with the account.
TAG-5769,,Emerson Ford,Riley Cohen,,,,REF-1165,LOT-8052,SKU-7556,SKU-3425,,,LOT-5701,Alpha,liam.kim@demomail.test,,,,,SKU-9660,,,REF-6144,,,Past Customer,Noted a concern to revisit at the next sync.,Cardinal Financial Group,Delta Logistics,Active,Alpha,Philippines,,,,Aligned on billing and renewal terms.,SMB,,SKU-4835,LOT-8939,N,Healthcare,,,,,,,,,,,Event,LOT-9800,,Quinn Kim,LOT-9882,SKU-2735,LOT-7561,,,,Other,,TAG-3947,TAG-8965,,Alpha,,,,,Omar Brooks,,Ohio,N,,LOT-4523,,,,,,REF-7937,123,100001,Company,100235,jordan.sloan@sampleco.test,Quinn Cohen,2023-07-10 19:11:00,reese.blake@sampleco.test,Arjun Sloan,2025-11-13 03:27:00,skyler.vance@demomail.test,Noah Reyes,2025-03-10 02:20:00,elena.cohen@demomail.test,,2023-01-20 10:38:00,Y,100001,100001,100001,100001,100001,100001,100001,100001,100001,100001,100001,100001,,100001,100001,,100001,2025-11-24 05:12:00,854,3318,Gamma,Gamma,Other,TAG-6305,5529,3368,1773,9908,8661,Standard,2024-06-02 01:30:00,1591,8647,Delta,Beta,Beta,Other,3544,6998,9567,8813,551,Gamma,2023-06-17 03:03:00,,812,,,,TAG-4839,2106,3818,,,9364,,2023-07-22,921,,,,,,,7689,,4693,,Delta,2024-03-24,,,,,,,,,,,,,2023-11-28,,,,,,,,,,,,,2026-07-23,,,Alpha,,,,,,,,,,2023-01-13,,,,SKU-7277,,,,,,,,,Scheduled a check-in for the coming month.
,LOT-5836,Priya Kim,Riley Ford,,,TAG-1952,REF-9643,TAG-2468,,,,,,Beta,priya.sato@sampleco.test,,,,,,,,,"39,757",,Prospect,Aligned on billing and renewal terms.,Redwood Industries,Evergreen Labs Ltd,Active,Delta,United Kingdom,,,,Resolved the outstanding question about scope.,Standard,,,LOT-7906,N,Energy,,,,,,,,,,,Partner,TAG-7979,,Diego Mercer,LOT-9789,SKU-4958,,6413,,,Gamma,,REF-5239,SKU-9666,,,,,,,Mei Mercer,,Illinois,Y,,TAG-8449,,,,,,REF-5595,,100001,Company,100236,yara.brooks@sampleco.test,Liam Rossi,2023-12-03 05:17:00,fatima.blake@demomail.test,Priya Garcia,2025-08-18 07:26:00,omar.vance@examplecorp.test,Noah Sloan,2025-10-18 06:47:00,emerson.vance@acme-fake.test,,2024-11-10 08:56:00,Y,100001,100001,100001,100001,100001,100001,100001,100001,100001,,100001,100001,100001,,100001,100001,100001,2023-12-14 17:42:00,1059,8663,Gamma,Other,Delta,LOT-6936,9144,2023,1086,8052,6667,Standard,2025-03-22 09:34:00,2327,2673,Gamma,Alpha,Standard,Delta,5280,589,1439,8581,1574,Beta,2025-11-17 20:44:00,6711,,,,,,,9797,,,,Gamma,2022-11-20,,,Standard,,,,,,,,,,2026-04-03,,,,,,,,,,,,,2024-05-31,,,,,,,6592,,,,,,2022-12-08,,,,REF-8335,,,,,,,8615,,2022-11-23,,,,,,,,,4970,,,,Aligned on billing and renewal terms.
,,Arjun Garcia,Jordan Garcia,,,,SKU-7744,,,REF-6827,,,,,rowan.cohen@examplecorp.test,,,,,,Reese Okafor,,REF-4141,,,Active Customer,Scheduled a check-in for the coming month.,Ironwood Solutions Inc,Pioneer Foods Corp,Active,Other,United Kingdom,,,,Noted a concern to revisit at the next sync.,New Logo,,,,,Manufacturing,,,,"117,321",,,,,,,Cold Outreach,TAG-7547,,Liam Costa,REF-6695,REF-9163,TAG-8220,1479,,,Delta,,REF-9000,LOT-4850,,,,,,,Drew Rossi,,Washington,Y,,REF-3427,,,,,REF-9008,SKU-9682,,100001,Company,100238,fatima.dorsey@demomail.test,Alex Mensah,2024-02-15 01:53:00,quinn.blake@acme-fake.test,Jamie Costa,2025-05-04 12:55:00,sofia.vance@examplecorp.test,Rahul Nguyen,2023-08-14 19:30:00,aisha.sato@demomail.test,,2025-12-28 22:07:00,N,100001,100001,100001,100001,100001,100001,100001,100001,100001,100001,100001,100001,100001,100001,100001,100001,100001,2025-06-22 11:52:00,5898,8460,Beta,Other,Alpha,SKU-8912,8890,573,5711,83,7402,Alpha,2025-04-11 02:31:00,6939,9664,Other,Gamma,Other,Delta,4984,7591,5278,4857,9221,Other,2023-01-15 23:51:00,,,,,,,,,,,,,2026-04-02,9136,,,,,,,,,,,,2024-10-19,,,,,,,,,,,,,2025-09-25,,,Standard,TAG-4525,,,,,,4262,,,2026-05-22,,4893,,,,,,,,,,,2023-06-05,,,,,SKU-1090,,,,,,,,Noted a concern to revisit at the next sync.
,,Quinn Ford,Drew Costa,,,TAG-7991,SKU-6985,LOT-4408,,,,,TAG-7465,Alpha,jordan.ashby@acme-fake.test,Jordan Blake,,,,,,,REF-5695,,,Prospect,Reviewed performance and gathered feedback.,Northwind Retail LLP,Falcon Energy Group,Inactive,Other,Canada,,,,Noted a concern to revisit at the next sync.,Standard,,,,Y,Logistics,,,,,,,,,,,Event,LOT-6923,,Avery Mensah,TAG-6668,LOT-7775,TAG-4212,6916,,,Gamma,,SKU-1042,TAG-1231,,Gamma,,,,,Skyler Sloan,,Colorado,Y,SKU-3572,REF-6739,,,,,,LOT-8626,3576,100001,Company,100239,rowan.larsson@examplecorp.test,Nina Ivanov,2024-01-02 02:30:00,aisha.ivanov@examplecorp.test,Rowan Silva,2023-01-17 05:16:00,alex.brooks@sampleco.test,Liam Haddad,2022-11-22 16:58:00,chen.mercer@demomail.test,,2024-03-10 10:50:00,N,,100001,100001,100001,100001,100001,100001,100001,,100001,100001,,100001,100001,100001,100001,100001,2025-09-29 05:26:00,3892,7890,Beta,Alpha,Delta,REF-9352,8614,9699,8660,4289,9466,Standard,2026-07-11 16:21:00,3123,8973,Gamma,Beta,Gamma,Alpha,5206,847,3373,5290,7088,Beta,2026-01-24 16:19:00,,3936,Gamma,LOT-1568,Standard,,,,8901,9178,,Beta,2022-10-27,8454,,,,,,9358,,6269,,,Beta,2023-03-16,,,,,,,,,397,,,,2026-06-20,4135,,,,,,3024,,,,,Gamma,2025-03-07,,,,,,,,,,,,,2025-09-22,9522,,,,,,,9684,7622,,,Beta,Followed up on the open items from last week.
,,Morgan Mercer,Emerson Okafor,,,LOT-6177,REF-5004,LOT-9971,,LOT-2995,,,,,skyler.cohen@demomail.test,,Noah Calder,,,,,,LOT-2734,,,Active Customer,Noted a concern to revisit at the next sync.,Copper Holdings Ltd,Everest Holdings Group,Active,Gamma,Philippines,,,REF-5787,Discussed timeline and next steps with the account.,SMB,,REF-3631,,N,Financial Services,,,,,,,,Gamma,,,LinkedIn,,,Chen Blake,LOT-3945,,SKU-2091,,,,Standard,,LOT-5511,LOT-9623,,,,,,,Mei Rossi,,California,Y,,LOT-8395,,,,,,TAG-5211,4372,100001,Company,100240,drew.blake@demomail.test,Omar Sato,2026-03-24 15:35:00,noah.silva@demomail.test,Aisha Brooks,2023-03-30 12:50:00,taylor.okafor@demomail.test,Morgan Ivanov,2024-12-27 10:44:00,chen.garcia@demomail.test,Riley Ivanov,2025-05-22 18:10:00,N,100001,100001,100001,100001,100001,,100001,100001,,,100001,,100001,100001,100001,100001,100001,2024-03-02 15:04:00,3710,9621,Gamma,Standard,Gamma,SKU-5346,1913,35,3802,4014,5162,Gamma,2025-12-01 18:10:00,4445,8182,Other,Gamma,Gamma,Gamma,4281,1428,1035,3335,8329,Other,2025-10-06 21:15:00,,2690,,SKU-4716,,,1349,9314,,,,,2025-11-08,7723,,,LOT-1848,,,,,,4100,2957,,2024-01-29,2821,,,,,SKU-4595,,,,,,,2025-05-21,,,,,,SKU-3587,,,,,,,2026-07-04,,,,,Standard,,,,,,,,2024-06-28,,,,,LOT-5395,,,,,,,,Reviewed performance and gathered feedback.
,,Jordan Cohen,Casey Mensah,,,REF-3160,SKU-2419,,LOT-3505,,,,,,sofia.dorsey@sampleco.test,Taylor Whitfield,,,,,Aisha Reyes,,TAG-6454,,,Active Customer,Resolved the outstanding question about scope.,Brightpath Capital Corp,Copper Systems LLC,Active,Beta,Australia,,,,Discussed timeline and next steps with the account.,SMB,,SKU-9174,,Y,Telecommunications,,,,,,,,,,,Event,SKU-3290,TAG-5400,Nina Ivanov,REF-7432,SKU-1507,REF-4289,,,,Gamma,,,SKU-8478,,Gamma,,,,,Omar Calder,,Florida,Y,,REF-9006,,,,,,SKU-9613,7196,100001,Company,100241,arjun.blake@demomail.test,Drew Costa,2024-12-02 11:16:00,taylor.mercer@acme-fake.test,Jordan Cohen,2024-11-18 02:21:00,marco.calder@demomail.test,Chen Reyes,2024-10-30 11:31:00,rahul.mensah@examplecorp.test,,2023-09-01 19:52:00,Y,100001,100001,100001,100001,100001,,100001,100001,100001,,,100001,100001,100001,100001,,100001,2023-07-12 15:01:00,7658,8435,Delta,Gamma,Beta,REF-7802,3749,7046,5989,6361,2694,Beta,2023-04-09 04:28:00,4618,5114,Alpha,Beta,Delta,Delta,1812,3087,5149,5833,9716,Gamma,2024-02-07 12:46:00,,9061,,,,,,,,9118,2255,,2025-08-20,1388,950,,,Standard,,,5006,,,,,2024-03-01,,1198,,,LOT-4789,,,,,,,,2024-06-27,,,Beta,TAG-9021,,,,,,,,Other,2024-11-15,,2677,,,,,,,,,,,2024-08-17,,,,,,,,,,,,,Discussed timeline and next steps with the account.
,,Fatima Mercer,Emerson Dorsey,,,LOT-8928,TAG-3333,,SKU-1010,TAG-2214,,,,,chen.kim@examplecorp.test,,,,,,,,REF-9325,"172,889",,Active Customer,Scheduled a check-in for the coming month.,Meridian Labs Co,Vertex Logistics Ltd,Active,Delta,Australia,,,,,Standard,,,,Y,Telecommunications,,,,,,,N,,,,Event,REF-4697,,Rowan Ashby,REF-7195,TAG-1792,SKU-5745,4787,,,Standard,,TAG-7521,REF-9422,,,,,,,Jamie Haddad,,Washington,Y,,REF-3781,,,,,LOT-5217,SKU-2403,,100001,Company,100242,elena.costa@examplecorp.test,Liam Haddad,2024-06-23 11:51:00,chen.haddad@sampleco.test,Noah Vance,2023-04-28 02:58:00,marco.garcia@sampleco.test,Nina Brooks,2025-01-12 20:37:00,elena.blake@examplecorp.test,Priya Mercer,2026-01-26 00:19:00,N,,100001,100001,100001,100001,,100001,100001,100001,,100001,,,,100001,100001,100001,2025-12-09 10:49:00,1093,791,Standard,Gamma,Alpha,TAG-6321,531,5883,4229,4766,2867,Standard,2025-07-09 18:06:00,4504,9895,Gamma,Standard,Beta,Alpha,2503,9425,3768,8251,8717,Alpha,2024-06-09 16:35:00,,,,,,LOT-5463,,,,,,,2025-05-15,,,,,Gamma,LOT-9777,,,,,,,2023-09-06,,,,TAG-6724,SKU-3332,,,,,,,,2025-12-11,,,,,,,,,,,,,2025-11-04,,,,,,,,,,,,,2026-01-30,8609,,Other,,,,,,,,,,Resolved the outstanding question about scope.
REF-3012,,Riley Blake,Casey Dorsey,,,REF-9712,TAG-4341,,SKU-5882,,REF-3203,,SKU-5818,,quinn.costa@demomail.test,Noah Okafor,,,,REF-5130,,,SKU-6569,,,Active Customer,Aligned on billing and renewal terms.,Northwind Partners Ltd,Meridian Holdings Inc,Active,Alpha,Philippines,,,,Noted a concern to revisit at the next sync.,Standard,,SKU-1418,REF-7351,Y,Manufacturing,,,,,,,,,,,Referral,REF-7630,REF-5478,Sofia Larsson,SKU-8542,LOT-9169,,,,,Beta,,,SKU-2414,,,,,,Delta,Rowan Whitfield,,Texas,Y,,TAG-1459,,,,,,SKU-2468,3821,100001,Company,100243,omar.haddad@sampleco.test,Mei Kim,2026-04-01 23:18:00,casey.cohen@acme-fake.test,Jamie Calder,2023-02-24 07:38:00,aisha.nguyen@sampleco.test,Diego Patel,2025-04-02 14:33:00,fatima.mercer@examplecorp.test,Elena Kim,2024-10-04 07:30:00,Y,100001,100001,,100001,100001,100001,100001,100001,100001,,,100001,100001,100001,100001,100001,100001,2024-02-19 18:11:00,8684,3339,Delta,Delta,Delta,SKU-5559,5134,2798,2680,1634,8125,Gamma,2022-12-06 07:07:00,8021,201,Standard,Alpha,Alpha,Other,7067,106,9274,7246,6600,Standard,2025-08-25 08:47:00,5020,,Gamma,,,TAG-3438,,,,,,,2024-07-29,6234,4073,,,,,,,,,,,2022-11-02,,,,,,,,,2747,,,,2026-01-23,6002,9140,,,,,,,,3611,,,2023-04-01,,,Gamma,,,,,,,,1028,Alpha,2024-01-11,,,,,,,,,,,,,Reviewed performance and gathered feedback.
,,Skyler Haddad,Quinn Calder,,,LOT-9931,REF-7732,REF-8844,,LOT-3512,,,,,reese.garcia@demomail.test,,Jamie Kim,,,,Taylor Ivanov,,SKU-3619,,,Prospect,Shared the updated proposal for review.,Copper Holdings LLC,Keystone Textiles Ltd,Active,Delta,United Kingdom,Delta,,,Aligned on billing and renewal terms.,Enterprise,,,,N,Hospitality,,,,,,,,,,,Inbound Call,TAG-8064,,Morgan Brooks,,SKU-4054,LOT-1323,,,,Alpha,,LOT-7217,TAG-8638,,Beta,,,,,Sofia Ashby,Followed up on the open items from last week.,Colorado,N,,LOT-1878,,,,,,TAG-2371,2494,100001,Company,100245,omar.vance@sampleco.test,Marco Garcia,2024-06-14 06:12:00,yara.silva@acme-fake.test,Chen Mensah,2024-09-13 14:16:00,rowan.nguyen@demomail.test,Marco Rossi,2026-03-20 06:48:00,skyler.haddad@sampleco.test,,2026-04-23 07:36:00,N,100001,100001,100001,100001,100001,100001,100001,100001,100001,100001,100001,100001,,100001,100001,,100001,2026-01-14 09:32:00,6155,9719,Delta,Other,Beta,SKU-2210,5629,6511,6791,8302,7,Gamma,2025-02-01 22:55:00,7066,9458,Other,Alpha,Gamma,Gamma,4395,3866,1279,2684,6865,Gamma,2024-11-23 21:26:00,,,,,Other,,,,,,,,2025-04-12,,,,,,,,,,8942,,,2025-06-15,,,,,,TAG-4949,,,,5175,,,2025-12-25,,,,,,,,8702,,,,,2023-09-07,,3728,,LOT-1118,,,,7169,,,,,2024-08-29,,,Gamma,,,,,,,,,,Discussed timeline and next steps with the account.
,LOT-9330,,Fatima Okafor,,,TAG-3527,REF-9155,REF-4657,TAG-7065,REF-2269,,,,,noah.blake@acme-fake.test,,,,,,,,,,,Past Customer,Noted a concern to revisit at the next sync.,Northwind Energy Group,Delta Foods Group,Active,Alpha,Australia,,,,Scheduled a check-in for the coming month.,New Logo,,LOT-6704,,Y,Financial Services,,,,,,,,,,,Cold Outreach,TAG-2948,,Priya Blake,SKU-6597,,,7810,,,Beta,,REF-3817,LOT-5667,,,,,,,Arjun Sloan,,Illinois,N,,LOT-1690,,,,,,,2730,100001,Company,100248,jamie.rossi@demomail.test,Aisha Mensah,2026-07-22 14:43:00,chen.ford@demomail.test,Diego Ford,2025-01-02 04:20:00,reese.mensah@demomail.test,Marco Sato,2023-05-24 08:40:00,alex.sloan@acme-fake.test,,2026-04-10 02:50:00,Y,100001,100001,100001,100001,100001,,100001,100001,100001,,100001,100001,,100001,100001,100001,100001,2025-10-28 13:55:00,5099,9672,Beta,Beta,Standard,REF-8641,7049,5426,3588,3111,4696,Alpha,2025-12-30 14:25:00,2611,8615,Gamma,Gamma,Alpha,Beta,5033,7162,9468,8056,726,Gamma,2022-12-07 14:00:00,,,,,,,,6262,,,,,2022-12-08,,,,,Standard,,,,,,5576,,2024-12-17,,,,SKU-4783,REF-1148,,6358,,,,,Beta,2025-12-06,,8987,Beta,,,,,,,,,,2023-07-15,,,,,,,,,5937,,,,2023-04-28,,,,,,,,,6979,,,,Shared the updated proposal for review.
,TAG-8101,Casey Nguyen,Aisha Whitfield,,,REF-1908,TAG-7636,,TAG-6029,,,,SKU-3381,,liam.ford@demomail.test,,Riley Mercer,,,,,,SKU-8916,,,Active Customer,Shared the updated proposal for review.,Harbor Dynamics Ltd,,Active,Standard,Mexico,,,LOT-7770,Resolved the outstanding question about scope.,SMB,,,,Y,Energy,,,,,,,Y,,,,Website,,,Fatima Ashby,REF-7131,REF-9491,,,,,Delta,,TAG-2680,REF-3428,,,,,,,Aisha Kim,,Illinois,Y,,SKU-1234,,,,,,REF-6825,2422,100001,Company,100251,nina.rossi@acme-fake.test,Arjun Blake,2024-04-29 14:42:00,quinn.haddad@sampleco.test,Rowan Silva,2025-11-12 07:15:00,riley.rossi@acme-fake.test,Marco Ashby,2025-08-25 13:50:00,diego.dorsey@examplecorp.test,,2022-10-27 17:15:00,Y,,100001,100001,100001,100001,100001,100001,100001,100001,100001,,100001,100001,100001,100001,,100001,2026-04-21 15:41:00,908,3420,Standard,Beta,Standard,REF-6227,3316,5506,4619,8366,6731,Standard,2024-07-27 22:06:00,1284,2280,Standard,Gamma,Delta,Delta,9300,2880,9014,3481,5402,Beta,2023-06-20 14:05:00,,,,,,,,3159,,,,,2026-01-02,,,Delta,,,,96,,,,,,2025-08-29,6765,,,,,,,,378,4353,,,2023-06-25,,,,,,,,,,,,,2024-12-20,,,,,,TAG-9504,,,,,,,2023-05-10,,,,,SKU-3740,,,,,,,,Reviewed performance and gathered feedback.
LOT-4372,REF-2726,Omar Whitfield,Rowan Vance,,,REF-3074,REF-4533,,TAG-1820,,,,REF-8821,,rowan.reyes@examplecorp.test,,,,,,,,REF-7282,,,Referral Partner,Discussed timeline and next steps with the account.,Redwood Energy Group,Evergreen Capital Co,Active,Standard,Australia,,LOT-6691,,Followed up on the open items from last week.,Renewal,,,,N,Technology,,,,,,,,,,,Website,SKU-8647,,Skyler Larsson,,,TAG-2499,7839,,,Gamma,,LOT-5715,,,Delta,,,,,Priya Ashby,,Georgia,Y,,LOT-7672,,,,,,TAG-4488,925,100001,Company,100254,marco.reyes@demomail.test,Rowan Patel,2023-12-30 22:44:00,elena.vance@examplecorp.test,Elena Reyes,2025-05-29 14:51:00,mei.mensah@acme-fake.test,Alex Calder,2026-06-21 07:06:00,alex.costa@acme-fake.test,,2024-06-03 07:44:00,Y,100001,100001,100001,100001,,100001,100001,100001,,100001,100001,100001,,100001,100001,,100001,2025-07-10 05:32:00,5526,7434,Gamma,Beta,Alpha,TAG-8599,1543,2924,59,5790,3219,Other,2026-02-10 07:21:00,9192,5449,Gamma,Standard,Other,Delta,8814,9147,8553,6435,3730,Gamma,2026-03-24 22:55:00,,,,SKU-9614,,LOT-9593,5656,,,,,Delta,2024-07-16,9987,,,,Beta,,3622,1055,,,4877,,2026-02-13,,,,,,,,,,,392,,2025-04-21,,394,Beta,,,,9948,,,,,,2025-04-26,,,Alpha,,,,,1624,,,,,2024-12-12,,,,,,,,7028,,,,,Scheduled a check-in for the coming month.
TAG-6439,,Emerson Cohen,Omar Rossi,,,TAG-8461,,,REF-4927,LOT-4540,,,,,nina.nguyen@acme-fake.test,Taylor Calder,,,,,Priya Ford,,,,,Prospect,Noted a concern to revisit at the next sync.,Brightpath Analytics LLC,Horizon Solutions Inc,Active,Delta,United Kingdom,,,,Reviewed performance and gathered feedback.,Renewal,,,,N,Healthcare,,,,,,,,,,,LinkedIn,,TAG-3742,Omar Ashby,TAG-3533,TAG-3383,LOT-8600,,,,Delta,,REF-6894,TAG-5277,,,,,,,Yara Sato,,California,N,,SKU-1578,,,,,,SKU-7641,4671,100001,Company,100255,omar.garcia@demomail.test,Emerson Patel,2023-12-06 14:30:00,rahul.blake@demomail.test,Mei Patel,2024-03-30 13:06:00,rowan.brooks@examplecorp.test,Diego Kim,2025-03-19 15:41:00,elena.ford@sampleco.test,Elena Silva,2026-03-17 22:53:00,Y,100001,100001,100001,100001,100001,100001,100001,100001,,100001,,100001,100001,100001,100001,100001,100001,2024-09-17 17:26:00,1182,9739,Beta,Standard,Other,LOT-3901,8031,5963,3623,4187,7726,Alpha,2024-05-02 22:21:00,2583,5446,Standard,Delta,Other,Standard,7422,8033,3836,3329,6756,Gamma,2023-04-10 11:37:00,,,,,,,,,7980,3189,,,2025-01-25,,,,,,,,,,,,Delta,2026-02-24,,,,,,,,,6882,,8360,Beta,2024-10-15,1424,,,,,,,,,,,,2026-02-16,,308,,,,SKU-4378,,,,,,,2024-12-19,,,,,,,,8973,,,,,Followed up on the open items from last week.
,,Reese Patel,Skyler Haddad,,,REF-2922,,,LOT-1149,REF-5666,,,,,riley.whitfield@sampleco.test,,,,,,,,SKU-4989,,,Active Customer,Followed up on the open items from last week.,Silverline Industries LLC,Evergreen Logistics,Inactive,Standard,Mexico,,,,Scheduled a check-in for the coming month.,Standard,,,REF-6006,N,Professional Services,,,,,,,,,,,LinkedIn,REF-3972,,Omar Reyes,LOT-4580,LOT-3634,LOT-4414,,,,,,LOT-9198,,,Delta,,,,,Priya Ivanov,,Arizona,Y,,REF-1391,,,,,,TAG-7684,1673,100001,Company,100257,aisha.costa@sampleco.test,Fatima Dorsey,2024-04-01 07:08:00,marco.kim@examplecorp.test,Rowan Sato,2023-02-17 17:36:00,reese.larsson@sampleco.test,Fatima Blake,2023-11-29 00:23:00,marco.ashby@sampleco.test,Sofia Brooks,2023-05-27 08:55:00,N,100001,100001,100001,100001,,,100001,100001,100001,100001,100001,100001,100001,100001,100001,100001,100001,2025-01-12 16:13:00,4553,8322,Alpha,Beta,Other,SKU-9797,2482,6524,493,9102,2470,Delta,2023-07-11 11:48:00,2812,6858,Alpha,Other,Delta,Beta,2021,6998,918,4754,5375,Other,2025-05-02 06:27:00,,,,,,,,,,,,,2023-10-17,3081,,,,,,,8462,,,,,2025-04-24,,,,,,,,,,,,,2024-04-13,,9821,,,Beta,TAG-2877,,,,,,,2026-05-13,,,,REF-3311,,,,,,9947,,,2023-04-26,,,,TAG-4249,,,5010,,,,5863,,Resolved the outstanding question about scope.
TAG-9689,SKU-2721,Drew Okafor,Taylor Garcia,,,REF-2574,SKU-1230,,REF-7440,,,,,,elena.patel@demomail.test,,,,REF-1090,,,"163,202",LOT-5505,,,Active Customer,Discussed timeline and next steps with the account.,Silverline Foods Inc,Lakeside Health Co,Active,Standard,Canada,,,,Scheduled a check-in for the coming month.,Enterprise,,LOT-1324,,N,Healthcare,,,,,,,,Delta,,,Referral,REF-4072,,Fatima Sloan,,REF-5081,,8005,,,Delta,,TAG-2654,SKU-8538,,,,,,,Riley Dorsey,,Georgia,Y,,LOT-1479,,,,REF-7473,,LOT-7384,4958,100001,Company,100259,skyler.calder@acme-fake.test,Jordan Whitfield,2025-06-12 03:57:00,liam.haddad@examplecorp.test,Omar Garcia,2023-12-14 19:44:00,nina.okafor@acme-fake.test,Aisha Ivanov,2022-12-26 16:48:00,skyler.cohen@sampleco.test,,2024-02-07 08:44:00,N,,100001,100001,100001,100001,100001,100001,100001,100001,100001,,100001,,100001,100001,,100001,2023-10-03 11:30:00,1828,3700,Beta,Alpha,Other,REF-1572,5093,8103,1300,5870,3405,Beta,2024-03-08 18:04:00,7428,5415,Gamma,Alpha,Alpha,Gamma,2562,6563,7762,3142,384,Standard,2024-04-30 16:26:00,2139,1120,,,Standard,LOT-6260,,,7437,,,Delta,2026-05-20,3042,,,,Gamma,,,1677,,,,,2022-10-17,,9925,,,,,,,,,,,2025-03-09,,,,LOT-7894,,,,2453,,,,,2025-10-01,,,Delta,,,,,,,,1554,,2025-01-03,1095,,,SKU-5746,,,,,,8338,,,Noted a concern to revisit at the next sync.
,,Nina Dorsey,Sofia Nguyen,,,,REF-5946,LOT-1842,REF-2767,,,,,,diego.mercer@demomail.test,,,,,,Diego Whitfield,,LOT-9779,,,Past Customer,Noted a concern to revisit at the next sync.,Cobalt Capital,Brightpath Group LLC,Active,Standard,Canada,,,,Followed up on the open items from last week.,Standard,,,REF-1906,Y,Agriculture,,,,,,,,,,,LinkedIn,REF-5164,,Omar Blake,TAG-5788,,LOT-7596,8790,,,Gamma,,LOT-6092,LOT-2321,,Gamma,,,,,Arjun Nguyen,,Ohio,N,,LOT-7812,,,,,,REF-2383,4491,100001,Company,100262,chen.rossi@sampleco.test,Fatima Ashby,2026-02-23 02:19:00,mei.mensah@sampleco.test,Marco Haddad,2023-05-22 21:58:00,morgan.vance@demomail.test,Drew Brooks,2024-06-24 04:31:00,taylor.ford@acme-fake.test,,2023-03-30 06:48:00,Y,100001,100001,100001,100001,,100001,100001,100001,100001,,100001,100001,,100001,100001,,100001,2023-04-12 10:49:00,5396,9027,Alpha,Other,Beta,LOT-5705,2487,1823,6005,5443,3972,Beta,2023-09-08 18:14:00,7076,1295,Standard,Standard,Alpha,Delta,2153,8650,9673,4553,3046,Beta,2025-10-24 09:45:00,,2941,,TAG-6795,,,,,,,6013,Gamma,2024-01-27,,,,SKU-8415,Gamma,,,,,,5067,Beta,2026-07-13,,,,,,,,,,,,,2024-11-02,,,,,,,,,,,,,2024-10-26,3713,,,TAG-6252,Alpha,,,,,,442,,2023-11-04,,,,LOT-2878,,,,,2737,,,,Discussed timeline and next steps with the account.
LOT-5319,,Alex Sato,Drew Calder,,,,,LOT-1753,,,SKU-2124,,TAG-2594,,fatima.whitfield@acme-fake.test,,,,,,,,REF-1830,,,Prospect,Noted a concern to revisit at the next sync.,Vertex Analytics Ltd,Vertex Systems,Active,Gamma,Australia,,,,Scheduled a check-in for the coming month.,Renewal,,REF-1632,,Y,Hospitality,,,,,,,,,,,LinkedIn,,SKU-6149,Jamie Mensah,LOT-3859,LOT-5076,REF-7729,5132,,,Gamma,,REF-6249,SKU-5874,,Other,,,,,Rahul Garcia,,Washington,Y,,TAG-9325,,,,,,LOT-9799,7558,100001,Company,100265,riley.larsson@examplecorp.test,Noah Mercer,2022-10-24 05:52:00,casey.cohen@examplecorp.test,Omar Garcia,2024-02-03 12:47:00,sofia.vance@sampleco.test,Casey Rossi,2023-05-05 16:34:00,riley.garcia@examplecorp.test,,2026-04-02 15:04:00,N,,100001,100001,100001,100001,100001,100001,100001,100001,,100001,100001,,,100001,,100001,2024-11-27 18:31:00,4594,2770,Beta,Alpha,Beta,SKU-7110,7643,3220,5040,3349,5028,Standard,2023-08-09 05:29:00,639,7546,Beta,Gamma,Standard,Alpha,569,6717,2393,4613,9811,Delta,2025-10-27 14:29:00,,,,,,,,,,,,,2025-03-21,,8780,,,,,,3418,2660,,,,2026-04-13,,,,,,,,,,,,,2025-03-03,4111,,,,,,,,,9073,,,2025-09-29,2877,,,REF-2837,,,,,,,8066,,2026-07-15,,,,REF-5370,,,,,,,,,Resolved the outstanding question about scope.
,,Jordan Garcia,Rowan Mensah,,,SKU-5878,,SKU-7466,REF-6142,SKU-3715,,,,Delta,liam.reyes@acme-fake.test,Sofia Patel,,,,,,,,,,Past Customer,Discussed timeline and next steps with the account.,Lakeside Manufacturing Inc,Blue Ridge Retail LLP,Active,Beta,Germany,,,,Noted a concern to revisit at the next sync.,Standard,,,,,Telecommunications,,,,,,,,,,,Webinar,SKU-5803,,Diego Sato,LOT-1751,TAG-6885,,,,,Other,,LOT-4845,LOT-2141,,Beta,,,,,Skyler Brooks,,Illinois,Y,,TAG-5405,,,,,,,,100001,Company,100267,yara.ford@acme-fake.test,Noah Sato,2023-03-26 11:58:00,priya.ivanov@examplecorp.test,Marco Blake,2026-03-11 07:46:00,elena.dorsey@examplecorp.test,Reese Garcia,2026-05-11 21:11:00,casey.whitfield@acme-fake.test,Marco Garcia,2023-04-27 01:28:00,Y,100001,100001,,100001,100001,100001,100001,100001,,100001,,100001,100001,100001,100001,,100001,2024-09-01 13:55:00,8707,5830,Other,Alpha,Standard,TAG-5198,706,783,6970,2413,8365,Delta,2025-05-25 12:36:00,2954,1689,Alpha,Other,Delta,Gamma,1409,6445,660,1412,9419,Delta,2025-08-21 23:21:00,,3941,,,,,,,7037,,,,2022-12-09,6683,,Standard,,,,921,,,,,,2022-12-22,,,,,,,,,,,,,2026-04-18,,,,,,SKU-8096,,,,,,,2025-07-26,,4002,,,,,,,,,,Delta,2026-01-15,,,,TAG-5986,,,,,,,,,Reviewed performance and gathered feedback.
,REF-3703,Quinn Costa,Taylor Garcia,,,LOT-8528,,,,,,,,,fatima.kim@sampleco.test,,Alex Larsson,,,,,,,,Delta,Active Customer,Shared the updated proposal for review.,Copper Solutions Group,Blue Ridge Partners LLC,Active,Standard,United States,,,SKU-4518,Discussed timeline and next steps with the account.,New Logo,,TAG-2824,,Y,Manufacturing,,,,,,,,,,,Referral,TAG-8080,,Elena Rossi,,LOT-8843,,,,,,,REF-9842,LOT-1078,,Delta,,,,,Reese Brooks,Aligned on billing and renewal terms.,New York,N,,,,,,SKU-4342,,REF-1232,3296,100001,Company,100269,emerson.garcia@examplecorp.test,Nina Calder,2026-05-30 03:34:00,liam.rossi@examplecorp.test,Drew Ashby,2024-01-27 12:31:00,arjun.blake@sampleco.test,Priya Cohen,2023-12-18 14:49:00,jordan.garcia@demomail.test,,2025-04-22 15:13:00,N,100001,100001,100001,100001,100001,,100001,100001,,100001,,100001,100001,100001,100001,100001,100001,2024-11-09 02:51:00,7750,2126,Delta,Other,Delta,SKU-6270,3284,586,7594,1802,6240,Delta,2025-06-08 15:26:00,4,5113,Delta,Beta,Standard,Alpha,20,9787,1600,3087,3974,Gamma,2024-02-01 01:53:00,,,Beta,,,,,,,,,Alpha,2024-09-26,3334,6556,,,,,,,,,,,2024-09-14,,1891,,,,,,,,,,,2024-12-25,,,,,,,,,,,,,2024-05-01,,9470,,,,,,,,,,,2026-06-03,,,,,,,,,,,,,Followed up on the open items from last week.
,,Avery Larsson,Priya Larsson,,,LOT-5232,TAG-5487,,,,SKU-3050,LOT-7040,,,chen.okafor@examplecorp.test,,,,,,,,REF-1560,,,Active Customer,Noted a concern to revisit at the next sync.,Harbor Ventures LLP,Harbor Partners Co,Active,Other,Mexico,,,,Reviewed performance and gathered feedback.,SMB,,,LOT-1885,N,Energy,,,,,,,,,,,Event,REF-9272,LOT-8304,Aisha Patel,SKU-7550,TAG-4259,REF-6496,1376,,,Beta,,REF-5250,TAG-5082,,Other,,,,,Chen Haddad,,Washington,Y,,LOT-9679,,,,,,SKU-5322,,100001,Company,100272,quinn.dorsey@sampleco.test,Quinn Calder,2024-05-01 18:49:00,diego.dorsey@examplecorp.test,Noah Ashby,2025-04-29 10:58:00,marco.ashby@demomail.test,Rowan Nguyen,2025-01-11 03:40:00,emerson.ford@demomail.test,,2025-02-04 14:50:00,N,100001,100001,100001,100001,100001,,100001,100001,,100001,100001,100001,,100001,100001,100001,100001,2022-12-20 09:01:00,1555,3720,Alpha,Other,Delta,LOT-6052,4480,9645,4840,4620,5456,Delta,2024-09-13 19:29:00,3789,8924,Gamma,Standard,Other,Beta,2699,8427,3044,4725,5238,Standard,2023-04-10 13:44:00,,,,,,,,2585,6542,,,,2025-02-20,,,,REF-2107,,,,,203,,,,2022-11-09,,,,,,,,,7,,,Standard,2023-03-31,3711,,,,,,,2675,,,,,2025-01-09,,,Other,,,REF-1848,3503,,1025,,,,2023-12-24,,,,,LOT-2067,,,,,,,,Reviewed performance and gathered feedback.
,,Skyler Vance,Morgan Vance,,,SKU-3872,SKU-4959,LOT-8829,REF-4835,SKU-8144,,,SKU-1222,Alpha,jamie.nguyen@sampleco.test,,,,,,,,LOT-9132,,,Past Customer,Aligned on billing and renewal terms.,Meridian Holdings Ltd,Summit Group LLP,Active,Standard,Mexico,,,,Resolved the outstanding question about scope.,SMB,,,,N,Energy,,,,,,,,,,,LinkedIn,SKU-1279,LOT-4766,Nina Ivanov,LOT-5127,TAG-8533,SKU-1428,,,,Other,,REF-4652,SKU-5416,,,Standard,,,,Chen Nguyen,,Arizona,Y,,TAG-1098,,,,,,REF-4768,4386,100001,Company,100275,arjun.sloan@demomail.test,Sofia Vance,2025-05-06 02:17:00,taylor.brooks@examplecorp.test,Alex Brooks,2025-04-02 09:51:00,yara.rossi@sampleco.test,Priya Larsson,2024-04-09 18:12:00,noah.mensah@sampleco.test,,2026-01-26 10:16:00,N,100001,100001,100001,100001,,100001,100001,100001,100001,100001,100001,100001,100001,100001,100001,,100001,2026-03-30 14:14:00,4918,1714,Other,Beta,Delta,TAG-1549,454,6641,5440,1164,7029,Delta,2025-07-18 06:32:00,1298,1239,Alpha,Other,Alpha,Delta,5054,803,7743,9827,5716,Delta,2025-05-01 01:57:00,,7511,,SKU-7708,Delta,,,9735,3370,,,,2023-02-28,,8717,,,Other,SKU-7720,,,,,8117,,2024-04-30,,7658,,,,,,,,,,,2023-06-26,,,,,,,,5543,,,,,2026-03-11,,1217,,,Alpha,,,8873,,,,,2026-07-27,,,,,,,,,,7777,,,Resolved the outstanding question about scope.
,,Jamie Patel,Diego Okafor,,,LOT-8272,SKU-9099,,,,,,,,quinn.costa@demomail.test,Marco Whitfield,,,,,Taylor Kim,,REF-7117,,,Active Customer,Scheduled a check-in for the coming month.,Ironwood Analytics,Redwood Health LLC,Active,Other,India,,,,Shared the updated proposal for review.,Standard,,LOT-7179,,Y,Logistics,,,,,,Gamma,,Alpha,,,Partner,REF-1313,TAG-3810,Noah Whitfield,SKU-3835,REF-2386,,,,,Gamma,,SKU-1579,TAG-4005,,,,,,,Diego Mensah,,Ohio,Y,,REF-4837,,,,,,SKU-4704,,100001,Company,100277,nina.silva@acme-fake.test,Rowan Larsson,2024-09-20 02:37:00,emerson.blake@sampleco.test,Yara Cohen,2025-02-26 13:35:00,rowan.mercer@demomail.test,Elena Sloan,2023-08-22 22:44:00,riley.calder@examplecorp.test,,2023-02-12 08:29:00,N,100001,100001,100001,100001,,100001,100001,100001,,100001,,100001,,100001,100001,100001,100001,2025-04-05 20:50:00,1125,637,Alpha,Alpha,Standard,SKU-6110,1352,2905,5196,9934,2621,Delta,2026-01-30 10:50:00,1737,5998,Gamma,Gamma,Delta,Other,9551,4652,7455,8078,8731,Alpha,2023-04-07 17:40:00,,8906,,,Alpha,LOT-6877,1019,,,,,,2024-05-14,,,,,,,,,,,2787,,2023-03-07,,,,,,,,,,,,,2022-10-19,,,,,,,,,,,,,2025-07-22,,,,,,,,,566,,,,2023-07-21,,,,,LOT-7075,,9738,,,,,,Noted a concern to revisit at the next sync.
,LOT-7035,Morgan Garcia,Alex Costa,,,,REF-4649,TAG-3399,,SKU-2341,,,,,sofia.larsson@demomail.test,,Priya Okafor,,,,,,TAG-7771,,,Past Customer,Followed up on the open items from last week.,Northwind Health LLP,Horizon Health LLC,Active,Gamma,Mexico,Alpha,REF-4748,,Discussed timeline and next steps with the account.,Standard,,,,N,Telecommunications,,,,,,,,Delta,,,Website,TAG-9517,REF-6261,Rahul Dorsey,SKU-1050,,LOT-4973,,,,Delta,,TAG-8541,REF-5038,,Beta,,,,,Elena Mensah,,Arizona,N,,REF-3925,,,,,,TAG-3708,7375,100001,Company,100280,avery.cohen@sampleco.test,Riley Blake,2023-05-06 08:01:00,quinn.larsson@demomail.test,Morgan Garcia,2025-10-28 10:26:00,omar.cohen@acme-fake.test,Marco Vance,2026-03-26 03:09:00,arjun.patel@acme-fake.test,,2023-02-05 17:47:00,Y,100001,100001,100001,100001,,100001,100001,100001,100001,100001,100001,100001,,100001,100001,,100001,2026-02-18 01:32:00,5484,9580,Alpha,Standard,Beta,REF-1282,5530,6779,796,2922,5092,Standard,2023-03-17 23:23:00,8109,7248,Delta,Standard,Beta,Delta,9062,7898,4724,3898,3111,Other,2023-01-28 00:12:00,8605,,,,,,,,,,,Other,2026-03-11,2993,,,TAG-5868,,,,,,,,,2025-06-22,,,,TAG-1430,,,8056,,,,,,2024-01-03,,,,TAG-4890,,,,,,,,,2023-03-08,,,Beta,,Delta,,,,4443,,,,2026-03-19,,,,,,REF-1029,,,,,,,Scheduled a check-in for the coming month.
,,Chen Patel,Liam Ivanov,,,TAG-4545,LOT-8818,,,,,,,,morgan.haddad@acme-fake.test,,Nina Vance,,,,,"224,839",LOT-7322,,,Past Customer,Scheduled a check-in for the coming month.,Horizon Media LLP,Redwood Robotics LLP,Active,Gamma,Canada,,,,Resolved the outstanding question about scope.,Standard,,,,N,Manufacturing,,,,,,,,,,,Event,TAG-4574,SKU-4545,Sofia Vance,LOT-9612,LOT-7856,,,,,,,,REF-4599,,Gamma,,"73,685",,,Rowan Haddad,,California,Y,,REF-7650,,,,,,TAG-4069,5402,100001,Company,100281,mei.larsson@acme-fake.test,Avery Ivanov,2024-04-27 13:13:00,noah.brooks@acme-fake.test,Liam Mensah,2025-04-20 14:23:00,priya.mercer@sampleco.test,Morgan Whitfield,2023-09-16 10:49:00,morgan.brooks@examplecorp.test,,2024-06-17 11:31:00,Y,100001,100001,100001,100001,100001,,100001,100001,100001,100001,,100001,100001,100001,100001,100001,100001,2024-01-27 01:20:00,2198,6130,Delta,Other,Beta,LOT-6222,5236,2766,1888,5107,5419,Delta,2025-08-28 10:59:00,2051,1412,Other,Gamma,Delta,Standard,6206,3209,5300,6744,4975,Delta,2024-02-20 17:25:00,,,,,,LOT-7782,,,7957,,2764,,2025-11-07,,,,,,,7064,,,,,,2025-10-05,,,Other,,,,,,,,,,2023-05-26,1343,,,,,,,,,6689,,,2023-05-28,,,,,,LOT-1325,,,,,,Gamma,2025-10-20,,,,,,REF-6476,,,,3418,,,Reviewed performance and gathered feedback.
,,Rahul Reyes,Taylor Brooks,,,REF-2998,REF-1038,,TAG-1272,,,,,Delta,mei.garcia@demomail.test,,Yara Silva,,,SKU-6016,Sofia Garcia,,,,,Active Customer,Followed up on the open items from last week.,Pioneer Financial Group,Harbor Retail LLP,Active,Other,Mexico,,,,Shared the updated proposal for review.,Standard,,,,N,Hospitality,,,,"195,533",,,,,,,Website,LOT-3178,TAG-1172,Taylor Patel,SKU-1153,REF-5492,,,,,Delta,,REF-2047,LOT-9922,,Standard,,,Standard,,Aisha Cohen,,Arizona,Y,,LOT-2503,,,,,,LOT-3709,,100001,Company,100282,riley.sloan@examplecorp.test,Chen Nguyen,2023-02-18 23:30:00,mei.silva@acme-fake.test,Jordan Sato,2026-03-04 18:09:00,rowan.patel@demomail.test,Reese Brooks,2025-11-03 11:42:00,taylor.whitfield@examplecorp.test,,2025-09-26 16:33:00,N,100001,100001,100001,100001,,100001,100001,100001,100001,,,100001,,100001,100001,,100001,2024-06-08 18:55:00,630,7984,Alpha,Delta,Other,REF-4470,6624,4247,170,7870,499,Beta,2024-12-18 03:22:00,6303,5105,Delta,Other,Alpha,Gamma,2250,9503,255,4309,8069,Beta,2024-06-06 21:19:00,,3607,,REF-8996,Alpha,,,,6950,428,3162,Standard,2025-07-25,,,,,,,,,,,,,2024-12-15,,,,,,,,,,,7168,,2025-03-31,,,,,,,,,,,,,2026-01-12,1596,,,,,,,,,,,,2023-04-24,,,,,,,,,,,1047,,Shared the updated proposal for review.
,LOT-1134,Priya Reyes,Rahul Okafor,,,LOT-1848,REF-6557,,SKU-5165,SKU-7604,,,,,taylor.calder@demomail.test,Priya Okafor,,,,,,,,,,Active Customer,Discussed timeline and next steps with the account.,Redwood Textiles,,Active,Other,United Kingdom,,,,Aligned on billing and renewal terms.,Renewal,,LOT-1072,,N,Retail,,,,,,,,,,,Website,SKU-4897,REF-2098,Taylor Brooks,TAG-3911,SKU-6612,SKU-9829,,,,Beta,,TAG-4243,SKU-1255,,Delta,,"164,885",,,Noah Calder,,Florida,Y,,LOT-4296,,,,,,SKU-5633,3268,100001,Company,100285,mei.rossi@acme-fake.test,Riley Garcia,2026-05-01 18:51:00,jamie.whitfield@sampleco.test,Skyler Patel,2023-03-21 21:28:00,sofia.dorsey@examplecorp.test,Mei Garcia,2023-05-16 01:48:00,rahul.kim@sampleco.test,,2022-12-06 17:47:00,N,100001,100001,100001,100001,100001,100001,100001,100001,100001,,,100001,100001,100001,100001,100001,100001,2024-04-15 21:54:00,3645,1997,Beta,Alpha,Beta,REF-2439,1654,9070,8350,3672,9969,Gamma,2023-03-22 03:03:00,8595,5804,Alpha,Standard,Delta,Standard,584,2586,203,2245,3159,Beta,2023-03-05 12:48:00,,1309,,,,,3951,,,,4447,,2024-05-06,,8049,,,,,,,,,,Other,2025-08-03,,,,,,,,,,,,,2023-11-27,5218,,,,,,,6367,2871,1959,,,2025-11-05,3114,,,,,,,,1148,,,,2024-02-02,,,,,,,,,,1680,6307,,Reviewed performance and gathered feedback.
,LOT-9961,Nina Blake,Diego Ford,,,TAG-9305,,,,,,,,Other,taylor.ford@acme-fake.test,,,,,,,,TAG-1780,,,Active Customer,Resolved the outstanding question about scope.,Falcon Foods LLC,Copper Retail LLC,Active,Beta,United Kingdom,Delta,,,Aligned on billing and renewal terms.,New Logo,,,,Y,Manufacturing,,,,,,,,Gamma,,,Inbound Call,TAG-8624,TAG-4574,Jordan Cohen,REF-9177,REF-6735,REF-1135,,Y,,Alpha,,SKU-1390,SKU-7554,,Standard,,,,,Skyler Ivanov,,Illinois,N,,SKU-9856,,,,,,SKU-1080,8870,100001,Company,100286,omar.costa@examplecorp.test,Mei Brooks,2025-02-09 11:50:00,arjun.dorsey@examplecorp.test,Rowan Haddad,2023-06-11 09:47:00,arjun.silva@acme-fake.test,Drew Silva,2026-06-23 03:51:00,marco.mercer@examplecorp.test,,2023-01-28 15:36:00,Y,100001,100001,100001,100001,100001,100001,100001,100001,,100001,100001,100001,,100001,100001,,100001,2026-05-30 20:05:00,65,591,Alpha,Delta,Beta,TAG-4500,4586,1300,7152,3856,9618,Gamma,2025-12-02 10:38:00,4895,1137,Gamma,Alpha,Standard,Gamma,1566,214,6549,4370,8115,Gamma,2023-09-13 22:20:00,6099,,,,,SKU-4644,,977,,,,,2023-08-22,,,,SKU-1910,,,,,,,7104,,2026-07-21,,,,,,,,,,,,,2025-08-06,,,,,,,,,,,,,2023-02-03,,,,LOT-8145,,,4960,8425,,,,,2024-12-05,,,,REF-3944,,,,,,,,Other,Noted a concern to revisit at the next sync.
,,,Taylor Costa,,,,REF-8797,,,,,,,,priya.cohen@examplecorp.test,,,,,,,,TAG-9977,,,Active Customer,Scheduled a check-in for the coming month.,Pioneer Ventures Co,Cardinal Systems,Active,Delta,United Kingdom,,,,Followed up on the open items from last week.,Renewal,,,,Y,Agriculture,,,,,,,,,,,Inbound Call,LOT-7201,,Priya Ivanov,LOT-7763,,TAG-1053,,,,Alpha,,SKU-6895,SKU-5847,,Delta,,,,,Liam Silva,,Texas,N,,REF-4662,,,,,,,,100001,Company,100288,emerson.patel@examplecorp.test,Elena Dorsey,2026-07-30 00:14:00,omar.calder@examplecorp.test,Jordan Haddad,2025-06-09 19:41:00,noah.okafor@examplecorp.test,Rahul Larsson,2023-06-01 20:06:00,skyler.haddad@acme-fake.test,,2022-10-09 12:06:00,N,100001,100001,100001,100001,100001,100001,100001,100001,,100001,100001,100001,100001,100001,100001,100001,100001,2023-07-12 19:42:00,8167,8363,Standard,Alpha,Gamma,LOT-7463,1634,6213,689,8129,9833,Beta,2024-01-25 03:05:00,7398,9133,Delta,Beta,Other,Gamma,7462,724,186,8958,871,Standard,2023-03-12 12:54:00,,,,,,,2088,,,,,,2024-11-07,36,,,,,,,,,,7143,,2023-07-21,,,,,,,,,,,,,2022-12-27,8866,,Alpha,,,,,,,,,,2025-09-08,6742,,Beta,,,,5118,,,,,,2023-02-26,,,,,,,,,,,,,Scheduled a check-in for the coming month.
,,Taylor Ivanov,Skyler Nguyen,,,LOT-4045,,SKU-3427,,,,,,,jamie.mensah@examplecorp.test,,,,,,,,LOT-4169,,,Prospect,Followed up on the open items from last week.,Beacon Systems Group,Everest Industries Ltd,Active,Beta,India,,,,,Enterprise,,,,Y,Logistics,,,,,,,,,,,Website,SKU-6418,REF-9128,Mei Okafor,,,SKU-3455,5175,,,Other,,REF-6447,SKU-3206,,Delta,Alpha,,,,Fatima Ford,,Washington,N,,SKU-8977,,,,,,SKU-7517,459,100001,Company,100290,chen.costa@sampleco.test,Jordan Ford,2026-02-17 02:09:00,nina.mercer@examplecorp.test,Noah Rossi,2023-10-30 01:20:00,chen.ivanov@examplecorp.test,Chen Mensah,2024-06-26 06:11:00,diego.mensah@acme-fake.test,,2025-01-18 13:32:00,N,,100001,100001,100001,,,100001,100001,100001,100001,100001,100001,100001,100001,,,100001,2025-08-28 13:35:00,6556,3542,Delta,Gamma,Gamma,SKU-9028,1016,2796,8215,4872,3422,Beta,2022-12-25 18:11:00,5783,9872,Gamma,Standard,Alpha,Alpha,6615,5958,3755,4146,7218,Beta,2026-05-21 11:11:00,,,Beta,,,,,,,,5533,,2023-06-02,,,Standard,,,SKU-3291,,,2674,,,Alpha,2023-06-23,,,,,,,,,,,,,2024-09-09,,,,,,,,,,,,,2024-12-27,1840,5241,,,,,4354,,,7972,,,2025-07-12,,,,,,,,,,,,,Resolved the outstanding question about scope.
,,Nina Ashby,Aisha Okafor,,,REF-5618,LOT-1445,TAG-4409,,,,,,,drew.patel@sampleco.test,,,,SKU-2974,,,,LOT-8790,,,Active Customer,Discussed timeline and next steps with the account.,Delta Networks Group,Cardinal Logistics Ltd,Active,Beta,Philippines,,,,Discussed timeline and next steps with the account.,Renewal,,,REF-6670,Y,Financial Services,,,,,,,,,,,Webinar,TAG-8527,REF-5448,Priya Garcia,REF-6839,REF-3960,SKU-5465,,,,Other,,SKU-3121,TAG-4337,,Gamma,,,,,Fatima Vance,,Colorado,N,,TAG-8672,,,,,REF-7475,TAG-5757,3046,100001,Company,100291,quinn.larsson@examplecorp.test,Liam Sato,2025-09-18 11:18:00,noah.ivanov@sampleco.test,Riley Mercer,2024-09-21 12:28:00,casey.nguyen@acme-fake.test,Mei Ashby,2024-10-02 09:23:00,avery.dorsey@sampleco.test,,2025-07-01 07:12:00,Y,100001,100001,100001,100001,,,100001,100001,,100001,,100001,,100001,100001,100001,100001,2023-07-21 00:47:00,7428,9399,Delta,Beta,Other,TAG-4142,6074,7393,9521,1903,6756,Standard,2024-05-10 04:17:00,7800,230,Beta,Delta,Gamma,Beta,7610,8195,2610,2926,9748,Other,2024-04-09 00:11:00,,,Gamma,,Standard,SKU-1146,4979,,,,,,2025-02-08,5967,,,SKU-4505,,,,,1420,,,Alpha,2024-10-18,,,,,,,592,,6293,,,,2025-12-18,,,,,,REF-6675,2869,,,9458,,,2023-03-27,,,,,,,,9275,,,,Beta,2024-07-25,,,,,,,,7916,,,,,Followed up on the open items from last week.
,TAG-5999,Noah Vance,Avery Sato,,,SKU-1563,TAG-6603,REF-4322,,,,REF-4442,,,casey.garcia@examplecorp.test,Rowan Rossi,Noah Okafor,,,,,"180,696",TAG-5533,,,Active Customer,Reviewed performance and gathered feedback.,Silverline Financial Corp,Pioneer Retail LLP,Active,Alpha,India,,,,Noted a concern to revisit at the next sync.,Standard,,,,Y,Logistics,,,,,,,,,,,Inbound Call,REF-6375,,Jordan Silva,REF-1209,LOT-5690,SKU-1247,,,,Delta,,REF-7802,TAG-5226,,,,,,,Reese Rossi,,New York,Y,,TAG-2440,,,,,,TAG-3689,,100001,Company,100293,noah.okafor@demomail.test,Omar Vance,2025-09-04 10:16:00,nina.rossi@sampleco.test,Jamie Calder,2024-05-15 10:54:00,sofia.ford@acme-fake.test,Liam Haddad,2023-05-31 20:27:00,rowan.sloan@sampleco.test,,2023-02-22 15:57:00,Y,100001,100001,100001,100001,,100001,100001,100001,100001,100001,,100001,100001,100001,100001,100001,100001,2023-06-25 18:52:00,5641,6570,Beta,Alpha,Standard,TAG-4723,1815,4054,4802,6576,9697,Alpha,2026-04-25 06:39:00,1367,9655,Other,Alpha,Gamma,Delta,4424,5562,3914,211,7416,Other,2026-01-23 16:41:00,912,,,REF-5551,,,,3533,,,,,2025-05-21,,,Gamma,LOT-7056,,,,,,,,,2023-07-19,,,Delta,,,,,,,,4129,,2026-07-22,,,,,,LOT-6411,,7860,,,,,2025-03-15,,,,,,TAG-9665,,,,,,Alpha,2024-04-01,,3472,,,,,,,,,,,Reviewed performance and gathered feedback.
,,Reese Blake,Riley Ford,,,,LOT-8483,,,,,,,,alex.sloan@sampleco.test,,Diego Calder,,,,Emerson Whitfield,"143,915",TAG-7328,,,Active Customer,Discussed timeline and next steps with the account.,Lakeside Logistics Co,Cardinal Dynamics Inc,Active,Standard,Canada,,,,Discussed timeline and next steps with the account.,Renewal,,,SKU-1427,Y,Healthcare,,,,,,,,,,,Website,SKU-5323,,Avery Haddad,TAG-9950,REF-2004,LOT-2634,7292,,,Gamma,,TAG-1734,SKU-5063,,Alpha,,,,,Yara Cohen,,New York,Y,,TAG-2339,,,,,,REF-1112,7068,100001,Company,100295,casey.patel@acme-fake.test,Nina Whitfield,2023-12-06 17:32:00,mei.brooks@acme-fake.test,Aisha Vance,2024-02-06 15:16:00,elena.nguyen@acme-fake.test,Priya Nguyen,2025-09-12 13:22:00,riley.silva@demomail.test,,2024-04-19 12:49:00,N,100001,100001,100001,100001,100001,100001,100001,100001,,,100001,100001,,100001,100001,100001,100001,2024-07-26 09:49:00,3999,5423,Other,Other,Alpha,REF-7538,9056,4886,4530,5397,8270,Alpha,2022-10-09 08:32:00,2649,9273,Standard,Alpha,Delta,Standard,3008,3537,13,6409,2618,Alpha,2026-02-26 22:22:00,,,Standard,,,REF-2400,,,,,,,2023-10-31,,,,LOT-7707,,,9043,,9742,6149,,Beta,2025-04-28,3509,,Delta,REF-7532,,,,,,,,,2026-05-19,,,,,,,,,,,,,2023-11-11,,7491,Delta,,,REF-3333,,,,,,,2022-11-11,,,,SKU-6038,,,,,,,,,Shared the updated proposal for review.
,,Aisha Larsson,Reese Calder,,,REF-2935,SKU-7249,LOT-8683,SKU-1157,,,,,,aisha.okafor@acme-fake.test,Rowan Ivanov,Elena Cohen,,,REF-5011,,,LOT-3519,,Standard,Referral Partner,Aligned on billing and renewal terms.,Granite Textiles Corp,Northwind Holdings Ltd,Active,Other,Philippines,,,,Aligned on billing and renewal terms.,SMB,,,,Y,Manufacturing,,,,,,,,,,,Partner,SKU-5276,,Elena Brooks,,,SKU-1954,6114,,,,,REF-6690,SKU-8572,,Standard,,,,,Arjun Patel,,Ohio,Y,,,,,,,LOT-1019,REF-6721,,100001,Company,100298,sofia.calder@acme-fake.test,Quinn Blake,2024-09-07 10:25:00,rowan.sato@acme-fake.test,Arjun Rossi,2025-08-03 06:20:00,yara.ivanov@demomail.test,Arjun Garcia,2023-07-26 20:14:00,alex.okafor@acme-fake.test,,2022-12-16 11:57:00,Y,100001,100001,100001,100001,100001,100001,100001,100001,,100001,,100001,,100001,100001,,100001,2025-04-14 18:53:00,1414,4216,Beta,Gamma,Alpha,LOT-4923,2498,6206,1208,8393,6894,Gamma,2025-11-07 07:52:00,8289,766,Beta,Beta,Gamma,Standard,5850,2688,4096,1019,3140,Other,2023-07-27 20:48:00,,,Delta,,,SKU-5493,,,,,,,2025-12-04,,,,,,REF-3043,,,,,,,2024-08-29,,8398,Other,,,LOT-7551,,8853,,,,,2024-08-01,,,,,,,2427,,,,7138,,2024-09-26,6289,,,,,LOT-4451,,,,1975,,,2022-11-30,,,,TAG-4158,,,,,,,,Standard,Shared the updated proposal for review.
,,Rahul Silva,Sofia Okafor,,,LOT-5457,TAG-3943,,TAG-4050,TAG-6258,,,,,chen.patel@examplecorp.test,,,,,,Priya Blake,,,,,Active Customer,Noted a concern to revisit at the next sync.,Summit Analytics Corp,Cobalt Analytics Ltd,Active,Gamma,United Kingdom,,,,Resolved the outstanding question about scope.,New Logo,,,,Y,Professional Services,,,,,,,,,,,Inbound Call,,,Riley Costa,REF-6938,TAG-8105,,,,,Gamma,,REF-7217,,,Other,,,,,Emerson Blake,,California,Y,,SKU-8046,,,,,,SKU-9810,,100001,Company,100301,priya.sato@acme-fake.test,Alex Sloan,2026-07-13 15:17:00,omar.sato@acme-fake.test,Reese Rossi,2026-03-21 10:26:00,emerson.sloan@sampleco.test,Rowan Calder,2025-11-30 04:05:00,avery.ford@examplecorp.test,,2024-06-05 02:29:00,Y,100001,100001,,100001,,100001,100001,100001,100001,100001,,100001,100001,,100001,100001,100001,2024-04-06 03:11:00,1999,1199,Delta,Other,Beta,LOT-5296,559,3700,9174,2634,2287,Alpha,2026-07-18 17:23:00,3646,3120,Delta,Other,Other,Alpha,7066,178,1888,8020,5494,Alpha,2025-02-25 12:04:00,,,,REF-4330,,,,,3118,,,,2026-01-19,,,,,,,2679,,,,,,2024-03-31,,,,,,,2339,,,,,,2025-02-14,,,,,,,,,,,,,2025-07-06,,8263,,,,,,,6451,,,,2023-11-19,,,,,,,,,,,,,Discussed timeline and next steps with the account.
,,Fatima Dorsey,Elena Kim,,,TAG-1336,SKU-6863,,,,,SKU-6962,TAG-2002,,fatima.brooks@examplecorp.test,,,,,,Nina Vance,,TAG-3399,,,Active Customer,Discussed timeline and next steps with the account.,Lakeside Systems,Brightpath Energy Co,Active,Standard,Australia,,,,Followed up on the open items from last week.,Standard,,,,Y,Professional Services,LOT-6045,,,,,,,,,,Cold Outreach,SKU-1015,,Elena Patel,REF-6562,,,8911,,,Delta,,REF-7226,REF-5391,,,,,,,Riley Sato,,Illinois,Y,,REF-9049,,,,,LOT-1221,REF-3646,10,100001,Company,100302,morgan.costa@sampleco.test,Elena Costa,2024-12-24 12:04:00,marco.mercer@sampleco.test,Rowan Reyes,2025-07-19 07:50:00,reese.ford@acme-fake.test,Avery Brooks,2024-07-17 07:30:00,quinn.mensah@examplecorp.test,Avery Calder,2025-05-14 19:22:00,N,100001,100001,100001,100001,100001,,100001,100001,,100001,,100001,,100001,100001,100001,100001,2023-11-27 08:08:00,3116,6452,Gamma,Standard,Delta,TAG-4361,7928,9955,8009,9970,7807,Delta,2025-12-31 02:04:00,4779,3132,Delta,Gamma,Gamma,Beta,3827,7849,4935,4408,3224,Other,2023-10-12 07:20:00,,,,REF-2789,Delta,SKU-8591,312,,,,,,2023-11-20,,919,,,,,,,,,,,2024-12-20,,,,,,SKU-4747,,,5394,,,,2024-12-08,,,,,,,,276,,,,,2023-07-20,,,,,,,,,,,,,2025-11-28,,,,REF-9667,,,,,,,,Alpha,Followed up on the open items from last week.
,,Sofia Ivanov,Quinn Whitfield,,,,SKU-2124,,,,,TAG-8987,,,priya.haddad@examplecorp.test,Morgan Okafor,Drew Mensah,,,,,,,,,Active Customer,Resolved the outstanding question about scope.,Blue Ridge Systems,Everest Financial Ltd,Inactive,Standard,Australia,Standard,,,Scheduled a check-in for the coming month.,Renewal,,,,N,Energy,,,,,,,,,,,LinkedIn,REF-7635,,Arjun Garcia,LOT-3675,LOT-2149,REF-7575,5332,,,Delta,,SKU-6444,SKU-3736,,Beta,,,,,Omar Costa,,Illinois,N,,REF-9933,,,,,,TAG-7492,1323,100001,Company,100305,yara.ford@sampleco.test,Taylor Ivanov,2025-01-19 07:15:00,rahul.brooks@sampleco.test,Arjun Mensah,2024-06-09 14:21:00,chen.mensah@examplecorp.test,Liam Larsson,2022-11-13 19:05:00,avery.reyes@sampleco.test,Jamie Sato,2026-02-20 16:06:00,Y,100001,100001,100001,100001,100001,,100001,100001,100001,,100001,100001,100001,100001,100001,100001,100001,2023-12-15 20:36:00,9265,7605,Standard,Beta,Beta,TAG-6047,6752,7518,8958,8129,8599,Beta,2026-03-31 06:02:00,447,1739,Delta,Delta,Gamma,Other,51,5088,1573,3636,4228,Beta,2026-02-28 23:14:00,,,,REF-7901,,,,,,,,Gamma,2024-11-07,,1837,,,,,8071,,,,,,2023-06-10,,,,,,,,,,,5512,,2025-02-26,,,Alpha,,,,,,,,,,2023-11-03,,,,LOT-4385,,,,,,,,Gamma,2024-06-14,,,,,,,,,,,6064,,Noted a concern to revisit at the next sync.
SKU-9270,,Quinn Brooks,Quinn Silva,,,SKU-3773,TAG-2679,,SKU-2243,REF-5506,,LOT-3161,,,yara.haddad@sampleco.test,,,,REF-6853,,Sofia Whitfield,,LOT-5841,,,Active Customer,Shared the updated proposal for review.,Evergreen Robotics Corp,Granite Textiles LLP,Inactive,,Australia,,,,,Enterprise,,,,Y,Manufacturing,,,,,,,,,,,Partner,TAG-5306,TAG-5674,Noah Garcia,LOT-7883,,TAG-4929,8032,,,Other,,LOT-2806,SKU-4139,,Gamma,,,,,Rahul Brooks,,Colorado,N,,SKU-8668,,,,,,,7035,100001,Company,100308,drew.haddad@demomail.test,Fatima Larsson,2023-01-21 02:31:00,riley.brooks@acme-fake.test,Jordan Mensah,2025-03-11 21:28:00,diego.ashby@examplecorp.test,Diego Sloan,2024-02-10 15:54:00,casey.blake@examplecorp.test,,2025-11-28 18:30:00,Y,,100001,100001,100001,100001,100001,100001,100001,100001,,,,100001,100001,100001,100001,100001,2026-01-31 14:53:00,2306,6356,Delta,Delta,Delta,LOT-4436,4953,3032,4880,5183,2063,Gamma,2025-02-23 13:32:00,5626,9147,Delta,Other,Gamma,Gamma,2586,3469,8793,5292,5133,Beta,2022-11-14 22:22:00,,,Delta,SKU-7829,Beta,,,,6530,,,,2025-12-06,,,Standard,SKU-7099,Standard,,,,,,3037,,2022-11-25,7165,,,,,,,,,7329,,,2024-01-29,,915,,,,,,,,,,,2026-04-18,,,,,,LOT-3864,,,4098,,,,2023-05-18,,2558,,,,REF-7967,,,2342,,,Beta,Shared the updated proposal for review.
,,Sofia Okafor,Jordan Rossi,,,LOT-5586,,,,,,LOT-1255,SKU-6947,Gamma,elena.brooks@examplecorp.test,Arjun Dorsey,,,,TAG-8359,Priya Nguyen,,REF-2291,,,Active Customer,Scheduled a check-in for the coming month.,Delta Labs,Cardinal Networks LLP,Inactive,Gamma,Philippines,,,,Noted a concern to revisit at the next sync.,Renewal,,,,N,Energy,,,,,,,,,,,Partner,TAG-7059,,Skyler Sato,SKU-5345,SKU-2204,REF-7665,,,,Gamma,,SKU-2726,LOT-9692,,,,,,,Elena Ashby,,Florida,Y,,LOT-3944,,,,TAG-7822,,TAG-3272,8598,100001,Company,100309,diego.sato@sampleco.test,Casey Ivanov,2024-06-20 12:39:00,omar.ashby@demomail.test,Arjun Sato,2023-08-13 01:19:00,drew.mensah@examplecorp.test,Morgan Reyes,2025-10-16 12:18:00,jamie.kim@acme-fake.test,Nina Larsson,2025-05-13 07:31:00,Y,100001,100001,100001,100001,100001,100001,100001,100001,100001,,100001,100001,100001,100001,100001,100001,100001,2025-08-09 05:28:00,1265,46,Gamma,Delta,Alpha,TAG-4337,5773,2748,8350,1588,1919,Standard,2026-03-02 08:16:00,7891,7032,Gamma,Delta,Alpha,Gamma,7122,839,3090,6527,9521,Gamma,2022-10-05 17:33:00,,,,SKU-3939,,,,,,671,,,2026-07-31,,,,,Alpha,SKU-1759,,,399,,,Delta,2025-12-28,,,,,,,,,,8479,,,2026-07-07,,,,,,,,,,,6037,,2024-04-21,,,Standard,,,,,7653,,,8733,,2023-11-13,,,,,,,,,,,,,Scheduled a check-in for the coming month.
REF-6186,,Fatima Reyes,Aisha Vance,,,REF-8409,REF-8121,REF-5218,TAG-1129,SKU-3538,,,,Other,rahul.sloan@sampleco.test,,Arjun Haddad,,SKU-2493,,,,REF-9471,"247,740",,Active Customer,Noted a concern to revisit at the next sync.,Redwood Health Co,Everest Ventures Group,Active,Standard,Germany,,,,Scheduled a check-in for the coming month.,Enterprise,,,,N,Professional Services,,,,,,,,,,,Webinar,LOT-1427,,Reese Blake,REF-8648,REF-1021,,,,,Other,,LOT-3635,,,Other,,,,,Alex Sato,,Illinois,N,,,,,,,,REF-5682,,100001,Company,100310,noah.sato@acme-fake.test,Morgan Mensah,2024-01-03 15:08:00,taylor.mercer@sampleco.test,Aisha Cohen,2023-06-24 11:05:00,priya.costa@acme-fake.test,Avery Ford,2025-04-27 01:57:00,priya.mensah@sampleco.test,,2025-08-12 13:58:00,Y,100001,100001,100001,100001,,100001,100001,100001,100001,100001,100001,100001,,100001,100001,100001,100001,2024-02-17 17:28:00,1694,6694,Gamma,Standard,Other,SKU-5427,1581,5097,8965,681,6468,Other,2023-09-22 10:49:00,1114,4509,Delta,Beta,Alpha,Alpha,8157,4604,9435,8859,1816,Gamma,2025-04-04 01:30:00,1323,,,,,,,,,7196,,,2024-07-11,7644,,Standard,LOT-8793,,,,307,,,,,2023-02-24,,,Gamma,,,,,,,,,,2022-12-12,2618,,,,,SKU-7011,1786,,6755,,8793,,2025-10-03,,,,,,,,,,,,,2022-11-24,,,,,,,,,,,,,Noted a concern to revisit at the next sync.
,,Diego Haddad,Aisha Ivanov,,,TAG-3894,REF-8016,,SKU-7726,,,SKU-8164,,,taylor.ford@demomail.test,,,,,,,"76,298",LOT-6481,,,Past Customer,Noted a concern to revisit at the next sync.,Atlas Analytics Co,Beacon Capital Group,Active,Other,Germany,,,,Resolved the outstanding question about scope.,SMB,,,TAG-2156,N,Manufacturing,,,,,,,,,,,Webinar,LOT-7614,,Chen Reyes,SKU-7035,SKU-2521,SKU-7524,,,,Alpha,,SKU-3436,LOT-3499,,Other,,,,,Marco Larsson,Noted a concern to revisit at the next sync.,Colorado,N,,TAG-1200,,,,,,SKU-2078,6552,100001,Company,100313,mei.ashby@demomail.test,Drew Ashby,2026-04-27 19:17:00,casey.patel@demomail.test,Avery Sato,2024-12-22 23:52:00,arjun.ivanov@sampleco.test,Skyler Ford,2025-07-24 17:31:00,morgan.reyes@sampleco.test,,2024-02-07 22:33:00,N,,100001,100001,100001,100001,,100001,100001,,100001,100001,100001,,100001,100001,,100001,2024-01-28 04:44:00,5209,968,Alpha,Gamma,Beta,REF-8869,3610,6044,4886,5638,6919,Alpha,2023-06-20 16:35:00,5061,1837,Other,Other,Delta,Other,3810,6307,51,2704,318,Other,2026-01-23 23:37:00,,807,,,,,,6021,1916,,,,2026-02-02,,,,,,,,828,,,5490,,2025-04-08,,,,,,,,,,,,Delta,2024-12-09,,,,,,,,,,,,,2022-11-06,,,,,Delta,,,,,,,,2026-03-31,,,Alpha,,TAG-9104,SKU-4547,,,,,1113,,Followed up on the open items from last week.
,,Yara Ashby,Diego Ford,,,SKU-7211,SKU-9216,TAG-5642,,,,REF-4689,,,diego.brooks@examplecorp.test,,,,,LOT-7870,,,,,,Active Customer,Aligned on billing and renewal terms.,Atlas Media LLC,Ironwood Labs LLP,Active,Alpha,Mexico,,,,Shared the updated proposal for review.,New Logo,,,,Y,Retail,LOT-8411,,,,,,,,,"62,989",Webinar,REF-6060,,Drew Vance,TAG-7195,TAG-4024,,3427,,,Gamma,,SKU-5079,,,,,,,,Skyler Cohen,,New York,Y,,SKU-4646,,,,,SKU-7940,TAG-6133,8409,100001,Company,100314,rahul.mercer@acme-fake.test,Casey Costa,2023-05-13 16:24:00,yara.costa@sampleco.test,Morgan Okafor,2025-09-22 06:44:00,sofia.blake@sampleco.test,Morgan Brooks,2026-06-13 21:23:00,emerson.mensah@sampleco.test,,2025-06-08 17:18:00,N,100001,100001,,100001,100001,100001,100001,100001,100001,,100001,100001,100001,100001,100001,100001,100001,2024-02-25 15:06:00,5004,6516,Delta,Alpha,Other,REF-7659,4323,5019,911,1191,9100,Other,2022-11-25 12:32:00,4270,1673,Beta,Delta,Beta,Alpha,8545,9655,1207,9960,1916,Delta,2023-03-16 23:03:00,,,Alpha,,,,,,,6899,,,2025-08-24,,,,,,,,,,,,,2023-10-10,,,,,,,,,,4387,,Beta,2026-07-17,8753,,,,,,,,,7819,,,2024-07-12,,,,SKU-8869,Delta,,,7428,,,,Standard,2026-03-06,,,,,,,,,5519,2214,,,Aligned on billing and renewal terms.
,TAG-2866,Elena Cohen,Liam Calder,,,,LOT-8217,REF-3786,,,,SKU-8463,,,emerson.okafor@demomail.test,,,,,,,,LOT-4417,,,Referral Partner,Aligned on billing and renewal terms.,Falcon Energy Ltd,,Active,Standard,Germany,,,,Aligned on billing and renewal terms.,New Logo,,,,Y,Retail,,,,,,,,Alpha,,,Webinar,REF-9243,TAG-9805,Mei Ashby,,REF-6598,TAG-9826,,,,Alpha,,LOT-4586,LOT-8207,,Standard,,,,,Arjun Sato,,Illinois,N,,SKU-1659,,,,,,SKU-4189,,100001,Company,100316,yara.nguyen@demomail.test,Avery Cohen,2024-05-25 11:01:00,quinn.ivanov@acme-fake.test,Avery Sloan,2023-11-27 11:41:00,quinn.garcia@acme-fake.test,Quinn Sato,2023-06-08 22:17:00,priya.calder@examplecorp.test,Avery Haddad,2023-07-17 19:01:00,Y,,100001,100001,100001,,100001,100001,100001,100001,100001,100001,100001,100001,100001,100001,100001,100001,2026-04-17 18:40:00,3038,5412,Standard,Gamma,Other,REF-2553,9138,6267,4567,100,8298,Delta,2025-02-05 07:05:00,5668,7097,Gamma,Alpha,Beta,Other,5927,3228,9627,6099,4290,Alpha,2026-02-03 08:38:00,,,,,,LOT-8426,,,,,,Standard,2024-05-11,,,,,,,,,,,,Alpha,2023-04-28,,,,,,,,,,,,Other,2025-10-27,,,,,,,,,,,1793,,2024-11-18,,,,,,,,,,,,,2025-01-15,,4585,,,,,,,,,7615,,Noted a concern to revisit at the next sync.
LOT-1993,,Rahul Okafor,Alex Cohen,,,LOT-1189,REF-8476,TAG-5939,,SKU-4906,,,,Beta,jordan.sloan@acme-fake.test,,,,SKU-4832,,Reese Dorsey,,SKU-5194,,,Active Customer,Reviewed performance and gathered feedback.,Brightpath Systems LLP,Granite Financial Inc,Active,,Mexico,,,,Reviewed performance and gathered feedback.,Standard,,,,Y,Energy,,,,,,,,,,,Cold Outreach,SKU-6791,TAG-4804,Morgan Ivanov,TAG-6961,,LOT-2720,,,,Beta,,SKU-8722,SKU-4558,,Beta,,,,,Arjun Mercer,,Washington,Y,,LOT-2034,,,,,,SKU-3874,2603,100001,Company,100319,morgan.larsson@sampleco.test,Avery Reyes,2023-04-07 18:38:00,nina.blake@sampleco.test,Casey Patel,2024-01-10 06:46:00,rahul.ivanov@sampleco.test,Rahul Larsson,2024-12-20 19:34:00,rowan.haddad@examplecorp.test,,2024-08-21 14:58:00,Y,100001,100001,100001,100001,100001,,100001,100001,100001,100001,,100001,,100001,100001,100001,100001,2023-09-22 06:08:00,4596,1426,Beta,Beta,Alpha,SKU-3728,9376,2540,9371,456,1682,Beta,2024-03-11 02:37:00,6323,8332,Standard,Other,Alpha,Alpha,3569,1798,4933,1597,4463,Standard,2024-10-24 23:47:00,,1758,,,Alpha,,,,,,,Beta,2025-07-11,,,,,,,,4334,,,,,2024-04-26,,,,,,SKU-9138,,,,,,,2024-01-03,,,,,,,,,,,,,2022-11-30,,,,,,,,,,,3691,,2023-06-24,,,,,REF-3210,,,,,7680,,,Aligned on billing and renewal terms.
,,Arjun Calder,Taylor Calder,,,LOT-3773,,,,,REF-1551,LOT-3991,,Beta,taylor.ivanov@demomail.test,,,,,,,"204,104",,,,Active Customer,Reviewed performance and gathered feedback.,Cardinal Dynamics LLP,Northwind Robotics,Active,Beta,Germany,,,,Resolved the outstanding question about scope.,Standard,,,,N,Manufacturing,,,,,,,,,,,Website,LOT-7295,SKU-4179,Elena Larsson,SKU-4525,SKU-7897,TAG-9379,7472,,,Standard,,LOT-2780,TAG-9563,,Beta,,,,,Nina Sloan,,Colorado,N,,SKU-3905,,,,,SKU-4765,REF-3116,6970,100001,Company,100322,avery.brooks@sampleco.test,Skyler Sato,2024-02-15 08:22:00,chen.ford@acme-fake.test,Casey Cohen,2024-01-18 06:28:00,chen.vance@acme-fake.test,Mei Ivanov,2023-05-31 14:00:00,drew.mensah@sampleco.test,,2023-11-03 00:17:00,N,100001,100001,100001,100001,100001,100001,100001,100001,100001,,100001,100001,100001,100001,100001,100001,100001,2026-02-07 12:06:00,4966,375,Gamma,Other,Beta,LOT-8328,3307,3761,3706,3109,8270,Other,2024-06-06 22:28:00,7203,7117,Standard,Delta,Gamma,Beta,7633,4818,9523,7086,3952,Alpha,2026-02-27 18:54:00,,5203,,TAG-4567,,,4407,,,261,,,2025-04-14,,,Gamma,,,,8610,,,,,,2024-12-08,,,,,,,,,,,,,2025-01-13,,,,,Beta,,,,,,,,2025-10-30,9835,,,,,REF-5933,,,3976,,5807,,2023-08-29,,,,,,,,,,2704,,,Followed up on the open items from last week.
TAG-8342,,Emerson Blake,Aisha Silva,,,REF-4457,REF-4391,,,REF-4247,,,,,avery.ford@sampleco.test,Fatima Ford,,,,,,,TAG-8790,,,Active Customer,Scheduled a check-in for the coming month.,Everest Manufacturing Ltd,Granite Robotics Corp,Active,Gamma,Mexico,Alpha,,,Scheduled a check-in for the coming month.,Renewal,,,,Y,Agriculture,,,,,,,,,,,Webinar,SKU-6044,TAG-5321,Noah Vance,REF-9193,TAG-7208,,,,,Other,,TAG-9371,REF-8930,,Delta,,,,,Liam Patel,,California,N,TAG-3871,,,,,,,TAG-1052,8546,100001,Company,100323,nina.sato@examplecorp.test,Nina Ivanov,2023-06-27 00:58:00,morgan.blake@acme-fake.test,Arjun Silva,2024-08-17 21:54:00,omar.sato@acme-fake.test,Rahul Mercer,2025-12-25 13:52:00,jordan.okafor@demomail.test,,2023-02-27 13:06:00,N,100001,100001,100001,100001,,100001,100001,100001,,100001,100001,100001,100001,100001,100001,100001,100001,2024-10-08 14:49:00,2259,9604,Standard,Beta,Beta,LOT-9953,406,4229,1287,945,9856,Gamma,2025-09-30 03:16:00,4715,5466,Beta,Standard,Gamma,Other,8208,8773,3998,32,9958,Standard,2025-06-20 19:50:00,,2193,,,,,,,,,,,2025-07-08,,,,,,,,,1290,,,,2022-10-12,9817,2507,,,REF-2149,,,4661,,,,,2026-06-03,7156,8024,,,,,,,,,,,2024-11-11,,,,,,SKU-5122,3617,,,74,,,2024-10-12,7701,,,,,,,,,,,,Reviewed performance and gathered feedback.
SKU-7997,,Morgan Haddad,Skyler Mensah,,,TAG-7422,LOT-3168,,,,,REF-4201,,Other,fatima.garcia@sampleco.test,Aisha Mensah,,,,LOT-2244,,,,,,Active Customer,Resolved the outstanding question about scope.,Cardinal Holdings Inc,Atlas Dynamics LLC,Active,Delta,United States,,,,Aligned on billing and renewal terms.,Renewal,,,,N,Financial Services,,,,,,,,,,,Cold Outreach,TAG-8937,,Yara Ford,,,,6952,,,,,REF-3740,LOT-3138,,Delta,,"148,431",,,Arjun Rossi,,Illinois,N,,REF-3337,,,,,,SKU-5318,,100001,Company,100325,reese.silva@acme-fake.test,Elena Mensah,2023-12-25 12:26:00,yara.ford@demomail.test,Emerson Silva,2025-11-14 13:05:00,fatima.garcia@examplecorp.test,Liam Silva,2024-03-22 21:23:00,quinn.calder@demomail.test,,2026-05-01 13:38:00,Y,100001,100001,,100001,100001,,100001,100001,100001,,,100001,100001,100001,100001,100001,100001,2025-06-19 09:25:00,1035,7638,Other,Beta,Other,SKU-4074,887,1459,2669,5903,8433,Gamma,2026-01-26 16:30:00,593,8250,Standard,Delta,Delta,Alpha,3756,6291,9477,9145,4908,Standard,2022-12-08 16:30:00,6149,,Other,LOT-6094,,TAG-5987,,,,1371,,,2025-12-28,,5636,,TAG-9785,,,1955,,,,,,2026-06-06,,,,,,,,,,,5691,,2023-01-11,,,Delta,,,,,,,,,,2025-06-17,,3851,,,,,,4838,,,,,2025-02-15,7171,,,,,,,,2070,,,,Scheduled a check-in for the coming month.
,,Diego Ivanov,Priya Mercer,,,,TAG-4674,,SKU-6963,,,,,,rowan.calder@demomail.test,Alex Ashby,Jordan Mercer,,,,,"216,242",,,,Referral Partner,Reviewed performance and gathered feedback.,Lakeside Industries Co,Everest Robotics Ltd,Active,Standard,United States,,,TAG-1294,Scheduled a check-in for the coming month.,Standard,,,,Y,Retail,,,,,,,,,,,LinkedIn,TAG-7245,REF-4999,Diego Haddad,REF-7058,,LOT-1446,904,,,Gamma,,TAG-3777,TAG-6823,,Beta,,,,,Fatima Dorsey,,California,Y,,SKU-9140,,,,,,LOT-9932,9324,100001,Company,100328,rowan.calder@sampleco.test,Jordan Mensah,2024-07-17 03:46:00,rahul.cohen@demomail.test,Aisha Ford,2025-10-26 17:27:00,rahul.reyes@acme-fake.test,Sofia Patel,2026-07-22 22:51:00,noah.vance@sampleco.test,,2025-01-16 17:11:00,N,100001,100001,,100001,100001,,100001,100001,100001,100001,100001,100001,100001,100001,100001,100001,100001,2025-02-18 03:53:00,4811,4164,Beta,Beta,Delta,LOT-6138,1958,8252,2729,3183,6604,Other,2024-09-14 02:10:00,143,8477,Standard,Delta,Gamma,Standard,1458,6527,8919,2783,8861,Gamma,2023-06-16 03:18:00,,,Gamma,,Alpha,LOT-9096,,,,1328,7816,Gamma,2025-11-20,,8560,,,Standard,,,,,3184,,Delta,2025-10-07,,,,,,,,,9771,2910,,Alpha,2024-08-05,,,,,,,,,,,,,2023-01-30,,,Other,,,,,,,494,,,2022-10-18,,,,,,,,,,,,,Discussed timeline and next steps with the account.
,,Rowan Ivanov,Quinn Sato,,,REF-9596,,REF-3672,,LOT-9693,,,,Beta,priya.dorsey@demomail.test,,Rowan Sloan,,,,,,SKU-2315,,,Past Customer,Aligned on billing and renewal terms.,Delta Analytics Group,Brightpath Foods Group,Active,Standard,India,Gamma,,,Followed up on the open items from last week.,Standard,,,,Y,Energy,,,,,,,,,,,Cold Outreach,REF-2920,,Omar Larsson,,,SKU-5506,2756,,,Other,,REF-1434,REF-8123,,Other,,,,,Liam Haddad,,Ohio,Y,,REF-6043,,,,,,LOT-9389,6469,100001,Company,100329,casey.rossi@acme-fake.test,Avery Vance,2024-10-07 17:21:00,marco.dorsey@examplecorp.test,Liam Costa,2023-09-07 11:05:00,jordan.vance@demomail.test,Mei Ashby,2023-10-21 14:40:00,morgan.dorsey@acme-fake.test,,2024-02-12 15:16:00,Y,100001,100001,,100001,100001,100001,100001,100001,,,,100001,,100001,100001,100001,100001,2026-01-31 13:58:00,5994,571,Beta,Beta,Gamma,TAG-4688,9507,6974,8596,7744,2031,Alpha,2025-06-15 05:32:00,9970,6065,Beta,Standard,Alpha,Standard,2292,6329,1406,7160,345,Alpha,2025-02-21 07:40:00,,,Delta,,Gamma,,7863,,,,,,2024-05-19,,761,,,,,4598,,,8248,,,2026-02-25,,,Alpha,,,,,,,,,,2025-08-23,,,,,,,,,,,,,2025-01-29,,,,,,,5581,,,,6582,,2023-10-26,,,,,,,,,,,,Gamma,Shared the updated proposal for review.
,LOT-6895,Emerson Mensah,Avery Silva,,,LOT-6745,SKU-6402,,,,,,,,rahul.ivanov@acme-fake.test,,,,,,,,,"235,773",,Referral Partner,Reviewed performance and gathered feedback.,Pioneer Financial LLP,Falcon Financial Co,Active,Beta,Australia,,,,Scheduled a check-in for the coming month.,Renewal,,SKU-5399,,,Logistics,,,,,,,,,,,Referral,,,Priya Larsson,REF-4820,SKU-2672,REF-8430,,,,Alpha,,TAG-2832,SKU-8105,,Gamma,,"211,413",,,Skyler Okafor,,Georgia,Y,,TAG-1212,,,,,,SKU-2183,,100001,Company,100331,mei.patel@examplecorp.test,Emerson Ivanov,2026-05-09 05:17:00,riley.vance@examplecorp.test,Emerson Okafor,2024-07-24 22:21:00,noah.sato@acme-fake.test,Noah Vance,2024-11-05 07:55:00,riley.ivanov@examplecorp.test,,2024-03-28 00:25:00,N,100001,100001,100001,100001,,,100001,100001,100001,100001,100001,100001,100001,100001,100001,100001,100001,2025-09-12 06:27:00,8454,8425,Standard,Standard,Beta,REF-9268,8266,112,8808,818,2373,Alpha,2022-10-20 07:31:00,5908,7109,Alpha,Beta,Delta,Beta,9375,5864,8746,1724,6714,Gamma,2025-09-02 16:43:00,,9426,Standard,LOT-5616,,,,,,,,,2023-06-11,,,,,,,,,6098,140,,,2024-10-23,,,Beta,,,,,,7601,,,,2023-08-15,,,,LOT-6815,Delta,,8611,,,,,,2024-12-14,,,,SKU-1440,,,2587,,,,,,2025-07-23,,,,REF-1280,,,9546,,,,,,Noted a concern to revisit at the next sync.
,,Omar Cohen,Reese Patel,,,SKU-5683,SKU-6837,REF-3315,,SKU-1465,,,SKU-9806,Other,jamie.mensah@examplecorp.test,,Rowan Garcia,,,,,,TAG-2285,,,Prospect,Aligned on billing and renewal terms.,Lakeside Systems Group,,Active,Gamma,Mexico,,,,Discussed timeline and next steps with the account.,Standard,,,,Y,Technology,,,,"117,881",,,,,,,LinkedIn,,LOT-8483,Omar Mensah,TAG-4169,LOT-4928,TAG-6884,6026,,,,,REF-3312,TAG-6866,,Beta,,,,,Skyler Vance,,Illinois,N,,TAG-7778,,,,LOT-9121,,SKU-6668,9284,100001,Company,100332,yara.ashby@acme-fake.test,Arjun Costa,2026-05-21 08:18:00,rowan.ivanov@acme-fake.test,Riley Ashby,2024-03-05 09:14:00,marco.sloan@sampleco.test,Nina Reyes,2025-08-22 00:48:00,drew.ivanov@acme-fake.test,,2024-08-31 22:25:00,N,100001,100001,100001,100001,100001,100001,100001,100001,100001,100001,,100001,100001,100001,100001,,100001,2024-02-14 01:29:00,8001,9990,Beta,Alpha,Beta,REF-3677,1997,7663,1066,1431,7380,Alpha,2025-10-12 03:56:00,7165,595,Other,Other,Alpha,Other,3105,6138,9402,426,5112,Standard,2023-02-12 08:33:00,,,,,,LOT-4080,,,,,,,2025-06-08,,2275,Standard,,,,,,,,,Beta,2026-02-08,,,,,,,,,,,,,2024-02-29,,,,,,,,,,,,,2024-03-22,1232,,Gamma,SKU-1312,,,,,2791,,,,2024-09-12,,,,,,,,,,6805,,,Shared the updated proposal for review.
,,Diego Mensah,Quinn Nguyen,,,,TAG-2286,,LOT-7135,,,,,Gamma,drew.vance@acme-fake.test,,Casey Whitfield,,REF-4686,,,,TAG-8856,,,Prospect,Discussed timeline and next steps with the account.,Horizon Energy LLC,Keystone Analytics Group,Inactive,Gamma,India,,,,Aligned on billing and renewal terms.,SMB,,,,Y,Logistics,,,,"118,141",,,,,,,Inbound Call,TAG-5033,SKU-4415,Riley Ford,LOT-3887,,SKU-3112,6847,,,Alpha,,TAG-5031,REF-7093,,Standard,,,,,Mei Mercer,,Colorado,N,,TAG-3804,,,,,,LOT-9229,9296,100001,Company,100333,noah.costa@examplecorp.test,Nina Haddad,2025-04-08 00:21:00,noah.ivanov@demomail.test,Reese Nguyen,2022-10-21 16:16:00,morgan.ashby@sampleco.test,Jordan Blake,2025-03-28 12:33:00,rowan.mensah@sampleco.test,,2025-08-06 08:05:00,Y,,100001,100001,100001,100001,100001,100001,100001,100001,100001,100001,100001,,100001,100001,100001,100001,2025-12-20 04:26:00,8456,7906,Beta,Other,Other,SKU-6841,8856,6441,1667,7910,5683,Beta,2024-10-22 01:32:00,9573,9875,Gamma,Alpha,Beta,Beta,6500,7711,1238,5929,3495,Alpha,2024-06-26 06:20:00,8123,,,,,LOT-8767,,,9784,,,,2025-11-26,,,Other,,,,,,5423,,,Alpha,2024-11-15,,,Gamma,,,,,5196,,,,,2022-11-22,,,,,,,,,,,,,2023-10-24,,,,,,,,,3993,,,Other,2023-06-01,,,,,,,,7582,,,,,Reviewed performance and gathered feedback.
REF-4728,LOT-2287,Jamie Dorsey,Emerson Sloan,,,,TAG-5654,SKU-1560,SKU-7975,,,,,,quinn.vance@demomail.test,,Priya Garcia,,REF-9230,,Avery Whitfield,,,,,Past Customer,Reviewed performance and gathered feedback.,Redwood Robotics Co,Granite Industries LLP,Active,Gamma,Mexico,,,,Scheduled a check-in for the coming month.,Renewal,,,,N,Education,,,,,,,,,,,Event,LOT-9787,,Yara Garcia,LOT-3013,REF-7767,,,,,Gamma,,,LOT-9894,,Beta,,,,,Priya Sato,Noted a concern to revisit at the next sync.,Arizona,N,,LOT-5731,,,,,,TAG-1057,,100001,Company,100334,morgan.haddad@acme-fake.test,Nina Sloan,2024-11-24 01:29:00,omar.mensah@demomail.test,Diego Mercer,2024-03-15 13:23:00,nina.nguyen@examplecorp.test,Sofia Silva,2023-03-14 02:29:00,liam.okafor@examplecorp.test,,2023-10-01 09:58:00,N,100001,100001,100001,100001,100001,,100001,100001,,,,100001,,100001,100001,100001,100001,2026-05-24 01:34:00,5786,9700,Beta,Other,Other,SKU-3075,6783,5321,61,8470,9560,Delta,2024-09-02 08:58:00,4854,3646,Delta,Delta,Beta,Other,4605,6587,8545,1221,9398,Gamma,2025-05-14 17:14:00,7510,,,REF-7377,,,,8250,,,,,2024-03-08,,5776,,,,,,,,,,,2022-11-24,,1070,Gamma,,,,,9380,,,,Standard,2023-03-13,4293,,,,,,,,,,,,2024-08-18,,,,LOT-6100,Gamma,,,,,,,,2023-08-10,,,,,,,,,,,,,Discussed timeline and next steps with the account.
,,Diego Mercer,Skyler Mercer,,,REF-2570,,,REF-6776,,LOT-1203,,,,fatima.larsson@sampleco.test,Chen Patel,Noah Rossi,,,,,,,,,Past Customer,Aligned on billing and renewal terms.,Cobalt Manufacturing Inc,Harbor Dynamics Inc,Active,Delta,Mexico,,,REF-2792,Noted a concern to revisit at the next sync.,Enterprise,,,,Y,Logistics,,,,,,,,,,,Cold Outreach,TAG-1207,TAG-5172,Morgan Whitfield,LOT-5349,LOT-4420,TAG-9177,,,,Alpha,,,SKU-1811,,Standard,,"94,612",,,Reese Whitfield,,Ohio,N,TAG-4959,TAG-5079,,,,,SKU-7856,LOT-4249,,100001,Company,100336,avery.costa@acme-fake.test,Alex Larsson,2024-07-01 06:09:00,nina.sato@examplecorp.test,Diego Haddad,2023-07-22 09:31:00,fatima.silva@demomail.test,Drew Nguyen,2025-08-25 17:57:00,yara.whitfield@acme-fake.test,Nina Nguyen,2024-10-21 22:35:00,Y,100001,100001,100001,100001,100001,,100001,100001,100001,,100001,100001,100001,100001,100001,100001,100001,2022-11-27 07:59:00,377,5472,Alpha,Delta,Beta,SKU-2755,6038,7197,1127,2335,378,Gamma,2023-07-10 16:29:00,2259,5379,Beta,Gamma,Gamma,Alpha,476,645,4386,205,8071,Gamma,2024-08-06 07:15:00,,,,,,,,,,,,,2024-04-06,6426,,,LOT-9991,Gamma,,,,,1046,,,2025-03-01,,,,TAG-1615,,,,,,,,,2023-06-01,,,,,,,,,,,,,2023-09-26,,,,LOT-8364,Other,,1528,,,,,,2023-03-20,8989,7098,Alpha,,,,,,3755,,,Delta,Aligned on billing and renewal terms.
,,Priya Mercer,Taylor Okafor,,,SKU-4155,LOT-7164,,,,,LOT-2384,,,taylor.kim@acme-fake.test,Liam Silva,Nina Reyes,,,,,"227,732",LOT-3241,,,Active Customer,Reviewed performance and gathered feedback.,Brightpath Solutions Ltd,Silverline Labs Co,Active,Beta,Philippines,,,,Aligned on billing and renewal terms.,Enterprise,,LOT-7661,,N,Telecommunications,,,,,,,Y,,,,Website,TAG-6666,,Chen Costa,LOT-8523,LOT-6802,SKU-2406,1908,,,Beta,,SKU-1570,LOT-3038,,Standard,,,Standard,,Marco Calder,,New York,Y,LOT-6236,TAG-8594,,,,,,REF-8671,1559,100001,Company,100339,rowan.ashby@sampleco.test,Marco Cohen,2024-02-06 05:34:00,taylor.calder@examplecorp.test,Reese Whitfield,2023-12-20 21:12:00,drew.ivanov@sampleco.test,Jordan Ford,2026-03-09 04:21:00,diego.sloan@examplecorp.test,Rahul Ashby,2023-06-02 12:30:00,N,100001,100001,100001,100001,100001,,100001,100001,,100001,,100001,100001,100001,100001,100001,100001,2025-07-10 10:16:00,1529,8440,Gamma,Gamma,Standard,TAG-7763,2498,3605,4646,6431,1703,Delta,2024-03-30 21:33:00,9687,2919,Delta,Alpha,Standard,Delta,3070,4866,871,3524,5166,Beta,2024-07-19 06:37:00,,,,,,,,,,6303,2981,,2025-12-10,5304,9749,Delta,LOT-5046,,,,,6663,5743,9666,Delta,2023-07-01,5664,,,,,,,,,,,,2026-03-10,,,,,,,,,,,,,2022-10-20,,,Gamma,,,,4183,,,,,Alpha,2023-12-26,,,,,,,,,,,,,Followed up on the open items from last week.
,LOT-1539,Elena Cohen,Morgan Dorsey,,,TAG-7089,REF-9911,,,,,,,,morgan.kim@acme-fake.test,Skyler Haddad,,,,,,,,,,Referral Partner,Discussed timeline and next steps with the account.,Horizon Analytics LLC,Harbor Partners LLP,Inactive,Beta,United Kingdom,,,,Resolved the outstanding question about scope.,Standard,,,,N,Education,,,,,,,,,,,Cold Outreach,TAG-7336,LOT-2969,Quinn Sato,REF-7124,,,,,,Other,,REF-7229,REF-7958,,,,,,,Arjun Mensah,,Georgia,Y,,REF-6963,,,,,,,,100001,Company,100340,mei.reyes@demomail.test,Elena Garcia,2023-04-04 13:39:00,fatima.calder@sampleco.test,Diego Calder,2025-08-14 23:21:00,omar.nguyen@examplecorp.test,Casey Reyes,2025-02-11 05:38:00,emerson.ashby@acme-fake.test,Riley Haddad,2025-11-27 16:28:00,Y,,100001,100001,100001,,100001,100001,100001,100001,100001,100001,100001,100001,100001,100001,100001,100001,2023-07-03 17:55:00,848,63,Beta,Standard,Beta,TAG-4053,9963,5729,7851,5706,7931,Delta,2026-03-13 09:40:00,255,6865,Delta,Delta,Gamma,Standard,9637,286,7132,4993,7001,Delta,2024-04-23 05:17:00,3204,,Beta,,,,,,,,,,2023-02-03,,,,,Delta,,,,,,,,2023-04-03,,,,,,,,,,,,,2022-12-07,,,,,,,,,8016,,,,2026-03-24,,2245,Other,,,LOT-6102,,,,7385,,,2023-02-15,,3834,,,,,,,,,,Delta,Aligned on billing and renewal terms.
,,Elena Ashby,Yara Garcia,,,LOT-9094,,SKU-7546,,,,,,Beta,skyler.nguyen@sampleco.test,,,,,,,,SKU-8116,,,Past Customer,Noted a concern to revisit at the next sync.,Copper Robotics Corp,Meridian Solutions LLP,Active,Delta,Mexico,,LOT-3747,REF-9683,,New Logo,,REF-6434,,Y,Hospitality,,,,,,,,,,,Website,SKU-2778,LOT-1429,Priya Mensah,SKU-8783,,REF-6931,,,,Gamma,,REF-1159,REF-1199,,Alpha,,,,,Fatima Cohen,,Florida,N,,SKU-8648,,,,,,SKU-2783,9747,100001,Company,100342,priya.larsson@demomail.test,Arjun Dorsey,2024-07-01 11:10:00,rahul.larsson@demomail.test,Skyler Sato,2025-08-19 02:28:00,rahul.okafor@sampleco.test,Emerson Mercer,2025-11-02 01:10:00,rahul.kim@demomail.test,,2025-02-02 14:11:00,Y,,100001,100001,100001,,,100001,100001,100001,100001,100001,100001,100001,100001,100001,100001,100001,2023-02-14 16:34:00,8038,2420,Alpha,Alpha,Delta,SKU-6593,8513,4861,2918,1712,7347,Beta,2024-12-06 06:29:00,7117,9157,Other,Beta,Gamma,Gamma,5139,5715,3915,2752,175,Standard,2024-05-02 22:50:00,,,Beta,SKU-4437,Gamma,,,,,,,,2024-06-14,,,,LOT-7936,,,7652,8363,9979,,,,2025-01-31,,,,,,,,,,,,,2026-07-22,,,Other,LOT-6202,,,,,,,,,2022-11-01,,,,,,LOT-1941,,289,711,,,,2024-06-05,,,,,,,,,,6327,,,Reviewed performance and gathered feedback.
,LOT-5474,Rowan Sato,Morgan Sato,,,SKU-7321,TAG-9869,TAG-5048,TAG-3304,,,,,Gamma,diego.mensah@sampleco.test,,,,,,,,,,,Active Customer,Resolved the outstanding question about scope.,Vertex Networks Ltd,Beacon Financial,Inactive,Other,Australia,,,,Followed up on the open items from last week.,SMB,,SKU-4823,,N,Financial Services,,,,,,Beta,,,,,Referral,TAG-9605,LOT-6443,Priya Whitfield,TAG-2190,REF-7009,,3451,,,Gamma,,LOT-2027,REF-4841,,Standard,,,,,Morgan Reyes,,New York,Y,,TAG-9592,,,,,REF-4062,REF-2303,5366,100001,Company,100343,drew.garcia@examplecorp.test,Priya Haddad,2024-04-29 08:59:00,marco.silva@acme-fake.test,Sofia Kim,2026-07-11 10:42:00,morgan.ivanov@examplecorp.test,Rahul Haddad,2023-02-13 19:46:00,drew.garcia@demomail.test,,2026-04-12 18:30:00,Y,100001,100001,100001,100001,100001,100001,100001,100001,100001,100001,100001,100001,100001,100001,100001,,100001,2024-01-10 22:33:00,5977,2563,Delta,Beta,Delta,SKU-5951,2726,9622,5034,5352,6389,Other,2024-09-11 20:39:00,4789,3757,Gamma,Alpha,Standard,Gamma,2061,2699,5375,9160,7604,Beta,2025-01-04 09:43:00,2072,,,,,,,8688,,,,,2024-12-26,,,,,,,,,,,,,2024-03-06,,,,,,,,,7641,,319,,2025-12-09,,,,,,,,,,,,,2025-06-30,,8408,,,,,,,,,,,2023-05-14,,,,,,,,,,,,,Resolved the outstanding question about scope.
,,Elena Calder,Priya Mercer,,,REF-4989,REF-6302,REF-4575,REF-4277,,,,,,drew.sloan@sampleco.test,,,,SKU-8680,,,,TAG-6227,,,Past Customer,Resolved the outstanding question about scope.,Cardinal Analytics Group,Harbor Dynamics Inc,Active,Alpha,Australia,,LOT-5196,,Aligned on billing and renewal terms.,Enterprise,,,,N,Telecommunications,,,,,,,,,,,Referral,REF-3925,LOT-1143,Liam Okafor,LOT-4096,SKU-1354,LOT-5876,,,,Gamma,,REF-4979,LOT-4974,,Delta,,,,,Riley Garcia,,Washington,N,,LOT-5424,,,,,,,,100001,Company,100344,omar.garcia@examplecorp.test,Mei Rossi,2023-07-03 07:30:00,liam.silva@acme-fake.test,Jordan Garcia,2023-12-22 09:48:00,avery.ashby@examplecorp.test,Arjun Silva,2022-12-08 09:19:00,taylor.brooks@demomail.test,,2023-07-30 19:24:00,N,100001,100001,100001,100001,100001,,100001,100001,100001,100001,,100001,,100001,100001,100001,100001,2023-11-29 23:17:00,7246,7905,Beta,Beta,Beta,REF-7679,1640,7180,8012,8319,2064,Alpha,2023-06-09 15:17:00,7109,6753,Beta,Other,Gamma,Other,2768,903,1119,7289,772,Alpha,2024-04-20 18:57:00,,,,,Gamma,,,,5506,7335,,,2023-08-04,7528,,,,,LOT-6386,,,,,7511,,2026-04-05,,,,TAG-5357,,,,,,,5219,,2025-12-11,,,,,,,,1421,,8276,,,2026-06-21,278,,,,,,,8955,,7293,,,2024-05-10,,,,REF-1617,,,,,,,,,Followed up on the open items from last week.
,,Taylor Sato,Fatima Brooks,,,SKU-9363,,,,LOT-7460,,,,,riley.dorsey@acme-fake.test,Jordan Dorsey,,,REF-8825,,,,LOT-6825,,,Active Customer,Noted a concern to revisit at the next sync.,Evergreen Labs Ltd,Horizon Analytics Group,Inactive,Delta,Philippines,,,,Reviewed performance and gathered feedback.,Enterprise,,,,N,Financial Services,,,,,,Alpha,,,,,Partner,REF-7878,,Quinn Calder,REF-4880,LOT-7984,SKU-8976,4377,,,,,REF-6631,LOT-1210,,Beta,,,,,Jamie Ford,,Illinois,N,,,,,,,,TAG-8036,4954,100001,Company,100345,chen.nguyen@acme-fake.test,Elena Ivanov,2025-02-22 13:47:00,marco.dorsey@demomail.test,Mei Okafor,2026-02-25 09:26:00,reese.kim@demomail.test,Alex Calder,2023-07-18 11:31:00,jordan.ivanov@demomail.test,Emerson Costa,2023-03-09 20:36:00,Y,100001,100001,100001,100001,100001,100001,100001,100001,100001,100001,,100001,100001,100001,100001,100001,100001,2025-08-28 14:34:00,7241,8040,Standard,Standard,Alpha,LOT-5530,7856,5819,6943,4530,8412,Alpha,2024-05-12 10:54:00,2884,53,Delta,Beta,Gamma,Gamma,5662,7720,3765,4184,3628,Other,2022-10-03 15:55:00,7200,,,,,,,,,,,Beta,2026-05-11,3653,,,LOT-6694,,,,,,,,,2025-04-08,6333,,,,,,,,,,,,2023-07-27,,5233,,,Alpha,,,,,,,Standard,2025-08-08,,,,,,,,,,,,,2024-06-07,,,,,,,,,,,,Alpha,Reviewed performance and gathered feedback.
REF-5906,,Riley Okafor,Casey Nguyen,,,REF-9290,SKU-1194,,SKU-8841,,,,TAG-4786,,marco.okafor@demomail.test,Morgan Cohen,,,,,,,REF-1691,,,Active Customer,Followed up on the open items from last week.,Copper Dynamics Group,Meridian Industries Co,Inactive,Gamma,Australia,,,,Scheduled a check-in for the coming month.,Standard,,,,N,Telecommunications,,,,,,,,,,,Event,SKU-9667,LOT-5867,Casey Cohen,TAG-3803,,,,,,Delta,,SKU-9794,,,Gamma,Beta,,,Delta,Sofia Patel,,Ohio,Y,,TAG-8552,,,,,TAG-3390,TAG-8325,360,100001,Company,100348,priya.ivanov@demomail.test,Riley Sato,2023-12-09 20:27:00,emerson.ford@examplecorp.test,Marco Rossi,2024-02-09 21:14:00,taylor.cohen@sampleco.test,Aisha Okafor,2025-05-11 23:39:00,fatima.ashby@acme-fake.test,Jamie Mensah,2025-03-05 02:26:00,N,,100001,100001,100001,100001,,100001,100001,100001,,100001,100001,,100001,100001,,100001,2025-04-27 20:40:00,3235,8647,Alpha,Standard,Other,SKU-2859,8547,1540,1327,1889,6348,Beta,2025-03-11 18:45:00,293,7087,Beta,Beta,Alpha,Beta,9325,7035,1432,8264,3647,Delta,2024-06-15 12:53:00,,3708,Standard,,,,,4692,,,,Alpha,2023-04-24,,,,,,,3963,,225,,,,2023-03-23,,,,,,,,2100,,,,,2024-07-31,,,,REF-9147,,,285,,,,5728,,2022-11-06,,,,SKU-4951,,,9052,,,,,,2025-09-15,,,Other,,LOT-4092,,,,,,,,Resolved the outstanding question about scope.
SKU-7889,,Sofia Rossi,Chen Okafor,,,LOT-8915,LOT-6789,,SKU-5157,,,LOT-9316,,,jordan.nguyen@sampleco.test,Casey Mensah,,,,,,,SKU-6136,,,Active Customer,Resolved the outstanding question about scope.,Beacon Networks Corp,Lakeside Health Group,Active,Delta,Germany,,SKU-5289,,Reviewed performance and gathered feedback.,Enterprise,,TAG-8527,,Y,Energy,,,,,,,,,,,Inbound Call,,,Omar Garcia,REF-2727,,,,,,Standard,,SKU-5052,LOT-3037,,,,,,,Elena Haddad,,Arizona,Y,,LOT-1767,,,,,,SKU-7363,,100001,Company,100351,chen.dorsey@examplecorp.test,Priya Haddad,2025-05-03 18:30:00,diego.rossi@demomail.test,Quinn Garcia,2024-04-22 23:32:00,riley.brooks@demomail.test,Noah Nguyen,2026-07-09 10:56:00,fatima.dorsey@sampleco.test,,2023-10-07 00:57:00,N,100001,100001,,100001,100001,100001,100001,100001,100001,100001,,100001,,100001,100001,,100001,2025-10-06 07:14:00,1015,8058,Delta,Gamma,Alpha,SKU-9140,4811,541,9970,8613,2263,Delta,2024-04-24 01:25:00,7268,8918,Other,Gamma,Standard,Standard,8901,265,6243,5887,1332,Beta,2024-12-18 05:59:00,,,Other,,,,,,,,6325,,2025-02-02,9538,4163,,,Standard,,6293,,,,,Gamma,2024-10-05,,,,,,,,,,,,,2024-07-12,,,,,,SKU-4529,,,,,,,2024-08-31,,,,,,LOT-9794,,,,,,,2025-01-28,,,,,,REF-3858,,,,,,,Aligned on billing and renewal terms.
,LOT-5960,Diego Silva,Arjun Okafor,,,REF-8713,,TAG-8360,TAG-8901,LOT-2246,,LOT-6994,,,morgan.larsson@sampleco.test,,Taylor Whitfield,,,LOT-1977,,,,,,Active Customer,Discussed timeline and next steps with the account.,Meridian Holdings Corp,Delta Retail Co,Inactive,Beta,India,,,,Reviewed performance and gathered feedback.,SMB,,LOT-4049,,Y,Professional Services,TAG-1066,,,,,,,,,,LinkedIn,SKU-8165,SKU-6897,Yara Larsson,SKU-7478,LOT-8638,,5395,,,,,REF-8005,REF-4122,,,,,,,Nina Brooks,,California,N,,REF-2036,,,,,TAG-5191,TAG-8451,4593,100001,Company,100352,omar.ford@acme-fake.test,Rowan Kim,2025-11-25 14:52:00,casey.ford@examplecorp.test,Morgan Sato,2023-12-21 23:34:00,elena.larsson@sampleco.test,Avery Rossi,2023-06-08 13:56:00,chen.haddad@sampleco.test,,2025-06-22 14:27:00,Y,100001,100001,,100001,100001,100001,100001,100001,100001,100001,,100001,100001,100001,100001,100001,100001,2026-05-05 12:13:00,1120,8382,Gamma,Beta,Other,REF-3108,5350,1000,1752,2206,3161,Gamma,2024-05-23 07:52:00,5359,6648,Gamma,Standard,Delta,Alpha,7293,8748,8247,6948,5619,Alpha,2025-02-27 22:37:00,,,,LOT-7273,,,,,6236,,371,,2024-08-17,,,,,,,,,,,,,2022-12-09,,,Gamma,,,,,,,4535,,,2025-07-26,,,Other,,,,,2744,,,,,2025-08-23,,,,SKU-7375,Gamma,,7225,,,,,Delta,2023-01-26,,,,,,,,,9886,,,,Followed up on the open items from last week.
,,Quinn Reyes,Liam Larsson,,,REF-7209,SKU-6700,SKU-2362,,,,,,,chen.haddad@demomail.test,,,,,,Chen Sloan,"232,208",REF-1580,,,Past Customer,Scheduled a check-in for the coming month.,Pioneer Foods Co,Pioneer Systems Group,Active,Gamma,Philippines,,,,Noted a concern to revisit at the next sync.,SMB,,,TAG-3028,Y,Professional Services,,,,,,,,,,,Referral,TAG-3887,TAG-5133,Drew Ashby,,LOT-1074,TAG-8238,3841,,,Beta,,LOT-4894,,,Delta,,,,,Fatima Mensah,,Ohio,Y,,REF-8868,,,,,LOT-9022,REF-8254,1880,100001,Company,100353,skyler.patel@acme-fake.test,Chen Dorsey,2024-07-16 11:15:00,yara.mercer@examplecorp.test,Liam Blake,2026-02-25 03:53:00,casey.sloan@acme-fake.test,Mei Garcia,2023-09-03 23:08:00,yara.sato@examplecorp.test,,2024-03-24 08:36:00,Y,100001,100001,100001,100001,100001,100001,100001,100001,100001,100001,100001,100001,,100001,100001,100001,100001,2024-07-12 12:04:00,6259,1160,Delta,Delta,Alpha,TAG-3355,1108,4426,4710,5772,3597,Standard,2023-07-24 01:38:00,4284,9354,Other,Alpha,Beta,Delta,1697,3993,5894,3329,8466,Other,2024-01-12 19:02:00,,,Standard,SKU-5382,,REF-1766,,,,,346,,2023-04-10,,,Alpha,,,REF-3425,,,,252,,,2026-05-15,,,,TAG-8512,,,,,,,,,2023-06-07,,,,,,,,,,,,,2025-03-06,,,,,,,,,,,,,2023-10-25,,,,,,,,,,,,,Noted a concern to revisit at the next sync.
,LOT-4572,Jamie Vance,Nina Okafor,,,SKU-1363,SKU-4398,TAG-1303,,,,,,,emerson.ivanov@sampleco.test,Noah Vance,,,,TAG-9705,Jamie Mensah,,REF-7145,,,Prospect,Reviewed performance and gathered feedback.,Northwind Labs Corp,Redwood Foods LLC,Active,Beta,Australia,Alpha,,,Resolved the outstanding question about scope.,SMB,,,,N,Education,REF-8686,,,,,,,,,,Event,TAG-5954,SKU-4956,Rahul Costa,TAG-5560,SKU-9008,TAG-9678,,,,Gamma,,,LOT-1900,,Standard,Gamma,,,,Noah Mercer,,Colorado,N,,TAG-9958,,,,,,,4675,100001,Company,100356,alex.blake@demomail.test,Sofia Costa,2023-06-15 19:31:00,casey.ford@sampleco.test,Jamie Ford,2026-02-09 05:10:00,morgan.vance@demomail.test,Morgan Reyes,2025-05-10 15:18:00,rahul.costa@sampleco.test,,2023-05-15 09:13:00,Y,100001,100001,,100001,100001,,100001,100001,100001,100001,,100001,,100001,100001,100001,100001,2024-01-01 09:18:00,7991,7162,Standard,Standard,Beta,REF-8461,3605,3331,1500,1114,5868,Other,2023-07-08 21:08:00,7184,9355,Other,Gamma,Alpha,Standard,2869,2856,7193,4117,5893,Alpha,2023-03-17 14:56:00,,3118,Beta,TAG-7481,Delta,,,,,4823,,Alpha,2024-09-11,,,,,,,,,6389,,,,2025-03-12,,,,,,,,,,,,,2023-05-03,,,,,,,,,,,,Standard,2024-02-27,,,,REF-5613,,SKU-6313,1343,,,,,,2023-07-22,,,Delta,,,,,,,,,,Resolved the outstanding question about scope.
,,Mei Nguyen,Drew Costa,,,LOT-9651,TAG-1088,SKU-9236,,,,TAG-7861,,,morgan.cohen@acme-fake.test,,Aisha Garcia,,,,Aisha Reyes,,,,,Active Customer,Discussed timeline and next steps with the account.,Beacon Systems LLC,Cardinal Media LLC,Active,Delta,Germany,,REF-9947,,Followed up on the open items from last week.,SMB,,,,Y,Logistics,,,,,,,,,,,Partner,,,Taylor Kim,LOT-6874,REF-4855,,,,,Gamma,,TAG-3383,LOT-5756,,Other,,,,,Nina Silva,,Texas,Y,,REF-7033,,,,,,REF-3164,996,100001,Company,100359,quinn.ivanov@demomail.test,Nina Nguyen,2025-04-28 23:18:00,riley.mercer@sampleco.test,Arjun Vance,2023-04-25 00:03:00,priya.rossi@acme-fake.test,Fatima Whitfield,2024-11-14 02:01:00,emerson.whitfield@acme-fake.test,,2024-10-08 21:53:00,N,100001,100001,100001,100001,,100001,100001,100001,100001,100001,100001,100001,100001,100001,,100001,100001,2025-12-08 13:47:00,887,6540,Beta,Other,Gamma,LOT-1423,1900,9665,9361,435,3915,Alpha,2025-08-17 19:00:00,4840,520,Beta,Beta,Other,Beta,964,2070,2937,7960,6152,Gamma,2026-05-20 16:15:00,,,,,,,,,,,,,2023-02-12,3525,,,,,,,5281,,8166,,,2024-04-19,,,,,,,,,,,,,2023-04-23,,,,TAG-4977,,LOT-1478,,,,,,,2024-06-17,,,,,,,,,,4342,,,2024-11-27,,,,,,,9059,,,,,,Scheduled a check-in for the coming month.
,,Morgan Rossi,Priya Calder,,,REF-7717,TAG-5669,,,,,,,,elena.garcia@demomail.test,,,,,,,,LOT-4101,"125,210",,Past Customer,Scheduled a check-in for the coming month.,Copper Group Co,Evergreen Capital Corp,Active,Other,United Kingdom,,LOT-6783,,Resolved the outstanding question about scope.,Standard,,SKU-9105,,Y,Hospitality,,,,,,,,,,,LinkedIn,TAG-6322,,Noah Okafor,REF-4547,SKU-5376,REF-5362,,,,Beta,,SKU-4542,LOT-6693,,Other,,,,,Sofia Nguyen,,Georgia,N,,TAG-5953,,,,,,LOT-4795,,100001,Company,100360,rowan.vance@sampleco.test,Noah Ashby,2024-02-12 23:53:00,emerson.larsson@acme-fake.test,Arjun Garcia,2024-02-19 19:49:00,alex.reyes@sampleco.test,Jamie Mercer,2024-07-12 07:42:00,fatima.costa@examplecorp.test,,2022-12-17 16:40:00,N,100001,100001,100001,100001,100001,100001,100001,100001,,,,100001,,100001,,100001,100001,2025-06-02 22:54:00,7525,5365,Gamma,Beta,Beta,TAG-7645,6620,6773,7874,206,2865,Standard,2022-10-01 09:53:00,12,4034,Beta,Other,Gamma,Gamma,8734,6741,9300,282,8997,Beta,2023-04-16 04:12:00,,,Standard,,Beta,,,,198,,,,2024-03-30,,,Standard,REF-3663,Beta,,,,6363,,,,2025-12-17,,,,,,,,,,,,,2025-07-13,,,,,,,,,,,,,2024-06-14,,,,,,,,,,,5505,,2024-11-14,,,,,LOT-2564,LOT-3961,,6738,,,,,Resolved the outstanding question about scope.
,,Quinn Brooks,Alex Vance,,,SKU-6327,,LOT-4154,LOT-7510,,,SKU-8421,,Standard,taylor.rossi@examplecorp.test,,,,,,,,LOT-7110,,,Active Customer,Resolved the outstanding question about scope.,Redwood Retail Inc,Summit Holdings,Active,Beta,Mexico,,,,Shared the updated proposal for review.,Enterprise,,,,N,Hospitality,,,,,,,,,,,Website,,TAG-4514,Elena Kim,LOT-3670,SKU-7961,REF-2674,,,,Delta,,SKU-3825,LOT-1093,,Alpha,,,,,Drew Nguyen,,Washington,Y,,SKU-3693,,,,LOT-1266,,TAG-8168,2751,100001,Company,100363,skyler.haddad@sampleco.test,Skyler Larsson,2024-06-14 13:07:00,avery.brooks@sampleco.test,Elena Sloan,2023-08-05 16:10:00,morgan.ford@demomail.test,Morgan Mensah,2026-07-25 04:36:00,alex.ivanov@acme-fake.test,Yara Brooks,2025-06-13 05:30:00,Y,100001,100001,100001,100001,100001,,100001,100001,100001,100001,,100001,,100001,100001,100001,100001,2024-04-12 20:42:00,8898,595,Standard,Alpha,Alpha,REF-3548,645,277,9929,7111,4479,Beta,2023-11-09 14:22:00,7565,2790,Other,Delta,Gamma,Delta,9386,4970,5917,1150,7849,Other,2023-10-10 04:46:00,,4669,Beta,,,,,,,,,Standard,2026-02-03,,4305,,,,,,,,,,,2022-10-14,,,,,,,,389,,,,,2022-11-28,,,,,,,,,,,,,2025-11-06,,,,,,,8655,,,5924,,,2025-11-28,,,Gamma,,SKU-7985,,,,,,,,Discussed timeline and next steps with the account.
,,Omar Sloan,Omar Vance,,,,SKU-9297,,,,,,,,casey.garcia@acme-fake.test,Liam Dorsey,Liam Dorsey,,,,,,TAG-2382,,,Prospect,Discussed timeline and next steps with the account.,Atlas Health LLP,Granite Health LLC,Active,Other,Mexico,,,,Aligned on billing and renewal terms.,Enterprise,,,,Y,Energy,,,,,,,,,,,Event,SKU-9265,,Quinn Brooks,REF-6360,,REF-9888,,,,Standard,,TAG-9767,TAG-2532,,Standard,,,,,Alex Sato,,Illinois,Y,,LOT-3245,,,,SKU-6204,,LOT-9557,3717,100001,Company,100366,elena.mercer@demomail.test,Alex Haddad,2023-05-06 18:08:00,noah.rossi@demomail.test,Reese Nguyen,2023-08-29 03:03:00,sofia.calder@acme-fake.test,Chen Patel,2026-02-08 11:18:00,skyler.larsson@examplecorp.test,,2025-12-03 17:17:00,N,100001,100001,100001,100001,100001,,100001,100001,,,100001,100001,100001,100001,100001,,100001,2026-03-09 15:55:00,6952,5257,Standard,Alpha,Beta,REF-9656,4861,3911,1703,5924,4933,Gamma,2024-06-22 18:48:00,4378,780,Other,Alpha,Beta,Other,2326,8879,5080,7383,6822,Other,2023-06-28 08:50:00,,,,,,,,,,7625,6527,,2023-05-11,,,,,Other,,653,,,,,,2025-02-18,,,,LOT-9278,,,,,,,,,2023-12-19,,,,,,,,,,,,,2024-03-19,,,,,,,,,,,,,2026-03-01,,,,,,,,,,,8237,,Reviewed performance and gathered feedback.
,,Skyler Brooks,Jamie Sloan,,,LOT-9828,,,,,,,LOT-6282,,sofia.cohen@acme-fake.test,,Morgan Blake,,,,,,LOT-8425,,,Referral Partner,Followed up on the open items from last week.,Keystone Capital Ltd,Brightpath Financial,Active,Standard,Mexico,,,,Shared the updated proposal for review.,Renewal,,,,Y,Education,,,,,,,,,,,Inbound Call,,,Elena Dorsey,SKU-5359,TAG-9465,,5262,,,Gamma,,LOT-8495,REF-2061,,Delta,,,,,Taylor Costa,,Ohio,N,,LOT-6523,,,,,,REF-9204,787,100001,Company,100368,drew.mercer@demomail.test,Jordan Mensah,2024-07-10 05:49:00,nina.garcia@acme-fake.test,Yara Calder,2024-09-08 04:20:00,casey.brooks@acme-fake.test,Chen Whitfield,2022-10-20 00:08:00,aisha.nguyen@acme-fake.test,,2026-05-05 20:40:00,Y,100001,100001,100001,100001,100001,,100001,100001,,100001,100001,100001,,100001,100001,,100001,2024-09-09 08:53:00,3004,5740,Standard,Other,Beta,SKU-5700,7058,8277,6596,1680,8906,Beta,2023-01-17 17:07:00,9722,8922,Beta,Standard,Delta,Gamma,4807,6485,4593,3055,5227,Gamma,2024-03-11 04:18:00,3351,,,,,,,,,,,,2026-07-24,,,,,,TAG-1814,7409,,8878,,,Beta,2024-03-11,,,,,TAG-4518,,,,,,,,2025-06-08,,,Alpha,,,,9589,,1889,,,Gamma,2026-07-26,,,,,,,,,,,,,2024-11-16,,,,LOT-9752,SKU-6848,,,,,,,,Shared the updated proposal for review.
,REF-1275,Jamie Calder,Aisha Mercer,,,TAG-4226,,,,,,,SKU-1500,,alex.cohen@acme-fake.test,,Skyler Mercer,,,LOT-1422,,"139,438",REF-8268,,,Active Customer,Resolved the outstanding question about scope.,Harbor Holdings Ltd,Evergreen Analytics LLP,Active,Beta,Canada,,,,Shared the updated proposal for review.,Standard,,,,Y,Logistics,,,,,,,,,,,Partner,,REF-9643,Sofia Whitfield,SKU-3670,TAG-4128,,,,,Other,,TAG-3857,LOT-2337,,,,,,,Casey Rossi,,Illinois,N,,LOT-9762,,,,SKU-4625,,SKU-8411,1887,100001,Company,100370,chen.mensah@acme-fake.test,Mei Patel,2025-12-19 11:47:00,quinn.larsson@examplecorp.test,Liam Reyes,2024-09-13 07:23:00,diego.larsson@demomail.test,Skyler Sato,2023-11-02 10:40:00,diego.kim@demomail.test,,2023-03-08 14:05:00,Y,100001,100001,100001,100001,100001,100001,100001,100001,,100001,100001,100001,100001,100001,100001,,100001,2023-03-01 20:50:00,727,2048,Standard,Delta,Standard,REF-1682,850,2035,7775,6977,7535,Alpha,2024-10-26 15:37:00,6517,8721,Other,Delta,Alpha,Standard,7506,5326,9303,1310,3903,Alpha,2022-10-02 00:33:00,,,,SKU-7733,,,,,,,,,2024-10-29,,8216,,,,,3577,,5044,,,Other,2025-08-01,,,,,,,,5259,,,,,2023-01-13,,,,,,,,,,,,,2023-07-30,,2045,,,,,,,,,,,2025-01-06,,,,,,REF-3376,,2823,,,,,Shared the updated proposal for review.
,LOT-7431,Fatima Mensah,Reese Blake,,,LOT-9270,REF-1493,TAG-4124,,,,,SKU-3847,,liam.vance@acme-fake.test,,,,,,,,LOT-5378,,,Active Customer,Noted a concern to revisit at the next sync.,Copper Solutions Group,Meridian Financial LLP,Active,Delta,Mexico,,,,Aligned on billing and renewal terms.,Enterprise,,,,N,Telecommunications,,,,,,,,,,"158,621",Partner,REF-7006,,Casey Rossi,REF-5454,SKU-1549,,,,,Alpha,,SKU-3776,LOT-5027,,Alpha,,,,,Priya Rossi,,Ohio,N,,LOT-3319,,,,,,REF-3351,,100001,Company,100371,yara.calder@demomail.test,Quinn Larsson,2025-11-13 11:57:00,drew.brooks@demomail.test,Elena Dorsey,2024-12-20 20:57:00,taylor.whitfield@demomail.test,Priya Mercer,2025-06-30 11:19:00,sofia.vance@acme-fake.test,,2025-12-10 05:27:00,Y,100001,100001,,100001,,100001,100001,100001,100001,,100001,100001,,100001,100001,,100001,2026-06-05 17:34:00,6801,5463,Delta,Standard,Alpha,TAG-4088,9897,9733,8954,4964,5650,Beta,2023-07-15 19:47:00,1165,6232,Delta,Delta,Other,Delta,5131,4514,4802,284,3299,Alpha,2022-10-15 09:26:00,,,,TAG-6808,,,,,,,,,2023-05-04,5310,,,,Alpha,TAG-3528,5365,,,,,,2023-05-26,,7240,,,,,,,,,,,2025-04-30,,,,,,REF-5481,,,,,,,2024-08-23,,,,LOT-6971,,,,,,,,,2025-11-23,,,,,,,,,,4620,,,Reviewed performance and gathered feedback.
,,Drew Vance,Omar Larsson,,,,SKU-8091,,,,,,,,noah.ivanov@sampleco.test,Sofia Nguyen,Rowan Haddad,,TAG-5266,,Yara Okafor,,LOT-4821,,,Referral Partner,Shared the updated proposal for review.,Granite Group LLC,Falcon Health Co,Active,Other,Mexico,,,,Discussed timeline and next steps with the account.,Renewal,,,,N,Hospitality,,,,,,,,,,,Website,SKU-7729,,Omar Reyes,,REF-8704,,4900,,,,,REF-3935,LOT-5483,,Standard,,,,,Aisha Patel,,Ohio,Y,SKU-3739,SKU-1967,,,,,,,,100001,Company,100374,rahul.larsson@sampleco.test,Arjun Okafor,2023-11-08 00:55:00,casey.silva@demomail.test,Marco Calder,2026-04-03 02:17:00,emerson.costa@examplecorp.test,Nina Ashby,2023-04-13 12:22:00,mei.okafor@examplecorp.test,,2023-04-13 03:28:00,N,100001,100001,,100001,,,100001,100001,,100001,100001,100001,100001,100001,100001,,100001,2023-02-13 03:12:00,8771,6018,Beta,Standard,Beta,SKU-2881,5978,9373,6874,7797,9050,Beta,2026-06-07 15:41:00,4203,1298,Delta,Gamma,Standard,Beta,9437,6999,6706,8096,7692,Delta,2022-10-23 14:42:00,,,,,,,,5169,351,4922,1187,Standard,2024-03-06,,,,,,,,3141,,,7553,,2026-03-20,,,,,,,,,,,,Beta,2024-06-15,,2957,,,,,,3334,2622,,,,2026-05-18,,,Delta,,,,,,,,,,2025-03-11,,,,SKU-5272,,,,6539,805,,,Alpha,Aligned on billing and renewal terms.
,,Mei Garcia,Chen Blake,,,TAG-4767,LOT-3004,REF-2398,REF-4393,,,,LOT-9537,,nina.costa@sampleco.test,,,,,,,,,,,Active Customer,Discussed timeline and next steps with the account.,Ironwood Media LLC,Pioneer Health Ltd,Active,Beta,United Kingdom,,,,Scheduled a check-in for the coming month.,New Logo,,REF-1315,REF-5401,Y,Agriculture,,,,,,,,,,,Website,REF-9285,,Marco Garcia,SKU-3010,,LOT-7964,9376,Y,,Standard,,LOT-9650,LOT-7447,,Standard,,,,,Noah Patel,,Illinois,N,,TAG-3281,,,,,LOT-1782,REF-1344,2714,100001,Company,100376,morgan.ford@demomail.test,Omar Ford,2024-12-20 04:46:00,alex.cohen@examplecorp.test,Rahul Mercer,2023-07-21 13:50:00,diego.reyes@demomail.test,Aisha Patel,2026-01-15 23:20:00,emerson.larsson@demomail.test,,2025-05-31 13:55:00,N,100001,100001,100001,100001,100001,100001,100001,100001,100001,100001,,,,100001,100001,100001,100001,2023-08-30 20:05:00,9242,5586,Delta,Delta,Beta,SKU-8668,2246,3840,413,9939,2300,Alpha,2025-01-18 14:20:00,6662,4313,Alpha,Gamma,Gamma,Standard,968,3376,569,7960,328,Alpha,2024-01-06 18:27:00,,,,,,,,,,,,,2025-12-08,,,,TAG-9265,,,,,,,,Beta,2026-04-27,,3261,,,,LOT-5723,,,,,,,2025-03-27,1951,,,,,,,,,,,,2026-07-17,,,,,,LOT-4230,,3484,831,,,Other,2023-03-12,,,,,,REF-9391,,,,,,Standard,Discussed timeline and next steps with the account.
,,Mei Larsson,Jamie Larsson,,,,REF-6051,,,,,,,,arjun.rossi@sampleco.test,,,,,,,"226,759",TAG-2768,,,Active Customer,Noted a concern to revisit at the next sync.,Pioneer Networks,Evergreen Systems Corp,Active,Gamma,Philippines,Delta,,TAG-7150,,New Logo,,,,Y,Agriculture,,,,,,,Y,Other,,,Referral,REF-6857,,Rowan Sloan,REF-8564,SKU-6531,,7796,,,Gamma,,,REF-6499,,,,,,,Yara Costa,,Florida,N,,SKU-7103,,,,,,LOT-3494,2662,100001,Company,100377,yara.mercer@acme-fake.test,Reese Kim,2022-11-18 20:35:00,diego.silva@acme-fake.test,Rahul Blake,2025-09-02 13:35:00,skyler.dorsey@examplecorp.test,Jamie Dorsey,2025-01-31 09:04:00,jamie.larsson@examplecorp.test,,2025-05-22 18:29:00,N,100001,100001,100001,100001,,100001,100001,100001,100001,,,100001,100001,100001,100001,100001,100001,2026-05-06 06:30:00,9729,2941,Delta,Standard,Delta,LOT-5789,9730,2793,569,4137,5559,Beta,2023-11-28 23:08:00,9603,6391,Beta,Beta,Gamma,Standard,7475,8622,8398,1429,294,Gamma,2024-09-09 23:14:00,,,,,,,,,,,,,2023-09-02,1386,4696,,,,,,,1937,,2259,,2025-11-07,2790,,,,,,,80,,9893,,,2025-07-12,,,,,,,,,,,,Alpha,2023-09-21,,,,TAG-8036,Other,,,9506,9340,,,Other,2023-03-28,,,,,,,,,,5717,,,Noted a concern to revisit at the next sync.
,,,Riley Costa,,,TAG-6151,SKU-2230,,SKU-6478,,,,,,elena.patel@sampleco.test,Priya Cohen,,,,,Rahul Blake,,LOT-9650,,,Active Customer,Resolved the outstanding question about scope.,Copper Logistics Inc,Harbor Textiles,Active,Gamma,Germany,,,,Followed up on the open items from last week.,SMB,,,,N,Technology,,,,,,,,,,,Webinar,REF-4496,REF-5565,Chen Patel,,LOT-2984,,,,,Beta,,TAG-3654,TAG-6700,,,,,,,Arjun Mensah,,Ohio,N,,,,,,,SKU-2104,,1910,100001,Company,100380,jamie.kim@acme-fake.test,Diego Okafor,2025-01-01 15:53:00,mei.nguyen@examplecorp.test,Arjun Ashby,2022-12-26 22:07:00,taylor.sloan@sampleco.test,Arjun Blake,2025-12-09 01:28:00,fatima.brooks@sampleco.test,,2025-05-08 03:09:00,N,100001,100001,100001,100001,100001,100001,100001,100001,100001,100001,100001,100001,,100001,100001,,100001,2023-11-01 00:45:00,6587,6317,Standard,Gamma,Standard,SKU-9059,3230,2624,9777,847,5279,Beta,2023-04-18 17:02:00,4683,2670,Beta,Delta,Standard,Alpha,2974,5361,4644,7765,3186,Alpha,2022-10-08 12:20:00,6425,2499,,,,TAG-1251,,,,3750,925,,2026-07-13,2117,2307,,,,,,,,,,,2025-09-29,7338,,,,,,,,4268,,,,2026-01-12,,,,,Other,,,,,,,,2023-01-03,,,,,,,,,,,,,2026-01-25,,,,,REF-6525,,,,,,,,Scheduled a check-in for the coming month.
,REF-7171,Drew Garcia,Quinn Cohen,,,SKU-2347,,,,,,TAG-9708,,,casey.larsson@demomail.test,,Marco Ivanov,,,SKU-3758,,,TAG-3658,,,Prospect,Noted a concern to revisit at the next sync.,Everest Industries Ltd,Keystone Partners Ltd,Active,,Germany,Other,,,Scheduled a check-in for the coming month.,Standard,,,,N,Hospitality,,,,,,,,,,,Partner,TAG-1356,SKU-9466,Alex Ivanov,SKU-9248,,,,,,Alpha,,SKU-2269,SKU-2586,,,,,,,Rahul Reyes,,Arizona,Y,,REF-3309,,,,,,LOT-4322,9089,100001,Company,100382,taylor.ford@examplecorp.test,Liam Reyes,2023-09-28 01:32:00,priya.rossi@sampleco.test,Elena Whitfield,2025-06-08 02:06:00,omar.ivanov@sampleco.test,Jamie Patel,2024-06-11 15:41:00,yara.brooks@examplecorp.test,,2026-06-23 12:39:00,Y,100001,100001,100001,100001,100001,100001,100001,100001,100001,,,100001,100001,100001,100001,100001,100001,2023-10-04 08:20:00,4253,6198,Delta,Gamma,Alpha,REF-3798,6975,5002,9838,8310,2127,Standard,2023-09-22 00:36:00,592,7317,Delta,Beta,Alpha,Standard,1730,8313,7893,962,8889,Alpha,2022-10-27 04:09:00,3688,,,,,TAG-3313,,,1346,,,Alpha,2026-06-30,8552,7263,,,,,,,2412,,,,2023-03-26,,,Delta,,,,,,,,,Alpha,2025-11-02,,,,,,,,3676,,,,,2026-03-12,,,,SKU-9356,,,,,,,,,2025-07-20,,,,,,,,,,,,,Discussed timeline and next steps with the account.
,,Casey Reyes,Quinn Ivanov,,,,,SKU-7090,REF-8078,,,,,Standard,emerson.patel@sampleco.test,Aisha Ashby,,,LOT-6803,,,"208,046",LOT-4007,,,Active Customer,Aligned on billing and renewal terms.,Northwind Dynamics Co,Beacon Financial LLC,Inactive,Other,United Kingdom,,SKU-5034,SKU-2999,Followed up on the open items from last week.,New Logo,,,,N,Education,,,,"78,213",,,,,,,Referral,SKU-1053,,Marco Sato,TAG-7187,REF-3363,,,,,Standard,,,SKU-4409,,Standard,,,,,Fatima Haddad,,California,N,,REF-6996,,,,TAG-1359,,TAG-4654,5043,100001,Company,100383,sofia.rossi@demomail.test,Nina Silva,2022-12-05 23:27:00,omar.haddad@acme-fake.test,Omar Ford,2025-08-09 04:28:00,rahul.mensah@sampleco.test,Liam Kim,2025-08-20 17:23:00,priya.kim@examplecorp.test,,2023-03-23 04:02:00,N,100001,100001,100001,100001,100001,100001,100001,100001,,,100001,100001,100001,100001,100001,100001,100001,2023-05-26 10:24:00,495,2238,Alpha,Delta,Delta,SKU-6737,2657,6704,1523,2036,1290,Beta,2023-06-12 20:36:00,1826,6787,Alpha,Other,Delta,Standard,7173,5681,5394,3335,4762,Gamma,2023-05-27 11:06:00,,,,,,,,,2585,,,,2024-03-18,,,,,,,,6936,7141,,,,2024-01-21,,,,,,,,,5172,,,,2024-09-19,,,,,,,,8226,,,,,2023-01-14,,,,,,,,,,2490,,,2024-06-11,3202,,,,,,,,,,,,Resolved the outstanding question about scope.
SKU-4436,,Reese Costa,Taylor Patel,,,TAG-1969,,LOT-8392,TAG-9138,,,,,,elena.mensah@demomail.test,,,,,,,,REF-3251,,,Past Customer,Aligned on billing and renewal terms.,Cardinal Foods LLC,Beacon Retail LLP,Active,Alpha,United States,,,,Shared the updated proposal for review.,Standard,,,,Y,Agriculture,LOT-1820,,,,,,,,,,Partner,SKU-4510,TAG-3991,Jordan Sato,,SKU-1088,TAG-6087,6812,,,Delta,,TAG-2643,,,Delta,,"203,241",,,Rahul Nguyen,,Arizona,N,,TAG-6376,,,,,,LOT-6718,,100001,Company,100386,chen.mensah@demomail.test,Emerson Blake,2024-07-05 07:04:00,aisha.mercer@demomail.test,Chen Larsson,2025-09-27 17:29:00,riley.mercer@examplecorp.test,Chen Calder,2026-07-03 18:02:00,mei.okafor@demomail.test,,2023-03-20 08:54:00,Y,,100001,100001,100001,100001,100001,100001,100001,100001,,100001,100001,100001,100001,100001,100001,100001,2023-12-16 10:22:00,817,2231,Other,Alpha,Standard,LOT-2619,8956,6929,5964,7209,9855,Alpha,2025-08-30 15:51:00,2622,4718,Alpha,Beta,Other,Beta,4652,2111,4447,5955,3864,Delta,2023-05-05 07:34:00,,,Delta,,,,,,7408,,,,2025-10-06,,,,,,,,,,,,,2024-09-17,,,,,,,,,,,,,2025-08-13,6814,,,,,,,,,,,,2026-07-16,,3189,,,,TAG-1005,9277,,,,4822,,2023-09-26,,,Beta,TAG-5004,,,,,,,,,Followed up on the open items from last week.
REF-1580,,Drew Costa,Elena Nguyen,,,REF-3419,,LOT-7350,REF-9326,SKU-7577,,,,,marco.mercer@examplecorp.test,,Casey Costa,,,,,,,,,Past Customer,Reviewed performance and gathered feedback.,Cobalt Partners,Redwood Energy Co,Inactive,Beta,India,,,,Discussed timeline and next steps with the account.,Renewal,,,,N,Construction,,,,"224,404",,,,,,,Partner,REF-5593,REF-4752,Sofia Reyes,SKU-5518,,LOT-4072,3849,,N,Beta,,REF-4034,REF-8221,,Beta,,,,,Arjun Mercer,,Florida,N,,LOT-1767,,,,,,REF-6540,886,100001,Company,100388,marco.vance@demomail.test,Skyler Vance,2023-10-25 17:43:00,quinn.brooks@examplecorp.test,Reese Rossi,2024-10-15 15:19:00,yara.whitfield@acme-fake.test,Yara Dorsey,2025-04-19 19:32:00,reese.sato@demomail.test,,2022-11-13 10:25:00,N,,100001,100001,100001,,100001,100001,100001,,100001,,100001,100001,100001,,,100001,2025-01-06 08:35:00,2575,4409,Standard,Other,Delta,REF-9466,360,1378,5443,9926,6522,Alpha,2024-02-21 14:20:00,809,6088,Alpha,Alpha,Alpha,Standard,6058,9833,2035,7320,7259,Alpha,2024-08-07 20:26:00,,,,,,,,,7815,,,Gamma,2023-11-08,,5860,,,,,,,,,,,2023-06-23,,,,,,,,,8981,,,,2024-08-28,,5091,,,,,,,,,,,2024-07-17,,7466,,LOT-5866,,,,2850,,,,,2025-01-26,,,,,SKU-9687,,,,,,,,Reviewed performance and gathered feedback.
,,Mei Reyes,Jamie Sloan,,,REF-4218,LOT-9379,SKU-5243,LOT-9040,SKU-4873,REF-1881,,,,skyler.mensah@examplecorp.test,,Alex Sato,,,,,,SKU-8806,,,Active Customer,Shared the updated proposal for review.,Everest Solutions Co,Summit Group Group,Inactive,Delta,Australia,,,,Discussed timeline and next steps with the account.,Enterprise,,,,Y,Agriculture,,,,,,,,,,,Partner,TAG-2028,,Liam Garcia,SKU-2496,LOT-6497,,9584,,,Gamma,,SKU-3890,LOT-8626,,,,,,,Liam Larsson,,Florida,N,,LOT-4075,,,,,,TAG-3412,4035,100001,Company,100389,alex.sloan@sampleco.test,Casey Blake,2025-10-17 03:45:00,rahul.rossi@acme-fake.test,Liam Sloan,2023-03-21 14:30:00,avery.ashby@examplecorp.test,Alex Ivanov,2023-11-22 15:05:00,emerson.sloan@demomail.test,,2023-03-03 01:41:00,Y,,100001,,100001,100001,100001,100001,100001,100001,100001,100001,,,100001,100001,,100001,2026-04-30 14:32:00,5045,3891,Gamma,Delta,Delta,TAG-5963,5099,5826,2043,5775,3685,Other,2025-08-12 15:06:00,8218,5703,Alpha,Beta,Other,Alpha,5939,9941,6984,3767,308,Alpha,2023-08-07 19:47:00,,,,,Beta,LOT-2567,,,4249,,,,2025-08-30,,,Standard,,Beta,LOT-1458,2685,,,,,,2023-05-14,,,,,,,,,1736,,,,2024-01-30,,,,,,,,,,,,Gamma,2024-10-27,,,,,,,395,,,,,Standard,2026-07-02,,,,,,,,,135,,,,Resolved the outstanding question about scope.
,,Elena Larsson,Yara Blake,,,LOT-2825,,,LOT-4105,,,,,,chen.kim@acme-fake.test,,,,,LOT-1792,,,LOT-2406,,,Past Customer,Resolved the outstanding question about scope.,Harbor Holdings Ltd,Summit Dynamics,Inactive,Alpha,Germany,,,,Resolved the outstanding question about scope.,New Logo,,,,Y,Healthcare,,,,,,,,,,,Inbound Call,SKU-7944,,Omar Dorsey,REF-4963,SKU-5550,,,,,Beta,,REF-6562,REF-9544,,Alpha,,,,,Emerson Okafor,,New York,Y,,,,,,,,REF-6523,5156,100001,Company,100391,quinn.ashby@demomail.test,Rahul Ashby,2026-03-20 06:19:00,taylor.costa@demomail.test,Quinn Garcia,2024-04-14 19:29:00,skyler.ford@demomail.test,Rowan Costa,2026-02-01 16:56:00,chen.sloan@demomail.test,,2024-12-11 06:35:00,Y,100001,100001,100001,100001,100001,100001,100001,100001,100001,100001,100001,100001,100001,100001,100001,,100001,2025-01-15 17:06:00,8659,4921,Gamma,Alpha,Delta,REF-9491,5503,7957,7363,855,6397,Beta,2025-04-08 16:44:00,9583,4247,Standard,Gamma,Standard,Beta,4539,498,6195,6776,9191,Standard,2025-09-28 03:24:00,,,,,,,5749,,436,,,,2023-01-12,,,,SKU-5865,,,,,2992,,,,2025-08-28,,,Other,,,LOT-7864,,,,,,,2025-02-24,,,,,,,,,,,,,2025-03-04,,,,,,,,,,,,,2026-03-04,,,Standard,,,,,,,,9786,Beta,Resolved the outstanding question about scope.
,REF-3803,Priya Larsson,Yara Okafor,,,SKU-7670,LOT-2458,SKU-9731,,,,,,,jamie.ford@demomail.test,,,,TAG-1874,,,,TAG-1950,,,Prospect,Shared the updated proposal for review.,Everest Partners LLP,Horizon Capital Inc,Active,Standard,India,,,,Resolved the outstanding question about scope.,Renewal,,TAG-3120,LOT-4427,Y,Energy,,,,,,Gamma,,,,,Website,TAG-7358,REF-9611,Chen Ashby,SKU-9754,SKU-4758,,9647,,,,,LOT-8634,SKU-4051,,Delta,,,,,Priya Vance,Aligned on billing and renewal terms.,Arizona,N,,REF-7267,,,,LOT-1932,,SKU-7662,,100001,Company,100393,taylor.ivanov@sampleco.test,Quinn Garcia,2024-09-28 14:20:00,jamie.costa@demomail.test,Sofia Nguyen,2023-10-13 12:02:00,reese.haddad@examplecorp.test,Sofia Haddad,2026-02-01 18:17:00,aisha.vance@sampleco.test,,2022-12-27 23:19:00,Y,100001,100001,100001,100001,100001,,100001,100001,,100001,100001,100001,,100001,100001,,100001,2025-12-16 21:56:00,9537,8293,Delta,Gamma,Standard,TAG-7071,8263,9592,2791,9277,4914,Gamma,2025-09-09 09:46:00,8304,4263,Beta,Alpha,Alpha,Delta,7067,7903,5220,3821,7480,Alpha,2023-10-05 19:38:00,8509,,,,Delta,,,,,,,,2025-12-14,,,,LOT-6484,,,,,2852,,,,2024-05-01,3375,8034,,,,,4903,,,,,,2022-11-03,,4656,,,,,,,,,,,2025-04-09,,5585,Beta,,,REF-4710,,5466,,,,,2023-02-02,,2975,,,,,,,,,,,Aligned on billing and renewal terms.
,,Morgan Sato,Aisha Silva,,,LOT-5823,LOT-1298,,TAG-8883,,,,,,priya.sloan@examplecorp.test,Quinn Kim,Marco Whitfield,,,,,,SKU-7002,,,Past Customer,Noted a concern to revisit at the next sync.,Copper Networks Corp,Ironwood Logistics LLP,Active,,Philippines,,,,Aligned on billing and renewal terms.,Standard,,,SKU-6738,N,Education,,,,,,,,,,,Website,,TAG-6441,Sofia Kim,LOT-6154,LOT-4470,,2888,,,Alpha,,LOT-8903,TAG-7360,,Beta,,,,,Rowan Okafor,,Georgia,N,,TAG-1802,,,,,,TAG-6590,,100001,Company,100395,emerson.costa@demomail.test,Taylor Okafor,2023-07-04 19:14:00,drew.calder@examplecorp.test,Casey Silva,2024-03-19 17:19:00,fatima.calder@sampleco.test,Rowan Sato,2026-03-24 12:37:00,drew.blake@demomail.test,,2024-09-11 03:02:00,N,100001,100001,100001,100001,100001,100001,100001,100001,100001,,,100001,100001,100001,100001,100001,100001,2023-03-20 02:54:00,3673,5009,Standard,Other,Delta,REF-7745,503,2037,4591,5887,6693,Alpha,2023-06-08 17:23:00,8106,9344,Gamma,Other,Delta,Beta,6340,36,6199,692,7611,Gamma,2023-05-17 17:02:00,,,,REF-6048,,,,,,,,Beta,2022-12-07,,,,,Alpha,,,8406,,,,,2024-08-14,,,,REF-3664,,,,,,,,,2025-08-25,,,,,,,,,,,8677,,2026-05-10,,,,,,,,,,,2941,,2022-11-09,,,,,,,,9579,,,,,Shared the updated proposal for review.
,,Drew Sato,Liam Haddad,,,LOT-3929,REF-8865,,,,,,,,casey.ivanov@examplecorp.test,,,,,,,,LOT-5175,,,Referral Partner,Noted a concern to revisit at the next sync.,Blue Ridge Holdings LLP,Everest Health Inc,Active,Delta,Canada,,,LOT-7907,Scheduled a check-in for the coming month.,New Logo,,,SKU-3857,Y,Hospitality,,,,,,,,,,,Referral,LOT-4003,REF-5150,Skyler Okafor,,SKU-2887,,661,,,,,SKU-3570,REF-3171,,Alpha,,,,,Noah Blake,,Georgia,N,,REF-6190,,,,,,SKU-9899,5170,100001,Company,100398,morgan.nguyen@acme-fake.test,Nina Dorsey,2022-10-08 04:00:00,quinn.haddad@demomail.test,Marco Ashby,2023-08-30 03:32:00,reese.reyes@demomail.test,Taylor Dorsey,2023-05-21 22:53:00,nina.cohen@demomail.test,,2026-01-31 17:53:00,Y,100001,100001,,100001,100001,100001,100001,100001,,,,100001,100001,100001,100001,,100001,2026-03-20 14:42:00,3603,97,Alpha,Gamma,Other,REF-3018,7339,6521,7875,7680,6088,Beta,2026-04-29 04:37:00,6929,6990,Alpha,Standard,Standard,Beta,3894,8638,566,5298,4566,Alpha,2023-08-09 13:57:00,,,Delta,LOT-6387,,REF-5329,5525,,,,,,2022-12-07,,,,SKU-3954,,,,,,,795,Standard,2024-11-02,,,,,,,,,,,,Alpha,2023-11-18,,,,,Beta,,,,,,,Standard,2022-11-06,,,Alpha,,,,,,,,1479,,2026-06-03,6173,7041,,,,,,,,3382,,,Discussed timeline and next steps with the account.
,,Jordan Whitfield,Priya Mensah,,,TAG-2525,SKU-2917,,TAG-5566,,,,LOT-5891,,liam.nguyen@examplecorp.test,,,,,,Liam Silva,,SKU-9633,,,Active Customer,Resolved the outstanding question about scope.,Lakeside Dynamics Co,Summit Capital LLP,Active,Beta,Canada,,,,,Renewal,,LOT-9352,,N,Manufacturing,,,,,,,,,,,Cold Outreach,,LOT-5583,Nina Ford,SKU-5972,LOT-1869,,,,,,,TAG-1057,,,Delta,,,,,Alex Whitfield,,New York,N,,TAG-4310,,,,,,TAG-3140,9333,100001,Company,100400,nina.whitfield@examplecorp.test,Rahul Dorsey,2023-07-11 13:06:00,aisha.sato@demomail.test,Drew Vance,2026-03-30 21:42:00,emerson.okafor@acme-fake.test,Riley Sato,2024-07-23 16:25:00,rowan.silva@examplecorp.test,,2025-02-04 00:34:00,Y,100001,100001,,100001,,100001,100001,100001,,,100001,100001,,100001,,100001,100001,2023-04-12 17:59:00,4921,1873,Standard,Standard,Standard,TAG-3182,3177,5231,6321,8900,3363,Delta,2024-07-21 20:57:00,5747,200,Beta,Standard,Delta,Delta,6983,1722,2003,9159,9699,Delta,2026-01-25 17:38:00,,,,,Beta,SKU-3659,9629,,5670,,8450,,2023-01-28,836,,,,,,,,,2429,,,2026-07-11,4920,,,,,,,,,,,Other,2025-12-20,,,,,,,,,,,,,2025-06-12,,835,,,,LOT-1191,,,,1059,,,2026-03-15,,,,,,,,,,,,,Aligned on billing and renewal terms.
TAG-6241,,Taylor Calder,Reese Blake,,,LOT-6706,TAG-6839,REF-6969,LOT-9924,,REF-7488,,,Delta,avery.okafor@acme-fake.test,,,,,SKU-8295,Jamie Ford,"107,834",REF-7076,,,Active Customer,Scheduled a check-in for the coming month.,Pioneer Logistics Co,Atlas Textiles,Inactive,,United Kingdom,,,,Resolved the outstanding question about scope.,Standard,,,,Y,Construction,,,,,,,,,,,Partner,LOT-9742,,Quinn Ford,TAG-9452,LOT-4122,LOT-6000,8887,,,,,,TAG-8645,,Gamma,,,,,Diego Cohen,Discussed timeline and next steps with the account.,Arizona,Y,,LOT-3778,,,,,,REF-5290,,100001,Company,100403,taylor.blake@examplecorp.test,Avery Garcia,2024-05-03 22:48:00,reese.mercer@examplecorp.test,Rahul Reyes,2025-06-24 14:11:00,skyler.mensah@sampleco.test,Fatima Sloan,2024-10-11 18:15:00,casey.blake@examplecorp.test,,2025-07-21 02:00:00,Y,100001,100001,,100001,100001,100001,100001,100001,,,100001,100001,100001,100001,100001,100001,100001,2023-03-04 08:32:00,1761,2426,Beta,Delta,Delta,REF-4212,3263,307,3236,1413,9763,Alpha,2025-01-21 16:17:00,8639,2651,Standard,Standard,Alpha,Beta,1148,2844,4719,2886,4456,Alpha,2026-04-12 14:30:00,,,,,,,6380,6512,,,5219,,2025-07-27,,,,,,,,,,,,Standard,2024-10-13,,,,,,,6414,,,,,,2023-06-15,,,Standard,LOT-2666,,,7286,,,,5428,,2023-07-29,,,,,,,,,,,,,2024-05-05,,,Standard,,,REF-6920,,,,,,Beta,Resolved the outstanding question about scope.
SKU-7182,LOT-5697,Sofia Rossi,Chen Cohen,,,TAG-9953,SKU-7378,,,,,,,Alpha,morgan.calder@sampleco.test,Avery Costa,Omar Vance,,REF-6437,,,"4,215",LOT-5360,,,Active Customer,Noted a concern to revisit at the next sync.,Granite Energy Inc,Everest Robotics Corp,Inactive,Beta,Canada,,,,Aligned on billing and renewal terms.,New Logo,,TAG-1891,,,Media,,,,,,,N,,,,Referral,,LOT-1294,Aisha Ford,REF-3994,LOT-2500,,,,,Delta,,TAG-4194,LOT-6244,,Standard,,,Alpha,,Skyler Reyes,,California,Y,,LOT-9722,,,,,,SKU-5921,17,100001,Company,100405,yara.silva@examplecorp.test,Sofia Nguyen,2025-05-13 23:41:00,liam.okafor@demomail.test,Diego Ashby,2025-11-08 20:33:00,diego.haddad@sampleco.test,Priya Sato,2025-11-20 16:41:00,chen.sloan@examplecorp.test,,2025-03-21 18:18:00,N,100001,100001,,100001,,100001,100001,100001,100001,,100001,100001,100001,100001,100001,,100001,2025-04-03 04:07:00,9217,3098,Delta,Delta,Other,TAG-3468,9186,4413,4947,3171,2750,Beta,2023-03-14 17:37:00,3245,664,Alpha,Gamma,Beta,Alpha,1073,1876,3686,771,2464,Gamma,2023-08-17 05:15:00,,,,,,,,,,,,,2024-07-17,6217,8892,,,,,,,,,,,2025-03-30,,,,,,,8324,1041,,,,,2023-07-16,,,,,,,,6877,,,,Other,2025-02-27,,,,,,LOT-6060,,,,,5513,,2023-04-10,,7498,,,,,,,,,,,Noted a concern to revisit at the next sync.
,,Arjun Ford,Priya Reyes,,,TAG-3598,LOT-6909,LOT-7251,,,,,,,riley.larsson@sampleco.test,,Rowan Okafor,,,SKU-7596,,"155,425",SKU-5560,,,Active Customer,Scheduled a check-in for the coming month.,Pioneer Capital Co,Blue Ridge Manufacturing Ltd,Active,Beta,India,,,,Discussed timeline and next steps with the account.,Renewal,,,,Y,Professional Services,,,,,,,N,,,,Cold Outreach,LOT-3934,LOT-5973,Taylor Mercer,TAG-1105,SKU-2949,REF-6514,9274,,,Standard,,,REF-3480,,Standard,,,,,Yara Nguyen,Followed up on the open items from last week.,Georgia,N,,LOT-4182,,,,,,TAG-2375,443,100001,Company,100408,mei.reyes@demomail.test,Riley Larsson,2025-03-04 16:22:00,jamie.sloan@sampleco.test,Avery Vance,2024-08-18 16:53:00,diego.dorsey@examplecorp.test,Rahul Brooks,2025-08-25 22:17:00,casey.whitfield@acme-fake.test,Mei Dorsey,2024-10-08 00:46:00,Y,100001,100001,100001,100001,100001,100001,100001,100001,,,100001,100001,100001,100001,100001,100001,100001,2022-10-30 12:01:00,4756,9836,Alpha,Delta,Other,SKU-1167,3937,9928,9976,9513,7622,Gamma,2023-10-25 16:24:00,1435,7334,Alpha,Standard,Gamma,Delta,460,5743,4211,1239,6505,Other,2023-05-28 23:49:00,,,,REF-3353,,,,,,4670,,,2023-10-27,,,Alpha,,Standard,,,,,4275,8134,,2024-08-27,,,,,SKU-1067,,,,6677,,,,2024-09-08,5643,6559,,,,,9570,,4078,,,,2023-08-02,8351,,,SKU-8110,Beta,,,,,,,,2024-10-21,,,,,,SKU-5539,9005,,1439,,,,Resolved the outstanding question about scope.
,,Jamie Silva,Omar Kim,,,LOT-7959,TAG-1690,TAG-4317,,,,,,Gamma,marco.haddad@demomail.test,Yara Cohen,Drew Rossi,,SKU-8422,,,,REF-8613,"245,576",,Active Customer,Noted a concern to revisit at the next sync.,Keystone Manufacturing Ltd,Evergreen Dynamics LLC,Active,Beta,Australia,,,,Discussed timeline and next steps with the account.,Standard,,,,Y,Telecommunications,,,,,,Delta,,Beta,,,Inbound Call,LOT-8315,,Emerson Silva,TAG-2625,TAG-9313,,1704,,,Delta,,LOT-8057,LOT-4501,,Delta,,,,,Diego Calder,,Colorado,Y,,REF-4780,,,,,,SKU-1374,3641,100001,Company,100410,liam.nguyen@demomail.test,Aisha Nguyen,2025-06-08 17:54:00,yara.sato@demomail.test,Sofia Sato,2023-05-30 05:40:00,liam.sloan@demomail.test,Elena Cohen,2024-07-17 13:52:00,priya.dorsey@examplecorp.test,,2025-11-14 13:43:00,Y,100001,100001,100001,100001,100001,,100001,100001,,,100001,100001,,100001,100001,100001,100001,2024-09-13 23:59:00,429,9474,Beta,Gamma,Gamma,LOT-4924,9901,481,4337,6229,6576,Beta,2026-07-24 23:10:00,7970,14,Beta,Other,Other,Beta,5958,700,2026,2419,644,Standard,2026-03-14 15:27:00,,,,,,,4353,,,,,,2024-12-22,,,,,,,,1224,5402,,,,2024-10-15,,,,,,,,,,,,,2025-02-14,2490,,,,,,1018,,,,2530,,2024-05-15,,,,,,TAG-9605,,,,,,,2023-11-04,,,,,,,,,,,,,Aligned on billing and renewal terms.
REF-2940,,Omar Cohen,Casey Whitfield,,,TAG-8413,LOT-9788,,,TAG-6667,,,,,reese.mensah@sampleco.test,,,,LOT-3139,,,"194,882",LOT-3489,,,Active Customer,Reviewed performance and gathered feedback.,Copper Systems Ltd,Atlas Partners Corp,Inactive,,India,,,,Aligned on billing and renewal terms.,SMB,,,,Y,Manufacturing,,,,,,,Y,,,,Referral,REF-2516,LOT-6348,Riley Dorsey,SKU-2619,,,,,,Other,,,LOT-1324,,Alpha,,,,,Fatima Mercer,,Ohio,N,,LOT-2837,,,,,,,8937,100001,Company,100413,aisha.reyes@sampleco.test,Yara Rossi,2026-03-22 13:41:00,marco.silva@examplecorp.test,Skyler Calder,2024-06-28 18:28:00,arjun.reyes@acme-fake.test,Arjun Reyes,2024-02-24 15:21:00,sofia.okafor@sampleco.test,,2023-08-10 14:00:00,Y,100001,100001,100001,100001,100001,100001,100001,100001,,100001,100001,100001,100001,100001,100001,,100001,2023-07-31 19:30:00,4572,1472,Standard,Standard,Gamma,REF-8601,4688,5175,626,7704,4060,Gamma,2023-01-06 23:51:00,3628,8408,Alpha,Other,Standard,Gamma,1246,1589,758,1217,5147,Gamma,2025-04-15 06:19:00,,,Other,,,,,,,,,Gamma,2024-11-20,,,,REF-6633,,,6803,,,,8044,Alpha,2026-06-10,,6707,Standard,,,TAG-8655,,,,5904,,,2024-02-22,,,,,,,,,345,9877,,,2023-06-14,,,,TAG-5711,Alpha,,,,,,,,2023-07-04,,,Standard,,SKU-3886,,,,,,,Alpha,Aligned on billing and renewal terms.
LOT-6273,TAG-1171,Liam Ashby,Arjun Sloan,,,LOT-8377,REF-6630,,,SKU-2784,,LOT-8327,,,sofia.nguyen@demomail.test,,Morgan Vance,,,REF-7070,,"86,483",LOT-3014,,,Prospect,Shared the updated proposal for review.,Summit Industries Co,Northwind Holdings Ltd,Active,Beta,Philippines,,,,Resolved the outstanding question about scope.,Standard,,,,N,Technology,,Standard,,,,Alpha,,Standard,,,Inbound Call,LOT-2485,LOT-8779,Fatima Patel,REF-4590,LOT-1060,,,,,Standard,,REF-9256,TAG-8173,,,,,,,Taylor Sloan,,Illinois,N,,LOT-7852,,,,,LOT-7148,SKU-5275,,100001,Company,100415,fatima.silva@sampleco.test,Elena Mensah,2025-05-30 10:39:00,jordan.sloan@examplecorp.test,Fatima Blake,2026-01-29 20:24:00,morgan.blake@acme-fake.test,Liam Vance,2023-09-03 15:25:00,mei.ashby@acme-fake.test,Casey Patel,2024-10-07 03:09:00,N,100001,100001,100001,,100001,,100001,100001,,,,100001,100001,100001,100001,100001,100001,2025-05-28 05:29:00,5654,5779,Gamma,Other,Standard,REF-7835,3944,4157,423,6445,6866,Other,2025-01-31 19:08:00,2033,5968,Gamma,Other,Other,Gamma,1264,2984,6700,964,4535,Standard,2024-10-24 12:47:00,,7464,Standard,,Gamma,REF-8823,,7461,1794,8439,,,2024-02-28,,,,,Alpha,,,,8841,,,,2025-05-27,,,,,,,,4671,,,,,2023-03-14,,7020,,,,,,,,,,Other,2024-10-23,,,,,Delta,,5714,,,,,,2026-02-19,,1689,,,,,,,,,,,Noted a concern to revisit at the next sync.
TAG-9167,,Alex Whitfield,Elena Larsson,,,TAG-3507,TAG-4904,,,,,,,Standard,noah.patel@examplecorp.test,,,,SKU-8128,,,,REF-8005,,,Active Customer,Discussed timeline and next steps with the account.,Summit Partners Co,Beacon Health Group,Active,Gamma,United Kingdom,,,,Resolved the outstanding question about scope.,Renewal,,,,Y,Retail,SKU-3161,,,,,,,,,,LinkedIn,LOT-2988,TAG-7126,Noah Garcia,LOT-6118,LOT-1206,SKU-8460,,,,Delta,,SKU-5714,TAG-8753,,Other,,,,,Morgan Garcia,,Washington,Y,,,,,,,,TAG-7084,242,100001,Company,100417,sofia.larsson@acme-fake.test,Skyler Kim,2023-05-23 04:47:00,quinn.dorsey@examplecorp.test,Noah Cohen,2026-07-13 15:06:00,arjun.brooks@acme-fake.test,Jamie Sloan,2023-09-12 02:50:00,mei.brooks@sampleco.test,,2026-02-26 09:02:00,N,,100001,,100001,100001,,100001,100001,,100001,,100001,100001,100001,100001,100001,100001,2024-07-18 04:35:00,5914,7587,Gamma,Standard,Gamma,SKU-7594,906,2572,7754,4853,8252,Delta,2025-05-12 06:58:00,1047,9376,Delta,Delta,Delta,Other,4827,1042,5372,8460,3277,Standard,2023-11-08 18:05:00,,,,,,,,,,,,,2023-10-06,,,,,,,8951,,,,,Delta,2024-04-24,,,,,,,,,,,,,2025-04-18,2713,,,,,,,6520,,,,,2023-01-02,,,,LOT-2097,Gamma,,,,,,,,2022-10-29,,,Gamma,,,,,,,,8101,Beta,Followed up on the open items from last week.
,REF-7562,Elena Patel,Quinn Mensah,,,SKU-3082,,TAG-7572,TAG-7990,,,,,Beta,nina.larsson@demomail.test,,,,REF-2098,,Morgan Ashby,,LOT-7763,"46,453",,Past Customer,Scheduled a check-in for the coming month.,Ironwood Textiles LLP,Blue Ridge Holdings Inc,Active,Alpha,Philippines,,REF-9922,,Noted a concern to revisit at the next sync.,SMB,,,,Y,Construction,,,,,,,,,,,Referral,REF-5120,LOT-1010,Sofia Brooks,SKU-3974,SKU-3516,,2192,,,Gamma,,,TAG-8449,,Delta,,,,,Liam Costa,,Florida,Y,,REF-3372,,,,,,TAG-1114,4258,100001,Company,100418,omar.ford@acme-fake.test,Emerson Okafor,2023-09-09 18:07:00,liam.silva@sampleco.test,Chen Larsson,2023-02-14 09:32:00,taylor.kim@demomail.test,Drew Brooks,2023-01-25 10:28:00,riley.silva@acme-fake.test,,2023-01-18 01:18:00,N,100001,100001,100001,100001,100001,100001,100001,100001,100001,100001,100001,100001,100001,100001,100001,,100001,2025-12-03 21:22:00,3823,318,Standard,Alpha,Alpha,REF-9111,6283,4605,5277,2736,7504,Beta,2024-06-26 01:05:00,145,4237,Alpha,Delta,Other,Delta,339,8198,8082,1803,8063,Other,2023-09-04 22:57:00,,,Alpha,REF-7814,,,,,,2611,,,2025-05-06,,8275,,,Beta,,,,,7226,,Standard,2024-02-03,,,,,,TAG-4515,,,,,,,2025-05-29,197,8729,,,,,,,,,,,2024-11-11,,,,,,,,9224,,,,,2024-09-02,,,,,,,,,,,,,Reviewed performance and gathered feedback.
LOT-1615,,Rowan Cohen,Emerson Sloan,,,LOT-6088,TAG-1410,,,SKU-6391,,,TAG-9043,,drew.silva@examplecorp.test,Casey Ford,,,,,Arjun Blake,,LOT-3457,,,Referral Partner,Scheduled a check-in for the coming month.,Meridian Labs Inc,Delta Industries Inc,Active,Other,United Kingdom,,,,Resolved the outstanding question about scope.,New Logo,,,,Y,Financial Services,,Gamma,,,,,,,,,LinkedIn,TAG-3226,,Arjun Mercer,LOT-3066,LOT-7585,LOT-5141,5315,,,Standard,,,,,,,"11,431",Beta,,Aisha Ford,,California,Y,,REF-9195,,,,,REF-7324,SKU-7959,1128,100001,Company,100420,emerson.okafor@demomail.test,Mei Mercer,2022-11-06 12:02:00,reese.ashby@demomail.test,Rowan Kim,2023-02-21 19:22:00,avery.ashby@sampleco.test,Noah Reyes,2024-05-25 04:17:00,yara.garcia@sampleco.test,Avery Ashby,2026-06-21 08:22:00,N,100001,100001,100001,100001,100001,,100001,100001,100001,100001,,100001,100001,100001,100001,,100001,2025-11-03 15:42:00,8434,6840,Gamma,Gamma,Gamma,REF-8129,5619,3929,621,4484,2810,Beta,2025-06-09 14:30:00,5833,8025,Alpha,Delta,Other,Other,3465,9582,8227,1997,7032,Other,2023-11-29 09:04:00,,7897,,LOT-8519,,,5093,,,,,Other,2026-07-22,,,,,Gamma,REF-2755,,,2842,,,,2024-07-03,4994,,,,,,,,,,,,2022-10-24,,,,,,,,,,,,,2025-04-21,2553,,,,,SKU-4673,,,4111,9985,,,2025-02-08,,,,,,,,6900,,,1106,,Scheduled a check-in for the coming month.
,,Rowan Larsson,Fatima Garcia,,,LOT-8220,TAG-3296,,REF-6733,REF-4181,,,,,avery.blake@demomail.test,,Rahul Whitfield,,,,,,TAG-3687,"14,567",,Referral Partner,Scheduled a check-in for the coming month.,Harbor Partners Group,Granite Systems Group,Active,Standard,Canada,,,,Noted a concern to revisit at the next sync.,New Logo,,LOT-7342,,,Media,,,,,,,,,,,Cold Outreach,SKU-3976,,Noah Garcia,TAG-6114,,,2967,,,Delta,,REF-2860,REF-6202,,Alpha,,"91,695",,,Sofia Haddad,,New York,Y,,REF-6873,,,,,,TAG-5169,9152,100001,Company,100421,priya.sloan@acme-fake.test,Morgan Rossi,2025-10-02 03:38:00,omar.silva@sampleco.test,Rowan Reyes,2023-12-17 17:34:00,drew.blake@acme-fake.test,Alex Ashby,2023-03-10 16:10:00,alex.mercer@sampleco.test,,2025-04-16 03:22:00,N,100001,100001,100001,100001,100001,100001,100001,100001,,100001,100001,100001,100001,100001,100001,100001,100001,2022-11-05 05:03:00,8163,4175,Standard,Alpha,Standard,SKU-8362,6214,9550,6859,8028,9044,Standard,2025-01-01 02:06:00,4093,5704,Delta,Other,Alpha,Delta,3552,5205,7320,6941,5828,Gamma,2024-03-30 23:42:00,4427,,Alpha,,,,,8478,,,1904,,2023-09-28,1283,,Delta,,,,8692,,,,,,2025-03-17,1613,,,,,,,,,,,,2025-04-20,,,,,,,,,,,,,2025-09-13,,,,,Other,,,,,,,,2026-02-20,,,,,LOT-4226,,,,,,,,Discussed timeline and next steps with the account.
,,Priya Rossi,Nina Ford,,,SKU-9594,TAG-4099,,TAG-6796,,,,REF-9420,,fatima.ford@examplecorp.test,,Fatima Garcia,,LOT-1028,,,"6,619",SKU-2185,,,Past Customer,Followed up on the open items from last week.,Ironwood Robotics Corp,,Active,Delta,Australia,,,LOT-6541,Resolved the outstanding question about scope.,Enterprise,,,,Y,Media,,,,,,,,Other,,,Cold Outreach,,,Omar Ashby,REF-8247,TAG-2463,,,,,Standard,,REF-4999,,,Alpha,,,,,Marco Okafor,,Ohio,N,,SKU-1131,,,,,,,,100001,Company,100424,riley.garcia@demomail.test,Omar Vance,2023-08-18 16:06:00,elena.dorsey@acme-fake.test,Fatima Whitfield,2023-07-21 18:44:00,quinn.costa@examplecorp.test,Mei Mensah,2026-01-13 00:16:00,arjun.rossi@acme-fake.test,,2024-01-03 02:43:00,Y,,100001,100001,100001,100001,,100001,100001,100001,100001,,100001,100001,100001,100001,100001,100001,2024-07-18 18:23:00,1574,3704,Standard,Other,Beta,TAG-8544,174,1574,5845,9993,8985,Other,2025-07-21 09:57:00,5456,2245,Alpha,Alpha,Beta,Standard,64,6721,2671,2865,8959,Gamma,2023-09-30 22:33:00,,7596,,,,,,,8558,,3608,,2022-10-18,,3780,Delta,,,,,,,,,,2026-06-01,,,,,LOT-5960,,,,,,,,2026-01-01,,,,,Beta,,,,2284,,6463,,2026-01-07,,,,,,,,,,,1582,,2023-03-21,5051,,,,,,,,,,,,Aligned on billing and renewal terms.
,REF-8768,Reese Dorsey,Emerson Silva,,,REF-1522,LOT-8143,,SKU-2927,,,,,,morgan.mercer@acme-fake.test,,,,,,Arjun Reyes,"139,208",REF-7440,,,Active Customer,Resolved the outstanding question about scope.,Brightpath Ventures LLP,Cardinal Partners Corp,Active,Standard,Germany,,,,Noted a concern to revisit at the next sync.,New Logo,,,,N,Hospitality,,,,,,,,,,,Referral,,,Arjun Patel,LOT-9851,TAG-2966,,1212,,,Standard,,TAG-9698,LOT-4833,,,,,,,Diego Calder,,Ohio,Y,,TAG-2886,,,,,,LOT-7173,8405,100001,Company,100426,casey.whitfield@demomail.test,Yara Vance,2026-03-01 17:25:00,marco.larsson@examplecorp.test,Arjun Calder,2024-02-07 14:56:00,skyler.kim@examplecorp.test,Skyler Reyes,2024-06-29 00:24:00,quinn.calder@examplecorp.test,Omar Cohen,2025-10-02 21:49:00,Y,100001,100001,100001,100001,,,100001,100001,,100001,100001,100001,100001,100001,100001,100001,100001,2023-05-16 17:16:00,5082,9461,Other,Standard,Standard,SKU-3582,7312,3068,6395,5969,5799,Other,2022-11-27 01:49:00,418,3657,Standard,Standard,Other,Delta,2335,2516,1809,1202,877,Delta,2026-01-06 20:23:00,,,Standard,LOT-1913,Gamma,,,,,,,Beta,2024-08-22,,,,,,,6619,,,,9750,,2023-07-03,,,,,,,,,,,,,2024-02-10,,,Gamma,,,,,1110,,,,,2026-04-23,,4730,Standard,,,,1774,4062,,,,Other,2024-08-19,,,,,,,,,,,,,Followed up on the open items from last week.
,,Casey Mercer,Drew Ivanov,,,SKU-8837,TAG-5819,,TAG-5560,,,,,,elena.blake@acme-fake.test,,,,,LOT-1335,,"86,498",SKU-6836,,,Active Customer,Aligned on billing and renewal terms.,Brightpath Solutions Ltd,Ironwood Analytics Group,Inactive,Other,Canada,,,,Reviewed performance and gathered feedback.,Renewal,,,,Y,Hospitality,,,,,,,,,,,Event,,REF-2928,Alex Brooks,LOT-9710,TAG-4086,,,,,,,REF-2322,TAG-5935,,Standard,,,,,Diego Mercer,,Ohio,N,,REF-5354,,,,,SKU-1566,LOT-7033,,100001,Company,100429,mei.mercer@examplecorp.test,Chen Patel,2023-11-17 05:04:00,casey.calder@demomail.test,Drew Calder,2026-02-28 18:41:00,riley.kim@demomail.test,Priya Nguyen,2023-06-04 05:33:00,alex.silva@demomail.test,,2025-08-23 22:23:00,Y,100001,100001,100001,100001,100001,,100001,100001,,100001,,100001,100001,100001,100001,,100001,2023-09-17 21:06:00,1208,6144,Alpha,Standard,Gamma,TAG-1287,6230,3950,5181,9483,6857,Delta,2024-05-19 09:00:00,2332,7183,Standard,Gamma,Delta,Other,9288,3767,7799,9394,7811,Alpha,2026-03-27 03:40:00,3294,,,,,,,,,603,2907,,2023-03-22,,,Beta,LOT-7197,,,,,,135,,Delta,2025-12-25,,,,,,,,,1737,,,,2024-12-24,,,,,,,,,,,,,2025-08-21,,,,,,,,,,,,,2024-02-01,,,,,,,,,,,,Beta,Followed up on the open items from last week.
,,Fatima Nguyen,Alex Ford,,,TAG-2708,SKU-6974,LOT-1596,,,,,,,diego.okafor@examplecorp.test,Yara Whitfield,,,,,,,LOT-8689,,,Active Customer,Discussed timeline and next steps with the account.,Atlas Dynamics Ltd,Brightpath Ventures Ltd,Inactive,,Canada,,,LOT-4823,Discussed timeline and next steps with the account.,SMB,,,,Y,Healthcare,,,,,,,,,,,Referral,SKU-1488,,Avery Haddad,LOT-4976,REF-9124,,,,,Beta,,REF-9235,SKU-6823,,Gamma,,,,,Nina Cohen,,Georgia,Y,,REF-7705,,,,,,TAG-6097,6679,100001,Company,100432,riley.rossi@acme-fake.test,Rowan Whitfield,2026-01-03 16:02:00,chen.dorsey@acme-fake.test,Chen Ivanov,2023-10-24 07:44:00,reese.sloan@acme-fake.test,Taylor Mensah,2025-01-28 18:11:00,rahul.ivanov@acme-fake.test,,2024-07-06 18:33:00,Y,,100001,,100001,100001,,100001,100001,100001,100001,100001,100001,,100001,100001,,100001,2023-08-12 09:32:00,6948,8864,Standard,Standard,Other,SKU-8296,4460,2052,3495,687,6035,Delta,2025-06-20 04:50:00,1284,4731,Delta,Gamma,Standard,Alpha,9553,2856,8063,3348,9542,Alpha,2023-11-13 14:41:00,,5628,,LOT-1039,,,,,,3801,,,2022-11-16,,,,,,,4135,,,,5811,,2023-11-08,,,,,,,8417,,,7189,2833,,2024-03-30,,5327,,SKU-9694,,,,,,260,1102,,2024-09-12,,,,,Alpha,,,,,,,Beta,2026-03-15,,1387,,,,TAG-5141,,,,3098,,,Shared the updated proposal for review.
,REF-6445,Rowan Sato,Yara Dorsey,,,SKU-3086,REF-8310,TAG-5370,,,,REF-3169,,,mei.haddad@acme-fake.test,,,,TAG-5789,LOT-6036,,,TAG-6980,,,Prospect,Aligned on billing and renewal terms.,Vertex Financial LLP,Atlas Industries Group,Active,Standard,United Kingdom,,,LOT-5604,Noted a concern to revisit at the next sync.,SMB,,,,N,Technology,,,,,,,,,,,Inbound Call,,,Diego Patel,REF-9520,TAG-8564,SKU-4291,384,,,Beta,,REF-1868,SKU-4574,,Alpha,,,,,Elena Cohen,,Texas,N,,LOT-2988,,,,,,TAG-3152,6446,100001,Company,100434,rahul.dorsey@demomail.test,Morgan Larsson,2025-12-25 07:13:00,chen.cohen@acme-fake.test,Riley Mensah,2023-08-08 17:36:00,reese.cohen@acme-fake.test,Jordan Whitfield,2024-09-10 02:20:00,taylor.calder@sampleco.test,,2025-11-30 20:55:00,Y,100001,100001,100001,100001,,100001,100001,100001,100001,100001,100001,100001,,100001,100001,,100001,2023-01-23 23:29:00,3865,627,Other,Other,Alpha,LOT-9529,1773,4629,9007,9662,519,Gamma,2022-11-27 07:10:00,610,8545,Gamma,Standard,Beta,Other,4520,7229,3374,1059,6982,Delta,2026-06-04 23:29:00,,,,,,,,5024,,8897,5186,Alpha,2026-03-15,3118,,,,,TAG-1784,,,,,,,2025-10-14,890,,,,,,,,,,7587,,2025-01-11,,,,REF-2995,,,,5999,,,,,2023-08-27,,,Alpha,,,LOT-1020,,,6565,,,,2025-07-20,6147,5215,,TAG-5416,,,,4304,,,,,Scheduled a check-in for the coming month.
TAG-8646,,Noah Nguyen,Avery Reyes,,,TAG-6374,TAG-7304,,REF-1867,LOT-1227,,REF-4146,,,sofia.whitfield@demomail.test,,,,,SKU-9009,Liam Sloan,,TAG-2964,,,Active Customer,Aligned on billing and renewal terms.,Brightpath Logistics LLC,Brightpath Industries LLC,Inactive,Delta,Canada,,,,Aligned on billing and renewal terms.,Renewal,,,,N,Media,,,,,,Delta,,,,,Website,SKU-6141,,Jamie Dorsey,SKU-4955,LOT-6074,TAG-8289,6073,,,Delta,,SKU-3582,,,Alpha,,,,,Arjun Garcia,,Arizona,Y,,TAG-2301,,,,,,TAG-5554,5023,100001,Company,100437,rahul.sloan@demomail.test,Avery Patel,2024-09-01 13:20:00,nina.calder@examplecorp.test,Riley Rossi,2023-03-14 09:13:00,noah.mensah@demomail.test,Omar Mercer,2024-08-25 08:09:00,nina.garcia@examplecorp.test,,2023-10-13 19:53:00,Y,,100001,100001,100001,100001,100001,100001,100001,100001,100001,100001,,,100001,100001,,100001,2023-07-30 22:39:00,7200,7263,Delta,Alpha,Gamma,LOT-3897,9483,16,7503,8073,5075,Beta,2023-10-30 17:41:00,1247,4118,Other,Beta,Alpha,Gamma,7306,6337,3432,2766,5929,Delta,2023-06-30 01:33:00,,4456,,,,,3776,,8616,,,,2026-06-15,,,,SKU-6993,,,,9429,193,,,,2024-04-06,,,Delta,,,,,,,,,,2023-05-21,,,,,,,8033,,,,2412,,2026-04-22,,,Standard,,,,,,3836,6801,,Gamma,2024-01-17,,,,,LOT-5920,,,,,,,,Noted a concern to revisit at the next sync.
,,Aisha Okafor,Priya Calder,,,,SKU-1432,,,,,,,,fatima.haddad@demomail.test,,,,,,,,SKU-9365,,,Active Customer,Aligned on billing and renewal terms.,Blue Ridge Group Group,Brightpath Ventures Corp,Active,Beta,Philippines,,,,Reviewed performance and gathered feedback.,SMB,,,,N,Professional Services,,,,,,,,,,"86,010",Cold Outreach,TAG-4018,,Priya Larsson,,REF-4241,LOT-6835,,,,Gamma,,LOT-3495,SKU-7163,,Alpha,,,,,Jamie Sloan,,New York,N,,LOT-8784,,,,,TAG-1315,REF-9632,9332,100001,Company,100440,casey.mercer@sampleco.test,Yara Calder,2023-03-11 06:43:00,jamie.kim@examplecorp.test,Aisha Costa,2023-10-24 09:53:00,chen.silva@sampleco.test,Drew Ivanov,2023-10-29 08:23:00,arjun.dorsey@acme-fake.test,,2022-11-21 05:38:00,N,100001,100001,100001,100001,100001,100001,100001,100001,100001,100001,,100001,100001,100001,100001,,100001,2025-03-17 17:07:00,8815,2217,Gamma,Gamma,Alpha,LOT-4942,7007,864,1082,5938,2349,Delta,2026-05-14 07:08:00,2010,4558,Gamma,Gamma,Other,Other,4411,4915,4279,7950,2297,Standard,2025-06-04 08:14:00,,,,,,,,,6932,,,Beta,2026-01-23,,,Alpha,LOT-3107,,,,,,5191,,,2022-11-05,,,,,,,,,,8624,,,2023-06-20,,,,,Gamma,,,,,,,Alpha,2024-06-22,,,Beta,,,,9396,,,,,,2024-03-07,,,,,LOT-6056,REF-4758,,6149,,,,,Shared the updated proposal for review.
REF-4134,,Rahul Rossi,Diego Larsson,,,,LOT-6229,,,,,,,,alex.nguyen@sampleco.test,,,,,TAG-7298,,,,"26,707",,Active Customer,Resolved the outstanding question about scope.,Ironwood Analytics Ltd,Redwood Robotics Group,Active,Beta,United States,,LOT-6152,,Aligned on billing and renewal terms.,New Logo,,SKU-5305,,Y,Logistics,,,,,,,Y,,,,LinkedIn,REF-8661,SKU-2069,Noah Calder,LOT-4919,LOT-3323,REF-3212,4940,,,Other,,REF-1076,,,Beta,,,,,Riley Blake,,Arizona,N,,TAG-2001,,,,,,SKU-9309,8259,100001,Company,100443,riley.sato@examplecorp.test,Sofia Silva,2024-07-23 08:04:00,reese.sato@sampleco.test,Sofia Okafor,2026-06-16 10:10:00,nina.silva@sampleco.test,Priya Ashby,2025-04-30 22:50:00,emerson.okafor@acme-fake.test,Quinn Calder,2024-02-14 08:56:00,Y,100001,100001,100001,100001,100001,,100001,100001,100001,,100001,100001,100001,100001,,100001,100001,2023-06-14 09:08:00,4809,8627,Gamma,Delta,Delta,TAG-8782,7121,6803,7093,9013,4564,Gamma,2024-02-18 03:30:00,6247,6194,Standard,Standard,Other,Delta,2009,8825,8740,5145,9965,Gamma,2023-01-22 03:25:00,,,,TAG-6528,,,,,,,,,2026-06-29,2565,,,,,,,,8068,,,,2023-01-04,,,,,,,,,,,,,2026-01-24,,1966,,,Alpha,,,,,,,Standard,2022-10-02,,,,,,,,1422,,8295,9404,Alpha,2026-04-05,,7156,,,,,,,,,,,Scheduled a check-in for the coming month.
,,Noah Mensah,Jamie Sato,,,TAG-1614,,,REF-4260,,,,REF-2871,,riley.larsson@acme-fake.test,,,,,REF-5490,,,LOT-7095,,,Past Customer,Resolved the outstanding question about scope.,Copper Systems Co,Falcon Industries Inc,Active,Standard,Canada,,,,Aligned on billing and renewal terms.,Enterprise,,,,,Media,,,,,,,,,,,LinkedIn,,TAG-3786,Priya Vance,,LOT-6532,SKU-4275,8028,,,Other,,TAG-3182,REF-3026,,Standard,,,,,Arjun Ashby,,California,N,,LOT-2314,,,,,,REF-5211,,100001,Company,100445,sofia.mensah@demomail.test,Avery Sato,2025-11-16 05:45:00,riley.ivanov@sampleco.test,Yara Nguyen,2023-07-31 17:06:00,aisha.sloan@demomail.test,Jordan Nguyen,2025-06-12 00:57:00,yara.haddad@sampleco.test,,2025-01-16 07:36:00,Y,100001,100001,100001,100001,100001,100001,100001,100001,,100001,,100001,100001,100001,100001,100001,100001,2024-08-17 14:49:00,8782,3161,Gamma,Alpha,Standard,LOT-2965,3077,859,9802,449,4680,Delta,2022-10-26 15:54:00,8594,7889,Standard,Other,Delta,Alpha,5803,6416,2321,1145,1509,Standard,2024-12-02 23:27:00,,,,,,REF-4156,,2976,,,,,2023-06-14,,,Alpha,,,,,,,,2445,,2024-04-07,,,,,,REF-1491,,,,,,,2023-06-01,,,,,,,,,9974,,,,2023-04-22,,,,,,,,,,5475,,,2024-04-26,,,,TAG-5561,,,,,,,,,Followed up on the open items from last week.
,TAG-8949,Diego Larsson,Fatima Cohen,,,SKU-5130,SKU-9243,TAG-7881,,,,,,,skyler.vance@acme-fake.test,Quinn Sloan,,,,,,,TAG-8587,,,Active Customer,Shared the updated proposal for review.,Silverline Energy LLC,Lakeside Health Group,Active,Gamma,United States,,,,Scheduled a check-in for the coming month.,SMB,,,,Y,Telecommunications,,,,,,,,,,,LinkedIn,SKU-1615,LOT-1250,Sofia Dorsey,TAG-5283,SKU-1750,LOT-1650,2353,,,Gamma,,REF-3751,TAG-9766,,Gamma,,,Other,,Sofia Cohen,,Florida,Y,,REF-7827,,,,,,LOT-5998,,100001,Company,100447,aisha.blake@examplecorp.test,Diego Nguyen,2024-07-05 13:50:00,yara.okafor@examplecorp.test,Avery Ford,2025-02-20 05:16:00,nina.mensah@examplecorp.test,Elena Ivanov,2025-03-22 07:50:00,avery.dorsey@demomail.test,Noah Silva,2022-10-19 15:52:00,Y,,100001,100001,100001,100001,100001,100001,100001,100001,,100001,100001,,100001,100001,100001,100001,2026-06-16 10:55:00,3018,7376,Standard,Alpha,Alpha,LOT-7787,154,1737,2496,4359,5920,Alpha,2025-08-09 04:59:00,7018,7751,Standard,Other,Alpha,Alpha,676,8128,4501,9619,3979,Gamma,2024-02-11 06:48:00,,2192,,LOT-6814,,,1064,,,7676,,Other,2025-11-06,1646,,,,,,,,,,,,2022-11-30,,,,,,,,,,,,Beta,2025-09-29,8442,,,,,,236,,,,4963,,2022-11-27,,,,REF-4088,,,,,,,,,2026-03-20,,51,,,,,,,,,,,Followed up on the open items from last week.
,,Liam Ivanov,Taylor Ashby,,,,REF-3222,SKU-7289,SKU-6848,,,,,,sofia.larsson@examplecorp.test,,,,TAG-3203,,,,,,,Referral Partner,Discussed timeline and next steps with the account.,Ironwood Retail,,Active,Delta,Philippines,,,,Shared the updated proposal for review.,New Logo,,,,Y,Telecommunications,,,,,,,,,,,Cold Outreach,SKU-7803,,Taylor Vance,TAG-2764,TAG-3114,,5170,,,Other,,TAG-9892,TAG-8871,,Alpha,,,,,Noah Nguyen,,Ohio,Y,,REF-6260,,,,,,TAG-4680,2038,100001,Company,100449,rowan.sato@acme-fake.test,Riley Mercer,2025-12-05 15:17:00,reese.ford@acme-fake.test,Chen Rossi,2023-05-04 14:56:00,fatima.larsson@sampleco.test,Mei Ivanov,2023-02-21 03:14:00,aisha.ivanov@examplecorp.test,,2024-04-29 14:02:00,Y,100001,100001,100001,100001,100001,,100001,100001,100001,100001,100001,100001,,100001,100001,100001,100001,2024-02-12 10:16:00,6992,1584,Gamma,Alpha,Beta,SKU-4580,574,6733,6502,1507,8005,Beta,2025-11-24 14:17:00,1857,6495,Other,Alpha,Standard,Beta,5046,9689,5908,9253,6514,Other,2025-09-22 05:14:00,7017,,,,,,,6867,,,,,2024-09-28,,,,SKU-3826,,,7563,,,8274,,Alpha,2022-10-15,,7264,,,LOT-6017,,,,,,,,2024-07-16,,,,,,,252,,,,,,2024-02-02,,,,,,,,,,,,,2024-06-16,,,,,,,,,,7819,,,Discussed timeline and next steps with the account.
SKU-9588,,Aisha Mercer,Chen Cohen,,,,LOT-1799,SKU-2469,SKU-1469,REF-9411,,,LOT-6918,,fatima.calder@acme-fake.test,Omar Okafor,,,,,,,TAG-1805,,,Past Customer,Reviewed performance and gathered feedback.,Harbor Retail Inc,Atlas Networks Inc,Inactive,Alpha,Germany,,,LOT-3946,Noted a concern to revisit at the next sync.,Renewal,,,,N,Retail,,,,,,,,,,,LinkedIn,,,Taylor Brooks,REF-2764,SKU-1258,,9690,,,Alpha,,TAG-2798,SKU-5964,,Delta,,,,,Omar Vance,Resolved the outstanding question about scope.,Colorado,Y,,SKU-9419,,,,,,LOT-6065,,100001,Company,100452,fatima.sloan@acme-fake.test,Quinn Costa,2025-11-30 18:59:00,diego.ivanov@examplecorp.test,Diego Reyes,2024-09-20 16:50:00,skyler.reyes@examplecorp.test,Quinn Silva,2023-11-09 09:56:00,fatima.patel@sampleco.test,,2026-04-12 15:54:00,N,100001,100001,100001,100001,100001,100001,100001,100001,,100001,,100001,,100001,,,100001,2024-07-25 19:11:00,5459,704,Delta,Beta,Other,REF-8600,5978,2191,1712,1104,332,Delta,2023-12-12 00:34:00,9076,1125,Other,Delta,Standard,Gamma,9553,4718,603,2442,1694,Gamma,2025-04-05 22:04:00,,,,,,,,,,,4069,,2025-10-09,,4378,Gamma,,,,,,,,,,2024-11-25,,,,,,,8238,7076,,,,,2024-04-30,,,,,Other,,,,,,,,2025-09-06,,,,,Standard,,,,,,,,2023-11-16,,,,,TAG-3101,,,,,,9266,Alpha,Discussed timeline and next steps with the account.
,,Yara Brooks,Riley Okafor,,,SKU-2248,REF-2706,REF-7888,,,,,TAG-8303,,alex.sloan@demomail.test,,,,,,Sofia Mercer,,TAG-9871,,,Active Customer,Noted a concern to revisit at the next sync.,Brightpath Logistics LLP,Summit Labs Corp,Active,Alpha,Germany,,,,Resolved the outstanding question about scope.,Enterprise,,,,N,Financial Services,,,,,,,,,,,Webinar,LOT-5978,,Drew Reyes,SKU-4011,LOT-1250,REF-7463,,,,Standard,,REF-6850,,,Standard,,,,,Morgan Nguyen,Discussed timeline and next steps with the account.,Florida,N,,SKU-6854,,,,,,SKU-9474,4589,100001,Company,100454,elena.brooks@acme-fake.test,Nina Whitfield,2024-04-16 08:38:00,nina.mensah@demomail.test,Liam Nguyen,2025-09-01 14:19:00,marco.larsson@examplecorp.test,Elena Vance,2025-08-24 19:01:00,rowan.ford@sampleco.test,,2025-10-14 00:09:00,N,100001,100001,100001,100001,100001,,100001,100001,100001,,,100001,100001,100001,100001,,100001,2025-11-29 12:03:00,1699,9675,Gamma,Standard,Delta,REF-4526,621,9595,8009,1012,4219,Beta,2023-06-29 04:44:00,7904,9908,Alpha,Other,Gamma,Alpha,5724,5994,7961,4970,5047,Gamma,2023-11-25 09:30:00,585,,,,,SKU-1355,,8289,,,1644,,2026-05-12,,6448,,,,SKU-1205,1815,,,,,,2024-01-29,,,,TAG-2868,,,,,,,,,2025-04-01,,5164,,,,,,,,,,,2025-01-27,,,Gamma,,,,2617,,,,,,2024-05-11,,,,,,REF-4209,6846,,,,,,Resolved the outstanding question about scope.
,,Omar Calder,Skyler Calder,,,TAG-4928,REF-9107,,,,,,,,sofia.larsson@examplecorp.test,Rahul Mensah,,,,,,,LOT-9383,,,Active Customer,Noted a concern to revisit at the next sync.,Ironwood Textiles Inc,Delta Partners Group,Active,Other,India,,,,Resolved the outstanding question about scope.,New Logo,,,,N,Agriculture,,,,,,,,,,,Partner,SKU-6275,REF-2100,Drew Blake,REF-6051,TAG-1443,,,,,Gamma,,TAG-2490,TAG-5383,,Standard,,,,,Chen Garcia,,Texas,Y,LOT-8636,TAG-7031,,,,,,REF-3023,5161,100001,Company,100455,mei.larsson@demomail.test,Elena Reyes,2025-09-16 01:52:00,morgan.okafor@examplecorp.test,Skyler Costa,2023-06-11 12:01:00,mei.calder@examplecorp.test,Jamie Vance,2024-05-11 07:08:00,aisha.sloan@demomail.test,Casey Ford,2022-11-05 07:03:00,N,100001,100001,,100001,100001,,100001,100001,,,,100001,100001,100001,100001,100001,100001,2022-10-06 06:59:00,6888,430,Delta,Delta,Delta,TAG-5770,2932,5701,6174,4297,6680,Gamma,2024-10-16 04:16:00,653,1400,Alpha,Delta,Beta,Beta,2721,347,4660,4309,3249,Beta,2024-02-25 01:07:00,,,,LOT-6608,Delta,,3124,,,,,,2023-06-23,,,,,,LOT-1493,4581,,8672,9775,309,,2024-01-17,,,,,,,,,,,,,2026-03-30,,,,REF-2602,,,,,,,,Delta,2024-02-11,,644,,,,,,3431,,,,,2025-11-12,,,,,,,,,,,,,Aligned on billing and renewal terms.
TAG-9664,,Drew Mercer,Jamie Cohen,,,,REF-5006,TAG-9476,LOT-2075,,,,,Beta,drew.sato@demomail.test,,,,,,,,TAG-2732,,,Active Customer,Noted a concern to revisit at the next sync.,Beacon Analytics Corp,Everest Textiles,Inactive,Delta,United Kingdom,,,,Shared the updated proposal for review.,Enterprise,,LOT-9667,REF-5859,Y,Technology,,,,,,,,,Y,,Webinar,REF-1251,REF-2090,Mei Costa,SKU-3805,REF-1324,REF-6427,,,,Alpha,,REF-7630,REF-1141,,Beta,,,,,Rahul Whitfield,,California,N,,LOT-4748,,,,,,,,100001,Company,100456,diego.dorsey@demomail.test,Jordan Blake,2022-12-28 06:36:00,emerson.calder@examplecorp.test,Noah Blake,2025-02-05 04:33:00,riley.reyes@acme-fake.test,Drew Nguyen,2024-03-16 00:47:00,elena.ford@examplecorp.test,,2026-07-26 12:20:00,N,,100001,100001,100001,100001,,100001,100001,100001,100001,,100001,100001,100001,100001,,100001,2026-05-03 15:43:00,3770,1292,Gamma,Gamma,Delta,REF-4550,4650,9005,3333,1544,3474,Delta,2024-09-17 18:18:00,944,9444,Gamma,Standard,Delta,Other,7586,4030,7211,6493,7377,Alpha,2023-06-16 19:48:00,,,,,,,,2821,,674,,,2024-03-04,,,,REF-6270,,,,,7931,,,,2023-01-30,,,,,,,,,,,,,2026-01-23,,1100,,,,,,,,,,,2025-09-07,,,,,,,,,,,7503,,2026-05-20,,,,,,,,,,,6318,,Followed up on the open items from last week.
,LOT-1121,Sofia Larsson,Taylor Nguyen,,,SKU-5013,REF-9830,,REF-7704,,SKU-2557,,,,aisha.patel@examplecorp.test,Reese Sloan,,,TAG-5261,,Chen Blake,,TAG-9370,,,Active Customer,Followed up on the open items from last week.,Horizon Energy Ltd,Evergreen Financial Group,Active,Gamma,Australia,,,,Reviewed performance and gathered feedback.,Renewal,,LOT-8343,LOT-1532,N,Retail,,,,,,,,,,,Website,,,Reese Kim,TAG-6557,,,863,,,Standard,,,TAG-2852,,Delta,,,,,Avery Reyes,,New York,N,,REF-2498,,,,,,LOT-5104,1936,100001,Company,100457,omar.ashby@examplecorp.test,Noah Larsson,2025-02-21 21:52:00,taylor.costa@sampleco.test,Alex Sato,2026-02-03 00:33:00,arjun.okafor@acme-fake.test,Morgan Ivanov,2026-06-02 04:35:00,diego.nguyen@acme-fake.test,,2026-07-27 15:35:00,Y,100001,100001,100001,100001,,,100001,100001,100001,,,100001,100001,100001,,100001,100001,2022-10-29 02:36:00,1871,4356,Delta,Standard,Gamma,REF-2159,9289,4031,2220,2476,7969,Alpha,2024-09-15 02:22:00,6065,3234,Beta,Other,Other,Other,8486,9946,1496,6098,7521,Beta,2024-12-16 08:48:00,,,Other,,,,,,,,,,2025-02-03,,,,,,,979,,,3182,,,2026-05-26,,,,,,,2218,,,,,,2026-02-22,128,,,,,,,3812,,,,,2024-07-17,,,,,,,,,,,,,2026-03-06,,,,,,,,,,4474,,,Noted a concern to revisit at the next sync.
,,Quinn Brooks,Emerson Mensah,,,LOT-7828,REF-1333,REF-1839,LOT-4090,,,,REF-5860,,reese.silva@acme-fake.test,,,,,,,,,,,Active Customer,Discussed timeline and next steps with the account.,Redwood Energy Co,Meridian Ventures Co,Active,Delta,Canada,,,SKU-7941,Aligned on billing and renewal terms.,New Logo,,SKU-8047,,Y,Retail,,,,,,Alpha,,Alpha,,,Referral,SKU-2624,LOT-8867,Quinn Okafor,REF-2500,,,,,N,Beta,,REF-3519,LOT-7410,,,,,,,Sofia Brooks,,Colorado,N,,LOT-5724,,,,,SKU-1440,REF-3474,4206,100001,Company,100459,diego.dorsey@sampleco.test,Aisha Patel,2024-11-24 16:11:00,noah.nguyen@examplecorp.test,Jamie Haddad,2024-08-21 12:51:00,omar.nguyen@examplecorp.test,Riley Dorsey,2024-11-04 08:52:00,morgan.whitfield@examplecorp.test,Emerson Ford,2025-05-04 04:12:00,Y,,100001,100001,100001,100001,100001,100001,100001,100001,,100001,100001,100001,100001,100001,100001,100001,2025-12-20 19:54:00,2141,24,Standard,Beta,Delta,LOT-6397,4041,1991,3241,9014,7295,Beta,2024-05-13 02:42:00,7652,2469,Gamma,Gamma,Alpha,Standard,1099,3850,1596,7390,9096,Other,2025-08-09 11:02:00,,9821,Beta,LOT-3360,Gamma,LOT-1730,,,8105,1563,,,2024-08-12,,,,SKU-6969,,,,,5193,,,,2026-03-19,,,,,,,,,,,,,2025-05-12,,3152,,,,,,2207,4850,,286,,2023-05-26,,,,,,REF-9941,,8873,,7716,,,2023-10-26,,,,,,,,,,,,,Scheduled a check-in for the coming month.
,,Diego Cohen,Morgan Whitfield,,,,TAG-3882,TAG-2231,TAG-5901,,,,,,rowan.nguyen@demomail.test,,Rahul Mercer,,,,,,REF-7136,,,Active Customer,Resolved the outstanding question about scope.,Redwood Solutions Ltd,,Active,Beta,United States,,,,Resolved the outstanding question about scope.,SMB,,TAG-5416,,Y,Logistics,,,,,,,,,,,Inbound Call,REF-7270,,Riley Whitfield,SKU-4239,TAG-7043,,5449,,,Other,,REF-8359,LOT-7645,,Beta,,,,,Taylor Blake,,New York,N,,TAG-5615,,,,,,,8233,100001,Company,100462,diego.ashby@demomail.test,Omar Kim,2024-06-03 14:40:00,nina.cohen@demomail.test,Chen Cohen,2024-02-13 15:16:00,fatima.whitfield@acme-fake.test,Chen Blake,2026-04-25 21:11:00,chen.patel@sampleco.test,,2024-01-03 17:47:00,N,,100001,100001,100001,100001,,100001,100001,,100001,,100001,100001,100001,100001,100001,100001,2025-10-19 05:19:00,9837,3475,Gamma,Gamma,Alpha,TAG-8475,3580,2584,5304,3264,9230,Alpha,2023-04-11 10:53:00,4859,9474,Gamma,Standard,Beta,Gamma,6029,7215,8518,6448,6586,Gamma,2026-01-07 09:52:00,,,,,,,,1459,,,,,2024-08-04,,,,,,,,,,,,,2023-08-28,,,Delta,,,,,,,,,,2025-09-22,,9370,,,,,,,,4480,,,2025-09-15,,,,,,,,7124,,,,,2024-01-06,9644,,,,,,,,,,,,Discussed timeline and next steps with the account.
,,Reese Rossi,Reese Blake,,,REF-8258,,,,,,,,Gamma,omar.reyes@acme-fake.test,,,,,,Emerson Rossi,,LOT-9049,,,Past Customer,Scheduled a check-in for the coming month.,Pioneer Health Ltd,Northwind Robotics Ltd,Active,,Germany,Delta,,,Resolved the outstanding question about scope.,Standard,,,,Y,Manufacturing,,,,,,,,,,,Website,LOT-2850,TAG-1148,Sofia Cohen,,REF-2465,,2055,,,Gamma,,TAG-7107,REF-8939,,,,,Other,,Emerson Vance,,Florida,Y,,TAG-3560,,,,,,SKU-8141,2881,100001,Company,100464,emerson.silva@acme-fake.test,Drew Patel,2024-12-18 14:18:00,jordan.haddad@sampleco.test,Mei Dorsey,2025-02-14 07:39:00,marco.rossi@acme-fake.test,Morgan Dorsey,2025-10-12 18:16:00,fatima.costa@acme-fake.test,,2025-09-28 05:12:00,N,100001,100001,100001,100001,100001,100001,100001,100001,100001,,100001,100001,100001,100001,100001,100001,100001,2024-09-26 14:01:00,245,7881,Gamma,Beta,Gamma,SKU-3852,7975,1160,9780,7838,6855,Standard,2026-01-21 04:49:00,1719,9438,Standard,Other,Standard,Other,8687,1138,8128,151,5177,Delta,2025-09-02 15:12:00,,,Standard,,Beta,,,,,,,,2025-05-15,,,,,Other,,,,,,,,2026-06-07,,,,,,,,,7637,,6196,,2023-08-01,,,,,,REF-2539,,,,,,,2024-07-09,,4993,,,,,1786,,,,,,2024-11-02,,5941,,,,,,,,,,,Aligned on billing and renewal terms.
,REF-3484,Taylor Sato,Rahul Mensah,,,REF-3611,TAG-6648,LOT-8820,REF-9972,LOT-9468,,,,,liam.mensah@demomail.test,,Morgan Cohen,,,,,,TAG-8832,"36,689",,Active Customer,Reviewed performance and gathered feedback.,Ironwood Labs Corp,Harbor Labs Group,Active,Alpha,Germany,,,,Noted a concern to revisit at the next sync.,SMB,,,,Y,Energy,,,,,,,,,,,Cold Outreach,,,Diego Vance,SKU-9716,REF-7880,,,,,Gamma,,LOT-6799,LOT-2936,,,,,,,Skyler Patel,,Washington,Y,,LOT-5025,,,,,,LOT-7401,2849,100001,Company,100467,reese.patel@examplecorp.test,Arjun Ashby,2024-12-30 10:18:00,liam.ivanov@demomail.test,Drew Blake,2024-10-17 00:04:00,mei.sloan@demomail.test,Casey Ford,2024-03-24 06:15:00,alex.costa@acme-fake.test,,2022-10-23 10:58:00,N,100001,100001,100001,100001,,100001,100001,100001,100001,100001,100001,100001,,100001,100001,,100001,2023-01-16 02:06:00,6137,7690,Delta,Other,Delta,REF-2861,7876,878,8313,7119,9463,Beta,2024-03-23 08:17:00,4118,8269,Delta,Beta,Other,Delta,6471,7774,8181,4947,229,Gamma,2023-06-20 08:25:00,,,Delta,TAG-4670,Other,,,,,,,,2023-11-08,3013,,Standard,TAG-2760,Alpha,,,,,,640,,2024-10-30,6040,,,,,,,8237,,,,,2025-04-24,,,Standard,,,,,,,,,,2024-10-04,,7537,,REF-3734,,,,,9058,1329,3298,,2023-10-13,,,Delta,,SKU-6620,TAG-9585,,,,,,,Resolved the outstanding question about scope.
,,Avery Silva,Casey Rossi,,,SKU-7823,TAG-5268,REF-4760,,,,,,,rowan.sloan@demomail.test,,,,,TAG-6715,,,REF-8015,,,Prospect,Aligned on billing and renewal terms.,Everest Solutions Corp,Horizon Labs Co,Active,Standard,Australia,,,,Noted a concern to revisit at the next sync.,Renewal,,,TAG-1674,Y,Hospitality,,,,,,Alpha,,,,,Webinar,TAG-2317,,Nina Sloan,,REF-7899,LOT-6216,,,,Alpha,,,TAG-8750,,Beta,,,,,Fatima Whitfield,,Georgia,Y,,SKU-8190,,,,,,REF-2490,9764,100001,Company,100468,taylor.costa@sampleco.test,Sofia Cohen,2023-04-09 18:15:00,jamie.cohen@examplecorp.test,Skyler Calder,2024-03-24 08:27:00,rahul.haddad@demomail.test,Liam Rossi,2022-10-11 00:53:00,rowan.calder@sampleco.test,,2025-12-14 20:46:00,Y,100001,100001,100001,100001,100001,,100001,100001,,100001,100001,100001,100001,100001,100001,100001,100001,2024-04-13 06:02:00,1258,2636,Beta,Other,Alpha,LOT-1339,6590,7016,6647,6431,4772,Beta,2025-09-30 21:43:00,7744,1636,Gamma,Other,Alpha,Delta,6932,1531,8962,2159,4797,Standard,2024-10-28 22:34:00,7233,1585,Other,,Alpha,LOT-7362,,,,,,Alpha,2024-05-05,6949,,,,,,,,7063,,,,2024-10-17,,,,,SKU-2639,,,,,,,,2023-08-03,,,,,Beta,,,9034,,4352,5665,,2024-04-08,,,,,,,,,,,,,2024-11-05,,,,,,,,,,2584,,,Discussed timeline and next steps with the account.
,,Elena Kim,Aisha Whitfield,,,LOT-4580,SKU-4744,LOT-5680,SKU-3488,,,,,,diego.cohen@acme-fake.test,Skyler Haddad,,,,,,,LOT-8502,,,Prospect,Discussed timeline and next steps with the account.,Falcon Holdings Inc,Redwood Health Co,Active,Other,Australia,,,,Scheduled a check-in for the coming month.,SMB,,,TAG-5251,Y,Healthcare,,,,,,,,,,,Event,,TAG-5572,Casey Patel,REF-3631,REF-4212,,1048,,,Beta,,SKU-9551,TAG-8732,,Standard,,,,,Noah Calder,,Florida,Y,,SKU-2156,,,,,TAG-6387,REF-7953,4372,100001,Company,100469,arjun.dorsey@acme-fake.test,Sofia Sloan,2026-02-23 21:09:00,aisha.vance@examplecorp.test,Diego Haddad,2023-06-26 23:00:00,drew.haddad@examplecorp.test,Jamie Haddad,2024-05-31 14:28:00,chen.blake@acme-fake.test,Jordan Patel,2025-06-26 00:38:00,Y,100001,100001,100001,100001,100001,,100001,100001,100001,100001,,100001,,100001,100001,100001,100001,2023-06-10 12:51:00,9950,9617,Standard,Standard,Delta,LOT-5856,4612,2112,2691,3745,3200,Alpha,2023-11-04 18:54:00,2376,7644,Beta,Alpha,Delta,Other,6638,2321,9008,6989,4493,Alpha,2026-01-09 05:44:00,,5961,,,,,,,5913,,,,2023-01-07,5559,7154,,,Alpha,SKU-6135,8252,,,,,,2024-08-09,,,,,,,1323,,,,,,2023-11-05,,,,,,TAG-7090,,,,,,,2023-01-04,,,,,,,,,9572,,,,2022-12-09,,,,,,,,,9848,,,,Aligned on billing and renewal terms.
,,Casey Patel,Mei Blake,,,,SKU-6387,,,,,,REF-8292,,sofia.brooks@acme-fake.test,Mei Silva,,,,,,,TAG-1953,,,Active Customer,Noted a concern to revisit at the next sync.,Pioneer Group,Delta Health,Active,Other,Germany,,,,Scheduled a check-in for the coming month.,SMB,,,,Y,Retail,,,,,,,Y,,,,LinkedIn,LOT-9197,,Omar Sato,REF-8212,SKU-9839,,5741,,,Standard,,REF-1480,REF-2400,,,,,,,Emerson Kim,Reviewed performance and gathered feedback.,Ohio,N,,LOT-8736,,,,,,LOT-7695,3674,100001,Company,100470,drew.silva@sampleco.test,Jordan Rossi,2024-12-21 18:08:00,quinn.larsson@acme-fake.test,Liam Dorsey,2025-08-16 22:07:00,mei.patel@demomail.test,Casey Larsson,2025-10-31 21:41:00,riley.sloan@acme-fake.test,,2024-05-01 09:31:00,Y,,100001,100001,100001,100001,100001,100001,100001,100001,,100001,100001,100001,100001,100001,100001,100001,2025-01-08 03:11:00,1012,6808,Beta,Other,Other,SKU-5728,7384,6205,6834,7250,7783,Beta,2023-07-30 21:11:00,672,9213,Other,Other,Other,Alpha,1105,7039,7293,6948,576,Delta,2026-04-14 17:26:00,,7330,,,Alpha,,,6821,,,,,2026-07-05,,,,,,,,6683,,,,Beta,2022-12-01,,5483,,TAG-8932,SKU-5499,,,,,,,,2024-07-24,,,,,,,8743,,,,,,2024-01-02,1502,7890,,LOT-8434,,,3912,,,,,,2025-04-17,,,,,,,,,2242,,,,Noted a concern to revisit at the next sync.
,,Morgan Blake,Chen Kim,,,TAG-4525,REF-5624,,,LOT-5122,,,,,sofia.ashby@acme-fake.test,,,,SKU-7140,,,,SKU-8830,,,Active Customer,Followed up on the open items from last week.,Lakeside Logistics Inc,Harbor Dynamics Co,Active,Standard,Australia,Delta,,,Reviewed performance and gathered feedback.,Enterprise,,,,N,Healthcare,,,,,,,,Alpha,,,LinkedIn,,SKU-3842,Marco Garcia,,REF-6269,SKU-4351,2204,,,,,,LOT-5529,,Delta,,,,,Drew Sato,,Georgia,N,,REF-6755,,,,,,REF-3327,,100001,Company,100473,emerson.sato@acme-fake.test,Taylor Dorsey,2025-09-22 12:15:00,fatima.nguyen@demomail.test,Alex Nguyen,2022-11-09 05:46:00,skyler.haddad@sampleco.test,Elena Reyes,2024-02-05 09:29:00,marco.dorsey@acme-fake.test,Mei Patel,2025-03-01 07:02:00,Y,,100001,100001,100001,,100001,100001,100001,,100001,,100001,100001,100001,100001,100001,100001,2024-12-24 06:24:00,4281,5965,Alpha,Alpha,Alpha,TAG-7182,1074,4931,1049,5509,3454,Standard,2024-07-16 09:30:00,7365,8631,Alpha,Gamma,Standard,Standard,6363,5258,9906,6307,726,Alpha,2024-07-27 02:06:00,,,Beta,LOT-2477,,,1614,,8809,8138,,,2025-12-26,2181,,,,Alpha,,,1769,,6227,,,2026-03-28,,,,,,,,,,,,,2023-05-07,,,,,,,,,,,,,2025-10-01,,6369,,,,,,,,,,,2024-04-09,5875,,,,,,,,,,,,Shared the updated proposal for review.
,,Quinn Silva,Alex Rossi,,,LOT-6063,,REF-9778,REF-4673,TAG-9865,,,,Alpha,aisha.kim@acme-fake.test,,,,REF-9688,LOT-8483,,,TAG-8519,,,Active Customer,Followed up on the open items from last week.,Everest Media Group,Redwood Labs Corp,Active,Beta,Australia,,,,Scheduled a check-in for the coming month.,New Logo,,REF-2087,SKU-1212,Y,Hospitality,LOT-6019,Delta,,,,,,,,,Referral,SKU-7187,,Skyler Mercer,SKU-5427,REF-1281,LOT-3877,,,,Other,,,,,Delta,Standard,,,,Yara Mensah,,New York,Y,,LOT-4341,,,,,,,4085,100001,Company,100474,chen.ford@sampleco.test,Arjun Patel,2024-01-11 13:59:00,chen.brooks@acme-fake.test,Rowan Mercer,2025-08-02 08:50:00,taylor.brooks@acme-fake.test,Liam Okafor,2022-10-02 08:50:00,sofia.sato@examplecorp.test,,2024-08-28 02:10:00,N,,100001,100001,100001,100001,,100001,100001,,,100001,100001,100001,100001,100001,,100001,2025-11-18 00:12:00,4471,5493,Gamma,Beta,Standard,TAG-7542,7831,1472,539,6296,2158,Alpha,2024-02-01 18:34:00,8815,2593,Beta,Other,Gamma,Standard,2952,3062,3807,8112,6107,Beta,2025-10-28 10:42:00,,9086,,,,,,,,,3325,,2025-02-07,,,,,Other,SKU-1982,,,,,,,2024-07-27,,945,,,,,4549,,,,,,2023-08-25,,,,,,,,,,3554,,,2023-03-15,,1044,Delta,,,,9138,,,,,Beta,2025-02-04,,,,,,,,3120,,,,Alpha,Scheduled a check-in for the coming month.
,TAG-4748,Skyler Haddad,Avery Sloan,,,TAG-4196,SKU-8153,REF-7444,SKU-5215,,,,,,taylor.haddad@sampleco.test,,,,,SKU-2853,,,SKU-1466,,,Active Customer,Resolved the outstanding question about scope.,Cardinal Industries Ltd,Atlas Media LLP,Active,Delta,United States,,,,Reviewed performance and gathered feedback.,Enterprise,,,,Y,Education,,,,,,,,,,,LinkedIn,LOT-2550,,Riley Larsson,SKU-1233,REF-4339,,,,,Beta,,REF-3315,TAG-1635,,Delta,,,,,Jordan Dorsey,,New York,N,,LOT-4782,,,,,,,6288,100001,Company,100475,diego.vance@sampleco.test,Emerson Ashby,2024-06-08 19:11:00,skyler.mercer@examplecorp.test,Jamie Sato,2023-05-21 00:24:00,omar.kim@sampleco.test,Liam Reyes,2023-10-15 01:44:00,alex.sloan@examplecorp.test,,2023-02-03 18:19:00,Y,,100001,100001,100001,100001,,100001,100001,,100001,100001,100001,,100001,100001,100001,100001,2026-04-16 12:39:00,8245,2015,Beta,Delta,Delta,LOT-3086,1434,3297,2571,9860,8209,Other,2025-07-31 03:50:00,6684,7756,Delta,Other,Standard,Delta,7558,210,9762,1424,9604,Alpha,2024-12-15 19:03:00,,,Gamma,,,,,7780,,,,,2023-02-23,,,Other,REF-5763,,,1568,,,6270,7320,,2026-03-11,,,,TAG-5095,,,,2767,,,,,2023-11-29,8698,,,,,,,,9222,,,,2025-01-30,,,,,,,,,,,,,2024-02-19,,,,LOT-5978,LOT-4928,,,,,871,1165,,Resolved the outstanding question about scope.
,,Yara Brooks,Morgan Sato,,,LOT-2666,REF-6351,TAG-4102,,REF-4846,,,,,omar.blake@examplecorp.test,,,,REF-1468,,Rowan Kim,,TAG-9296,,,Past Customer,Noted a concern to revisit at the next sync.,Keystone Financial,Blue Ridge Holdings Group,Active,Other,India,,SKU-2760,,Noted a concern to revisit at the next sync.,SMB,,LOT-8943,,Y,Media,,,,,,,,,,,Partner,SKU-5988,,Priya Silva,,LOT-5392,,,,,Standard,,REF-8052,SKU-9324,,Gamma,,,Beta,,Arjun Whitfield,,Florida,Y,,LOT-6304,,,,,,LOT-7666,,100001,Company,100477,marco.okafor@examplecorp.test,Marco Nguyen,2025-09-21 08:03:00,priya.ford@examplecorp.test,Drew Garcia,2024-05-02 06:10:00,jamie.kim@demomail.test,Morgan Larsson,2026-01-28 02:53:00,morgan.sato@examplecorp.test,,2025-08-02 00:43:00,N,100001,100001,,100001,100001,100001,100001,100001,100001,100001,100001,100001,,100001,100001,100001,100001,2024-04-17 14:08:00,2917,1720,Alpha,Beta,Alpha,REF-2234,1096,2363,8412,4107,3188,Gamma,2024-07-19 08:55:00,70,6147,Standard,Gamma,Other,Gamma,812,3521,3808,373,4496,Delta,2024-12-08 17:08:00,,1351,,,,,,3325,1728,,4097,Beta,2024-10-05,,7490,,,,,,4501,,,,Standard,2023-03-01,,,,,,,,,,,,,2023-07-14,,,,LOT-3565,,LOT-2128,,8834,,,,,2025-08-18,,,,,Other,,,,,,5799,,2024-12-21,1583,4671,,,,,,,,,,Alpha,Scheduled a check-in for the coming month.
,,Emerson Sato,Jordan Mercer,,,,,SKU-2101,,TAG-7701,,,,,drew.sloan@demomail.test,Rowan Whitfield,,,,LOT-1185,,,LOT-5384,,,Prospect,Discussed timeline and next steps with the account.,Brightpath Robotics Group,Everest Systems Co,Active,Alpha,Mexico,,,TAG-2961,Followed up on the open items from last week.,SMB,,,,N,Manufacturing,,,,,,,N,,,,Inbound Call,LOT-2847,,Liam Blake,REF-6595,REF-4371,LOT-6780,,,,Delta,,SKU-2535,SKU-1412,,,,,,,Taylor Dorsey,,Washington,Y,,,,,,,,SKU-1492,,100001,Company,100479,chen.cohen@examplecorp.test,Aisha Mercer,2024-02-27 23:08:00,aisha.patel@demomail.test,Fatima Mercer,2025-05-09 22:36:00,emerson.dorsey@examplecorp.test,Omar Ashby,2024-01-14 00:48:00,jordan.blake@acme-fake.test,Casey Whitfield,2025-11-28 15:05:00,N,100001,100001,100001,100001,100001,,100001,100001,,100001,,,100001,100001,100001,100001,100001,2023-10-08 18:36:00,3411,3852,Other,Alpha,Beta,LOT-6729,1543,1424,1815,4084,7398,Standard,2026-01-27 13:35:00,6437,854,Delta,Gamma,Gamma,Beta,8241,7517,1503,6653,177,Alpha,2025-03-05 18:51:00,7992,,,LOT-4893,,,,,,,,,2024-08-05,2528,,Delta,,Delta,,,,,2213,,,2023-02-07,,,,,,,,9518,,,,,2025-07-18,,,,,,,,,,,6570,,2025-10-26,,,,,,,,,,,,,2025-05-28,,,,,,,,,9085,,,,Scheduled a check-in for the coming month.
LOT-7129,,Morgan Nguyen,Skyler Garcia,,,REF-7011,,TAG-3832,REF-3762,,,,REF-6879,,casey.blake@demomail.test,,,,,,,,LOT-4724,,,Prospect,Discussed timeline and next steps with the account.,Silverline Foods LLC,Ironwood Logistics Group,Inactive,Delta,Australia,,,,Discussed timeline and next steps with the account.,Enterprise,,,,N,Construction,,,,,,,,,,,Partner,LOT-7713,REF-2310,Avery Mercer,,TAG-7433,,9992,,,Delta,,SKU-6036,SKU-6602,,Delta,,,,,Nina Larsson,,Florida,N,,SKU-7655,,,,,,LOT-9045,3036,100001,Company,100481,aisha.calder@sampleco.test,Fatima Haddad,2023-06-07 19:22:00,omar.cohen@demomail.test,Nina Mensah,2023-11-09 06:31:00,riley.haddad@examplecorp.test,Emerson Silva,2025-06-11 00:05:00,sofia.mensah@sampleco.test,,2026-01-07 23:28:00,Y,,100001,100001,100001,,100001,100001,100001,,100001,,100001,,100001,100001,,100001,2025-05-07 22:32:00,5283,8421,Other,Delta,Delta,SKU-1751,3830,1555,7183,4234,9483,Other,2023-12-24 22:03:00,373,2605,Beta,Delta,Delta,Gamma,1292,6648,5616,3842,3016,Alpha,2024-10-29 18:57:00,,,,,,,,,,,,,2023-11-19,,,,,,,,,,5141,,Delta,2025-08-29,,,Delta,REF-4976,,,,,,,,,2025-01-31,,,Standard,,,,,8729,,,,,2025-10-07,,,,,Other,,,,722,,,,2025-11-30,,,,TAG-5872,REF-7717,,6452,,9646,,,,Aligned on billing and renewal terms.
,,Reese Haddad,Diego Mercer,,,LOT-5941,SKU-6915,REF-2223,LOT-8296,,SKU-5478,,TAG-5756,,diego.reyes@examplecorp.test,,,,,,,"134,990",LOT-1388,,,Referral Partner,Reviewed performance and gathered feedback.,Silverline Analytics LLP,Silverline Networks Co,Active,Delta,United Kingdom,,,REF-5232,,Standard,,,,N,Telecommunications,SKU-4748,,,,,,,,,,Inbound Call,REF-7283,REF-5157,Liam Ivanov,REF-5773,,LOT-1617,682,,,Gamma,,SKU-7518,LOT-2041,,Other,,,,,Alex Rossi,,Texas,N,,SKU-1669,,,,,,REF-7521,8896,100001,Company,100482,drew.kim@demomail.test,Emerson Blake,2024-12-13 11:58:00,fatima.reyes@demomail.test,Jordan Calder,2022-12-31 16:00:00,avery.cohen@examplecorp.test,Yara Haddad,2024-02-05 13:35:00,yara.mensah@sampleco.test,,2026-07-22 15:22:00,N,100001,100001,,100001,100001,100001,100001,100001,100001,,100001,100001,100001,100001,100001,,100001,2024-03-21 17:39:00,7798,6249,Beta,Beta,Standard,REF-6898,5277,884,4193,3638,2795,Beta,2025-02-24 02:23:00,2512,5100,Delta,Alpha,Beta,Delta,6573,1767,669,4798,8284,Delta,2025-10-25 06:41:00,,,,,,,,,,,,,2023-01-19,,,,,,REF-5446,,,,,,,2026-07-30,7859,,,,,,,,6716,,,Beta,2024-06-05,,,,,,,,,,,,,2025-04-04,,,,LOT-7042,Alpha,,,,,,,Beta,2023-01-11,,,,LOT-3612,,,,,,,,,Noted a concern to revisit at the next sync.
,,Reese Calder,Taylor Haddad,,,SKU-7668,LOT-7972,,SKU-9885,REF-1517,,REF-6168,,,omar.mercer@demomail.test,,,,,,,"135,632",,,,Past Customer,Discussed timeline and next steps with the account.,Cardinal Systems Group,Brightpath Textiles Group,Active,Alpha,United States,,,,Shared the updated proposal for review.,Enterprise,,,,Y,Hospitality,,,,"5,260",,,,,,,Referral,REF-8357,,Noah Mercer,REF-8568,LOT-3654,,1443,,,Gamma,,SKU-8248,SKU-6386,,Gamma,,,,,Diego Costa,,Georgia,N,,SKU-1757,,,,,,TAG-4722,,100001,Company,100484,nina.okafor@examplecorp.test,Nina Calder,2024-01-04 07:11:00,marco.ford@demomail.test,Avery Silva,2025-12-19 13:43:00,aisha.kim@demomail.test,Sofia Haddad,2024-05-13 17:49:00,avery.costa@sampleco.test,,2024-06-02 03:48:00,Y,,100001,,100001,100001,100001,100001,100001,,100001,100001,100001,100001,100001,100001,,100001,2025-06-24 10:48:00,4291,2516,Delta,Alpha,Alpha,LOT-7193,2365,5274,4549,6453,3403,Gamma,2024-09-09 20:07:00,9072,9547,Other,Standard,Gamma,Other,7083,4200,560,4701,8275,Standard,2023-09-30 18:40:00,,3993,,,Standard,,,,,,1818,,2024-03-03,,990,Standard,,,,,,,,980,,2022-11-19,,,,,,,,4729,1048,,,,2024-06-21,,,,,,,,,,,2585,,2025-08-26,,,,,,,,,,,6098,,2025-12-26,7277,,,,SKU-9840,,,,,,,,Shared the updated proposal for review.
,SKU-8916,Rowan Brooks,Priya Sloan,,,SKU-6890,REF-2014,TAG-3087,,,,,,Standard,emerson.ford@sampleco.test,,,,,,Skyler Larsson,"161,467",,,,Active Customer,Scheduled a check-in for the coming month.,Brightpath Robotics Inc,Vertex Partners LLP,Active,Delta,United Kingdom,,,,Noted a concern to revisit at the next sync.,New Logo,,,,N,Logistics,,,,,,,,,,,Website,TAG-5611,TAG-2491,Avery Silva,LOT-3711,SKU-4852,SKU-5804,,,,Gamma,,LOT-4847,REF-9587,,Alpha,Delta,,,,Diego Costa,,Texas,N,,TAG-9838,,,,,,REF-5112,7840,100001,Company,100485,fatima.blake@sampleco.test,Noah Silva,2023-07-11 08:51:00,liam.okafor@examplecorp.test,Rowan Larsson,2025-03-31 15:00:00,rahul.garcia@acme-fake.test,Jamie Calder,2024-05-20 19:19:00,noah.larsson@acme-fake.test,Rahul Kim,2023-10-16 06:59:00,N,100001,100001,100001,100001,100001,,100001,100001,100001,100001,100001,100001,100001,100001,100001,100001,100001,2022-10-25 16:48:00,7834,5329,Gamma,Delta,Gamma,REF-9296,4698,4302,4602,3963,1273,Standard,2023-02-07 06:43:00,5636,4631,Other,Beta,Standard,Other,7440,1122,8079,147,4975,Alpha,2023-04-22 20:05:00,2825,,,,,LOT-5386,,3,9134,,,,2024-01-14,,6170,,,,LOT-2708,875,,,,,,2025-12-31,9269,,,,,,,,,,,,2024-09-15,,,,,,,,,,,,,2026-06-10,,,,,,,,,,,,Delta,2023-09-09,,,,,LOT-6743,,,,4098,,,,Aligned on billing and renewal terms.
,,Avery Calder,Morgan Dorsey,,,,TAG-7835,REF-9508,,,,,,,alex.mercer@demomail.test,,,,,,Marco Whitfield,,TAG-2526,,,Past Customer,Shared the updated proposal for review.,Meridian Capital LLC,,Active,Gamma,Canada,,,,Shared the updated proposal for review.,Renewal,,,,Y,Manufacturing,,,,"128,253",,,,,,,Webinar,,,Emerson Calder,TAG-7257,TAG-1573,,9165,,,Beta,,SKU-4404,TAG-6995,,Delta,,,,,Jordan Whitfield,,Washington,N,,,,,,,,,,100001,Company,100486,arjun.cohen@sampleco.test,Mei Okafor,2024-03-20 00:19:00,yara.sato@sampleco.test,Sofia Ford,2025-07-28 10:45:00,sofia.kim@examplecorp.test,Arjun Whitfield,2024-10-03 20:35:00,omar.reyes@sampleco.test,,2023-07-04 05:50:00,Y,100001,100001,100001,100001,100001,100001,100001,100001,100001,,100001,100001,100001,100001,100001,100001,100001,2026-06-18 14:51:00,4336,1301,Beta,Delta,Alpha,REF-6445,5527,707,9315,1029,2035,Other,2024-01-27 16:41:00,5388,2879,Standard,Standard,Other,Beta,68,6807,220,1846,9412,Other,2025-09-30 00:28:00,,,,TAG-9399,,TAG-4339,,,87,,9462,,2023-09-15,6102,,Gamma,,,REF-3508,2642,,5791,814,,,2024-08-11,,,,,,,,,,,,,2026-04-11,3865,6041,,TAG-8190,,,,8465,,,,,2023-03-22,,,,,,,,,,,,Alpha,2024-07-07,,,Gamma,,,REF-9624,,,,,,,Followed up on the open items from last week.
,,Alex Dorsey,Omar Costa,,,,REF-3921,,SKU-8575,,,SKU-1184,,Beta,nina.nguyen@examplecorp.test,,,,,LOT-9804,,,LOT-1314,,,Past Customer,Noted a concern to revisit at the next sync.,Northwind Logistics Group,Atlas Group Co,Active,Other,Mexico,,,,Shared the updated proposal for review.,Renewal,,,,N,Media,,,,"176,287",,,,,,,Website,LOT-7926,REF-8203,Rahul Nguyen,,SKU-4492,TAG-4359,9653,,,,,SKU-9330,LOT-8414,,,,,,,Liam Whitfield,,Washington,N,,SKU-4246,,,,,,,6985,100001,Company,100487,morgan.ivanov@acme-fake.test,Mei Whitfield,2023-05-12 22:13:00,liam.calder@sampleco.test,Casey Whitfield,2024-04-12 07:32:00,yara.brooks@demomail.test,Alex Brooks,2024-01-13 01:45:00,emerson.rossi@sampleco.test,,2024-08-10 22:30:00,Y,100001,100001,100001,100001,100001,100001,100001,100001,,,100001,100001,,100001,100001,100001,100001,2025-11-12 00:32:00,2465,7661,Beta,Delta,Other,TAG-8645,1431,8266,1257,5617,3120,Alpha,2025-07-22 16:16:00,1659,6551,Delta,Alpha,Delta,Beta,8173,2201,8698,8952,8888,Alpha,2023-03-03 15:18:00,9567,,,SKU-3995,,SKU-8366,,,6878,7640,,,2025-06-14,,,,,,SKU-4531,,,,,6499,,2025-12-22,,,,,,,,7296,,,,Beta,2025-01-30,,,,,,,,,2990,,,,2025-03-06,,,,,,,8307,,,,7328,,2025-12-09,,,,,,REF-8046,,,8334,,,,Discussed timeline and next steps with the account.
,,Rahul Brooks,Diego Cohen,,,,TAG-9865,SKU-8610,,,,,,,jamie.kim@sampleco.test,,,,,,,,TAG-5857,,,Active Customer,Noted a concern to revisit at the next sync.,Copper Systems Co,Atlas Partners LLC,Active,Alpha,United Kingdom,,,,Noted a concern to revisit at the next sync.,New Logo,,,,Y,Manufacturing,,,,,,,,,,,Referral,LOT-6832,,Morgan Silva,TAG-6005,REF-4076,TAG-6852,9078,,,Alpha,,SKU-5421,,,Gamma,,,,,Emerson Okafor,,Florida,Y,,LOT-7368,,,,,,REF-4715,2934,100001,Company,100490,elena.reyes@acme-fake.test,Riley Garcia,2024-12-13 19:32:00,morgan.reyes@sampleco.test,Drew Sato,2023-05-02 11:14:00,jamie.ashby@demomail.test,Sofia Brooks,2022-12-09 04:03:00,rowan.vance@sampleco.test,,2025-08-12 04:49:00,N,100001,100001,100001,,100001,100001,100001,100001,,100001,,100001,100001,100001,100001,100001,100001,2025-01-08 23:57:00,331,8737,Gamma,Alpha,Delta,REF-3708,8501,6254,9067,4217,9483,Delta,2023-04-17 00:09:00,3788,2301,Beta,Gamma,Standard,Delta,398,5260,5139,7544,3735,Standard,2023-02-22 06:49:00,,,,TAG-9212,Beta,,,,,,285,,2023-05-08,,,,,Alpha,,4816,,,9991,,,2026-01-12,,,,,REF-5686,SKU-3675,,,,,,,2023-06-14,8085,,,SKU-9217,,,,,,,,,2025-05-02,,7020,,,,,,,,,3652,,2023-05-10,,,,,TAG-6697,,,,,,,,Aligned on billing and renewal terms.
,,Jordan Cohen,Arjun Brooks,,,TAG-6440,TAG-2481,,LOT-4187,,SKU-6942,,,,rowan.garcia@sampleco.test,,,,,,Jamie Ivanov,,,,,Active Customer,Resolved the outstanding question about scope.,Delta Group LLP,,Active,Beta,Canada,,,,Shared the updated proposal for review.,Standard,,,REF-8745,,Logistics,TAG-5213,,,"38,707",,,,,,,Inbound Call,,,Noah Garcia,REF-8121,TAG-7701,LOT-9714,5238,,,Gamma,,SKU-7265,TAG-2338,,,,,,,Rowan Sato,Discussed timeline and next steps with the account.,Colorado,Y,,REF-1915,,,,,,REF-7469,5614,100001,Company,100492,sofia.whitfield@sampleco.test,Emerson Okafor,2024-08-26 16:30:00,alex.calder@demomail.test,Noah Okafor,2026-02-20 06:13:00,avery.costa@sampleco.test,Aisha Brooks,2026-05-12 07:11:00,taylor.rossi@acme-fake.test,,2026-07-18 17:10:00,N,100001,100001,100001,100001,100001,,100001,100001,100001,100001,100001,100001,100001,100001,100001,100001,100001,2023-12-19 02:32:00,672,9696,Alpha,Beta,Other,LOT-4840,9944,2992,1715,4935,7711,Delta,2023-01-11 20:14:00,6812,4629,Other,Delta,Standard,Alpha,142,8114,880,1318,663,Beta,2024-07-19 19:23:00,,1834,,,,,,,2541,,,,2025-09-30,,,,,,,,,,,6618,,2023-12-09,,,,,,SKU-3115,,,,6458,,,2025-04-21,,,,,,,,,,,,,2023-09-27,,,Other,,Beta,REF-8315,,,,7602,,,2023-04-13,,7042,,,,,,,,,,,Noted a concern to revisit at the next sync.
,,Fatima Ford,Liam Nguyen,,,TAG-2819,LOT-3380,LOT-4445,,,,,,,riley.patel@acme-fake.test,,,,,,Alex Dorsey,,REF-7449,,,Active Customer,Reviewed performance and gathered feedback.,Copper Networks Group,Summit Systems Corp,Active,Standard,United States,,,,Aligned on billing and renewal terms.,SMB,,,,N,Telecommunications,,,,,,,,,,,Partner,REF-4511,,Elena Mercer,LOT-4230,SKU-4567,,,,,Gamma,,,SKU-5547,,Alpha,,,,,Diego Rossi,,Washington,Y,,SKU-2591,,,,LOT-7431,,LOT-2491,518,100001,Company,100494,sofia.larsson@acme-fake.test,Casey Garcia,2026-01-06 19:09:00,drew.kim@sampleco.test,Skyler Ivanov,2023-04-26 11:10:00,priya.mensah@sampleco.test,Jordan Nguyen,2025-03-21 11:02:00,morgan.costa@sampleco.test,,2026-01-30 07:32:00,N,100001,100001,100001,100001,,,100001,100001,100001,100001,100001,100001,,100001,100001,100001,100001,2024-09-17 00:41:00,5740,3992,Other,Alpha,Delta,SKU-2316,4895,9478,3465,88,3547,Beta,2026-03-14 13:36:00,4996,5352,Gamma,Beta,Beta,Standard,7470,5675,5461,2382,2694,Beta,2022-12-16 17:21:00,,6951,,,,LOT-7181,,9281,,4428,,,2025-07-19,,5085,Alpha,,,,,,,,,Beta,2023-09-13,,,,,,,,,7976,,,,2023-12-12,,,,,,,,,65,,,,2024-07-23,,,,,,,184,,984,7000,,,2024-11-29,198,9758,,,LOT-4527,,,,,,,,Discussed timeline and next steps with the account.
SKU-4986,,Liam Mensah,Morgan Blake,,,REF-6837,TAG-2569,SKU-1345,,,,REF-4249,,,taylor.okafor@demomail.test,,Rahul Nguyen,,,,,,TAG-1274,,,Active Customer,Reviewed performance and gathered feedback.,Pioneer Group Ltd,Northwind Health Corp,Active,Beta,Australia,,,,Reviewed performance and gathered feedback.,Standard,,,,Y,Logistics,,,,,,,,,,,Referral,TAG-3222,,Aisha Nguyen,LOT-1639,LOT-9636,TAG-8104,,,,,,TAG-7037,LOT-2104,,Beta,,,,,Alex Okafor,,Ohio,Y,SKU-1444,,,,,,TAG-2036,TAG-8747,2996,100001,Company,100496,diego.ivanov@sampleco.test,Taylor Sloan,2025-07-09 14:28:00,noah.ivanov@acme-fake.test,Taylor Vance,2024-08-26 22:24:00,emerson.dorsey@sampleco.test,Jamie Mercer,2022-10-11 21:05:00,jamie.larsson@sampleco.test,,2024-12-23 11:02:00,N,100001,100001,,100001,100001,100001,100001,100001,100001,100001,,100001,,,100001,100001,100001,2025-02-19 09:21:00,4843,2442,Standard,Standard,Alpha,SKU-7814,10,3341,3740,5794,4961,Other,2025-11-19 10:20:00,7462,2953,Alpha,Standard,Standard,Beta,7518,2251,9527,1488,8366,Beta,2023-04-23 08:22:00,,,,,,,,,,,,,2026-07-05,,4694,,,Standard,,2480,4171,,4490,6074,,2025-07-05,,,,,,,,,,9382,,,2024-05-27,,,,,,,,,,,5948,Delta,2025-12-21,,,,,,,4574,,,,,,2026-07-17,,,,,,TAG-7841,,,,,,,Shared the updated proposal for review.
TAG-2819,REF-8163,Riley Whitfield,Drew Vance,,,,REF-4073,LOT-1999,LOT-8191,,,,SKU-3347,,elena.vance@acme-fake.test,,,,SKU-1481,,,"92,510",SKU-8213,,,Active Customer,Aligned on billing and renewal terms.,Harbor Dynamics Ltd,Beacon Foods Corp,Active,Beta,Mexico,,,,Scheduled a check-in for the coming month.,SMB,,TAG-4350,,N,Manufacturing,,,,,,,,,,,Referral,TAG-3084,TAG-1113,Rowan Dorsey,REF-3488,,,7797,,,Other,,SKU-9289,TAG-5925,,Delta,,,,,Riley Costa,,Illinois,N,,LOT-5809,,,,,TAG-9989,REF-7447,3947,100001,Company,100497,rahul.ashby@sampleco.test,Omar Brooks,2022-10-03 16:55:00,jamie.sato@sampleco.test,Nina Sloan,2025-04-15 22:17:00,emerson.haddad@demomail.test,Avery Costa,2026-05-21 07:55:00,yara.blake@examplecorp.test,,2024-03-27 16:48:00,N,100001,100001,,100001,100001,100001,100001,100001,100001,,100001,100001,100001,100001,100001,100001,100001,2024-03-11 12:08:00,299,7108,Other,Alpha,Beta,TAG-9597,1258,10,5276,4066,8149,Standard,2022-11-12 01:23:00,3304,8379,Gamma,Delta,Gamma,Beta,4661,3010,465,3522,8271,Alpha,2025-01-22 15:46:00,5816,,,,,REF-9015,,6524,,,,,2024-02-21,,,,LOT-2016,,,,,,,,,2024-03-22,,,,,,,,,,,,,2026-06-15,128,,Other,,Other,,,,,,,,2023-03-06,,3541,Other,,,,,,,,,,2025-05-17,,,,,TAG-5553,,,,,,,,Reviewed performance and gathered feedback.
,,Rahul Whitfield,Rahul Nguyen,,,REF-5026,LOT-3510,,,,,,,,yara.garcia@examplecorp.test,,,,,,,,TAG-1540,,,Past Customer,Noted a concern to revisit at the next sync.,Everest Solutions LLC,Redwood Energy Inc,Active,Beta,United Kingdom,Alpha,,,Shared the updated proposal for review.,New Logo,,,,N,Healthcare,,,,"161,844",,,,,,,Partner,REF-7008,TAG-3664,Drew Dorsey,REF-3692,SKU-9441,SKU-9948,7504,,,Gamma,,REF-2995,,,Other,,,,,Sofia Nguyen,,Georgia,Y,,LOT-5644,,,,,LOT-4991,SKU-8881,,100001,Company,100498,elena.brooks@acme-fake.test,Yara Mercer,2024-05-12 11:44:00,jordan.mensah@demomail.test,Aisha Larsson,2023-01-07 21:40:00,rowan.ashby@demomail.test,Priya Larsson,2024-08-31 14:34:00,sofia.haddad@acme-fake.test,,2023-01-08 09:59:00,N,100001,100001,,100001,100001,100001,100001,100001,,100001,100001,100001,,100001,100001,100001,100001,2024-11-12 19:06:00,7606,7171,Alpha,Standard,Other,SKU-3381,3583,2595,6828,5418,8210,Beta,2022-12-05 18:14:00,468,3231,Beta,Standard,Beta,Beta,5753,1694,8448,6814,497,Other,2023-02-19 06:52:00,2330,,,,Other,,,,,,,,2026-01-07,,,,,,TAG-1031,8561,,,4054,,,2026-03-22,7275,1016,,,,,,,,,,,2025-12-21,,,,,,,,3445,,,,Standard,2024-05-29,,,,,Gamma,,,,,,,Delta,2023-02-23,2084,,,REF-7723,,,,,,,5125,,Discussed timeline and next steps with the account.
,,Rowan Kim,Morgan Patel,,,TAG-5818,REF-1933,SKU-4261,TAG-4973,LOT-5865,,,,,noah.whitfield@demomail.test,,Sofia Sloan,,,,Skyler Garcia,,LOT-9680,,,Past Customer,Shared the updated proposal for review.,Blue Ridge Holdings,Meridian Ventures Co,Active,Beta,Mexico,,,,,Enterprise,,,TAG-9252,N,Media,,,,,,,,,,,Website,TAG-3628,REF-6711,Skyler Sato,TAG-4513,,LOT-2345,,,Y,Other,,REF-7171,SKU-3319,,Other,,,,,Mei Calder,,Washington,N,,SKU-8900,,,,,,,4883,100001,Company,100500,yara.sloan@acme-fake.test,Alex Vance,2023-12-06 01:38:00,noah.brooks@sampleco.test,Taylor Okafor,2022-10-13 09:31:00,quinn.rossi@demomail.test,Sofia Brooks,2026-02-11 20:29:00,arjun.ashby@sampleco.test,Reese Ashby,2025-10-21 06:00:00,Y,,100001,100001,100001,100001,100001,100001,100001,100001,,100001,100001,100001,100001,100001,100001,100001,2023-03-24 20:07:00,4843,4351,Other,Beta,Standard,LOT-7537,4047,5071,1796,1698,5512,Gamma,2023-11-20 03:50:00,1441,7910,Other,Delta,Gamma,Alpha,5828,6746,2949,4702,1014,Alpha,2025-05-06 22:54:00,,4732,,,,,,,,,9173,,2025-12-14,,,Standard,SKU-8976,,,,,,,,Alpha,2025-03-08,,,,,,,,,,,,,2022-10-16,,,Alpha,,Other,,,,,7595,6508,,2024-06-19,,9192,,,,,,,,,,Delta,2024-09-18,,,,,,,,,,,,,Resolved the outstanding question about scope.
,,Riley Garcia,Diego Reyes,,,TAG-3255,TAG-8497,,,,,,,,reese.brooks@examplecorp.test,,,,,TAG-8346,,,REF-6501,,,Prospect,Discussed timeline and next steps with the account.,Horizon Foods LLC,Lakeside Textiles LLP,Active,Beta,United Kingdom,,,,Aligned on billing and renewal terms.,New Logo,,,,Y,Financial Services,,,,,,,,Other,,,Partner,SKU-5751,,Drew Larsson,TAG-1369,,,903,,,Delta,,REF-4367,SKU-8472,,Gamma,,,,,Rahul Calder,,Florida,Y,,LOT-4061,,,,REF-2802,,TAG-5216,,100001,Company,100503,marco.mercer@sampleco.test,Noah Whitfield,2024-12-13 10:01:00,quinn.rossi@examplecorp.test,Reese Haddad,2022-10-11 20:45:00,nina.ashby@examplecorp.test,Riley Kim,2024-08-17 18:42:00,quinn.garcia@examplecorp.test,,2025-06-11 22:34:00,Y,100001,100001,100001,100001,100001,,100001,100001,100001,,100001,100001,,100001,100001,100001,100001,2024-06-06 10:56:00,8906,288,Alpha,Gamma,Standard,TAG-3384,8878,8021,365,911,9500,Delta,2023-01-21 02:10:00,256,5711,Other,Alpha,Gamma,Beta,2312,1524,8584,5889,400,Other,2024-12-15 14:52:00,,5244,Standard,,,,3588,,,,,,2023-02-06,,,,LOT-1940,,,,,3846,,3392,,2025-03-20,,,,SKU-8221,,,5378,,,,,,2026-04-28,,,,,,,,,,,,,2026-06-29,,,,,,,,,,,,,2025-03-31,,,,TAG-7469,,,,,,,,,Shared the updated proposal for review.
,,Sofia Okafor,Quinn Whitfield,,,LOT-5617,LOT-9191,,LOT-6439,,REF-1143,,TAG-3861,,drew.sloan@demomail.test,Morgan Calder,,,,,,,REF-2094,,,Active Customer,Resolved the outstanding question about scope.,Horizon Media,Meridian Solutions Ltd,Active,Beta,Canada,,,,Followed up on the open items from last week.,Renewal,,,,N,Real Estate,TAG-1870,,,,,,,,,,Event,SKU-5311,,Nina Mercer,SKU-7322,,,7254,,Y,Alpha,,LOT-2649,SKU-2535,,Alpha,,,,,Liam Blake,,Washington,Y,,LOT-5692,,,,,,SKU-2863,810,100001,Company,100506,jamie.rossi@demomail.test,Morgan Rossi,2024-09-20 12:37:00,skyler.haddad@examplecorp.test,Arjun Mensah,2025-02-17 16:18:00,alex.brooks@examplecorp.test,Noah Ivanov,2023-07-29 04:24:00,jordan.garcia@acme-fake.test,,2024-01-30 11:43:00,N,100001,100001,,100001,100001,,100001,100001,100001,100001,100001,100001,,100001,,,100001,2023-01-18 09:27:00,1688,3908,Beta,Standard,Beta,REF-9351,7104,5344,2605,5244,7948,Other,2024-07-12 22:38:00,3688,5296,Alpha,Gamma,Standard,Beta,1596,4557,5412,2100,8211,Standard,2023-02-24 00:42:00,5188,2129,,REF-1142,Gamma,,,,1550,,1802,Delta,2022-10-24,,4117,,,,LOT-6688,,,8190,6475,,Standard,2025-07-17,,,Standard,,,,,,,,,Standard,2026-03-03,,,,TAG-6129,,,,4707,,,,,2024-12-12,,,,,,,,,,,,,2026-03-23,,,,,,,,,,,9296,Other,Reviewed performance and gathered feedback.
,,Yara Larsson,Aisha Reyes,,,TAG-6364,REF-5277,,REF-3941,,,TAG-8918,,,casey.mensah@demomail.test,,Marco Whitfield,,,,,,REF-5700,"219,831",,Active Customer,Followed up on the open items from last week.,Evergreen Networks Corp,Summit Systems Group,Active,Standard,India,,,,Scheduled a check-in for the coming month.,Standard,,,TAG-9137,N,Hospitality,,,,,,,,,,"165,229",Website,SKU-6407,,Jordan Haddad,LOT-4215,REF-1988,LOT-3955,1184,,Y,Delta,,TAG-5088,LOT-8158,,Standard,,,Beta,,Arjun Blake,,New York,N,,SKU-5597,,,,,,REF-6425,,100001,Company,100509,yara.okafor@examplecorp.test,Reese Calder,2023-07-20 14:46:00,aisha.mercer@examplecorp.test,Noah Brooks,2024-09-23 13:05:00,noah.patel@demomail.test,Morgan Nguyen,2024-11-12 21:14:00,liam.calder@examplecorp.test,,2024-03-09 20:52:00,N,100001,100001,100001,100001,100001,,100001,100001,100001,100001,100001,100001,,100001,100001,,100001,2023-09-01 20:02:00,1008,4645,Alpha,Delta,Gamma,REF-5727,7109,3061,163,3573,8201,Standard,2022-11-05 05:35:00,4270,559,Delta,Gamma,Alpha,Delta,5036,9330,873,5131,7817,Other,2025-02-26 19:51:00,5368,,Gamma,,,,,,,,,,2025-02-20,,8055,,,,,5288,,,,,,2026-03-20,,,,,,,,6630,,6078,4000,,2024-03-31,8162,,,TAG-9557,,,,,,,,,2026-06-09,,,,SKU-1930,,SKU-1746,,4951,,,,,2023-09-20,,,,TAG-1334,,,,,,,,,Shared the updated proposal for review.
,,Casey Costa,Reese Ashby,,,LOT-7756,SKU-4351,,,,,,,,casey.okafor@demomail.test,,Marco Kim,,,,,,TAG-3536,,,Referral Partner,Shared the updated proposal for review.,Evergreen Partners Co,Beacon Ventures Inc,Active,Beta,United States,,TAG-8941,,Resolved the outstanding question about scope.,Enterprise,,,,Y,Real Estate,,,,,,,,,,,Event,LOT-3918,TAG-4931,Casey Ivanov,REF-6755,REF-5079,,8615,,,Standard,,SKU-8768,,,,,,,,Rahul Silva,,Illinois,N,,TAG-3413,,,,,,SKU-6219,1653,100001,Company,100511,sofia.nguyen@demomail.test,Jordan Haddad,2025-02-19 14:38:00,nina.sloan@demomail.test,Aisha Ashby,2026-05-22 11:09:00,chen.cohen@sampleco.test,Aisha Whitfield,2023-06-14 05:18:00,reese.calder@acme-fake.test,,2023-01-07 07:23:00,Y,100001,100001,100001,100001,100001,,100001,100001,100001,,,100001,,100001,100001,100001,100001,2024-07-25 01:18:00,8701,7839,Other,Gamma,Gamma,TAG-2186,8529,1035,6961,9064,9932,Standard,2025-08-07 14:40:00,8305,7957,Alpha,Delta,Delta,Beta,2299,9087,9249,1656,9262,Gamma,2026-04-01 00:58:00,,,,,,,,,,,,Beta,2022-11-23,,,,,,,,,,,,Alpha,2024-06-25,,5032,,,TAG-5960,,192,,,,,,2026-04-23,,3629,,,,,4688,,,,,,2024-08-15,,,,,Other,,,,,,,,2025-12-16,,,Beta,,,,,,,,,,Reviewed performance and gathered feedback.
,,Jordan Calder,Sofia Dorsey,,,TAG-1717,LOT-4376,,,,,,,,rahul.nguyen@sampleco.test,Casey Okafor,,,,,Emerson Nguyen,,LOT-3398,,,Referral Partner,Scheduled a check-in for the coming month.,Redwood Analytics Group,,Active,Alpha,United States,,,,Scheduled a check-in for the coming month.,Standard,,TAG-9646,,Y,Retail,,,,,,,,,,,Webinar,SKU-2438,REF-9560,Yara Silva,SKU-9212,TAG-3743,SKU-5749,,,,Other,,SKU-8040,SKU-7151,,,,,,,Morgan Vance,,New York,Y,TAG-6519,LOT-8768,,,,,TAG-1097,SKU-4709,5207,100001,Company,100513,reese.ashby@sampleco.test,Alex Brooks,2023-09-14 11:04:00,alex.calder@acme-fake.test,Noah Okafor,2025-03-24 18:46:00,rahul.cohen@sampleco.test,Riley Dorsey,2026-01-25 07:52:00,rowan.cohen@sampleco.test,Chen Mensah,2025-05-21 07:20:00,Y,,100001,100001,100001,100001,,100001,100001,100001,100001,,100001,100001,100001,,,100001,2025-11-22 05:09:00,6773,969,Alpha,Standard,Beta,SKU-8143,6304,8817,6727,2551,5545,Alpha,2023-06-15 23:01:00,8907,4573,Beta,Alpha,Alpha,Gamma,9767,3485,1829,9123,2212,Gamma,2024-01-05 00:24:00,,,,SKU-3012,,,,,,,,,2026-02-08,,6954,Gamma,,Beta,LOT-7710,,,,3186,,,2025-01-20,,,,,,,,,,,,,2025-08-08,850,,,SKU-3447,,,,,,,,Other,2026-06-10,,930,,,Alpha,,,,,,,,2025-07-20,,,,,,LOT-1193,,,3496,,,,Reviewed performance and gathered feedback.
,LOT-5929,Arjun Vance,Liam Sato,,,LOT-1544,REF-6599,,,,,,SKU-2213,,sofia.blake@sampleco.test,,,,,,Diego Reyes,,SKU-9138,,,Active Customer,Noted a concern to revisit at the next sync.,Summit Energy,Atlas Foods Co,Active,Other,United States,,,,Scheduled a check-in for the coming month.,SMB,,,,N,Real Estate,,,,,,,,,,,LinkedIn,TAG-2294,,Nina Ivanov,LOT-5369,TAG-9282,,,,,Beta,,REF-3043,REF-7706,,Other,,,,,Rowan Brooks,,Florida,N,,SKU-3206,,,,,,SKU-8559,8580,100001,Company,100516,nina.silva@examplecorp.test,Nina Reyes,2026-02-04 05:45:00,marco.okafor@sampleco.test,Rahul Blake,2023-07-18 14:03:00,avery.ford@examplecorp.test,Quinn Larsson,2023-06-04 12:10:00,fatima.brooks@demomail.test,,2026-07-02 17:40:00,N,100001,100001,100001,100001,100001,100001,100001,100001,100001,100001,,100001,100001,100001,100001,100001,100001,2024-07-01 20:25:00,9499,7917,Beta,Other,Alpha,TAG-2327,9069,1568,4176,288,2198,Other,2024-03-26 14:05:00,4613,9624,Beta,Delta,Standard,Delta,6852,7521,1268,221,9811,Alpha,2023-07-26 10:51:00,,,,,,,,,,,3001,,2025-01-31,,,,LOT-1188,,,,,,,7354,,2023-04-21,,,,,,,3449,,9339,,,,2024-05-29,,5224,,,,,,,,,8247,,2026-02-25,,,,,,,,,,,,,2025-02-19,8142,,,,,,,5053,,,,,Discussed timeline and next steps with the account.
TAG-4216,SKU-3217,Yara Garcia,Priya Larsson,,,TAG-1202,,,,LOT-4356,,,,,avery.sato@demomail.test,,,,,,,,SKU-4555,,,Referral Partner,Reviewed performance and gathered feedback.,Ironwood Media Corp,Redwood Labs Inc,Active,Other,United States,,,,Followed up on the open items from last week.,Renewal,,LOT-4147,,Y,Agriculture,,,,,,,,,,,LinkedIn,SKU-8764,,Priya Rossi,REF-5088,SKU-5075,SKU-5507,,,,,,TAG-2035,LOT-6305,,,,,,,Diego Haddad,,Colorado,Y,,LOT-9566,,,,,,,895,100001,Company,100517,elena.larsson@demomail.test,Morgan Silva,2025-02-10 11:47:00,jordan.haddad@sampleco.test,Elena Kim,2023-04-23 17:53:00,fatima.ford@sampleco.test,Mei Reyes,2024-04-29 12:13:00,sofia.nguyen@examplecorp.test,,2023-12-26 19:40:00,N,,100001,100001,100001,100001,100001,100001,100001,,100001,,100001,100001,100001,100001,100001,100001,2026-01-17 01:15:00,5844,471,Beta,Gamma,Gamma,SKU-6925,2500,5443,9684,1254,920,Standard,2024-07-26 06:04:00,7407,6614,Alpha,Alpha,Beta,Alpha,5497,9176,143,5157,4420,Beta,2025-04-29 14:53:00,,3404,,TAG-2096,,,,,,,,,2024-03-11,,,,,,,,,,,,,2024-09-08,,,,,,,,,,,,,2023-11-20,,,,,Beta,,,7047,,,,,2026-02-26,,1497,,,,,,,,,,,2023-01-24,,,Beta,,TAG-6921,,,,,,,,Scheduled a check-in for the coming month.
,SKU-2131,Liam Mercer,Liam Patel,,,LOT-8364,LOT-7121,,REF-9240,,TAG-6045,,TAG-9798,,jamie.patel@acme-fake.test,,,,,,,,LOT-1805,"78,780",,Active Customer,Resolved the outstanding question about scope.,Northwind Labs Ltd,Lakeside Systems Inc,Active,Delta,United Kingdom,,,,Aligned on billing and renewal terms.,New Logo,,,,,Real Estate,,,,,,,,,,,LinkedIn,LOT-5875,TAG-9658,Drew Haddad,,,,6165,,,Alpha,,TAG-2536,TAG-6140,,Standard,,,,,Riley Whitfield,,Washington,Y,TAG-3876,LOT-8749,,,,,,LOT-6139,1678,100001,Company,100518,yara.cohen@sampleco.test,Priya Sato,2026-03-11 23:09:00,riley.sloan@sampleco.test,Quinn Ashby,2023-02-08 22:12:00,aisha.larsson@demomail.test,Liam Rossi,2024-02-08 09:01:00,skyler.brooks@acme-fake.test,,2024-10-02 13:55:00,N,100001,100001,100001,100001,,100001,100001,100001,,100001,100001,100001,100001,100001,100001,,100001,2025-02-25 16:19:00,1371,1982,Alpha,Delta,Standard,SKU-9406,6786,6476,774,9943,7957,Other,2023-11-05 05:26:00,8980,7375,Alpha,Alpha,Alpha,Standard,9534,5871,7607,1749,8471,Delta,2025-10-31 04:05:00,,8333,,TAG-1230,Standard,,,,,,,,2023-09-01,,,,,Alpha,LOT-6479,,465,,,,,2023-03-10,,,,,,,,,,,,,2026-03-15,2910,,,,,,,,,,,,2024-02-08,,,,,,TAG-7033,7167,,,,,Other,2025-10-25,,,,,,,,,,,223,,Resolved the outstanding question about scope.
,,Riley Reyes,Alex Whitfield,,,SKU-7242,LOT-9963,TAG-8289,,,,,,,fatima.nguyen@demomail.test,,Noah Silva,,,,Skyler Larsson,,TAG-5231,,,Prospect,Aligned on billing and renewal terms.,Falcon Networks,,Active,Delta,Germany,,,,Shared the updated proposal for review.,SMB,,,,Y,Manufacturing,,,,,,,,,,,Inbound Call,TAG-7789,,Yara Ford,SKU-7762,LOT-5204,TAG-7433,,,,Standard,,TAG-4435,LOT-9983,,,,,,,Noah Brooks,,Georgia,N,,,,,,,,SKU-4106,9710,100001,Company,100520,quinn.calder@demomail.test,Emerson Garcia,2024-01-29 17:00:00,quinn.sato@examplecorp.test,Avery Mensah,2023-03-31 07:16:00,noah.garcia@sampleco.test,Rowan Blake,2026-04-11 13:06:00,casey.brooks@sampleco.test,,2026-05-03 13:20:00,Y,100001,100001,100001,100001,100001,,100001,100001,,100001,,100001,,100001,100001,,100001,2023-08-31 00:22:00,7013,4552,Standard,Alpha,Gamma,SKU-1996,5665,2257,6289,6829,3337,Other,2025-11-24 21:12:00,2662,2255,Gamma,Alpha,Alpha,Beta,61,2931,6121,7036,4213,Other,2023-08-20 13:45:00,,,,,,,,1108,,,7779,,2024-03-15,,,Standard,,,,,2434,,,,,2023-01-16,,,Other,,,,,2170,,,3243,,2024-06-22,,,,,,,,,,,,,2023-01-30,,,,LOT-7147,Gamma,,,,,,,,2023-01-29,,,Gamma,,,,,,,,,,Discussed timeline and next steps with the account.
,,Marco Rossi,Aisha Reyes,,,SKU-9235,,REF-3242,,,,LOT-9050,,Gamma,avery.costa@acme-fake.test,Arjun Okafor,,,,,,,LOT-4633,,Delta,Prospect,Followed up on the open items from last week.,Horizon Financial LLP,Cardinal Textiles Group,Active,Delta,Germany,,,,Scheduled a check-in for the coming month.,Standard,,,,N,Energy,,,,,,,,,,,Referral,LOT-8806,,Skyler Brooks,REF-4124,TAG-7824,,9628,,,,,REF-8738,TAG-3350,,Beta,,,Delta,,Arjun Haddad,,Georgia,N,,REF-4760,,,,,,REF-4761,,100001,Company,100522,diego.silva@sampleco.test,Rowan Mensah,2023-02-20 10:25:00,liam.silva@demomail.test,Liam Rossi,2025-02-18 00:48:00,marco.reyes@demomail.test,Priya Mensah,2025-02-21 03:03:00,reese.vance@demomail.test,,2023-07-02 02:17:00,N,,100001,100001,100001,100001,100001,100001,100001,,100001,,100001,,100001,100001,100001,100001,2025-09-20 13:01:00,3000,2468,Alpha,Other,Delta,LOT-6200,9262,4214,8195,384,9079,Delta,2025-12-06 20:41:00,7345,3744,Gamma,Alpha,Beta,Beta,4196,422,7451,6985,7279,Gamma,2025-08-27 20:06:00,,6630,,,,TAG-8891,1898,,,7422,,Other,2023-10-28,,,Delta,,,,,,,,,,2025-06-08,,,,,,,,,,,,,2023-07-05,,,,,,,,,,,,,2026-02-21,,,,,,,,,,,9233,,2023-10-06,,,,,SKU-5224,,,,,,,,Aligned on billing and renewal terms.
,LOT-7249,Quinn Reyes,Rahul Costa,,,LOT-2604,SKU-2012,,,,,,,,aisha.haddad@examplecorp.test,Sofia Whitfield,Quinn Garcia,,,,,,SKU-6925,,,Active Customer,Noted a concern to revisit at the next sync.,Silverline Ventures Group,Keystone Textiles Group,Inactive,Standard,India,,,,Discussed timeline and next steps with the account.,Standard,,,,N,Energy,,Beta,,,,,,,,,LinkedIn,LOT-4196,,Chen Mensah,TAG-5051,LOT-2104,,,,,Gamma,,REF-3095,SKU-4525,,Alpha,,,,,Casey Sato,,Texas,Y,,REF-8469,,,,,,LOT-4383,6376,100001,Company,100523,jordan.nguyen@demomail.test,Jordan Costa,2024-01-30 09:57:00,jamie.okafor@examplecorp.test,Rowan Haddad,2023-07-13 07:16:00,casey.larsson@sampleco.test,Noah Ivanov,2025-02-19 12:23:00,sofia.larsson@demomail.test,,2025-04-14 23:06:00,N,100001,100001,100001,100001,,100001,100001,100001,100001,100001,,100001,100001,100001,,100001,100001,2025-11-07 03:20:00,6261,230,Other,Standard,Delta,TAG-9558,9223,699,9169,1632,3104,Beta,2024-01-23 18:49:00,299,9759,Standard,Other,Standard,Alpha,756,3649,5602,5244,9711,Standard,2023-10-04 06:04:00,,,,,Standard,LOT-7212,,,,,,,2026-02-10,2922,,Beta,,,SKU-2003,5664,6532,6258,,,,2025-05-14,,1965,,REF-5897,,,2025,,7217,,,,2026-05-25,,,,,,,,,8840,,,,2026-07-03,,,,,,,,,,,,,2023-05-31,,,,,,,,,,,,,Shared the updated proposal for review.
,,Chen Ivanov,Taylor Haddad,,,LOT-6223,TAG-7147,LOT-4757,TAG-1437,,,REF-1121,,,noah.ford@acme-fake.test,,,,,,,,LOT-8672,,,Past Customer,Resolved the outstanding question about scope.,Northwind Capital Corp,Brightpath Industries Inc,Active,Gamma,Australia,,,,,Enterprise,,,TAG-9844,Y,Technology,,,,,,,,,,,Partner,SKU-5821,,Aisha Vance,SKU-8611,LOT-7461,SKU-1453,4885,,,Delta,,SKU-2028,LOT-7798,,Delta,,,,,Riley Vance,,Texas,Y,,TAG-1999,,,,,,SKU-2318,8597,100001,Company,100526,nina.rossi@demomail.test,Fatima Costa,2023-07-26 02:49:00,omar.haddad@acme-fake.test,Aisha Okafor,2024-12-31 19:11:00,diego.brooks@examplecorp.test,Jamie Cohen,2025-07-28 03:46:00,yara.garcia@sampleco.test,,2022-11-27 22:39:00,Y,,100001,100001,100001,,100001,100001,100001,100001,,100001,100001,100001,100001,100001,100001,100001,2023-01-17 20:00:00,5874,2853,Standard,Gamma,Gamma,LOT-4982,7168,3050,6912,9018,9556,Beta,2025-10-17 16:21:00,9564,6723,Beta,Beta,Beta,Delta,7794,3061,2681,4473,4566,Gamma,2023-12-28 02:07:00,,3200,,,,,,,,5632,7160,,2024-12-12,,,,TAG-9991,,,5167,7798,,,1493,,2025-08-30,,,Beta,,,,,,,,,,2025-03-17,,,,,,,,,,,,,2025-05-03,1115,8122,,,,,,,,,,,2023-05-10,,,,,,SKU-9166,,,,,2644,,Resolved the outstanding question about scope.
,,Liam Rossi,Avery Nguyen,,,LOT-1600,LOT-7622,SKU-4411,LOT-8081,,,TAG-3249,,,marco.rossi@sampleco.test,Marco Blake,,,,,,,TAG-6661,,,Prospect,Reviewed performance and gathered feedback.,Falcon Networks LLP,Everest Financial LLP,Active,Other,Australia,,,,Scheduled a check-in for the coming month.,New Logo,,,,N,Financial Services,,,,,,,,,,,Inbound Call,TAG-4349,,Casey Whitfield,SKU-2989,SKU-4947,SKU-3147,,,,Gamma,,TAG-4042,SKU-3164,,,,,,,Priya Brooks,,Florida,Y,,TAG-6925,,,,REF-2118,,SKU-8691,,100001,Company,100527,chen.brooks@sampleco.test,Noah Whitfield,2024-05-02 02:34:00,alex.whitfield@examplecorp.test,Taylor Mercer,2025-03-17 23:33:00,chen.brooks@sampleco.test,Casey Ford,2025-02-26 17:12:00,elena.costa@sampleco.test,,2025-10-02 17:38:00,Y,,100001,100001,100001,100001,100001,100001,100001,100001,100001,100001,100001,,,100001,,100001,2022-10-11 00:46:00,4580,8008,Delta,Standard,Standard,TAG-9348,5155,310,6561,2983,8537,Gamma,2024-11-18 22:23:00,6101,761,Standard,Other,Other,Other,4128,8905,3408,4529,6938,Beta,2024-03-10 20:45:00,,,,,,,,,7928,,,,2026-05-02,,,,,Alpha,,,,,,,,2026-03-23,,,,,,,,,,,1582,,2025-05-06,,,,,,,,,,,,,2023-09-06,,2303,,,,,,,,,,,2024-11-17,,703,,,,,,,,1994,,Standard,Noted a concern to revisit at the next sync.
,,Avery Calder,Elena Dorsey,,,LOT-7320,LOT-4366,,,,,,,,diego.rossi@acme-fake.test,Nina Garcia,,,,REF-6766,,,,,,Active Customer,Aligned on billing and renewal terms.,Horizon Systems Inc,Northwind Health Co,Active,Standard,Germany,Standard,,,Shared the updated proposal for review.,Standard,,,,N,Education,LOT-4032,,,,,,,,,,Inbound Call,REF-9045,,Quinn Whitfield,TAG-2870,REF-6745,,,,,Other,,REF-7500,LOT-3175,,Beta,,,,,Alex Cohen,,Washington,Y,,TAG-9171,,,,,,REF-1876,7387,100001,Company,100530,sofia.larsson@acme-fake.test,Reese Mercer,2024-05-01 17:26:00,fatima.mensah@examplecorp.test,Arjun Garcia,2025-09-16 21:00:00,marco.mercer@sampleco.test,Riley Garcia,2026-04-09 18:22:00,aisha.brooks@acme-fake.test,Aisha Sato,2024-06-04 05:07:00,Y,100001,100001,100001,100001,100001,,100001,100001,,,100001,100001,100001,100001,100001,,100001,2023-03-14 08:31:00,801,1863,Beta,Gamma,Gamma,SKU-7084,8245,114,790,5117,8647,Alpha,2026-04-11 04:21:00,9251,3898,Gamma,Alpha,Delta,Alpha,6738,1711,8764,5395,9452,Alpha,2025-05-06 17:34:00,,,,,,,3621,,,,,,2025-09-02,,3478,,,,,,,,,,Gamma,2025-10-31,,,,,SKU-7831,,,,,,,,2023-06-14,9567,,,,,,,,,,6023,Gamma,2023-06-04,,,,,,REF-8133,,,,,,,2026-05-26,,,,,SKU-2026,,,,,,,,Reviewed performance and gathered feedback.
,,Alex Calder,Jordan Ford,,,LOT-8971,LOT-2077,,,LOT-3762,,,LOT-8294,Gamma,chen.larsson@demomail.test,,,,,,,"2,931",TAG-3214,,,Referral Partner,Scheduled a check-in for the coming month.,Harbor Networks LLC,Meridian Textiles LLP,Active,Beta,Mexico,,,,Aligned on billing and renewal terms.,Enterprise,,TAG-7727,SKU-9743,Y,Education,,,,,,Beta,,,,,Partner,,,Yara Okafor,REF-7775,LOT-9534,,2425,,,Delta,,,LOT-3453,,Beta,,"104,783",,,Drew Ashby,,Texas,Y,,TAG-7059,,,,,,TAG-7161,7507,100001,Company,100531,morgan.blake@examplecorp.test,Quinn Ivanov,2023-04-26 10:54:00,jamie.kim@demomail.test,Liam Haddad,2024-09-04 01:18:00,drew.calder@acme-fake.test,Sofia Reyes,2024-08-09 13:31:00,nina.kim@sampleco.test,Yara Rossi,2022-10-19 06:57:00,Y,100001,100001,,100001,100001,,100001,100001,100001,,,100001,100001,100001,100001,,100001,2024-12-07 06:11:00,2531,6054,Beta,Alpha,Beta,SKU-8239,8603,2065,483,9341,4145,Standard,2026-04-27 18:42:00,6436,6377,Standard,Standard,Alpha,Beta,5992,6532,3682,9617,737,Standard,2022-12-20 05:46:00,,,,,,REF-5393,,,,,4231,Gamma,2024-09-21,,,,,,,,,,,,,2024-03-17,,,,,,,,,,,,,2024-06-20,,,,,,,,,,,,,2024-02-21,,,,,,SKU-4307,,,,,,,2026-03-08,1130,,,REF-5131,,,,,,,,,Aligned on billing and renewal terms.
TAG-7533,,Jordan Nguyen,Aisha Brooks,,,TAG-4021,,,,,,,,,taylor.okafor@sampleco.test,,,,,SKU-5822,,"24,021",SKU-3676,"71,078",Gamma,Active Customer,Shared the updated proposal for review.,Brightpath Group Co,Falcon Dynamics Group,Active,Other,United States,,LOT-5758,,Shared the updated proposal for review.,New Logo,,,LOT-3780,Y,Healthcare,,,,,,,,,,,Cold Outreach,,SKU-3810,Riley Vance,LOT-9875,REF-5633,LOT-1163,,,,Gamma,,,TAG-3765,,Alpha,,,,,Elena Costa,,Illinois,N,,REF-3644,,,,,,LOT-5376,2485,100001,Company,100532,reese.mensah@demomail.test,Riley Costa,2024-05-06 17:19:00,jamie.nguyen@acme-fake.test,Skyler Ashby,2025-08-16 13:41:00,chen.okafor@examplecorp.test,Taylor Cohen,2024-03-22 01:38:00,priya.vance@demomail.test,Quinn Sloan,2023-12-21 15:19:00,N,100001,100001,100001,100001,100001,100001,100001,100001,,,100001,100001,100001,100001,100001,,100001,2025-02-05 04:01:00,306,5236,Standard,Gamma,Other,SKU-3790,87,7147,8343,3554,9805,Alpha,2025-09-05 22:51:00,2264,7807,Other,Other,Gamma,Delta,3191,7382,2506,1097,968,Delta,2026-02-25 21:11:00,,4269,,,,,,2774,,,,,2026-06-15,,,,,Other,,9753,,,,,,2026-02-01,,,,,,,,,,,,,2025-11-14,,,,REF-4435,,,,6378,,,,,2025-05-29,,,,,,,,5779,,,,,2025-08-15,,,,,,,,,,,,,Reviewed performance and gathered feedback.
,,Morgan Whitfield,Jordan Mensah,,,TAG-9997,LOT-5345,,REF-6705,,,,TAG-3012,,jamie.ashby@examplecorp.test,Mei Cohen,,,,TAG-4927,,,REF-5625,,,Active Customer,Scheduled a check-in for the coming month.,Everest Networks Co,Beacon Retail Co,Active,Beta,Mexico,,,,Aligned on billing and renewal terms.,New Logo,,,,Y,Education,,,,,,,,,,,Inbound Call,LOT-2928,REF-4711,Priya Nguyen,LOT-8126,LOT-3226,,,,,Gamma,,SKU-1666,TAG-1485,,Alpha,,,,,Nina Blake,,Florida,N,,REF-7684,,,,,,LOT-5417,8233,100001,Company,100535,marco.rossi@sampleco.test,Noah Ivanov,2023-07-20 06:51:00,mei.silva@acme-fake.test,Mei Rossi,2025-12-06 16:45:00,priya.silva@demomail.test,Riley Sloan,2024-09-09 18:45:00,skyler.calder@demomail.test,Riley Costa,2023-01-20 20:57:00,N,100001,100001,100001,100001,100001,100001,100001,100001,100001,100001,100001,100001,100001,100001,100001,,100001,2023-03-23 01:50:00,3507,9307,Beta,Delta,Other,SKU-5062,4625,9995,6965,1453,4012,Other,2024-04-02 19:36:00,9900,6938,Alpha,Other,Beta,Beta,2265,3318,6921,9639,5029,Beta,2024-10-30 06:09:00,,,,,,,,,2767,,,Gamma,2022-11-07,,,Standard,,,,,,,,,,2026-02-09,,,,,,,,,,,,,2024-03-30,,,,,,,,,8031,,,,2023-10-18,,,,,Gamma,,,,,,,,2024-02-26,,,,,,,,,,,,,Discussed timeline and next steps with the account.
LOT-3101,TAG-8643,Elena Mercer,Elena Brooks,,,REF-4642,,SKU-7445,TAG-5639,,,,,Beta,rahul.rossi@demomail.test,,,,,,,,REF-4247,,,Referral Partner,Discussed timeline and next steps with the account.,Horizon Manufacturing Co,Summit Robotics Group,Active,Alpha,Philippines,,,,Followed up on the open items from last week.,Enterprise,,TAG-3545,,Y,Healthcare,,,,,,,Y,,,,Cold Outreach,TAG-7173,,Jamie Mensah,REF-6434,SKU-8313,,,,,Delta,,SKU-5088,LOT-9891,,Other,,,,,Noah Costa,,Washington,Y,,TAG-8451,,,,SKU-7699,LOT-9841,REF-3596,4488,100001,Company,100538,omar.dorsey@sampleco.test,Yara Patel,2026-03-18 04:59:00,jordan.sato@demomail.test,Arjun Brooks,2023-04-16 02:01:00,alex.calder@demomail.test,Marco Brooks,2025-12-25 04:50:00,nina.dorsey@demomail.test,,2025-11-04 00:07:00,N,,100001,100001,100001,,100001,100001,100001,100001,100001,100001,100001,,100001,100001,,100001,2025-06-22 03:01:00,4254,9154,Standard,Alpha,Other,TAG-7107,7186,8844,9373,2729,2826,Other,2025-06-30 00:04:00,8308,6119,Other,Alpha,Standard,Beta,7756,4388,9337,1768,8525,Other,2024-09-07 00:50:00,,,Alpha,TAG-7407,,TAG-5864,,,,404,,Delta,2022-11-12,,,,,,TAG-9116,,,,,,,2025-01-21,,,,,TAG-8148,,,,,,4742,,2023-11-24,,,Other,,,,,,,3847,,,2025-12-30,,,,,Alpha,,,,,,,,2024-11-05,,,,,,,,6909,,,,,Shared the updated proposal for review.
,,Riley Rossi,Mei Mercer,,,REF-3072,REF-7827,,,,,,,Gamma,sofia.mensah@examplecorp.test,,,,,REF-6551,Liam Nguyen,,LOT-5161,,,Past Customer,Followed up on the open items from last week.,Evergreen Networks,Everest Dynamics Corp,Active,Gamma,Australia,,,,Scheduled a check-in for the coming month.,Standard,,,,Y,Manufacturing,,,,,,,,,,,Cold Outreach,TAG-8232,,Casey Mensah,,SKU-9796,,3330,,,Beta,,,REF-3356,,,,,,Standard,Chen Vance,,Ohio,N,,,,,,,,SKU-9030,1577,100001,Company,100539,omar.okafor@demomail.test,Diego Ashby,2026-07-31 08:52:00,emerson.dorsey@demomail.test,Reese Rossi,2025-08-16 11:10:00,arjun.patel@demomail.test,Mei Rossi,2024-10-06 15:00:00,emerson.haddad@examplecorp.test,,2023-06-21 02:45:00,N,100001,100001,100001,100001,,100001,100001,100001,,100001,100001,100001,100001,100001,100001,100001,100001,2025-01-14 06:44:00,4967,4661,Delta,Other,Beta,REF-5816,496,4832,9839,187,1701,Standard,2025-11-20 04:34:00,9603,9955,Beta,Standard,Standard,Other,304,918,3977,8377,4954,Delta,2022-11-30 07:35:00,,3076,Delta,,,,1392,,,,4612,,2026-03-01,,,,,Beta,,,,,,,,2022-11-08,,,,,,,,,,,,,2023-09-24,,,,,Other,,,,,,,,2023-11-22,,2057,,,Gamma,,,,,,,,2024-05-27,,5329,,,,,,,,,,,Shared the updated proposal for review.
,,Taylor Garcia,Aisha Sloan,,,,,,LOT-8931,,,,,,rowan.brooks@acme-fake.test,,,,,,Quinn Silva,,SKU-1141,,,Active Customer,Aligned on billing and renewal terms.,Everest Health Group,Vertex Labs Co,Inactive,Beta,United Kingdom,,,,Followed up on the open items from last week.,Standard,,TAG-3691,,Y,Professional Services,,,,,,,,,N,,Partner,TAG-7784,,Chen Haddad,REF-8733,REF-9355,REF-7556,7303,,N,Standard,,SKU-9042,LOT-1232,,Alpha,,,,,Priya Costa,,Illinois,N,,LOT-1824,,,,,,SKU-8489,9304,100001,Company,100542,skyler.costa@sampleco.test,Noah Okafor,2025-08-12 16:03:00,yara.blake@sampleco.test,Taylor Blake,2024-07-07 08:33:00,rahul.kim@sampleco.test,Elena Silva,2024-11-21 06:28:00,nina.vance@examplecorp.test,,2025-06-26 02:05:00,Y,100001,100001,100001,100001,,100001,100001,100001,,100001,100001,100001,,100001,100001,,100001,2026-01-14 10:34:00,2607,6147,Other,Delta,Delta,REF-6987,9861,834,3065,8586,1199,Standard,2022-12-19 10:17:00,1310,9018,Alpha,Other,Delta,Alpha,851,6664,1950,2196,6862,Gamma,2025-01-15 16:55:00,,,,,,,,,,,,,2024-06-10,4914,,,,,REF-6751,,,,,,Beta,2023-12-22,,,,,,,,7505,,7581,,,2023-05-30,,,,,,,,,,,5396,,2022-10-25,4649,,,,,,,,,,,,2026-07-16,,242,,,,,,,,,,Delta,Followed up on the open items from last week.
,REF-4558,Drew Brooks,Reese Vance,,,LOT-8354,LOT-4066,TAG-8878,,,,SKU-3089,,,casey.nguyen@acme-fake.test,,,,,LOT-6384,,,,,,Active Customer,Aligned on billing and renewal terms.,Atlas Foods Ltd,Evergreen Industries Group,Active,Alpha,Canada,,,,Aligned on billing and renewal terms.,Renewal,,,,N,Technology,,,,,,,,,,,LinkedIn,SKU-1361,,Emerson Okafor,REF-4883,TAG-3672,TAG-4159,,,,,,TAG-3346,SKU-8669,,Other,,,,,Marco Haddad,,Colorado,N,,REF-3145,,,,TAG-8799,,REF-7276,3003,100001,Company,100543,quinn.silva@acme-fake.test,Jamie Okafor,2024-06-17 15:53:00,rahul.nguyen@examplecorp.test,Jordan Cohen,2025-06-24 14:56:00,rahul.rossi@examplecorp.test,Mei Okafor,2026-04-07 19:38:00,taylor.nguyen@demomail.test,,2023-02-18 05:11:00,Y,100001,100001,100001,100001,100001,,100001,100001,100001,100001,,100001,100001,100001,100001,100001,100001,2026-07-13 14:38:00,3500,7939,Standard,Delta,Other,TAG-6380,5649,7287,2821,3902,7805,Beta,2024-04-04 17:19:00,3797,1664,Other,Standard,Delta,Delta,1802,2382,1324,9232,9406,Standard,2025-01-16 07:55:00,,9283,,,,SKU-2416,4275,,1840,,,,2025-05-25,,,Beta,,,,,,,,,Alpha,2024-01-09,,,,,,,,,,,,,2025-03-30,,,,,,,,,,6387,,Alpha,2026-01-29,6613,,Gamma,,Alpha,,,,,,7993,,2023-11-10,3292,,,,,,,,,,,,Scheduled a check-in for the coming month.
,SKU-1810,Fatima Kim,Liam Ashby,,,,,,,LOT-2529,,,,Beta,rahul.brooks@acme-fake.test,Liam Nguyen,,,,LOT-8356,Rowan Ford,,SKU-7757,,,Past Customer,Aligned on billing and renewal terms.,Vertex Media Corp,Silverline Energy Group,Active,Standard,United Kingdom,,,,Followed up on the open items from last week.,Standard,,,,N,Logistics,,,,,,,,,,,Referral,LOT-1933,TAG-4991,Mei Blake,SKU-8926,LOT-8866,,,,,Standard,,TAG-4184,TAG-1419,,Beta,,,,,Emerson Mensah,Scheduled a check-in for the coming month.,Florida,Y,,SKU-8210,,,,,,TAG-4241,6028,100001,Company,100546,noah.whitfield@sampleco.test,Sofia Patel,2026-03-08 20:15:00,riley.calder@examplecorp.test,Reese Silva,2023-03-13 23:46:00,elena.ford@demomail.test,Liam Ashby,2023-07-02 02:23:00,priya.vance@acme-fake.test,,2024-08-05 19:03:00,N,,100001,100001,100001,,100001,100001,100001,100001,100001,100001,100001,,100001,100001,,100001,2025-07-27 13:02:00,1557,2963,Standard,Beta,Beta,LOT-1223,3857,9404,8571,8454,9294,Standard,2025-08-23 05:33:00,7202,851,Standard,Gamma,Standard,Other,3654,6181,1713,2425,868,Delta,2025-06-10 11:52:00,,,Delta,,,,1816,,,,,,2026-07-15,,,,,,,,,,,9615,Delta,2024-04-03,,,Delta,,,,,9292,7549,,,,2024-02-12,,,,,,,,,,,,Alpha,2023-08-09,,,,,,,,,,,,,2022-12-15,,,Beta,,,,,,,,,Alpha,Resolved the outstanding question about scope.
,,Aisha Brooks,Jordan Blake,,,TAG-8470,,,REF-5163,,,,,,skyler.brooks@demomail.test,,,,,,,,,,,Active Customer,Resolved the outstanding question about scope.,Harbor Partners Group,Horizon Partners Corp,Active,Gamma,United States,,,,Resolved the outstanding question about scope.,Standard,,,,N,Technology,,,,,,,,,,,LinkedIn,TAG-5367,REF-9079,Sofia Whitfield,REF-5558,LOT-6040,,4294,,,Other,,SKU-4424,SKU-6008,,,,,,,Omar Silva,Discussed timeline and next steps with the account.,Washington,Y,,TAG-3960,,,,,,TAG-8052,184,100001,Company,100548,jamie.ford@demomail.test,Morgan Calder,2026-07-01 06:49:00,sofia.sato@acme-fake.test,Skyler Vance,2024-02-26 21:10:00,alex.mensah@sampleco.test,Taylor Ivanov,2024-04-14 19:42:00,emerson.costa@sampleco.test,,2025-01-01 10:00:00,N,,100001,100001,100001,100001,100001,100001,100001,100001,,,100001,100001,100001,100001,100001,100001,2025-02-06 09:50:00,4612,4729,Other,Beta,Gamma,REF-5352,9743,5787,6207,9171,1050,Gamma,2024-08-17 21:34:00,4944,6176,Other,Gamma,Gamma,Beta,7495,5512,1433,7877,156,Other,2024-09-08 03:24:00,,,,,,,1930,,4678,,,Delta,2024-06-09,,,Other,,,,,,,,8976,,2023-04-23,,,,,,,8051,,,,7547,Other,2025-07-02,,,,,,,,,6997,,,Beta,2023-04-15,,,,,,,,,,,,,2023-07-19,,,,,,,,,,,,,Followed up on the open items from last week.
LOT-2315,LOT-3825,Emerson Sloan,Alex Calder,,,,,,,,,,,,taylor.cohen@demomail.test,Fatima Cohen,Elena Brooks,,,REF-9439,,,REF-5626,,,Active Customer,Resolved the outstanding question about scope.,Northwind Health Corp,Brightpath Foods Ltd,Active,Beta,Canada,,REF-4899,,Resolved the outstanding question about scope.,Renewal,,TAG-4076,,N,Construction,,,,,,,,,,,LinkedIn,SKU-4334,,Arjun Sloan,SKU-1334,TAG-3655,,8718,,,Gamma,,SKU-5133,LOT-1261,,Alpha,,,,,Priya Kim,,California,Y,,SKU-2150,,,,,,SKU-2774,3423,100001,Company,100551,elena.brooks@sampleco.test,Nina Reyes,2023-08-12 22:57:00,sofia.whitfield@acme-fake.test,Rahul Sloan,2026-01-16 06:31:00,skyler.okafor@demomail.test,Liam Ford,2024-07-03 22:35:00,casey.patel@examplecorp.test,,2024-04-10 02:34:00,Y,100001,100001,100001,100001,100001,,100001,100001,,100001,100001,100001,100001,100001,100001,,100001,2024-12-06 04:04:00,4753,1872,Beta,Delta,Other,REF-1912,7021,7014,6151,3951,9987,Delta,2024-11-12 18:09:00,9740,4662,Delta,Gamma,Beta,Other,6474,7712,2574,6069,2661,Beta,2023-07-09 12:08:00,,,,LOT-5445,,,,,,9604,,Gamma,2024-10-03,,,,,,,,,7424,,,,2025-05-31,,,,,,,193,,3339,,,,2023-06-23,,9796,Standard,,,TAG-9193,,,,,,,2024-06-26,,,,,,,5452,,2795,7861,,,2026-07-19,,,Delta,,,,,,,8027,,,Followed up on the open items from last week.
LOT-6335,,Yara Ford,Mei Sloan,,,LOT-4574,LOT-3327,,TAG-1984,,,,REF-5488,,arjun.nguyen@demomail.test,,Rahul Rossi,,,REF-7659,,"176,401",LOT-2304,"233,270",,Past Customer,Followed up on the open items from last week.,Delta Logistics Ltd,Meridian Retail LLP,Active,Delta,Mexico,,,TAG-7786,Aligned on billing and renewal terms.,Renewal,,,,Y,Logistics,,,,,,,,Gamma,,,Webinar,REF-3871,,Marco Haddad,LOT-6894,REF-4875,,,,,,,LOT-2541,TAG-2265,,Gamma,,,,,Noah Garcia,,Georgia,Y,,REF-5305,,,,,,LOT-3609,,100001,Company,100552,avery.garcia@sampleco.test,Mei Mercer,2026-06-26 12:35:00,priya.sato@acme-fake.test,Skyler Okafor,2025-11-15 10:48:00,aisha.patel@acme-fake.test,Elena Okafor,2024-08-17 06:40:00,arjun.ashby@demomail.test,,2025-11-06 03:15:00,N,100001,100001,100001,100001,,,100001,100001,100001,100001,100001,100001,,100001,100001,100001,100001,2025-03-14 20:23:00,1606,9112,Alpha,Other,Beta,REF-6447,1779,35,8466,3127,4015,Beta,2025-11-01 14:03:00,9954,3361,Delta,Alpha,Alpha,Other,2998,8725,2293,241,4148,Beta,2023-09-01 03:44:00,,,,,Alpha,,,,2053,,,,2026-02-12,,,,,,SKU-5531,,2393,,,,,2024-04-18,,,,,,,,,,,,,2023-11-21,1217,,Beta,,,,,,,,,,2025-05-04,,,,,,,,,7654,2137,,,2025-06-23,,,,,,,,,,,,Gamma,Discussed timeline and next steps with the account.
,,Riley Ashby,Skyler Reyes,,,SKU-2409,LOT-1934,,REF-9267,,,,,Other,sofia.calder@acme-fake.test,,,,,TAG-7370,,,TAG-6582,,,Active Customer,Followed up on the open items from last week.,Pioneer Financial Ltd,Lakeside Group Group,Active,Standard,United Kingdom,,LOT-8393,SKU-9054,Followed up on the open items from last week.,Renewal,,,REF-9066,Y,Hospitality,,,,,,,,,,,Inbound Call,,,Reese Ashby,SKU-1417,TAG-4435,TAG-8946,5301,,,Gamma,,SKU-4987,TAG-7529,,,,,,,Quinn Rossi,,Texas,Y,,,,,,,LOT-3663,LOT-9873,9766,100001,Company,100554,mei.ivanov@examplecorp.test,Taylor Larsson,2023-04-09 23:04:00,liam.whitfield@sampleco.test,Rahul Ivanov,2024-07-14 17:50:00,emerson.ford@examplecorp.test,Drew Mercer,2024-10-22 12:34:00,diego.patel@sampleco.test,,2024-07-26 21:08:00,N,,100001,100001,100001,100001,100001,100001,100001,100001,100001,,100001,100001,100001,100001,100001,100001,2022-11-14 19:57:00,1379,6012,Gamma,Beta,Gamma,REF-2000,6111,3223,4488,9869,425,Delta,2026-02-25 09:40:00,8477,8468,Beta,Alpha,Alpha,Standard,455,8647,3893,6371,2981,Beta,2022-10-31 21:39:00,,,,,,,,,,,5782,,2026-05-11,,,,,,,,1280,,,,,2025-02-26,,,Other,,,,,,,,,,2025-01-07,,,,,,,,,,,,,2025-05-28,,,,,,,,,,,,,2023-05-22,,,,,,,,7311,,,,Beta,Reviewed performance and gathered feedback.
,,Casey Garcia,Marco Rossi,,,TAG-9830,,SKU-3071,,,,SKU-9461,LOT-6836,,quinn.sloan@examplecorp.test,,,,,,Emerson Ivanov,"114,757",REF-4220,,,Referral Partner,Noted a concern to revisit at the next sync.,Ironwood Manufacturing Inc,Blue Ridge Logistics Ltd,Inactive,Other,United States,,,,Followed up on the open items from last week.,Standard,,,,N,Professional Services,,,,"137,671",,,,,,,Partner,TAG-9547,,Drew Silva,SKU-3813,REF-8441,REF-5634,3580,,,Other,,LOT-8034,SKU-4779,,Standard,,,,,Mei Mercer,,Texas,Y,,LOT-7733,,,,,LOT-1095,TAG-1631,3600,100001,Company,100555,riley.sato@acme-fake.test,Skyler Garcia,2026-04-18 16:00:00,arjun.costa@acme-fake.test,Quinn Kim,2025-01-31 21:01:00,skyler.garcia@examplecorp.test,Marco Whitfield,2025-01-31 20:52:00,jamie.kim@demomail.test,,2023-04-27 05:39:00,N,,100001,100001,100001,100001,,100001,100001,100001,100001,,100001,100001,100001,100001,100001,100001,2024-08-13 01:48:00,8449,1580,Delta,Gamma,Gamma,LOT-9166,6350,897,1656,7368,420,Gamma,2024-06-26 05:37:00,7315,1598,Standard,Gamma,Beta,Standard,8775,3345,9785,3567,7812,Beta,2024-08-23 12:02:00,,,,LOT-4305,,,,8357,6650,8105,,,2023-12-17,,,,,Other,,,,,,,Other,2023-10-28,,,,,,,,,,,,,2023-04-20,,5387,,,,,,,854,,,,2026-07-09,,,Gamma,TAG-1707,,,,4738,,,,,2023-07-06,,,,,,,,,,,,,Aligned on billing and renewal terms.
,,Liam Vance,Yara Patel,,,REF-9099,,SKU-1174,REF-7314,,,SKU-3947,,,casey.cohen@demomail.test,,Arjun Haddad,,,REF-2614,,"105,753",REF-7682,"37,680",,Active Customer,Scheduled a check-in for the coming month.,Granite Manufacturing LLC,Lakeside Industries Inc,Inactive,Alpha,Philippines,,,,Followed up on the open items from last week.,Renewal,,,,Y,Healthcare,,,,,,,Y,,,,Webinar,REF-9730,,Chen Mensah,LOT-1518,REF-9564,TAG-2366,4394,,,Standard,,REF-3125,,,Alpha,,,,,Chen Garcia,,Colorado,N,,SKU-6854,,,,,,SKU-6979,1060,100001,Company,100558,emerson.silva@examplecorp.test,Taylor Whitfield,2023-01-22 08:30:00,yara.sloan@examplecorp.test,Morgan Garcia,2025-01-13 21:47:00,noah.sloan@demomail.test,Jordan Whitfield,2024-11-02 14:58:00,fatima.brooks@acme-fake.test,Arjun Costa,2023-09-03 04:13:00,Y,,100001,100001,100001,100001,100001,100001,100001,100001,100001,100001,100001,,100001,100001,100001,100001,2026-01-13 13:40:00,1124,7326,Beta,Alpha,Beta,REF-9449,9535,7132,5141,768,4277,Standard,2025-01-02 20:23:00,8294,107,Delta,Alpha,Alpha,Other,5902,3986,9812,324,3958,Gamma,2022-10-23 05:07:00,,,,,Standard,,,,,,,,2026-01-13,,,,,Alpha,,,6891,5699,,,,2026-03-30,,,,,,,,3117,,,,,2025-10-14,,,,,,,,,,,,,2025-05-01,7680,,,,,,,,,,,,2025-09-28,,,,,,,,,,,7821,,Discussed timeline and next steps with the account.
,,Liam Haddad,Reese Vance,,,SKU-9732,REF-3170,TAG-3265,,,,,TAG-7029,Delta,alex.calder@acme-fake.test,Jamie Silva,,,,REF-7912,,"96,990",,,,Active Customer,Followed up on the open items from last week.,Brightpath Textiles Co,Redwood Retail LLP,Inactive,Beta,India,,,,Discussed timeline and next steps with the account.,Standard,,,,,Retail,,,,,,,,,,,LinkedIn,REF-3446,REF-4265,Jamie Patel,,TAG-6295,,9864,,,Alpha,,TAG-1489,REF-6942,,Gamma,,,,,Fatima Reyes,,Washington,N,,,,,,,,TAG-5261,,100001,Company,100559,taylor.nguyen@demomail.test,Omar Costa,2024-08-13 03:44:00,noah.brooks@acme-fake.test,Elena Nguyen,2026-02-09 20:41:00,jordan.sloan@examplecorp.test,Elena Mercer,2024-08-30 18:14:00,mei.calder@examplecorp.test,Rowan Vance,2024-04-04 16:15:00,Y,100001,100001,100001,100001,100001,,100001,100001,100001,100001,,100001,100001,,100001,100001,100001,2023-07-11 11:43:00,2882,5688,Beta,Standard,Standard,LOT-9795,1603,9182,818,1865,9748,Standard,2022-12-25 05:44:00,6709,6758,Alpha,Gamma,Other,Beta,4858,4910,2358,3002,8427,Beta,2023-07-08 22:33:00,,9554,,TAG-3688,,,7276,,,,,,2025-08-28,,1315,Gamma,LOT-8930,,,,,,,,,2023-06-23,2058,,,,,,,,,,,,2023-07-09,,,,,,,,,,,,,2025-06-28,,,,,,,,,,,,,2025-04-20,,,,,,,,,9171,906,,,Resolved the outstanding question about scope.
,,Liam Nguyen,Jordan Calder,,,SKU-4188,TAG-8010,SKU-5832,,SKU-6800,,,TAG-4137,Standard,fatima.haddad@demomail.test,,,,,,,,SKU-1322,,,Prospect,Resolved the outstanding question about scope.,Cardinal Partners,Blue Ridge Capital LLP,Active,Alpha,United Kingdom,,,,Reviewed performance and gathered feedback.,SMB,,LOT-4517,,,Financial Services,,,,"208,980",,,,Gamma,,,Webinar,SKU-5188,,Nina Brooks,TAG-8039,SKU-8185,,,,,Gamma,,SKU-8640,,,Standard,,,,,Rahul Brooks,,California,Y,,REF-1467,,,,,,,6837,100001,Company,100560,jamie.silva@sampleco.test,Casey Silva,2024-07-23 10:11:00,arjun.mensah@examplecorp.test,Arjun Vance,2022-12-22 20:45:00,alex.rossi@sampleco.test,Rowan Silva,2025-12-22 12:10:00,fatima.sato@examplecorp.test,,2023-03-01 23:18:00,N,100001,100001,100001,100001,100001,,100001,100001,,,,100001,100001,100001,100001,,100001,2024-08-08 10:04:00,2318,9865,Gamma,Delta,Beta,REF-3791,1537,3343,8792,4279,8014,Standard,2023-02-20 22:54:00,1722,8687,Delta,Alpha,Delta,Alpha,9875,9027,9954,9388,1768,Standard,2026-06-16 16:01:00,,,,,,LOT-2809,2900,647,8360,6123,,Alpha,2026-01-03,,,,,,,,,,,,,2026-05-31,9412,,Alpha,,,,,,,,,,2025-01-04,,,,,,,,,,,,,2024-09-11,,,,,,,,,,,,,2024-03-20,,,,,,,,,3401,,,,Aligned on billing and renewal terms.
,,Priya Whitfield,Drew Costa,,,SKU-7505,REF-6348,,SKU-8830,,,,SKU-7949,,taylor.patel@examplecorp.test,Casey Whitfield,,,,,Skyler Blake,,TAG-5997,,,Active Customer,Followed up on the open items from last week.,Blue Ridge Solutions Inc,Atlas Capital Co,Active,Beta,Germany,,,,Resolved the outstanding question about scope.,Renewal,,,,,Professional Services,,,,,,Gamma,,,,,Website,REF-9043,TAG-9357,Yara Calder,LOT-6058,LOT-6069,,,,,Other,,TAG-4371,SKU-7245,,Standard,,,,,Jordan Vance,,Illinois,N,,LOT-5838,,,,,,TAG-1894,1622,100001,Company,100563,marco.brooks@sampleco.test,Taylor Ashby,2022-11-03 13:50:00,jordan.okafor@acme-fake.test,Chen Patel,2025-06-06 06:44:00,rahul.okafor@sampleco.test,Elena Mensah,2025-07-08 20:45:00,casey.sato@examplecorp.test,,2024-02-13 21:43:00,Y,100001,100001,100001,100001,100001,,100001,100001,100001,100001,,100001,100001,100001,100001,100001,100001,2025-02-10 02:55:00,2616,6558,Alpha,Gamma,Alpha,TAG-1287,9086,84,8191,2463,5762,Gamma,2025-01-20 01:45:00,9400,8667,Gamma,Delta,Other,Other,1116,7000,5257,247,5923,Alpha,2025-08-28 19:05:00,,,,,,,,,,,7208,,2024-06-21,,,Other,,,,,2400,,,,,2025-12-06,,,,,TAG-2991,,,,,,,Gamma,2022-11-24,,,Delta,,,,,,,,,,2026-05-14,,,,,,,,4567,,,719,,2023-10-15,,,,,,,,,,,,,Reviewed performance and gathered feedback.
,,Liam Brooks,Rowan Garcia,,,REF-7911,TAG-2264,LOT-3691,SKU-6096,,,,,,nina.rossi@demomail.test,,,,,,Elena Silva,,,,,Active Customer,Shared the updated proposal for review.,Cardinal Robotics LLP,Summit Ventures Ltd,Active,Standard,United States,,,,Resolved the outstanding question about scope.,SMB,,REF-4298,,Y,Financial Services,,,,"197,400",,,,,,,Referral,,TAG-2478,Aisha Dorsey,LOT-1246,,LOT-4599,,,,Standard,,LOT-4239,TAG-5007,,Gamma,,,,,Quinn Cohen,,Texas,N,,TAG-5065,,,,,,REF-2596,6005,100001,Company,100565,taylor.blake@demomail.test,Rowan Dorsey,2022-10-29 22:11:00,taylor.patel@examplecorp.test,Jamie Rossi,2024-08-31 12:53:00,sofia.cohen@examplecorp.test,Alex Haddad,2024-10-23 05:19:00,nina.rossi@acme-fake.test,,2023-04-01 23:22:00,N,100001,100001,100001,100001,,100001,100001,100001,,100001,100001,100001,,100001,100001,100001,100001,2023-02-15 04:23:00,9655,1783,Delta,Beta,Alpha,REF-6667,6952,8153,9645,1017,219,Gamma,2024-07-12 13:00:00,8881,9488,Other,Delta,Standard,Gamma,3438,7288,3292,4777,8455,Alpha,2023-02-15 13:55:00,,,Gamma,,,LOT-8539,,,3002,,,Other,2023-12-26,,,,,,,5016,4737,,,,,2026-06-21,,,,,,,,,,,,,2023-11-28,,,,,,,,,,,,,2024-04-24,,,,,Other,,,,,,,,2023-08-10,,,,,,,,,,,,,Noted a concern to revisit at the next sync.
,,Chen Sloan,Rowan Haddad,,,REF-5938,LOT-4535,TAG-8030,REF-5271,,,,,,omar.vance@sampleco.test,,Aisha Dorsey,,,,,,,,,Prospect,Scheduled a check-in for the coming month.,Beacon Health LLP,Keystone Systems LLP,Active,Alpha,Philippines,,,,Followed up on the open items from last week.,New Logo,,,,N,Logistics,,,,,,,,,,,Inbound Call,TAG-8391,,Taylor Mercer,SKU-2533,REF-1098,,,,,Gamma,,,TAG-8206,,Delta,,,,,Diego Nguyen,,Georgia,N,,SKU-4524,,,,,,SKU-3610,485,100001,Company,100568,yara.larsson@acme-fake.test,Alex Sloan,2026-03-13 09:39:00,emerson.nguyen@demomail.test,Yara Vance,2026-02-08 05:28:00,casey.ford@acme-fake.test,Emerson Ford,2023-11-04 07:41:00,chen.calder@demomail.test,,2025-02-23 10:44:00,Y,100001,100001,100001,100001,,,100001,100001,100001,100001,100001,100001,,100001,100001,100001,100001,2024-03-05 21:00:00,2930,4913,Standard,Delta,Standard,LOT-4833,3200,9464,300,4408,9529,Other,2024-04-08 08:14:00,5859,3561,Delta,Beta,Delta,Delta,8819,9044,6380,7331,128,Alpha,2023-12-17 14:10:00,,,,,Alpha,,,,,,,,2025-01-27,,,,REF-9627,,,7610,,,,,,2024-06-28,2932,,,,,,,6609,,,,,2023-02-03,,,,,Gamma,,,,,,,,2023-11-04,,,,,,,,,,9899,,,2026-05-04,,2670,,,TAG-2823,,,,,,2359,,Discussed timeline and next steps with the account.
,,Alex Sato,Morgan Ford,,,TAG-9083,TAG-7832,LOT-7346,,,,,TAG-1322,,diego.kim@examplecorp.test,,,,,,,,,,,Active Customer,Scheduled a check-in for the coming month.,Atlas Foods Corp,Evergreen Energy Inc,Inactive,Delta,Mexico,,,LOT-3474,Noted a concern to revisit at the next sync.,Enterprise,,TAG-1738,,Y,Telecommunications,,,,,,,,,,,Inbound Call,REF-2269,LOT-9428,Jamie Nguyen,REF-7825,REF-5885,,,,,Delta,,SKU-3664,SKU-5703,,,,,,,Sofia Dorsey,Aligned on billing and renewal terms.,Washington,Y,,SKU-6563,,,,,,LOT-4983,,100001,Company,100569,elena.silva@sampleco.test,Sofia Ivanov,2025-06-26 13:24:00,fatima.kim@demomail.test,Omar Vance,2025-04-21 19:08:00,chen.garcia@examplecorp.test,Sofia Ford,2025-02-07 06:02:00,quinn.brooks@sampleco.test,,2026-07-09 10:55:00,N,,100001,100001,100001,100001,100001,100001,100001,100001,100001,,100001,100001,100001,100001,100001,100001,2026-04-29 10:23:00,92,3007,Alpha,Delta,Standard,TAG-4942,4183,9165,7720,8730,1645,Gamma,2024-04-10 22:47:00,9228,2748,Beta,Standard,Standard,Standard,4822,1455,5314,73,5244,Alpha,2026-03-23 10:55:00,,,,,,REF-6881,6099,,,,,,2023-12-23,,,Delta,,,,,3751,,,,Beta,2023-03-29,,,Other,,,,,,,,,,2024-09-16,,,,,,,,,,,,,2024-07-31,,,Other,,Delta,,2932,,,,,,2023-08-02,,,,,,,,,,,,Beta,Shared the updated proposal for review.
,,Nina Okafor,Mei Dorsey,,,LOT-9133,SKU-5309,,REF-5497,,,,,,taylor.costa@examplecorp.test,Morgan Cohen,Sofia Haddad,,,,,"55,168",,,,Referral Partner,Noted a concern to revisit at the next sync.,Falcon Networks,Granite Energy Co,Active,Other,United States,,LOT-3904,,Noted a concern to revisit at the next sync.,Standard,,,,N,Construction,,,,,,,Y,,N,,LinkedIn,TAG-7352,,Sofia Cohen,,REF-2839,SKU-3203,,,,Beta,,SKU-8019,REF-5355,,Standard,,,,,Taylor Vance,,Georgia,N,,REF-8459,,,,,,REF-7796,9998,100001,Company,100571,morgan.kim@demomail.test,Alex Blake,2023-11-07 07:09:00,reese.whitfield@demomail.test,Chen Sloan,2026-01-09 08:23:00,noah.reyes@sampleco.test,Taylor Cohen,2026-04-25 20:41:00,arjun.whitfield@examplecorp.test,,2024-03-28 16:42:00,N,100001,100001,,100001,100001,,100001,100001,100001,100001,100001,100001,100001,100001,100001,100001,100001,2023-06-29 09:26:00,8094,6456,Standard,Delta,Beta,TAG-1394,4118,6741,7808,1232,1472,Beta,2024-09-07 04:18:00,3831,6684,Delta,Delta,Beta,Alpha,8764,1280,7389,709,3790,Gamma,2025-08-20 11:46:00,,,Alpha,,Standard,,,,,4106,,,2024-07-05,,3311,,,,TAG-5279,,,7105,,,,2024-07-18,2587,,,SKU-4502,,,,,,,,,2026-02-11,7628,7370,,,,,,,,,,,2024-11-17,,,,REF-1146,,,,,,,,,2026-04-12,,,,,,,,,8047,,,,Followed up on the open items from last week.
LOT-5712,,Taylor Ivanov,Yara Mercer,,,REF-9089,TAG-8247,,LOT-1397,,,,,,avery.kim@demomail.test,,Reese Larsson,,,,,,LOT-7508,,,Prospect,Discussed timeline and next steps with the account.,Atlas Dynamics Group,Falcon Partners Inc,Active,Gamma,United Kingdom,,,,Discussed timeline and next steps with the account.,Enterprise,,,,N,Professional Services,,,,,,,,,,,Event,,,Chen Reyes,TAG-8509,REF-7595,,,,,Standard,,REF-5717,SKU-1699,,Beta,,,,,Rahul Haddad,,New York,N,,TAG-1112,,,,,,LOT-5428,8166,100001,Company,100573,skyler.garcia@acme-fake.test,Taylor Garcia,2023-02-05 15:36:00,marco.reyes@demomail.test,Emerson Vance,2026-04-21 07:49:00,rahul.mensah@demomail.test,Chen Calder,2023-08-29 05:33:00,chen.okafor@examplecorp.test,,2025-08-27 01:50:00,N,100001,100001,100001,100001,100001,100001,100001,100001,,100001,,100001,100001,100001,100001,100001,100001,2025-02-19 07:47:00,4773,6135,Delta,Other,Other,SKU-6867,4267,9423,3125,9305,9898,Beta,2023-06-24 13:46:00,6105,1046,Beta,Other,Beta,Gamma,6338,1292,3868,8101,4919,Alpha,2024-03-08 20:26:00,,,,,,,,,,,7475,,2026-03-21,,,,,,,,9495,1340,,,Alpha,2024-03-18,3766,,Gamma,SKU-6320,,,,,,,,,2026-04-24,,,,,,,,,,,9588,,2025-01-10,,,Other,,Delta,,,,,8527,,Beta,2024-07-05,,,,,,,,,,,,,Reviewed performance and gathered feedback.
,,Skyler Okafor,Noah Rossi,,,SKU-1655,REF-2603,TAG-3925,REF-1391,,,,,,rowan.vance@demomail.test,,,,,,,"114,037",SKU-5756,,,Active Customer,Reviewed performance and gathered feedback.,Cardinal Holdings Ltd,Copper Robotics,Active,Delta,United Kingdom,,,,Reviewed performance and gathered feedback.,SMB,,,REF-5859,Y,Healthcare,,,,,,,,,,,Webinar,REF-4624,LOT-5528,Quinn Whitfield,TAG-8044,REF-4356,LOT-9515,6448,,,Other,,TAG-6788,SKU-8069,,Gamma,Delta,,,,Noah Garcia,,Washington,N,,SKU-9813,,,,,LOT-8841,REF-5999,556,100001,Company,100574,aisha.sloan@examplecorp.test,Alex Whitfield,2024-03-13 06:03:00,chen.silva@examplecorp.test,Fatima Mensah,2025-08-30 21:05:00,drew.garcia@examplecorp.test,Emerson Garcia,2022-12-10 12:50:00,taylor.costa@demomail.test,,2025-02-24 12:19:00,N,100001,100001,100001,100001,100001,100001,100001,100001,100001,,,100001,100001,100001,,100001,100001,2023-12-23 14:36:00,5381,8285,Standard,Beta,Alpha,SKU-6990,7566,5624,7874,9778,123,Gamma,2025-01-26 15:38:00,4115,1,Delta,Delta,Alpha,Other,9859,2819,6444,7369,2736,Beta,2023-12-08 22:15:00,655,,,,,TAG-3796,,,7075,,3338,,2026-06-17,,,,,,,,,,2211,8713,Beta,2025-12-07,,,,,,,,,,6047,,,2023-02-26,,,,,,,,,2484,,,,2023-04-30,,,,,,,,1596,,,,,2025-06-05,,,,,,,,2191,8958,,,,Followed up on the open items from last week.
,LOT-6175,Chen Whitfield,Avery Sato,,,LOT-6863,LOT-5100,LOT-9797,,,SKU-1715,,,,priya.larsson@sampleco.test,,,,,,Noah Cohen,,SKU-7013,,,Past Customer,Reviewed performance and gathered feedback.,Horizon Logistics Corp,Vertex Foods Group,Active,Standard,Philippines,,,LOT-9151,Aligned on billing and renewal terms.,Enterprise,,,,N,Logistics,,,,,,,,,,,Partner,,SKU-6747,Mei Vance,LOT-9848,SKU-1631,,1908,,,Alpha,,LOT-4991,TAG-8882,,,,,,,Jordan Patel,,California,N,,SKU-4495,,,,,,LOT-9254,5156,100001,Company,100576,avery.garcia@demomail.test,Avery Blake,2022-10-02 01:39:00,chen.kim@examplecorp.test,Nina Cohen,2025-10-04 14:32:00,reese.whitfield@demomail.test,Priya Vance,2023-03-31 00:56:00,rowan.dorsey@acme-fake.test,Fatima Sloan,2024-10-04 16:54:00,Y,100001,100001,100001,100001,,100001,100001,100001,,,,100001,100001,100001,100001,100001,100001,2024-02-04 04:10:00,793,9616,Other,Alpha,Delta,SKU-3036,4535,1164,2693,2588,9957,Standard,2024-10-06 22:30:00,4323,9588,Beta,Alpha,Delta,Delta,8043,1497,4896,4260,9400,Delta,2023-10-21 06:01:00,,,Gamma,TAG-6888,,,,9601,,,3753,,2023-07-04,,,,,,,,2228,,,,,2026-06-20,,,,,LOT-3433,,,,,,2890,,2026-02-11,,,,LOT-4122,,,2660,,6673,,,Delta,2024-06-24,,,,,,,,,,,,,2023-12-25,,,,,,SKU-2819,,,,,,,Shared the updated proposal for review.
REF-7029,,Liam Whitfield,Jamie Haddad,,,SKU-6417,REF-8396,,,REF-1188,,,,,rowan.patel@acme-fake.test,Casey Vance,,,,LOT-5307,Sofia Okafor,,REF-8672,,,Referral Partner,Noted a concern to revisit at the next sync.,Redwood Industries Corp,Brightpath Systems Corp,Active,Gamma,Australia,,SKU-2882,,,Renewal,,,,N,Logistics,,Delta,,,,,,,,,Website,SKU-6228,TAG-9332,Elena Cohen,LOT-4141,,,5688,,,Gamma,,LOT-2182,TAG-7461,,Delta,,,,,Avery Dorsey,,Colorado,Y,,SKU-8877,,,,TAG-4484,,SKU-6179,3804,100001,Company,100579,noah.patel@sampleco.test,Taylor Sloan,2024-10-22 20:51:00,sofia.sato@examplecorp.test,Fatima Garcia,2025-11-09 22:44:00,mei.mercer@sampleco.test,Mei Blake,2025-07-05 18:08:00,fatima.costa@acme-fake.test,Skyler Larsson,2025-11-14 15:50:00,N,100001,100001,100001,100001,100001,,100001,100001,,100001,,100001,100001,100001,100001,100001,100001,2023-07-04 13:25:00,8672,8315,Other,Gamma,Gamma,LOT-4396,8026,3127,7223,1931,8929,Gamma,2025-08-14 23:06:00,3679,8840,Standard,Alpha,Gamma,Gamma,9442,9265,6682,8175,3193,Gamma,2023-06-09 13:41:00,,,,TAG-8545,,,1725,,,,,,2025-03-31,,,Beta,REF-8174,,,,,,,,,2024-12-25,,,Alpha,,TAG-7208,,,,,,,Other,2023-11-21,,,,,,,,,,,5214,,2023-01-25,3963,9444,,,,LOT-1766,,,,,,Beta,2022-10-28,,,,,,LOT-7709,,,,,,,Scheduled a check-in for the coming month.
,,Reese Reyes,Marco Ashby,,,LOT-8086,SKU-6609,TAG-2356,,,,REF-7058,,Delta,alex.silva@sampleco.test,,,,,,,"2,371",,,,Active Customer,Reviewed performance and gathered feedback.,Delta Textiles LLP,Brightpath Manufacturing LLC,Active,Alpha,Germany,,,,Reviewed performance and gathered feedback.,SMB,,REF-9870,,N,Logistics,,,,,,,,,,,Cold Outreach,SKU-7839,,Riley Rossi,TAG-7031,LOT-2206,,4852,,,Delta,,REF-4560,,,Alpha,,"143,456",,,Elena Cohen,Scheduled a check-in for the coming month.,Georgia,Y,,LOT-6975,,,,,,,7829,100001,Company,100582,chen.larsson@sampleco.test,Arjun Cohen,2026-01-09 21:21:00,noah.larsson@acme-fake.test,Riley Larsson,2023-06-12 05:47:00,mei.calder@sampleco.test,Diego Larsson,2023-12-02 10:22:00,drew.larsson@acme-fake.test,,2024-02-23 07:43:00,Y,,100001,100001,100001,,,100001,100001,100001,,,100001,100001,100001,100001,100001,100001,2026-04-11 21:50:00,4325,5191,Delta,Standard,Standard,LOT-5132,3581,750,5644,6509,6042,Delta,2024-06-24 09:01:00,4443,5584,Delta,Alpha,Beta,Gamma,7098,6073,359,7095,2066,Gamma,2026-07-26 01:45:00,9846,1670,,LOT-7367,,,,,8211,,,,2026-05-14,,,,,,LOT-8827,,,,,,,2024-04-09,,,Gamma,,,,,,,,2496,,2024-09-06,,,,,,,,,,,,,2023-07-28,207,,,REF-7676,,,,,,,,,2023-12-27,,,,,,,,,,,,,Discussed timeline and next steps with the account.
,,Reese Cohen,Skyler Haddad,,,REF-7676,REF-1063,LOT-6119,,TAG-6342,,,,,alex.larsson@demomail.test,Arjun Cohen,,,LOT-8070,,,"26,481",,,,Prospect,Noted a concern to revisit at the next sync.,Horizon Partners Inc,Blue Ridge Holdings LLP,Active,Delta,India,,,,Resolved the outstanding question about scope.,SMB,,,,Y,Technology,,,,,,,,Gamma,,,Website,REF-4317,TAG-6425,Elena Mercer,TAG-7328,LOT-2809,SKU-6884,7971,,,Delta,,TAG-2386,TAG-5967,,Gamma,,,,,Jamie Vance,,Colorado,N,,TAG-1109,,,,,,TAG-3630,6377,100001,Company,100585,casey.ashby@examplecorp.test,Chen Mercer,2024-07-24 13:50:00,avery.kim@demomail.test,Yara Haddad,2025-03-11 16:26:00,reese.sato@sampleco.test,Rowan Okafor,2026-07-18 15:34:00,avery.brooks@acme-fake.test,,2025-04-05 10:32:00,Y,100001,100001,100001,100001,100001,100001,100001,100001,100001,,100001,100001,100001,100001,100001,,100001,2024-01-28 13:26:00,8054,2255,Standard,Other,Standard,TAG-4195,9584,5386,5568,9141,2360,Gamma,2026-03-13 21:43:00,9871,1585,Delta,Standard,Other,Gamma,82,7566,5641,8062,8880,Delta,2024-10-22 02:37:00,,,,SKU-7519,,,,4223,,,,,2023-05-27,,5315,Standard,,Beta,,,,,,,,2023-03-06,,,,,,,8249,,,,,,2025-12-18,,,Other,,,,,,6614,3732,,,2025-12-03,,,,,,,7268,3497,,,,,2025-12-14,6530,,,,,,,,,,,,Shared the updated proposal for review.
,LOT-9197,Emerson Kim,Noah Brooks,,,REF-8628,REF-4987,LOT-9982,,,,REF-4340,REF-6506,,morgan.sato@acme-fake.test,,Nina Cohen,,LOT-1136,,,,SKU-3972,,,Referral Partner,Aligned on billing and renewal terms.,Cardinal Group LLC,Delta Labs Inc,Active,Alpha,Germany,Delta,,,Resolved the outstanding question about scope.,Enterprise,,SKU-9234,,Y,Manufacturing,,,,,,,,,,,Cold Outreach,SKU-1481,TAG-8450,Omar Costa,LOT-6407,LOT-9109,,,,,Other,,SKU-4113,LOT-3253,,Gamma,,,,,Alex Silva,,New York,N,,REF-5595,,,,,,LOT-7577,,100001,Company,100587,omar.whitfield@demomail.test,Priya Ashby,2024-11-26 00:00:00,drew.larsson@demomail.test,Mei Reyes,2026-04-10 11:17:00,jordan.silva@examplecorp.test,Chen Brooks,2025-05-14 07:47:00,alex.calder@sampleco.test,,2024-11-07 23:44:00,Y,,100001,100001,100001,100001,100001,100001,100001,,,,100001,,100001,100001,100001,100001,2025-04-01 08:41:00,3895,7574,Beta,Beta,Standard,TAG-8084,8091,5669,9311,994,626,Other,2023-10-22 04:13:00,5944,3369,Gamma,Standard,Standard,Delta,949,1478,9791,8825,3738,Beta,2025-09-17 22:24:00,,,,,,,775,,,,,,2026-05-15,,,,LOT-6620,,,,,,,3677,,2023-01-24,,,,,,,,4972,,,,,2026-02-13,,5754,,,,,,,,,,Beta,2026-04-12,,2220,,,,LOT-8801,,,,,,,2023-11-13,,,,,REF-6438,SKU-9407,,,,,,,Resolved the outstanding question about scope.
SKU-1932,,Taylor Cohen,Casey Okafor,,,LOT-8944,REF-8803,,,TAG-3536,,,,Beta,arjun.ford@sampleco.test,Morgan Blake,Priya Haddad,,,,,,TAG-8353,,,Active Customer,Followed up on the open items from last week.,Keystone Energy Co,Evergreen Robotics Group,Active,Alpha,Philippines,,,,,Enterprise,,,,N,Real Estate,,Delta,,,,,,,,,Webinar,,,Quinn Okafor,LOT-9372,REF-5101,REF-5841,9912,,,Gamma,,REF-6020,REF-2548,,Standard,,,,,Rahul Kim,,Arizona,N,,REF-3872,,,,LOT-3636,,SKU-2971,6906,100001,Company,100588,sofia.costa@demomail.test,Aisha Rossi,2025-10-21 11:01:00,nina.sloan@demomail.test,Skyler Larsson,2023-08-17 09:25:00,avery.kim@sampleco.test,Omar Whitfield,2024-04-16 10:23:00,avery.ivanov@examplecorp.test,,2024-03-07 16:09:00,Y,100001,100001,100001,100001,100001,100001,100001,100001,100001,,100001,100001,100001,,100001,,100001,2025-08-22 19:11:00,6730,6107,Delta,Beta,Other,LOT-4553,6263,7944,2192,6399,6631,Beta,2024-02-19 05:17:00,3571,9143,Standard,Other,Alpha,Standard,4003,2690,5205,8413,1414,Delta,2023-12-28 01:24:00,48,,,,,,,,,,,,2023-07-24,,,,,,SKU-1520,,,,,,,2024-09-19,,,,,,,,,,,,,2026-03-01,,,,,,,,,,,,,2023-09-01,4381,,,,,REF-1916,,,6172,,,Beta,2024-08-20,,,,TAG-6279,,,,6831,,,,,Discussed timeline and next steps with the account.
,,Jordan Dorsey,Aisha Costa,,,REF-7393,,SKU-1388,TAG-1792,LOT-3957,LOT-1112,,,Beta,mei.silva@examplecorp.test,,,,,,,,LOT-9167,,,Active Customer,Followed up on the open items from last week.,Granite Analytics Inc,Falcon Partners LLP,Active,Alpha,Canada,,,,,Standard,,,,N,Logistics,,,,,,Standard,,,,,Inbound Call,LOT-4314,,Chen Haddad,REF-4186,SKU-8737,TAG-1042,,,,Delta,,TAG-8316,TAG-1205,,Beta,,,,,Priya Sato,,Illinois,Y,,TAG-7395,,,,,,SKU-7752,3408,100001,Company,100591,noah.silva@sampleco.test,Aisha Cohen,2023-05-02 06:30:00,alex.blake@examplecorp.test,Priya Sloan,2026-01-27 03:25:00,omar.nguyen@sampleco.test,Mei Mercer,2024-04-04 11:13:00,taylor.costa@demomail.test,,2022-10-20 03:12:00,Y,100001,100001,100001,100001,100001,,100001,100001,100001,100001,100001,100001,100001,100001,100001,,100001,2025-09-28 02:15:00,1325,3566,Standard,Other,Delta,LOT-7528,5346,8997,4982,6244,3812,Gamma,2023-04-22 12:33:00,2757,8906,Beta,Alpha,Gamma,Gamma,8948,5589,5574,1541,5510,Standard,2026-01-22 11:23:00,3993,,,,,,,,,,,,2025-09-03,,,,,,,,5631,8876,,,,2025-05-31,,,,,,,,,,,,,2024-06-27,,,,,,,,,7733,,,,2025-08-02,,,,,,,,,,,7835,,2023-09-21,,,,,,,,,,,,,Followed up on the open items from last week.
LOT-1794,,Taylor Mensah,Jordan Dorsey,,,LOT-3898,TAG-6561,REF-6709,REF-3319,,,,TAG-1232,,jordan.dorsey@sampleco.test,,,,,,,,LOT-3228,,,Active Customer,Resolved the outstanding question about scope.,Lakeside Group LLP,Redwood Logistics Inc,Active,Alpha,Mexico,,,,Aligned on billing and renewal terms.,Renewal,,,,Y,Media,,,,,,,,,,,Event,,LOT-4222,Reese Mensah,LOT-3921,TAG-7329,REF-5977,9116,,,Standard,,SKU-1668,,,,,,,,Elena Whitfield,,Texas,Y,,REF-8601,,,,REF-3411,,LOT-6233,6200,100001,Company,100593,drew.sloan@examplecorp.test,Liam Whitfield,2023-04-15 03:03:00,morgan.haddad@examplecorp.test,Rowan Calder,2026-05-28 12:24:00,drew.dorsey@sampleco.test,Fatima Whitfield,2023-04-18 18:47:00,rahul.kim@examplecorp.test,Marco Dorsey,2025-01-03 11:47:00,N,100001,100001,100001,100001,100001,100001,100001,100001,,,,,,100001,100001,,100001,2025-02-04 20:34:00,7492,4044,Delta,Delta,Standard,LOT-7346,2309,7566,6527,4266,7702,Delta,2024-08-31 11:33:00,3204,3717,Other,Beta,Delta,Other,105,2466,8842,1232,2707,Beta,2025-01-03 03:54:00,,,,,,,,7582,,3285,,,2024-08-24,,,Standard,,,,,,,7093,,Alpha,2024-03-31,,1140,,,,,,,5961,,,,2024-03-01,,6355,,SKU-2285,,LOT-1387,,,,,,,2023-02-16,,,,,,,,,,,,,2024-03-20,,,,SKU-6110,,,5042,,,,,,Reviewed performance and gathered feedback.
,SKU-9763,Casey Costa,Yara Ford,,,,,,,SKU-8269,,,REF-9677,Other,morgan.larsson@acme-fake.test,,Priya Mensah,,,REF-5305,Arjun Mercer,,,,,Active Customer,Shared the updated proposal for review.,Falcon Networks Co,Falcon Textiles Ltd,Active,Delta,Canada,,,,Aligned on billing and renewal terms.,Standard,,,,N,Energy,,,,,,,Y,,,,Event,LOT-3536,,Rowan Ashby,SKU-7959,SKU-6658,,6818,,,Gamma,,REF-5820,,,Delta,,,,,Noah Costa,,Texas,Y,,TAG-3555,,,,,REF-9418,TAG-5302,6182,100001,Company,100596,casey.blake@examplecorp.test,Rowan Dorsey,2024-07-17 19:10:00,reese.silva@demomail.test,Rahul Costa,2025-05-23 16:04:00,jamie.mensah@examplecorp.test,Quinn Ford,2024-05-12 10:58:00,sofia.cohen@examplecorp.test,,2023-08-23 05:42:00,N,100001,100001,,100001,100001,,100001,100001,100001,,100001,100001,100001,100001,,100001,100001,2023-08-01 15:54:00,9894,5204,Alpha,Other,Delta,LOT-5442,7668,9790,6928,2589,8667,Delta,2024-12-27 10:29:00,6430,1192,Standard,Standard,Other,Gamma,2364,5252,840,7156,3901,Gamma,2025-10-05 23:47:00,,,,,,,,,,,,,2024-09-14,6149,9703,,LOT-4926,,,,,5121,,,,2023-04-23,,,,,,,,,,,,,2024-09-25,,,,LOT-3203,,,,,,,,,2024-05-19,,,,,,,,,,,,,2023-01-15,,,,REF-7181,,,6103,,,,7944,,Shared the updated proposal for review.
,,Jordan Haddad,Noah Larsson,,,TAG-7056,SKU-4859,LOT-1054,,,,REF-6163,,,liam.sloan@examplecorp.test,,,,,LOT-2974,,,SKU-2787,,,Active Customer,Shared the updated proposal for review.,Cardinal Ventures Co,Pioneer Robotics Corp,Active,Standard,United States,,,,Aligned on billing and renewal terms.,Renewal,,,LOT-9807,,Agriculture,LOT-4268,,,"12,091",,,Y,,,,Cold Outreach,,REF-7111,Marco Haddad,SKU-2927,REF-6707,SKU-5642,3366,,,Beta,,SKU-1078,REF-7149,,Other,,,,,Noah Blake,,Georgia,Y,,LOT-8451,,,,,SKU-7716,TAG-8527,6506,100001,Company,100597,fatima.kim@demomail.test,Aisha Brooks,2024-03-25 09:47:00,rowan.calder@demomail.test,Diego Reyes,2024-06-02 11:35:00,rowan.ashby@sampleco.test,Arjun Brooks,2026-06-13 21:31:00,noah.rossi@acme-fake.test,Riley Patel,2024-11-04 03:57:00,N,100001,100001,100001,100001,100001,100001,100001,100001,,,,100001,,100001,100001,100001,100001,2025-10-22 07:19:00,965,9487,Standard,Alpha,Gamma,REF-2503,475,2263,1037,8257,337,Alpha,2025-01-15 16:45:00,6236,6054,Beta,Delta,Other,Other,2997,4346,6410,7490,1320,Gamma,2022-11-29 05:29:00,,,,,Alpha,,,,,1115,,Beta,2022-12-28,,,,,,,,,,,,,2023-03-12,,,,,,,,,,,,,2024-02-13,,,,TAG-4820,,,4110,,,,,,2026-07-11,,,,,Beta,,,,3978,,,,2026-04-25,,,,,,,,,,,,,Noted a concern to revisit at the next sync.
,,Fatima Garcia,Drew Sato,,,TAG-3101,LOT-4350,TAG-3320,,,,,,,riley.ashby@examplecorp.test,Taylor Patel,Liam Nguyen,,,,,"134,491",SKU-8915,,,Referral Partner,Noted a concern to revisit at the next sync.,Summit Labs Inc,Summit Manufacturing LLP,Active,Standard,Philippines,,,,Shared the updated proposal for review.,SMB,,,,Y,Logistics,,,,"152,129",,,,,,,Referral,LOT-7808,REF-7457,Noah Ivanov,SKU-4409,,TAG-9180,2202,,,Standard,,REF-6359,LOT-2137,,,,,,,Yara Ford,,Florida,Y,,SKU-3173,,,,,,LOT-7199,1271,100001,Company,100598,rahul.haddad@acme-fake.test,Avery Costa,2022-12-07 07:43:00,chen.sato@sampleco.test,Priya Ashby,2025-04-25 03:08:00,skyler.kim@sampleco.test,Fatima Dorsey,2024-04-13 07:57:00,nina.ford@demomail.test,,2023-10-30 18:42:00,N,,100001,100001,100001,,100001,100001,100001,100001,,,100001,100001,100001,100001,,100001,2024-04-15 09:12:00,4636,344,Other,Beta,Delta,SKU-8722,1963,9307,8971,4611,8388,Alpha,2024-07-27 20:13:00,2470,3962,Delta,Beta,Standard,Beta,5406,4747,568,732,8762,Alpha,2023-09-06 00:05:00,,5986,Delta,,,REF-6709,,,,,7048,Standard,2025-10-20,,,,,,,,,,3655,,,2022-10-06,,,,,,,,,,2450,,,2024-10-19,,,,,Standard,,,,,,,,2022-10-25,1825,9937,Delta,,,,,,,,,,2025-02-24,,,,,,,,,,,,,Reviewed performance and gathered feedback.
,,Rowan Ashby,Rowan Mercer,,,LOT-5905,REF-3577,TAG-5501,TAG-6471,,,,SKU-6673,,morgan.costa@examplecorp.test,,,,,TAG-7175,Rahul Dorsey,,SKU-6360,,,Past Customer,Followed up on the open items from last week.,Redwood Capital Ltd,Blue Ridge Solutions LLC,Active,Alpha,Mexico,,,,Noted a concern to revisit at the next sync.,SMB,,,,Y,Financial Services,LOT-6092,,,,,,,,,,Inbound Call,,REF-6251,Reese Haddad,LOT-7701,REF-7468,TAG-7762,,,,Beta,,LOT-9444,SKU-5851,,Other,,,,,Nina Mercer,,Ohio,Y,,SKU-8870,,,,,LOT-2493,REF-7860,8327,100001,Company,100601,morgan.okafor@demomail.test,Marco Cohen,2025-07-09 07:40:00,marco.garcia@demomail.test,Jordan Mensah,2025-01-04 21:44:00,morgan.mercer@demomail.test,Reese Blake,2025-04-05 04:58:00,sofia.nguyen@demomail.test,Rahul Cohen,2024-02-26 03:25:00,Y,100001,100001,100001,100001,100001,100001,100001,100001,100001,,100001,100001,100001,100001,100001,100001,100001,2024-01-03 15:51:00,3594,849,Gamma,Delta,Other,REF-5638,740,7278,9977,8278,9018,Delta,2026-03-29 06:11:00,3103,4315,Alpha,Other,Standard,Gamma,2525,7654,6436,1954,4099,Gamma,2023-12-19 12:55:00,1605,1951,,,,,,,4687,,4703,,2023-08-02,,,,SKU-4054,Other,,,,,,,Standard,2023-09-20,,,,,,,,,,,,,2025-01-01,,,,,Beta,,,,,,,,2025-03-01,,,,,,,,,,,,,2023-05-06,,,,,,,,,,,,,Scheduled a check-in for the coming month.
,,Elena Cohen,Chen Rossi,,,TAG-1731,REF-4477,TAG-7422,SKU-3032,,,,,,morgan.ivanov@acme-fake.test,,Omar Silva,,SKU-2983,,,,TAG-1091,,,Active Customer,Aligned on billing and renewal terms.,Meridian Textiles,Horizon Robotics Corp,Active,Alpha,Canada,,,,Reviewed performance and gathered feedback.,SMB,,SKU-9089,,Y,Telecommunications,,,,,,,,,,,Cold Outreach,LOT-4575,TAG-6503,Taylor Dorsey,SKU-4498,,,9740,,,Other,,REF-3463,,,Standard,,,,,Riley Sloan,,Illinois,N,,LOT-7633,,,,,,,785,100001,Company,100603,chen.cohen@demomail.test,Elena Patel,2025-04-07 15:16:00,quinn.vance@sampleco.test,Skyler Calder,2024-10-24 00:08:00,omar.rossi@examplecorp.test,Skyler Calder,2026-02-04 03:46:00,jamie.sato@sampleco.test,Sofia Brooks,2026-05-07 12:23:00,N,100001,100001,100001,100001,100001,100001,100001,100001,100001,,100001,100001,100001,100001,100001,100001,100001,2022-12-09 23:00:00,3944,3593,Beta,Beta,Beta,SKU-5483,4025,6491,9239,5196,5582,Alpha,2024-02-17 01:46:00,4319,9313,Alpha,Beta,Delta,Beta,9107,2252,5390,153,6199,Delta,2025-05-06 01:48:00,,,,,,,,,,5541,,,2023-05-27,,,Standard,,,,,13,2698,,,,2023-07-18,,,,SKU-3909,LOT-8892,,,,6257,,,,2024-07-20,,,,LOT-8145,,,,,,,,,2023-05-13,,,Beta,,,,4654,3085,,,,,2023-08-28,,,,,,,,,,,,,Reviewed performance and gathered feedback.
,SKU-3179,Arjun Haddad,Reese Ashby,,,,TAG-5346,,TAG-3341,LOT-2930,,,,,marco.ashby@examplecorp.test,,,,LOT-3382,REF-9154,,,SKU-9092,,,Past Customer,Shared the updated proposal for review.,Delta Textiles LLP,Everest Industries LLP,Active,Gamma,India,,,,Followed up on the open items from last week.,Renewal,,SKU-8159,,N,Construction,,,,,,,,,,,LinkedIn,,LOT-5100,Reese Larsson,,,REF-3893,4954,,,Standard,,TAG-8689,REF-5601,,Gamma,,,,,Morgan Calder,,California,Y,,REF-7774,,,,,,,2832,100001,Company,100604,casey.ashby@examplecorp.test,Diego Vance,2023-09-14 12:26:00,alex.nguyen@sampleco.test,Fatima Mercer,2025-08-06 18:13:00,alex.mensah@acme-fake.test,Emerson Rossi,2026-04-29 15:20:00,omar.vance@demomail.test,,2023-03-05 16:49:00,Y,100001,100001,100001,100001,100001,100001,100001,100001,,100001,,100001,100001,100001,100001,100001,100001,2023-01-08 23:24:00,3543,2007,Gamma,Other,Standard,TAG-9819,8114,501,2910,7682,8365,Other,2026-05-10 02:10:00,2220,7309,Other,Other,Standard,Gamma,3050,8095,7692,2935,744,Beta,2026-07-05 13:10:00,,,,,Beta,,,4959,6753,7105,,,2025-08-12,,8635,,,,,,,,,,,2023-08-16,,3466,,,,,,,846,,,,2025-07-19,,239,,,Gamma,,,,,,,,2025-02-07,,,,,,,,,,,,,2025-05-11,,,Standard,,,REF-8354,,,,,,Beta,Reviewed performance and gathered feedback.
,,Taylor Ivanov,Priya Larsson,,,REF-6258,REF-8273,,,,LOT-6817,,,,casey.rossi@demomail.test,,Noah Blake,,SKU-6878,,,"183,609",,,,Prospect,Discussed timeline and next steps with the account.,Delta Labs LLC,Delta Dynamics LLP,Inactive,Beta,Australia,,,,Resolved the outstanding question about scope.,Enterprise,,,,Y,Healthcare,,,,"124,344",,,,,,,Website,REF-7128,LOT-7639,Avery Whitfield,,TAG-5394,,5853,,,Other,,,SKU-2153,,Delta,,,,,Noah Haddad,,Texas,Y,,LOT-7364,,,,,,LOT-2332,9499,100001,Company,100607,omar.calder@examplecorp.test,Alex Brooks,2024-01-30 15:08:00,casey.silva@acme-fake.test,Elena Reyes,2023-08-05 12:15:00,marco.haddad@sampleco.test,Aisha Whitfield,2025-11-10 07:43:00,jordan.ivanov@examplecorp.test,,2023-01-07 19:40:00,Y,100001,100001,100001,100001,,,100001,100001,100001,100001,100001,100001,,100001,100001,100001,100001,2026-06-20 12:21:00,6540,3077,Alpha,Other,Gamma,SKU-9458,7709,376,7783,2447,4836,Delta,2023-02-13 05:43:00,4832,5089,Delta,Gamma,Gamma,Beta,1852,6791,3420,55,9314,Beta,2023-03-25 07:44:00,,,Delta,,,REF-6940,,,,,33,,2026-05-28,,,,LOT-2811,,,,,,,,,2026-01-23,,,,,,,,,,,,,2023-07-25,,,,,,,5768,,,,,,2024-04-28,,,,,Alpha,,,,806,,,Standard,2023-01-15,,,,,,,,,,,,Delta,Resolved the outstanding question about scope.
TAG-7224,,Jordan Haddad,Skyler Sloan,,,LOT-5277,,,,,,,,Other,drew.mensah@sampleco.test,,,,,TAG-7599,,,TAG-9636,,,Active Customer,Reviewed performance and gathered feedback.,Granite Partners Inc,Granite Robotics Group,Active,Standard,Australia,Other,SKU-4096,,Noted a concern to revisit at the next sync.,SMB,,,,N,Media,,,,,,,,,,,Event,LOT-3853,,Quinn Cohen,REF-6791,REF-5411,,4412,,,Beta,,REF-4877,REF-4700,,Gamma,,,,,Chen Rossi,,Illinois,N,,TAG-4327,,,,,,REF-9488,7574,100001,Company,100610,drew.mercer@examplecorp.test,Quinn Kim,2022-12-22 04:02:00,drew.reyes@acme-fake.test,Nina Kim,2025-09-21 22:38:00,liam.whitfield@demomail.test,Chen Haddad,2025-04-15 22:14:00,casey.calder@sampleco.test,,2023-02-26 00:20:00,Y,100001,100001,,100001,100001,,100001,100001,100001,100001,100001,100001,100001,100001,100001,,100001,2026-02-13 22:48:00,9860,8083,Standard,Standard,Gamma,REF-2763,9136,4378,1899,2590,2218,Gamma,2024-11-27 11:42:00,537,4362,Alpha,Delta,Alpha,Delta,9517,1319,8911,5896,2769,Standard,2024-09-30 09:52:00,,6354,,LOT-3258,,,,,,4462,,Beta,2023-03-22,,,,,,,,,1154,,1760,Gamma,2024-09-22,,804,,SKU-6157,,,2522,5770,,,,,2022-11-12,,,Gamma,,,,,,,,,,2023-03-24,,,,,,,,6940,8329,,,,2026-04-17,,,,,,,3439,3178,,,,,Scheduled a check-in for the coming month.
,REF-7544,Taylor Sato,Quinn Mensah,,,,SKU-6205,,SKU-1455,SKU-1290,,REF-9686,,Gamma,arjun.vance@sampleco.test,,Rahul Ivanov,,REF-5141,TAG-7151,Nina Kim,"62,144",SKU-8671,"39,385",,Prospect,Scheduled a check-in for the coming month.,Cobalt Textiles Ltd,Lakeside Foods LLC,Active,Gamma,Philippines,,,REF-6749,Scheduled a check-in for the coming month.,New Logo,,,,N,Manufacturing,,,,,,,,Alpha,,,Webinar,LOT-3763,,Rahul Brooks,TAG-2472,SKU-5787,TAG-3934,,,,Delta,,REF-7035,SKU-4858,,,,,,,Noah Calder,,Arizona,N,,TAG-8415,,,,,,SKU-2315,240,100001,Company,100613,avery.reyes@examplecorp.test,Priya Larsson,2025-12-23 18:56:00,marco.cohen@examplecorp.test,Sofia Patel,2025-06-08 08:53:00,mei.dorsey@demomail.test,Marco Whitfield,2023-09-28 15:00:00,arjun.ivanov@examplecorp.test,Morgan Calder,2024-04-06 14:46:00,Y,100001,100001,100001,100001,100001,,100001,100001,,,,100001,100001,100001,100001,,100001,2024-06-08 14:51:00,1745,5245,Alpha,Other,Delta,REF-6642,9821,9924,3449,8336,439,Delta,2024-10-20 12:05:00,8311,1649,Gamma,Standard,Delta,Standard,3386,6101,4066,5737,1183,Standard,2026-01-17 14:43:00,,418,Delta,,,,,2590,,,,,2025-01-26,,6244,,TAG-4829,,LOT-5140,,,,,7229,,2023-10-15,,,,,,,,,8673,,,,2025-03-28,,,,,,,,,,,,Other,2024-04-20,,,Alpha,,,,,,9200,,,Beta,2026-06-26,,,,REF-6163,,,,,,,1035,,Shared the updated proposal for review.
,,Elena Silva,Alex Reyes,,,,LOT-5997,TAG-2027,,,,,,Gamma,yara.calder@demomail.test,,Aisha Cohen,,,,Mei Okafor,,SKU-9815,,,Active Customer,Aligned on billing and renewal terms.,Keystone Textiles Corp,Cobalt Group LLP,Active,Beta,Australia,,LOT-6798,,Discussed timeline and next steps with the account.,Enterprise,,,,Y,Retail,,,,,,,,,,,LinkedIn,LOT-3570,,Rahul Blake,TAG-8352,,REF-3484,,,,Other,,TAG-3357,LOT-5579,,Standard,,"121,199",,,Arjun Ford,,Illinois,Y,,,,,,,,TAG-3948,2891,100001,Company,100615,priya.vance@demomail.test,Casey Mercer,2026-03-07 16:19:00,fatima.calder@examplecorp.test,Avery Ashby,2024-05-29 16:04:00,aisha.mensah@acme-fake.test,Rowan Vance,2025-10-09 03:22:00,noah.sato@sampleco.test,,2024-06-09 07:51:00,Y,100001,100001,100001,100001,100001,,100001,100001,100001,100001,100001,100001,100001,100001,100001,100001,100001,2024-01-10 20:57:00,9011,8646,Gamma,Standard,Standard,SKU-1105,9911,4073,4205,8534,5311,Delta,2026-07-13 16:20:00,6786,3768,Gamma,Standard,Delta,Standard,6807,8283,3328,8019,7997,Alpha,2023-12-12 04:58:00,,,,,,,,,,,,,2024-04-11,,,,LOT-7392,,,,5379,,,4454,,2026-01-20,,,,,,,,,,,,,2025-05-21,,6472,,,,REF-5420,,,,,,,2024-05-26,593,,Other,,,,,2023,2368,,,,2026-05-01,,,,,,,,9582,,4557,,,Scheduled a check-in for the coming month.
,,Aisha Ford,Quinn Silva,,,SKU-8593,,LOT-3627,,,,,,Standard,avery.larsson@demomail.test,,,,,TAG-6690,,,REF-7996,,,Active Customer,Discussed timeline and next steps with the account.,Silverline Partners Co,,Active,Gamma,India,,,REF-4022,Resolved the outstanding question about scope.,New Logo,,REF-7246,,Y,Agriculture,,,,,,,N,,,,Referral,,LOT-2005,Marco Sato,,,TAG-7914,,,,Gamma,,SKU-3159,LOT-6022,,Other,,,,,Yara Garcia,Reviewed performance and gathered feedback.,Colorado,Y,,REF-4456,,,,,SKU-4313,SKU-8887,8192,100001,Company,100616,mei.larsson@demomail.test,Fatima Mensah,2024-06-29 10:35:00,marco.ashby@examplecorp.test,Nina Haddad,2026-01-27 01:00:00,liam.nguyen@examplecorp.test,Morgan Kim,2025-08-07 03:16:00,noah.larsson@examplecorp.test,,2025-02-22 02:22:00,N,100001,100001,100001,100001,100001,,100001,100001,,100001,100001,100001,100001,100001,100001,,100001,2023-03-09 20:35:00,5653,4795,Standard,Gamma,Alpha,SKU-9294,2957,917,9950,6142,192,Alpha,2023-02-02 19:01:00,1932,1097,Delta,Standard,Beta,Alpha,6758,1574,1738,3169,6062,Beta,2024-06-13 05:08:00,727,7996,,,,,27,,,,,,2022-10-09,,,,SKU-1038,,,,5105,,,,,2022-12-06,,,,,,,7630,,1033,,,,2024-11-07,,,,,,SKU-4641,9323,,,2202,3407,,2024-05-19,,,Standard,,,,,,,,,,2026-07-07,,,,,LOT-5618,,,,,,,Alpha,Shared the updated proposal for review.
LOT-2356,,Aisha Rossi,Priya Sloan,,,SKU-6647,SKU-6901,TAG-4486,,,,,,,emerson.ford@examplecorp.test,,,,SKU-9012,,Aisha Cohen,,SKU-3801,,,Past Customer,Shared the updated proposal for review.,Everest Textiles Group,Granite Holdings Inc,Active,Gamma,Mexico,Standard,,,Followed up on the open items from last week.,Renewal,,REF-5577,,,Telecommunications,,,,"204,314",,,,,,,Referral,,,Jamie Ashby,LOT-3141,LOT-8507,,7348,,,Delta,,LOT-3894,LOT-2919,,Standard,,,Gamma,,Chen Larsson,Resolved the outstanding question about scope.,Washington,N,,SKU-2312,,,,,,SKU-8144,5464,100001,Company,100617,fatima.sloan@examplecorp.test,Sofia Nguyen,2024-08-02 02:24:00,jordan.rossi@demomail.test,Taylor Rossi,2024-09-08 13:05:00,elena.costa@acme-fake.test,Skyler Sato,2025-07-02 08:58:00,jordan.costa@demomail.test,,2024-11-19 12:09:00,Y,100001,100001,100001,100001,100001,100001,100001,100001,,100001,,100001,100001,100001,100001,100001,100001,2023-09-07 02:40:00,5714,5409,Alpha,Beta,Other,SKU-6339,748,761,6437,7393,1131,Gamma,2025-07-02 00:40:00,6520,2743,Beta,Other,Alpha,Other,8465,3676,6885,5940,1152,Standard,2026-02-06 20:02:00,,,,,,SKU-5179,,,,,8286,,2023-09-22,5616,,,TAG-6710,,,,,,,,,2024-01-10,,,,,SKU-8882,,,,,4842,,,2026-04-18,,,,,Beta,,,,3596,,,,2026-05-16,,,,LOT-6027,,,,,,,,Other,2024-07-31,,,,,,,,,,7402,,Standard,Scheduled a check-in for the coming month.
,,Rowan Dorsey,Fatima Mensah,,,REF-9923,LOT-4104,,,,,,LOT-6569,,mei.sloan@acme-fake.test,,,,,,,,LOT-7351,,,Referral Partner,Aligned on billing and renewal terms.,Blue Ridge Networks Ltd,Cardinal Group Corp,Active,Standard,Germany,,TAG-5506,,Noted a concern to revisit at the next sync.,New Logo,,SKU-5088,,Y,Media,,Beta,,,,,,,,,Referral,TAG-1635,SKU-5072,Omar Haddad,,LOT-7987,LOT-3580,9098,,,Delta,,REF-1138,,,Other,,,,,Omar Rossi,,Florida,N,,LOT-9041,,,,,,REF-6608,4611,100001,Company,100620,chen.cohen@sampleco.test,Casey Ivanov,2023-01-20 03:55:00,skyler.calder@demomail.test,Yara Silva,2023-06-08 12:15:00,jordan.larsson@examplecorp.test,Taylor Okafor,2023-01-10 08:35:00,jordan.blake@acme-fake.test,,2023-02-20 07:17:00,N,100001,100001,100001,100001,,,100001,100001,100001,,100001,100001,,100001,100001,100001,100001,2026-07-20 17:47:00,975,8401,Alpha,Alpha,Alpha,REF-2739,6790,2253,9323,1816,8498,Gamma,2024-03-01 04:47:00,653,6199,Delta,Delta,Beta,Other,7265,8745,9441,4705,5071,Other,2024-01-28 10:20:00,,,Delta,,,TAG-9147,5656,,,,,Other,2023-05-16,,,,,,LOT-8231,8408,,,,5032,,2025-05-06,,,,,,,,,,,,,2024-10-09,3144,,,,Delta,,,,,5968,,,2024-03-14,1761,,,,,,,,,5054,,,2026-07-13,,3899,,,,,,,,,,,Resolved the outstanding question about scope.
,,Mei Cohen,Riley Ashby,,,REF-3588,REF-4595,,SKU-5287,,,TAG-7386,,Alpha,sofia.nguyen@sampleco.test,,Alex Silva,,,TAG-8248,Jamie Okafor,,TAG-8729,"157,677",,Prospect,Shared the updated proposal for review.,Delta Health Group,Silverline Systems Corp,Active,Standard,Mexico,,,TAG-3068,Noted a concern to revisit at the next sync.,New Logo,,,,Y,Financial Services,,,,,,,,,,,Webinar,,,Alex Nguyen,REF-5142,REF-2861,,5006,,Y,Beta,,REF-1526,REF-4552,,Beta,,,,,Casey Ivanov,Followed up on the open items from last week.,Texas,Y,,,,,,,,LOT-5964,1656,100001,Company,100622,jamie.calder@acme-fake.test,Chen Garcia,2024-01-08 07:41:00,rahul.haddad@sampleco.test,Rowan Haddad,2025-04-04 07:49:00,jordan.haddad@demomail.test,Emerson Brooks,2022-12-01 07:28:00,quinn.reyes@acme-fake.test,,2023-07-10 03:15:00,Y,100001,100001,100001,100001,100001,100001,100001,100001,100001,100001,100001,,,100001,100001,100001,100001,2025-12-15 03:22:00,8659,3219,Alpha,Gamma,Standard,SKU-3067,4196,8101,3396,7063,7488,Gamma,2025-04-14 21:46:00,3370,755,Beta,Alpha,Alpha,Gamma,9049,6325,9834,1515,1000,Beta,2026-03-11 05:46:00,,,,,Delta,,,,,,,,2026-06-01,,,,,Beta,,,,,,,Alpha,2023-10-08,4783,,,,,,,,,,,,2026-07-29,,,Alpha,,,,,,,,,,2025-12-09,,,,,,,,,,,,,2023-08-29,,,,,,,,,,,,,Reviewed performance and gathered feedback.
,,Fatima Costa,Taylor Whitfield,,,,TAG-8033,,LOT-4502,,,SKU-3503,,,marco.dorsey@examplecorp.test,,,,,,,,LOT-6823,,,Active Customer,Reviewed performance and gathered feedback.,Summit Systems Corp,Vertex Retail Inc,Active,Alpha,India,,,,Scheduled a check-in for the coming month.,Standard,,,,N,Real Estate,,,,,,,,,,,Inbound Call,TAG-7800,REF-7066,Skyler Dorsey,REF-9743,LOT-2502,LOT-6877,,,,Beta,,TAG-8163,REF-3048,,Other,,,,,Riley Vance,,Arizona,Y,,REF-4466,,,,,,REF-5077,,100001,Company,100624,mei.rossi@acme-fake.test,Fatima Costa,2023-03-10 11:52:00,jamie.patel@examplecorp.test,Fatima Patel,2026-03-05 02:54:00,omar.silva@sampleco.test,Liam Mensah,2023-01-31 16:51:00,noah.dorsey@demomail.test,,2024-10-24 08:23:00,Y,100001,100001,100001,100001,,100001,100001,100001,100001,100001,100001,100001,,100001,,100001,100001,2023-06-24 12:40:00,5237,1145,Standard,Standard,Alpha,REF-4048,7821,1380,34,3124,6759,Standard,2022-10-24 05:01:00,6117,242,Gamma,Delta,Alpha,Alpha,7402,5446,627,9034,190,Other,2024-04-02 16:19:00,,4026,Delta,,,,,,,5466,,,2024-12-02,,,,,Gamma,REF-8759,,,,,,Delta,2026-04-30,,,,,,,5348,,,,,,2023-01-06,,,,,Other,,,,,,,,2025-03-10,4455,,,LOT-3721,,REF-6720,,,,,,,2026-01-28,,,,,,,,,,,,,Resolved the outstanding question about scope.
,,Skyler Larsson,Avery Larsson,,,,SKU-2127,SKU-7113,,,,,,,diego.dorsey@acme-fake.test,,Drew Whitfield,,,,,,TAG-7040,,,Active Customer,Discussed timeline and next steps with the account.,Silverline Capital Inc,Keystone Capital,Active,Standard,Philippines,,,,Discussed timeline and next steps with the account.,New Logo,,TAG-1238,,N,Telecommunications,,,,,,,,,,,Event,SKU-1671,LOT-7393,Yara Sato,LOT-1362,SKU-9922,,9890,,,Alpha,,TAG-2475,LOT-2655,,Other,,,,,Arjun Haddad,,Texas,N,,REF-9403,,,,,,LOT-2450,6983,100001,Company,100625,liam.sato@demomail.test,Drew Ivanov,2026-05-28 01:36:00,omar.nguyen@sampleco.test,Quinn Garcia,2026-02-17 01:04:00,jordan.ford@acme-fake.test,Skyler Silva,2024-03-26 12:04:00,quinn.patel@demomail.test,Sofia Ford,2026-06-14 01:34:00,N,100001,100001,100001,100001,100001,,100001,100001,100001,,,100001,,100001,100001,100001,100001,2023-11-20 16:25:00,2198,844,Delta,Other,Beta,REF-1275,3076,1614,3091,1385,8052,Alpha,2024-08-30 02:00:00,3177,6172,Gamma,Gamma,Beta,Standard,4077,3301,1465,3620,1159,Delta,2022-12-14 13:56:00,,,,SKU-9016,,,7002,,,,,,2025-12-10,,,,LOT-9862,Standard,,,,,5350,6273,,2024-06-14,,,,,,,,,3268,,,,2024-10-13,,,,,,,,,,,,Alpha,2026-06-18,,,,,,,,,,2878,,,2023-03-01,,,Delta,,,,,3826,,2051,,Gamma,Shared the updated proposal for review.
,,Quinn Cohen,Omar Reyes,,,LOT-1717,TAG-5689,SKU-5494,,,,,,,sofia.sato@sampleco.test,,,,,,,,SKU-8127,,,Prospect,Aligned on billing and renewal terms.,Atlas Networks Group,Falcon Textiles LLP,Active,Standard,Canada,,,,Reviewed performance and gathered feedback.,Renewal,,,,Y,Real Estate,,,,,,,Y,,,,Event,SKU-3859,REF-5733,Jamie Reyes,,REF-2639,,2728,,,,,TAG-7586,TAG-4176,,Beta,,,,,Rahul Whitfield,,Washington,Y,,TAG-2758,,,,,,TAG-6935,8975,100001,Company,100627,mei.reyes@sampleco.test,Mei Reyes,2022-11-22 14:48:00,jordan.haddad@sampleco.test,Arjun Sato,2024-07-30 13:47:00,diego.reyes@acme-fake.test,Noah Sloan,2025-10-29 22:13:00,nina.sloan@sampleco.test,,2024-09-26 19:12:00,N,100001,100001,100001,100001,,100001,100001,100001,,100001,100001,100001,100001,100001,100001,,100001,2024-09-29 08:52:00,5727,48,Beta,Beta,Gamma,LOT-9066,726,1953,3938,7223,4553,Beta,2026-01-15 23:35:00,2300,8929,Other,Alpha,Other,Standard,584,6886,3268,4643,1164,Gamma,2025-01-18 20:35:00,,,,,Beta,SKU-8642,1691,,,7569,,Other,2022-11-17,,,,,Delta,,,349,,,,,2022-11-16,,,,,,,,,,,,,2023-12-26,6457,,,,,,,,,,,,2024-03-22,,,,SKU-7573,Other,,5790,4269,,,,,2023-12-06,,,,REF-2119,,,1616,,,,,,Reviewed performance and gathered feedback.
,,Reese Blake,Avery Costa,,,,,,REF-8073,SKU-8361,,REF-3007,REF-9434,,drew.mercer@sampleco.test,,Elena Rossi,,,TAG-3807,,,SKU-1298,,,Active Customer,Reviewed performance and gathered feedback.,Harbor Ventures Ltd,Brightpath Logistics Co,Active,Delta,United Kingdom,,,,Followed up on the open items from last week.,Renewal,,,LOT-5640,N,Agriculture,,,,,,,,,,,Webinar,TAG-7259,SKU-2092,Fatima Whitfield,LOT-2425,TAG-5623,SKU-9229,,,,Gamma,,SKU-9170,TAG-7824,,,,,Other,,Chen Blake,,California,Y,,REF-1443,,,,,,REF-5972,2890,100001,Company,100628,yara.silva@sampleco.test,Skyler Brooks,2024-06-05 02:00:00,noah.okafor@demomail.test,Emerson Kim,2024-09-15 10:08:00,avery.reyes@acme-fake.test,Sofia Blake,2022-10-24 19:59:00,diego.brooks@demomail.test,,2023-10-20 10:54:00,N,100001,100001,100001,100001,,100001,100001,100001,,100001,100001,100001,100001,100001,,100001,100001,2026-06-21 10:06:00,8396,427,Alpha,Alpha,Other,TAG-1419,4492,2722,7662,7412,4059,Delta,2022-12-09 20:38:00,9018,3343,Standard,Alpha,Beta,Gamma,2563,6378,747,6658,7119,Standard,2024-08-18 00:57:00,,4659,,TAG-6634,,,,,,7536,,,2024-01-09,,,,,,,,8293,,8209,5910,,2024-01-09,,,,,,,,3215,,6709,,,2022-11-02,,,,,,REF-3771,,,,,,,2024-04-13,,,,,,,2990,,,,,,2025-06-21,,,,,,,,,7563,,,Other,Resolved the outstanding question about scope.
,,Omar Ivanov,Nina Whitfield,,,REF-4446,REF-3515,,SKU-6941,,,,,,skyler.reyes@sampleco.test,,,,TAG-4321,,,,REF-5316,,,Active Customer,Reviewed performance and gathered feedback.,Delta Group LLP,Summit Financial LLC,Active,Beta,Canada,,,,Reviewed performance and gathered feedback.,Renewal,,TAG-3183,,N,Financial Services,,,,,,,,Gamma,Y,"238,794",Referral,REF-7151,TAG-3968,Riley Silva,,SKU-3200,REF-8793,6337,,,Standard,,REF-1828,LOT-2154,,,,,,,Nina Rossi,,Washington,N,,,,,,,LOT-6060,TAG-9950,8100,100001,Company,100631,arjun.garcia@examplecorp.test,Marco Larsson,2022-10-27 21:38:00,morgan.garcia@demomail.test,Fatima Haddad,2023-05-06 19:06:00,liam.blake@demomail.test,Elena Reyes,2024-09-17 22:55:00,jamie.dorsey@examplecorp.test,Arjun Sato,2024-11-19 22:04:00,Y,,100001,100001,100001,100001,100001,100001,100001,100001,,,,100001,,100001,100001,100001,2025-01-25 09:59:00,1480,6261,Standard,Other,Alpha,TAG-6872,1678,3519,4165,4668,617,Standard,2022-10-07 23:04:00,3347,4098,Gamma,Standard,Delta,Delta,2005,1912,2761,7633,6023,Other,2023-06-07 09:24:00,,1603,Alpha,LOT-9156,,,,,,,,Gamma,2025-06-13,,,Alpha,TAG-2068,Other,,,8156,,7216,,,2026-05-15,,,,SKU-3252,SKU-1505,,,,,,,,2025-10-27,,,,,,,,,,9870,,,2025-11-28,,,,,Delta,,,,4670,,450,,2024-12-13,,,,,,,,,,4611,,Beta,Noted a concern to revisit at the next sync.
,,Morgan Mensah,Sofia Garcia,,,TAG-2297,SKU-3183,LOT-4878,,LOT-1299,,,,Delta,taylor.mensah@examplecorp.test,Sofia Blake,Jamie Nguyen,Delta,,LOT-5602,,,TAG-3212,,,Prospect,Aligned on billing and renewal terms.,Vertex Health LLP,Everest Financial Inc,Inactive,Other,Canada,,,,Reviewed performance and gathered feedback.,Enterprise,,,,Y,Manufacturing,LOT-3151,,,,,,,Standard,,,Event,SKU-1575,,Aisha Garcia,SKU-9800,,,,,,Delta,,REF-7816,SKU-8267,,Other,,,Standard,,Priya Silva,,Georgia,Y,,LOT-4376,,,,,SKU-3003,LOT-4139,,100001,Company,100632,taylor.okafor@sampleco.test,Omar Ford,2023-12-30 16:18:00,alex.reyes@acme-fake.test,Skyler Vance,2025-04-10 19:51:00,riley.sloan@examplecorp.test,Skyler Rossi,2024-06-09 18:22:00,riley.whitfield@demomail.test,,2023-01-05 06:00:00,N,100001,100001,100001,100001,100001,100001,100001,100001,100001,100001,100001,100001,100001,100001,100001,100001,100001,2026-03-26 12:43:00,6413,2507,Alpha,Delta,Gamma,TAG-7776,2206,923,6565,5295,9165,Standard,2022-10-24 06:20:00,5312,4861,Delta,Standard,Delta,Gamma,8264,9858,3968,3035,1229,Beta,2025-06-03 01:26:00,,7914,,,,,7998,,5882,,,,2023-09-06,4433,,,,,REF-9132,,,,,9634,Standard,2024-11-26,,,,,TAG-4512,,,,4625,,,Standard,2023-08-14,8629,,,,,,,,,1351,,,2024-12-29,,,Delta,,,,,146,,,,,2024-10-26,,,,,,TAG-7939,,8759,,,,,Scheduled a check-in for the coming month.
,,Rowan Sato,Omar Blake,,,TAG-6876,,,,,,,,,priya.larsson@demomail.test,,Priya Ivanov,,,,,,SKU-5973,,,Prospect,Discussed timeline and next steps with the account.,Vertex Partners Inc,Pioneer Foods LLC,Active,Gamma,Germany,,,,Scheduled a check-in for the coming month.,Renewal,,,,Y,Healthcare,LOT-9622,,,,,,,,,,Referral,REF-5974,LOT-1500,Noah Mensah,REF-4023,SKU-9840,REF-8865,5279,,,Delta,,REF-8474,LOT-2052,,Gamma,,,,,Taylor Ivanov,,Georgia,N,,,,,,,,SKU-4157,,100001,Company,100634,aisha.okafor@acme-fake.test,Skyler Vance,2024-05-10 01:43:00,noah.blake@acme-fake.test,Morgan Ford,2023-01-14 17:26:00,noah.brooks@sampleco.test,Jamie Haddad,2025-11-10 16:55:00,quinn.brooks@demomail.test,,2025-09-21 13:56:00,N,100001,100001,100001,100001,100001,,100001,100001,,100001,100001,100001,,100001,100001,100001,100001,2025-04-11 21:54:00,9303,8624,Beta,Delta,Standard,TAG-7482,6082,5225,8089,1937,9819,Other,2024-09-19 07:36:00,1923,9210,Delta,Gamma,Delta,Delta,4591,31,8287,2901,6941,Other,2025-06-04 11:25:00,,,,,,SKU-3417,,,,,2219,,2024-12-25,,,Standard,TAG-1215,,REF-5034,,,,755,6886,,2024-10-27,,,Gamma,REF-4415,,SKU-8921,,,,,,,2024-09-29,,9437,,,,,5035,,,,,,2026-07-11,,,,,,,,,,,,,2025-12-08,,,,,,TAG-5609,,,,7591,,,Followed up on the open items from last week.
TAG-1890,LOT-9674,Morgan Vance,Liam Patel,,,REF-1111,TAG-3304,,,,,,,Gamma,sofia.calder@examplecorp.test,Drew Costa,,,,LOT-6032,,,TAG-3449,,,Active Customer,Noted a concern to revisit at the next sync.,Cobalt Textiles,Meridian Solutions LLP,Active,Delta,Canada,,,SKU-3799,Aligned on billing and renewal terms.,SMB,,,LOT-7254,N,Technology,,,,,,,,,,,Partner,,LOT-5831,Drew Ivanov,SKU-4017,REF-7174,,,,,Other,,,SKU-5827,,Beta,,,,,Elena Cohen,,Georgia,N,,SKU-2891,,,,,,TAG-9950,3498,100001,Company,100637,alex.rossi@demomail.test,Jamie Dorsey,2024-08-27 10:22:00,rowan.ashby@acme-fake.test,Yara Calder,2024-04-18 09:23:00,alex.mercer@sampleco.test,Marco Garcia,2026-01-20 19:36:00,arjun.haddad@sampleco.test,,2024-04-17 17:22:00,N,100001,100001,100001,100001,100001,,100001,100001,100001,,,100001,100001,100001,100001,,100001,2026-04-09 20:16:00,5104,7203,Other,Alpha,Standard,TAG-2555,6004,2922,9851,6730,7475,Other,2025-06-14 01:00:00,3698,977,Gamma,Alpha,Other,Other,2284,4509,5436,5821,6110,Alpha,2024-04-06 13:55:00,6994,,,,Delta,,,,5863,,,Beta,2024-05-18,,,Alpha,,Delta,LOT-9294,,,,45,,,2023-01-23,6626,,,TAG-9652,LOT-2449,,,4124,,,,,2022-10-04,,,,REF-9447,,,,,,,,,2023-05-05,,,,,,,,,,,8522,,2024-12-11,,,Alpha,,,,9551,4629,,,,,Discussed timeline and next steps with the account.
,,Elena Blake,Reese Ford,,,TAG-4187,TAG-6212,SKU-3097,TAG-2705,,,LOT-7810,LOT-2850,,jamie.costa@demomail.test,Aisha Rossi,,,,,Casey Silva,,REF-3974,,,Active Customer,Resolved the outstanding question about scope.,Pioneer Holdings Co,Brightpath Systems Inc,Active,Other,India,,REF-3673,TAG-7913,Resolved the outstanding question about scope.,Enterprise,,TAG-2248,,N,Construction,,,,,,,,,,,Event,,SKU-6975,Avery Costa,,SKU-6693,,,,,,,LOT-4229,,,Gamma,,,,,Aisha Ford,,Florida,N,,SKU-9498,,,,,,TAG-9950,2831,100001,Company,100638,mei.costa@examplecorp.test,Omar Cohen,2023-07-27 18:23:00,diego.brooks@sampleco.test,Skyler Mensah,2024-10-19 23:48:00,taylor.ford@demomail.test,Taylor Mensah,2026-03-02 04:02:00,morgan.ford@sampleco.test,,2022-10-23 10:48:00,Y,,100001,100001,100001,100001,100001,100001,100001,100001,100001,,100001,100001,100001,100001,100001,100001,2023-05-27 01:36:00,726,7064,Alpha,Alpha,Gamma,REF-2473,3819,5723,1184,9011,124,Gamma,2026-06-05 23:19:00,9182,1952,Standard,Gamma,Delta,Standard,6532,2992,4734,7741,5863,Alpha,2024-01-22 16:52:00,1384,,,,,,1811,,,,,,2023-05-01,,,,,,,,,2600,,,,2025-10-07,6533,,,,,,,,,,,,2026-03-26,,,,,,,,,,,,,2025-11-30,,,,REF-4982,,LOT-8843,,,8711,,,,2022-12-15,,,Delta,,,,,,,,,,Resolved the outstanding question about scope.
,,Elena Costa,Skyler Mercer,,,SKU-1356,TAG-8657,REF-8965,LOT-8055,TAG-9926,,,,,sofia.garcia@sampleco.test,,,,,TAG-9505,Casey Okafor,,,"95,324",,Active Customer,Followed up on the open items from last week.,Granite Dynamics LLC,Ironwood Networks Group,Active,Other,Germany,,,,Aligned on billing and renewal terms.,New Logo,,,LOT-7025,Y,Logistics,,,,,,,,Delta,,,Cold Outreach,LOT-1295,LOT-9169,Yara Calder,TAG-5812,REF-8192,,,,,Standard,,REF-8671,SKU-7009,,Alpha,,,,,Morgan Sloan,,Colorado,Y,,TAG-3239,,,,,,SKU-5180,3819,100001,Company,100641,arjun.okafor@acme-fake.test,Arjun Dorsey,2025-11-10 23:41:00,sofia.ivanov@demomail.test,Chen Reyes,2026-01-21 09:17:00,yara.vance@acme-fake.test,Rowan Sloan,2024-01-24 18:33:00,elena.larsson@sampleco.test,,2023-02-27 10:23:00,Y,100001,100001,100001,100001,,,100001,100001,100001,100001,100001,100001,100001,100001,100001,100001,100001,2023-11-26 08:03:00,2617,8676,Other,Other,Gamma,TAG-7218,6542,1907,9177,750,8053,Alpha,2023-07-31 22:45:00,524,2027,Other,Other,Gamma,Delta,7884,4961,6184,146,1676,Beta,2023-03-07 01:27:00,,,Beta,,,TAG-5163,,3177,9543,,,,2026-07-19,,,,,,SKU-1485,,,,,,Standard,2025-08-29,,,,,,,,,,,,Other,2023-04-30,,7570,,LOT-7887,,,,,,1315,,,2024-02-28,1663,,,,,,,,,,,Gamma,2026-05-29,,,,,,,,,,,,,Resolved the outstanding question about scope.
,,Fatima Dorsey,Marco Mercer,,,LOT-7718,TAG-5760,REF-5909,SKU-4069,,,,REF-9783,,priya.ashby@sampleco.test,,Priya Mensah,,,,,"23,078",,,,Active Customer,Noted a concern to revisit at the next sync.,Cobalt Media,Keystone Analytics LLP,Active,Standard,Canada,,,REF-5523,Shared the updated proposal for review.,Renewal,,LOT-7521,SKU-3701,Y,Construction,,,,,,,,,,,LinkedIn,REF-9897,,Omar Ashby,REF-7634,TAG-8794,LOT-8536,9252,,Y,Gamma,,TAG-6195,TAG-2141,,Standard,,,,,Liam Mensah,,Florida,N,,SKU-6887,,,,,,REF-3029,7503,100001,Company,100642,jamie.sloan@acme-fake.test,Rowan Larsson,2025-11-26 06:19:00,drew.calder@demomail.test,Priya Ivanov,2024-10-24 19:17:00,sofia.sato@demomail.test,Elena Rossi,2023-02-12 14:50:00,marco.brooks@examplecorp.test,,2023-07-30 23:34:00,Y,,100001,100001,100001,100001,100001,100001,100001,100001,100001,100001,100001,100001,100001,100001,100001,100001,2026-06-17 16:27:00,9840,8478,Beta,Gamma,Delta,REF-2987,7610,6312,1683,1343,6806,Delta,2026-07-26 02:00:00,7798,3066,Standard,Other,Standard,Other,5223,4137,5271,1960,4218,Delta,2022-12-22 06:51:00,,,,,,,,,,,,,2023-06-03,,3898,,,Standard,LOT-9067,,,2541,,,,2023-10-07,,,,,,,,,,,,Other,2026-05-26,,,,,,,3323,,,,,,2025-08-30,,5897,,,,TAG-7192,,191,,1214,,,2022-11-06,,,,,,,,,,,,,Discussed timeline and next steps with the account.
SKU-9718,,Emerson Ford,Marco Dorsey,,,LOT-1358,REF-3890,,,,REF-5061,,,Standard,taylor.ashby@acme-fake.test,,,,,,,,SKU-3157,,,Active Customer,Noted a concern to revisit at the next sync.,Silverline Financial Ltd,,Active,Gamma,Australia,,,,Shared the updated proposal for review.,New Logo,,,,,Education,,,,,,,,Standard,,,Referral,REF-8682,,Jamie Sato,REF-7534,SKU-4957,,806,,,Beta,,,LOT-5271,,,,,,,Nina Mercer,,Ohio,N,,SKU-9067,,,,,TAG-9670,LOT-9137,997,100001,Company,100645,casey.kim@sampleco.test,Riley Ivanov,2022-10-15 03:17:00,marco.mensah@examplecorp.test,Avery Whitfield,2023-08-31 22:51:00,mei.nguyen@sampleco.test,Noah Blake,2025-10-03 13:32:00,morgan.garcia@acme-fake.test,,2025-11-21 19:47:00,Y,100001,100001,100001,100001,,100001,100001,100001,100001,100001,100001,100001,100001,100001,100001,100001,100001,2025-07-05 14:03:00,3459,1554,Other,Standard,Beta,TAG-6272,2966,725,4055,8129,5169,Delta,2025-07-21 10:14:00,6268,3387,Gamma,Other,Standard,Delta,8841,2691,2368,2650,5948,Alpha,2026-01-05 18:15:00,5195,,,,,,,,,,9579,,2024-06-16,,,,,,,7782,,,,,Other,2023-09-29,,,,,,,,6673,,,,,2024-01-02,,,,,,,,,,1297,,,2026-05-18,,,,SKU-1388,,,,8945,1128,712,,,2025-01-05,,,,,,,,,1452,,,,Aligned on billing and renewal terms.
,,Aisha Kim,Elena Rossi,,,LOT-6058,REF-7936,LOT-8783,TAG-6900,,,REF-8029,,,chen.reyes@demomail.test,Jamie Mercer,Sofia Rossi,,,TAG-8899,,"221,939",TAG-5822,,,Active Customer,Resolved the outstanding question about scope.,Horizon Networks Corp,Northwind Energy Ltd,Inactive,,Mexico,,SKU-4404,,,Enterprise,,,,,Construction,,,,,,,,,,"73,382",LinkedIn,TAG-5059,LOT-8840,Rowan Okafor,TAG-9642,TAG-1919,,,,,Gamma,,,REF-8498,,Beta,,,,,Priya Silva,,California,Y,,LOT-9951,,,,,,LOT-3557,7962,100001,Company,100646,aisha.ford@examplecorp.test,Omar Whitfield,2025-07-01 14:07:00,mei.blake@demomail.test,Avery Cohen,2024-07-25 06:13:00,marco.kim@examplecorp.test,Avery Calder,2025-11-18 04:05:00,marco.vance@demomail.test,Noah Nguyen,2024-12-13 04:13:00,N,100001,100001,100001,,100001,100001,100001,100001,100001,,100001,100001,100001,100001,100001,100001,100001,2025-02-24 14:16:00,1110,1239,Beta,Gamma,Other,SKU-3441,4213,3026,8341,8488,1564,Delta,2025-06-16 11:24:00,3164,4323,Beta,Alpha,Standard,Other,3920,1732,9123,7318,273,Delta,2024-08-20 07:52:00,8393,,,LOT-7580,Other,,8152,,815,,,,2025-09-30,,7753,,,Standard,,,,,,,Delta,2024-06-26,6734,,Other,,,,,,,,,,2025-10-02,5756,,,,,,,,3291,,,,2023-10-21,,,,,,,3082,,8792,4360,,Alpha,2024-02-25,,,Delta,,,,,,5226,,,,Scheduled a check-in for the coming month.
,,Taylor Okafor,Rowan Blake,,,SKU-5651,LOT-2283,SKU-1168,,REF-5415,,LOT-5294,,,emerson.cohen@examplecorp.test,Avery Larsson,,,,,Chen Kim,,TAG-9147,,,Referral Partner,Discussed timeline and next steps with the account.,Cobalt Capital LLP,Everest Holdings LLC,Inactive,Other,United Kingdom,,REF-6686,LOT-9116,Scheduled a check-in for the coming month.,Renewal,,,,N,Healthcare,,,,,,,,,,,Referral,LOT-3422,REF-2066,Riley Nguyen,REF-3998,LOT-1235,,7859,,,Beta,,,,,,,,,,Casey Brooks,,Colorado,Y,REF-9786,REF-1253,,,,,,SKU-9093,5968,100001,Company,100649,jordan.whitfield@acme-fake.test,Reese Silva,2026-01-01 20:27:00,jordan.mercer@sampleco.test,Marco Blake,2026-07-27 03:52:00,chen.okafor@examplecorp.test,Rowan Costa,2023-07-10 23:48:00,marco.silva@examplecorp.test,Jamie Larsson,2025-03-27 04:11:00,N,100001,100001,100001,100001,100001,,100001,100001,,,100001,100001,,100001,100001,100001,100001,2025-03-09 12:03:00,9135,2635,Delta,Gamma,Standard,REF-3634,8064,2425,9282,173,1817,Other,2022-12-31 00:05:00,189,8670,Gamma,Standard,Alpha,Standard,114,6778,4131,5381,3065,Alpha,2025-06-24 22:41:00,,,,,Delta,,,,,,,Beta,2025-07-01,,,,,Delta,,1469,,,,,,2025-02-02,,,,SKU-3676,,,,,,1347,,,2024-06-25,,,,,,,,7402,,,,Standard,2025-04-22,,,,,,,,,,2642,,,2023-12-28,,,,,,,,3048,,,1018,,Reviewed performance and gathered feedback.
,,Rahul Nguyen,Arjun Cohen,,,LOT-6682,LOT-6983,REF-4086,,,,LOT-1642,LOT-8999,,aisha.kim@sampleco.test,,Riley Okafor,,SKU-2651,,,,REF-7074,,,Active Customer,Noted a concern to revisit at the next sync.,Falcon Textiles LLP,Silverline Financial Ltd,Active,Standard,United Kingdom,,,,Resolved the outstanding question about scope.,SMB,,,LOT-6440,Y,Construction,,,,,,,,,,,Event,TAG-3163,LOT-5451,Rahul Kim,REF-8176,LOT-8808,,,,,Standard,,TAG-3819,LOT-7255,,Standard,,,,,Rowan Larsson,,Texas,N,,LOT-7502,,,,,,LOT-7687,5292,100001,Company,100652,quinn.ivanov@demomail.test,Aisha Garcia,2026-02-19 03:00:00,skyler.calder@sampleco.test,Skyler Reyes,2023-11-19 22:44:00,liam.ashby@acme-fake.test,Diego Blake,2023-01-01 23:37:00,arjun.whitfield@examplecorp.test,Priya Ford,2026-05-25 22:17:00,Y,100001,100001,,100001,100001,,100001,100001,,,100001,100001,100001,100001,100001,,100001,2022-12-09 02:32:00,9419,3484,Other,Standard,Alpha,SKU-4531,7915,215,7899,4809,1024,Standard,2023-12-22 19:46:00,2716,6201,Delta,Standard,Delta,Delta,4918,1860,5880,8612,585,Alpha,2024-11-16 22:43:00,8222,,,,Beta,,,,1121,9426,,Delta,2024-06-05,,,,,,,,784,,,7624,,2024-04-01,,,,,,,,,,,,,2026-01-01,,,,,,,,,,1209,,,2023-04-24,,,,,,,,,,,,,2023-10-14,,,,,,,,,,,,,Reviewed performance and gathered feedback.
,,Priya Sato,Emerson Garcia,,,TAG-3754,LOT-2089,REF-7206,LOT-1442,,,,TAG-7369,,quinn.brooks@acme-fake.test,Avery Garcia,,,LOT-2439,,Yara Sato,,TAG-2415,,,Active Customer,Followed up on the open items from last week.,Copper Foods LLC,Cardinal Logistics LLC,Active,Alpha,Mexico,,,,Followed up on the open items from last week.,New Logo,,,,Y,Professional Services,LOT-9403,,,,,Delta,,,,,Inbound Call,,SKU-5274,Casey Silva,LOT-5355,REF-9838,,,,,Gamma,,SKU-2804,,,,,,,,Chen Rossi,,Illinois,Y,,REF-5177,,,,,,SKU-5657,,100001,Company,100654,aisha.reyes@examplecorp.test,Elena Haddad,2024-04-26 18:36:00,priya.calder@sampleco.test,Skyler Patel,2023-08-11 18:59:00,noah.ford@examplecorp.test,Reese Ivanov,2023-08-24 20:04:00,quinn.larsson@demomail.test,,2023-08-23 02:43:00,N,100001,100001,100001,100001,,,100001,100001,100001,,,100001,,100001,100001,100001,100001,2024-01-30 14:39:00,202,4564,Delta,Alpha,Other,LOT-5710,9240,8144,7237,2708,2516,Other,2025-12-14 12:00:00,2567,372,Standard,Alpha,Beta,Alpha,6685,744,49,1966,8152,Standard,2023-11-15 22:52:00,,,,,,,,,5384,,,,2026-04-09,,,,,Standard,TAG-3999,,,,,6613,,2024-02-04,,,,,,LOT-5038,,,,,,,2025-09-13,,,Alpha,,,REF-2611,,,,,,,2023-05-04,,,,,,,5406,2590,,233,,Beta,2025-11-19,,,,,,,,,,,,,Reviewed performance and gathered feedback.
,,Liam Patel,Fatima Blake,,,LOT-4852,SKU-4996,,,,,,LOT-3526,,fatima.ashby@examplecorp.test,,,,REF-7226,TAG-9875,Elena Okafor,,LOT-3849,"93,139",,Active Customer,Noted a concern to revisit at the next sync.,Copper Financial Ltd,Cardinal Financial Group,Active,Other,India,,LOT-3461,,,New Logo,,,,Y,Professional Services,,,,,,,,,,,Inbound Call,SKU-2840,,Drew Reyes,LOT-8724,TAG-8915,SKU-9341,8821,,,Delta,,SKU-4288,SKU-2815,,Delta,,,,,Liam Sato,,Ohio,N,,LOT-4218,,,,,,REF-2767,113,100001,Company,100656,marco.okafor@acme-fake.test,Mei Nguyen,2023-09-01 04:17:00,quinn.brooks@examplecorp.test,Riley Sato,2025-04-03 20:35:00,emerson.cohen@acme-fake.test,Avery Kim,2023-10-26 03:35:00,emerson.sato@acme-fake.test,Alex Ivanov,2023-06-29 15:56:00,Y,100001,100001,100001,100001,,100001,100001,100001,,100001,100001,100001,100001,100001,100001,,100001,2024-12-13 02:33:00,8833,7134,Standard,Gamma,Beta,LOT-5092,7428,2038,3545,9617,8190,Delta,2025-03-13 09:52:00,6050,5731,Alpha,Other,Alpha,Standard,5560,5579,5772,2993,3005,Beta,2023-02-25 21:48:00,,,,SKU-7568,,,,,7382,8350,,,2025-08-15,,,,,,,,,1723,,,,2024-01-02,,,,,,,,,,,,,2023-09-01,,,,,,,,,,1798,,,2025-08-15,,,,,,,,,,,,,2024-06-04,238,,,TAG-6020,,,,,,,,,Noted a concern to revisit at the next sync.
,,Aisha Ashby,Riley Patel,,,REF-1758,SKU-5844,,,,,,,Beta,skyler.dorsey@acme-fake.test,,,,,,,,,,,Active Customer,Followed up on the open items from last week.,Harbor Robotics Group,,Active,Alpha,United Kingdom,,,,Noted a concern to revisit at the next sync.,SMB,,,,N,Real Estate,,,,,,,,,,,Referral,,REF-4377,Emerson Blake,LOT-4610,TAG-1932,,,,,Beta,,REF-6648,SKU-8337,,Standard,,,,,Quinn Calder,Resolved the outstanding question about scope.,Washington,N,,TAG-2768,,,,,,REF-6320,,100001,Company,100658,emerson.mensah@demomail.test,Skyler Mensah,2023-09-08 21:36:00,taylor.costa@acme-fake.test,Nina Costa,2023-06-25 19:48:00,quinn.kim@sampleco.test,Mei Costa,2024-01-07 17:36:00,jamie.okafor@sampleco.test,Riley Calder,2024-07-13 23:50:00,N,100001,100001,100001,100001,100001,100001,100001,100001,100001,100001,100001,100001,100001,100001,100001,100001,100001,2023-08-17 15:31:00,2930,7748,Standard,Delta,Gamma,TAG-1711,7682,8373,7542,2754,8624,Other,2023-06-05 07:12:00,1263,6716,Delta,Other,Other,Gamma,6097,5320,2874,7830,4083,Alpha,2023-10-03 16:03:00,,,,TAG-4092,,,,,874,,,,2025-08-22,,,,,,TAG-2195,,,,5952,,,2024-02-20,,,,,,,,,,,,,2026-05-10,,,,,,,,,,,,,2023-05-05,,1651,,,,TAG-7058,,,,6931,,,2024-04-13,,,,,,REF-8861,,,,,,,Aligned on billing and renewal terms.
REF-9874,,Chen Dorsey,Taylor Mercer,,,LOT-4469,TAG-2104,,LOT-1283,,,,,,avery.blake@demomail.test,,,,,,,,TAG-1357,,,Active Customer,Discussed timeline and next steps with the account.,Blue Ridge Energy LLC,Beacon Textiles Group,Active,,United Kingdom,,,,Shared the updated proposal for review.,Standard,,,,N,Retail,,,,,,,,,,,Event,TAG-7352,REF-1633,Rowan Sato,,LOT-5910,TAG-7047,5123,,,,,TAG-4039,REF-3053,,,,,,,Liam Mercer,,Florida,Y,,REF-1642,,,,,,LOT-2844,5543,100001,Company,100661,drew.reyes@examplecorp.test,Chen Ford,2023-12-27 16:47:00,fatima.whitfield@sampleco.test,Marco Whitfield,2024-11-14 08:21:00,sofia.garcia@demomail.test,Morgan Brooks,2026-05-11 08:09:00,casey.haddad@acme-fake.test,,2025-02-19 20:33:00,Y,100001,100001,,100001,100001,,100001,100001,100001,,100001,100001,,100001,100001,100001,100001,2026-01-12 04:41:00,9512,8305,Alpha,Delta,Other,REF-5102,179,8585,7915,7402,5044,Other,2026-06-04 22:40:00,5671,5403,Other,Other,Gamma,Delta,312,6237,2068,8036,5660,Standard,2023-03-27 05:03:00,,,,,,TAG-7313,,,,,,,2026-01-26,,,,REF-5667,,,,,,,,,2024-02-14,8041,,,LOT-6174,,,,,,,,,2026-06-24,,,,,,,378,2358,,5703,,,2023-09-10,,,,TAG-6979,,,,,,,,,2024-04-20,,,,,,REF-8440,,,,321,,,Scheduled a check-in for the coming month.
,,Morgan Ford,Riley Brooks,,,REF-4586,LOT-8473,,TAG-6530,SKU-6483,,TAG-3884,TAG-8109,Other,alex.calder@acme-fake.test,,Nina Brooks,,,,,,TAG-4327,"36,565",,Past Customer,Shared the updated proposal for review.,Horizon Media Co,Delta Robotics Group,Active,Delta,United Kingdom,,,,Followed up on the open items from last week.,Enterprise,,,,Y,Manufacturing,,,,,,,,Beta,,,Partner,LOT-3196,,Nina Brooks,TAG-5517,LOT-1787,REF-8070,5747,,,Standard,,REF-7332,SKU-5525,,,,,,,Liam Sato,,Colorado,Y,,LOT-5250,,,,,,SKU-3859,336,100001,Company,100664,priya.brooks@acme-fake.test,Sofia Ashby,2026-02-24 04:24:00,liam.haddad@demomail.test,Jordan Reyes,2025-12-28 08:36:00,taylor.rossi@examplecorp.test,Drew Cohen,2023-03-29 06:10:00,riley.mercer@sampleco.test,,2023-12-05 15:19:00,N,100001,100001,100001,100001,100001,,100001,100001,100001,,,100001,,100001,100001,100001,100001,2024-03-02 12:40:00,1150,2271,Alpha,Alpha,Beta,TAG-2576,1561,745,2243,7940,3385,Standard,2025-02-08 07:39:00,3308,9260,Beta,Delta,Delta,Beta,1294,6166,2230,4114,5056,Gamma,2023-01-05 19:40:00,,,,,,,,,,,9152,,2024-04-14,,,,,,SKU-3928,,,,1041,,Standard,2023-04-19,,,,,,,,,,,,,2023-11-23,,,,,,,,,,,,,2025-04-10,,,,,,,,,,,,,2025-07-16,,,,,,,,,,,,,Shared the updated proposal for review.
,REF-3034,Chen Vance,Jordan Kim,,,LOT-4619,SKU-8644,REF-7655,,,,,,Other,nina.costa@sampleco.test,,Chen Cohen,,,,,,TAG-6639,,,Active Customer,Scheduled a check-in for the coming month.,Vertex Industries Ltd,,Active,Alpha,Philippines,,,,Resolved the outstanding question about scope.,Renewal,,,,N,Financial Services,,Standard,,,,,,,,,Partner,LOT-7988,,Emerson Cohen,LOT-5448,LOT-8569,TAG-7697,9296,,,Other,,SKU-9383,TAG-4392,,Beta,,"191,282",,,Sofia Ford,,California,N,,REF-4070,,,,,,REF-1583,2490,100001,Company,100667,casey.sloan@acme-fake.test,Mei Ivanov,2024-02-25 23:22:00,quinn.sloan@acme-fake.test,Sofia Mercer,2022-10-14 00:06:00,jamie.vance@acme-fake.test,Omar Vance,2023-11-20 21:22:00,skyler.costa@demomail.test,,2026-03-01 16:09:00,Y,100001,100001,,100001,100001,,100001,100001,,,100001,100001,100001,100001,100001,,100001,2024-10-14 14:21:00,6589,2030,Standard,Other,Beta,SKU-7407,173,5089,3215,5925,8784,Delta,2023-04-15 07:44:00,387,5632,Other,Beta,Alpha,Standard,2939,6637,7268,4381,8096,Standard,2024-03-30 17:25:00,2396,,,,Other,,838,,,,,,2024-05-11,1909,,,,Alpha,,3930,,,6154,,,2024-01-16,,,,SKU-4462,,TAG-9114,,,,,,,2024-12-11,,,,,,,,7440,,4405,,Delta,2025-02-10,,,Delta,,,,,,,,,Delta,2025-07-22,,,,,,,,,,,,,Aligned on billing and renewal terms.
,,Alex Vance,Mei Mensah,,,SKU-3622,LOT-2867,REF-4868,,,,,,,liam.kim@acme-fake.test,Nina Brooks,,,,REF-1044,,,LOT-6115,,,Past Customer,Noted a concern to revisit at the next sync.,Cobalt Labs,Beacon Energy,Active,Alpha,United States,,,,Discussed timeline and next steps with the account.,Renewal,,,,N,Telecommunications,,,,,,,,,,,Webinar,REF-5935,,Marco Ivanov,LOT-7766,TAG-5777,,,,,Other,,REF-2733,,,Standard,,,,,Rowan Ivanov,,Ohio,N,,SKU-8503,,,,REF-5158,,,9461,100001,Company,100670,jordan.ford@examplecorp.test,Yara Okafor,2023-07-12 12:22:00,yara.sato@examplecorp.test,Rowan Whitfield,2025-03-07 14:02:00,liam.patel@acme-fake.test,Diego Sato,2023-11-06 20:25:00,jordan.costa@examplecorp.test,,2023-01-20 05:17:00,N,100001,100001,100001,100001,100001,100001,100001,100001,,100001,100001,100001,,100001,100001,,100001,2024-12-05 23:20:00,6921,1935,Gamma,Delta,Delta,LOT-1794,6229,1816,1286,3925,3737,Gamma,2023-10-17 23:24:00,1360,7925,Standard,Gamma,Other,Other,1961,3667,9512,8078,2537,Beta,2025-03-08 17:41:00,617,5552,,,Standard,,,,,1997,6913,,2026-07-06,,,,,,,,,6015,,5828,Delta,2026-03-05,,4359,,,LOT-1842,,,,,,,,2024-10-24,,,,,,,1526,,,,,,2025-10-21,,,,,,,,,,,,,2023-07-14,,,Standard,TAG-2942,,,,,,,,,Resolved the outstanding question about scope.
,,Casey Dorsey,Skyler Larsson,,,,,SKU-1308,,,,,,,taylor.rossi@acme-fake.test,,,,,,Noah Calder,,SKU-6026,,,Active Customer,Followed up on the open items from last week.,Keystone Retail LLC,Cardinal Textiles Corp,Active,Other,United Kingdom,,,,,SMB,,,,N,Construction,,,,,,,Y,,,,Event,SKU-3532,SKU-6201,Elena Brooks,SKU-3280,,,,,,Gamma,,REF-1225,LOT-5876,,Other,,,,,Yara Patel,,Florida,N,,TAG-7531,,,,,REF-3148,REF-3396,5287,100001,Company,100672,noah.dorsey@acme-fake.test,Jamie Haddad,2023-09-28 01:34:00,rowan.ivanov@demomail.test,Rahul Cohen,2025-07-24 19:48:00,skyler.dorsey@examplecorp.test,Sofia Cohen,2023-06-11 09:03:00,quinn.calder@sampleco.test,,2024-02-11 10:31:00,N,100001,100001,100001,100001,100001,,100001,100001,100001,,100001,100001,,100001,,,100001,2023-02-08 16:08:00,324,2976,Other,Other,Alpha,TAG-3298,1959,8402,5688,6684,479,Alpha,2024-06-12 08:12:00,1471,3470,Gamma,Alpha,Other,Other,730,7090,9758,5385,3271,Delta,2024-10-14 18:53:00,,,,,Other,,,,,,,,2025-09-04,,,,,,,,,,,2221,,2025-07-11,,,,,,,,,,,,,2026-05-06,,,,,Alpha,,,,,,,,2025-11-01,2232,,,,Beta,,,,,,1961,,2025-02-01,,,,,REF-6430,,6162,,7729,,,,Followed up on the open items from last week.
,,Taylor Blake,Jamie Patel,,,,SKU-8241,TAG-5337,,,,,SKU-2198,Delta,drew.cohen@examplecorp.test,,Arjun Costa,,,SKU-5660,,"236,902",SKU-5036,,,Referral Partner,Aligned on billing and renewal terms.,Horizon Labs Inc,Meridian Textiles,Active,Other,Mexico,,,,Shared the updated proposal for review.,New Logo,,,TAG-1242,Y,Agriculture,,,,,,,,,,,Event,TAG-7085,,Riley Nguyen,TAG-3603,REF-4802,,7163,,N,Gamma,,REF-6059,TAG-7680,,Alpha,,,,,Arjun Haddad,,Florida,Y,,REF-3218,,,,,SKU-4277,REF-4111,,100001,Company,100673,omar.sloan@demomail.test,Diego Blake,2025-12-31 05:52:00,mei.haddad@sampleco.test,Drew Garcia,2025-07-16 21:22:00,morgan.haddad@demomail.test,Marco Reyes,2026-02-15 14:43:00,rahul.blake@examplecorp.test,,2023-12-13 00:46:00,N,100001,100001,100001,100001,100001,100001,100001,100001,100001,,100001,100001,100001,100001,100001,,100001,2025-02-10 01:40:00,7478,9582,Gamma,Gamma,Delta,SKU-4074,5570,1198,9688,6977,605,Gamma,2022-11-27 08:02:00,7116,3465,Other,Delta,Beta,Standard,3166,2735,9383,5025,7743,Gamma,2025-04-23 20:48:00,,,,,,,,,,,,,2024-05-27,,,,,,,,,,,,,2024-05-26,9862,,,,,,,,,,,,2024-05-01,,,,,,,,3533,,,,,2025-01-26,,,,,,,,,,,,,2024-06-18,,,,,,,,,,,,Alpha,Resolved the outstanding question about scope.
,,Fatima Mercer,Reese Costa,,,SKU-6251,,LOT-6012,SKU-6479,TAG-6676,TAG-3083,,,,jamie.haddad@sampleco.test,,,,,,,"134,931",TAG-5785,,,Referral Partner,Followed up on the open items from last week.,Blue Ridge Systems LLP,Blue Ridge Analytics LLP,Active,Delta,United Kingdom,,,,Aligned on billing and renewal terms.,Enterprise,,,,N,Hospitality,,,,,,,,Delta,,,Partner,SKU-6471,TAG-2507,Nina Calder,SKU-3826,SKU-2503,REF-8633,,,,Alpha,,,REF-1327,,,,,,,Priya Kim,,Washington,Y,,REF-2138,,,,,,TAG-5321,9632,100001,Company,100676,liam.dorsey@sampleco.test,Riley Mercer,2025-08-18 17:54:00,omar.dorsey@acme-fake.test,Elena Reyes,2023-06-03 12:57:00,liam.nguyen@sampleco.test,Reese Cohen,2023-07-10 21:52:00,rowan.ashby@examplecorp.test,,2024-02-13 12:33:00,N,100001,100001,100001,100001,100001,100001,100001,100001,100001,,,100001,100001,100001,100001,100001,100001,2026-07-18 15:38:00,9794,6980,Other,Beta,Gamma,TAG-8564,945,1793,6164,6401,2083,Standard,2025-10-04 01:16:00,1582,1253,Standard,Alpha,Delta,Other,5694,9109,8109,2403,3313,Standard,2023-07-12 03:45:00,,,,LOT-5643,,TAG-8121,,2187,,,,,2023-01-17,,8592,,,,,7722,5741,,1153,7649,,2023-09-21,,,,,,,9567,,,,,,2026-06-26,,,,,,TAG-4758,,,,,,,2023-02-21,,,,,,,,,,,,,2023-08-18,,,,,,,,,,,,,Followed up on the open items from last week.
,,Avery Okafor,Rahul Costa,,,TAG-7586,SKU-4019,,,SKU-9395,,,,,reese.garcia@sampleco.test,,,,,,,,,,,Active Customer,Scheduled a check-in for the coming month.,Redwood Robotics Corp,Meridian Foods Ltd,Active,Other,India,,,,Scheduled a check-in for the coming month.,Enterprise,,,,N,Retail,,,,,,,,,,,Referral,LOT-4732,,Elena Brooks,,REF-3541,TAG-9852,,,,Other,,REF-9002,,,Other,,,,,Casey Silva,,Washington,Y,,LOT-5240,,,,,,REF-3934,3949,100001,Company,100679,arjun.vance@acme-fake.test,Jordan Sato,2026-05-22 02:52:00,aisha.ford@examplecorp.test,Casey Calder,2023-06-30 04:44:00,omar.okafor@sampleco.test,Omar Brooks,2023-07-03 12:05:00,aisha.sato@acme-fake.test,,2025-03-12 01:46:00,N,100001,100001,100001,100001,100001,,100001,100001,,100001,100001,100001,,100001,,,100001,2025-10-03 16:16:00,9512,8437,Alpha,Standard,Beta,SKU-9721,7022,3305,8189,3586,8554,Alpha,2025-02-22 08:46:00,1650,7744,Beta,Gamma,Delta,Beta,847,6638,1153,3138,6477,Alpha,2024-09-20 07:51:00,8837,,,REF-5849,,,4812,,,3990,,,2023-02-17,,,,,,,,,,,,,2022-10-04,,,,,,TAG-9269,,,,,,,2023-04-19,,,,,,,,,,,3981,,2026-06-06,,,Standard,REF-5395,,,,,,,,,2026-05-16,,,,SKU-4114,,,5224,,,,,Beta,Followed up on the open items from last week.
,,Liam Blake,Alex Vance,,,LOT-9292,REF-8948,TAG-5658,LOT-7961,,,,,,liam.ford@sampleco.test,Marco Blake,,,,REF-6861,,,SKU-8673,,,Active Customer,Reviewed performance and gathered feedback.,Brightpath Dynamics Inc,Evergreen Textiles Co,Active,Beta,Canada,,,,Followed up on the open items from last week.,Standard,,TAG-9850,,N,Energy,,,,,,,,,,,Website,LOT-9107,TAG-4445,Chen Mensah,,REF-3367,,2085,N,,Delta,,SKU-8159,TAG-5899,,Beta,,,,,Marco Garcia,,Florida,Y,,SKU-4894,,,,,,TAG-5709,4726,100001,Company,100681,arjun.whitfield@examplecorp.test,Jordan Ashby,2025-01-13 15:36:00,chen.garcia@examplecorp.test,Chen Dorsey,2024-04-26 22:53:00,avery.haddad@sampleco.test,Rowan Mercer,2023-03-20 16:59:00,reese.costa@demomail.test,,2026-03-15 14:21:00,N,100001,100001,,100001,100001,100001,100001,100001,100001,100001,,100001,,100001,100001,100001,100001,2026-04-10 14:58:00,752,1927,Beta,Standard,Beta,SKU-5173,7174,6772,7386,4722,8289,Other,2024-06-06 11:33:00,6726,6455,Alpha,Beta,Delta,Delta,5819,8861,1683,2421,5166,Gamma,2025-11-17 02:23:00,,,,,,,,,7072,,5447,,2025-02-15,,5267,,,,,,,,,1467,Alpha,2024-01-25,,,Other,,,,,,,,,,2025-04-25,,,,,,REF-6063,,,,,,,2023-10-16,,,,,,,,,,,,,2025-04-16,,,,,,,,5872,,,2247,,Scheduled a check-in for the coming month.
,,Marco Mensah,Marco Mensah,,,SKU-8171,REF-9001,SKU-2438,,REF-3527,,,,,nina.calder@demomail.test,Aisha Sato,,,,LOT-9557,,"190,223",TAG-1594,,,Prospect,Resolved the outstanding question about scope.,Silverline Health Ltd,Falcon Health Corp,Active,Alpha,United States,,,,Followed up on the open items from last week.,Enterprise,,TAG-4534,,Y,Professional Services,,,,,,,,,,,LinkedIn,LOT-2547,,Jordan Kim,,REF-9352,,,,,Other,,REF-6991,REF-8151,,Standard,,,,,Diego Ivanov,,Colorado,N,,REF-7916,,,,,,SKU-4943,5302,100001,Company,100683,arjun.cohen@demomail.test,Noah Whitfield,2024-03-11 06:16:00,alex.dorsey@examplecorp.test,Chen Silva,2026-04-14 12:59:00,fatima.costa@demomail.test,Skyler Sloan,2023-02-09 20:12:00,chen.ashby@examplecorp.test,,2023-06-09 14:35:00,N,100001,100001,100001,100001,,100001,100001,100001,,100001,100001,100001,100001,100001,100001,100001,100001,2025-01-16 09:44:00,1687,1116,Delta,Gamma,Delta,TAG-6605,4220,7641,5809,3442,3499,Standard,2025-09-07 06:55:00,6679,7428,Standard,Gamma,Alpha,Delta,4434,1888,9093,5868,9208,Gamma,2024-12-03 05:31:00,,,,,Alpha,,,4710,,,,,2023-11-29,9973,,,,,,50,,5492,,,,2024-12-06,,,,,,,,,,,,Standard,2026-07-07,,,,,,,,,,,,,2026-05-13,,,,LOT-6957,Delta,,,,,,,,2025-03-06,6825,,,,,,,,,1416,,,Followed up on the open items from last week.
,,Mei Rossi,Priya Okafor,,,,REF-5340,,,REF-1068,,SKU-6034,,,liam.mercer@sampleco.test,,,,,,,,SKU-5246,,,Active Customer,Aligned on billing and renewal terms.,Vertex Networks LLP,Delta Financial LLP,Active,Gamma,Germany,,,,Resolved the outstanding question about scope.,Renewal,,,,N,Real Estate,,,,,,,,,,,Website,REF-9045,,Noah Silva,SKU-4277,SKU-5802,,,,,Delta,,TAG-1290,SKU-6678,,Beta,,,,,Liam Brooks,,New York,N,,LOT-8170,,,,,,TAG-5017,8194,100001,Company,100684,chen.reyes@examplecorp.test,Mei Okafor,2024-11-05 22:03:00,diego.mensah@sampleco.test,Rowan Ivanov,2023-12-10 03:15:00,sofia.ford@demomail.test,Jordan Okafor,2023-08-12 19:47:00,emerson.larsson@demomail.test,,2026-06-03 08:33:00,Y,100001,100001,,100001,,,100001,100001,100001,100001,,100001,,100001,100001,,100001,2024-11-02 22:18:00,2216,3273,Gamma,Gamma,Gamma,LOT-7743,7506,8595,8618,5398,5584,Alpha,2024-07-19 16:38:00,192,8061,Other,Other,Alpha,Other,4275,7177,3296,3738,523,Alpha,2025-10-15 12:26:00,,,,REF-8081,,,,,,,,,2025-10-28,,,,,,SKU-3413,,,,2971,,Gamma,2023-12-27,,,,,,,,,,,,,2024-04-02,,,,,,,,,4079,,,Beta,2022-11-23,,,,,,,,,,,7073,Standard,2025-12-18,,,Other,,,,,4152,,,,,Followed up on the open items from last week.
,LOT-4884,Casey Brooks,Jordan Whitfield,,,,TAG-2953,,LOT-7881,,SKU-8794,,LOT-2336,,elena.larsson@acme-fake.test,,Aisha Costa,,,,,,TAG-2168,,,Prospect,Shared the updated proposal for review.,Pioneer Networks Co,Evergreen Foods Inc,Active,Delta,Australia,,,,Scheduled a check-in for the coming month.,Enterprise,,,,Y,Education,,,,,,,,,,,Website,TAG-6166,,Elena Haddad,REF-9023,SKU-3737,TAG-8396,3228,,,Alpha,,,SKU-5435,,Beta,,,,,Skyler Brooks,,Illinois,N,,REF-9708,,,,,,LOT-7972,1537,100001,Company,100685,riley.nguyen@demomail.test,Jamie Haddad,2023-02-18 15:21:00,marco.sato@acme-fake.test,Drew Garcia,2025-03-05 21:26:00,skyler.dorsey@demomail.test,Rowan Vance,2026-03-16 00:32:00,arjun.reyes@examplecorp.test,,2024-06-05 09:37:00,Y,100001,100001,,100001,100001,100001,100001,100001,100001,100001,,100001,,100001,100001,,100001,2025-11-07 18:58:00,804,9622,Beta,Delta,Alpha,TAG-4123,1669,2960,2234,3000,9671,Delta,2025-09-12 18:17:00,5034,7066,Delta,Other,Other,Other,747,3730,3342,1922,3617,Gamma,2025-09-16 23:36:00,4718,,,,,,3432,,,,,,2022-10-28,1369,6183,,REF-3103,Beta,,,7445,9916,,,Alpha,2026-01-13,,,,,,,,,,,,,2026-01-04,,,,,Beta,,,,,,,,2023-12-26,7335,,Gamma,,,,,,,,,,2026-03-02,,,,,,,,,9462,,,,Shared the updated proposal for review.
,REF-6883,Casey Whitfield,Jamie Cohen,,,LOT-9743,SKU-9877,,REF-1812,,,,,,priya.vance@demomail.test,,Omar Blake,,,,,"183,103",TAG-6632,,,Active Customer,Discussed timeline and next steps with the account.,Falcon Financial Corp,Brightpath Analytics Group,Active,Beta,Canada,,,,,Enterprise,,,,Y,Logistics,,,,,,,,,,,LinkedIn,REF-4979,,Avery Patel,SKU-9950,REF-4136,TAG-3564,,,,Alpha,,LOT-1430,REF-7126,,,,,,,Reese Patel,,Illinois,N,,LOT-7066,,,,,,SKU-4311,2537,100001,Company,100686,omar.garcia@demomail.test,Aisha Sloan,2023-05-10 08:06:00,chen.calder@sampleco.test,Sofia Calder,2025-05-23 07:15:00,mei.ivanov@sampleco.test,Riley Kim,2023-05-27 20:21:00,riley.larsson@acme-fake.test,,2023-09-27 14:31:00,N,100001,100001,100001,100001,100001,100001,100001,100001,100001,,100001,100001,,100001,100001,100001,100001,2024-09-24 18:25:00,6773,827,Other,Gamma,Other,REF-5652,5217,7915,9529,7736,2597,Alpha,2025-09-22 08:39:00,7609,1679,Standard,Standard,Standard,Beta,8578,432,5086,3463,2923,Other,2023-10-03 03:33:00,,,,,,SKU-4780,,61,3277,,,,2023-02-01,5401,,,,,,,,,,,,2026-03-22,,,,,,,,,,,,,2025-03-26,,,Gamma,,,,4690,,,,,,2023-10-07,,,Gamma,SKU-5133,,,,,,,6972,,2024-08-03,,,,,TAG-7632,,,,,,,Standard,Shared the updated proposal for review.
,TAG-1099,Skyler Ford,Chen Rossi,,,REF-1473,LOT-4221,,,,,,,,arjun.brooks@examplecorp.test,Marco Reyes,Quinn Garcia,,SKU-2160,SKU-8358,,,TAG-6389,,,Referral Partner,Resolved the outstanding question about scope.,Summit Solutions Co,Vertex Robotics,Active,Alpha,India,,,,Aligned on billing and renewal terms.,Standard,,,,N,Retail,LOT-8823,,,,,,,,,,Website,LOT-2708,LOT-1516,Chen Mercer,SKU-4775,TAG-8778,,7155,,,Beta,,REF-4999,SKU-6549,,Alpha,,,,,Reese Blake,,Ohio,N,,SKU-5536,,,,LOT-6017,,SKU-2680,5442,100001,Company,100688,rowan.silva@examplecorp.test,Priya Silva,2024-12-19 09:22:00,reese.dorsey@demomail.test,Omar Okafor,2023-08-14 16:31:00,elena.mercer@sampleco.test,Reese Cohen,2025-12-29 04:16:00,riley.garcia@sampleco.test,,2023-10-11 19:42:00,N,100001,100001,100001,100001,,100001,100001,100001,100001,100001,100001,100001,,100001,100001,,100001,2024-07-29 23:51:00,1748,3762,Delta,Gamma,Delta,TAG-8804,8982,1403,2381,9208,6844,Other,2025-08-28 02:22:00,8104,6610,Other,Delta,Gamma,Other,8640,1593,8366,621,40,Standard,2023-01-13 23:06:00,88,,,,Other,REF-9132,422,,,,,,2023-12-21,,,Alpha,,,,,,6418,,,,2026-05-15,,,Alpha,,,,,,,,,,2024-10-27,,,,,,,,,,,,,2023-04-24,9267,,,LOT-1878,,TAG-5101,,2713,,,,,2023-12-17,,,,,,REF-6027,,,,,,,Reviewed performance and gathered feedback.
,,Casey Silva,Reese Sloan,,,,SKU-1552,TAG-3200,,TAG-4497,,,SKU-2949,,rowan.mercer@sampleco.test,Elena Calder,,,,LOT-4085,Yara Ivanov,,,,,Active Customer,Discussed timeline and next steps with the account.,Horizon Media Co,Copper Partners LLP,Active,Standard,India,,,REF-2759,Scheduled a check-in for the coming month.,New Logo,,,,N,Professional Services,,,,,,,,,,,Website,SKU-7464,SKU-3725,Taylor Dorsey,LOT-5226,LOT-9607,REF-2459,7421,,,,,TAG-1361,TAG-5553,,,,,Alpha,,Arjun Haddad,,Florida,Y,,SKU-9941,,,,,,REF-4887,1234,100001,Company,100690,nina.ford@examplecorp.test,Sofia Patel,2024-10-05 00:30:00,reese.kim@acme-fake.test,Emerson Reyes,2022-11-18 00:45:00,morgan.ashby@demomail.test,Emerson Garcia,2026-03-20 14:00:00,nina.ashby@acme-fake.test,,2025-02-24 10:34:00,N,,100001,100001,100001,100001,100001,100001,100001,,,,100001,100001,,100001,,100001,2023-12-28 19:01:00,8555,7907,Delta,Other,Beta,SKU-9868,1920,7571,3944,1810,3596,Delta,2025-03-31 13:27:00,332,7043,Other,Delta,Other,Beta,2313,9950,4967,8296,6497,Delta,2023-03-09 17:50:00,,,,,Other,REF-7461,8519,,,,,Other,2023-05-15,,,,,,SKU-5154,,,,,,,2023-03-16,,,,,,,,,,,,,2026-04-21,,,,TAG-2193,,,,,,,,,2025-05-09,,,,,,,,,,,,,2025-03-01,,,,,TAG-2980,,,5718,,,,,Discussed timeline and next steps with the account.
,REF-8376,Taylor Patel,Jamie Vance,,,TAG-6768,LOT-8213,SKU-5048,SKU-7443,,,,,,elena.whitfield@sampleco.test,,,,,,,,LOT-1759,,,Active Customer,Reviewed performance and gathered feedback.,Granite Solutions,Everest Networks Corp,Active,Gamma,India,,REF-5527,,,Standard,,REF-4055,,Y,Education,,,,,,,,,,,Website,REF-1417,,Rowan Mensah,SKU-3701,REF-6391,LOT-2704,4043,,,Alpha,,TAG-6808,TAG-7051,,Other,,,,,Morgan Nguyen,,California,Y,,SKU-2638,,,,,LOT-7292,SKU-9079,1840,100001,Company,100692,yara.dorsey@sampleco.test,Skyler Reyes,2026-03-10 12:43:00,riley.ashby@examplecorp.test,Fatima Vance,2026-05-16 06:58:00,casey.sloan@sampleco.test,Liam Silva,2024-11-18 14:22:00,nina.silva@demomail.test,,2023-11-25 02:46:00,N,100001,100001,100001,100001,100001,100001,100001,100001,,100001,100001,100001,,100001,100001,100001,100001,2023-09-02 04:17:00,487,8405,Beta,Gamma,Other,REF-1581,6577,1467,5223,8281,9850,Beta,2024-04-08 07:19:00,2108,8938,Alpha,Alpha,Delta,Delta,5456,6490,532,5495,7753,Standard,2026-03-30 15:34:00,,,,,Standard,,,,7031,164,3652,,2023-10-24,,3831,Other,,,,,,9139,,8849,,2026-02-24,,,,,,,3272,,,,1525,,2023-04-10,,,,,,,,,,,,,2026-03-11,,,,,,,,,,,,Alpha,2022-12-28,,,,,,,,,,,,,Shared the updated proposal for review.
,,Taylor Silva,Priya Kim,,,REF-5285,TAG-8552,,LOT-9571,,REF-2134,,,,fatima.larsson@acme-fake.test,,,,,,,,LOT-2259,"35,625",,Referral Partner,Discussed timeline and next steps with the account.,Summit Analytics Ltd,Silverline Dynamics LLC,Active,Alpha,Germany,,,,Followed up on the open items from last week.,Standard,,SKU-1911,,N,Media,,,,,,,,,,,LinkedIn,,,Avery Whitfield,REF-1668,SKU-8222,,,,,Beta,,LOT-1983,TAG-7620,,Gamma,,,,,Liam Vance,,Illinois,N,,SKU-8827,,,,,SKU-2919,REF-9635,,100001,Company,100694,liam.calder@sampleco.test,Jordan Nguyen,2024-08-06 03:57:00,avery.brooks@acme-fake.test,Diego Cohen,2026-01-03 03:26:00,taylor.blake@examplecorp.test,Chen Ashby,2024-11-23 00:10:00,noah.mercer@examplecorp.test,,2025-01-06 12:04:00,Y,100001,100001,100001,100001,100001,100001,100001,100001,,100001,100001,100001,100001,100001,100001,100001,100001,2026-01-21 09:05:00,5115,2718,Alpha,Beta,Other,TAG-2275,9325,9773,1007,1536,1495,Delta,2023-05-24 22:36:00,767,6409,Delta,Beta,Beta,Beta,7295,7545,7178,133,3195,Gamma,2026-07-26 03:31:00,,91,,REF-3642,Delta,SKU-9211,,,,,,Delta,2026-03-12,,,,,Gamma,,,1036,3447,,,,2024-02-06,,,,REF-8462,,,,,,,,,2024-03-16,,,,,Delta,,,,2611,,,,2025-09-01,,,,,,,,1885,,,,,2026-01-19,,9203,,SKU-6502,,,,,,,,,Discussed timeline and next steps with the account.
,,Avery Silva,Drew Rossi,,,SKU-8562,TAG-3575,SKU-5963,SKU-1348,,,,,,noah.silva@sampleco.test,,Rahul Reyes,,,,,,SKU-7096,"41,934",,Past Customer,Followed up on the open items from last week.,Copper Foods Corp,Evergreen Retail Co,Active,Standard,Canada,,,,Followed up on the open items from last week.,Standard,,,,N,Professional Services,,,,,,,Y,,,,Event,LOT-2377,,Chen Ashby,REF-5783,LOT-9099,,8538,,,Gamma,,REF-4837,SKU-1848,,,,,,,Emerson Costa,,California,N,,REF-8216,,,,,,SKU-6530,172,100001,Company,100696,taylor.cohen@demomail.test,Elena Calder,2024-05-31 19:29:00,sofia.mercer@examplecorp.test,Drew Mensah,2024-07-10 22:37:00,aisha.calder@examplecorp.test,Avery Patel,2025-04-30 18:35:00,riley.whitfield@acme-fake.test,Nina Whitfield,2026-02-06 10:56:00,N,100001,100001,100001,100001,100001,,100001,100001,,100001,100001,100001,100001,100001,100001,100001,100001,2023-07-16 06:38:00,7351,6852,Beta,Delta,Delta,LOT-6652,7741,6069,5875,116,2396,Gamma,2025-11-25 15:00:00,8237,8667,Gamma,Beta,Alpha,Beta,5937,8356,2014,6200,7215,Other,2025-01-08 01:09:00,,,,SKU-3641,,,5436,9926,1209,,,,2023-06-16,,,,SKU-2447,Alpha,,,,,,,,2023-07-29,,,,,,,,,,,,,2025-10-16,1854,5071,,,,,,,,,,Gamma,2023-06-26,,,,,Delta,,,,,,5664,,2026-01-10,,,,,,,,,,,,,Resolved the outstanding question about scope.
,,Omar Whitfield,Yara Kim,,,,,,,,,SKU-7817,,,arjun.ford@examplecorp.test,,,,,,,"81,033",REF-1281,,,Past Customer,Noted a concern to revisit at the next sync.,Evergreen Solutions Co,Falcon Textiles,Active,Standard,Canada,,,,,Renewal,,LOT-7926,,Y,Professional Services,,,,,,Beta,,,,,Inbound Call,REF-3098,REF-8325,Avery Mercer,SKU-1227,LOT-4510,REF-7078,3525,,,,,SKU-7526,LOT-6643,,Standard,Standard,,,,Riley Rossi,,Texas,Y,,TAG-7417,,,,,,,3201,100001,Company,100699,reese.silva@acme-fake.test,Sofia Ford,2023-10-15 23:02:00,taylor.mensah@demomail.test,Marco Vance,2026-06-14 13:11:00,priya.nguyen@sampleco.test,Arjun Dorsey,2025-04-21 16:57:00,casey.calder@sampleco.test,Morgan Sloan,2026-07-11 07:56:00,Y,100001,100001,100001,,100001,100001,100001,100001,100001,100001,,100001,100001,100001,100001,,100001,2025-07-08 02:54:00,3364,9682,Other,Alpha,Gamma,TAG-6941,5051,1393,670,5049,2688,Other,2024-01-18 11:19:00,499,979,Other,Beta,Other,Standard,2025,1602,7033,7636,8611,Standard,2025-02-02 12:01:00,1688,7940,,REF-2411,,SKU-5186,,4633,,2622,,,2024-11-20,,,,,Alpha,,,1154,6990,405,,,2024-08-27,,,,,,,,5156,,,,,2024-02-02,,,,LOT-5252,,,,,,1927,,,2025-06-08,,,,,,LOT-8403,,3969,3747,,,,2026-01-01,8448,,,,,,,,,,,,Noted a concern to revisit at the next sync.
,,Liam Cohen,Sofia Rossi,,,REF-2820,LOT-9640,,,,,,,,skyler.ashby@acme-fake.test,,,,,,,"197,321",LOT-5070,,,Prospect,Aligned on billing and renewal terms.,Cobalt Energy Ltd,Atlas Dynamics Group,Active,Beta,Germany,,LOT-2065,,Shared the updated proposal for review.,New Logo,,,,N,Professional Services,,Standard,,,,,,Delta,,,Event,SKU-8296,,Jordan Ford,REF-8038,,,398,,,Beta,,LOT-5505,SKU-7341,,,,,,,Fatima Okafor,,Arizona,Y,,SKU-4148,,,,,,LOT-9202,3875,100001,Company,100702,emerson.nguyen@examplecorp.test,Riley Ford,2023-11-08 15:23:00,jordan.vance@demomail.test,Marco Patel,2024-03-04 13:01:00,casey.kim@acme-fake.test,Yara Patel,2026-06-03 10:37:00,noah.vance@demomail.test,Riley Garcia,2024-04-09 22:02:00,Y,100001,100001,100001,100001,100001,100001,100001,100001,100001,100001,100001,100001,100001,100001,,100001,100001,2024-10-24 19:32:00,3070,7579,Standard,Alpha,Beta,REF-3340,2391,1771,1979,1259,2894,Beta,2026-01-23 10:39:00,7834,1391,Beta,Gamma,Standard,Alpha,3492,4267,8818,5802,3707,Beta,2022-11-23 17:28:00,,,,REF-4602,,,7093,,,,,,2024-12-01,,9324,,LOT-5479,,,,,9451,,7496,,2023-12-26,3493,,,,,,,,,,,,2023-12-06,,,,,,LOT-5237,,,,,,,2026-07-07,7419,,,,Standard,,1548,,,,,Delta,2024-01-22,,5391,,,,,,,,,,,Discussed timeline and next steps with the account.
LOT-4108,,Morgan Okafor,Jordan Ivanov,,,,SKU-5535,REF-7674,,,,,,,mei.reyes@demomail.test,Avery Haddad,,,LOT-1169,,Riley Costa,,REF-7329,,,Active Customer,Shared the updated proposal for review.,Horizon Labs Corp,Harbor Logistics Inc,Active,Alpha,United States,,,,Discussed timeline and next steps with the account.,Standard,,,,,Hospitality,,,,,,Gamma,,,,,Inbound Call,TAG-7298,SKU-4297,Jordan Haddad,TAG-6364,SKU-1614,LOT-9544,,,Y,Gamma,,SKU-1364,LOT-7958,,Gamma,,,,,Nina Ivanov,,Ohio,Y,,REF-6330,,,,,,REF-7323,2718,100001,Company,100704,drew.kim@demomail.test,Diego Kim,2024-11-14 03:47:00,casey.sato@sampleco.test,Quinn Patel,2026-01-07 12:57:00,jordan.whitfield@examplecorp.test,Mei Costa,2023-10-08 04:52:00,chen.okafor@demomail.test,,2023-11-04 18:00:00,N,100001,100001,100001,100001,100001,100001,100001,100001,,100001,100001,100001,100001,100001,100001,100001,100001,2025-04-02 08:55:00,2475,1130,Beta,Standard,Standard,SKU-6985,3071,9480,6787,4911,6601,Gamma,2024-04-01 21:21:00,5806,3730,Delta,Other,Standard,Gamma,6156,2418,7580,5530,4516,Delta,2025-02-27 11:52:00,,,Gamma,,,REF-6754,,9823,,,,Alpha,2025-11-30,7737,,,,Alpha,REF-1910,,,,,,,2024-07-07,,,,,,,,,,,,,2025-09-11,,,,REF-2395,,,,,,,4023,,2023-06-22,7669,,,,,,,,,,,,2025-09-22,,,,,,,,,,,,,Noted a concern to revisit at the next sync.
,TAG-2803,Marco Ashby,Morgan Mercer,,,REF-4541,,,SKU-5292,LOT-5940,,,LOT-8756,Delta,jordan.ford@acme-fake.test,,,,,,,,REF-4027,,,Prospect,Noted a concern to revisit at the next sync.,Meridian Capital Corp,Pioneer Group Corp,Active,Beta,United Kingdom,Standard,,,Reviewed performance and gathered feedback.,Enterprise,,,,Y,Hospitality,SKU-6969,,,,,,,,,,LinkedIn,SKU-5765,,Fatima Vance,,SKU-8800,,8853,,,Standard,,REF-6749,REF-6804,,Other,,,,,Marco Okafor,,California,N,,LOT-3923,,,,,,SKU-7276,2243,100001,Company,100705,morgan.whitfield@demomail.test,Sofia Rossi,2024-04-23 12:02:00,taylor.garcia@sampleco.test,Riley Ashby,2025-04-01 12:28:00,avery.kim@acme-fake.test,Elena Sloan,2023-09-10 05:20:00,rowan.calder@demomail.test,,2023-12-29 18:09:00,N,100001,100001,100001,100001,,,100001,100001,100001,100001,,100001,100001,100001,100001,,100001,2026-04-08 23:55:00,641,1136,Gamma,Delta,Other,TAG-4467,738,5660,8020,4031,4728,Gamma,2025-09-13 23:08:00,1560,8545,Delta,Other,Standard,Beta,7910,8414,5577,3486,7175,Alpha,2024-01-01 21:18:00,,,,,,SKU-3452,1422,,616,,,,2024-01-13,8836,,,,,,,,,,,,2023-10-14,,,,,,,,,,,,,2024-09-05,,,,,,,,,,,,,2025-04-04,,,,,,,,,,,,,2023-09-30,,,,,,,,4898,,,,Other,Followed up on the open items from last week.
,LOT-8680,Quinn Haddad,Liam Brooks,,,TAG-4491,SKU-9655,,LOT-9826,,,SKU-8344,,,marco.mensah@sampleco.test,,,,,REF-6095,,,LOT-6195,,,Past Customer,Discussed timeline and next steps with the account.,Cobalt Analytics Ltd,Cobalt Foods Inc,Inactive,Delta,Mexico,,,,Discussed timeline and next steps with the account.,Standard,,,LOT-9546,Y,Logistics,,Other,,,,,Y,,,,Event,TAG-6187,TAG-6646,Taylor Dorsey,REF-2748,LOT-9084,,1469,,,Standard,,SKU-7398,REF-3407,,,,,,,Fatima Haddad,,Georgia,Y,,SKU-9459,,,,REF-9264,,REF-2079,54,100001,Company,100708,taylor.brooks@examplecorp.test,Noah Haddad,2023-01-07 12:50:00,liam.garcia@acme-fake.test,Mei Dorsey,2025-12-12 04:35:00,drew.dorsey@examplecorp.test,Reese Reyes,2026-04-11 08:24:00,reese.ivanov@demomail.test,Fatima Reyes,2024-07-26 14:31:00,N,,100001,100001,100001,100001,100001,100001,100001,100001,,100001,100001,100001,100001,100001,100001,100001,2025-03-04 06:25:00,9931,8538,Delta,Gamma,Delta,SKU-5818,7239,7162,8195,84,6907,Delta,2024-08-24 10:18:00,3076,866,Other,Other,Delta,Other,7833,2987,3563,3501,1342,Beta,2024-04-28 16:38:00,,439,,TAG-8452,Other,,,8296,,,9224,,2026-05-02,,,,,Beta,,,9982,,,1220,,2024-06-11,,8210,,,,,,,,,,,2024-04-20,,,,,,REF-3364,,,,,,,2022-10-20,,8436,,,Gamma,,295,,,,,,2025-06-20,,,,,REF-2847,,,1559,,,,,Resolved the outstanding question about scope.
,,Reese Blake,Rowan Nguyen,,,REF-4870,SKU-2314,,REF-7370,,,,,,elena.sato@sampleco.test,,,,SKU-6894,REF-1534,Quinn Nguyen,"239,227",,,,Referral Partner,Scheduled a check-in for the coming month.,Copper Financial Group,Cobalt Analytics Corp,Inactive,Gamma,Mexico,,,,,Enterprise,,,,Y,Real Estate,,Other,,,,,,,,,LinkedIn,LOT-1810,TAG-8554,Reese Nguyen,TAG-7054,LOT-2513,REF-3958,,,,Alpha,,,LOT-7357,,Beta,,,,,Diego Ivanov,,Colorado,Y,,SKU-8884,,,,,,,,100001,Company,100709,aisha.ivanov@demomail.test,Reese Okafor,2024-05-09 13:24:00,yara.haddad@acme-fake.test,Aisha Mercer,2026-05-08 11:05:00,emerson.haddad@examplecorp.test,Casey Larsson,2025-07-02 02:26:00,yara.garcia@demomail.test,,2026-02-16 18:49:00,Y,100001,100001,100001,100001,,,100001,100001,100001,100001,,100001,100001,100001,100001,,100001,2025-06-23 09:35:00,7159,8840,Gamma,Standard,Gamma,SKU-9744,8764,5641,6790,5545,815,Standard,2025-05-05 10:12:00,7056,9199,Gamma,Other,Delta,Alpha,1734,4477,3586,307,4627,Beta,2025-02-17 22:09:00,,,,,,SKU-3905,,,,,,,2024-11-17,,,Other,SKU-3379,,,3481,,,,6637,,2025-09-28,,,Delta,,,,,,,,,,2023-05-21,,,,,,SKU-6090,,,,,,,2023-08-16,,,,,,,,,,,,Gamma,2023-02-04,,,,,,,,,7451,,,,Resolved the outstanding question about scope.
,,Arjun Silva,Priya Okafor,,,LOT-7310,,,LOT-6446,,,,,,mei.brooks@acme-fake.test,,Drew Haddad,,,,,,REF-9508,,,Active Customer,Noted a concern to revisit at the next sync.,Northwind Systems Group,Vertex Group LLC,Active,Beta,India,,,,Reviewed performance and gathered feedback.,Enterprise,,,,N,Energy,,,,,,,,,,,Partner,,SKU-7373,Sofia Reyes,LOT-9703,LOT-2966,SKU-2787,9432,,,Alpha,,LOT-5825,,,,,,,,Casey Sato,,Washington,N,,REF-4488,,,,,,,,100001,Company,100712,elena.whitfield@examplecorp.test,Rahul Brooks,2024-06-28 15:51:00,omar.nguyen@sampleco.test,Skyler Silva,2024-08-14 23:01:00,avery.mercer@examplecorp.test,Priya Costa,2023-01-04 11:07:00,jamie.patel@examplecorp.test,Marco Rossi,2024-08-08 20:29:00,N,100001,100001,100001,100001,100001,,100001,100001,,100001,,100001,100001,100001,100001,,100001,2024-03-21 05:08:00,6317,1093,Gamma,Alpha,Other,SKU-8598,9117,5800,1776,3208,8983,Standard,2024-04-01 13:07:00,4976,4157,Other,Beta,Gamma,Alpha,2152,5330,3559,6465,5100,Other,2026-07-19 21:41:00,,,,,,,,,,,327,,2025-08-16,,,,,Beta,,,8663,,,,,2024-11-14,,,,,,,,4497,,,,,2024-01-29,,,,REF-4085,,,,,8011,1325,9126,,2024-03-30,,,,,,,,,,,,,2023-11-02,,,,,REF-5829,,,,,,,,Shared the updated proposal for review.
REF-8038,,Omar Sato,Priya Garcia,,,TAG-3396,LOT-6899,LOT-7885,,LOT-9377,,,TAG-5403,Delta,alex.mercer@examplecorp.test,Rahul Brooks,,,,,,"211,343",,,,Past Customer,Aligned on billing and renewal terms.,Cardinal Networks LLC,Meridian Labs Co,Active,Delta,Canada,Standard,,,Scheduled a check-in for the coming month.,SMB,,,,N,Telecommunications,,,,"24,937",,,,,,,Partner,,LOT-6944,Omar Ivanov,TAG-2262,LOT-4655,,5133,,,Beta,,LOT-6749,SKU-8030,,,,"59,758",,,Jamie Mercer,,Florida,N,,LOT-2782,,,,,,SKU-2926,4585,100001,Company,100715,rahul.nguyen@examplecorp.test,Casey Kim,2026-04-19 10:36:00,casey.calder@sampleco.test,Morgan Ivanov,2023-01-22 19:00:00,elena.whitfield@demomail.test,Jamie Nguyen,2025-05-27 22:57:00,jordan.ford@examplecorp.test,Omar Mensah,2026-07-31 03:13:00,Y,100001,100001,100001,100001,100001,100001,100001,100001,100001,100001,,,,100001,100001,,100001,2024-02-11 21:58:00,2496,6414,Alpha,Standard,Other,TAG-2850,6530,4945,6104,6260,8505,Delta,2024-08-06 09:09:00,1356,8900,Beta,Beta,Beta,Beta,8915,4698,4160,2520,2530,Delta,2025-01-16 12:29:00,5525,,,,,,,1941,,,,,2026-03-17,,,,,,,,,,,,,2023-11-10,,,,,,,,,,,,,2023-06-05,,,,,Gamma,,,,,,,,2023-09-15,5809,,,,,,,,,1496,,,2023-08-08,,,,,,,,,,,,,Noted a concern to revisit at the next sync.
SKU-9167,REF-2865,Emerson Mensah,Skyler Garcia,,,LOT-8530,,,,,,,SKU-9123,,yara.kim@sampleco.test,,,,,,,"135,710",,,,Prospect,Discussed timeline and next steps with the account.,Everest Energy Inc,Cobalt Analytics Inc,Active,Delta,Germany,,,,Noted a concern to revisit at the next sync.,New Logo,,,,N,Financial Services,,,,,,,,,,,Webinar,SKU-2538,,Casey Mercer,REF-9987,,SKU-7013,8809,,,Delta,,REF-4456,LOT-4693,,,,,,,Taylor Dorsey,,Georgia,Y,,LOT-1949,,,,,,REF-8274,5926,100001,Company,100717,skyler.mercer@sampleco.test,Aisha Silva,2026-06-16 15:39:00,emerson.patel@sampleco.test,Rahul Haddad,2025-02-11 22:32:00,rowan.brooks@examplecorp.test,Elena Nguyen,2023-02-08 09:21:00,omar.blake@demomail.test,Omar Costa,2023-06-15 02:55:00,N,100001,100001,100001,100001,100001,,100001,100001,100001,100001,100001,100001,,100001,100001,100001,100001,2023-02-01 09:32:00,8459,7983,Gamma,Alpha,Delta,SKU-4217,9518,5974,5673,9024,8375,Alpha,2025-09-27 23:55:00,4831,9607,Alpha,Standard,Beta,Alpha,9376,3941,9164,8626,9464,Delta,2025-08-02 04:33:00,,,Standard,,,,,,,,,,2023-07-01,,,,,,TAG-3524,,,,,1786,,2024-11-12,,,,,,,,,,9296,,,2024-04-03,,,Alpha,,,SKU-6162,,,,,,,2024-04-27,,,,TAG-9453,,,,,,,3795,,2024-12-02,,,,,,,,,,,,,Shared the updated proposal for review.
TAG-5117,TAG-6796,Chen Brooks,Taylor Okafor,,,REF-9245,TAG-4936,REF-5180,,SKU-6639,,SKU-9717,,Gamma,diego.calder@demomail.test,,,,,REF-4487,Noah Vance,,SKU-2252,,,Past Customer,Reviewed performance and gathered feedback.,Meridian Retail Inc,Pioneer Retail LLP,Active,Delta,Australia,,,,Resolved the outstanding question about scope.,Standard,,,,N,Telecommunications,,,,,,,,,,,Cold Outreach,TAG-9275,REF-9229,Alex Nguyen,SKU-2137,REF-6861,,,,N,,,TAG-6722,SKU-2497,,Delta,,,,,Priya Ivanov,,Arizona,N,,SKU-7127,,,,TAG-3437,,TAG-6878,8442,100001,Company,100720,aisha.sloan@examplecorp.test,Fatima Haddad,2024-08-23 22:18:00,avery.costa@examplecorp.test,Priya Haddad,2023-02-20 00:19:00,quinn.patel@acme-fake.test,Taylor Blake,2023-07-10 06:37:00,priya.sato@demomail.test,Riley Mensah,2024-06-28 06:31:00,Y,100001,100001,100001,100001,100001,100001,100001,100001,,100001,100001,100001,,100001,100001,100001,100001,2023-08-06 02:39:00,2033,5462,Delta,Standard,Standard,SKU-4389,6759,2969,551,3736,2439,Other,2024-02-16 03:28:00,5944,3484,Other,Standard,Other,Delta,9842,8974,6557,3473,1214,Alpha,2025-01-28 22:54:00,7596,5289,Gamma,,,,,,,,,Delta,2026-03-15,,,,,,SKU-6255,9361,,4930,,,Delta,2026-06-27,,,,,,,,,,,,,2025-05-12,417,9470,,,,REF-1017,,,,,,,2025-07-27,,,,,,TAG-7357,,,,,3118,Gamma,2024-07-10,,,,,,,,,,,,,Followed up on the open items from last week.
SKU-4336,,Aisha Ivanov,Liam Reyes,,,REF-8870,,REF-5984,SKU-4639,TAG-5866,,,,,drew.kim@sampleco.test,,,,,,Quinn Dorsey,,SKU-1552,,,Past Customer,Reviewed performance and gathered feedback.,Silverline Industries Ltd,Horizon Systems LLP,Active,Delta,Canada,,,,Aligned on billing and renewal terms.,Enterprise,,,,Y,Agriculture,,,,,,,N,,,,Event,SKU-4030,REF-4025,Liam Whitfield,REF-5789,LOT-9037,,,,,Standard,,TAG-9056,TAG-4813,,Standard,,,,Other,Yara Mensah,,Washington,N,,REF-5254,,,,,,TAG-7878,2989,100001,Company,100722,jordan.kim@acme-fake.test,Mei Ashby,2024-02-15 06:37:00,jordan.patel@acme-fake.test,Arjun Mensah,2023-08-10 05:51:00,quinn.mercer@sampleco.test,Noah Costa,2022-11-04 16:53:00,omar.okafor@sampleco.test,,2024-03-14 10:20:00,N,100001,100001,100001,100001,100001,,100001,100001,,100001,100001,100001,100001,100001,100001,100001,100001,2023-11-21 17:52:00,1739,1305,Beta,Alpha,Delta,TAG-1066,3955,2319,8743,8639,1435,Standard,2024-07-06 06:22:00,9592,6433,Beta,Beta,Other,Standard,1099,9216,2366,4381,7916,Beta,2025-04-03 16:40:00,,,Beta,,Standard,TAG-3645,9177,,8278,,,Delta,2024-02-19,,,Gamma,,Delta,LOT-8483,,,,,,,2025-05-09,,,,,,,,,,,,,2023-10-27,,6265,,,,,,,,,,,2024-08-09,,,,,Standard,,9569,,,,,,2024-05-03,,,,REF-2632,,,,,,,,,Noted a concern to revisit at the next sync.
,,Riley Patel,Mei Vance,,,SKU-7107,TAG-8227,TAG-7393,TAG-8922,REF-1055,LOT-2083,,,,drew.cohen@examplecorp.test,,,,,,Aisha Ford,,LOT-5257,,,Prospect,Reviewed performance and gathered feedback.,Falcon Retail Group,Redwood Solutions Inc,Active,Gamma,India,,SKU-7175,,Aligned on billing and renewal terms.,SMB,,,,N,Hospitality,,,,,,,,,,,Event,LOT-5292,,Liam Rossi,TAG-1049,LOT-1117,,9866,,,Gamma,,LOT-4172,REF-9368,,Delta,,,,,Reese Ashby,,Ohio,Y,,REF-2324,,,,TAG-6384,,SKU-2631,190,100001,Company,100723,jamie.larsson@examplecorp.test,Skyler Costa,2023-07-03 22:08:00,emerson.ford@examplecorp.test,Alex Ashby,2024-10-23 05:06:00,rowan.mensah@examplecorp.test,Morgan Mensah,2026-04-26 01:09:00,riley.nguyen@demomail.test,Rahul Ashby,2024-01-11 12:28:00,N,,100001,100001,100001,100001,,100001,100001,100001,,,100001,,100001,100001,100001,100001,2024-04-02 21:58:00,2210,2922,Delta,Beta,Alpha,REF-9291,7926,9562,2597,9508,9167,Other,2023-06-02 14:40:00,472,1990,Standard,Beta,Beta,Delta,9974,4104,5680,5173,3529,Alpha,2024-04-30 21:05:00,,,,,Beta,LOT-3681,,,,,,Standard,2026-02-21,6998,,,,,,,5509,,7410,,,2023-11-23,,,,,,,,,,,,,2025-08-19,,,,,,,,,,,2974,,2024-04-22,,7132,,TAG-2401,,,8035,,4229,,,,2024-10-16,,,,,,,,,,,,,Shared the updated proposal for review.
,,Alex Rossi,Emerson Patel,,,REF-6753,SKU-3634,,,,,,LOT-1880,,priya.kim@sampleco.test,,,,,,,,REF-8318,,,Referral Partner,Scheduled a check-in for the coming month.,Northwind Energy,Silverline Analytics Inc,Active,Standard,Australia,,,SKU-4285,,Renewal,,LOT-4326,,N,Retail,,,,,,,,,N,,Website,,LOT-8955,Taylor Rossi,TAG-7399,,,,,,Standard,,TAG-3764,SKU-5276,,Beta,,,,,Reese Haddad,,Arizona,Y,,SKU-1559,,,,LOT-3986,LOT-1411,,,100001,Company,100726,aisha.kim@examplecorp.test,Jamie Ivanov,2024-01-11 08:06:00,rahul.ashby@demomail.test,Nina Sloan,2022-10-30 02:39:00,marco.vance@sampleco.test,Priya Ashby,2026-03-23 11:04:00,noah.cohen@demomail.test,Fatima Silva,2024-11-04 16:41:00,Y,100001,100001,100001,100001,,100001,100001,100001,100001,,,100001,100001,100001,100001,,100001,2024-10-10 16:36:00,987,8574,Beta,Other,Beta,TAG-7206,6635,9090,8733,2932,6923,Gamma,2026-05-18 15:00:00,5083,6522,Alpha,Alpha,Delta,Other,2237,5568,7855,9624,138,Gamma,2024-11-10 18:35:00,,,Gamma,,,,,,,,,,2025-07-05,,,Beta,,,,,,,,,Beta,2025-06-06,,,,,REF-3254,,,,,,,Gamma,2025-12-16,543,,,,,,,,,,,,2026-03-14,,1429,,,,SKU-8259,,,,,,,2025-10-09,,,,,,,,,,,,,Shared the updated proposal for review.
,,Rowan Patel,Arjun Whitfield,,,TAG-3656,SKU-2123,SKU-9480,,,,SKU-7099,,,jordan.vance@examplecorp.test,,,,TAG-3483,,,,SKU-5772,,,Prospect,Resolved the outstanding question about scope.,Meridian Holdings Group,Cardinal Foods LLP,Active,Beta,Australia,,,,Discussed timeline and next steps with the account.,Enterprise,,,,N,Agriculture,,,,,,,,Delta,,,Partner,,REF-5747,Arjun Ivanov,TAG-1401,REF-3509,TAG-7226,6620,,,Alpha,,TAG-5108,TAG-8872,,,,,,,Marco Blake,,Georgia,N,,TAG-4122,,,,,,LOT-8697,12,100001,Company,100729,noah.brooks@acme-fake.test,Reese Larsson,2026-01-21 07:19:00,sofia.sato@examplecorp.test,Casey Nguyen,2023-03-14 20:38:00,sofia.brooks@sampleco.test,Casey Nguyen,2025-10-04 04:52:00,priya.nguyen@demomail.test,,2026-05-09 17:23:00,Y,100001,100001,100001,100001,,100001,100001,100001,100001,,100001,100001,,100001,100001,100001,100001,2025-03-19 10:18:00,719,1149,Delta,Delta,Standard,SKU-3356,2676,5432,5463,3533,5645,Other,2024-08-10 10:32:00,6576,8167,Standard,Alpha,Other,Delta,7267,3210,2856,4252,3602,Gamma,2026-07-08 12:35:00,,3844,,,,,6066,,,7164,,Alpha,2024-07-02,6794,,Gamma,TAG-3313,,,,,,3546,,,2025-12-17,817,6807,,,,,,8079,,,,,2024-06-20,,,,,,,,6982,,,,Standard,2023-11-14,,4240,,,,,,5114,,,,,2026-02-10,,,,REF-3004,,,,,4492,,,,Discussed timeline and next steps with the account.
LOT-9037,,Yara Whitfield,Mei Kim,,,SKU-1714,SKU-6233,,,,,,,,avery.patel@sampleco.test,,,,,SKU-2668,,,,,,Prospect,Resolved the outstanding question about scope.,Beacon Holdings LLP,Cobalt Energy Inc,Active,Delta,Philippines,,,,Shared the updated proposal for review.,Renewal,,,TAG-3531,Y,Real Estate,,,,,,,,,,,Partner,,LOT-6037,Diego Blake,LOT-5100,LOT-6462,,3991,,,Alpha,,SKU-4545,SKU-6947,,Alpha,,,,,Riley Patel,Scheduled a check-in for the coming month.,Florida,Y,,LOT-9084,,,,,,REF-1444,1484,100001,Company,100731,elena.cohen@examplecorp.test,Rahul Sato,2025-11-11 02:15:00,omar.mensah@demomail.test,Omar Blake,2023-02-07 23:09:00,fatima.blake@sampleco.test,Diego Mensah,2023-04-08 11:49:00,emerson.sato@examplecorp.test,,2026-02-23 13:41:00,N,100001,100001,100001,100001,100001,100001,100001,100001,,100001,100001,100001,,100001,100001,100001,100001,2024-04-26 14:45:00,6440,1829,Standard,Delta,Other,REF-4023,6490,1670,5111,5584,2235,Delta,2024-08-15 22:44:00,9475,7038,Beta,Gamma,Delta,Other,5894,6694,5055,6746,9354,Delta,2025-02-11 13:23:00,5470,,Delta,,,TAG-3349,,,,,9857,,2022-10-20,,,,,,,,,,,,,2024-06-14,,,,LOT-6877,,,,,,,,,2025-08-28,,,,,,,,,,,,Beta,2025-02-15,2225,,,,,,8680,,,,,,2023-07-16,,2658,Other,,,,,,,2901,,,Followed up on the open items from last week.
,,Noah Dorsey,Avery Whitfield,,,,SKU-4079,,REF-8377,,,,,Other,liam.vance@sampleco.test,,,,,,,,LOT-3811,,,Active Customer,Discussed timeline and next steps with the account.,Evergreen Group Co,Silverline Media Corp,Inactive,Alpha,Canada,,,,Reviewed performance and gathered feedback.,Renewal,,,,N,Healthcare,,,,,,,,,,,LinkedIn,,SKU-2522,Skyler Ford,REF-4533,,,5357,,,Standard,,REF-9245,SKU-4485,,Delta,,,,,Yara Reyes,,Washington,Y,,TAG-7926,,,,,,LOT-3120,7921,100001,Company,100734,taylor.haddad@demomail.test,Jordan Garcia,2023-01-05 16:23:00,diego.brooks@sampleco.test,Jordan Garcia,2023-04-21 22:48:00,quinn.patel@sampleco.test,Avery Reyes,2024-01-13 06:26:00,mei.larsson@examplecorp.test,Diego Costa,2024-11-06 07:50:00,Y,100001,100001,100001,100001,100001,,100001,100001,100001,100001,,100001,100001,100001,100001,100001,100001,2024-06-06 22:57:00,1092,9245,Delta,Other,Gamma,LOT-6940,2228,2119,1965,2069,8375,Other,2024-05-15 22:14:00,1262,8681,Other,Standard,Other,Gamma,5725,7310,3799,97,7829,Gamma,2024-05-08 23:00:00,,,,LOT-9953,Standard,,6910,,,,3612,,2023-09-25,,,,,,,,,,9198,,Standard,2026-07-04,,,,,,,,,,,,,2023-08-15,,,Alpha,,,,,,,900,,,2025-12-06,,,,,,,,7481,,,6831,,2025-08-03,,,,,LOT-1174,,,,8118,,,,Scheduled a check-in for the coming month.
,,Jamie Reyes,Riley Kim,,,TAG-9720,LOT-4751,REF-5925,,REF-7647,,,,,nina.sloan@examplecorp.test,,,,,,,,TAG-6124,,,Active Customer,Scheduled a check-in for the coming month.,Falcon Textiles Inc,Atlas Textiles Ltd,Active,Beta,Canada,,,,,Standard,,,LOT-9898,N,Media,,,,,,,Y,,,,LinkedIn,,,Omar Vance,TAG-5833,REF-3827,,668,,,Beta,,TAG-1362,REF-9789,,Standard,,,,,Aisha Larsson,,Colorado,Y,,SKU-6325,,,,TAG-7141,,REF-1465,,100001,Company,100735,aisha.blake@sampleco.test,Quinn Brooks,2026-03-20 22:24:00,noah.mercer@sampleco.test,Fatima Cohen,2025-08-20 02:58:00,diego.larsson@sampleco.test,Yara Sato,2025-09-19 17:28:00,riley.ashby@demomail.test,,2026-06-20 18:20:00,N,100001,100001,,100001,100001,100001,100001,100001,,,100001,100001,100001,100001,100001,,100001,2023-11-27 11:18:00,238,5199,Delta,Standard,Gamma,REF-4192,2728,6046,5420,8329,575,Gamma,2023-08-21 01:45:00,2435,2406,Standard,Alpha,Alpha,Gamma,3539,687,7514,888,9820,Beta,2025-05-31 15:29:00,,,Beta,,,,,,,,,,2026-05-07,,6333,Alpha,REF-3827,,,,,,8376,,,2024-02-26,,,,,,REF-9887,6451,,,5540,,,2024-06-10,,,,,,,,,,,,Beta,2025-05-06,,,Delta,,,,1987,,,,,Gamma,2023-11-11,,,,,,TAG-7645,,,,,,,Reviewed performance and gathered feedback.
,,Casey Okafor,Riley Ivanov,,,,REF-3227,SKU-8886,,,,LOT-1307,,,quinn.nguyen@acme-fake.test,,Drew Blake,,TAG-9819,SKU-2896,,"178,452",LOT-4667,,,Active Customer,Scheduled a check-in for the coming month.,Brightpath Holdings Ltd,Evergreen Dynamics LLC,Active,,India,,,,Scheduled a check-in for the coming month.,Enterprise,,,LOT-8586,Y,Media,,,,,,,,,,,Referral,LOT-4012,,Nina Ashby,LOT-3403,TAG-3128,TAG-2823,,,,Other,,SKU-8639,LOT-2237,,Gamma,,,,,Fatima Brooks,,Illinois,N,,,,,,,,SKU-7752,,100001,Company,100736,skyler.brooks@sampleco.test,Priya Brooks,2023-06-19 13:13:00,riley.larsson@demomail.test,Jordan Mercer,2024-02-15 14:46:00,liam.mercer@examplecorp.test,Noah Ford,2024-12-08 03:04:00,reese.costa@examplecorp.test,,2023-07-24 07:36:00,Y,,100001,100001,100001,100001,,100001,100001,,100001,100001,100001,100001,100001,100001,100001,100001,2025-05-04 05:17:00,7564,7630,Alpha,Gamma,Delta,TAG-9044,8298,5733,8645,5570,6825,Delta,2026-04-05 21:56:00,8234,4874,Gamma,Beta,Alpha,Standard,7280,4860,6587,7280,3102,Other,2025-12-11 01:42:00,,,,,,,,,,,1761,Gamma,2026-03-25,7312,1528,,,,,4426,,,,,,2023-01-03,,,,,,,,,,,,,2024-03-14,,,,,,,,,,,,,2024-05-31,,,,,,,,1686,,1133,,,2026-06-22,,1302,,,,,,,3352,,,,Noted a concern to revisit at the next sync.
REF-4265,,Sofia Vance,Fatima Costa,,,LOT-6503,LOT-4301,,,,REF-1211,,,Beta,aisha.sloan@sampleco.test,,,,,,,,LOT-9256,,Beta,Prospect,Discussed timeline and next steps with the account.,Horizon Networks LLC,Pioneer Solutions Ltd,Active,Beta,Philippines,,,,Shared the updated proposal for review.,SMB,,,LOT-8823,Y,Healthcare,,,,,,,,Alpha,,"153,229",Referral,,REF-1934,Casey Sato,,,,,,,Standard,,REF-3607,TAG-3636,,Standard,,,,,Noah Brooks,,Washington,N,,LOT-3773,,,,,,TAG-3671,293,100001,Company,100738,diego.silva@sampleco.test,Rahul Okafor,2026-04-11 17:42:00,omar.cohen@sampleco.test,Drew Blake,2026-02-06 02:08:00,casey.patel@acme-fake.test,Liam Dorsey,2026-04-20 05:58:00,rowan.vance@demomail.test,,2026-03-09 13:06:00,Y,100001,100001,,100001,100001,100001,100001,100001,100001,100001,100001,100001,100001,100001,100001,100001,100001,2026-02-14 08:51:00,5425,49,Gamma,Gamma,Standard,TAG-4711,7772,4013,6705,5809,6749,Standard,2023-11-30 08:55:00,2030,7948,Standard,Beta,Other,Gamma,667,7269,2773,5831,3481,Alpha,2025-03-31 02:58:00,,,,,,,,,1449,,,Gamma,2023-07-18,,,,,,,,,,,911,,2023-10-10,,,,REF-3985,REF-4636,,6272,,,,,,2026-07-21,,,,,,,,,,,,,2023-01-18,,,,SKU-4684,,,,1958,,5574,,,2026-06-02,,,,,,,,,,,,,Noted a concern to revisit at the next sync.
,,Rowan Calder,Casey Ivanov,,,TAG-5873,,SKU-8513,REF-6148,REF-7876,,TAG-3398,,,emerson.costa@acme-fake.test,,,,,,,,LOT-5393,,,Active Customer,Discussed timeline and next steps with the account.,Brightpath Ventures LLP,Silverline Retail,Active,Alpha,Canada,,,,Followed up on the open items from last week.,Enterprise,,,,,Technology,,,,,,,N,,,,Website,REF-2985,TAG-3671,Rahul Whitfield,SKU-2527,,SKU-9510,1307,,,Beta,,,TAG-5010,,Alpha,,,,,Riley Whitfield,,Washington,Y,,LOT-4118,,,,SKU-3617,,LOT-4950,,100001,Company,100741,riley.garcia@acme-fake.test,Drew Dorsey,2025-01-29 20:37:00,noah.calder@sampleco.test,Mei Sloan,2022-10-04 04:52:00,reese.haddad@examplecorp.test,Marco Mercer,2024-05-15 11:29:00,marco.patel@examplecorp.test,Priya Garcia,2024-08-04 12:38:00,N,100001,100001,100001,100001,,,100001,100001,100001,,100001,,100001,100001,100001,,100001,2023-03-12 02:16:00,8164,5348,Alpha,Other,Other,SKU-6454,5550,8638,3973,7847,9423,Gamma,2022-11-17 02:48:00,7172,3879,Standard,Gamma,Gamma,Alpha,1213,1866,4359,5230,5470,Standard,2024-02-21 21:24:00,,,,REF-1644,Other,,,,,,,,2023-09-12,,8325,,,,,,,,,,,2025-12-29,,,Delta,,,,,,,,6177,,2022-10-19,,,,,,,,,,,,,2025-10-06,,,Standard,LOT-4241,,SKU-6884,,2396,,,,,2025-05-04,7911,,,,,,,,,,,,Aligned on billing and renewal terms.
,,Yara Nguyen,Omar Haddad,,,REF-7626,LOT-3384,,,REF-3565,,,,,nina.haddad@demomail.test,,,,,TAG-8497,,,SKU-7651,,,Active Customer,Shared the updated proposal for review.,Falcon Networks LLC,Cardinal Manufacturing Co,Active,Delta,India,,,,Noted a concern to revisit at the next sync.,Standard,,,,N,Healthcare,,Standard,,"12,196",,,,,,,Cold Outreach,TAG-1572,,Taylor Whitfield,SKU-3327,REF-7344,,,,,Other,,,,,Gamma,,,,,Elena Brooks,,Florida,Y,,,,,,,,REF-4606,4098,100001,Company,100742,reese.mensah@examplecorp.test,Skyler Garcia,2026-01-11 12:19:00,jordan.reyes@acme-fake.test,Marco Cohen,2025-01-11 18:55:00,skyler.garcia@examplecorp.test,Diego Mensah,2024-12-12 13:41:00,priya.vance@acme-fake.test,,2023-08-11 05:30:00,Y,100001,100001,100001,100001,,,100001,100001,100001,100001,100001,100001,,100001,100001,100001,100001,2023-04-12 13:59:00,4317,587,Other,Delta,Delta,LOT-2438,3491,5628,7442,4339,7981,Other,2023-10-02 18:35:00,6600,817,Alpha,Alpha,Delta,Beta,1073,5586,4471,8553,4967,Other,2023-01-03 17:49:00,,121,,,Delta,,,,,,,Beta,2025-10-19,,5475,,,,,,,,,,Beta,2022-11-03,,,,,,,,,,,,,2025-08-31,,,,,,,,,,,,,2026-01-16,9972,,,,,,,,,,,,2022-12-13,,,,,,,,,,,,,Noted a concern to revisit at the next sync.
REF-4890,,Diego Mensah,Morgan Larsson,,,,,SKU-6674,LOT-5931,,LOT-5432,,,,rowan.sato@sampleco.test,,,,,,,,SKU-4455,,,Referral Partner,Followed up on the open items from last week.,Horizon Holdings Ltd,Pioneer Capital LLC,Active,Gamma,United Kingdom,,,,Reviewed performance and gathered feedback.,Standard,,,,,Agriculture,,,,,,,,,,,Partner,LOT-7205,,Rowan Blake,LOT-1244,REF-4604,,106,,,Alpha,,REF-6208,REF-5004,,Gamma,,,,,Omar Ford,,Georgia,N,,TAG-7700,,,,,REF-6228,LOT-9279,,100001,Company,100744,reese.rossi@demomail.test,Riley Haddad,2022-10-25 03:14:00,aisha.dorsey@acme-fake.test,Morgan Dorsey,2026-01-25 19:23:00,skyler.rossi@acme-fake.test,Marco Mercer,2024-12-13 14:12:00,liam.silva@demomail.test,Emerson Costa,2023-05-08 20:23:00,Y,100001,100001,100001,100001,100001,,100001,100001,100001,,100001,100001,100001,100001,100001,,100001,2023-11-05 07:33:00,9315,7418,Standard,Alpha,Beta,REF-3777,3864,3985,5604,9315,9106,Gamma,2023-02-16 02:17:00,9749,9701,Other,Beta,Standard,Beta,9443,4388,5583,8203,2173,Standard,2026-06-21 16:27:00,,,Gamma,,Other,,,,4600,,,,2022-10-04,,,,,,,,5187,,,,,2022-10-06,,,,,,,,,,,,,2024-05-15,,,,,Delta,,,,9539,,,,2023-08-16,,,,,Alpha,,,,,,,,2022-11-03,,,,,,,,,,,,,Resolved the outstanding question about scope.
,,Skyler Silva,Emerson Sato,,,LOT-7848,TAG-8824,,REF-6319,,,,,,marco.mensah@demomail.test,,Chen Mercer,,,REF-1945,,"12,890",SKU-4406,,,Active Customer,Resolved the outstanding question about scope.,Horizon Capital Corp,,Active,Alpha,India,,,,Followed up on the open items from last week.,New Logo,,,,N,Construction,,,,,,,,,,,Partner,TAG-8536,,Skyler Ashby,LOT-8326,LOT-4880,TAG-9046,,,,Standard,,TAG-6636,SKU-6673,,Standard,,,,,Elena Okafor,,Texas,N,,LOT-1014,,,,,,SKU-7334,5769,100001,Company,100746,marco.cohen@sampleco.test,Taylor Mensah,2023-04-03 02:18:00,arjun.nguyen@sampleco.test,Aisha Kim,2025-07-06 05:44:00,nina.haddad@examplecorp.test,Jordan Nguyen,2025-09-28 03:06:00,yara.costa@demomail.test,,2023-08-21 20:28:00,N,100001,100001,100001,100001,100001,100001,100001,100001,,100001,,100001,,100001,100001,100001,100001,2026-03-04 14:42:00,5455,6069,Other,Other,Other,TAG-7145,9661,5209,9746,6991,7571,Alpha,2025-02-12 15:15:00,4843,6635,Other,Gamma,Other,Delta,9009,9731,401,725,9094,Beta,2026-04-04 19:56:00,,,,TAG-1364,,,,1816,,,,,2025-01-27,,,,TAG-6573,,,,,2500,2794,4830,,2024-11-18,,,,,,,,4316,,,,,2026-06-02,,,,,,,,,,,,,2026-04-26,,1641,,,,,,1273,,,,,2026-02-25,3643,,,,,,,,,8418,,,Scheduled a check-in for the coming month.
,,Priya Silva,Drew Kim,,,TAG-6851,TAG-8082,,,,,,SKU-7672,,drew.garcia@demomail.test,,,,,,,,TAG-8780,,,Active Customer,Noted a concern to revisit at the next sync.,Delta Media LLP,Granite Ventures LLC,Inactive,Beta,Australia,,,,Aligned on billing and renewal terms.,Standard,,,,Y,Manufacturing,,,,,,,,,,,Partner,REF-7944,,Taylor Costa,REF-4440,TAG-1166,,,,,Beta,,,TAG-7192,,Other,,,,,Taylor Costa,,New York,Y,,LOT-9983,,,,,,SKU-5396,3694,100001,Company,100749,morgan.kim@demomail.test,Sofia Ivanov,2025-01-25 06:06:00,quinn.rossi@sampleco.test,Aisha Rossi,2024-11-09 13:50:00,alex.nguyen@examplecorp.test,Priya Sato,2023-01-28 17:40:00,noah.dorsey@acme-fake.test,Diego Haddad,2025-03-16 13:53:00,N,100001,100001,100001,100001,100001,100001,100001,100001,100001,100001,100001,100001,,100001,100001,,100001,2025-10-06 18:43:00,1597,648,Standard,Other,Standard,SKU-8097,5366,6909,8135,5710,7469,Gamma,2025-10-01 21:08:00,1037,2726,Standard,Beta,Delta,Other,5297,7205,7469,1699,3976,Alpha,2022-10-12 17:33:00,,,Gamma,,,,9218,,,,,Alpha,2023-09-03,,,,,,,,,,,,,2025-07-21,,,Delta,,,,5849,,,,,,2025-12-14,,,Other,,,,,,2238,,,,2025-10-18,,,,,Other,LOT-5610,,,,,,,2023-06-23,,,Beta,LOT-3088,,,,,,,,,Reviewed performance and gathered feedback.
,,Reese Haddad,Rowan Brooks,,,REF-6327,,,REF-4692,,,,TAG-4628,,noah.sloan@acme-fake.test,,,,REF-5615,,Alex Costa,,LOT-3063,,,Past Customer,Noted a concern to revisit at the next sync.,Brightpath Solutions Ltd,Lakeside Solutions Group,Active,Alpha,United States,,REF-1012,,Discussed timeline and next steps with the account.,Standard,,,,N,Media,,,,,,,,,,,LinkedIn,REF-2285,,Avery Whitfield,LOT-1887,TAG-5208,,,,,,,TAG-4348,SKU-5930,,Alpha,,,,,Jamie Ford,,Ohio,N,,TAG-9882,,,,SKU-9225,,REF-1433,3614,100001,Company,100750,yara.cohen@demomail.test,Jamie Dorsey,2026-06-30 01:29:00,elena.mercer@examplecorp.test,Mei Silva,2025-04-22 18:47:00,casey.vance@demomail.test,Arjun Calder,2025-11-21 05:49:00,morgan.cohen@demomail.test,,2025-09-28 05:28:00,N,100001,100001,100001,100001,100001,,100001,100001,100001,100001,,100001,,100001,100001,100001,100001,2025-06-10 14:33:00,9372,367,Beta,Delta,Gamma,SKU-5580,6803,5155,1623,6850,6582,Gamma,2023-02-23 01:50:00,8823,8607,Gamma,Gamma,Standard,Other,5533,7156,9533,6670,8438,Standard,2025-05-22 08:18:00,,,,,,,,,,,8327,,2023-02-14,,,,,,,,9086,,,,,2023-12-08,,8485,,,,,3892,,,,,,2025-02-20,,,,,,,,,,,,,2023-08-07,4874,,,,,,6346,,,,,,2023-09-02,,1465,,SKU-5391,,,,,,,,,Scheduled a check-in for the coming month.
,,Taylor Vance,Riley Haddad,,,SKU-9973,SKU-6516,,LOT-2245,,,,,Delta,aisha.costa@acme-fake.test,,,,,SKU-7816,,,,,,Past Customer,Aligned on billing and renewal terms.,Evergreen Industries LLP,Brightpath Media LLC,Inactive,Alpha,Philippines,,,,Noted a concern to revisit at the next sync.,SMB,,,,Y,Media,,,,,,,,,,,LinkedIn,LOT-2602,SKU-4917,Mei Brooks,LOT-3391,SKU-5846,,3649,,,Other,,REF-1297,SKU-4776,,Standard,,,,,Arjun Blake,,Washington,N,,REF-9396,,,,LOT-1974,,SKU-9743,6322,100001,Company,100753,chen.nguyen@demomail.test,Skyler Ivanov,2025-09-30 21:02:00,yara.mensah@examplecorp.test,Liam Sloan,2025-07-21 08:29:00,drew.larsson@sampleco.test,Riley Vance,2024-05-07 19:06:00,reese.whitfield@sampleco.test,Diego Blake,2025-08-28 11:28:00,N,100001,100001,100001,100001,100001,100001,100001,100001,,100001,100001,100001,100001,100001,100001,100001,100001,2024-03-01 19:40:00,294,5983,Delta,Alpha,Beta,LOT-1807,9049,70,4728,941,3989,Beta,2023-09-02 14:09:00,3331,3666,Beta,Delta,Alpha,Other,2970,5702,6425,2665,3291,Delta,2024-01-02 06:37:00,,,,,Alpha,SKU-9447,,,8542,6102,2943,,2023-08-09,347,,Delta,,,,,,,,,Alpha,2022-10-29,,,,,,SKU-3113,,,,,,,2023-03-16,,,,,,,,9942,,3593,,,2022-11-13,7085,,,,,,,,,6641,,,2024-10-21,,,,,,,,5395,,,,,Aligned on billing and renewal terms.
,SKU-5313,Liam Reyes,Nina Nguyen,,,SKU-8002,TAG-9859,REF-1300,LOT-7311,,,,,,liam.ivanov@sampleco.test,,,,,,,,SKU-5238,,,Referral Partner,Resolved the outstanding question about scope.,Cardinal Energy Ltd,Lakeside Analytics Ltd,Inactive,Standard,United Kingdom,,,,,Renewal,,,,N,Education,,,,,,,,,,,Cold Outreach,LOT-6842,LOT-7108,Chen Nguyen,TAG-5106,REF-5634,SKU-8820,,,,Standard,,,LOT-5415,,Alpha,,,,,Chen Ashby,,Illinois,N,,LOT-6706,,,,,,REF-4478,3578,100001,Company,100755,diego.ivanov@sampleco.test,Diego Haddad,2025-07-23 15:01:00,diego.haddad@examplecorp.test,Riley Sato,2023-12-29 02:38:00,yara.kim@sampleco.test,Yara Mercer,2025-03-31 19:10:00,aisha.ashby@acme-fake.test,,2022-12-13 06:47:00,Y,100001,100001,100001,100001,100001,,100001,100001,,100001,,,,100001,100001,100001,100001,2026-07-02 23:07:00,9692,9155,Delta,Other,Delta,SKU-4634,7410,7758,4955,3448,5777,Standard,2026-07-15 15:20:00,1761,6780,Other,Delta,Gamma,Delta,7093,6875,561,9353,9754,Standard,2026-05-19 06:21:00,822,,,LOT-8036,,,,,,,,,2025-02-06,,,,,,LOT-4013,,8914,,,,,2024-10-21,,,,,,,,,,,,,2023-10-22,,,,,,,,,,,,,2025-06-10,,,,,,,,,,,7432,,2024-01-13,2107,5187,,SKU-5930,,,,,,,,,Discussed timeline and next steps with the account.
,,Liam Mercer,Rahul Mensah,,,LOT-2730,SKU-2497,SKU-6396,,SKU-2291,,,,Other,chen.ford@demomail.test,,,,,,,,SKU-7314,,,Active Customer,Resolved the outstanding question about scope.,Harbor Financial LLP,Ironwood Textiles Ltd,Active,Standard,India,,,,Resolved the outstanding question about scope.,Renewal,,,,Y,Media,,,,,,Other,,,,,Webinar,REF-1430,LOT-9961,Riley Costa,SKU-8774,,TAG-7898,,,,Delta,,REF-1859,,,Alpha,,,,,Avery Mensah,,Ohio,N,,SKU-5358,,,,,TAG-6911,,2734,100001,Company,100758,quinn.vance@examplecorp.test,Rowan Whitfield,2022-11-02 14:00:00,avery.larsson@acme-fake.test,Rowan Sloan,2024-08-14 10:33:00,emerson.sato@sampleco.test,Morgan Nguyen,2026-07-04 10:11:00,avery.okafor@demomail.test,Rowan Mensah,2023-12-22 04:17:00,N,100001,100001,100001,,100001,,100001,100001,,,,100001,100001,100001,100001,,100001,2023-04-11 12:05:00,34,6279,Gamma,Other,Other,SKU-8126,5500,745,4395,2648,2442,Delta,2023-11-23 00:36:00,6354,8115,Alpha,Delta,Alpha,Delta,5669,3193,8251,6859,690,Other,2022-12-12 21:47:00,,,,,,,,5103,,,,Beta,2024-02-29,,,Delta,,,,,,1864,6357,,,2024-09-17,,,,,,,,4037,,,,,2024-06-25,,,,,Alpha,,,6815,,,,,2024-02-29,1906,,,,,LOT-4549,5802,,,,,,2024-06-11,,,,,SKU-6034,,,,,,,,Aligned on billing and renewal terms.
REF-7677,,Arjun Ford,Marco Whitfield,,,SKU-3878,,SKU-7787,REF-6269,,,,,Other,rowan.cohen@acme-fake.test,Omar Ashby,Fatima Kim,,,LOT-1851,,,SKU-7049,,,Active Customer,Noted a concern to revisit at the next sync.,Keystone Robotics Group,Cardinal Industries Corp,Active,Delta,Germany,Standard,,,Reviewed performance and gathered feedback.,SMB,,,,N,Retail,,Standard,,,,,,Delta,,,Event,SKU-7451,REF-5636,Aisha Nguyen,TAG-3937,REF-3340,REF-7699,,,,,,,TAG-9813,,Beta,,,,,Sofia Ford,,Illinois,Y,,SKU-1235,,,,,,LOT-9454,8253,100001,Company,100759,nina.garcia@sampleco.test,Priya Silva,2026-02-22 12:02:00,fatima.rossi@acme-fake.test,Skyler Okafor,2026-03-01 16:18:00,riley.reyes@demomail.test,Rowan Mercer,2026-05-04 00:42:00,casey.larsson@demomail.test,Casey Mercer,2024-12-28 23:14:00,N,100001,100001,100001,100001,100001,100001,100001,100001,100001,100001,100001,100001,100001,100001,100001,100001,100001,2024-06-18 03:44:00,4479,1754,Alpha,Delta,Other,TAG-5333,9090,1780,1594,9189,6699,Delta,2026-01-21 16:16:00,9750,5960,Gamma,Gamma,Alpha,Other,2354,379,3546,5764,8962,Alpha,2026-04-12 03:00:00,1401,,,LOT-4558,,,,,,,,,2024-11-19,3457,,,,,,2083,,,2676,,Delta,2023-11-24,,,,,,,,,,,,,2023-07-13,,,,,Gamma,,,,,,,,2023-11-12,,,,,,,,,,,,,2023-12-17,,,Delta,,,,,,,5783,,,Scheduled a check-in for the coming month.
,,Casey Ashby,Morgan Larsson,,,SKU-2058,SKU-7344,,SKU-4562,,,SKU-6948,,,liam.brooks@demomail.test,,,,,,,,,,,Active Customer,Shared the updated proposal for review.,Evergreen Networks Co,Summit Dynamics Ltd,Active,Beta,Canada,,,,Resolved the outstanding question about scope.,Enterprise,,,,Y,Healthcare,,,,"30,750",,,,,,,Referral,,,Drew Brooks,TAG-3221,,TAG-2392,3800,,,,,REF-3474,REF-3952,,Standard,,,,,Emerson Ford,,Washington,N,,REF-7958,,,,,,SKU-9504,6896,100001,Company,100760,taylor.cohen@examplecorp.test,Nina Costa,2025-04-22 07:54:00,morgan.reyes@examplecorp.test,Drew Garcia,2023-02-20 21:08:00,noah.cohen@sampleco.test,Avery Mercer,2024-08-29 20:32:00,liam.whitfield@acme-fake.test,,2023-12-06 03:10:00,Y,100001,100001,100001,100001,100001,100001,100001,100001,,100001,100001,100001,100001,100001,100001,,100001,2025-11-30 14:04:00,8777,5351,Alpha,Delta,Other,LOT-8595,2745,963,5379,243,2661,Other,2026-04-03 12:49:00,695,4017,Gamma,Delta,Gamma,Delta,4866,9504,9770,9871,5631,Beta,2023-10-20 15:35:00,3190,,,,,,,,1907,,,Delta,2025-03-03,,,,,,,,4844,,,502,,2024-10-09,,,,,,,,,,,,,2024-11-01,6700,,,,,,,,,,,,2024-02-10,,5940,,,,,,,,,,,2023-11-28,,,,,,,3928,,,,,,Aligned on billing and renewal terms.
,REF-2163,Sofia Rossi,Casey Ford,,,SKU-1470,SKU-4628,SKU-4870,SKU-7461,,,,,,rahul.larsson@sampleco.test,,,,,,,,REF-6486,,,Active Customer,Shared the updated proposal for review.,Cobalt Manufacturing LLP,Copper Logistics Corp,Active,Delta,Germany,,,,Discussed timeline and next steps with the account.,New Logo,,,,N,Manufacturing,,,,,,,,,,,Cold Outreach,LOT-4258,LOT-7169,Rowan Whitfield,SKU-6760,SKU-9328,,6735,,,,,LOT-6502,SKU-6422,,Delta,,,,Standard,Nina Costa,,New York,N,,LOT-5830,,,,,,REF-9463,127,100001,Company,100763,fatima.rossi@acme-fake.test,Liam Haddad,2023-04-07 11:59:00,reese.garcia@demomail.test,Omar Blake,2025-04-19 20:20:00,skyler.costa@examplecorp.test,Rahul Ashby,2025-06-03 10:02:00,rahul.vance@examplecorp.test,,2025-10-06 11:21:00,N,,100001,100001,100001,100001,,100001,100001,,,100001,100001,100001,100001,100001,100001,100001,2025-08-19 19:01:00,9382,3021,Other,Alpha,Other,REF-1567,5133,8504,7623,5573,6573,Delta,2025-07-10 18:42:00,6794,2393,Gamma,Beta,Delta,Other,2499,9304,5423,9943,38,Beta,2025-10-02 03:19:00,4881,,,,,,,,,2946,,,2023-04-13,6376,,,,,,,,,,,Standard,2025-04-13,,,Other,,,,,,,,,,2023-02-24,,,,,,,,,,,,,2025-09-25,,,,LOT-7339,,,,,,,,,2026-04-11,,,,,,,,5239,,,,,Shared the updated proposal for review.
,,Jamie Silva,Casey Garcia,,,TAG-4858,TAG-6263,REF-8970,,,,,,,drew.sato@sampleco.test,Elena Rossi,,,,,,,REF-3937,,,Active Customer,Scheduled a check-in for the coming month.,Blue Ridge Capital,Beacon Industries LLC,Active,Delta,United Kingdom,,,,Discussed timeline and next steps with the account.,Renewal,,TAG-1580,,,Media,,,,,,Gamma,,,,,LinkedIn,TAG-4415,REF-7756,Nina Sato,LOT-7251,LOT-7593,LOT-9773,,,,Beta,,TAG-8470,LOT-7181,,Gamma,,,Alpha,,Nina Ivanov,,Georgia,Y,,REF-9860,,,,,,TAG-6898,6675,100001,Company,100765,priya.larsson@demomail.test,Reese Mensah,2023-03-22 02:45:00,emerson.rossi@sampleco.test,Alex Vance,2025-08-23 16:40:00,priya.whitfield@demomail.test,Alex Reyes,2024-10-24 05:57:00,sofia.ford@examplecorp.test,,2023-10-09 14:05:00,Y,100001,100001,100001,100001,,100001,100001,100001,,100001,100001,100001,100001,100001,100001,100001,100001,2024-03-13 05:02:00,4132,1624,Delta,Beta,Gamma,LOT-1807,7909,7350,9004,2201,7485,Standard,2026-05-20 20:31:00,8501,2945,Standard,Standard,Alpha,Standard,7875,7339,6561,1443,7571,Delta,2024-03-27 05:58:00,,,,,,SKU-6828,,,,,,,2026-06-30,,,,,,TAG-6002,,,,,,,2025-05-05,7732,9835,,,,,,,,,,,2023-02-01,,,,,,,5585,,,,,,2026-04-26,,,Delta,,,,7414,,,,8494,,2024-10-21,,,,,,,,,,,,,Noted a concern to revisit at the next sync.
,,Emerson Ivanov,Fatima Garcia,,,LOT-3600,LOT-8509,REF-8165,,,,REF-7784,,,arjun.okafor@acme-fake.test,,,,,,,,TAG-7514,,,Active Customer,Scheduled a check-in for the coming month.,Ironwood Logistics,Meridian Group Co,Active,Other,United States,,,,Discussed timeline and next steps with the account.,Standard,,,SKU-5916,N,Logistics,,,,,,,,,,,Referral,,,Sofia Larsson,SKU-7554,LOT-4424,,8608,,,Standard,,TAG-8691,SKU-7498,,Standard,,,,,Aisha Sloan,Scheduled a check-in for the coming month.,Florida,N,,TAG-8588,,,,,,SKU-9708,9309,100001,Company,100767,priya.dorsey@demomail.test,Fatima Kim,2025-02-22 12:03:00,skyler.silva@sampleco.test,Aisha Garcia,2025-05-27 10:35:00,morgan.mensah@acme-fake.test,Skyler Sato,2023-09-26 19:12:00,rowan.calder@demomail.test,,2026-03-13 11:37:00,N,100001,100001,100001,100001,100001,,100001,100001,,100001,,,100001,100001,100001,,100001,2023-06-01 05:40:00,242,2952,Standard,Delta,Standard,TAG-3036,8988,5999,8560,8503,7972,Gamma,2025-05-02 12:49:00,1212,9009,Standard,Other,Beta,Standard,9608,425,825,853,509,Other,2026-04-07 03:12:00,,,,,Standard,TAG-8953,,,,,,,2025-08-12,,,,,,REF-8242,,,,,,,2023-06-12,,,Standard,,,,8645,,,,879,,2026-03-11,3699,,,,,,,,,,,Gamma,2022-10-18,6262,,,,Beta,,8646,,3444,,,,2024-06-12,,,,,REF-8378,,,,,,,,Aligned on billing and renewal terms.
,TAG-8203,Taylor Rossi,Aisha Whitfield,,,,TAG-9183,,,SKU-7722,,,,,taylor.mercer@examplecorp.test,Jamie Patel,Noah Whitfield,,,SKU-9700,,"68,384",SKU-4687,,,Active Customer,Discussed timeline and next steps with the account.,Evergreen Analytics Ltd,Northwind Group Co,Active,Alpha,India,,,,Followed up on the open items from last week.,SMB,,TAG-9931,,Y,Construction,,,,,,,,,N,,LinkedIn,LOT-2023,,Diego Dorsey,LOT-8800,REF-3629,,,,,Alpha,,LOT-5278,TAG-1248,,Delta,,,,,Casey Mensah,,Florida,N,,,,,,,,SKU-6395,1734,100001,Company,100770,chen.haddad@acme-fake.test,Liam Ford,2025-06-24 16:54:00,liam.vance@sampleco.test,Emerson Nguyen,2023-01-24 13:49:00,fatima.haddad@acme-fake.test,Riley Ivanov,2024-05-18 20:27:00,reese.haddad@sampleco.test,,2023-01-03 15:25:00,N,100001,100001,100001,100001,100001,100001,100001,100001,,100001,,100001,100001,100001,100001,100001,100001,2023-07-06 23:45:00,5084,3078,Beta,Other,Other,SKU-4750,780,5081,436,9488,2112,Gamma,2023-02-19 08:15:00,3910,2344,Alpha,Standard,Gamma,Other,2143,8241,7209,3269,2058,Beta,2025-01-29 10:45:00,,5081,,,,REF-5572,,,,7846,,Gamma,2024-12-03,,,,,,,5949,,,3126,,,2024-09-26,,5472,Delta,,,,,,,,5495,,2026-06-29,,,,SKU-9435,,,,,,,3045,,2025-10-27,,,,,,,,,2633,,,,2024-07-24,2855,,,,,,,,,,,,Scheduled a check-in for the coming month.
,LOT-1527,Morgan Mercer,Diego Sato,,,SKU-1333,LOT-4841,TAG-2325,TAG-7384,,,,,,fatima.costa@sampleco.test,,,,,LOT-1683,,"58,168",SKU-4921,,,Past Customer,Shared the updated proposal for review.,Cardinal Media Corp,Brightpath Holdings Inc,Active,Gamma,United States,Delta,,REF-6038,Followed up on the open items from last week.,Renewal,,TAG-9588,,N,Media,,,,,,,,Beta,,,Referral,SKU-4137,,Emerson Reyes,LOT-7343,,SKU-3197,8278,,,Delta,,TAG-2195,,,Beta,,,,,Yara Okafor,,Texas,N,,TAG-5456,,,,TAG-4164,,TAG-2224,33,100001,Company,100771,fatima.mensah@examplecorp.test,Noah Reyes,2025-05-09 00:49:00,emerson.calder@acme-fake.test,Quinn Haddad,2024-04-11 10:03:00,rowan.ford@demomail.test,Diego Ivanov,2024-04-22 04:10:00,elena.costa@demomail.test,,2025-12-02 09:58:00,N,100001,100001,100001,100001,,100001,100001,100001,100001,100001,,100001,,100001,100001,100001,100001,2026-03-11 10:18:00,1870,825,Alpha,Gamma,Alpha,TAG-1596,6307,8863,4079,8013,1729,Delta,2026-01-06 03:29:00,8348,6475,Standard,Delta,Standard,Beta,3224,4246,1278,8166,9834,Delta,2025-05-19 08:02:00,,,Gamma,,,LOT-2897,,,,9961,,,2022-10-01,,,,,,TAG-9976,,5247,,,,,2024-09-06,,,,,REF-4409,,,,,,,,2025-08-09,,,,,,,,,,,,,2023-11-15,,,,,,,,,,1863,,,2024-02-12,,,,,,,,,,,,,Aligned on billing and renewal terms.
,,Mei Nguyen,Riley Dorsey,,,REF-4599,TAG-2739,,LOT-7982,,,,,,liam.mercer@acme-fake.test,,,,,,,,REF-4472,,,Past Customer,Followed up on the open items from last week.,Vertex Manufacturing Corp,Ironwood Ventures Ltd,Active,Alpha,Mexico,,,,Noted a concern to revisit at the next sync.,Renewal,,,,Y,Media,,,,,,,N,,,,Referral,REF-8960,,Jamie Sato,REF-9441,REF-7848,,,,,Other,,SKU-9019,REF-7776,,Gamma,,,,,Reese Vance,,Washington,Y,,REF-1651,,,,,,SKU-7744,,100001,Company,100772,jamie.ivanov@acme-fake.test,Yara Rossi,2024-07-08 09:17:00,chen.mensah@examplecorp.test,Rowan Sato,2024-12-11 11:34:00,quinn.dorsey@examplecorp.test,Rahul Ashby,2023-02-12 04:15:00,noah.calder@sampleco.test,,2025-08-01 03:46:00,N,100001,100001,100001,100001,100001,,100001,100001,,,100001,100001,,100001,,100001,100001,2025-02-23 11:40:00,5026,5040,Beta,Standard,Gamma,LOT-2831,2051,3218,837,6629,8231,Standard,2024-10-12 11:14:00,3611,9072,Delta,Beta,Standard,Alpha,4051,3691,6226,9833,6566,Delta,2023-02-20 11:34:00,,,,,,,,,,7620,7396,,2026-03-09,,,Other,SKU-9723,,,,,,,,,2026-03-14,,7123,,,,,4844,,,,,,2023-05-28,9802,,,,,,,,,,,,2026-02-04,,,,TAG-1183,,,1158,,3295,,,,2025-02-04,,,,,,,4746,,,,,,Reviewed performance and gathered feedback.
,,Arjun Calder,Jordan Rossi,,,LOT-5317,SKU-8117,SKU-9431,SKU-5274,,REF-1096,SKU-1563,,,omar.haddad@acme-fake.test,Quinn Okafor,,,,,,,REF-6715,,,Active Customer,Shared the updated proposal for review.,Cardinal Health LLC,Redwood Analytics Ltd,Active,Standard,United States,,,,Followed up on the open items from last week.,SMB,,,,Y,Financial Services,,,,,,,,,,,Partner,SKU-3663,,Noah Dorsey,,REF-2444,,,,,Alpha,,TAG-1430,REF-8059,,Delta,,,,Gamma,Riley Mensah,,Arizona,N,,TAG-8614,,,,,,SKU-3288,8202,100001,Company,100774,marco.silva@examplecorp.test,Priya Silva,2024-10-14 06:50:00,chen.sato@examplecorp.test,Emerson Okafor,2024-05-01 20:34:00,priya.brooks@demomail.test,Riley Kim,2026-03-23 16:49:00,riley.kim@sampleco.test,,2023-10-03 02:07:00,N,100001,100001,,100001,100001,,100001,100001,,100001,,100001,,100001,100001,,100001,2026-02-17 11:25:00,833,6995,Beta,Gamma,Beta,REF-9281,4473,4391,8546,9552,5853,Other,2023-11-03 03:32:00,3597,849,Gamma,Delta,Alpha,Beta,2974,3396,454,3256,9116,Standard,2024-08-01 13:45:00,8211,1394,,,Gamma,,,,,,,Beta,2026-04-28,,,,,,,,,,,,,2024-02-20,,,,,,,,,,1245,,,2024-12-10,978,,,,,,,,,,,,2025-02-14,,4285,,,,,,,,,,,2026-05-05,,,,,,,,,3934,,,,Reviewed performance and gathered feedback.
,,Avery Ford,Avery Nguyen,,,,SKU-5635,,,,,,LOT-2362,,jordan.patel@sampleco.test,,,,,,,,,,,Active Customer,Aligned on billing and renewal terms.,Harbor Textiles Co,Evergreen Health Ltd,Active,Other,Canada,,,,Noted a concern to revisit at the next sync.,SMB,,,,N,Education,,,,,,,,,,,Cold Outreach,REF-4576,SKU-3133,Jordan Dorsey,REF-4285,REF-2983,,,,,Gamma,,LOT-1756,SKU-2398,,,,,,,Emerson Okafor,,Florida,N,,SKU-3187,,,,,,REF-4970,2128,100001,Company,100777,alex.okafor@acme-fake.test,Chen Okafor,2023-11-03 04:41:00,drew.whitfield@sampleco.test,Riley Dorsey,2023-11-12 16:39:00,noah.haddad@demomail.test,Alex Sato,2025-02-14 11:59:00,alex.larsson@acme-fake.test,Elena Nguyen,2025-05-05 07:41:00,N,,100001,,,100001,100001,100001,100001,100001,100001,100001,100001,100001,100001,100001,100001,100001,2023-02-09 03:49:00,8348,1288,Other,Beta,Alpha,SKU-2089,9288,1455,4167,3512,4029,Alpha,2023-11-09 23:22:00,285,2162,Standard,Beta,Gamma,Gamma,783,2445,8986,2208,1936,Beta,2024-11-30 12:33:00,9031,1301,,,Gamma,,5931,,4685,,,,2022-12-22,,3707,Delta,LOT-4608,,,,6088,,,,,2022-12-03,,,,,,,,,,,,,2025-06-03,,,,,,,,,,,8164,,2024-05-27,,8571,,LOT-6180,,,,,,,,,2024-06-26,,,,REF-3286,,,,,,,1874,,Aligned on billing and renewal terms.
,,Omar Cohen,Fatima Ivanov,,,SKU-3301,TAG-8551,,,,TAG-8556,,,,fatima.brooks@demomail.test,,,,,,,,,,,Active Customer,Noted a concern to revisit at the next sync.,Ironwood Labs Group,Beacon Robotics Inc,Active,Beta,United States,,LOT-5409,,Shared the updated proposal for review.,Standard,,,REF-1063,N,Professional Services,,,,,,,,,,,Referral,REF-3385,TAG-9503,Marco Garcia,REF-7967,TAG-2370,,5822,,,Beta,,,REF-5545,,Other,,,,,Aisha Ashby,,Arizona,N,,LOT-9028,,,,,,REF-9946,,100001,Company,100780,noah.sato@demomail.test,Noah Garcia,2026-01-14 00:55:00,omar.vance@examplecorp.test,Jamie Silva,2023-11-18 18:33:00,arjun.mensah@demomail.test,Avery Nguyen,2024-10-15 09:34:00,rowan.blake@sampleco.test,,2026-04-22 23:40:00,Y,100001,100001,,100001,100001,,100001,100001,100001,100001,100001,100001,,100001,100001,100001,100001,2023-05-18 07:06:00,7570,1148,Alpha,Beta,Alpha,SKU-1989,489,9082,5063,8783,2558,Delta,2025-12-06 02:02:00,8112,9390,Alpha,Standard,Delta,Other,4289,1918,630,9105,8296,Delta,2023-11-22 06:15:00,4773,,,LOT-5902,Alpha,REF-9904,3069,2191,,,,,2023-06-10,,,,,,,,,,,,,2024-12-01,880,,,,,,,,,,,,2024-12-06,,,Standard,REF-3838,,,,,,,,,2024-01-03,,,,,,,,,,,,,2023-11-10,,,,,,,,,,,9446,,Scheduled a check-in for the coming month.
,,Alex Whitfield,Skyler Larsson,,,TAG-5129,TAG-6315,,REF-3370,SKU-9801,,LOT-6330,,Alpha,jordan.calder@sampleco.test,,Avery Silva,,,,Diego Rossi,,LOT-9227,,,Active Customer,Resolved the outstanding question about scope.,Redwood Networks Ltd,Harbor Robotics,Active,Other,Canada,,,,Followed up on the open items from last week.,Standard,,SKU-9968,,Y,Manufacturing,,Gamma,,,,,,,,,LinkedIn,REF-4791,REF-7741,Noah Larsson,REF-9783,,,8990,,,Beta,,SKU-2091,REF-9127,,Delta,,,,,Casey Sloan,,New York,N,,REF-9070,,,,,,LOT-7090,4869,100001,Company,100782,sofia.mensah@demomail.test,Reese Reyes,2025-09-25 02:11:00,nina.ford@acme-fake.test,Rahul Blake,2022-11-24 04:15:00,nina.vance@demomail.test,Drew Okafor,2025-05-01 01:19:00,elena.ashby@examplecorp.test,,2025-04-14 06:35:00,N,100001,100001,100001,100001,100001,,100001,100001,,100001,,100001,100001,100001,100001,,100001,2026-03-17 09:14:00,7572,3594,Delta,Other,Gamma,SKU-5841,6172,9102,7927,5054,7975,Standard,2023-12-27 00:22:00,776,3047,Delta,Alpha,Alpha,Other,447,4253,5831,6651,2164,Delta,2023-11-25 10:57:00,,,,,,,,,,,9955,,2023-10-24,8470,7609,,,Beta,,2305,,,,,Other,2024-03-03,,,,,,,,,,,,,2025-12-27,,,,,,REF-7715,,,,,,,2023-11-01,,,,LOT-7450,,,,,7186,,,,2023-08-03,,,,,,,,,,,,,Followed up on the open items from last week.
REF-5201,,Yara Ford,Avery Sato,,,LOT-2748,REF-4504,SKU-3265,,,,,,,rowan.ford@demomail.test,,,,REF-8895,,,,REF-7215,,,Active Customer,Aligned on billing and renewal terms.,Horizon Labs Group,Summit Solutions Inc,Active,,Canada,,,SKU-9390,Discussed timeline and next steps with the account.,Renewal,,LOT-3150,,,Retail,,Other,,,,,,,,,Website,LOT-5682,,Aisha Garcia,,SKU-8034,,5792,,,,,SKU-6820,REF-6576,,,,,,,Yara Rossi,,Arizona,N,,LOT-1281,,,,,,REF-4058,1467,100001,Company,100784,mei.calder@acme-fake.test,Fatima Nguyen,2026-05-22 02:42:00,morgan.patel@sampleco.test,Elena Kim,2023-02-21 07:40:00,sofia.brooks@sampleco.test,Rahul Calder,2023-11-07 08:46:00,liam.haddad@demomail.test,,2026-04-08 12:50:00,Y,100001,100001,100001,100001,100001,100001,100001,100001,100001,100001,100001,100001,100001,100001,100001,,100001,2026-01-13 22:55:00,498,2497,Other,Standard,Alpha,LOT-1585,3443,2342,8497,3086,2725,Other,2026-02-01 01:17:00,5517,8608,Gamma,Beta,Alpha,Alpha,5972,6245,3522,6002,8262,Delta,2024-02-21 14:20:00,,6649,,,,,,,5060,,,,2024-01-13,,,,,Beta,,,,,,,,2023-09-20,,6221,,TAG-1951,,,,,,3675,,,2025-06-28,,1337,,,,,,,1673,,,,2024-02-26,,,,,Delta,,,,,,,Gamma,2024-08-30,,,,,,,,,,3400,,,Resolved the outstanding question about scope.
,,Quinn Haddad,Casey Kim,,,REF-2900,,,,LOT-5032,,,,Beta,chen.haddad@acme-fake.test,Diego Brooks,,,,,,,REF-2577,,,Prospect,Noted a concern to revisit at the next sync.,Northwind Solutions LLP,Northwind Energy Co,Active,Other,United States,,,,Reviewed performance and gathered feedback.,SMB,,,SKU-2753,Y,Media,,,,,,,,,,,LinkedIn,,,Morgan Whitfield,SKU-7849,SKU-3989,,8546,,N,Delta,,SKU-2013,SKU-7024,,,,,,,Omar Costa,,Arizona,N,,REF-3173,,,,REF-9132,LOT-9964,SKU-7686,3097,100001,Company,100786,rowan.cohen@sampleco.test,Liam Ashby,2023-12-05 09:57:00,skyler.garcia@sampleco.test,Rahul Mensah,2026-02-09 20:57:00,noah.sloan@demomail.test,Aisha Mensah,2024-05-30 23:35:00,chen.kim@demomail.test,,2024-05-22 07:04:00,Y,100001,100001,100001,100001,100001,,100001,100001,100001,100001,,100001,,100001,100001,,100001,2026-05-08 19:08:00,682,2225,Delta,Alpha,Other,SKU-8533,313,8841,3364,998,5112,Beta,2023-07-08 08:41:00,8765,4350,Standard,Beta,Delta,Standard,3831,3290,880,163,5900,Other,2023-05-14 18:20:00,,8601,,TAG-3152,,,6776,,4031,,,Other,2022-12-25,,,,,,,,8229,,9877,,,2026-01-18,,,,,,,,,,,,,2025-11-03,,3563,,,,,,,,,,,2025-01-28,,1438,,,,,6343,,,,8365,,2024-05-04,,,,,,,,,7857,,5965,,Discussed timeline and next steps with the account.
,,Emerson Whitfield,Morgan Mensah,,,SKU-1809,TAG-2576,LOT-3924,LOT-7070,,,,,Beta,sofia.sloan@demomail.test,,,,,,,"48,671",SKU-4917,,,Active Customer,Scheduled a check-in for the coming month.,Lakeside Networks,Beacon Manufacturing Group,Active,Standard,United Kingdom,,,,,New Logo,,,,Y,Hospitality,,,,,,,,,,,Webinar,TAG-6873,TAG-6764,Liam Ford,REF-6136,SKU-5784,REF-8873,,,,Standard,,,,,,,,,,Reese Nguyen,,Ohio,N,,REF-1915,,,,,,,7061,100001,Company,100788,elena.cohen@sampleco.test,Mei Mercer,2025-12-05 21:57:00,noah.ford@acme-fake.test,Yara Ashby,2026-01-08 05:49:00,quinn.patel@acme-fake.test,Marco Ford,2023-03-08 05:45:00,yara.costa@sampleco.test,,2023-09-16 02:12:00,N,100001,100001,,100001,100001,100001,100001,100001,100001,100001,100001,,100001,100001,100001,,100001,2025-05-18 20:30:00,5818,3457,Beta,Beta,Delta,SKU-7880,8301,8530,2541,4621,7260,Standard,2026-05-26 07:09:00,7780,6062,Alpha,Gamma,Alpha,Beta,9565,403,9889,4152,6968,Gamma,2023-03-14 14:01:00,,227,,,,,,,4828,,,,2023-04-10,,,Gamma,,,LOT-4695,,8879,,,,,2024-07-23,3219,,,,,,,,,,,,2023-07-13,,,,,,,,,,,,,2024-08-19,,,,,,,,,,,,,2024-04-30,,,,,,,9366,8446,,,4842,Other,Discussed timeline and next steps with the account.
,SKU-3661,Jamie Sato,Skyler Patel,,,,TAG-9275,SKU-9998,LOT-7204,,,,LOT-8177,,jamie.mensah@examplecorp.test,Avery Whitfield,Taylor Costa,,,,,,,,,Referral Partner,Aligned on billing and renewal terms.,Falcon Labs,Vertex Capital Co,Active,Delta,Germany,,,,Shared the updated proposal for review.,Standard,,,,Y,Telecommunications,,,,,,,,,,,Website,,,Taylor Ivanov,TAG-9311,REF-3949,,,,,Delta,,TAG-9260,SKU-1199,,Standard,,,,,Nina Whitfield,,Georgia,Y,,LOT-1376,,,,,,SKU-2756,7891,100001,Company,100789,jamie.ivanov@sampleco.test,Mei Costa,2024-02-25 12:36:00,aisha.ford@acme-fake.test,Quinn Cohen,2025-01-06 10:47:00,omar.ashby@sampleco.test,Liam Ford,2024-08-22 15:22:00,morgan.calder@acme-fake.test,,2025-12-25 10:18:00,Y,100001,100001,,100001,100001,100001,100001,100001,100001,100001,,,,100001,100001,100001,100001,2025-09-27 10:11:00,5109,2924,Other,Delta,Other,REF-4156,4505,8304,7914,9760,883,Beta,2025-11-23 04:51:00,2731,8660,Alpha,Beta,Gamma,Other,1923,8207,5092,5372,1801,Gamma,2025-07-15 18:26:00,,,,,Gamma,,,,,,,,2023-12-04,6165,,,,,TAG-7796,,,4529,,,,2024-12-05,,,,,,,,,,,,,2025-04-20,,,,,,,2050,4469,,8367,,,2023-10-11,,,,,,,,,,5418,,,2026-02-24,,,,,,,,,,,553,,Aligned on billing and renewal terms.
,,Casey Calder,Morgan Rossi,,,REF-8526,LOT-2227,,,,,,SKU-7500,Alpha,reese.reyes@sampleco.test,,Omar Ivanov,,,,,"180,819",SKU-5561,,,Past Customer,Shared the updated proposal for review.,Everest Capital Ltd,Ironwood Manufacturing Group,Active,Gamma,Canada,,,,Scheduled a check-in for the coming month.,Standard,,,TAG-6251,Y,Manufacturing,,,,,,,,,,,LinkedIn,LOT-1810,REF-1649,Jamie Sato,TAG-8701,,REF-8461,5599,,,Other,,TAG-2695,TAG-2602,,,,,,,Sofia Dorsey,,Colorado,Y,,REF-9308,,,,TAG-1920,TAG-6257,LOT-6484,8698,100001,Company,100792,fatima.rossi@sampleco.test,Omar Patel,2026-05-03 12:14:00,avery.mensah@acme-fake.test,Sofia Larsson,2024-04-26 01:52:00,emerson.nguyen@sampleco.test,Marco Sato,2022-12-10 07:38:00,yara.sloan@sampleco.test,,2023-08-15 05:48:00,N,,100001,100001,100001,,,100001,100001,100001,,100001,100001,100001,100001,100001,,100001,2023-01-04 16:50:00,8266,1691,Gamma,Delta,Gamma,SKU-3524,974,6457,4048,143,251,Beta,2026-04-05 23:13:00,7326,5447,Delta,Gamma,Alpha,Delta,6810,7637,8952,9926,6231,Other,2023-04-14 13:55:00,,,,,,,,,413,6998,,,2025-08-17,,,,,Beta,,,,,,,Gamma,2023-07-20,,,,TAG-9551,,,,,3569,,,,2023-09-15,,,,,,,,,,,,,2024-09-01,,,,,Gamma,,1805,,,,5985,,2025-02-13,,,,,,,,,,,,,Aligned on billing and renewal terms.
,,Jordan Sloan,Jordan Ford,,,TAG-7628,TAG-9813,SKU-2602,,SKU-2659,,,,,aisha.ivanov@examplecorp.test,,,,,,Casey Ivanov,"226,986",TAG-4892,,,Active Customer,Resolved the outstanding question about scope.,Keystone Media Ltd,Evergreen Financial LLP,Active,Gamma,Germany,,,,Followed up on the open items from last week.,New Logo,,,,N,Agriculture,,,,,,,,,,,Partner,TAG-6009,,Sofia Mercer,LOT-4019,LOT-2760,SKU-9662,,,,Beta,,LOT-5094,,,Other,,,,,Noah Dorsey,,New York,Y,,SKU-9306,,,,,,TAG-9790,3220,100001,Company,100793,alex.haddad@acme-fake.test,Chen Sloan,2026-02-10 11:19:00,aisha.whitfield@demomail.test,Reese Whitfield,2025-11-01 03:25:00,rahul.nguyen@acme-fake.test,Rowan Patel,2024-08-14 01:01:00,sofia.blake@demomail.test,,2023-11-15 13:39:00,Y,100001,100001,,100001,,,100001,100001,,100001,,100001,100001,100001,100001,100001,100001,2024-11-10 00:44:00,6452,7194,Delta,Gamma,Alpha,REF-3866,2486,7202,1590,3453,2616,Standard,2025-07-02 10:50:00,5772,3607,Standard,Gamma,Standard,Gamma,6601,6031,857,7792,763,Alpha,2026-03-29 19:32:00,,,,,,,,,1311,,8132,Other,2023-02-12,,,,,,,,,,,,,2025-12-28,,,,,,,,,,,,,2022-10-23,,,,LOT-8791,,,,,,,8136,,2023-06-03,,,,,Delta,LOT-2151,,,,,6542,,2026-04-17,,,,,,,,,,,,,Scheduled a check-in for the coming month.
,,Nina Mercer,Morgan Reyes,,,SKU-2579,TAG-7254,,,,,REF-6969,,,fatima.silva@demomail.test,,Casey Garcia,,,TAG-6596,,,,,,Active Customer,Noted a concern to revisit at the next sync.,Ironwood Industries,Horizon Health Ltd,Active,Beta,Germany,Delta,,,Reviewed performance and gathered feedback.,Standard,,,,Y,Construction,,,,,,Beta,,,,,Inbound Call,SKU-5550,,Skyler Garcia,LOT-5570,SKU-2824,REF-3153,,,,Beta,,TAG-4604,,,Standard,,"215,440",,,Mei Haddad,,Ohio,Y,,SKU-4722,,,,,,REF-3444,,100001,Company,100796,diego.okafor@examplecorp.test,Noah Haddad,2025-08-04 02:10:00,mei.whitfield@demomail.test,Skyler Vance,2024-01-24 19:05:00,taylor.larsson@acme-fake.test,Yara Blake,2025-01-14 20:52:00,mei.sloan@examplecorp.test,,2023-03-03 22:59:00,Y,100001,100001,,100001,100001,,100001,100001,,100001,100001,100001,100001,100001,100001,100001,100001,2024-01-16 18:02:00,3965,4196,Delta,Gamma,Alpha,SKU-7226,1506,7498,9664,7107,667,Delta,2026-07-20 00:33:00,7202,2642,Gamma,Standard,Delta,Alpha,7754,9736,7660,534,9941,Delta,2026-05-25 09:01:00,2352,,Beta,,,,,4663,,5325,4004,,2023-08-21,,,Beta,,,,,,,,,Standard,2022-12-27,,,,,,,1189,,,,,,2024-06-19,,,Other,,,,7722,,,,,,2025-06-07,1608,,,LOT-6181,,,,1767,,,,,2025-04-03,,,Standard,,,,,,,,,,Aligned on billing and renewal terms.
LOT-1488,,Chen Costa,Casey Whitfield,,,SKU-9155,SKU-5199,REF-2170,,,,LOT-3184,,,noah.ivanov@sampleco.test,Skyler Dorsey,,,,TAG-4090,,,SKU-3146,,,Prospect,Followed up on the open items from last week.,Everest Group Co,Silverline Capital Ltd,Active,Gamma,United States,,,,Resolved the outstanding question about scope.,Enterprise,,,,Y,Healthcare,,,,,,,Y,,,,Referral,SKU-8224,LOT-6292,Chen Brooks,TAG-8755,TAG-5108,TAG-5105,9561,,,Beta,,REF-8646,LOT-8585,,Alpha,,,,,Noah Silva,,New York,Y,,LOT-7984,,,,,,REF-4082,2577,100001,Company,100798,emerson.ford@demomail.test,Casey Mercer,2026-06-16 14:03:00,rahul.ford@examplecorp.test,Jordan Patel,2023-09-04 15:03:00,jordan.whitfield@acme-fake.test,Taylor Brooks,2023-03-15 01:53:00,emerson.okafor@examplecorp.test,,2025-09-13 04:47:00,N,100001,100001,100001,100001,100001,100001,100001,100001,100001,100001,,100001,100001,100001,100001,100001,100001,2023-06-28 05:27:00,9333,4479,Delta,Gamma,Other,SKU-4654,1490,537,5075,9347,4968,Other,2025-01-16 05:15:00,2664,2225,Beta,Beta,Beta,Gamma,7008,7093,7957,6776,9992,Standard,2025-02-05 05:39:00,,3013,,,,,,,9063,,,,2026-05-13,,,,,,,,,,,,,2024-09-26,,,,,,,,,,,,,2023-05-31,,,Gamma,,,,,,,,,,2024-05-11,,,Beta,,,TAG-6716,4571,,9377,,,,2026-07-16,,,,,,,,,,,,Standard,Discussed timeline and next steps with the account.
LOT-4824,,Morgan Mensah,Rahul Silva,,,SKU-7911,LOT-2218,,SKU-1435,,,,,,morgan.silva@demomail.test,,,,LOT-1980,LOT-6814,,,LOT-5009,,,Active Customer,Noted a concern to revisit at the next sync.,Beacon Foods Inc,Brightpath Health Ltd,Active,Standard,United Kingdom,,,,Followed up on the open items from last week.,Standard,,,,N,Financial Services,TAG-4317,,,,,,,,,,Website,,SKU-9668,Elena Nguyen,REF-1998,SKU-4311,TAG-9804,2625,,,Alpha,,SKU-6783,REF-3712,,Other,,,,,Fatima Blake,,Texas,N,,SKU-3768,,,,,,REF-7932,6096,100001,Company,100799,riley.ford@sampleco.test,Rowan Costa,2024-06-05 00:08:00,morgan.sloan@acme-fake.test,Rahul Nguyen,2023-12-04 14:07:00,mei.costa@sampleco.test,Rahul Ivanov,2023-09-29 08:47:00,drew.sato@acme-fake.test,,2026-06-07 13:54:00,N,100001,100001,,100001,100001,100001,100001,100001,,100001,,100001,,100001,100001,,100001,2023-01-20 22:15:00,9611,5859,Delta,Gamma,Beta,SKU-6225,8358,9635,8644,2808,7229,Other,2024-03-10 08:38:00,2395,7190,Alpha,Standard,Delta,Standard,8018,7583,5289,1910,3135,Standard,2026-02-11 11:34:00,,,,,Delta,,,,,9866,,,2025-12-03,,3296,,,,,,,,,,,2024-03-15,,,Beta,,,,,,,3307,,,2024-09-13,,,,,Beta,,,,,,,,2025-09-25,,,,,,,,,,,,,2023-11-12,,,,,,,,,,,,,Resolved the outstanding question about scope.
,,Taylor Sato,Emerson Rossi,,,TAG-5318,,,TAG-3887,,,,REF-1380,,quinn.nguyen@sampleco.test,,Morgan Larsson,,,REF-8350,,,,,,Referral Partner,Followed up on the open items from last week.,Harbor Holdings LLP,Cardinal Group Ltd,Active,Gamma,Philippines,,,SKU-9139,Discussed timeline and next steps with the account.,Standard,,,,N,Technology,,,,,,,,,,,Webinar,TAG-4683,SKU-6984,Mei Nguyen,REF-4330,,LOT-6851,5406,,,Gamma,,SKU-1287,LOT-3995,,Other,,,,,Casey Ashby,,Arizona,Y,,TAG-6519,,,,,,,,100001,Company,100800,rowan.kim@sampleco.test,Fatima Blake,2026-06-09 17:20:00,priya.ivanov@sampleco.test,Noah Vance,2025-03-06 05:18:00,jordan.sato@sampleco.test,Emerson Ashby,2024-09-04 18:16:00,riley.okafor@sampleco.test,Rahul Ivanov,2025-09-03 11:37:00,N,100001,100001,100001,100001,100001,100001,100001,100001,,100001,100001,100001,100001,100001,100001,100001,100001,2025-11-20 06:54:00,7503,4582,Standard,Delta,Standard,LOT-1045,7536,8998,8199,2048,2839,Standard,2022-10-05 18:02:00,5866,5076,Standard,Other,Gamma,Delta,6650,9401,5968,9022,2265,Standard,2024-07-03 12:43:00,,,,,Other,TAG-3576,,,,,,,2023-02-24,,,Delta,,,,,,,,,,2024-03-08,,,,,,,,,9217,,,,2023-10-15,,,Standard,,Gamma,,,,,,,,2022-11-05,,,Standard,,,SKU-4986,,,,,2702,Gamma,2023-12-12,,,,REF-5100,,,3902,,,,,,Followed up on the open items from last week.
,LOT-4071,Avery Ford,Emerson Rossi,,,SKU-6450,LOT-3081,,TAG-6526,,,,,,diego.ivanov@examplecorp.test,Riley Patel,,,,,,,SKU-5113,"231,717",,Active Customer,Noted a concern to revisit at the next sync.,Horizon Systems LLP,Harbor Group,Active,Standard,Mexico,,,,Shared the updated proposal for review.,Standard,,,,Y,Retail,,,,,,,,,,"107,481",Webinar,LOT-7792,LOT-3419,Skyler Vance,REF-3039,,LOT-9922,6973,,,Beta,,SKU-2857,TAG-4299,,,,,,,Mei Mercer,,New York,Y,,REF-3857,,,,,,TAG-3474,6857,100001,Company,100803,quinn.nguyen@acme-fake.test,Elena Costa,2023-05-23 12:17:00,rowan.larsson@examplecorp.test,Diego Mensah,2023-11-16 06:41:00,emerson.costa@sampleco.test,Emerson Costa,2025-12-20 03:54:00,quinn.larsson@examplecorp.test,,2025-05-01 19:26:00,N,100001,100001,100001,100001,100001,100001,100001,100001,100001,100001,,100001,100001,100001,100001,100001,100001,2024-05-30 17:15:00,2978,179,Alpha,Other,Standard,SKU-1408,8247,577,6386,6193,9437,Delta,2026-06-26 14:50:00,7212,7513,Standard,Other,Alpha,Other,5769,4871,7981,3128,2762,Gamma,2025-03-13 03:26:00,,,Standard,,Delta,,,,,8774,,,2023-05-08,,,,,,,7852,,2688,,,,2023-06-13,,,,,,REF-3126,,,,,,,2023-10-16,,2112,,TAG-9843,,,,,,,3288,,2025-09-10,5042,,,,,LOT-4190,,,,,,Delta,2025-01-30,,3008,,,,TAG-4431,,,,,,,Followed up on the open items from last week.
