Entity_Type_ID,Entity_Type_Name,Entity_ID,Owned_by_SAM,Owned_by_Display_Name,Own_Datetime,Created_by_SAM,Created_by_Display_Name,Created_Datetime,Modified_by_Sam,Modified_by_Display_Name,Modified_Datetime,Assigned_to_Sam,Assigned_to_Display_Name,Assign_Datetime,Is_Active,OPPORTUNITY_NAME,OPPORTUNITY_TYPE,OPPORTUNITY_TYPE_EXD_OBJECT_ID,OPPORTUNITY_STAGE,OPPORTUNITY_STAGE_EXD_OBJECT_ID,EXPECTED_CLOSE_DATE,COMPANY,COMPANY_EXD_OBJECT_ID,CONTACT,CONTACT_EXD_OBJECT_ID,INDUSTRY,EIN_NUMBER,NAICS_CODE,LEAD_SOURCE,LEAD_SOURCE_EXD_OBJECT_ID,STATUS,WEBSITE,CONTACT_PHONE_NUMBER,COMPANY_WEBSITE,ACTIVITY_DUE_DATE,MARKET,MARKET_EXD_OBJECT_ID,LEAD_TYPE,LEAD_TYPE_EXD_OBJECT_ID,CONTACT_TITLE,ARR_AMOUNT,LOCATION,LOCATION_EXD_OBJECT_ID,MRR_AMOUNT,NUMBER_OF_RESOURCES,SALES_REPRESENTATIVE,SALES_REPRESENTATIVE_EXD_OBJECT_ID,INDUSTRY_EXD_OBJECT_ID,POTENTIAL_NEED,POTENTIAL_NEED_EXD_OBJECT_ID,DYNAMIC_TEMPLATE,DYNAMIC_TEMPLATE_EXD_OBJECT_ID,PROJECTED_INVESTMENT,PROJECTED_REVENUE,REFERRAL_COMPANY_S_,REFERRAL_COMPANY_S__EXD_OBJECT_ID,JOB_TITLE,JOB_TITLE_EXD_OBJECT_ID,REFERRAL_PARTNER,NEED_SUPPORT_FROM_PARTNER,REFERRAL_PARTNER_EXD_OBJECT_ID,DISCOVERY_CALL,COMPANY_CATEGORY,COMPANY_CATEGORY_EXD_OBJECT_ID,DATE_OF_DISCOVERY_CALL_HELD,DATE_OF_DISCOVERY_CALL_SCHEDULED,DATE_OF_FIRST_INTERVIEW_HELD,SALES_DEVELOPMENT_AGENT,SALES_DEVELOPMENT_AGENT_EXD_OBJECT_ID,SERVICE_CATEGORY,SERVICE_CATEGORY_EXD_OBJECT_ID,REFERRING_COMPANY,REFERRING_COMPANY_EXD_OBJECT_ID,REFERRING_CONTACT,REFERRING_CONTACT_EXD_OBJECT_ID
100413,Opportunity,104843,skyler.brooks@demomail.test,Omar Okafor,2026-04-02 18:09:00,fatima.haddad@sampleco.test,Elena Whitfield,2023-07-09 23:27:00,jordan.reyes@acme-fake.test,Emerson Ashby,2024-01-24 05:56:00,riley.ashby@examplecorp.test,,2024-12-16 16:40:00,Y,Summit Energy Inc - Managed Services,,100742,Discovery,100062,SKU-7571,LOT-4426,100413,SKU-6697,102063,,,,Website,,Active,,,,,,100091,,,,"131,992",,100309,"21,150",9981,Marco Okafor,101024,100169,,,Standard,,,,,100772,,,,,100481,,Active Customer,100298,,,,,,Managed Services,100455,,100005,,103836
100164,Opportunity,104846,skyler.patel@examplecorp.test,Casey Blake,2022-11-06 08:19:00,yara.silva@examplecorp.test,Avery Costa,2022-10-28 01:33:00,mei.rossi@examplecorp.test,Reese Calder,2026-02-13 07:43:00,arjun.okafor@sampleco.test,,2023-07-01 18:51:00,Y,Atlas Robotics Corp - Managed Services,,,On Hold,100212,,REF-7354,100462,TAG-6258,102477,,,,Referral,100734,Active,,,,,,100755,,100164,,"460,910",,100546,"15,563",5176,Casey Haddad,100891,100656,REF-3455,100506,Enterprise,100277,,,,100224,,100482,,,,,Prospect,100195,,,,,,Staff Augmentation,,,100522,,
100616,Opportunity,104848,avery.blake@acme-fake.test,Mei Vance,2022-10-03 22:47:00,drew.okafor@examplecorp.test,Diego Dorsey,2023-04-03 15:18:00,liam.ivanov@sampleco.test,Morgan Whitfield,2026-07-10 19:27:00,chen.sato@acme-fake.test,,2023-08-28 04:57:00,Y,Delta Health LLP - Recruiting,,100588,Qualification,100531,,TAG-5133,100613,LOT-4428,104197,,,,LinkedIn,,Active,,,,,,100712,,,,"314,405",Standard,100376,"10,998",,Morgan Nguyen,101190,100426,,100182,New Logo,100658,,,,100563,,,,,100245,,Prospect,100269,,,,,,Payroll,100702,,100532,,
100156,Opportunity,104851,drew.haddad@acme-fake.test,Alex Ivanov,2025-04-25 13:56:00,mei.ivanov@acme-fake.test,Priya Mensah,2025-12-17 21:48:00,taylor.mercer@examplecorp.test,Emerson Sato,2023-11-19 00:32:00,arjun.cohen@demomail.test,,2025-08-18 16:42:00,N,Ironwood Manufacturing Ltd - Payroll,,100708,Closed Won,100360,,LOT-8984,100726,SKU-7726,103887,,,,Website,100239,Inactive,,,,,,100046,,,,"196,201",,100542,"38,092",,Arjun Costa,100884,100267,,,SMB,,,,,100164,,,,,,,Prospect,100638,,,,,,Recruiting,100351,,100620,,
100449,Opportunity,104853,liam.rossi@examplecorp.test,Yara Garcia,2023-05-14 14:29:00,aisha.cohen@examplecorp.test,Fatima Haddad,2024-08-20 18:02:00,nina.ford@acme-fake.test,Quinn Ashby,2026-05-31 17:13:00,reese.kim@examplecorp.test,,2024-08-02 13:08:00,N,Redwood Textiles Inc - Managed Services,,100494,Closed Won,100749,,SKU-2898,100192,REF-3518,102684,,,,Webinar,100229,Inactive,,,,,,,,100742,,"392,635",,100148,"6,514",,Jordan Haddad,100958,,SKU-1441,100288,Renewal,100192,,,,100255,,100107,,,,,Active Customer,100016,,,,,,Consulting,100709,,100139,,102686
100236,Opportunity,104856,diego.patel@examplecorp.test,Skyler Okafor,2023-05-02 14:32:00,rahul.costa@acme-fake.test,Taylor Costa,2024-09-21 07:19:00,noah.vance@demomail.test,Avery Kim,2024-06-02 07:58:00,rahul.calder@demomail.test,,2025-09-26 06:46:00,N,Atlas Partners LLC - Consulting,,,Closed Won,100153,,SKU-5064,100265,TAG-3559,103316,,,,Event,100405,Inactive,,,,,,,,,,,,100117,"23,173",,Nina Ivanov,,,,,New Logo,100026,,,,100099,,,,,,,Active Customer,100298,,,,,100329,Payroll,,,100702,,102250
100128,Opportunity,104858,sofia.nguyen@demomail.test,Morgan Patel,2025-12-11 03:56:00,jordan.kim@sampleco.test,Casey Calder,2022-12-27 02:40:00,reese.larsson@sampleco.test,Marco Kim,2025-04-18 02:27:00,casey.mercer@acme-fake.test,Taylor Garcia,2023-12-21 03:39:00,N,Delta Robotics LLC - Consulting,,,On Hold,100366,,REF-7912,100185,TAG-5500,103582,,,,LinkedIn,100573,Active,,,,,,,,,,,,100771,"38,831",7679,Priya Sato,100906,100360,,100708,Enterprise,,,,,100340,,100555,,,,,Active Customer,100189,,,,,100190,Consulting,,,100408,,
100485,Opportunity,104860,jordan.okafor@sampleco.test,Riley Reyes,2023-09-01 19:47:00,rahul.larsson@acme-fake.test,Taylor Larsson,2025-09-06 12:02:00,taylor.okafor@sampleco.test,Nina Okafor,2023-01-23 23:31:00,rahul.dorsey@demomail.test,,2024-01-20 02:48:00,Y,Brightpath Financial Co - Back Office,,,Proposal Sent,100403,,SKU-3026,100676,LOT-7122,103403,,,,Inbound Call,100305,Active,,,,,,100103,,,,"217,280",Standard,,"23,606",1916,Drew Vance,,,REF-8705,100548,Standard,,,,,100443,,100587,,,100128,,Active Customer,100398,,,,,,Back Office,100376,,100755,,
100383,Opportunity,104862,skyler.dorsey@sampleco.test,Emerson Brooks,2024-01-28 19:40:00,chen.reyes@demomail.test,Rahul Mercer,2026-07-04 20:27:00,nina.okafor@sampleco.test,Avery Rossi,2025-02-01 22:47:00,emerson.rossi@sampleco.test,,2024-10-24 11:06:00,N,Lakeside Capital Group - Managed Services,,100076,Closed Won,100420,,SKU-7362,100523,REF-4911,102321,,,,Website,100620,Inactive,,,,,,100723,,100066,,"209,339",,100236,"17,011",8134,Mei Garcia,,,LOT-6399,100588,Standard,100462,,,,100736,,100205,,,100426,,Prospect,100690,,,,,,Back Office,100793,,100143,,
100509,Opportunity,104863,alex.mercer@demomail.test,Skyler Okafor,2023-07-30 23:40:00,jamie.blake@acme-fake.test,Nina Okafor,2024-09-13 20:30:00,avery.dorsey@demomail.test,Nina Rossi,2022-10-31 20:52:00,reese.rossi@examplecorp.test,,2025-07-27 09:13:00,Y,Falcon Industries Group - Consulting,,,Closed Won,100771,TAG-6994,LOT-6749,100470,LOT-9822,103534,,,,Event,100254,Inactive,,,,,,100560,,100164,,,,100079,,3034,Arjun Vance,101535,,SKU-3879,,SMB,,,,,100627,,100015,,,,,Active Customer,100366,,,,,,Recruiting,100329,,100203,,102033
100227,Opportunity,104864,morgan.sato@sampleco.test,Jamie Larsson,2026-02-03 04:24:00,chen.mensah@demomail.test,Mei Silva,2023-04-11 03:05:00,yara.sloan@demomail.test,Yara Ivanov,2024-02-19 20:06:00,marco.nguyen@acme-fake.test,,2023-03-15 06:12:00,Y,Brightpath Energy - Back Office,,100694,Qualification,100310,,SKU-7788,100585,REF-7552,103748,,,,Cold Outreach,100146,Active,,,,,,,,100224,,"396,440",Standard,,"22,065",6497,Elena Okafor,101508,100329,LOT-7213,100690,Standard,100301,,,,100009,,,,,100482,,Active Customer,100141,,,,,100690,Recruiting,,,100334,,102406
100470,Opportunity,104867,noah.haddad@acme-fake.test,Elena Haddad,2024-02-01 20:16:00,omar.dorsey@demomail.test,Liam Kim,2023-01-19 02:16:00,aisha.haddad@demomail.test,Rahul Brooks,2024-09-16 09:17:00,jamie.mensah@sampleco.test,,2026-02-03 19:32:00,Y,Blue Ridge Ventures Corp - Recruiting,,100517,Negotiation,100023,,REF-1665,100336,LOT-7706,102478,,,,Partner,,Active,,,,,,100726,,100216,,,Beta,100429,"33,224",,Yara Vance,,,,100322,Enterprise,100506,,,,100377,,100482,,,100336,,Prospect,100792,,,,,,Offshore Team,,,100104,,102757
100667,Opportunity,104869,sofia.dorsey@examplecorp.test,Morgan Garcia,2025-03-29 04:42:00,yara.mensah@examplecorp.test,Diego Reyes,2023-01-04 03:26:00,taylor.whitfield@acme-fake.test,Liam Ashby,2023-05-23 20:05:00,fatima.blake@demomail.test,,2025-04-21 17:41:00,Y,Copper Networks LLC - Managed Services,,100558,Closed Won,100462,TAG-7405,SKU-2250,100213,LOT-4189,102740,,,,Inbound Call,100393,Inactive,,,,,,,,100516,,"464,935",,100251,"28,417",2558,Arjun Mensah,101387,,,100383,Enterprise,,,,,100702,,,Standard,,100229,,Active Customer,100720,,,,,100538,Payroll,,,100546,,102957
100509,Opportunity,104872,diego.kim@demomail.test,Yara Larsson,2022-10-03 06:08:00,noah.costa@sampleco.test,Aisha Ivanov,2024-08-27 03:23:00,taylor.cohen@sampleco.test,Casey Dorsey,2023-09-05 08:24:00,fatima.cohen@sampleco.test,,2023-02-13 11:56:00,Y,Cobalt Foods Co - Offshore Team,,100115,Closed Won,100310,,LOT-9704,100257,,103110,,,,Partner,,Inactive,,,,,,100772,,100587,,,Alpha,100485,"34,007",,Diego Calder,101362,100243,LOT-1328,,Enterprise,100080,,,,100192,,,,,,,Active Customer,100637,,,,,100744,Offshore Team,,Other,100062,,
100040,Opportunity,104874,avery.calder@acme-fake.test,Marco Ford,2026-01-15 19:29:00,nina.ashby@acme-fake.test,Priya Larsson,2026-03-21 03:56:00,nina.whitfield@acme-fake.test,Emerson Brooks,2024-09-25 18:34:00,omar.patel@demomail.test,,2025-04-21 13:31:00,Y,Pioneer Financial Ltd - Staff Augmentation,,100029,Closed Won,100086,,LOT-3875,100565,LOT-9578,103979,,,,LinkedIn,100129,Inactive,,,,,,,,,,"328,873",Alpha,100377,"37,814",,Skyler Ford,,,TAG-7300,100269,Standard,100037,,,,100789,,100091,,,,,Prospect,100352,,,,,,Consulting,,,100391,,102305
100481,Opportunity,104877,diego.nguyen@acme-fake.test,Sofia Nguyen,2024-12-03 23:17:00,nina.vance@acme-fake.test,Diego Sloan,2023-05-29 19:38:00,fatima.okafor@acme-fake.test,Marco Okafor,2025-10-23 11:36:00,marco.blake@demomail.test,,2025-04-06 22:01:00,N,Blue Ridge Solutions Ltd - Consulting,,100340,Proposal Sent,100319,,LOT-8826,100069,TAG-4744,104046,,,,Inbound Call,,Active,,,,,,,,100281,,"32,712",,100610,"11,365",,Jamie Ivanov,101568,100186,,,New Logo,100474,,,,100786,,,,,100486,,Active Customer,100389,,,,,,Consulting,100391,,100339,,103363
100464,Opportunity,104880,drew.nguyen@sampleco.test,Riley Kim,2024-06-28 03:29:00,quinn.haddad@sampleco.test,Priya Reyes,2023-03-16 04:25:00,alex.ashby@demomail.test,Taylor Patel,2023-10-28 15:27:00,sofia.sato@acme-fake.test,,2023-05-25 19:09:00,N,Brightpath Systems Co - Back Office,,,Negotiation,100216,,REF-5130,100129,SKU-6964,103692,,,,Referral,100408,Active,,,,,,100585,,100008,,"397,067",Beta,100456,"18,893",7140,Jordan Silva,,,,100352,SMB,100134,,,,100248,,100487,,,100569,,Active Customer,100538,,,,,100749,Staff Augmentation,100440,,100542,,103765
100089,Opportunity,104883,sofia.dorsey@examplecorp.test,Jordan Garcia,2024-06-18 06:07:00,reese.ashby@demomail.test,Noah Brooks,2025-06-14 21:16:00,avery.calder@sampleco.test,Quinn Patel,2022-11-20 19:13:00,reese.whitfield@demomail.test,,2025-08-14 17:05:00,N,Beacon Dynamics Ltd - Recruiting,,100010,Proposal Sent,100128,,LOT-5100,100658,TAG-8946,104663,,,,Partner,100587,Active,,,,,,100240,,100313,,"425,763",,,"7,282",1765,Yara Sato,101660,100023,LOT-9538,100042,Enterprise,100432,,,,100598,,100172,Standard,,100593,,Active Customer,100492,,,,,,Offshore Team,,,100060,,
100334,Opportunity,104886,drew.ivanov@demomail.test,Rowan Mensah,2025-03-03 02:27:00,sofia.sloan@acme-fake.test,Liam Sloan,2026-02-05 15:58:00,drew.vance@acme-fake.test,Aisha Sato,2025-09-10 19:31:00,casey.ivanov@acme-fake.test,,2026-03-26 01:12:00,N,Keystone Holdings Group - Staff Augmentation,,,Proposal Sent,100440,,LOT-5607,100319,REF-6486,103110,,,,Referral,,Active,,,,,,,,100731,,"244,471",Other,100455,"17,007",,Aisha Reyes,101234,,LOT-7620,100180,Renewal,,,,,100688,,100774,,,100070,,Active Customer,100037,,,,,100192,Payroll,,,100637,,104715
100593,Opportunity,104888,drew.dorsey@demomail.test,Omar Patel,2025-09-04 19:01:00,mei.larsson@demomail.test,Casey Nguyen,2025-01-04 17:50:00,aisha.cohen@examplecorp.test,Mei Brooks,2026-03-26 17:48:00,alex.mercer@acme-fake.test,Omar Reyes,2024-04-23 10:42:00,Y,Harbor Energy Co - Recruiting,,100388,Closed Lost,100301,,TAG-9843,100705,TAG-4389,103815,,,,Webinar,100400,Inactive,,,,,,100073,,,,"86,811",,100042,"24,029",,Sofia Silva,101068,100509,,,Renewal,,,,,100452,,,,,,,Prospect,100180,,,,,100676,Payroll,100298,,100684,,
100405,Opportunity,104890,sofia.haddad@examplecorp.test,Quinn Ashby,2024-11-26 13:49:00,yara.silva@demomail.test,Nina Silva,2023-12-06 23:37:00,noah.mercer@examplecorp.test,Emerson Okafor,2024-02-12 02:01:00,jordan.nguyen@examplecorp.test,Avery Silva,2025-03-26 06:20:00,Y,Cobalt Ventures Co - Managed Services,,,Closed Won,100291,LOT-7715,SKU-7010,100731,LOT-8748,104621,,,,Partner,,Inactive,,,,,,100522,,100030,,"250,869",,100212,"13,364",,Jordan Reyes,101446,,REF-8560,,Renewal,100389,,,,100169,,100799,,,100759,,Prospect,100692,,,,,100708,Back Office,100542,,100171,,102164
100111,Opportunity,104892,priya.haddad@examplecorp.test,Rahul Reyes,2025-12-24 10:38:00,jordan.larsson@sampleco.test,Yara Ivanov,2024-01-05 17:36:00,arjun.kim@examplecorp.test,Elena Whitfield,2024-12-09 21:00:00,reese.costa@demomail.test,,2022-10-17 21:40:00,N,Redwood Ventures Ltd - Offshore Team,,100037,Qualification,100559,,SKU-4944,100058,REF-6376,103714,,,,LinkedIn,100103,Active,,,,,,,,100342,,,Other,100596,"34,154",,Morgan Patel,101056,100445,SKU-1669,,New Logo,100679,,,,100190,,100500,,,100560,,Prospect,100122,,,,,100694,Back Office,,,100579,,103771
100314,Opportunity,104895,reese.sloan@examplecorp.test,Sofia Vance,2026-03-14 08:42:00,reese.sato@acme-fake.test,Sofia Kim,2025-03-14 05:58:00,rowan.blake@sampleco.test,Drew Dorsey,2024-11-30 03:13:00,omar.whitfield@acme-fake.test,,2023-03-31 03:52:00,N,Everest Media Corp - Staff Augmentation,,,Proposal Sent,100454,REF-4597,TAG-4644,100153,REF-3482,103990,,,,Partner,100014,Active,,,,,,100192,,,,"138,512",Beta,100656,"27,882",,Fatima Silva,101186,100565,TAG-9128,100709,Renewal,,,,,100616,,,,,100056,,Prospect,100546,,,,,100017,Managed Services,100772,,100248,,102228
100424,Opportunity,104896,casey.kim@demomail.test,Marco Blake,2023-02-26 08:31:00,quinn.brooks@examplecorp.test,Rowan Sloan,2023-06-14 16:50:00,emerson.blake@demomail.test,Priya Mercer,2023-11-16 22:54:00,diego.brooks@sampleco.test,,2022-10-20 14:28:00,N,Lakeside Dynamics Ltd - Recruiting,,,Closed Won,100664,,REF-5816,100257,REF-3224,102581,,,,LinkedIn,100069,Inactive,,,,,,,,,,,,,"21,080",,Emerson Whitfield,101049,100190,,100008,Enterprise,,,,,100477,,100333,,,,,Prospect,100667,,,,,100216,Consulting,100267,,100188,,102555
100437,Opportunity,104898,nina.mensah@sampleco.test,Morgan Okafor,2024-11-30 10:45:00,diego.ashby@examplecorp.test,Sofia Patel,2025-01-05 06:49:00,casey.cohen@sampleco.test,Omar Silva,2023-07-19 01:45:00,taylor.patel@demomail.test,,2024-09-18 21:10:00,Y,Pioneer Capital Corp - Staff Augmentation,,100291,Qualification,100203,,REF-3820,100040,LOT-5149,102835,,,,Cold Outreach,100615,Active,,,,,,100265,,,,,Other,100717,"21,139",7272,Drew Mercer,,100782,REF-9654,100126,Renewal,100601,,,,100777,,100239,,,,,Prospect,100190,,,,,,Recruiting,100272,,100576,,102255
100086,Opportunity,104901,skyler.nguyen@examplecorp.test,Skyler Dorsey,2026-04-04 16:34:00,priya.haddad@demomail.test,Rowan Mensah,2026-06-14 20:46:00,jamie.kim@demomail.test,Rowan Haddad,2025-05-18 16:18:00,diego.larsson@examplecorp.test,,2024-09-15 00:05:00,Y,Northwind Group Co - Offshore Team,,100704,On Hold,100598,,REF-5396,100786,TAG-5779,103792,,,,Event,100654,Active,,,,,,100492,,100403,,,,,"13,213",8548,Taylor Whitfield,,100168,,100053,Standard,100012,,,,100518,,,,,100122,,Active Customer,100044,,,,,100139,Consulting,100229,,100632,,
100243,Opportunity,104902,marco.garcia@sampleco.test,Morgan Ashby,2025-02-07 14:26:00,taylor.blake@examplecorp.test,Casey Brooks,2024-07-01 05:41:00,skyler.rossi@demomail.test,Skyler Garcia,2023-03-05 17:45:00,chen.patel@examplecorp.test,,2026-07-27 23:44:00,Y,Keystone Industries LLP - Recruiting,,100481,Closed Won,100649,,SKU-6410,100234,LOT-2404,103386,,,,LinkedIn,100184,Inactive,,,,,,100305,,100516,,"447,353",Standard,,"22,612",,Chen Ashby,101229,100552,SKU-6878,100269,Renewal,,,,,100452,,,,,100220,,Active Customer,100008,,,,,100216,Payroll,,,100672,,
100333,Opportunity,104903,taylor.larsson@examplecorp.test,Liam Calder,2024-09-02 01:33:00,avery.vance@sampleco.test,Riley Ivanov,2023-01-21 21:13:00,chen.brooks@acme-fake.test,Taylor Patel,2024-06-16 01:36:00,fatima.silva@demomail.test,,2024-01-17 14:51:00,Y,Everest Dynamics Co - Payroll,,100579,Proposal Sent,100079,TAG-4809,LOT-7779,100596,TAG-9243,103571,,,,Website,100111,Active,,,,,,,,100371,,"352,215",,,,2384,Sofia Whitfield,101636,100421,SKU-8464,,Enterprise,100462,,,,100424,,,,,100094,,Prospect,100473,,,,,100308,Consulting,100075,,100709,,102768
100008,Opportunity,104904,arjun.mensah@examplecorp.test,Sofia Dorsey,2026-03-16 08:10:00,emerson.silva@acme-fake.test,Jamie Sato,2024-04-16 07:57:00,noah.okafor@acme-fake.test,Rahul Costa,2025-04-28 08:22:00,avery.kim@demomail.test,,2026-06-12 00:38:00,Y,Granite Foods - Payroll,,,Discovery,100083,SKU-4934,LOT-4452,100582,,102017,,,,Inbound Call,100796,Active,,,,,,100620,,,,"447,647",,100692,"8,414",,Marco Nguyen,101748,100749,,100012,Standard,100432,,,,100410,,100765,Other,,,,Prospect,100257,,,,,100503,Recruiting,100686,,100010,,102111
100158,Opportunity,104907,alex.cohen@acme-fake.test,Jordan Reyes,2025-05-05 03:57:00,rahul.nguyen@examplecorp.test,Aisha Rossi,2022-11-08 14:22:00,jamie.dorsey@acme-fake.test,Aisha Silva,2025-05-27 23:21:00,casey.ashby@examplecorp.test,,2022-12-06 17:25:00,Y,Delta Partners Inc - Recruiting,,,Qualification,100243,,REF-8288,100683,TAG-4926,104358,,,,Referral,100020,Active,,,,,,,,100025,,"329,778",Alpha,,"6,801",1818,Morgan Ivanov,101596,,,100142,Standard,,,,,100351,,,,,100063,,Active Customer,100479,,,,,,Recruiting,,,100527,,
100607,Opportunity,104908,quinn.haddad@examplecorp.test,Chen Sloan,2026-06-21 04:26:00,fatima.ashby@acme-fake.test,Chen Nguyen,2024-11-15 16:56:00,drew.ashby@sampleco.test,Noah Haddad,2023-02-24 22:11:00,jamie.patel@examplecorp.test,,2026-03-10 07:42:00,Y,Evergreen Media Group - Staff Augmentation,,,Discovery,100305,,TAG-3197,100220,TAG-4208,102064,,,,Webinar,100227,Active,,,,,,,,100329,,,Gamma,100171,"16,335",,Jamie Mensah,,100286,SKU-7578,100319,Standard,100554,,,,100624,,100115,,,100172,,Prospect,100457,,,,,,Recruiting,100558,,100308,,101903
100190,Opportunity,104910,avery.mercer@demomail.test,Liam Blake,2022-10-08 19:28:00,marco.silva@examplecorp.test,Rowan Garcia,2026-01-15 14:24:00,avery.silva@sampleco.test,Emerson Okafor,2022-11-04 15:44:00,skyler.dorsey@acme-fake.test,,2025-10-24 01:54:00,Y,Granite Systems Inc - Back Office,,100613,Closed Won,100763,LOT-7630,SKU-8955,100628,LOT-2312,103939,,,,Inbound Call,,Inactive,,,,,,,,,,,,100040,"14,540",1583,Sofia Reyes,101711,100217,,100803,Standard,100585,,,,100782,,100741,,,,,Prospect,100143,,,,,100180,Managed Services,100053,,100215,,103131
100434,Opportunity,104913,aisha.calder@examplecorp.test,Priya Okafor,2023-03-30 17:24:00,liam.cohen@sampleco.test,Jordan Rossi,2023-03-26 23:05:00,emerson.blake@acme-fake.test,Rowan Larsson,2022-12-15 09:53:00,reese.sloan@sampleco.test,,2024-05-28 22:24:00,N,Everest Systems Co - Managed Services,,100188,Qualification,100457,,SKU-8984,100242,REF-2158,104270,,,,Partner,100551,Active,,,,,,,,,,,,100474,,8930,Marco Sato,101152,100286,LOT-1325,100690,Renewal,,,,,100080,,,,,100344,,Prospect,100784,,,,,100622,Payroll,,,100334,,103452
100598,Opportunity,104916,sofia.whitfield@sampleco.test,Aisha Okafor,2024-06-27 02:57:00,mei.calder@acme-fake.test,Emerson Costa,2024-09-01 11:41:00,omar.larsson@acme-fake.test,Priya Rossi,2025-01-29 18:44:00,alex.reyes@sampleco.test,,2023-04-20 23:20:00,N,Evergreen Solutions Corp - Staff Augmentation,,,Qualification,100389,,TAG-5800,100148,LOT-9305,104105,,,,Referral,,Active,,,,,,100482,,,,"345,397",Other,100560,"4,345",,Casey Brooks,101737,100195,SKU-5606,,Renewal,,,,,100709,,100704,Beta,,,,Prospect,100232,,,,,,Recruiting,,,100474,,103023
100209,Opportunity,104917,jamie.sloan@examplecorp.test,Marco Whitfield,2024-10-07 04:26:00,skyler.mensah@sampleco.test,Sofia Mercer,2025-07-04 23:22:00,reese.brooks@demomail.test,Rahul Mensah,2024-10-23 13:55:00,rowan.haddad@demomail.test,,2025-01-05 16:22:00,Y,Delta Logistics Inc - Managed Services,,,Discovery,100142,SKU-7233,SKU-1031,100535,LOT-9077,104163,,,,Website,,Active,,,,,,100041,,100366,,,,,"17,378",,Nina Ivanov,,100277,SKU-6715,,Renewal,100091,,,,100526,,100452,,,,,Active Customer,100288,,,,,100241,Managed Services,100481,,100267,,
100262,Opportunity,104918,riley.blake@acme-fake.test,Rahul Dorsey,2023-07-03 23:11:00,skyler.patel@sampleco.test,Avery Brooks,2023-11-06 19:15:00,liam.sato@acme-fake.test,Fatima Haddad,2023-12-14 01:16:00,marco.brooks@demomail.test,,2026-05-02 17:23:00,N,Cardinal Robotics Group - Staff Augmentation,,,Qualification,100579,REF-7892,TAG-8556,100178,REF-2646,103724,,,,Webinar,100216,Active,,,,,,,,100313,,"11,288",,,"19,908",,Fatima Garcia,101631,100702,LOT-3415,100782,Renewal,,,,,100169,,100554,,,100753,,Active Customer,100348,,,,,100788,Consulting,100030,,100789,,
100429,Opportunity,104920,arjun.reyes@demomail.test,Elena Ashby,2025-06-03 07:58:00,drew.garcia@acme-fake.test,Sofia Rossi,2024-02-24 10:24:00,jordan.vance@demomail.test,Avery Costa,2024-01-31 03:39:00,avery.garcia@demomail.test,,2023-01-08 02:44:00,N,Beacon Holdings Group - Payroll,,,Discovery,100173,,TAG-6663,100705,SKU-6777,,,,,Website,100742,Active,,,,,,,,100434,,"469,984",Other,100616,"15,831",6065,Aisha Mercer,101556,100026,,100755,Renewal,,,,,100030,,100014,Gamma,,,,Prospect,100573,,,,,100391,Staff Augmentation,100770,,100786,,
100782,Opportunity,104922,elena.patel@demomail.test,Yara Okafor,2023-10-11 22:25:00,marco.calder@examplecorp.test,Alex Whitfield,2023-10-04 09:24:00,casey.dorsey@sampleco.test,Nina Cohen,2024-09-12 21:28:00,fatima.patel@sampleco.test,,2025-12-12 18:03:00,N,Redwood Ventures Inc - Staff Augmentation,,,Closed Lost,100482,,TAG-3516,100457,SKU-3591,104362,,,,Cold Outreach,,Inactive,,,,,,100454,,100506,,"236,731",,,,,Noah Ashby,101463,100520,REF-1293,,Renewal,,,,,100520,,100628,,,100664,,Prospect,100532,,,,,,Payroll,100009,,100726,,102784
100573,Opportunity,104924,jordan.reyes@examplecorp.test,Jamie Kim,2023-03-04 13:18:00,skyler.reyes@acme-fake.test,Reese Patel,2025-10-09 05:59:00,mei.kim@acme-fake.test,Reese Patel,2024-12-25 11:57:00,marco.mensah@examplecorp.test,,2025-02-05 18:49:00,N,Lakeside Capital LLC - Recruiting,,,Closed Won,100107,,REF-9552,100705,SKU-9856,102950,,,,Inbound Call,100333,Inactive,,,,,,,,,,,,,"26,830",,Drew Calder,101425,,SKU-3206,,New Logo,100518,,,,100704,,100314,,,,,Prospect,100503,,,,,,Offshore Team,100353,,100325,,104453
100702,Opportunity,104925,casey.nguyen@demomail.test,Avery Costa,2023-01-03 22:21:00,skyler.rossi@demomail.test,Omar Calder,2024-12-17 01:25:00,liam.ford@examplecorp.test,Morgan Reyes,2023-08-12 05:38:00,sofia.silva@acme-fake.test,,2023-06-26 11:56:00,Y,Keystone Textiles LLP - Staff Augmentation,,100632,Closed Lost,100359,,LOT-6602,100477,LOT-2463,103646,,,,Website,100560,Inactive,,,,,,,,100229,,"407,811",Delta,,,,Diego Mercer,,100342,,,Renewal,100236,,,,100688,,100634,,,100197,,Active Customer,100642,,,,,,Consulting,,,100185,,104577
100291,Opportunity,104928,drew.mensah@examplecorp.test,Omar Ford,2025-08-24 19:36:00,skyler.blake@examplecorp.test,Elena Blake,2024-07-11 12:14:00,avery.reyes@demomail.test,Diego Calder,2024-02-13 19:37:00,liam.mercer@acme-fake.test,,2025-11-10 03:28:00,N,Silverline Manufacturing Co - Consulting,,100103,Qualification,100765,,SKU-9258,100371,LOT-2239,104351,,,,Partner,100046,Active,,,,,,100101,,100328,,,Standard,100172,"16,629",,Fatima Mercer,100884,100506,LOT-9267,100684,SMB,,,,,100530,,100076,,,100685,,Prospect,100548,,,,,100569,Consulting,,,100408,,
100596,Opportunity,104930,nina.ashby@examplecorp.test,Priya Vance,2025-07-30 22:15:00,drew.larsson@examplecorp.test,Skyler Ivanov,2024-12-03 15:14:00,jamie.kim@sampleco.test,Sofia Haddad,2024-10-27 15:27:00,emerson.mercer@examplecorp.test,,2026-01-11 12:22:00,Y,Falcon Robotics Ltd - Managed Services,,100782,Closed Won,100389,,SKU-7543,100723,REF-2809,102636,,,,Webinar,100593,Inactive,,,,,,100667,,100418,,"479,129",,100690,"30,635",,Elena Sato,100887,,REF-4917,,Standard,,,,,100281,,100490,,,100638,,Active Customer,100667,,,,,,Back Office,100180,,100490,,
100262,Opportunity,104932,liam.ashby@sampleco.test,Marco Mercer,2023-09-05 22:23:00,jamie.ivanov@demomail.test,Rahul Blake,2023-09-11 07:59:00,rowan.dorsey@demomail.test,Taylor Larsson,2023-11-17 22:30:00,taylor.cohen@demomail.test,,2022-11-12 11:38:00,Y,Vertex Ventures LLC - Back Office,,100265,Discovery,100487,SKU-4989,TAG-2109,100403,LOT-4302,102170,,,,LinkedIn,,Active,,,,,,100517,,,,"438,088",,100275,"39,788",,Mei Ashby,101355,100518,,100103,Standard,,,,,100403,,,,,100803,,Active Customer,100731,,,,,100089,Payroll,,,100646,,102768
100363,Opportunity,104934,casey.sato@examplecorp.test,Drew Rossi,2025-08-08 19:02:00,liam.okafor@sampleco.test,Fatima Silva,2023-12-22 20:40:00,emerson.rossi@examplecorp.test,Liam Blake,2023-05-17 16:59:00,sofia.haddad@sampleco.test,,2026-05-05 17:19:00,N,Keystone Energy LLP - Staff Augmentation,,100543,Closed Lost,100555,,REF-6400,100086,REF-4440,103839,,,,Partner,,Inactive,,,,,,,,,,"224,732",Gamma,100755,"3,735",,Jordan Kim,,100393,,100624,SMB,,,,,100269,,100792,Delta,,100058,,Prospect,100532,,,,,,Managed Services,100156,,100765,,104803
100638,Opportunity,104937,diego.mercer@sampleco.test,Fatima Cohen,2025-10-30 04:37:00,skyler.haddad@demomail.test,Emerson Patel,2023-08-01 01:50:00,chen.vance@examplecorp.test,Omar Whitfield,2025-07-03 20:25:00,elena.blake@acme-fake.test,,2024-02-25 13:48:00,N,Meridian Retail LLP - Managed Services,,,Negotiation,100291,,TAG-1064,100275,SKU-7869,104532,,,,Inbound Call,,Active,,,,,,,,100325,,"247,145",Other,,,4455,Priya Garcia,101441,100535,REF-3231,,Enterprise,,,,,100380,,,,,100474,,Prospect,100224,,,,,100676,Recruiting,,,100117,,
100015,Opportunity,104940,alex.whitfield@demomail.test,Avery Sato,2023-04-11 02:55:00,morgan.costa@sampleco.test,Diego Larsson,2024-06-21 22:45:00,liam.larsson@demomail.test,Marco Ashby,2023-08-05 23:33:00,aisha.patel@sampleco.test,,2024-08-19 21:20:00,N,Copper Holdings Group - Managed Services,,100454,Discovery,100165,,TAG-3227,100487,REF-5318,102125,,,,Referral,100176,Active,,,,,,100576,,100736,,"343,833",,100034,"34,404",9638,Fatima Larsson,,,TAG-8033,,SMB,,,,,100313,,100275,,,100200,,Active Customer,100646,,,,,100285,Offshore Team,100291,Delta,100520,,103860
100620,Opportunity,104942,yara.larsson@acme-fake.test,Jordan Vance,2025-09-06 06:43:00,avery.patel@sampleco.test,Aisha Cohen,2025-04-20 08:09:00,taylor.mensah@demomail.test,Sofia Whitfield,2025-04-04 13:00:00,morgan.costa@examplecorp.test,,2025-12-11 23:50:00,Y,Beacon Robotics Ltd - Consulting,,,Closed Lost,100041,,TAG-1776,100641,SKU-9608,103633,,,,Referral,100569,Inactive,,,,,,,,,,"295,146",,100295,"9,933",3573,Reese Reyes,100904,,,,Renewal,,,,,100213,,100715,,,100552,,Prospect,100774,,,,,100780,Managed Services,100625,,100343,,
100353,Opportunity,104943,marco.rossi@examplecorp.test,Riley Mercer,2025-08-05 18:28:00,mei.dorsey@demomail.test,Priya Blake,2024-12-29 21:47:00,skyler.sloan@examplecorp.test,Nina Ford,2024-11-02 10:20:00,yara.cohen@demomail.test,,2025-08-05 12:43:00,Y,Meridian Retail Corp - Offshore Team,,,Closed Won,100523,REF-4971,SKU-9526,100696,SKU-2893,103317,,,,LinkedIn,,Inactive,,,,,,100216,,100681,,"73,139",,100333,"28,020",8378,Riley Blake,,100034,,,Renewal,,,,,100107,,100091,Alpha,,100688,,Prospect,100173,,,,,100610,Recruiting,100574,,100180,,103014
100591,Opportunity,104944,drew.costa@sampleco.test,Chen Ivanov,2023-11-20 12:16:00,chen.kim@sampleco.test,Arjun Mensah,2024-07-14 04:33:00,omar.patel@sampleco.test,Diego Larsson,2022-11-07 10:40:00,aisha.patel@examplecorp.test,,2024-07-22 17:52:00,N,Everest Solutions Inc - Payroll,,100755,Closed Lost,100579,,REF-1309,100484,REF-8150,102457,,,,LinkedIn,100388,Inactive,,,,,,100447,,100073,,"60,270",,,"30,170",,Alex Sloan,101570,100156,,,SMB,,,,,100080,,100046,Alpha,,100238,,Active Customer,100632,,,,,,Consulting,100076,,100251,,104732
100014,Opportunity,104947,nina.kim@demomail.test,Reese Costa,2023-03-17 08:47:00,avery.calder@demomail.test,Taylor Sato,2024-10-06 19:29:00,arjun.patel@acme-fake.test,Priya Ford,2024-03-07 23:58:00,riley.silva@sampleco.test,,2023-05-05 04:55:00,N,Copper Group - Back Office,,,Proposal Sent,100620,,TAG-8348,100738,LOT-1900,103210,,,,Event,,Active,,,,,,100316,,100208,,,Alpha,,"3,914",,Emerson Mensah,,100119,LOT-2315,100328,SMB,100286,,,,100479,,,Gamma,,100679,,Prospect,100624,,,,,100073,Offshore Team,100646,,100654,,
100010,Opportunity,104949,rahul.garcia@examplecorp.test,Taylor Kim,2025-02-27 03:17:00,drew.rossi@examplecorp.test,Omar Costa,2026-01-21 07:17:00,morgan.silva@demomail.test,Nina Ivanov,2024-04-28 15:06:00,alex.haddad@sampleco.test,,2023-03-14 09:38:00,Y,Horizon Logistics Ltd - Managed Services,,,Closed Won,100569,TAG-3265,REF-8818,100041,SKU-9928,103230,,,,Inbound Call,100753,Inactive,,,,,,100582,,,,"141,816",Standard,100705,"21,645",1009,Nina Cohen,101085,,,100073,Enterprise,,,,,100539,,100161,,,,,Prospect,100490,,,,,100377,Consulting,,,100248,,103108
100624,Opportunity,104952,sofia.dorsey@demomail.test,Sofia Dorsey,2023-03-08 17:46:00,riley.dorsey@acme-fake.test,Skyler Vance,2023-06-10 05:10:00,sofia.whitfield@examplecorp.test,Jordan Patel,2026-07-13 15:43:00,yara.haddad@examplecorp.test,,2025-09-28 06:41:00,N,Redwood Solutions LLC - Managed Services,,100195,Discovery,100319,,SKU-4523,100382,LOT-6424,103519,,,,Inbound Call,,Active,,,,,,100443,,100803,,,,100702,"23,550",,Elena Dorsey,,100382,,100543,Renewal,,,,,100126,,100522,,,,,Active Customer,100792,,,,,100185,Back Office,100705,,100388,,103814
100331,Opportunity,104955,casey.ford@sampleco.test,Sofia Costa,2026-06-08 14:21:00,liam.patel@acme-fake.test,Nina Nguyen,2024-10-15 06:25:00,morgan.larsson@demomail.test,Quinn Sloan,2023-05-25 10:26:00,taylor.sloan@demomail.test,,2026-01-11 12:30:00,N,Redwood Media Ltd - Managed Services,,,Discovery,100615,LOT-8660,LOT-5284,100309,SKU-1001,102381,,,,Cold Outreach,100040,Active,,,,,,,,,,"277,485",Standard,100322,"23,161",,Yara Dorsey,101619,100329,LOT-1309,,New Logo,100046,,,,100772,,,,,,,Prospect,100395,,,,,100257,Recruiting,100200,,100597,,104592
100254,Opportunity,104956,priya.ivanov@sampleco.test,Sofia Mensah,2023-05-28 23:04:00,riley.ivanov@acme-fake.test,Jamie Calder,2025-09-20 00:26:00,sofia.whitfield@examplecorp.test,Marco Nguyen,2023-08-25 22:48:00,noah.sloan@demomail.test,,2023-01-14 05:17:00,N,Keystone Partners Co - Back Office,,100058,Discovery,100603,,LOT-7001,100308,TAG-7336,102932,,,,Cold Outreach,,Active,,,,,,,,100151,,,Gamma,100360,"13,174",,Marco Sloan,,100531,,100661,New Logo,,,,,100796,,,,,100336,,Active Customer,100305,,,,,100393,Payroll,,,100654,,103234
100715,Opportunity,104958,skyler.brooks@sampleco.test,Drew Okafor,2024-08-06 14:11:00,jordan.mercer@acme-fake.test,Noah Mercer,2022-11-06 19:12:00,diego.cohen@demomail.test,Morgan Reyes,2024-05-09 10:20:00,jordan.garcia@examplecorp.test,,2026-01-28 09:09:00,Y,Granite Partners Group - Recruiting,,100309,Proposal Sent,100585,,TAG-9312,100192,LOT-3046,104409,,,,Inbound Call,100440,Active,,,,,,,,100554,,,,,"24,000",,Sofia Patel,100892,,TAG-5873,,New Logo,,,,,100587,,100180,,,100736,,Prospect,100457,,,,,,Consulting,,,100282,,103149
100158,Opportunity,104961,fatima.okafor@sampleco.test,Aisha Reyes,2023-04-18 23:17:00,nina.dorsey@demomail.test,Sofia Ford,2022-10-02 18:01:00,marco.nguyen@examplecorp.test,Reese Patel,2024-08-30 13:07:00,emerson.calder@examplecorp.test,Nina Reyes,2023-05-06 16:13:00,N,Cardinal Dynamics LLC - Managed Services,,100056,Negotiation,100328,,SKU-4104,100667,REF-6080,103422,,,,Inbound Call,,Active,,,,,,,,100686,,"466,016",Standard,100511,"19,199",,Sofia Calder,,100788,,100604,Standard,,,,,100672,,100652,,,100020,,Active Customer,100531,,,,,100457,Payroll,100209,,100104,,
100770,Opportunity,104964,sofia.sloan@acme-fake.test,Chen Brooks,2025-08-20 05:00:00,quinn.sato@acme-fake.test,Fatima Whitfield,2023-06-25 08:26:00,casey.okafor@demomail.test,Noah Larsson,2023-01-23 22:20:00,avery.sloan@demomail.test,,2024-11-17 10:33:00,N,Horizon Group LLC - Managed Services,,100723,Discovery,100142,,LOT-2158,100161,LOT-9490,104638,,,,Inbound Call,100607,Active,,,,,,100800,,100445,,,,100765,"13,856",,Taylor Kim,100851,,LOT-1658,,Renewal,100620,,,,100496,,,,,100366,,Prospect,100530,,,,,,Offshore Team,,,100429,,103694
100051,Opportunity,104967,jamie.mensah@sampleco.test,Fatima Okafor,2026-06-06 03:13:00,avery.reyes@acme-fake.test,Chen Cohen,2024-09-04 11:09:00,diego.whitfield@demomail.test,Quinn Dorsey,2022-12-13 16:16:00,jamie.calder@acme-fake.test,,2025-10-03 20:08:00,Y,Summit Holdings LLP - Managed Services,,100616,Closed Won,100765,,TAG-2688,100042,LOT-7026,102764,,,,Webinar,,Inactive,,,,,,,,,,"193,125",Gamma,,"33,733",1644,Noah Sato,,100569,SKU-2351,100729,Standard,100447,,,,100560,,100454,,,100164,,Active Customer,100673,,,,,100597,Recruiting,100735,,100217,,103921
100485,Opportunity,104968,reese.ford@sampleco.test,Alex Reyes,2023-09-05 03:03:00,fatima.cohen@acme-fake.test,Nina Larsson,2025-02-19 08:16:00,jordan.silva@acme-fake.test,Jamie Sato,2024-10-21 02:56:00,marco.reyes@sampleco.test,Mei Ashby,2025-04-10 13:25:00,N,Lakeside Foods Corp - Managed Services,,,Discovery,100482,,LOT-7621,100679,SKU-6132,103790,,,,Inbound Call,100089,Active,,,,,,,,100587,,"254,080",Alpha,100134,,,Sofia Sloan,101412,100593,TAG-1451,,Enterprise,,,,,100694,,100777,,,100468,,Prospect,100030,,,,,,Staff Augmentation,100658,,100334,,
100796,Opportunity,104969,mei.calder@examplecorp.test,Casey Whitfield,2025-08-29 21:45:00,sofia.ford@examplecorp.test,Arjun Ivanov,2026-03-21 23:45:00,sofia.sloan@demomail.test,Yara Larsson,2023-06-13 06:09:00,mei.mensah@sampleco.test,,2023-01-18 09:57:00,N,Lakeside Logistics Ltd - Recruiting,,100171,Closed Won,100601,,LOT-7094,100209,LOT-4841,102386,,,,Webinar,,Inactive,,,,,,,,,,,,100620,"22,407",,Omar Rossi,101320,100295,,,Renewal,,,,,100248,,,Other,,100681,,Prospect,100467,,,,,100168,Managed Services,100490,,100770,,
100681,Opportunity,104970,elena.patel@examplecorp.test,Quinn Whitfield,2023-07-02 16:38:00,elena.larsson@acme-fake.test,Avery Blake,2023-03-12 00:27:00,casey.sato@sampleco.test,Yara Garcia,2026-02-17 02:40:00,liam.reyes@demomail.test,,2022-11-11 23:17:00,N,Redwood Health LLP - Payroll,,,Discovery,100432,LOT-2377,SKU-9757,100484,SKU-6768,102770,,,,LinkedIn,100073,Active,,,,,,100119,,,,,,100277,,,Marco Kim,100841,100243,TAG-8456,100717,New Logo,,,,,100793,,100585,,,,,Active Customer,100393,,,,,100530,Offshore Team,100103,,100240,,
100099,Opportunity,104973,priya.whitfield@examplecorp.test,Skyler Reyes,2024-10-03 03:49:00,reese.haddad@demomail.test,Yara Sloan,2025-03-20 09:00:00,marco.calder@examplecorp.test,Avery Reyes,2024-02-18 13:39:00,avery.whitfield@examplecorp.test,,2023-07-07 09:37:00,Y,Ironwood Analytics Co - Consulting,,100494,Closed Won,100652,,SKU-3656,100123,LOT-8073,104056,,,,Inbound Call,,Inactive,,,,,,,,100143,,"156,335",,100712,"31,174",,Nina Garcia,101299,100625,LOT-8680,,Renewal,,,,,100459,,100418,,,100628,,Prospect,100585,,,,,100026,Consulting,,,100715,,102132
100110,Opportunity,104974,avery.silva@acme-fake.test,Skyler Reyes,2026-03-26 14:25:00,omar.vance@sampleco.test,Marco Okafor,2024-03-24 18:36:00,marco.cohen@acme-fake.test,Reese Ashby,2023-11-29 16:45:00,reese.haddad@sampleco.test,,2026-05-25 01:10:00,N,Lakeside Systems LLC - Managed Services,,100631,Discovery,100462,,LOT-7339,100479,SKU-1410,,,,,Webinar,100771,Active,,,,,,,,,,"148,726",,100090,"21,136",,Nina Nguyen,,100371,,100333,Renewal,100069,,,,100746,,,,,,,Active Customer,100025,,,,,100223,Back Office,,,100334,,104374
100209,Opportunity,104977,drew.whitfield@sampleco.test,Jordan Okafor,2025-05-23 00:03:00,chen.ashby@sampleco.test,Morgan Haddad,2024-06-27 12:07:00,reese.okafor@acme-fake.test,Marco Rossi,2026-04-17 20:36:00,avery.larsson@acme-fake.test,Quinn Reyes,2024-08-14 22:06:00,Y,Harbor Holdings Group - Offshore Team,,100417,Qualification,100690,REF-9922,LOT-7349,100165,SKU-6220,103273,,,,Inbound Call,100356,Active,,,,,,100313,,100497,,,Alpha,100758,"20,489",8118,Chen Costa,,,,100434,SMB,,,,,100610,,,,,,,Active Customer,100360,,,,,,Staff Augmentation,100449,,100615,,103481
100705,Opportunity,104978,avery.ashby@acme-fake.test,Jamie Nguyen,2022-11-02 21:06:00,aisha.vance@acme-fake.test,Casey Okafor,2023-12-23 09:40:00,jamie.mercer@sampleco.test,Morgan Cohen,2023-02-17 04:42:00,emerson.dorsey@examplecorp.test,,2023-06-29 12:10:00,N,Falcon Financial Inc - Managed Services,,,Closed Lost,100374,,REF-8267,100089,SKU-4808,104565,,,,Website,100286,Inactive,,,,,,,,100649,,"460,773",Standard,100500,"24,904",,Rahul Whitfield,101065,100123,SKU-2001,100182,Standard,,,,,100526,,,,,,,Active Customer,100593,,,,,,Consulting,100712,,100343,,102490
100291,Opportunity,104979,quinn.haddad@acme-fake.test,Casey Vance,2026-06-08 03:40:00,emerson.garcia@examplecorp.test,Drew Okafor,2024-08-13 21:41:00,rowan.brooks@examplecorp.test,Arjun Cohen,2023-12-15 10:47:00,noah.brooks@examplecorp.test,,2024-08-11 16:24:00,N,Delta Media Co - Managed Services,,100403,Closed Won,100115,,REF-6441,100731,TAG-2172,102075,,,,Webinar,100511,Inactive,,,,,,100235,,100168,,"338,255",Standard,,"17,111",,Jamie Vance,101043,,SKU-7132,,Renewal,,,,,100437,,100242,,,100293,,Prospect,100426,,,,,100328,Payroll,100500,,100642,,103212
100205,Opportunity,104980,diego.sato@acme-fake.test,Chen Ashby,2025-08-22 03:34:00,mei.whitfield@acme-fake.test,Casey Ford,2025-08-07 12:00:00,rowan.costa@sampleco.test,Riley Mensah,2023-08-19 17:23:00,avery.whitfield@sampleco.test,,2026-06-12 03:52:00,N,Copper Retail Corp - Back Office,,100770,Closed Won,100014,,REF-5425,100243,SKU-2367,102149,,,,Referral,,Inactive,,,,,,,,100115,,"14,349",Standard,,"9,048",,Avery Brooks,100922,100789,LOT-6057,100798,Standard,100484,,,,100142,,100234,,,100184,,Prospect,100041,,,,,,Back Office,,,100182,,
100290,Opportunity,104981,omar.reyes@sampleco.test,Taylor Patel,2024-06-19 17:59:00,avery.mensah@acme-fake.test,Yara Sato,2026-06-23 12:18:00,emerson.vance@sampleco.test,Sofia Calder,2025-10-27 15:40:00,mei.nguyen@acme-fake.test,,2026-01-12 04:52:00,N,Vertex Holdings Corp - Staff Augmentation,,100235,Qualification,100376,REF-5909,REF-1827,100746,LOT-3831,103258,,,,LinkedIn,100421,Active,,,,,,,,100517,,"411,555",Alpha,100044,"24,104",,Drew Silva,,100731,,,Standard,100520,,,,100784,,100679,,,100637,,Prospect,100413,,,,,100746,Managed Services,100418,,100034,,103849
100291,Opportunity,104984,yara.silva@sampleco.test,Alex Blake,2026-07-10 21:58:00,elena.sato@sampleco.test,Alex Cohen,2026-02-06 12:45:00,liam.sloan@acme-fake.test,Avery Sloan,2025-04-07 07:16:00,quinn.calder@examplecorp.test,,2024-12-20 00:24:00,N,Summit Logistics Group - Payroll,,100522,Closed Won,100229,,LOT-4415,100658,REF-1911,104269,,,,Website,100473,Inactive,,,,,,100172,,100120,,"395,492",,,"1,780",4843,Priya Calder,,100475,SKU-3553,,Enterprise,100622,,,,100094,,,Beta,,,,Prospect,100652,,,,,,Staff Augmentation,,,100025,,
100603,Opportunity,104985,aisha.calder@demomail.test,Skyler Costa,2024-07-10 21:51:00,taylor.brooks@examplecorp.test,Casey Whitfield,2023-06-28 04:27:00,rowan.dorsey@sampleco.test,Avery Okafor,2023-06-25 23:50:00,noah.reyes@acme-fake.test,Casey Reyes,2022-12-24 21:29:00,Y,Meridian Financial Ltd - Payroll,,,Dead,100177,,TAG-4200,100316,,103132,,,,Partner,,Inactive,,,,,,,,,,"296,188",Standard,100722,,,Diego Silva,100946,100656,SKU-8062,,SMB,,,,,100750,,,Alpha,,100161,,Prospect,100456,,,,,,Managed Services,100120,,100164,,
100290,Opportunity,104988,emerson.brooks@acme-fake.test,Chen Ivanov,2025-11-15 07:16:00,mei.reyes@acme-fake.test,Jamie Whitfield,2022-12-14 09:26:00,jordan.cohen@demomail.test,Morgan Ivanov,2024-10-29 10:58:00,sofia.sato@examplecorp.test,,2022-12-25 03:47:00,N,Harbor Partners LLC - Consulting,,100468,Closed Lost,100063,SKU-8394,SKU-3062,100694,TAG-9060,101952,,,,Partner,100248,Inactive,,,,,,,,100053,,,,100173,"35,443",,Nina Reyes,101107,100275,,100319,New Logo,,,,,100309,,100684,Beta,,,,Active Customer,100469,,,,,100117,Staff Augmentation,,,100585,,103769
100272,Opportunity,104991,riley.reyes@acme-fake.test,Casey Rossi,2025-02-20 00:45:00,nina.whitfield@acme-fake.test,Jordan Blake,2025-05-31 22:59:00,mei.mercer@acme-fake.test,Reese Larsson,2026-02-08 00:54:00,nina.sato@acme-fake.test,,2024-01-07 05:37:00,N,Beacon Partners - Back Office,,100123,Closed Lost,100604,,REF-8319,100620,REF-3191,103401,,,,Webinar,100368,Inactive,,,,,,,,100235,,"453,247",Beta,100041,"1,224",2440,Marco Ford,101325,100203,,100523,Renewal,100134,,,,100715,,100738,,,,,Active Customer,100649,,,,,,Staff Augmentation,,,100272,,
100344,Opportunity,104993,skyler.mercer@examplecorp.test,Noah Patel,2023-12-12 16:41:00,avery.sloan@examplecorp.test,Jamie Larsson,2023-01-22 09:42:00,yara.costa@sampleco.test,Omar Mercer,2022-12-21 03:43:00,drew.haddad@examplecorp.test,,2023-09-25 12:50:00,Y,Vertex Retail LLC - Payroll,,100798,Negotiation,100667,,TAG-6178,100686,LOT-6368,103028,,,,Inbound Call,100215,Active,,,,,,100598,,100073,,"347,624",Gamma,100363,"30,508",7062,Quinn Nguyen,100826,,LOT-4640,100479,Renewal,100014,,,,100746,,100437,,,,,Active Customer,100591,,,,,100015,Back Office,,,100142,,104506
100539,Opportunity,104995,emerson.mensah@sampleco.test,Chen Mensah,2023-02-13 01:45:00,rahul.costa@demomail.test,Chen Calder,2024-01-25 07:07:00,priya.blake@examplecorp.test,Liam Cohen,2025-10-18 09:32:00,drew.okafor@acme-fake.test,,2023-02-08 04:22:00,N,Brightpath Media Ltd - Managed Services,,,Proposal Sent,100429,,LOT-1681,100329,SKU-1545,102212,,,,Inbound Call,100610,Active,,,,,,100759,,,,,,100282,"10,136",,Aisha Calder,100877,100037,,100546,New Logo,100184,,,,100563,,,,,100509,,Active Customer,100063,,,,,100734,Consulting,100281,,100573,,103636
100044,Opportunity,104997,marco.dorsey@demomail.test,Diego Sato,2025-05-19 15:06:00,chen.sato@demomail.test,Nina Ashby,2023-02-25 23:00:00,quinn.patel@examplecorp.test,Priya Mensah,2024-06-09 19:35:00,casey.larsson@examplecorp.test,,2025-07-04 07:38:00,N,Delta Partners Corp - Managed Services,,100516,Discovery,100328,,LOT-4077,100245,,103939,,,,Referral,,Active,,,,,,100596,,,,"217,478",,100213,"15,263",,Alex Rossi,101451,100573,LOT-8855,,SMB,,,,,100765,,100309,,,,,Prospect,100382,,,,,100641,Recruiting,100259,,100029,,103628
100290,Opportunity,104999,rahul.larsson@demomail.test,Jamie Ivanov,2026-07-10 17:30:00,diego.mensah@demomail.test,Casey Vance,2025-12-18 12:10:00,reese.vance@demomail.test,Taylor Silva,2023-12-31 14:40:00,nina.kim@acme-fake.test,,2023-12-01 15:35:00,Y,Copper Analytics Group - Payroll,,,Dead,100070,,REF-6444,100376,SKU-6353,104742,,,,Cold Outreach,100142,Inactive,,,,,,100245,,,,"172,426",Delta,100481,,,Sofia Garcia,,,,,Standard,,,,,100672,,100410,,,,,Active Customer,100517,,,,,100574,Payroll,,,100696,,
100440,Opportunity,105001,aisha.silva@acme-fake.test,Fatima Brooks,2024-12-18 15:53:00,omar.ford@sampleco.test,Omar Brooks,2026-03-10 19:38:00,emerson.mercer@sampleco.test,Rowan Okafor,2023-05-24 13:41:00,omar.cohen@sampleco.test,,2023-03-01 13:52:00,N,Delta Systems Group - Back Office,,100340,Closed Won,100344,,LOT-2621,100803,REF-6035,103895,,,,Website,100141,Inactive,,,,,,100220,,,,,Beta,,,,Yara Larsson,,,SKU-5379,,Enterprise,100670,,,,100457,,,,,100235,,Active Customer,100749,,,,,100005,Consulting,,,100302,,102781
100464,Opportunity,105002,morgan.rossi@demomail.test,Casey Okafor,2025-05-14 19:45:00,avery.blake@acme-fake.test,Reese Ivanov,2023-10-19 10:57:00,quinn.okafor@acme-fake.test,Riley Cohen,2026-05-15 16:54:00,morgan.larsson@sampleco.test,,2025-05-23 11:31:00,Y,Granite Systems LLP - Payroll,,,Proposal Sent,100604,,SKU-1710,100020,REF-7872,102594,,,,LinkedIn,,Active,,,,,,100238,,100325,,"137,037",,,"10,201",,Mei Silva,,,SKU-5672,100186,New Logo,,,,,100220,,100462,,,,,Prospect,100158,,,,,,Consulting,100209,,100060,,
100040,Opportunity,105005,jamie.sato@sampleco.test,Aisha Larsson,2022-11-24 17:24:00,mei.cohen@demomail.test,Skyler Mercer,2023-09-08 13:51:00,arjun.blake@sampleco.test,Jordan Garcia,2023-01-28 18:19:00,quinn.haddad@examplecorp.test,,2025-01-09 09:27:00,N,Granite Logistics Corp - Offshore Team,,,Closed Won,100168,REF-9595,TAG-1303,100073,SKU-2201,103849,,,,Inbound Call,100322,Inactive,,,,,,100280,,,,"419,302",Beta,100558,"7,992",,Morgan Rossi,100958,100208,TAG-1185,,Renewal,,,,,100587,,100334,,,100588,,Active Customer,100360,,,,,,Managed Services,,,100066,,101889
100615,Opportunity,105006,arjun.dorsey@acme-fake.test,Emerson Kim,2022-11-18 02:47:00,marco.reyes@examplecorp.test,Drew Patel,2023-04-24 15:24:00,rahul.larsson@sampleco.test,Omar Okafor,2024-02-25 19:50:00,chen.patel@demomail.test,,2023-06-16 02:15:00,N,Cardinal Retail Group - Back Office,,100632,Proposal Sent,100696,,TAG-4955,100305,LOT-7204,103010,,,,Event,,Active,,,,,,,,100443,,,,,"22,660",,Liam Calder,101673,,,100302,New Logo,100182,,,,100615,,100796,Beta,,100538,,Prospect,100076,,,,,,Recruiting,100692,,100352,,104665
100694,Opportunity,105009,jordan.whitfield@examplecorp.test,Rowan Mensah,2023-11-05 17:34:00,casey.whitfield@examplecorp.test,Skyler Sloan,2025-12-21 17:18:00,marco.rossi@examplecorp.test,Diego Larsson,2025-05-15 05:12:00,reese.mercer@examplecorp.test,,2024-03-14 05:25:00,Y,Delta Manufacturing Corp - Staff Augmentation,,100690,Discovery,100029,,SKU-6284,100649,LOT-6645,104047,,,,Inbound Call,100262,Active,,,,,,100582,,100596,,,,100676,"26,610",5485,Riley Silva,101705,,LOT-2736,100097,SMB,100443,,,,100459,,100205,Standard,,100281,,Active Customer,100736,,,,,,Payroll,100139,,100686,,
100487,Opportunity,105010,rahul.sloan@demomail.test,Arjun Ashby,2026-07-04 16:29:00,marco.larsson@acme-fake.test,Elena Sato,2026-01-24 22:25:00,elena.ashby@demomail.test,Emerson Mensah,2026-05-27 16:10:00,sofia.sloan@acme-fake.test,,2024-06-03 05:23:00,N,Harbor Foods LLC - Back Office,,,On Hold,100490,,REF-4473,100616,SKU-9645,103635,,,,Webinar,,Active,,,,,,100334,,100232,,,,,"37,868",,Mei Okafor,101124,,LOT-4371,100353,Enterprise,100016,,,,100376,,100523,,,100259,,Prospect,100395,,,,,100398,Payroll,,,100223,,
100255,Opportunity,105013,alex.blake@sampleco.test,Noah Vance,2023-05-31 02:56:00,rahul.rossi@acme-fake.test,Elena Sato,2024-09-21 03:51:00,casey.costa@sampleco.test,Emerson Silva,2024-08-03 00:28:00,morgan.mensah@sampleco.test,,2026-07-26 19:48:00,N,Copper Energy LLC - Consulting,,100309,Closed Lost,100445,LOT-2555,SKU-3526,100400,SKU-7369,104381,,,,Website,100255,Inactive,,,,,,100440,,100742,,"439,038",Beta,,"16,231",,Nina Vance,101104,100180,,100494,New Logo,100415,,,,100377,,100227,,,100486,,Prospect,100443,,,,,,Offshore Team,100772,,100571,,
100670,Opportunity,105015,arjun.larsson@sampleco.test,Rahul Dorsey,2024-12-02 01:22:00,taylor.dorsey@sampleco.test,Taylor Cohen,2025-05-18 11:12:00,priya.reyes@sampleco.test,Jamie Mercer,2022-10-11 09:46:00,skyler.haddad@examplecorp.test,,2023-09-30 03:28:00,N,Harbor Analytics Ltd - Offshore Team,,100169,Closed Won,100037,,REF-7037,100622,LOT-1049,102256,,,,Website,100265,Inactive,,,,,,,,,,,,100434,"12,033",8581,Chen Dorsey,101010,,SKU-3846,100383,Renewal,100094,,,,100319,,,,,,,Active Customer,100298,,,,,100624,Staff Augmentation,,,100770,,104030
100148,Opportunity,105018,chen.garcia@examplecorp.test,Diego Vance,2023-09-13 06:12:00,noah.mercer@acme-fake.test,Rowan Ford,2026-03-01 08:39:00,reese.vance@demomail.test,Arjun Reyes,2022-10-19 04:41:00,skyler.cohen@examplecorp.test,,2024-03-16 21:30:00,N,Atlas Retail LLP - Staff Augmentation,,,Discovery,100699,,SKU-2486,100497,LOT-2040,103191,,,,Event,100573,Active,,,,,,100356,,,,"63,331",,,,7847,Mei Kim,101097,100025,SKU-5708,100142,New Logo,,,,,100184,,100462,,,,,Prospect,100755,,,,,100455,Payroll,100243,,100224,,104615
100774,Opportunity,105019,omar.garcia@sampleco.test,Emerson Mercer,2024-09-21 08:31:00,noah.calder@sampleco.test,Arjun Mensah,2023-02-17 08:17:00,omar.garcia@examplecorp.test,Reese Blake,2024-07-13 06:13:00,elena.mensah@demomail.test,,2023-10-27 11:04:00,N,Granite Dynamics LLC - Consulting,,100473,Discovery,100184,,SKU-4290,100574,LOT-9189,103175,,,,Referral,100587,Active,,,,,,100208,,100099,,,,100014,"6,307",,Alex Mercer,101737,,REF-4089,100413,New Logo,100371,,,,100290,,,Beta,,,,Prospect,100172,,,,,,Back Office,100538,,100275,,
100786,Opportunity,105020,rowan.patel@sampleco.test,Quinn Kim,2025-04-23 20:50:00,mei.blake@sampleco.test,Casey Silva,2023-09-21 19:13:00,rowan.rossi@demomail.test,Arjun Okafor,2024-01-15 22:40:00,aisha.nguyen@sampleco.test,,2026-03-11 15:58:00,N,Vertex Financial LLC - Recruiting,,100426,Proposal Sent,100265,REF-7700,TAG-4855,100496,TAG-8459,102872,,,,Inbound Call,,Active,,,,,,100736,,100473,,"373,458",Beta,100345,,,Liam Ivanov,101584,,,100432,New Logo,100571,,,,100616,,100363,,,100527,,Prospect,100016,,,,,,Payroll,100622,,100111,,103064
100257,Opportunity,105023,jamie.sato@demomail.test,Marco Dorsey,2025-07-26 07:57:00,emerson.calder@acme-fake.test,Priya Sloan,2024-11-16 02:47:00,reese.nguyen@demomail.test,Chen Kim,2024-10-31 21:09:00,taylor.costa@examplecorp.test,,2024-11-20 12:50:00,Y,Silverline Capital Co - Consulting,,100206,Qualification,100598,,REF-7860,100722,LOT-5788,102428,,,,Webinar,100282,Active,,,,,,100486,,,,"87,574",,,"36,728",,Casey Sato,101073,,LOT-1788,,SMB,100227,,,,100688,,100539,,,100429,,Prospect,100215,,,,,,Staff Augmentation,100734,,100083,,103978
100313,Opportunity,105024,diego.ashby@acme-fake.test,Quinn Haddad,2023-04-21 07:09:00,quinn.sloan@demomail.test,Jamie Haddad,2026-01-20 03:29:00,emerson.cohen@demomail.test,Nina Sato,2023-03-30 12:04:00,riley.patel@acme-fake.test,,2025-08-19 15:03:00,N,Granite Analytics LLP - Staff Augmentation,,,Discovery,100165,,REF-5487,100741,LOT-3608,103912,,,,Partner,100005,Active,,,,,,100670,,100506,,,Beta,100180,,,Aisha Silva,,100275,,100588,SMB,100440,,,,100238,,100126,,,100568,,Active Customer,100615,,,,,100771,Staff Augmentation,,,100475,,
100026,Opportunity,105027,elena.calder@acme-fake.test,Marco Blake,2024-09-08 10:49:00,skyler.sato@examplecorp.test,Mei Calder,2024-05-07 17:38:00,omar.cohen@demomail.test,Mei Nguyen,2022-11-27 19:17:00,emerson.garcia@acme-fake.test,,2023-11-20 11:39:00,Y,Vertex Financial Corp - Managed Services,,,Proposal Sent,100089,,TAG-5416,100588,REF-6644,103341,,,,Website,100800,Active,,,,,,100339,,100122,,"160,190",Other,,,,Drew Kim,101296,100309,,100709,SMB,100418,,,,100518,,100189,,,,,Prospect,100744,,,,,,Consulting,100531,,100146,,
100712,Opportunity,105028,jamie.mensah@demomail.test,Marco Patel,2024-02-06 14:30:00,marco.larsson@demomail.test,Riley Rossi,2025-01-23 04:34:00,chen.kim@acme-fake.test,Mei Larsson,2022-12-12 22:54:00,sofia.brooks@sampleco.test,Quinn Haddad,2025-02-13 18:30:00,N,Horizon Solutions Corp - Recruiting,,,Discovery,100704,,SKU-5422,100426,REF-8353,102709,,,,Inbound Call,,Active,,,,,,,,100517,,"103,395",,100020,"36,102",5769,Jordan Reyes,101058,,,,SMB,,,,,100688,,100673,Beta,,,,Prospect,100426,,,,,,Payroll,,,100388,,102193
100760,Opportunity,105029,aisha.mercer@sampleco.test,Skyler Haddad,2023-09-29 18:32:00,emerson.ashby@examplecorp.test,Arjun Patel,2023-05-29 21:12:00,mei.kim@acme-fake.test,Fatima Vance,2023-10-24 00:00:00,mei.reyes@demomail.test,,2026-01-09 22:24:00,Y,Redwood Dynamics Co - Payroll,,,Closed Lost,100738,,TAG-1785,100503,LOT-1451,102444,,,,Event,100709,Inactive,,,,,,,,,,"355,612",Beta,100291,"39,138",6655,Arjun Mensah,101121,,,100789,Enterprise,100380,,,,100455,,100383,,,100165,,Prospect,100062,,,,,100086,Back Office,100485,,100075,,104344
100360,Opportunity,105031,noah.mercer@examplecorp.test,Taylor Mercer,2025-06-12 14:24:00,jordan.calder@examplecorp.test,Skyler Vance,2025-12-09 15:12:00,avery.costa@demomail.test,Quinn Blake,2024-03-29 05:50:00,drew.ashby@sampleco.test,Fatima Mensah,2024-01-14 00:44:00,Y,Vertex Industries Ltd - Back Office,,,Negotiation,100020,TAG-8343,LOT-2209,100722,SKU-6168,,,,,Event,,Active,,,,,,100479,,100440,,"246,895",,100313,,6483,Arjun Haddad,101044,100128,,100469,SMB,,,,,100601,,,,,100445,,Active Customer,100209,,,,,,Managed Services,100464,,100305,,
100454,Opportunity,105033,taylor.okafor@demomail.test,Taylor Brooks,2026-04-18 08:08:00,quinn.blake@acme-fake.test,Riley Vance,2023-10-12 08:50:00,aisha.mensah@examplecorp.test,Fatima Vance,2023-01-17 15:48:00,jordan.patel@examplecorp.test,Drew Haddad,2026-02-25 14:46:00,Y,Ironwood Media - Payroll,,100705,On Hold,100277,,SKU-1336,100513,REF-4516,102292,,,,Partner,,Active,,,,,,100484,,100607,,"251,084",,100129,,,Jamie Mensah,101086,,,,SMB,100620,,,,100750,,100445,,,100474,,Active Customer,100360,,,,,100169,Back Office,,,100044,,102871
100220,Opportunity,105034,riley.reyes@sampleco.test,Jamie Patel,2025-08-10 22:56:00,taylor.brooks@examplecorp.test,Casey Vance,2025-02-27 05:58:00,sofia.sloan@acme-fake.test,Yara Whitfield,2026-02-12 02:17:00,nina.okafor@acme-fake.test,Taylor Mercer,2024-06-24 15:00:00,N,Keystone Textiles Corp - Consulting,,100421,On Hold,100328,,TAG-9519,100574,TAG-6363,104391,,,,Webinar,100398,Active,,,,,,100494,,100485,,"40,390",,100538,"34,841",6160,Fatima Garcia,,100530,,,Enterprise,100475,,,,100386,,100301,,,,,Prospect,100418,,,,,,Offshore Team,,,100413,Delta,103340
100309,Opportunity,105036,drew.dorsey@demomail.test,Quinn Mensah,2023-09-25 02:12:00,quinn.whitfield@demomail.test,Quinn Kim,2023-08-09 22:20:00,marco.sato@examplecorp.test,Yara Haddad,2023-09-29 07:06:00,reese.mercer@acme-fake.test,,2024-02-06 21:52:00,N,Keystone Manufacturing Co - Offshore Team,,100591,Qualification,100464,,SKU-5441,100481,LOT-2664,101913,,,,Event,,Active,,,,,,100628,,,,,,100658,"35,539",,Morgan Calder,,,TAG-7172,100620,SMB,100788,,,,100234,,100212,,,,,Prospect,100477,,,,,100753,Payroll,100110,,100123,,104641
100291,Opportunity,105037,morgan.okafor@acme-fake.test,Casey Vance,2023-10-21 13:24:00,rowan.rossi@examplecorp.test,Reese Cohen,2023-07-29 02:34:00,taylor.larsson@demomail.test,Avery Nguyen,2025-11-30 16:46:00,elena.haddad@acme-fake.test,,2023-05-14 04:16:00,Y,Northwind Ventures Inc - Consulting,,100079,Proposal Sent,100382,TAG-5484,SKU-9281,100325,,103110,,,,Referral,100704,Active,,,,,,100173,,100142,,"161,841",,100097,"24,846",,Avery Haddad,101705,,TAG-3874,,New Logo,100099,,,,100380,,,,,100111,,Active Customer,100374,,,,,100257,Staff Augmentation,,,100413,,102198
100099,Opportunity,105040,skyler.reyes@sampleco.test,Elena Sloan,2023-01-25 08:43:00,yara.haddad@demomail.test,Nina Costa,2024-11-07 05:15:00,sofia.whitfield@acme-fake.test,Noah Vance,2025-09-23 17:34:00,diego.whitfield@sampleco.test,,2024-10-21 19:32:00,Y,Ironwood Partners Group - Payroll,,100117,Proposal Sent,100503,SKU-4568,LOT-8285,100565,LOT-2480,,,,,Inbound Call,100582,Active,,,,,,,,100302,,"264,475",,100558,"39,570",7528,Arjun Mensah,101628,,REF-4579,100530,Enterprise,,,,,100421,,,,,,,Active Customer,100552,,,,,100625,Payroll,100134,,100128,,103429
100742,Opportunity,105041,quinn.nguyen@examplecorp.test,Jordan Silva,2025-04-29 01:54:00,nina.sato@demomail.test,Mei Rossi,2023-08-24 17:43:00,elena.calder@sampleco.test,Rowan Patel,2024-02-17 18:55:00,rowan.sato@acme-fake.test,,2024-02-29 18:31:00,Y,Falcon Textiles Co - Staff Augmentation,,100146,Closed Won,100161,,REF-9900,100015,REF-5875,102079,,,,Event,100288,Inactive,,,,,,,,100622,,"71,987",Other,,,,Rowan Kim,,,,,SMB,100302,,,,100281,,,,,,,Active Customer,100763,,,,,,Back Office,,,100723,,102072
100568,Opportunity,105044,avery.larsson@demomail.test,Omar Silva,2025-11-02 21:21:00,omar.sloan@examplecorp.test,Morgan Larsson,2026-07-01 15:46:00,priya.mercer@demomail.test,Riley Sato,2024-12-04 23:58:00,arjun.mercer@demomail.test,Liam Kim,2024-12-15 08:25:00,Y,Everest Financial Corp - Offshore Team,,100060,On Hold,100037,SKU-2475,REF-4336,100729,LOT-4738,104147,,,,Website,,Active,,,,,,,,,,,Alpha,,"13,129",,Taylor Vance,,,TAG-7325,100208,SMB,,,,,100649,,100275,,,100601,,Active Customer,100738,,,,,,Managed Services,100799,,100574,,
100722,Opportunity,105047,avery.dorsey@sampleco.test,Jamie Kim,2025-07-30 01:43:00,rahul.haddad@sampleco.test,Jamie Blake,2026-05-11 14:31:00,elena.silva@sampleco.test,Noah Cohen,2025-03-12 04:05:00,omar.whitfield@demomail.test,,2025-02-18 22:23:00,Y,Harbor Textiles LLC - Consulting,,,Discovery,100627,,REF-9187,100177,SKU-3263,103413,,,,Website,,Active,,,,,,100216,,,,"300,770",Gamma,100328,"38,547",,Jordan Mensah,101761,,,100240,SMB,,,,,100014,,100076,,,,,Active Customer,100786,,,,,100295,Offshore Team,100286,,100771,,
100094,Opportunity,105049,sofia.blake@acme-fake.test,Rahul Kim,2023-09-13 12:03:00,reese.garcia@examplecorp.test,Jamie Ford,2026-06-16 09:27:00,morgan.costa@sampleco.test,Skyler Sato,2025-09-28 23:30:00,drew.sato@examplecorp.test,,2023-06-21 09:49:00,N,Blue Ridge Foods LLC - Payroll,,,Closed Won,100454,,LOT-3167,100494,TAG-4947,102462,,,,Cold Outreach,100487,Inactive,,,,,,100398,,100111,,,,,"11,919",,Drew Sato,,100348,TAG-1374,,Renewal,100106,,,,100408,,100293,,,,,Active Customer,100454,,,,,,Back Office,100383,,100217,,102649
100368,Opportunity,105051,arjun.larsson@sampleco.test,Avery Brooks,2025-05-08 14:44:00,chen.ashby@sampleco.test,Jordan Silva,2024-01-06 15:16:00,casey.blake@demomail.test,Reese Cohen,2025-08-17 03:37:00,skyler.larsson@sampleco.test,,2022-12-13 19:00:00,Y,Falcon Group LLC - Recruiting,,,Closed Lost,100613,REF-9215,TAG-7750,100494,LOT-9696,102046,,,,Partner,,Inactive,,,,,,100376,,,,"141,403",,100792,,5203,Riley Costa,,100587,REF-5263,,Standard,100220,,,,100389,,100688,,,,,Active Customer,100056,,,,,,Payroll,,,100715,,102975
100413,Opportunity,105052,sofia.sato@acme-fake.test,Fatima Dorsey,2024-01-25 10:21:00,jamie.mensah@sampleco.test,Marco Brooks,2022-12-02 15:16:00,casey.sloan@examplecorp.test,Chen Sloan,2025-09-11 13:11:00,mei.mercer@sampleco.test,,2025-06-07 05:20:00,N,Harbor Holdings LLC - Consulting,,,Proposal Sent,100676,,TAG-3788,100568,SKU-7257,104498,,,,Website,100382,Active,,,,,,100426,,,,"93,365",,,,,Morgan Vance,101029,100408,,,Renewal,,,,,100103,,100003,,,100449,,Prospect,100229,,,,,,Recruiting,100658,,100224,,
100638,Opportunity,105053,quinn.silva@examplecorp.test,Reese Mensah,2025-03-16 20:09:00,omar.garcia@examplecorp.test,Emerson Sato,2024-02-09 23:09:00,rowan.patel@sampleco.test,Morgan Okafor,2022-11-05 05:06:00,drew.okafor@sampleco.test,,2023-05-26 00:31:00,Y,Meridian Retail LLC - Recruiting,,,Closed Won,100245,,TAG-3762,100615,REF-9425,104726,,,,LinkedIn,100079,Inactive,,,,,,,,100565,,"117,339",,,,2206,Taylor Okafor,,100679,,,Standard,100360,,,,100069,,,,,100069,,Active Customer,100111,,,,,100734,Payroll,,,100348,,
100342,Opportunity,105054,drew.silva@demomail.test,Morgan Ivanov,2026-01-06 06:48:00,reese.okafor@acme-fake.test,Jamie Mercer,2022-10-26 13:00:00,elena.ivanov@examplecorp.test,Marco Patel,2024-04-25 03:32:00,aisha.larsson@acme-fake.test,,2026-01-24 20:58:00,Y,Copper Dynamics Inc - Recruiting,,,Discovery,100526,,TAG-3293,100285,LOT-5454,104404,,,,Event,100030,Active,,,,,,100238,,,,,Standard,,"4,344",9760,Noah Cohen,101636,,TAG-5119,,Standard,100216,,,,100313,,100573,Standard,,,,Prospect,100792,,,,,,Consulting,100251,,100242,,
100542,Opportunity,105056,avery.rossi@demomail.test,Quinn Dorsey,2022-12-15 08:11:00,riley.vance@demomail.test,Emerson Patel,2026-01-05 06:41:00,drew.ivanov@sampleco.test,Skyler Patel,2023-10-31 10:41:00,yara.kim@examplecorp.test,,2026-06-23 12:31:00,N,Ironwood Robotics Inc - Offshore Team,,100389,Dead,100282,LOT-4186,REF-8321,100030,LOT-7502,103173,,,,LinkedIn,100206,Inactive,,,,,,,,100503,,"450,941",,100760,"21,089",,Jamie Nguyen,101523,,TAG-4253,,New Logo,100295,,,,100308,,,,,100352,,Active Customer,100517,,,,,100066,Back Office,,,100418,,
100440,Opportunity,105058,casey.cohen@demomail.test,Avery Mensah,2023-05-22 20:44:00,noah.rossi@examplecorp.test,Rowan Larsson,2025-10-19 11:50:00,quinn.brooks@acme-fake.test,Diego Kim,2023-09-28 10:55:00,taylor.sato@demomail.test,,2026-07-06 10:56:00,Y,Cobalt Partners - Recruiting,,100290,Qualification,100353,SKU-6609,TAG-8313,100370,,103757,,,,Cold Outreach,,Active,,,,,,100234,,100610,,"252,811",Standard,,"28,488",,Nina Kim,,100424,SKU-1888,100234,New Logo,100587,,,,100151,,,,,100445,,Active Customer,100420,,,,,100322,Managed Services,,,100646,,103371
100236,Opportunity,105060,sofia.mercer@acme-fake.test,Omar Whitfield,2025-12-13 06:02:00,elena.silva@demomail.test,Drew Nguyen,2025-10-29 19:09:00,morgan.nguyen@sampleco.test,Emerson Sloan,2026-02-17 05:19:00,marco.ashby@sampleco.test,,2026-07-29 00:17:00,N,Copper Industries Inc - Payroll,,,Discovery,100368,,TAG-3941,100051,TAG-4231,101919,,,,Cold Outreach,,Active,,,,,,,,100652,,,,100360,"22,725",2913,Morgan Brooks,101516,100334,,,Enterprise,100484,,,,100563,,100780,,,,,Prospect,100178,,,,,,Recruiting,100190,,100161,,
100241,Opportunity,105062,skyler.larsson@acme-fake.test,Quinn Kim,2025-06-14 13:55:00,omar.mercer@examplecorp.test,Diego Larsson,2024-11-06 01:31:00,jordan.costa@sampleco.test,Noah Costa,2023-03-18 23:45:00,morgan.sloan@demomail.test,,2023-02-02 16:26:00,Y,Cardinal Financial - Back Office,,,Qualification,100139,LOT-9247,SKU-4221,100793,SKU-4182,104314,,,,Inbound Call,100684,Active,,,,,,100389,,,,"412,773",Standard,,,169,Yara Kim,101604,100391,LOT-3636,,Renewal,,,,,100624,,,,,,,Prospect,100736,,,,,,Managed Services,,,100060,,103409
100195,Opportunity,105064,jordan.rossi@examplecorp.test,Jordan Silva,2024-02-05 11:02:00,jordan.costa@sampleco.test,Rowan Vance,2025-11-06 17:31:00,liam.patel@demomail.test,Emerson Ford,2024-05-23 03:51:00,drew.silva@sampleco.test,,2024-08-14 18:17:00,N,Everest Ventures - Back Office,,100459,Dead,100518,SKU-5565,LOT-8382,100518,REF-9259,104202,,,,Website,100563,Inactive,,,,,,100076,,100702,,,,100269,"5,617",,Casey Garcia,101722,100079,TAG-4804,100153,New Logo,100086,,,,100686,,,,,100417,,Active Customer,100343,,,,,100667,Managed Services,,,100238,,101968
100037,Opportunity,105066,skyler.mercer@demomail.test,Mei Silva,2025-04-23 16:56:00,marco.garcia@acme-fake.test,Skyler Rossi,2024-12-01 14:30:00,jordan.blake@demomail.test,Rowan Calder,2023-02-12 03:09:00,drew.kim@demomail.test,,2025-10-13 07:39:00,N,Pioneer Manufacturing Inc - Staff Augmentation,,,Closed Lost,100481,,TAG-8562,100235,LOT-4126,102573,,,,Webinar,,Inactive,,,,,,100158,,100625,,,Alpha,100110,"33,970",,Drew Cohen,,100280,LOT-1498,100239,Standard,,,,,100376,,,,,100069,,Active Customer,100681,,,,,100126,Consulting,100551,,100391,,104715
100627,Opportunity,105067,elena.sloan@acme-fake.test,Drew Haddad,2023-03-22 17:40:00,diego.cohen@examplecorp.test,Mei Okafor,2026-03-27 07:18:00,yara.dorsey@acme-fake.test,Priya Haddad,2026-01-09 20:06:00,liam.haddad@acme-fake.test,,2025-02-25 16:37:00,N,Redwood Health LLC - Staff Augmentation,,100229,Closed Won,100793,,SKU-4974,100530,SKU-7728,104124,,,,Website,100417,Inactive,,,,,,100531,,,,,Alpha,,"32,720",2190,Avery Dorsey,,,SKU-8951,100786,Renewal,100129,,,,100106,,,,,100023,,Active Customer,100418,,,,,100516,Payroll,,,100410,,
100646,Opportunity,105069,skyler.costa@acme-fake.test,Arjun Mercer,2023-10-26 20:19:00,chen.sato@demomail.test,Noah Vance,2025-03-09 03:39:00,skyler.kim@examplecorp.test,Chen Blake,2026-07-04 06:18:00,riley.larsson@acme-fake.test,,2023-09-04 21:02:00,N,Redwood Analytics Corp - Staff Augmentation,,,Proposal Sent,100305,,LOT-2756,100123,REF-6147,103412,,,,Webinar,,Active,,,,,,100617,,100482,,,,100359,"21,962",,Reese Ashby,101196,,REF-1702,100348,Standard,100539,,,,100142,,100290,,,,,Prospect,100676,,,,,100484,Offshore Team,,,100746,,
100370,Opportunity,105071,rahul.costa@acme-fake.test,Rowan Blake,2024-09-26 01:52:00,nina.cohen@demomail.test,Reese Rossi,2025-04-23 04:48:00,avery.mensah@demomail.test,Marco Vance,2023-06-20 21:38:00,rahul.larsson@demomail.test,,2023-01-16 21:41:00,N,Falcon Financial Co - Staff Augmentation,,100509,Proposal Sent,100164,,TAG-9446,100760,LOT-3747,,,,,Event,100165,Active,,,,,,100774,,100177,,,Other,100239,"26,287",,Jordan Mensah,,,,,SMB,100229,,,,100295,,100410,,,,,Prospect,100735,,,,,100400,Payroll,100136,,100129,,
100664,Opportunity,105072,elena.sato@examplecorp.test,Avery Rossi,2025-08-11 08:40:00,avery.ashby@acme-fake.test,Priya Kim,2025-05-11 01:08:00,arjun.silva@demomail.test,Fatima Silva,2023-01-20 01:56:00,drew.ashby@demomail.test,,2026-06-24 23:19:00,Y,Granite Labs Inc - Consulting,,100542,Dead,100177,,SKU-1855,100683,SKU-9787,102144,,,,Referral,100368,Inactive,,,,,,100405,,100070,,"355,268",Alpha,100729,"10,283",,Omar Ashby,101556,100617,,100316,New Logo,,,,,100789,,100351,,,100679,,Prospect,100189,,,,,100715,Consulting,100331,,100310,,102847
100248,Opportunity,105075,yara.haddad@examplecorp.test,Chen Rossi,2024-08-12 08:48:00,avery.garcia@sampleco.test,Jamie Silva,2026-05-02 14:13:00,marco.dorsey@demomail.test,Jamie Silva,2026-06-19 18:17:00,skyler.okafor@acme-fake.test,,2025-09-29 00:55:00,Y,Silverline Solutions LLP - Payroll,,100393,Discovery,100241,SKU-8734,SKU-1690,100582,LOT-5154,102147,,,,Partner,100086,Active,,,,,,100308,,100498,,,,,,,Emerson Calder,101056,,,,Enterprise,,,,,100715,,100664,,,100517,,Prospect,100440,,,,,,Managed Services,,,100492,,
100796,Opportunity,105078,reese.ivanov@acme-fake.test,Quinn Haddad,2025-11-15 18:14:00,alex.brooks@sampleco.test,Jordan Mercer,2024-10-12 16:23:00,skyler.dorsey@sampleco.test,Mei Cohen,2023-05-06 22:53:00,alex.costa@examplecorp.test,Skyler Kim,2026-01-09 14:12:00,Y,Brightpath Solutions Inc - Payroll,,100638,On Hold,100531,LOT-5388,LOT-5488,100784,REF-9297,103839,,,,Cold Outreach,100555,Active,,,,,,,,,,"386,423",,,"14,429",,Morgan Rossi,101039,100786,,100649,Enterprise,100223,,,,100485,,100729,,,,,Active Customer,100139,,,,,100010,Consulting,,,100429,,
100559,Opportunity,105080,riley.okafor@sampleco.test,Omar Nguyen,2025-04-29 04:23:00,marco.vance@examplecorp.test,Liam Okafor,2023-02-14 22:51:00,liam.calder@acme-fake.test,Chen Sloan,2023-06-13 22:05:00,elena.calder@examplecorp.test,,2022-10-20 17:16:00,N,Vertex Analytics LLP - Payroll,,,Proposal Sent,100169,,REF-1235,100673,REF-3773,102121,,,,Referral,100277,Active,,,,,,,,,,"105,759",Standard,100241,,,Fatima Ivanov,101101,100302,,,Enterprise,100188,,,,100232,,,,,100086,,Prospect,100257,,,,,100788,Payroll,,,100115,,
100161,Opportunity,105081,chen.patel@examplecorp.test,Marco Sato,2026-07-25 21:22:00,rowan.dorsey@acme-fake.test,Marco Whitfield,2026-07-14 21:19:00,fatima.sloan@acme-fake.test,Mei Whitfield,2024-05-02 11:22:00,quinn.ivanov@demomail.test,,2024-04-27 00:34:00,Y,Cardinal Solutions Ltd - Managed Services,,100345,Qualification,100417,SKU-4965,REF-4626,100661,TAG-8668,104273,,,,LinkedIn,,Active,,,,,,,,100518,,,Beta,100454,"30,394",1675,Elena Haddad,100888,100377,TAG-2914,100429,Renewal,100195,,,,100332,,100750,,,,,Active Customer,100654,,,,,100080,Payroll,100485,,100344,,
100172,Opportunity,105084,diego.silva@demomail.test,Reese Kim,2024-08-22 21:54:00,fatima.whitfield@acme-fake.test,Jordan Vance,2025-10-15 11:35:00,marco.rossi@demomail.test,Jamie Cohen,2025-01-31 04:37:00,omar.vance@sampleco.test,,2024-02-16 00:25:00,N,Ironwood Media - Offshore Team,,100771,Negotiation,100715,SKU-1147,REF-5918,100122,REF-9844,103250,,,,Website,,Active,,,,,,,,100705,,"211,635",,100511,"17,512",,Jamie Haddad,100860,,,100413,SMB,,,,,100420,,100192,,,,,Prospect,100772,,,,,,Payroll,,,100634,,
100558,Opportunity,105087,taylor.mensah@acme-fake.test,Sofia Dorsey,2024-05-20 01:21:00,taylor.calder@sampleco.test,Yara Sato,2023-09-03 14:49:00,arjun.okafor@acme-fake.test,Morgan Dorsey,2024-08-29 21:01:00,jamie.garcia@examplecorp.test,,2022-12-09 08:30:00,Y,Pioneer Holdings Ltd - Staff Augmentation,,,Closed Lost,100437,,TAG-7342,100242,LOT-2556,103867,,,,Cold Outreach,,Inactive,,,,,,,,100189,,"383,956",Delta,100107,"5,297",,Priya Silva,,100498,,,SMB,,,,,100683,,100336,,,,,Prospect,100771,,,,,100676,Managed Services,100601,,100492,,
100030,Opportunity,105088,drew.silva@demomail.test,Arjun Ashby,2023-09-25 02:27:00,jamie.larsson@sampleco.test,Sofia Dorsey,2025-11-10 04:54:00,sofia.whitfield@sampleco.test,Jordan Mercer,2025-12-06 00:33:00,omar.silva@acme-fake.test,,2025-10-04 00:26:00,N,Beacon Logistics Inc - Back Office,,100090,Closed Won,100182,,LOT-8768,100134,LOT-5247,102417,,,,Partner,100148,Inactive,,,,,,100382,,100496,,"263,656",Beta,,"29,960",,Aisha Cohen,,,LOT-8779,100189,SMB,100123,,,,100172,,,,,,,Prospect,100631,,,,,,Offshore Team,100661,,100267,,
100377,Opportunity,105089,aisha.mercer@sampleco.test,Yara Blake,2026-05-06 12:31:00,diego.ivanov@sampleco.test,Drew Ivanov,2025-04-09 14:49:00,fatima.nguyen@demomail.test,Quinn Costa,2024-11-05 11:31:00,elena.rossi@examplecorp.test,,2024-02-06 10:55:00,N,Delta Group Co - Payroll,,,Dead,100333,,TAG-5015,100485,SKU-3621,102743,,,,Partner,,Inactive,,,,,,100205,,100717,,"418,422",,,,,Chen Ivanov,101010,100576,,100774,Renewal,,,,,100523,,100128,,,,,Active Customer,100156,,,,,100552,Back Office,100056,,100475,,103369
100389,Opportunity,105092,diego.vance@demomail.test,Chen Nguyen,2025-01-12 00:38:00,priya.brooks@sampleco.test,Diego Ashby,2025-11-29 17:49:00,sofia.haddad@examplecorp.test,Avery Ivanov,2025-08-21 19:04:00,fatima.dorsey@sampleco.test,,2022-12-12 20:05:00,Y,Granite Capital - Payroll,,,Proposal Sent,100720,,REF-4913,100462,REF-2032,103668,,,,LinkedIn,100030,Active,,,,,,,,100620,,"488,477",,100720,"8,681",,Skyler Sloan,101078,100579,,,New Logo,,,,,100424,,100286,,,100487,,Active Customer,100305,,,,,,Back Office,100712,,100667,,102129
100069,Opportunity,105093,taylor.cohen@acme-fake.test,Yara Dorsey,2023-06-16 04:10:00,fatima.reyes@examplecorp.test,Jordan Ashby,2025-01-20 17:53:00,riley.whitfield@demomail.test,Omar Sato,2025-10-04 20:06:00,nina.ivanov@demomail.test,,2026-07-01 12:08:00,N,Harbor Capital Ltd - Payroll,,,Closed Won,100445,,TAG-7088,100741,TAG-8308,104197,,,,Webinar,,Inactive,,,,,,,,,,,,,"11,654",,Noah Silva,,100434,LOT-2460,,Renewal,,,,,100314,,100332,,,,,Prospect,100094,,,,,100180,Back Office,100104,,100063,,104243
100513,Opportunity,105096,taylor.ivanov@sampleco.test,Avery Reyes,2022-10-20 00:47:00,elena.mensah@demomail.test,Emerson Calder,2023-11-14 08:24:00,chen.patel@examplecorp.test,Fatima Rossi,2025-11-12 05:32:00,mei.haddad@acme-fake.test,,2023-05-01 11:36:00,N,Meridian Industries Co - Back Office,,,Qualification,100676,SKU-7426,REF-6304,100056,LOT-8335,102149,,,,Webinar,,Active,,,,,,,,100560,,,Standard,,"4,720",,Marco Reyes,101229,,REF-8396,100742,Renewal,100235,,,,100468,,100670,,,,,Active Customer,100649,,,,,,Recruiting,100530,,100702,,
100148,Opportunity,105098,mei.blake@acme-fake.test,Priya Okafor,2023-07-19 19:12:00,fatima.garcia@acme-fake.test,Reese Sato,2022-11-17 15:04:00,chen.mercer@sampleco.test,Chen Reyes,2024-11-03 20:48:00,chen.haddad@sampleco.test,,2023-12-15 16:31:00,N,Silverline Financial Inc - Consulting,,100530,Negotiation,100205,REF-7145,SKU-5343,100467,LOT-8958,102462,,,,Referral,,Active,,,,,,,,,,"161,444",,,"22,670",,Alex Cohen,,100729,TAG-3194,100494,Enterprise,100494,,,,100259,,100103,,,100158,,Prospect,100106,,,,,100185,Offshore Team,100717,,100625,,104532
100552,Opportunity,105099,skyler.calder@sampleco.test,Skyler Larsson,2026-06-21 22:29:00,sofia.mensah@sampleco.test,Priya Ford,2024-11-22 12:35:00,yara.costa@demomail.test,Mei Silva,2022-12-18 13:07:00,marco.reyes@demomail.test,,2026-04-01 10:25:00,N,Northwind Foods Ltd - Payroll,,,Dead,100571,,SKU-9262,100351,LOT-7580,103632,,,,Event,,Inactive,,,,,,100009,,100176,,"226,136",Beta,100546,"5,103",,Emerson Okafor,101545,100126,,100731,Enterprise,,,,,100227,,100772,,,100445,,Prospect,100014,,,,,100749,Back Office,,,100119,,102108
100722,Opportunity,105101,jamie.kim@sampleco.test,Priya Larsson,2024-01-07 09:28:00,riley.silva@acme-fake.test,Nina Sloan,2022-10-12 17:25:00,aisha.haddad@demomail.test,Diego Reyes,2024-06-30 05:17:00,avery.silva@examplecorp.test,,2024-05-04 15:59:00,N,Meridian Labs Inc - Recruiting,,100694,Closed Lost,100554,,LOT-4753,100156,SKU-8139,103560,,,,Partner,100646,Inactive,,,,,,100542,,100526,,,Beta,100482,,699,Reese Rossi,101325,,REF-5283,100316,New Logo,,,,,100205,,100180,,,100798,,Active Customer,100111,,,,,100353,Back Office,100548,,100205,,104651
100774,Opportunity,105102,nina.brooks@demomail.test,Diego Larsson,2025-05-21 03:15:00,morgan.silva@acme-fake.test,Jordan Okafor,2022-11-20 19:22:00,casey.rossi@acme-fake.test,Noah Nguyen,2023-01-04 02:01:00,yara.rossi@acme-fake.test,,2023-03-15 01:10:00,Y,Everest Energy Co - Consulting,,100291,Closed Lost,100560,LOT-8435,LOT-9152,100548,SKU-9014,101921,,,,Event,100148,Inactive,,,,,,,,100265,,"292,288",,100003,"32,638",553,Aisha Ford,101318,100667,REF-3126,,Renewal,,,,,100555,,100295,,,,,Prospect,100344,,,,,,Staff Augmentation,100168,,100224,,104523
100014,Opportunity,105104,jordan.ashby@acme-fake.test,Skyler Nguyen,2026-03-30 23:07:00,drew.costa@examplecorp.test,Elena Mercer,2025-09-14 09:08:00,liam.dorsey@demomail.test,Mei Okafor,2026-04-15 20:06:00,skyler.cohen@sampleco.test,,2023-03-01 22:04:00,Y,Brightpath Manufacturing Ltd - Offshore Team,,100649,Discovery,100310,,REF-4694,100490,LOT-5237,103594,,,,LinkedIn,,Active,,,,,,100542,,100467,,,,,"17,828",8022,Emerson Ford,,,,100049,Enterprise,,,,,100353,,100156,,,100352,,Prospect,100026,,,,,,Offshore Team,,,100079,,104335
100029,Opportunity,105105,taylor.garcia@examplecorp.test,Jamie Reyes,2024-06-27 18:02:00,jordan.haddad@sampleco.test,Quinn Dorsey,2026-02-16 20:14:00,diego.haddad@examplecorp.test,Mei Haddad,2026-06-09 18:41:00,arjun.larsson@examplecorp.test,,2025-01-11 04:54:00,Y,Pioneer Industries - Recruiting,,,Closed Won,100632,LOT-9911,REF-4076,100559,LOT-3532,102714,,,,Inbound Call,100664,Inactive,,,,,,,,,,"489,873",Other,,,,Reese Blake,101375,,REF-7805,100185,New Logo,100301,,,,100139,,,Gamma,,100487,,Prospect,100551,,,,,100468,Payroll,,,100374,,104411
100620,Opportunity,105108,liam.costa@examplecorp.test,Noah Silva,2024-02-17 13:59:00,morgan.okafor@sampleco.test,Yara Okafor,2024-10-02 13:29:00,yara.nguyen@demomail.test,Nina Silva,2026-05-09 12:25:00,drew.sloan@sampleco.test,,2022-10-13 10:32:00,N,Beacon Industries Inc - Recruiting,,100517,Dead,100672,SKU-9295,REF-6639,100554,SKU-8140,104146,,,,Event,,Inactive,,,,,,100076,,,,"47,479",,100023,"24,312",,Sofia Dorsey,,,,100161,SMB,100101,,,,100596,,,,,100243,,Active Customer,100360,,,,,100421,Managed Services,100685,,100456,,103105
100702,Opportunity,105111,casey.kim@demomail.test,Avery Ivanov,2025-10-13 08:04:00,taylor.mensah@acme-fake.test,Yara Whitfield,2025-12-23 11:18:00,sofia.nguyen@demomail.test,Rowan Whitfield,2022-11-19 03:21:00,noah.brooks@acme-fake.test,,2024-03-05 11:22:00,N,Falcon Dynamics - Offshore Team,,100101,Negotiation,100298,,LOT-3125,100343,LOT-8138,104568,,,,Website,100172,Active,,,,,,,,100123,,,,,,4881,Morgan Kim,,,TAG-4036,,New Logo,100742,,,,100522,,100542,,,100555,,Active Customer,100265,,,,,100223,Managed Services,100220,,100058,,104243
100168,Opportunity,105112,mei.mercer@sampleco.test,Sofia Silva,2025-06-24 04:09:00,aisha.garcia@acme-fake.test,Taylor Nguyen,2026-04-27 18:05:00,casey.whitfield@acme-fake.test,Rowan Cohen,2025-01-27 08:54:00,noah.reyes@examplecorp.test,,2026-02-13 09:23:00,N,Harbor Group Co - Staff Augmentation,,100251,Discovery,100063,,REF-1923,100734,LOT-9469,104759,,,,Website,,Active,,,,,,100255,,100782,,"47,415",,100168,"13,081",8588,Noah Costa,100891,100195,TAG-7368,100192,SMB,,,,,100195,,100255,Delta,,100598,,Prospect,100235,,,,,100386,Offshore Team,100470,,100413,,
100543,Opportunity,105115,taylor.okafor@acme-fake.test,Marco Whitfield,2023-06-16 03:48:00,mei.kim@acme-fake.test,Liam Mensah,2025-07-13 19:15:00,skyler.vance@sampleco.test,Sofia Blake,2025-06-13 04:41:00,elena.kim@examplecorp.test,,2024-08-24 10:03:00,N,Meridian Energy Inc - Back Office,,100490,Closed Won,100400,SKU-8959,SKU-8945,100417,REF-5225,102645,,,,Referral,100734,Inactive,,,,,,,,100503,,"191,277",Alpha,,"31,924",,Casey Kim,101215,100208,TAG-8998,,Standard,,,,,100410,,100500,,,100113,,Active Customer,100692,,,,,,Staff Augmentation,,,100464,,
100329,Opportunity,105117,noah.whitfield@acme-fake.test,Riley Cohen,2024-05-07 08:07:00,liam.haddad@sampleco.test,Emerson Larsson,2024-09-05 05:23:00,quinn.mensah@sampleco.test,Liam Nguyen,2026-02-16 05:49:00,mei.ivanov@demomail.test,Elena Nguyen,2025-04-09 19:45:00,N,Brightpath Financial Ltd - Managed Services,,100395,Discovery,100136,,SKU-7775,100749,SKU-2296,102151,,,,Inbound Call,100178,Active,,,,,,100457,,100243,,"42,932",,100009,"12,805",,Nina Sato,101245,100101,LOT-8203,100726,New Logo,100649,,,,100786,,100151,,,100391,,Prospect,100554,,,,,,Managed Services,100421,,100177,,104061
100060,Opportunity,105120,emerson.whitfield@demomail.test,Jamie Reyes,2023-11-15 14:57:00,rahul.nguyen@acme-fake.test,Mei Garcia,2025-08-10 19:35:00,jordan.ford@acme-fake.test,Chen Larsson,2026-07-22 03:17:00,yara.kim@sampleco.test,,2023-05-30 17:41:00,N,Copper Media Corp - Recruiting,,,Discovery,100459,,LOT-8670,100172,REF-3114,103817,,,,Partner,,Active,,,,,,,,100269,,"453,678",,100259,"30,360",3536,Priya Vance,101616,,,100180,Standard,100610,,,,100314,,,,,,,Active Customer,100224,,,,,,Recruiting,100110,,100624,,102560
100646,Opportunity,105123,noah.rossi@acme-fake.test,Marco Vance,2024-08-12 17:31:00,aisha.dorsey@sampleco.test,Diego Kim,2023-01-16 17:44:00,noah.dorsey@examplecorp.test,Liam Kim,2023-05-08 12:03:00,fatima.cohen@demomail.test,,2022-12-10 11:23:00,N,Pioneer Partners Ltd - Recruiting,,,Closed Won,100523,,SKU-8847,100598,REF-1885,101958,,,,Event,100267,Inactive,,,,,,,,100692,,"158,451",Other,100291,,,Elena Patel,100979,,LOT-6126,100782,SMB,,,,,100091,,,,,100490,,Prospect,100111,,,,,100576,Payroll,,,100734,,104235
100213,Opportunity,105125,rahul.kim@sampleco.test,Yara Rossi,2026-03-05 03:46:00,reese.vance@examplecorp.test,Chen Kim,2023-06-01 04:29:00,casey.cohen@examplecorp.test,Aisha Ivanov,2023-11-10 08:02:00,liam.vance@demomail.test,,2024-05-28 17:21:00,Y,Atlas Labs LLC - Consulting,,,Closed Won,100238,,REF-2627,100151,SKU-2426,103776,,,,Partner,100731,Inactive,,,,,,100110,,100670,,,,,,,Jordan Kim,100867,100738,REF-8986,,Enterprise,100053,,,,100417,,100374,,,,,Active Customer,100076,,,,,100539,Payroll,100132,,100620,,103799
100715,Opportunity,105127,liam.ford@demomail.test,Fatima Vance,2025-01-01 07:49:00,elena.ivanov@examplecorp.test,Noah Costa,2025-10-26 05:55:00,yara.ivanov@sampleco.test,Emerson Brooks,2022-10-23 10:47:00,mei.calder@examplecorp.test,,2024-05-05 01:35:00,N,Granite Manufacturing - Back Office,,100424,Closed Won,100408,SKU-5992,LOT-6215,100673,TAG-1529,102205,,,,Cold Outreach,100239,Inactive,,,,,,,,100587,,,Delta,100518,"35,878",7259,Rahul Rossi,101071,100726,,,Enterprise,100746,,,,100141,,,Alpha,,100188,,Active Customer,100368,,,,,100620,Consulting,,,100420,,103710
100475,Opportunity,105128,rahul.nguyen@acme-fake.test,Casey Mercer,2025-04-13 04:46:00,avery.sloan@demomail.test,Morgan Sloan,2024-01-21 02:39:00,avery.mercer@sampleco.test,Elena Nguyen,2025-03-25 05:07:00,morgan.sloan@demomail.test,,2023-03-02 11:05:00,N,Lakeside Holdings Co - Consulting,,100786,Proposal Sent,100617,LOT-1931,TAG-8764,100468,REF-6298,104613,,,,Cold Outreach,100642,Active,,,,,,,,100352,,,Alpha,100408,"36,900",,Elena Kim,,100205,,100468,Enterprise,100546,,,,100189,,,,,,,Prospect,100374,,,,,100587,Payroll,,,100750,,102850
100241,Opportunity,105129,rahul.calder@sampleco.test,Chen Larsson,2024-06-20 21:06:00,alex.sato@examplecorp.test,Emerson Rossi,2026-04-28 00:00:00,arjun.okafor@demomail.test,Elena Larsson,2022-11-07 13:43:00,fatima.brooks@examplecorp.test,,2024-09-25 00:16:00,Y,Evergreen Health LLP - Offshore Team,,,Qualification,100786,,TAG-4507,100410,LOT-2765,102302,,,,Referral,,Active,,,,,,100070,,100765,,,,,"12,325",5312,Rahul Garcia,101116,100565,REF-1722,100413,SMB,100532,,,,100316,,100356,,,,,Active Customer,100025,,,,,100176,Consulting,,,100800,,
100305,Opportunity,105130,priya.kim@acme-fake.test,Rahul Calder,2024-04-10 13:38:00,rahul.brooks@examplecorp.test,Priya Ivanov,2023-07-29 16:01:00,avery.mensah@acme-fake.test,Elena Rossi,2023-03-12 16:27:00,fatima.calder@demomail.test,,2026-03-15 20:16:00,Y,Ironwood Group LLP - Consulting,,,Negotiation,100656,,LOT-7092,100496,TAG-8174,103010,,,,Referral,100683,Active,,,,,,100563,,,,"142,030",,100080,"31,558",,Morgan Cohen,101557,100217,,,Renewal,,,,,100579,,100464,Standard,,,,Prospect,100796,,,,,,Managed Services,100089,,100111,,
100498,Opportunity,105132,chen.garcia@acme-fake.test,Diego Okafor,2025-12-29 01:39:00,reese.haddad@acme-fake.test,Elena Costa,2022-12-13 13:21:00,avery.dorsey@acme-fake.test,Alex Okafor,2022-10-28 22:59:00,chen.vance@sampleco.test,,2024-01-27 21:08:00,Y,Meridian Analytics Group - Offshore Team,,100591,Proposal Sent,100661,,SKU-8618,100569,SKU-3284,104756,,,,Cold Outreach,,Active,,,,,,,,,,,,100631,"4,731",,Fatima Silva,101164,100169,,,New Logo,,,,,100215,,,,,,,Prospect,100405,,,,,100746,Back Office,,,100462,,104390
100173,Opportunity,105135,aisha.kim@examplecorp.test,Riley Mercer,2024-05-17 01:40:00,jamie.sloan@demomail.test,Mei Haddad,2024-12-30 12:26:00,rahul.blake@sampleco.test,Taylor Sloan,2025-08-15 08:13:00,chen.cohen@acme-fake.test,Alex Rossi,2026-02-09 23:58:00,Y,Ironwood Financial LLP - Staff Augmentation,,,Discovery,100576,,LOT-2484,100432,SKU-2982,103505,,,,Partner,100314,Active,,,,,,100209,,,,,Alpha,100538,,2657,Nina Larsson,,100309,,100735,New Logo,100205,,,,100654,,,,,,,Active Customer,100005,,,,,,Staff Augmentation,100481,,100559,,
100075,Opportunity,105136,nina.cohen@examplecorp.test,Skyler Ashby,2022-11-11 17:46:00,noah.silva@demomail.test,Sofia Silva,2026-04-29 06:45:00,chen.mensah@acme-fake.test,Arjun Larsson,2025-09-10 08:38:00,elena.garcia@demomail.test,Emerson Brooks,2024-07-26 07:06:00,N,Blue Ridge Partners LLP - Consulting,,,Discovery,100291,SKU-1622,REF-8235,100255,LOT-3057,104799,,,,Cold Outreach,100597,Active,,,,,,,,,,"346,326",Standard,100421,,8192,Drew Nguyen,100829,100248,SKU-4920,100415,Standard,100482,,,,100509,,100333,Alpha,,,,Active Customer,100598,,,,,100356,Back Office,,,100723,,104593
100012,Opportunity,105137,fatima.rossi@acme-fake.test,Alex Nguyen,2025-09-08 17:55:00,morgan.patel@sampleco.test,Chen Sloan,2025-01-14 19:49:00,aisha.dorsey@acme-fake.test,Rahul Reyes,2025-01-17 03:41:00,emerson.garcia@demomail.test,Elena Mensah,2024-01-17 07:31:00,N,Summit Manufacturing Inc - Consulting,,,Qualification,100464,LOT-3474,LOT-9689,100696,SKU-7861,104656,,,,Referral,100014,Active,,,,,,100543,,,,"35,037",Gamma,100216,"15,448",,Noah Patel,101071,100517,,100251,SMB,100569,,,,100025,,100328,Other,,,,Active Customer,100770,,,,,100673,Payroll,100288,,100686,,104527
100239,Opportunity,105139,rowan.rossi@acme-fake.test,Drew Larsson,2024-04-06 18:17:00,rahul.calder@examplecorp.test,Fatima Cohen,2024-10-09 04:50:00,morgan.sloan@acme-fake.test,Reese Ivanov,2023-03-20 09:41:00,marco.sato@sampleco.test,,2025-12-18 18:57:00,N,Granite Media Co - Managed Services,,,Qualification,100164,,TAG-5003,100760,,102536,,,,Inbound Call,100329,Active,,,,,,100447,,,,"324,177",,,"11,208",,Jamie Mercer,101319,,,,SMB,,,,,100770,,,,,,,Active Customer,100498,,,,,,Back Office,100220,,100208,,104043
100426,Opportunity,105142,riley.rossi@sampleco.test,Morgan Mensah,2023-08-05 12:41:00,rahul.mercer@examplecorp.test,Aisha Mensah,2024-01-14 10:55:00,quinn.okafor@demomail.test,Mei Larsson,2025-01-16 16:42:00,emerson.ivanov@demomail.test,,2023-07-02 19:22:00,Y,Delta Manufacturing Corp - Payroll,,,Proposal Sent,100215,,TAG-8714,100742,LOT-9377,103269,,,,LinkedIn,100452,Active,,,,,,100136,,,,,,100720,"27,090",,Drew Sato,101651,,SKU-1139,100569,Renewal,100603,,,,100511,,,,,100104,,Active Customer,100153,,,,,,Staff Augmentation,,,100099,,103187
100197,Opportunity,105145,nina.larsson@acme-fake.test,Drew Brooks,2024-10-01 22:12:00,elena.okafor@examplecorp.test,Jordan Sloan,2025-03-05 17:29:00,chen.garcia@demomail.test,Liam Nguyen,2026-02-07 21:41:00,taylor.sloan@sampleco.test,,2026-03-15 19:17:00,N,Silverline Financial Group - Recruiting,,100506,Closed Lost,100664,TAG-7052,REF-9583,100345,LOT-7443,102757,,,,LinkedIn,,Inactive,,,,,,100676,,100122,,"333,376",,100670,,,Liam Ford,101560,100457,,,Standard,,,,,100097,,100704,,,100418,,Prospect,100449,,,,,100063,Back Office,100625,,100582,,
100517,Opportunity,105147,diego.kim@demomail.test,Chen Whitfield,2023-07-25 18:50:00,morgan.ford@sampleco.test,Diego Larsson,2026-03-05 18:50:00,alex.blake@acme-fake.test,Emerson Mercer,2024-01-01 07:32:00,casey.ivanov@acme-fake.test,,2024-04-13 21:38:00,Y,Brightpath Holdings - Payroll,,100624,Dead,100467,TAG-2382,REF-6078,100128,LOT-9459,102402,,,,Website,,Inactive,,,,,,100014,,100664,,"103,758",Other,100468,"1,701",2379,Jamie Calder,,100374,REF-2079,,Enterprise,,,,,100469,,,Standard,,100686,,Active Customer,100060,,,,,100726,Back Office,,,100486,,
100217,Opportunity,105149,noah.garcia@acme-fake.test,Morgan Calder,2025-08-01 08:28:00,drew.reyes@sampleco.test,Arjun Reyes,2024-07-14 17:22:00,rowan.dorsey@examplecorp.test,Rahul Sato,2024-01-31 08:30:00,rowan.costa@sampleco.test,,2024-10-17 03:33:00,N,Beacon Financial - Recruiting,,100685,Negotiation,100229,,SKU-8474,100080,REF-6335,103314,,,,Inbound Call,100227,Active,,,,,,100363,,100408,,,Gamma,,"12,601",2398,Emerson Sato,100826,,,100080,Standard,100040,,,,100180,,100073,,,100389,,Active Customer,100120,,,,,,Back Office,100767,,100603,,102002
100192,Opportunity,105150,drew.mercer@examplecorp.test,Skyler Vance,2023-08-17 02:10:00,avery.larsson@demomail.test,Riley Okafor,2023-06-08 23:21:00,omar.mensah@sampleco.test,Sofia Sato,2022-11-08 13:58:00,casey.sato@demomail.test,,2025-04-15 10:23:00,N,Lakeside Dynamics Corp - Consulting,,100576,Qualification,100722,,REF-4294,100040,SKU-1195,104800,,,,Webinar,,Active,,,,,,100319,,100424,,"24,478",Delta,,"3,649",,Alex Ashby,101447,,TAG-4298,,SMB,100205,,,,100251,,,,,100009,,Active Customer,100389,,,,,100496,Offshore Team,100168,,100481,Alpha,102778
100148,Opportunity,105151,alex.sloan@sampleco.test,Avery Rossi,2024-01-26 23:27:00,aisha.kim@sampleco.test,Aisha Larsson,2023-08-22 22:19:00,quinn.sloan@acme-fake.test,Quinn Reyes,2025-10-19 20:15:00,jamie.reyes@sampleco.test,,2025-07-01 08:24:00,N,Atlas Energy Corp - Recruiting,,,Discovery,100598,,REF-9866,100113,LOT-6732,101920,,,,Referral,100445,Active,,,,,,100793,,100208,,,Beta,100715,"22,859",,Jordan Ashby,101523,100298,,,SMB,100134,,,,100075,,,,,,,Active Customer,100295,,,,,,Offshore Team,,,100359,,
100742,Opportunity,105152,chen.costa@demomail.test,Drew Ashby,2025-10-25 18:04:00,mei.ashby@demomail.test,Avery Vance,2024-02-22 08:17:00,jordan.blake@examplecorp.test,Marco Sato,2023-07-17 15:44:00,avery.ashby@acme-fake.test,,2022-10-07 09:13:00,N,Summit Health LLP - Consulting,,,Negotiation,100005,,TAG-7295,100445,SKU-5518,103574,,,,Inbound Call,100420,Active,,,,,,,,,,,,,"37,476",6818,Reese Larsson,,,TAG-7715,100418,Standard,100405,,,,100784,,100366,,,100288,,Active Customer,100272,,,,,,Managed Services,,,100735,,104119
100485,Opportunity,105154,fatima.mensah@acme-fake.test,Aisha Nguyen,2022-10-24 06:57:00,rahul.ivanov@demomail.test,Skyler Cohen,2024-09-03 07:31:00,drew.brooks@sampleco.test,Liam Cohen,2024-06-23 18:04:00,riley.nguyen@acme-fake.test,,2024-03-28 15:43:00,N,Blue Ridge Financial Inc - Offshore Team,,,Qualification,100094,,LOT-9202,100238,LOT-9140,102965,,,,Cold Outreach,100393,Active,,,,,,,,100240,,"436,853",Gamma,100517,"25,972",,Priya Rossi,,,,,SMB,100503,,,,100262,,100136,,,100190,,Active Customer,100309,,,,,,Staff Augmentation,100749,,100062,,
100654,Opportunity,105157,reese.vance@examplecorp.test,Emerson Nguyen,2022-11-06 15:55:00,taylor.ashby@examplecorp.test,Priya Mercer,2025-11-17 00:07:00,riley.calder@acme-fake.test,Skyler Mercer,2023-03-29 22:51:00,casey.okafor@demomail.test,,2024-10-10 02:18:00,Y,Ironwood Health Group - Managed Services,,,Qualification,100336,,LOT-3528,100236,SKU-3785,103357,,,,Partner,,Active,,,,,,100212,,,,,,,"7,564",3671,Mei Sloan,101221,100616,,100097,Renewal,100742,,,,100383,,,,,,,Active Customer,100319,,,,,100046,Managed Services,100607,,100420,Delta,103269
100690,Opportunity,105159,noah.sato@sampleco.test,Nina Dorsey,2023-06-16 20:00:00,jamie.sato@acme-fake.test,Reese Sato,2022-11-01 13:51:00,omar.mercer@demomail.test,Nina Okafor,2024-06-12 02:40:00,morgan.blake@sampleco.test,,2025-06-24 17:17:00,N,Silverline Energy Inc - Consulting,,,Closed Won,100767,,REF-2925,100382,LOT-1916,102960,,,,Website,100735,Inactive,,,,,,100171,,100208,,"236,073",Gamma,100044,"38,360",9318,Jamie Sloan,,100624,TAG-4976,,Enterprise,,,,,100316,,,Standard,,,,Active Customer,100188,,,,,,Back Office,,,100568,,104248
100272,Opportunity,105161,noah.costa@acme-fake.test,Taylor Mensah,2023-09-27 03:13:00,nina.cohen@demomail.test,Omar Kim,2026-04-21 10:17:00,liam.sloan@sampleco.test,Avery Whitfield,2026-02-11 06:37:00,noah.sato@demomail.test,,2026-07-23 22:52:00,N,Keystone Partners Corp - Staff Augmentation,,,Proposal Sent,100741,,LOT-6322,100579,SKU-5937,102417,,,,Cold Outreach,100563,Active,,,,,,100661,,100616,,"313,371",,100277,"6,081",,Taylor Mercer,101501,100582,,100267,Standard,,,,,100637,,100420,Standard,,100090,,Prospect,100014,,,,,100800,Offshore Team,100738,,100066,,
100649,Opportunity,105163,aisha.costa@examplecorp.test,Fatima Ford,2026-06-03 05:26:00,jordan.sato@acme-fake.test,Riley Larsson,2025-07-09 23:08:00,riley.sloan@demomail.test,Quinn Ivanov,2023-10-26 07:06:00,emerson.mensah@sampleco.test,,2023-08-09 22:56:00,N,Blue Ridge Networks Corp - Managed Services,,,Discovery,100758,,LOT-9641,100789,LOT-9344,103736,,,,LinkedIn,100598,Active,,,,,,,,,,"83,621",,100352,"2,910",,Taylor Patel,100933,,,100511,Enterprise,100333,,,,100104,,,,,,,Prospect,100235,,,,,,Back Office,100628,,100371,,
100030,Opportunity,105166,emerson.mensah@examplecorp.test,Riley Patel,2026-04-16 11:22:00,arjun.ashby@acme-fake.test,Jamie Whitfield,2024-10-19 16:22:00,chen.haddad@examplecorp.test,Morgan Sloan,2024-09-02 05:16:00,drew.okafor@examplecorp.test,,2025-04-19 20:27:00,Y,Brightpath Dynamics - Payroll,,,Qualification,100345,SKU-9478,SKU-6388,100339,TAG-5896,104235,,,,Website,100615,Active,,,,,,100403,,,,,Standard,,"38,001",,Omar Nguyen,101407,100490,TAG-3021,100010,SMB,,,,,100789,,100368,Alpha,,,,Active Customer,100143,,,,,,Offshore Team,100603,,100239,,
100535,Opportunity,105168,jamie.dorsey@demomail.test,Jordan Vance,2023-08-20 01:19:00,drew.patel@examplecorp.test,Arjun Mercer,2025-07-23 08:54:00,reese.sloan@sampleco.test,Alex Ford,2025-05-13 13:03:00,emerson.whitfield@acme-fake.test,,2024-01-17 08:19:00,Y,Redwood Industries LLC - Recruiting,,,Proposal Sent,100656,TAG-1806,REF-9562,100063,REF-2227,104751,,,,Referral,100322,Active,,,,,,100008,,100588,,"339,782",Other,,"26,563",4515,Diego Okafor,,,,100482,Standard,100720,,,,100617,,100558,,,,,Active Customer,100684,,,,,100410,Consulting,100760,,100240,,102367
100169,Opportunity,105171,taylor.patel@examplecorp.test,Jordan Mensah,2024-10-11 04:20:00,elena.okafor@examplecorp.test,Arjun Kim,2026-05-16 04:10:00,nina.larsson@examplecorp.test,Morgan Garcia,2024-12-03 02:30:00,aisha.garcia@sampleco.test,,2024-03-16 20:39:00,N,Atlas Partners LLC - Recruiting,,,Proposal Sent,100588,,TAG-3715,100772,REF-7484,102216,,,,Webinar,100410,Active,,,,,,,,,,"72,791",Gamma,100571,"22,683",958,Rowan Sato,101604,100267,REF-8967,,New Logo,100746,,,,100212,,,,,,,Active Customer,100474,,,,,100413,Recruiting,100322,,100215,,103030
100136,Opportunity,105172,riley.kim@sampleco.test,Fatima Vance,2023-09-08 06:27:00,yara.larsson@acme-fake.test,Taylor Costa,2023-11-21 12:06:00,drew.sloan@demomail.test,Arjun Nguyen,2025-06-06 16:39:00,yara.sloan@acme-fake.test,,2024-11-18 16:53:00,Y,Redwood Industries LLP - Consulting,,100792,Dead,100417,,TAG-7217,100601,REF-2981,103719,,,,LinkedIn,100530,Inactive,,,,,,,,100486,,"416,375",Beta,100172,"27,175",1697,Rahul Nguyen,,100395,,,Enterprise,100568,,,,100322,,100772,Other,,100555,,Active Customer,100058,,,,,,Offshore Team,100286,,100269,,102449
100023,Opportunity,105174,fatima.brooks@sampleco.test,Omar Mercer,2024-07-20 08:22:00,nina.larsson@examplecorp.test,Aisha Ford,2023-03-16 08:17:00,casey.calder@demomail.test,Omar Ford,2023-09-27 20:49:00,taylor.silva@acme-fake.test,,2022-12-14 22:56:00,Y,Keystone Textiles - Recruiting,,,Proposal Sent,100538,,LOT-4599,100415,REF-4935,103527,,,,Partner,,Active,,,,,,100593,,,,,,100542,"10,079",,Yara Sato,101557,,,100542,SMB,100008,,,,100034,,,,,100530,,Active Customer,100030,,,,,100759,Managed Services,100063,,100079,,103039
100658,Opportunity,105177,avery.larsson@demomail.test,Chen Okafor,2023-06-02 20:17:00,rahul.cohen@sampleco.test,Sofia Dorsey,2024-06-30 10:19:00,chen.dorsey@examplecorp.test,Aisha Costa,2026-07-19 02:35:00,emerson.sloan@examplecorp.test,,2022-12-03 18:42:00,Y,Harbor Logistics Ltd - Offshore Team,,100156,Closed Lost,100164,,TAG-7854,100735,SKU-2734,104042,,,,LinkedIn,,Inactive,,,,,,100376,,100290,,,,,"28,446",1402,Riley Dorsey,101645,100771,REF-2215,,New Logo,100148,,,,100672,,,,,,,Active Customer,100371,,,,,,Recruiting,100165,,100530,,103278
100403,Opportunity,105180,morgan.brooks@demomail.test,Chen Silva,2022-11-01 21:23:00,avery.okafor@acme-fake.test,Casey Vance,2025-01-31 10:55:00,avery.okafor@examplecorp.test,Yara Calder,2024-01-02 09:24:00,aisha.cohen@sampleco.test,,2023-03-25 10:05:00,N,Silverline Analytics LLP - Back Office,,100086,Closed Lost,100012,,REF-8447,100242,REF-5719,104812,,,,Inbound Call,100192,Inactive,,,,,,,,100459,,,Standard,100546,"27,579",,Elena Nguyen,101584,,TAG-3250,100177,Standard,100280,,,,100642,,100086,,,100694,,Prospect,100576,,,,,100123,Consulting,100552,,100418,,
100432,Opportunity,105181,quinn.ivanov@sampleco.test,Morgan Dorsey,2024-02-17 05:42:00,casey.okafor@demomail.test,Chen Sloan,2024-06-30 01:14:00,aisha.silva@examplecorp.test,Casey Patel,2024-01-17 01:34:00,arjun.silva@examplecorp.test,,2024-04-25 20:36:00,Y,Atlas Holdings LLC - Recruiting,,100601,Dead,100708,,TAG-2706,100479,TAG-7939,103269,,,,Inbound Call,100622,Inactive,,,,,,100434,,100148,,,,100459,"1,349",2925,Reese Mensah,,,TAG-6564,,Enterprise,100107,,,,100310,,100281,,,100688,,Active Customer,100351,,,,,100568,Offshore Team,100185,,100615,,
100042,Opportunity,105182,rahul.vance@acme-fake.test,Casey Sloan,2024-07-19 17:36:00,jamie.sloan@sampleco.test,Omar Ivanov,2024-07-01 18:08:00,reese.dorsey@acme-fake.test,Riley Blake,2025-01-09 09:09:00,aisha.ford@demomail.test,,2025-02-19 11:41:00,N,Blue Ridge Labs Co - Payroll,,100376,Qualification,100516,,SKU-8754,100506,SKU-1965,103023,,,,Partner,100267,Active,,,,,,100777,,100523,,,,,"38,057",,Riley Sloan,100839,,LOT-5081,100676,New Logo,,,,,100091,,100712,,,100452,,Active Customer,100543,,,,,100673,Back Office,,,100646,,104277
100569,Opportunity,105185,avery.ashby@sampleco.test,Arjun Rossi,2025-08-14 13:03:00,noah.vance@acme-fake.test,Priya Mercer,2026-02-19 17:48:00,taylor.ivanov@sampleco.test,Taylor Larsson,2022-12-19 15:19:00,rahul.brooks@demomail.test,Chen Whitfield,2023-08-26 04:05:00,N,Atlas Media LLP - Staff Augmentation,,100454,Qualification,100205,LOT-5717,SKU-5287,100523,LOT-9673,103960,,,,Event,100285,Active,,,,,,100628,,100601,,"142,909",Alpha,,"37,232",9268,Skyler Sloan,100844,100735,TAG-3890,100301,New Logo,,,,,100319,,,,,100242,,Active Customer,100090,,,,,100470,Offshore Team,100241,,100410,,
100099,Opportunity,105187,priya.vance@examplecorp.test,Diego Silva,2024-11-15 19:24:00,rahul.whitfield@sampleco.test,Arjun Ford,2025-08-09 06:14:00,chen.mercer@sampleco.test,Noah Costa,2023-08-30 19:30:00,fatima.calder@sampleco.test,,2025-09-02 09:14:00,N,Evergreen Industries - Offshore Team,,100215,Dead,100490,,REF-6812,100331,LOT-1391,104666,,,,Partner,100186,Inactive,,,,,,100613,,,,"134,961",Gamma,100117,"17,454",,Yara Nguyen,,,,,New Logo,100696,,,,100267,,,,,100631,,Active Customer,100313,,,,,100560,Staff Augmentation,100780,,100005,,
100388,Opportunity,105189,diego.whitfield@sampleco.test,Avery Okafor,2025-01-21 01:19:00,riley.ashby@demomail.test,Sofia Okafor,2024-09-28 21:54:00,elena.cohen@sampleco.test,Skyler Patel,2022-11-09 00:24:00,noah.haddad@acme-fake.test,,2025-01-27 14:23:00,N,Blue Ridge Holdings Group - Offshore Team,,,Discovery,100248,,LOT-5495,100113,,102720,,,,Event,100107,Active,,,,,,100604,,100336,,,,,"8,506",,Casey Reyes,101563,,,100786,New Logo,100186,,,,100440,,100723,,,100313,,Active Customer,100236,,,,,,Recruiting,,Gamma,100588,,102512
100598,Opportunity,105190,rahul.ivanov@acme-fake.test,Drew Calder,2026-03-27 05:47:00,fatima.mensah@examplecorp.test,Casey Ford,2025-03-25 04:18:00,casey.ford@sampleco.test,Omar Nguyen,2023-02-18 14:47:00,alex.ivanov@acme-fake.test,,2025-07-21 21:31:00,N,Brightpath Textiles LLC - Offshore Team,,,Negotiation,100151,REF-2345,TAG-7062,100576,,103944,,,,Webinar,100370,Active,,,,,,,,100156,,"319,394",Standard,100342,"24,552",,Quinn Whitfield,101190,,TAG-6677,100552,Renewal,,,,,100786,,,,,100040,,Active Customer,100503,,,,,100262,Offshore Team,100479,,100165,,102765
100717,Opportunity,105192,quinn.haddad@demomail.test,Omar Rossi,2025-05-12 12:19:00,liam.cohen@acme-fake.test,Rowan Cohen,2023-06-09 18:21:00,emerson.cohen@examplecorp.test,Liam Silva,2023-10-07 20:05:00,morgan.costa@sampleco.test,,2025-11-02 13:01:00,Y,Meridian Capital LLC - Back Office,,100290,Qualification,100563,REF-4231,REF-9986,100254,TAG-6951,104369,,,,LinkedIn,100735,Active,,,,,,100780,,100603,,"282,919",,,,9626,Diego Vance,100962,100119,,100587,Standard,,,,,100481,,,,,,,Active Customer,100574,,,,,100014,Recruiting,100722,,100391,,102629
100267,Opportunity,105194,priya.blake@examplecorp.test,Emerson Whitfield,2022-10-22 13:41:00,chen.sato@sampleco.test,Priya Vance,2024-08-28 01:51:00,taylor.larsson@demomail.test,Fatima Blake,2023-01-01 12:04:00,taylor.silva@demomail.test,,2025-08-10 17:54:00,N,Pioneer Ventures LLP - Payroll,,100456,Discovery,100302,LOT-2736,LOT-4923,100240,LOT-9449,103875,,,,LinkedIn,,Active,,,,,,,,100576,,"182,209",Standard,100770,"23,193",,Noah Haddad,,,REF-8973,100122,Renewal,,,,,100060,,100758,,,100291,,Active Customer,100217,,,,,100104,Back Office,100699,,100615,,104782
100531,Opportunity,105196,chen.ashby@examplecorp.test,Priya Vance,2024-01-06 02:14:00,riley.patel@examplecorp.test,Arjun Mensah,2024-03-19 19:46:00,quinn.nguyen@sampleco.test,Jordan Ford,2026-07-04 21:43:00,nina.costa@sampleco.test,,2023-06-12 07:02:00,N,Evergreen Group Inc - Payroll,,100511,Closed Won,100069,SKU-4035,LOT-6211,100374,SKU-1271,102909,,,,Partner,,Inactive,,,,,,100753,,,,,,,"28,184",,Arjun Dorsey,101714,100366,,100498,Standard,100066,,,,100661,,100156,,,100642,,Prospect,100467,,,,,100799,Offshore Team,,,100206,,103749
100604,Opportunity,105198,mei.blake@examplecorp.test,Liam Mensah,2023-01-19 11:12:00,priya.okafor@sampleco.test,Liam Dorsey,2024-09-09 13:46:00,jordan.patel@acme-fake.test,Mei Mercer,2025-05-17 02:49:00,quinn.kim@acme-fake.test,,2023-01-22 01:04:00,Y,Beacon Solutions Ltd - Offshore Team,,,Discovery,100113,,TAG-3667,100579,SKU-2726,104124,,,,Cold Outreach,,Active,,,,,,100386,,100616,,"402,283",Beta,100676,"23,747",3340,Mei Larsson,100988,,LOT-3420,100069,SMB,100235,,,,100235,,100336,,,100664,,Active Customer,100111,,,,,100474,Managed Services,,,100632,,102872
100325,Opportunity,105199,priya.kim@examplecorp.test,Mei Patel,2025-06-28 16:32:00,rowan.nguyen@examplecorp.test,Morgan Ivanov,2026-01-12 05:46:00,casey.sato@sampleco.test,Skyler Rossi,2022-12-19 03:46:00,jamie.reyes@demomail.test,,2026-02-25 12:42:00,Y,Lakeside Ventures Co - Back Office,,,Qualification,100359,,LOT-6608,100705,TAG-8654,103301,,,,Cold Outreach,100456,Active,,,,,,,,,,"191,868",Other,100539,"3,926",,Sofia Whitfield,100971,100132,LOT-6369,100282,Enterprise,100485,,,,100227,,100548,,,100449,,Prospect,100473,,,,,100190,Back Office,,,100789,,103300
100080,Opportunity,105202,avery.silva@examplecorp.test,Riley Patel,2026-02-12 02:09:00,fatima.ford@acme-fake.test,Elena Larsson,2023-02-28 04:08:00,avery.dorsey@demomail.test,Avery Sato,2023-02-10 10:33:00,nina.brooks@demomail.test,,2023-11-04 03:28:00,Y,Evergreen Networks LLC - Offshore Team,,100368,Closed Won,100558,,SKU-2554,100418,SKU-4586,104015,,,,Partner,100382,Inactive,,,,,,,,,,"356,271",,,"21,668",,Liam Kim,,100645,REF-2068,100535,Standard,,,,,100120,,100192,,,,,Active Customer,100195,,,,,100469,Payroll,100771,,100429,,
100389,Opportunity,105204,chen.costa@examplecorp.test,Mei Silva,2022-12-03 02:49:00,rahul.whitfield@examplecorp.test,Aisha Haddad,2024-02-22 11:22:00,liam.kim@acme-fake.test,Taylor Haddad,2024-10-23 23:15:00,quinn.patel@demomail.test,,2026-07-24 04:38:00,N,Harbor Dynamics - Offshore Team,,100395,Closed Won,100759,,TAG-2190,100023,,101906,,,,LinkedIn,100366,Inactive,,,,,,,,,,"123,849",,,"34,755",9034,Nina Cohen,,100115,,,New Logo,100322,,,,100744,,100302,,,100009,,Active Customer,100265,,,,,100005,Consulting,100313,,100056,,
100343,Opportunity,105206,morgan.nguyen@acme-fake.test,Avery Costa,2026-05-26 11:07:00,emerson.cohen@examplecorp.test,Aisha Rossi,2024-04-07 05:33:00,morgan.garcia@sampleco.test,Chen Sato,2024-08-30 19:29:00,skyler.ford@sampleco.test,,2025-07-14 15:12:00,Y,Harbor Capital LLC - Managed Services,,100034,Closed Lost,100765,REF-8755,TAG-4693,100058,TAG-5355,102415,,,,Cold Outreach,,Inactive,,,,,,100060,,100526,,"483,487",,100405,"24,897",,Chen Nguyen,100805,100073,,,New Logo,,,,,100753,,100490,,,100184,,Prospect,100679,,,,,100165,Consulting,100146,,100759,,102348
100673,Opportunity,105207,skyler.cohen@examplecorp.test,Liam Ivanov,2024-09-25 09:38:00,quinn.dorsey@acme-fake.test,Liam Costa,2024-06-05 21:33:00,taylor.ashby@examplecorp.test,Reese Whitfield,2023-11-04 03:32:00,emerson.blake@examplecorp.test,,2026-04-28 16:04:00,N,Vertex Systems LLP - Staff Augmentation,,100309,Closed Won,100391,SKU-3270,REF-9546,100654,REF-4793,102553,,,,Website,,Inactive,,,,,,100041,,,,,,100742,"26,114",,Omar Vance,100811,100723,LOT-6410,,New Logo,100169,,,,100658,,100624,,,100368,,Active Customer,100101,,,,,,Staff Augmentation,100772,,100040,,102769
100661,Opportunity,105210,jamie.patel@examplecorp.test,Priya Haddad,2025-06-01 20:13:00,fatima.patel@demomail.test,Rowan Ashby,2023-08-22 06:42:00,riley.okafor@sampleco.test,Casey Calder,2023-09-28 16:03:00,skyler.brooks@acme-fake.test,,2023-01-29 17:03:00,Y,Falcon Manufacturing Corp - Staff Augmentation,,100236,Proposal Sent,100417,,LOT-7946,100741,REF-8444,,,,,Referral,100497,Active,,,,,,100209,,100185,,"201,907",,100031,"15,519",1775,Diego Whitfield,101000,,SKU-7659,100371,Standard,,,,,100548,,,,,100734,,Active Customer,100245,,,,,,Offshore Team,100280,,100386,,103968
100576,Opportunity,105213,rahul.blake@demomail.test,Omar Blake,2026-03-07 20:00:00,diego.reyes@examplecorp.test,Priya Cohen,2023-07-24 14:25:00,riley.blake@demomail.test,Mei Cohen,2025-06-13 12:05:00,aisha.vance@sampleco.test,,2024-02-13 22:23:00,N,Brightpath Partners Co - Managed Services,,100003,Discovery,100485,,REF-2261,100119,TAG-7800,104628,,,,Partner,100103,Active,,,,,,100332,,,,,,,"35,692",3025,Noah Sato,,100782,,100470,Renewal,100500,,,,100688,,,,,,,Active Customer,100015,,,,,100789,Consulting,100475,,100255,,102039
100726,Opportunity,105214,liam.whitfield@examplecorp.test,Taylor Haddad,2024-09-22 17:23:00,diego.sloan@acme-fake.test,Elena Dorsey,2026-03-01 06:49:00,casey.ivanov@examplecorp.test,Fatima Vance,2024-05-07 17:48:00,aisha.haddad@sampleco.test,,2023-08-31 03:51:00,Y,Falcon Capital Corp - Staff Augmentation,,,On Hold,100066,,TAG-2142,100016,SKU-4136,104065,,,,Webinar,,Active,,,,,,100090,,100142,,"280,733",,100661,"20,685",6457,Quinn Mensah,101628,100290,TAG-4500,100683,SMB,100046,,,,100759,,,Delta,,,,Active Customer,100393,,,,,100029,Consulting,,,100799,,103241
100615,Opportunity,105215,jamie.garcia@demomail.test,Yara Nguyen,2024-03-29 09:28:00,aisha.dorsey@examplecorp.test,Quinn Kim,2024-05-03 06:58:00,aisha.kim@acme-fake.test,Quinn Okafor,2026-04-02 01:14:00,quinn.sloan@acme-fake.test,,2025-12-29 08:26:00,Y,Blue Ridge Financial Inc - Consulting,,,Qualification,100295,,REF-4007,100642,LOT-7344,103595,,,,LinkedIn,100132,Active,,,,,,,,100345,,"294,280",,,"36,174",,Casey Silva,101305,100243,LOT-1049,100454,Renewal,,,,,100184,,100171,Beta,,100269,,Prospect,100467,,,,,,Payroll,100040,,100200,,
100500,Opportunity,105216,rowan.rossi@acme-fake.test,Chen Vance,2024-02-13 04:21:00,marco.brooks@acme-fake.test,Drew Vance,2024-11-20 17:11:00,elena.mensah@sampleco.test,Morgan Sloan,2023-04-01 09:05:00,jamie.ivanov@examplecorp.test,,2025-12-23 19:40:00,Y,Falcon Group LLP - Payroll,,,Qualification,100506,,REF-6061,100328,SKU-3374,104419,,,,Inbound Call,100552,Active,,,,,,,,,,"430,062",,,"34,281",,Fatima Larsson,100919,100704,,100509,SMB,100229,,,,100395,,100702,,,100597,,Prospect,100178,,,,,,Managed Services,100628,,100456,,104802
100420,Opportunity,105219,taylor.rossi@demomail.test,Riley Blake,2024-10-05 07:48:00,arjun.vance@acme-fake.test,Omar Ivanov,2025-08-06 01:38:00,jordan.vance@acme-fake.test,Drew Reyes,2022-10-24 00:00:00,diego.dorsey@examplecorp.test,,2025-11-14 20:42:00,N,Delta Labs Co - Managed Services,,100049,Closed Lost,100344,REF-8412,LOT-9967,100205,,102497,,,,LinkedIn,,Inactive,,,,,,100030,,,,"393,847",,100393,"17,237",,Fatima Whitfield,100925,100468,LOT-4368,,Renewal,100426,,,,100229,,100017,,,100632,,Prospect,100215,,,,,100511,Consulting,,,100171,,
100539,Opportunity,105220,elena.blake@acme-fake.test,Drew Ivanov,2023-12-02 11:18:00,casey.okafor@examplecorp.test,Drew Sato,2024-12-24 05:18:00,sofia.ashby@examplecorp.test,Fatima Brooks,2025-07-08 18:28:00,chen.garcia@demomail.test,,2024-06-14 04:05:00,Y,Beacon Financial LLP - Managed Services,,,Qualification,100040,,LOT-1306,100432,LOT-3239,103886,,,,Event,,Active,,,,,,100058,,,,"316,642",Standard,100684,,,Quinn Mercer,,100467,,,Enterprise,100243,,,,100447,,100281,,,100424,,Active Customer,100789,,,,,,Recruiting,100497,,100576,,104822
100148,Opportunity,105223,jordan.mercer@demomail.test,Omar Ford,2026-03-12 14:27:00,aisha.ford@sampleco.test,Taylor Vance,2023-02-24 11:52:00,chen.larsson@demomail.test,Drew Patel,2024-01-01 10:13:00,rowan.haddad@demomail.test,,2023-01-05 00:46:00,N,Summit Systems LLP - Staff Augmentation,,,Closed Won,100799,,TAG-2152,100184,SKU-5097,103206,,,,LinkedIn,100134,Inactive,,,,,,100558,,,,"428,540",Standard,100434,"13,596",3960,Alex Vance,101018,,LOT-7404,100620,Standard,100200,,,,100459,,100558,,,,,Prospect,100014,,,,,100582,Offshore Team,100708,,100459,,102250
100151,Opportunity,105225,riley.cohen@sampleco.test,Riley Sato,2022-11-06 22:57:00,liam.patel@examplecorp.test,Omar Sato,2026-06-10 17:43:00,yara.ford@demomail.test,Reese Mensah,2022-12-01 06:14:00,quinn.costa@demomail.test,,2024-02-26 10:06:00,Y,Summit Robotics LLP - Back Office,,,Closed Lost,100673,,REF-1680,100638,SKU-3997,103257,,,,Referral,,Inactive,,,,,,100366,,,,,Delta,,,3501,Marco Okafor,,,,,New Logo,100241,,,,100058,,100494,,,100509,,Prospect,100220,,,,,100332,Consulting,100037,,100535,,
100356,Opportunity,105226,morgan.cohen@examplecorp.test,Taylor Nguyen,2025-04-17 13:50:00,mei.reyes@demomail.test,Quinn Ivanov,2025-02-15 10:29:00,drew.calder@examplecorp.test,Drew Brooks,2024-09-30 16:45:00,morgan.dorsey@sampleco.test,,2023-12-11 20:33:00,N,Vertex Analytics Corp - Payroll,,,Qualification,100685,,REF-4682,100277,,103428,,,,Inbound Call,100613,Active,,,,,,,,100281,,"118,207",Beta,100753,,,Diego Nguyen,101236,100141,LOT-2551,,Enterprise,,,,,100755,,100353,,,100329,,Prospect,100377,,,,,100720,Recruiting,,,100161,,
100741,Opportunity,105227,skyler.blake@sampleco.test,Sofia Nguyen,2022-11-30 06:00:00,emerson.sato@demomail.test,Avery Calder,2023-10-07 21:20:00,priya.blake@acme-fake.test,Fatima Ivanov,2022-10-21 12:55:00,alex.ford@sampleco.test,,2024-11-24 19:45:00,Y,Redwood Group Corp - Managed Services,,100749,Closed Won,100763,,SKU-8907,100631,TAG-2849,103327,,,,Event,,Inactive,,,,,,100280,,,,"364,470",Delta,100120,"24,893",,Emerson Ivanov,,100391,,,Renewal,,,,,100511,,,,,,,Prospect,100134,,,,,,Back Office,100770,,100760,,104298
100535,Opportunity,105230,yara.costa@demomail.test,Skyler Calder,2024-05-20 22:05:00,yara.sloan@sampleco.test,Reese Brooks,2025-06-10 18:25:00,sofia.patel@acme-fake.test,Avery Haddad,2024-07-02 22:01:00,skyler.reyes@demomail.test,,2023-11-04 07:34:00,N,Summit Labs LLC - Back Office,,,Closed Won,100110,,SKU-1242,100400,LOT-2633,,,,,Webinar,,Inactive,,,,,,,,100336,,,,100227,"13,874",5522,Chen Cohen,,,REF-9730,,Standard,100291,,,,100750,,100464,,,,,Active Customer,100527,,,,,100726,Back Office,,,100746,,
100755,Opportunity,105232,mei.okafor@acme-fake.test,Nina Reyes,2023-11-06 08:11:00,arjun.brooks@sampleco.test,Avery Sato,2024-08-16 18:35:00,casey.rossi@demomail.test,Noah Garcia,2024-02-15 08:46:00,noah.nguyen@sampleco.test,,2024-06-29 05:36:00,N,Redwood Foods Group - Back Office,,,Proposal Sent,100069,,TAG-1673,100101,REF-6884,103243,,,,Event,100516,Active,,,,,,100185,,100642,,"490,556",Gamma,,"20,929",,Riley Rossi,101454,,SKU-1623,100366,Enterprise,100290,,,,100676,,100255,,,100744,,Prospect,100750,,,,,100694,Payroll,100020,,100063,,
100332,Opportunity,105234,rahul.reyes@sampleco.test,Quinn Mensah,2026-03-31 14:54:00,taylor.sloan@demomail.test,Riley Blake,2026-04-20 14:46:00,priya.sato@acme-fake.test,Riley Blake,2025-07-22 22:54:00,morgan.garcia@sampleco.test,,2023-05-21 19:41:00,Y,Everest Group Co - Consulting,,100180,Closed Lost,100535,,LOT-5110,100053,TAG-2026,103720,,,,Website,100313,Inactive,,,,,,,,,,"18,374",,100664,"5,229",,Nina Larsson,,100239,LOT-1293,100212,Enterprise,100042,,,,100049,,,,,,,Active Customer,100205,,,,,100023,Recruiting,100684,,100469,,102100
100319,Opportunity,105235,chen.brooks@demomail.test,Drew Sato,2023-04-09 08:44:00,elena.larsson@demomail.test,Marco Kim,2026-01-04 22:58:00,arjun.sloan@acme-fake.test,Rahul Haddad,2026-03-22 00:55:00,emerson.okafor@acme-fake.test,,2023-03-13 16:24:00,N,Granite Foods Inc - Payroll,,100255,Closed Lost,100267,,SKU-3639,100685,REF-4568,103082,,,,Webinar,100673,Inactive,,,,,,,,100322,,"372,864",Beta,100799,,,Aisha Reyes,101312,100649,,100551,SMB,,,,,100070,,100334,Delta,,100339,,Prospect,100789,,,,,100569,Offshore Team,,,100107,,
100539,Opportunity,105237,skyler.ashby@acme-fake.test,Omar Vance,2024-10-07 09:59:00,rowan.larsson@sampleco.test,Morgan Nguyen,2023-04-30 12:08:00,morgan.rossi@acme-fake.test,Mei Cohen,2024-10-06 09:32:00,chen.ashby@acme-fake.test,Omar Garcia,2023-04-15 07:10:00,Y,Keystone Networks Inc - Staff Augmentation,,100692,Proposal Sent,100574,,SKU-5316,100334,SKU-2364,103560,,,,Cold Outreach,,Active,,,,,,100712,,,,"116,637",,,,8109,Noah Ivanov,101042,100053,TAG-7582,,Renewal,,,,,100625,,,Delta,,100010,,Active Customer,100366,,,,,100620,Recruiting,100383,,100708,,103658
100469,Opportunity,105238,jordan.haddad@acme-fake.test,Elena Mensah,2025-09-15 05:24:00,quinn.brooks@demomail.test,Elena Sloan,2023-09-07 07:20:00,nina.mercer@demomail.test,Morgan Silva,2023-12-18 20:53:00,nina.sloan@examplecorp.test,,2022-11-16 00:47:00,N,Silverline Networks Group - Staff Augmentation,,100148,Closed Won,100285,REF-8381,SKU-3177,100473,SKU-2247,103694,,,,Webinar,,Inactive,,,,,,,,100351,,,,,"30,594",,Skyler Nguyen,101344,,REF-7967,100535,Standard,100282,,,,100565,,100617,,,,,Active Customer,100717,,,,,100079,Back Office,100576,,100598,,101886
100736,Opportunity,105239,sofia.calder@sampleco.test,Quinn Cohen,2024-12-02 11:06:00,reese.silva@acme-fake.test,Sofia Ivanov,2026-01-04 12:33:00,jordan.mensah@demomail.test,Sofia Sloan,2025-10-25 20:19:00,jamie.ford@demomail.test,,2026-01-31 15:23:00,Y,Summit Group Inc - Staff Augmentation,,100645,Discovery,100208,,LOT-1867,100482,SKU-5354,102261,,,,Referral,100574,Active,,,,,,100148,,100146,,,Delta,100015,"18,274",,Liam Whitfield,101565,100417,,100107,New Logo,100334,,,,100134,,100248,,,100101,,Prospect,100538,,,,,,Managed Services,100370,Gamma,100302,,
100009,Opportunity,105242,mei.garcia@sampleco.test,Alex Ford,2025-01-27 01:21:00,aisha.kim@sampleco.test,Morgan Haddad,2023-10-24 22:31:00,marco.haddad@sampleco.test,Quinn Patel,2025-03-09 06:33:00,chen.dorsey@demomail.test,,2023-07-05 23:26:00,N,Northwind Robotics LLC - Back Office,,100168,On Hold,100759,,REF-8345,100803,TAG-3298,103663,,,,Event,100424,Active,,,,,,,,100661,,,,,"26,300",,Arjun Haddad,,100203,,,SMB,100777,,,,100652,,100319,,,100767,,Prospect,100403,,,,,100265,Payroll,,,100746,,
100290,Opportunity,105243,noah.calder@acme-fake.test,Elena Vance,2024-12-20 07:33:00,alex.ashby@demomail.test,Rowan Vance,2023-12-30 03:36:00,nina.dorsey@demomail.test,Priya Sato,2024-08-16 22:05:00,yara.nguyen@examplecorp.test,,2025-10-20 19:30:00,N,Harbor Group Inc - Payroll,,,Closed Won,100217,SKU-4230,SKU-9201,100780,LOT-9030,103329,,,,Inbound Call,100432,Inactive,,,,,,100117,,,,"104,525",Alpha,100786,"13,063",,Yara Rossi,101528,100136,LOT-4718,100469,Standard,100788,,,,100356,,,,,,,Prospect,100481,,,,,100239,Offshore Team,,,100169,,102379
100040,Opportunity,105246,chen.reyes@acme-fake.test,Chen Rossi,2024-09-04 11:38:00,diego.costa@acme-fake.test,Riley Sloan,2025-03-04 13:43:00,taylor.cohen@examplecorp.test,Riley Cohen,2026-05-04 10:10:00,liam.silva@sampleco.test,,2023-06-29 14:42:00,Y,Delta Foods Ltd - Payroll,,100030,Negotiation,100552,,LOT-3124,100356,REF-5190,,,,,Partner,100670,Active,,,,,,100517,,,,"354,424",Alpha,,"15,468",,Mei Larsson,101721,100445,LOT-8770,100552,New Logo,100601,,,,100110,,,,,100272,,Prospect,100382,,,,,,Recruiting,100624,,100774,,
100151,Opportunity,105247,sofia.nguyen@demomail.test,Fatima Patel,2024-10-01 19:26:00,sofia.ashby@examplecorp.test,Rahul Ivanov,2024-01-26 15:13:00,omar.whitfield@examplecorp.test,Chen Costa,2025-07-06 19:18:00,elena.dorsey@sampleco.test,Liam Ford,2023-08-09 17:23:00,Y,Copper Labs Ltd - Recruiting,,100705,Closed Lost,100234,,SKU-1098,100044,TAG-2217,104744,,,,Website,,Inactive,,,,,,100142,,100099,,,Delta,100014,"23,817",,Noah Cohen,101106,100408,TAG-5596,,SMB,100760,,,,100262,,,,,100437,,Active Customer,100090,,,,,100356,Managed Services,100323,,100110,,
100388,Opportunity,105249,quinn.mensah@demomail.test,Alex Vance,2023-04-28 17:35:00,drew.dorsey@acme-fake.test,Chen Mensah,2024-06-19 07:16:00,emerson.silva@demomail.test,Reese Sloan,2024-12-25 21:50:00,casey.haddad@examplecorp.test,,2024-11-11 19:40:00,N,Blue Ridge Systems LLP - Staff Augmentation,,100290,Negotiation,100360,,REF-4579,100383,REF-5775,102932,,,,Webinar,100664,Active,,,,,,,,100455,,"92,101",,,"32,056",,Priya Mercer,101626,,,,Renewal,,,,,100742,,,,,,,Prospect,100240,,,,,,Managed Services,100548,,100479,,104481
100110,Opportunity,105251,liam.larsson@sampleco.test,Diego Mensah,2025-11-21 22:20:00,taylor.larsson@acme-fake.test,Sofia Garcia,2023-06-17 22:02:00,rowan.cohen@acme-fake.test,Rowan Rossi,2023-09-16 03:01:00,marco.calder@examplecorp.test,,2022-11-23 01:10:00,N,Granite Solutions LLP - Payroll,,100343,Closed Lost,100370,,REF-8232,100063,LOT-3056,104186,,,,Website,,Inactive,,,,,,100568,,100395,,"55,722",,100559,"22,505",,Elena Kim,101407,,TAG-9627,,Enterprise,,,,,100136,,100523,Beta,,,,Active Customer,100143,,,,,100690,Payroll,,,100772,,
100359,Opportunity,105253,reese.okafor@demomail.test,Quinn Ford,2023-11-07 06:10:00,nina.mensah@demomail.test,Drew Reyes,2025-09-17 10:44:00,aisha.vance@sampleco.test,Drew Larsson,2025-11-17 00:18:00,skyler.vance@acme-fake.test,,2023-09-07 09:14:00,N,Cobalt Partners Inc - Back Office,,,Qualification,100789,,LOT-1938,100692,SKU-8938,102987,,,,Cold Outreach,100587,Active,,,,,,,,100203,,"458,807",Beta,,"39,620",5263,Mei Kim,101164,,REF-7128,,Renewal,100565,,,,100715,,100056,,,100459,,Active Customer,100749,,,,,,Managed Services,100391,,100426,,104241
100034,Opportunity,105255,emerson.vance@demomail.test,Marco Ford,2023-08-19 03:02:00,aisha.ford@acme-fake.test,Fatima Ivanov,2025-01-04 00:32:00,riley.mercer@examplecorp.test,Rowan Larsson,2022-10-30 22:17:00,jordan.mensah@examplecorp.test,,2024-03-09 07:44:00,N,Harbor Retail Inc - Recruiting,,100079,Closed Lost,100490,,REF-7381,100641,TAG-5469,102638,,,,Cold Outreach,,Inactive,,,,,,,,,,"321,810",Beta,100418,"18,004",5944,Jamie Costa,101659,100339,TAG-6784,100143,Renewal,100366,,,,100484,,100579,,,100434,,Prospect,100376,,,,,,Back Office,,,100111,,
100788,Opportunity,105258,jamie.mensah@sampleco.test,Sofia Kim,2024-01-06 22:53:00,fatima.whitfield@demomail.test,Priya Rossi,2022-10-30 09:19:00,elena.patel@examplecorp.test,Reese Reyes,2024-08-08 03:01:00,taylor.costa@sampleco.test,,2024-09-01 11:02:00,N,Silverline Logistics LLC - Staff Augmentation,,,Closed Won,100060,,LOT-7246,100443,SKU-2459,103386,,,,Event,100234,Inactive,,,,,,100622,,100030,,"64,861",Standard,100767,"15,680",,Rahul Blake,,100652,REF-1814,,Standard,,,,,100558,,,,,100286,,Active Customer,100763,,,,,100053,Back Office,100681,,100370,,
100136,Opportunity,105260,arjun.mercer@sampleco.test,Marco Nguyen,2024-09-14 09:03:00,riley.larsson@examplecorp.test,Priya Silva,2023-06-29 03:02:00,mei.brooks@examplecorp.test,Avery Whitfield,2025-10-26 17:42:00,jamie.ford@examplecorp.test,,2024-03-06 00:34:00,Y,Vertex Ventures Corp - Staff Augmentation,,,Negotiation,100015,,TAG-4548,100765,SKU-8671,102936,,,,Webinar,100398,Active,,,,,,100634,,,,,Beta,,"24,549",,Sofia Ashby,101642,,SKU-3623,100209,Enterprise,100786,,,,100543,,100041,,,100241,,Active Customer,100780,,,,,100322,Back Office,,,100277,,102993
100171,Opportunity,105262,nina.nguyen@sampleco.test,Skyler Brooks,2025-10-23 02:27:00,marco.silva@examplecorp.test,Riley Ivanov,2023-11-19 04:47:00,elena.patel@sampleco.test,Yara Vance,2025-05-03 20:01:00,yara.reyes@demomail.test,,2026-02-05 22:15:00,Y,Blue Ridge Industries Co - Offshore Team,,,Closed Won,100173,,TAG-2567,100513,REF-4097,102653,,,,Event,100742,Inactive,,,,,,100240,,,,"322,715",,,"36,496",,Nina Sato,101645,100343,SKU-8830,100654,Enterprise,,,,,100694,,100576,,,100360,,Prospect,100008,,,,,100291,Consulting,100051,,100259,,
100788,Opportunity,105265,fatima.larsson@examplecorp.test,Rahul Mensah,2023-01-11 07:08:00,quinn.ashby@examplecorp.test,Jamie Nguyen,2023-01-20 02:22:00,morgan.dorsey@demomail.test,Marco Okafor,2023-05-01 13:25:00,yara.mensah@examplecorp.test,Priya Vance,2026-05-12 21:36:00,Y,Blue Ridge Partners Ltd - Managed Services,,,On Hold,100788,,LOT-6770,100070,TAG-1343,102794,,,,Referral,,Active,,,,,,,,100259,,"198,083",Other,,"13,724",561,Chen Larsson,101130,,SKU-9495,100240,Renewal,,,,,100649,,100189,,,100398,,Active Customer,100729,,,,,100374,Staff Augmentation,100484,,100128,,102326
100190,Opportunity,105266,riley.larsson@examplecorp.test,Priya Cohen,2023-09-25 20:18:00,jamie.sloan@acme-fake.test,Morgan Mercer,2022-10-16 07:33:00,omar.costa@acme-fake.test,Yara Larsson,2025-11-28 14:45:00,yara.mercer@demomail.test,,2025-02-16 18:05:00,N,Meridian Group Co - Consulting,,100800,Closed Lost,100569,,TAG-6842,100212,LOT-2053,102059,,,,Inbound Call,100117,Inactive,,,,,,100684,,100601,,"431,143",Other,100734,"29,176",,Avery Ashby,,100099,SKU-9197,100308,Renewal,,,,,100265,,100066,,,,,Active Customer,100723,,,,,100579,Payroll,100777,,100546,,104166
100240,Opportunity,105268,emerson.rossi@examplecorp.test,Fatima Okafor,2025-03-03 03:44:00,reese.haddad@sampleco.test,Diego Calder,2024-06-17 18:26:00,jordan.reyes@demomail.test,Liam Whitfield,2025-06-19 08:12:00,aisha.mensah@demomail.test,,2025-08-13 06:41:00,N,Granite Partners Ltd - Staff Augmentation,,,Proposal Sent,100280,,REF-2585,100597,SKU-8548,104682,,,,LinkedIn,100405,Active,,,,,,,,100744,,"333,834",,100058,,3281,Liam Okafor,101319,100097,TAG-8939,,SMB,100708,,,,100172,,100591,Gamma,,,,Prospect,100530,,,,,,Consulting,,,100046,Gamma,103461
100729,Opportunity,105269,quinn.brooks@acme-fake.test,Elena Whitfield,2025-08-16 20:40:00,taylor.brooks@acme-fake.test,Liam Dorsey,2022-10-16 10:44:00,skyler.cohen@acme-fake.test,Aisha Garcia,2023-10-11 19:37:00,aisha.kim@examplecorp.test,,2024-08-24 17:23:00,N,Delta Manufacturing Corp - Consulting,,,Discovery,100239,,REF-7023,100658,LOT-4689,103668,,,,LinkedIn,100128,Active,,,,,,,,100486,,"286,214",Alpha,100555,"8,325",,Arjun Mercer,101205,,LOT-9120,100542,New Logo,100376,,,,100003,,,,,100511,,Prospect,100323,,,,,100607,Consulting,,,100020,,102917
100582,Opportunity,105271,arjun.nguyen@acme-fake.test,Drew Mercer,2024-09-30 11:57:00,fatima.sato@demomail.test,Taylor Sloan,2026-04-30 16:54:00,skyler.silva@demomail.test,Avery Ashby,2023-04-23 04:28:00,quinn.blake@sampleco.test,,2022-11-20 22:51:00,Y,Ironwood Dynamics Ltd - Staff Augmentation,,,Dead,100200,LOT-2490,LOT-5732,100371,LOT-3733,103392,,,,Referral,100522,Inactive,,,,,,100475,,,,"273,017",,100009,"15,800",,Avery Haddad,,100720,TAG-1186,100377,Renewal,100798,,,,100509,,100344,,,,,Prospect,100213,,,,,,Back Office,,,100758,,104515
100753,Opportunity,105273,jamie.reyes@sampleco.test,Drew Haddad,2026-04-09 23:57:00,yara.okafor@acme-fake.test,Chen Ford,2026-04-07 04:04:00,quinn.patel@examplecorp.test,Omar Nguyen,2024-11-14 06:19:00,chen.mensah@acme-fake.test,,2022-12-19 00:48:00,Y,Meridian Industries LLP - Consulting,,,Dead,100393,,SKU-7754,100576,REF-6912,103380,,,,LinkedIn,,Inactive,,,,,,100531,,100282,,"257,512",,100410,"21,987",2088,Fatima Patel,100832,100690,,100383,Enterprise,,,,,100772,,100731,,,,,Active Customer,100637,,,,,,Payroll,100736,,100443,,
100164,Opportunity,105274,quinn.cohen@sampleco.test,Priya Mercer,2023-02-11 09:08:00,priya.sato@sampleco.test,Casey Whitfield,2026-01-24 16:21:00,quinn.nguyen@sampleco.test,Reese Cohen,2024-12-17 03:33:00,quinn.sato@sampleco.test,,2023-10-25 21:13:00,Y,Copper Networks LLP - Staff Augmentation,,100487,Closed Won,100363,,REF-1022,100293,REF-5538,104663,,,,LinkedIn,100782,Inactive,,,,,,,,,,"384,225",Delta,100780,,,Elena Patel,101573,100456,REF-7500,100073,Standard,100060,,,,100139,,,,,100281,,Prospect,100382,,,,,100503,Offshore Team,100331,,100408,,103388
100631,Opportunity,105277,arjun.larsson@acme-fake.test,Marco Dorsey,2024-06-30 15:07:00,rowan.dorsey@demomail.test,Omar Calder,2023-08-23 13:06:00,aisha.blake@sampleco.test,Rowan Silva,2024-08-15 08:47:00,yara.dorsey@sampleco.test,,2024-12-20 04:26:00,Y,Falcon Media Corp - Recruiting,,,Closed Lost,100596,,LOT-4120,100613,REF-1632,104532,,,,Partner,100625,Inactive,,,,,,,,,,"434,986",,100042,"39,484",,Liam Ford,100904,100014,,100139,Standard,100731,,,,100468,,,Beta,,,,Prospect,100232,,,,,,Back Office,100242,,100699,,104038
100792,Opportunity,105280,fatima.larsson@acme-fake.test,Marco Sato,2023-03-29 02:17:00,fatima.calder@examplecorp.test,Fatima Mercer,2025-04-19 09:10:00,skyler.okafor@demomail.test,Elena Sloan,2024-08-27 09:38:00,riley.cohen@acme-fake.test,,2023-10-23 02:46:00,N,Harbor Capital Co - Managed Services,,100003,Negotiation,100290,REF-4179,REF-8276,100251,TAG-8054,103594,,,,Webinar,100190,Active,,,,,,100117,,100395,,"223,128",Other,,"13,370",,Elena Sato,101545,,,100099,New Logo,,,,,100658,,,,,100005,,Prospect,100353,,,,,,Payroll,,,100212,,
100405,Opportunity,105282,liam.brooks@examplecorp.test,Marco Cohen,2026-03-22 01:06:00,yara.calder@examplecorp.test,Skyler Brooks,2023-05-12 03:06:00,fatima.haddad@examplecorp.test,Reese Reyes,2022-12-22 14:09:00,sofia.ivanov@demomail.test,,2023-12-11 07:09:00,Y,Brightpath Analytics Co - Consulting,,100216,Dead,100786,,TAG-2243,100681,LOT-6823,102086,,,,Inbound Call,100477,Inactive,,,,,,,,,,,Other,,817,1197,Drew Cohen,,100015,REF-4310,100746,Renewal,100503,,,,100380,,100366,,,,,Active Customer,100049,,,,,100171,Back Office,100753,,100111,,103608
100742,Opportunity,105284,morgan.ivanov@demomail.test,Marco Whitfield,2026-04-05 17:05:00,avery.haddad@demomail.test,Liam Sloan,2025-05-14 12:39:00,skyler.reyes@sampleco.test,Fatima Larsson,2026-04-27 18:26:00,rowan.haddad@demomail.test,,2025-07-04 19:57:00,Y,Beacon Foods Co - Recruiting,,100259,Proposal Sent,100520,,LOT-1417,100146,LOT-7661,103467,,,,Cold Outreach,,Active,,,,,,,,100063,,,,100694,"22,988",,Diego Cohen,101513,,,,New Logo,100780,,,,100146,,,,,100741,,Prospect,100694,,,,,100535,Consulting,,,100305,,
100017,Opportunity,105287,emerson.sato@examplecorp.test,Reese Kim,2024-07-28 14:21:00,aisha.ivanov@sampleco.test,Morgan Sato,2025-02-10 08:23:00,arjun.vance@examplecorp.test,Aisha Ford,2023-02-25 22:22:00,riley.whitfield@acme-fake.test,,2025-03-03 19:38:00,Y,Brightpath Partners LLP - Recruiting,,100111,Closed Won,100182,LOT-6392,SKU-5249,100475,REF-7992,103422,,,,Partner,100291,Inactive,,,,,,100445,,,,,Alpha,100336,"9,961",,Jamie Cohen,101691,100449,LOT-6722,100012,New Logo,,,,,100440,,100037,,,,,Active Customer,100565,,,,,100314,Back Office,100360,,100588,,103459
100313,Opportunity,105290,marco.ford@demomail.test,Fatima Ivanov,2024-10-31 23:00:00,rahul.okafor@sampleco.test,Marco Sloan,2026-04-18 05:57:00,elena.silva@demomail.test,Arjun Blake,2026-01-28 21:04:00,quinn.cohen@examplecorp.test,,2025-10-04 23:26:00,N,Vertex Energy Corp - Offshore Team,,100789,Proposal Sent,100325,SKU-6653,TAG-7842,100148,LOT-2357,104787,,,,Partner,,Active,,,,,,,,,,"348,702",,100765,"8,982",2406,Rowan Reyes,101687,100206,LOT-4940,100593,Enterprise,100132,,,,100180,,100744,,,100176,,Active Customer,100637,,,,,100799,Offshore Team,,,100454,,
100452,Opportunity,105293,quinn.mensah@examplecorp.test,Jordan Haddad,2025-02-18 06:53:00,reese.ford@acme-fake.test,Arjun Mercer,2024-12-16 11:55:00,elena.vance@demomail.test,Reese Dorsey,2023-11-25 22:23:00,jamie.rossi@examplecorp.test,,2023-05-27 03:53:00,N,Falcon Logistics LLC - Recruiting,,100457,Discovery,100765,,TAG-9283,100200,TAG-8443,103520,,,,Webinar,100272,Active,,,,,,,,,,,,,"6,633",,Rahul Mercer,101007,100475,TAG-4569,100717,New Logo,100620,,,,100209,,100786,,,100603,,Prospect,100134,,,,,100542,Payroll,100146,,100477,,102327
100538,Opportunity,105296,diego.sloan@sampleco.test,Taylor Kim,2023-11-10 22:32:00,alex.dorsey@demomail.test,Casey Mercer,2023-02-02 11:18:00,arjun.nguyen@acme-fake.test,Aisha Silva,2022-11-23 15:46:00,yara.okafor@examplecorp.test,,2025-01-16 07:40:00,N,Horizon Networks Ltd - Managed Services,,100749,Discovery,100189,,REF-1909,100613,,103647,,,,Inbound Call,100236,Active,,,,,,100126,,100272,,,Delta,,"39,835",1340,Omar Sato,101707,,TAG-9209,,New Logo,100267,,,,100281,,,,,,,Active Customer,100498,,,,,100171,Managed Services,100034,,100005,,103309
100780,Opportunity,105298,diego.brooks@demomail.test,Rahul Mercer,2023-10-26 09:10:00,priya.mercer@demomail.test,Nina Ashby,2024-06-22 15:56:00,rahul.silva@sampleco.test,Omar Brooks,2023-02-22 01:18:00,nina.garcia@demomail.test,,2023-03-22 15:17:00,Y,Redwood Networks Ltd - Payroll,,100588,Dead,100469,,LOT-9037,100497,TAG-8010,101919,,,,Partner,100622,Inactive,,,,,,100487,,100382,,"405,693",Delta,,"23,046",8294,Liam Garcia,,,TAG-5557,100454,SMB,,,,,100255,,100443,,,100184,,Prospect,100153,,,,,,Back Office,,,100496,,104373
100348,Opportunity,105300,elena.okafor@sampleco.test,Taylor Brooks,2023-11-24 02:35:00,rowan.ivanov@sampleco.test,Alex Reyes,2024-09-27 06:27:00,riley.dorsey@examplecorp.test,Sofia Mensah,2024-06-02 20:44:00,riley.silva@sampleco.test,,2025-04-29 16:55:00,Y,Redwood Ventures Group - Payroll,,,Negotiation,100285,,SKU-7865,100490,LOT-1812,102605,,,,Event,100723,Active,,,,,,100646,,,,"101,442",Beta,100119,"16,590",4853,Liam Dorsey,101302,100767,TAG-6585,100164,New Logo,,,,,100009,,100020,,,100012,,Active Customer,100113,,,,,100251,Staff Augmentation,,,100041,,
100382,Opportunity,105301,yara.whitfield@sampleco.test,Arjun Cohen,2026-04-30 03:18:00,mei.sloan@sampleco.test,Drew Ashby,2023-07-27 13:41:00,arjun.dorsey@demomail.test,Diego Brooks,2024-11-12 12:53:00,marco.patel@examplecorp.test,,2025-03-30 15:23:00,Y,Ironwood Partners Corp - Consulting,,,Discovery,100217,,TAG-7894,100313,SKU-3587,103006,,,,Cold Outreach,100447,Active,,,,,,100418,,,,"313,934",Other,,"17,816",5571,Mei Sato,100862,100637,,,SMB,,,,,100173,,,,,100053,,Active Customer,100497,,,,,100305,Payroll,,,100694,,102457
100184,Opportunity,105304,avery.costa@sampleco.test,Jamie Nguyen,2026-05-08 05:05:00,jordan.kim@acme-fake.test,Emerson Cohen,2024-01-25 03:15:00,chen.ivanov@examplecorp.test,Reese Dorsey,2023-12-30 23:07:00,aisha.silva@demomail.test,,2025-06-27 03:46:00,N,Summit Retail Co - Payroll,,100382,Closed Won,100672,,SKU-8574,100370,TAG-8206,102444,,,,Website,,Inactive,,,,,,100477,,100344,,"74,418",Beta,,,,Skyler Silva,,,,100587,SMB,,,,,100008,,100044,,,,,Active Customer,100803,,,,,,Back Office,,,100597,,103157
100634,Opportunity,105306,skyler.costa@acme-fake.test,Casey Blake,2022-12-14 03:54:00,mei.cohen@examplecorp.test,Arjun Whitfield,2023-10-31 01:07:00,morgan.rossi@acme-fake.test,Alex Cohen,2023-08-08 16:31:00,jordan.calder@demomail.test,,2026-01-17 14:21:00,Y,Summit Dynamics Corp - Back Office,,,Negotiation,100376,,LOT-3196,100526,SKU-7904,,,,,Cold Outreach,100482,Active,,,,,,100079,,,,,,100015,"24,503",,Arjun Larsson,101395,,TAG-3860,,Standard,,,,,100772,,100753,,,100708,,Prospect,100616,,,,,,Managed Services,,,100272,,103346
100051,Opportunity,105308,mei.rossi@examplecorp.test,Fatima Larsson,2024-05-07 16:30:00,omar.blake@acme-fake.test,Quinn Brooks,2024-03-19 13:25:00,riley.whitfield@demomail.test,Aisha Mensah,2026-07-01 16:59:00,chen.mercer@examplecorp.test,,2022-12-26 07:41:00,Y,Summit Systems Co - Payroll,,,Discovery,100185,,LOT-1066,100530,TAG-7063,103498,,,,Referral,100151,Active,,,,,,100627,,100091,,"234,892",,100758,"39,117",5318,Casey Larsson,101269,100275,,100456,Enterprise,,,,,100449,,100579,,,100212,,Active Customer,100178,,,,,100328,Offshore Team,100610,,100049,,102256
100408,Opportunity,105311,priya.dorsey@sampleco.test,Yara Dorsey,2023-09-04 13:56:00,riley.mensah@examplecorp.test,Elena Brooks,2025-06-19 21:49:00,sofia.calder@demomail.test,Drew Okafor,2023-01-25 06:02:00,liam.mercer@demomail.test,,2023-12-26 09:54:00,Y,Beacon Robotics LLP - Offshore Team,,100383,Closed Lost,100717,TAG-3340,SKU-4302,100449,SKU-3035,102153,,,,Inbound Call,,Inactive,,,,,,100474,,,,"156,849",,,"39,521",,Skyler Ford,101727,,SKU-2789,,Enterprise,100741,,,,100090,,100709,,,100215,,Active Customer,100702,,,,,100363,Recruiting,100664,,100119,Gamma,
100353,Opportunity,105314,elena.ivanov@sampleco.test,Fatima Ivanov,2026-05-10 17:49:00,noah.nguyen@demomail.test,Jordan Nguyen,2025-01-03 01:00:00,elena.patel@acme-fake.test,Avery Cohen,2025-04-17 02:58:00,nina.silva@acme-fake.test,,2026-02-02 12:24:00,Y,Northwind Labs Co - Back Office,,,Closed Lost,100454,REF-5608,SKU-5465,100780,LOT-7931,104827,,,,Event,100649,Inactive,,,,,,100571,,100443,,,,100053,,,Arjun Dorsey,100883,100257,TAG-2228,100215,Standard,100449,,,,100339,,,,,,,Active Customer,100638,,,,,100658,Back Office,100755,,100153,,
100800,Opportunity,105317,fatima.whitfield@acme-fake.test,Taylor Silva,2025-10-03 15:55:00,avery.haddad@sampleco.test,Nina Ford,2024-06-14 22:29:00,jamie.whitfield@acme-fake.test,Aisha Sloan,2024-10-12 20:37:00,sofia.okafor@sampleco.test,,2025-03-29 22:31:00,N,Lakeside Analytics LLC - Offshore Team,,100477,Negotiation,100440,,TAG-2043,100356,LOT-3045,104224,,,,Partner,100189,Active,,,,,,100688,,100421,,,Alpha,100744,"37,926",,Alex Rossi,100911,100345,SKU-6573,,Renewal,100239,,,,100551,,100091,,,100532,,Active Customer,100704,,,,,100712,Managed Services,,,100784,,101967
100658,Opportunity,105319,elena.ivanov@sampleco.test,Fatima Rossi,2022-10-14 12:09:00,rahul.blake@demomail.test,Rowan Vance,2025-06-17 03:30:00,chen.nguyen@sampleco.test,Emerson Mensah,2024-01-25 09:20:00,rowan.ivanov@acme-fake.test,,2023-04-12 17:09:00,Y,Beacon Group Ltd - Staff Augmentation,,,Closed Won,100314,SKU-9390,TAG-4323,100376,SKU-4920,104652,,,,Event,,Inactive,,,,,,100015,,,,"184,916",,,"30,278",,Liam Blake,101557,100579,,100015,Renewal,100780,,,,100189,,,,,,,Prospect,100376,,,,,,Back Office,,,100750,,103272
100169,Opportunity,105320,riley.vance@demomail.test,Skyler Ford,2025-07-19 07:58:00,jordan.costa@acme-fake.test,Liam Mensah,2026-01-31 09:06:00,jordan.cohen@sampleco.test,Alex Reyes,2024-07-05 06:39:00,arjun.haddad@acme-fake.test,,2023-04-11 21:34:00,N,Keystone Holdings Group - Back Office,,100679,Negotiation,100156,,LOT-1654,100251,SKU-8536,102862,,,,Referral,,Active,,,,,,100213,,100044,,"94,200",,,"13,614",2805,Avery Whitfield,101669,,REF-4623,100120,New Logo,100500,,,,100005,,100759,,,100468,,Prospect,100759,,,,,,Recruiting,,,100259,,102754
100726,Opportunity,105323,diego.rossi@acme-fake.test,Casey Vance,2026-01-15 22:10:00,yara.sato@acme-fake.test,Avery Dorsey,2024-07-16 01:21:00,riley.costa@acme-fake.test,Riley Ivanov,2025-09-04 04:45:00,arjun.nguyen@acme-fake.test,,2023-04-01 02:38:00,N,Beacon Financial - Consulting,,,Closed Lost,100060,,LOT-2377,100750,REF-8850,103745,,,,Event,100763,Inactive,,,,,,100041,,,,"38,598",Alpha,,"3,918",,Casey Mensah,101196,100091,,100722,New Logo,100418,,,,100134,,,Alpha,,100348,,Prospect,100704,,,,,100342,Back Office,100487,,100389,,104596
100613,Opportunity,105326,quinn.silva@sampleco.test,Avery Silva,2023-06-23 01:19:00,liam.silva@sampleco.test,Chen Sloan,2023-08-28 18:48:00,riley.dorsey@examplecorp.test,Priya Sloan,2022-12-20 00:46:00,drew.calder@acme-fake.test,,2024-10-28 18:05:00,Y,Falcon Foods Co - Back Office,,100134,Closed Won,100603,,LOT-6541,100527,LOT-8722,102160,,,,Partner,100302,Inactive,,,,,,,,,,"98,899",Gamma,100800,"39,779",,Taylor Vance,101418,100627,,100717,SMB,100628,,,,100119,,100200,,,,,Prospect,100062,,,,,,Recruiting,100735,,100684,,
100267,Opportunity,105327,sofia.cohen@examplecorp.test,Chen Mensah,2024-01-22 10:08:00,quinn.haddad@acme-fake.test,Noah Whitfield,2023-06-30 12:25:00,emerson.calder@demomail.test,Jamie Costa,2023-02-02 11:36:00,reese.haddad@sampleco.test,Drew Garcia,2024-02-18 00:22:00,Y,Northwind Partners Corp - Consulting,,100101,Discovery,100475,LOT-2763,TAG-7252,100610,,103103,,,,LinkedIn,,Active,,,,,,100613,,100688,,,Delta,100500,"31,841",,Alex Mensah,101514,,,,New Logo,100715,,,,100673,,,,,,,Prospect,100694,,,,,,Recruiting,100051,,100497,,101949
100243,Opportunity,105329,reese.sato@examplecorp.test,Arjun Cohen,2023-04-15 21:55:00,taylor.brooks@examplecorp.test,Avery Ivanov,2025-05-20 03:45:00,rowan.ivanov@demomail.test,Aisha Nguyen,2024-12-30 07:40:00,alex.vance@demomail.test,,2025-02-21 10:06:00,Y,Horizon Ventures Inc - Consulting,,,Discovery,100627,SKU-6492,REF-7383,100099,LOT-4889,103846,,,,Webinar,,Active,,,,,,100060,,100029,,,,,"25,940",3325,Liam Rossi,,,,100136,SMB,100232,,,,100803,,,,,100343,,Prospect,100464,,,,,100759,Back Office,,,100336,,102069
100459,Opportunity,105332,taylor.okafor@examplecorp.test,Jordan Whitfield,2024-10-26 02:42:00,nina.costa@acme-fake.test,Mei Dorsey,2024-11-02 23:59:00,fatima.cohen@sampleco.test,Aisha Mercer,2023-03-07 19:02:00,reese.blake@acme-fake.test,,2022-11-30 06:44:00,Y,Beacon Labs Ltd - Recruiting,,100080,Proposal Sent,100120,,LOT-1183,100398,SKU-6591,104191,,,,Event,,Active,,,,,,100239,,100128,,,,100468,"14,127",,Arjun Sato,100986,,,,New Logo,100090,,,,100205,,100360,,,,,Active Customer,100607,,,,,,Payroll,,,100415,,103229
100314,Opportunity,105334,omar.ford@examplecorp.test,Riley Whitfield,2025-09-15 10:37:00,marco.garcia@sampleco.test,Priya Sato,2025-04-03 02:29:00,chen.dorsey@sampleco.test,Omar Blake,2025-07-04 16:39:00,aisha.ford@acme-fake.test,,2024-07-28 17:43:00,Y,Everest Systems Group - Managed Services,,100454,On Hold,100426,,SKU-4171,100620,REF-3917,103306,,,,Inbound Call,,Active,,,,,,100380,,,,"460,859",,,"9,936",6123,Quinn Dorsey,101121,100280,TAG-4036,,New Logo,100617,,,,100741,,,,,100012,,Prospect,100800,,,,,100308,Recruiting,100275,,100798,,103151
100527,Opportunity,105335,mei.silva@examplecorp.test,Alex Reyes,2024-04-01 06:35:00,alex.mensah@demomail.test,Liam Vance,2025-05-04 10:54:00,taylor.mensah@examplecorp.test,Taylor Larsson,2025-09-02 20:40:00,emerson.vance@acme-fake.test,,2024-01-24 08:50:00,Y,Copper Robotics - Managed Services,,100091,Closed Won,100370,,SKU-7668,100290,SKU-9987,104043,,,,Cold Outreach,,Inactive,,,,,,,,100386,,"346,684",Alpha,,"4,532",,Casey Sato,101574,100213,TAG-4078,100542,SMB,100111,,,,100591,,100467,,,100597,,Active Customer,100607,,,,,100634,Consulting,,,100774,,
100753,Opportunity,105336,alex.okafor@acme-fake.test,Fatima Ford,2026-01-05 07:02:00,diego.dorsey@examplecorp.test,Drew Blake,2023-02-10 18:04:00,morgan.silva@examplecorp.test,Elena Patel,2025-11-16 13:30:00,casey.larsson@sampleco.test,,2023-03-26 23:44:00,N,Copper Financial - Recruiting,,100503,Closed Lost,100113,,REF-2981,100015,SKU-7719,102614,,,,LinkedIn,100780,Inactive,,,,,,100473,,,,,,100334,"39,677",1749,Skyler Ford,101511,100717,,100646,Renewal,100624,,,,100760,,100111,,,100164,,Prospect,100482,,,,,,Offshore Team,,,100049,,
100715,Opportunity,105338,yara.sloan@demomail.test,Jamie Ivanov,2024-08-17 10:18:00,emerson.mensah@sampleco.test,Rowan Haddad,2024-01-31 01:41:00,casey.sloan@sampleco.test,Rowan Garcia,2024-11-28 15:47:00,omar.mercer@sampleco.test,,2025-10-30 02:17:00,Y,Falcon Logistics Group - Offshore Team,,100755,Discovery,100498,SKU-7523,REF-4862,100293,,102895,,,,Webinar,100094,Active,,,,,,100708,,100180,,,,,"20,200",,Emerson Whitfield,,100212,,,SMB,,,,,100673,,,,,,,Active Customer,100139,,,,,100314,Staff Augmentation,100798,,100377,,
100523,Opportunity,105341,alex.larsson@examplecorp.test,Noah Larsson,2023-08-19 21:39:00,omar.sloan@examplecorp.test,Fatima Haddad,2024-03-08 13:43:00,alex.mercer@acme-fake.test,Omar Nguyen,2026-02-19 00:49:00,jordan.larsson@demomail.test,,2024-06-22 07:44:00,N,Northwind Financial - Consulting,,100239,Closed Lost,100136,,REF-4838,100513,SKU-4857,102441,,,,Event,,Inactive,,,,,,100383,,100685,,,,,"6,204",,Liam Rossi,101745,,REF-1547,100492,Enterprise,,,,,100376,,,,,100280,,Active Customer,100269,,,,,,Recruiting,100642,,100123,,
100587,Opportunity,105342,marco.larsson@sampleco.test,Sofia Whitfield,2024-05-01 00:07:00,marco.vance@acme-fake.test,Omar Mensah,2023-10-29 09:45:00,emerson.vance@sampleco.test,Jordan Calder,2025-02-07 09:38:00,chen.brooks@acme-fake.test,,2026-04-29 12:36:00,N,Blue Ridge Energy Ltd - Staff Augmentation,,,Qualification,100070,LOT-5126,TAG-4169,100767,LOT-8783,103901,,,,LinkedIn,,Active,,,,,,100543,,,,"50,004",,,"15,942",,Noah Calder,100814,,SKU-8207,100360,New Logo,,,,,100360,,100192,,,100094,,Active Customer,100217,,,,,,Back Office,100676,,100005,,
100206,Opportunity,105343,priya.cohen@sampleco.test,Arjun Mensah,2026-03-28 14:41:00,liam.sato@sampleco.test,Chen Sato,2025-12-11 03:31:00,rahul.silva@sampleco.test,Diego Costa,2026-06-09 09:36:00,alex.ashby@examplecorp.test,,2023-02-23 18:35:00,Y,Evergreen Systems Inc - Staff Augmentation,,100690,Closed Won,100086,,LOT-1277,100490,TAG-2048,102348,,,,Webinar,100122,Inactive,,,,,,100542,,100049,,"50,272",,100073,"9,702",,Mei Kim,100857,100652,REF-3966,100053,Renewal,100251,,,,100164,,100329,,,,,Active Customer,100156,,,,,100798,Payroll,100511,,100440,,
100314,Opportunity,105345,yara.sloan@sampleco.test,Drew Ashby,2026-02-24 10:50:00,elena.whitfield@examplecorp.test,Rahul Calder,2025-06-16 06:00:00,drew.ivanov@acme-fake.test,Rowan Blake,2025-07-04 15:18:00,riley.sato@acme-fake.test,,2025-01-27 21:25:00,Y,Brightpath Robotics Group - Staff Augmentation,,,Proposal Sent,100432,LOT-3195,SKU-3479,100371,SKU-5870,103158,,,,Inbound Call,100494,Active,,,,,,,,100182,,"308,152",,100796,"36,782",9803,Avery Vance,,100631,REF-1768,,Standard,100040,,,,100142,,100343,,,,,Prospect,100360,,,,,100563,Managed Services,,,100117,,102205
100254,Opportunity,105347,rowan.costa@demomail.test,Rahul Okafor,2023-10-08 14:14:00,fatima.sato@acme-fake.test,Chen Mercer,2025-07-23 03:25:00,mei.reyes@acme-fake.test,Marco Patel,2025-04-17 14:25:00,sofia.nguyen@examplecorp.test,,2023-05-17 11:54:00,Y,Blue Ridge Logistics Corp - Consulting,,100241,Closed Won,100391,,REF-8864,100309,LOT-5410,103440,,,,Partner,,Inactive,,,,,,,,100573,,"445,522",,100344,"4,699",,Riley Reyes,101650,100178,LOT-9957,100293,New Logo,100308,,,,100729,,100803,,,,,Prospect,100759,,,,,100288,Staff Augmentation,100455,,100164,,
100107,Opportunity,105349,elena.vance@demomail.test,Arjun Whitfield,2025-06-07 04:04:00,marco.nguyen@sampleco.test,Drew Mensah,2024-09-16 21:27:00,jordan.nguyen@sampleco.test,Chen Ivanov,2026-05-13 19:27:00,riley.sloan@acme-fake.test,,2024-12-03 14:38:00,Y,Harbor Capital Ltd - Back Office,,,Closed Lost,100574,TAG-6780,SKU-8439,100676,TAG-2331,102695,,,,LinkedIn,100091,Inactive,,,,,,100454,,100494,,,,100753,"34,276",,Arjun Brooks,101029,,LOT-8088,100139,Standard,100631,,,,100117,,,,,100410,,Active Customer,100308,,,,,,Managed Services,,,100408,,
100470,Opportunity,105352,rahul.ivanov@sampleco.test,Arjun Calder,2025-11-02 12:11:00,riley.garcia@acme-fake.test,Yara Cohen,2023-01-13 06:37:00,diego.blake@examplecorp.test,Mei Mercer,2024-05-06 05:58:00,fatima.haddad@examplecorp.test,,2023-05-27 00:05:00,N,Horizon Logistics LLC - Managed Services,,100467,Dead,100161,,LOT-7819,100177,TAG-5682,102213,,,,Event,100734,Inactive,,,,,,100192,,,,"311,780",,,"7,298",,Drew Silva,101727,100380,TAG-6515,,Standard,100565,,,,100620,,100418,,,,,Active Customer,100694,,,,,,Payroll,,,100009,,
100786,Opportunity,105354,priya.blake@demomail.test,Quinn Ashby,2024-05-15 17:09:00,mei.mercer@examplecorp.test,Jamie Kim,2025-04-13 22:11:00,nina.mensah@sampleco.test,Alex Vance,2023-12-04 12:15:00,taylor.okafor@sampleco.test,,2026-05-17 15:51:00,N,Cobalt Dynamics LLC - Managed Services,,100076,Qualification,100539,,REF-1119,100122,LOT-4031,104006,,,,Cold Outreach,,Active,,,,,,100240,,,,"334,300",,,,,Jordan Mensah,,,REF-6029,100479,Renewal,100393,,,,100177,,,,,,,Active Customer,100241,,,,,,Offshore Team,100604,,100389,,102564
100168,Opportunity,105357,taylor.mercer@examplecorp.test,Casey Blake,2023-08-07 15:39:00,omar.rossi@sampleco.test,Elena Sloan,2023-03-29 03:30:00,yara.ivanov@sampleco.test,Omar Reyes,2025-05-18 13:19:00,taylor.costa@acme-fake.test,,2026-03-31 23:20:00,N,Vertex Media Inc - Staff Augmentation,,,Closed Lost,100277,,SKU-7386,100099,TAG-3421,103516,,,,Inbound Call,100487,Inactive,,,,,,,,,,,,100186,"18,425",2625,Morgan Ivanov,,100374,,100481,SMB,100481,,,,100560,,100034,,,,,Active Customer,100340,,,,,,Recruiting,,,100447,,104317
100255,Opportunity,105360,mei.kim@demomail.test,Diego Kim,2022-11-04 03:38:00,drew.kim@acme-fake.test,Drew Nguyen,2024-04-13 19:25:00,skyler.ivanov@examplecorp.test,Yara Reyes,2025-02-22 02:25:00,rowan.dorsey@examplecorp.test,,2024-04-11 00:42:00,N,Lakeside Logistics Co - Staff Augmentation,,100040,Discovery,100417,REF-8937,SKU-9560,100454,TAG-1354,102906,,,,Cold Outreach,100782,Active,,,,,,100377,,100310,,,Alpha,,"2,392",5366,Aisha Okafor,101434,,,100798,Standard,100652,,,,100449,,100705,,,100015,,Active Customer,100243,,,,,100393,Managed Services,,,100792,,
100539,Opportunity,105361,marco.calder@sampleco.test,Avery Silva,2025-01-10 15:12:00,alex.rossi@sampleco.test,Alex Okafor,2024-10-22 16:38:00,rahul.garcia@examplecorp.test,Rowan Silva,2023-02-25 12:29:00,sofia.kim@examplecorp.test,,2025-01-10 22:28:00,N,Falcon Media LLC - Payroll,,,Proposal Sent,100153,,LOT-1377,100470,,104218,,,,Cold Outreach,100482,Active,,,,,,,,100026,,"462,757",Gamma,,"37,195",,Arjun Brooks,101444,100245,TAG-3827,100153,Enterprise,,,,,100277,,,,,100234,,Prospect,100094,,,,,,Staff Augmentation,100574,,100490,,103020
100400,Opportunity,105363,drew.ivanov@acme-fake.test,Elena Mercer,2023-10-27 03:44:00,taylor.patel@examplecorp.test,Jordan Haddad,2025-03-25 20:54:00,liam.mensah@acme-fake.test,Quinn Patel,2025-04-26 13:49:00,quinn.nguyen@acme-fake.test,,2022-11-16 03:33:00,N,Cobalt Logistics LLP - Offshore Team,,100403,Closed Won,100686,,SKU-4689,100290,LOT-4516,,,,,Webinar,100241,Inactive,,,,,,,,100037,,"150,061",,,,,Reese Patel,,,,100352,New Logo,,,,,100062,,,,,100188,,Prospect,100468,,,,,100235,Staff Augmentation,100182,,100329,,104151
100546,Opportunity,105364,casey.garcia@demomail.test,Sofia Mercer,2023-12-12 06:59:00,aisha.larsson@acme-fake.test,Liam Ford,2023-03-11 14:14:00,omar.costa@acme-fake.test,Alex Blake,2024-08-05 04:42:00,sofia.mensah@acme-fake.test,,2024-08-15 23:02:00,Y,Evergreen Health Inc - Consulting,,100015,Proposal Sent,100500,,LOT-4428,100750,REF-2211,103243,,,,Cold Outreach,100351,Active,,,,,,100704,,100323,,"248,302",,,"37,280",6046,Liam Cohen,101773,100690,,100319,Renewal,,,,,100060,,,,,,,Prospect,100360,,,,,100209,Back Office,100340,,100634,,
100625,Opportunity,105365,priya.cohen@demomail.test,Drew Sato,2024-11-28 06:36:00,jordan.cohen@acme-fake.test,Diego Mercer,2024-04-10 10:10:00,diego.brooks@acme-fake.test,Avery Ivanov,2025-06-17 15:56:00,emerson.dorsey@sampleco.test,,2023-11-08 22:14:00,Y,Redwood Analytics Co - Payroll,,100111,Qualification,100632,,REF-8807,100356,SKU-2932,103433,,,,LinkedIn,,Active,,,,,,,,,,"451,687",Beta,100426,"23,797",,Elena Brooks,,100353,,,SMB,100293,,,,100141,,,,,100014,,Prospect,100186,,,,,100165,Payroll,100285,,100792,,103303
100552,Opportunity,105367,quinn.silva@acme-fake.test,Skyler Sato,2023-10-12 18:25:00,diego.okafor@demomail.test,Quinn Reyes,2023-07-02 03:50:00,arjun.reyes@acme-fake.test,Morgan Rossi,2023-02-19 09:52:00,yara.whitfield@demomail.test,,2026-01-04 17:38:00,Y,Cobalt Energy Ltd - Consulting,,,Closed Lost,100142,,SKU-9383,100784,TAG-1837,104383,,,,Website,,Inactive,,,,,,100169,,100576,,,Beta,100500,"35,313",,Rahul Ford,,,,100530,Enterprise,100017,,,,100526,,100443,,,100156,,Prospect,100511,,,,,100445,Payroll,,,100770,,
100694,Opportunity,105370,quinn.sloan@examplecorp.test,Skyler Okafor,2026-06-22 05:24:00,jamie.dorsey@demomail.test,Rowan Blake,2023-12-05 18:44:00,priya.vance@examplecorp.test,Morgan Costa,2026-04-10 04:37:00,quinn.ford@examplecorp.test,,2024-07-12 07:57:00,N,Redwood Retail LLP - Payroll,,100148,Discovery,100786,LOT-1889,LOT-4747,100585,SKU-1297,104193,,,,Inbound Call,100070,Active,,,,,,100696,,100120,,,Other,,"12,915",4029,Alex Mercer,,100569,SKU-3291,,SMB,100216,,,,100189,,,,,100224,,Prospect,100134,,,,,100136,Recruiting,100097,,100543,,102650
100742,Opportunity,105371,emerson.calder@sampleco.test,Diego Brooks,2025-09-22 07:31:00,jordan.nguyen@demomail.test,Avery Rossi,2024-07-21 17:33:00,nina.whitfield@examplecorp.test,Diego Sato,2023-04-08 16:01:00,yara.nguyen@examplecorp.test,,2023-02-16 11:18:00,N,Lakeside Systems Group - Recruiting,,100234,Closed Lost,100014,TAG-3489,REF-6791,100457,,104479,,,,Webinar,,Inactive,,,,,,100042,,100753,,,Gamma,,"39,565",5908,Emerson Silva,,100370,,,Renewal,100641,,,,100596,,100750,,,,,Prospect,100066,,,,,,Managed Services,100616,,100443,,102471
100503,Opportunity,105373,rowan.ford@sampleco.test,Marco Cohen,2023-06-12 10:39:00,mei.larsson@sampleco.test,Skyler Sato,2025-04-22 18:24:00,rahul.rossi@demomail.test,Jordan Mercer,2024-08-02 07:26:00,aisha.okafor@examplecorp.test,,2024-04-19 06:03:00,N,Beacon Financial Ltd - Managed Services,,100672,Proposal Sent,100429,,SKU-1360,100360,,102737,,,,LinkedIn,100395,Active,,,,,,,,,,,Delta,100405,,,Rowan Sato,101457,,TAG-6175,,SMB,100464,,,,100277,,,,,,,Active Customer,100322,,,,,100681,Staff Augmentation,100513,,100793,,102222
100492,Opportunity,105374,elena.reyes@acme-fake.test,Liam Okafor,2025-05-25 00:41:00,priya.ford@examplecorp.test,Emerson Rossi,2023-03-06 02:31:00,mei.blake@sampleco.test,Mei Mercer,2023-08-01 11:54:00,aisha.mercer@sampleco.test,,2024-07-10 19:51:00,N,Cobalt Labs Inc - Consulting,,100012,Dead,100554,TAG-9618,TAG-9350,100568,LOT-5896,103798,,,,Partner,100799,Inactive,,,,,,100434,,100298,,"405,544",Alpha,100624,"28,936",6539,Emerson Sloan,101085,,,100336,New Logo,100457,,,,100255,,100735,,,,,Active Customer,100223,,,,,,Managed Services,100120,,100494,,104563
100726,Opportunity,105377,aisha.silva@demomail.test,Chen Ashby,2022-10-08 06:15:00,casey.reyes@sampleco.test,Skyler Larsson,2023-07-21 18:08:00,elena.haddad@sampleco.test,Omar Vance,2024-12-18 14:44:00,elena.brooks@sampleco.test,,2023-05-29 22:36:00,Y,Blue Ridge Media Corp - Managed Services,,100770,Negotiation,100328,,REF-9984,100784,REF-7855,103761,,,,Cold Outreach,,Active,,,,,,,,100189,,,,100158,,,Yara Whitfield,101089,100257,,,Enterprise,100305,,,,100314,,100558,,,,,Active Customer,100172,,,,,,Payroll,100527,,100234,,
100224,Opportunity,105378,mei.costa@examplecorp.test,Chen Sloan,2024-06-14 01:07:00,elena.ivanov@acme-fake.test,Nina Whitfield,2025-01-14 21:33:00,avery.costa@acme-fake.test,Riley Kim,2023-10-17 16:10:00,reese.blake@demomail.test,Taylor Nguyen,2023-03-11 23:19:00,N,Ironwood Energy - Managed Services,,100798,Negotiation,100075,,SKU-1612,100607,TAG-3465,103796,,,,Event,100429,Active,,,,,,100664,,100069,,,,100672,"9,584",,Rowan Costa,101338,,REF-8473,100627,Renewal,,,,,100344,,,,,,,Active Customer,100467,,,,,,Consulting,,,100496,,
100535,Opportunity,105380,skyler.mercer@acme-fake.test,Rahul Blake,2024-07-28 14:40:00,omar.nguyen@acme-fake.test,Rowan Mercer,2025-12-26 09:29:00,arjun.sloan@sampleco.test,Morgan Ashby,2025-04-03 23:48:00,liam.kim@acme-fake.test,,2025-08-18 07:51:00,N,Brightpath Media Corp - Recruiting,,100473,Negotiation,100731,,REF-5543,100792,SKU-7468,104269,,,,Event,100735,Active,,,,,,,,,,"146,414",,100516,"18,028",,Jamie Sloan,101552,100765,SKU-7307,,SMB,,,,,100158,,100079,,,100076,,Active Customer,100037,,,,,100251,Consulting,,,100479,,
100111,Opportunity,105383,taylor.kim@demomail.test,Rahul Cohen,2026-06-20 06:56:00,taylor.cohen@demomail.test,Omar Blake,2023-09-30 01:39:00,jordan.mercer@sampleco.test,Sofia Garcia,2023-07-10 13:52:00,priya.cohen@demomail.test,,2023-03-11 16:17:00,Y,Brightpath Dynamics Ltd - Recruiting,,,Closed Won,100301,SKU-4986,SKU-8097,100456,REF-7264,103471,,,,Partner,100041,Inactive,,,,,,100503,,100288,,"206,943",,,,148,Rahul Haddad,101215,100089,REF-6567,100010,Standard,,,,,100799,,,Standard,,100368,,Active Customer,100454,,,,,,Consulting,100197,,100475,,102136
100182,Opportunity,105385,mei.cohen@acme-fake.test,Drew Kim,2025-09-01 18:33:00,riley.blake@acme-fake.test,Emerson Nguyen,2025-07-12 16:19:00,quinn.mercer@sampleco.test,Taylor Haddad,2024-06-03 19:54:00,omar.kim@examplecorp.test,,2024-09-29 18:02:00,N,Granite Health Ltd - Payroll,,100188,Proposal Sent,100234,TAG-8651,LOT-7826,100269,SKU-6415,,,,,Website,100063,Active,,,,,,100062,,100243,,,Other,100010,"11,482",,Elena Ivanov,100892,,TAG-2941,,Enterprise,,,,,100041,,100182,Beta,,100169,,Active Customer,100272,,,,,100616,Back Office,100302,,100420,,
100486,Opportunity,105386,chen.reyes@examplecorp.test,Nina Garcia,2023-11-15 09:26:00,elena.mercer@sampleco.test,Fatima Silva,2022-10-28 01:24:00,omar.calder@acme-fake.test,Skyler Blake,2025-05-27 21:02:00,fatima.cohen@demomail.test,,2022-10-30 12:29:00,Y,Beacon Networks Co - Staff Augmentation,,,On Hold,100285,,TAG-9264,100329,LOT-7462,102765,,,,Webinar,100380,Active,,,,,,,,100568,,"491,723",Alpha,100777,"26,532",9856,Rahul Ashby,101130,100172,LOT-8748,100569,New Logo,100328,,,,100452,,,,,,,Active Customer,100334,,,,,,Managed Services,100146,,100551,,
100516,Opportunity,105389,omar.blake@demomail.test,Jamie Whitfield,2025-12-21 11:35:00,avery.garcia@examplecorp.test,Rahul Dorsey,2026-02-06 14:43:00,quinn.cohen@sampleco.test,Jamie Dorsey,2023-05-11 21:09:00,emerson.brooks@sampleco.test,,2025-06-30 21:13:00,Y,Summit Foods Group - Recruiting,,100799,Closed Lost,100434,TAG-3080,LOT-2113,100060,LOT-2763,102253,,,,Website,,Inactive,,,,,,100796,,100432,,"117,723",Delta,100467,"12,868",,Aisha Sloan,101773,,TAG-3824,,Enterprise,100676,,,,100086,,100069,,,,,Active Customer,100729,,,,,100185,Recruiting,100490,,100331,,104467
100552,Opportunity,105391,drew.larsson@examplecorp.test,Nina Brooks,2025-02-09 11:13:00,noah.blake@acme-fake.test,Chen Garcia,2023-03-09 01:54:00,rahul.ivanov@examplecorp.test,Elena Whitfield,2022-12-22 12:54:00,yara.rossi@sampleco.test,,2023-11-28 13:21:00,N,Granite Group Corp - Consulting,,100060,Proposal Sent,100110,SKU-1527,LOT-9560,100518,TAG-5520,104234,,,,Event,,Active,,,,,,100753,,100234,,"22,238",,100380,,4934,Emerson Sloan,101013,,SKU-3796,100060,Renewal,,,,,100334,,100075,,,,,Prospect,100634,,,,,,Consulting,100492,,100132,,
100551,Opportunity,105394,emerson.calder@acme-fake.test,Fatima Costa,2023-10-02 09:01:00,marco.larsson@demomail.test,Rahul Dorsey,2023-11-05 00:04:00,mei.haddad@acme-fake.test,Emerson Ford,2022-12-07 16:55:00,rowan.sloan@acme-fake.test,,2025-04-08 19:04:00,Y,Northwind Networks Inc - Payroll,,100688,Closed Won,100526,,TAG-9667,100322,,102692,,,,Website,,Inactive,,,,,,100134,,100741,,"453,992",Alpha,100234,"32,260",,Alex Dorsey,,100672,,100017,Standard,100685,,,,100467,,100076,,,,,Prospect,100467,,,,,100735,Consulting,,,100282,,103992
100132,Opportunity,105395,arjun.brooks@demomail.test,Nina Blake,2025-12-05 05:56:00,jordan.haddad@demomail.test,Arjun Cohen,2025-09-01 08:42:00,rowan.garcia@examplecorp.test,Avery Garcia,2023-11-30 15:04:00,alex.calder@sampleco.test,,2024-12-18 12:42:00,Y,Granite Energy Group - Back Office,,,Closed Won,100212,,SKU-8583,100454,SKU-1601,104494,,,,Webinar,,Inactive,,,,,,,,,,"75,921",,,"19,746",2560,Skyler Costa,,,,100343,Enterprise,100527,,,,100044,,,,,100477,,Active Customer,100080,,,,,100788,Managed Services,100269,,100371,,103091
100535,Opportunity,105398,rowan.vance@sampleco.test,Noah Ford,2024-04-29 19:12:00,fatima.rossi@examplecorp.test,Omar Kim,2026-04-18 17:55:00,morgan.cohen@examplecorp.test,Omar Costa,2024-02-14 23:17:00,liam.rossi@acme-fake.test,,2024-07-01 01:11:00,N,Delta Health Co - Managed Services,,,Discovery,100177,,SKU-4527,100243,TAG-9127,104577,,,,Event,100151,Active,,,,,,100062,,100560,,"444,621",Gamma,,,,Omar Nguyen,101689,,TAG-8694,100792,SMB,100091,,,,100148,,100574,,,100803,,Active Customer,100171,,,,,,Offshore Team,,,100449,,103595
100646,Opportunity,105401,reese.haddad@sampleco.test,Jamie Garcia,2025-05-02 08:28:00,omar.cohen@demomail.test,Yara Nguyen,2025-05-10 12:22:00,rowan.ashby@examplecorp.test,Emerson Sloan,2025-06-01 23:02:00,priya.ashby@acme-fake.test,,2023-01-13 02:54:00,Y,Blue Ridge Group Co - Payroll,,100786,Closed Lost,100205,REF-9148,LOT-5339,100371,TAG-5105,103113,,,,Cold Outreach,,Inactive,,,,,,100702,,100083,,"411,754",Standard,,"27,870",,Morgan Sloan,101298,,SKU-6211,100156,New Logo,100432,,,,100767,,100110,Standard,,100132,,Active Customer,100474,,,,,100269,Offshore Team,100090,,100760,,103360
100546,Opportunity,105403,casey.reyes@acme-fake.test,Chen Costa,2025-01-05 13:55:00,sofia.silva@sampleco.test,Noah Vance,2026-06-10 06:47:00,yara.nguyen@acme-fake.test,Aisha Sloan,2023-01-25 15:45:00,noah.cohen@demomail.test,,2024-11-27 05:20:00,Y,Northwind Solutions Corp - Recruiting,,,Qualification,100796,,SKU-6304,100473,SKU-7069,104470,,,,Website,,Active,,,,,,,,,,"383,533",Gamma,,"22,844",,Riley Whitfield,101767,,SKU-2471,,New Logo,,,,,100017,,100180,,,100322,,Active Customer,100128,,,,,,Consulting,,,100418,,
100503,Opportunity,105405,rahul.costa@acme-fake.test,Rahul Costa,2023-12-22 17:03:00,skyler.vance@demomail.test,Taylor Okafor,2023-02-04 20:28:00,priya.garcia@examplecorp.test,Alex Ivanov,2026-01-15 13:36:00,rahul.okafor@acme-fake.test,,2025-08-11 07:10:00,Y,Blue Ridge Robotics Inc - Recruiting,,100295,Closed Lost,100117,SKU-1699,SKU-8276,100113,REF-5120,103971,,,,Partner,100136,Inactive,,,,,,100598,,,,,Other,100029,"22,022",,Chen Dorsey,101607,100571,,100591,SMB,100269,,,,100380,,,,,100069,,Prospect,100443,,,,,100723,Back Office,,,100356,Gamma,102674
100298,Opportunity,105408,noah.ford@acme-fake.test,Elena Whitfield,2026-06-22 11:03:00,avery.ivanov@examplecorp.test,Rahul Silva,2024-05-03 17:56:00,skyler.ashby@sampleco.test,Fatima Costa,2022-11-23 05:03:00,sofia.silva@examplecorp.test,,2022-12-14 13:30:00,N,Pioneer Media LLP - Consulting,,,Qualification,100632,,LOT-8727,100171,LOT-2227,103514,,,,Website,100481,Active,,,,,,100215,,,,,Gamma,,"15,498",,Casey Sato,,,SKU-3876,,Enterprise,,,,,100243,,100576,,,100173,,Active Customer,100153,,,,,,Staff Augmentation,100731,,100445,,
100546,Opportunity,105411,aisha.sato@sampleco.test,Drew Dorsey,2025-02-27 09:10:00,fatima.garcia@examplecorp.test,Liam Garcia,2024-05-10 21:29:00,riley.blake@sampleco.test,Elena Okafor,2024-08-08 18:03:00,alex.sloan@demomail.test,,2024-07-24 23:19:00,Y,Harbor Group Ltd - Recruiting,,,On Hold,100670,,REF-7504,100712,SKU-2621,104572,,,,LinkedIn,,Active,,,,,,,,100186,,"23,885",,,,,Taylor Calder,101005,,TAG-1581,100597,New Logo,100023,,,,100275,,100123,,,,,Prospect,100661,,,,,100168,Payroll,100251,,100520,,
100344,Opportunity,105414,quinn.mercer@examplecorp.test,Chen Okafor,2023-04-30 21:16:00,jordan.reyes@demomail.test,Taylor Ford,2023-10-06 03:10:00,diego.brooks@examplecorp.test,Priya Ivanov,2023-02-22 14:36:00,rowan.sloan@sampleco.test,,2023-08-29 04:03:00,N,Falcon Systems Corp - Payroll,,,Closed Won,100291,,SKU-3865,100126,SKU-7307,104442,,,,Website,100243,Inactive,,,,,,,,100180,,,Gamma,,"21,059",4389,Alex Rossi,100931,100738,,100185,Enterprise,100799,,,,100205,,100568,,,,,Prospect,100240,,,,,100165,Recruiting,,,100186,,103678
100799,Opportunity,105417,chen.cohen@sampleco.test,Quinn Vance,2024-09-18 14:09:00,nina.sloan@acme-fake.test,Diego Nguyen,2025-07-20 19:48:00,casey.dorsey@examplecorp.test,Liam Brooks,2025-04-20 03:31:00,aisha.mensah@examplecorp.test,,2026-07-08 01:21:00,N,Horizon Partners LLP - Offshore Team,,100200,Proposal Sent,100563,,TAG-5690,100293,REF-8169,102156,,,,Event,,Active,,,,,,100272,,,,,Alpha,100559,"38,736",,Fatima Calder,101573,,LOT-7257,,Enterprise,100368,,,,100366,,100582,,,,,Prospect,100690,,,,,100086,Payroll,100352,,100708,,104108
100405,Opportunity,105418,taylor.kim@acme-fake.test,Riley Reyes,2025-10-13 12:16:00,elena.calder@examplecorp.test,Morgan Garcia,2023-11-29 04:38:00,chen.blake@examplecorp.test,Liam Vance,2026-02-12 19:05:00,fatima.vance@sampleco.test,,2025-06-10 10:58:00,N,Meridian Financial - Back Office,,100641,On Hold,100224,,LOT-8532,100309,TAG-2611,104677,,,,LinkedIn,,Active,,,,,,,,100305,,"96,350",,100415,"11,596",,Omar Sato,101709,,REF-4801,100607,Renewal,100352,,,,100771,,,,,100705,,Prospect,100749,,,,,100119,Managed Services,100782,,100224,,102133
100371,Opportunity,105420,taylor.sato@examplecorp.test,Noah Calder,2023-11-23 03:14:00,reese.dorsey@sampleco.test,Marco Haddad,2025-09-30 21:27:00,skyler.reyes@examplecorp.test,Omar Ivanov,2023-04-15 05:18:00,liam.mercer@examplecorp.test,,2023-02-10 04:46:00,N,Blue Ridge Labs Corp - Recruiting,,,Closed Won,100563,,REF-4502,100685,REF-8406,103346,,,,Inbound Call,,Inactive,,,,,,100034,,,,"113,831",,100498,"22,198",,Aisha Mercer,101203,,,100722,Renewal,,,,,100415,,,,,,,Active Customer,100205,,,,,100620,Offshore Team,100760,,100692,,102209
100090,Opportunity,105421,riley.mensah@sampleco.test,Priya Silva,2026-01-10 01:01:00,emerson.blake@acme-fake.test,Chen Costa,2025-09-24 13:30:00,elena.silva@acme-fake.test,Rahul Mensah,2024-08-08 07:22:00,arjun.brooks@acme-fake.test,,2024-04-09 16:31:00,Y,Falcon Ventures Ltd - Managed Services,,,Closed Won,100123,,LOT-9706,100573,LOT-2528,104789,,,,LinkedIn,,Inactive,,,,,,100684,,100516,,,Beta,100509,"15,119",,Fatima Ford,,,,,Renewal,100106,,,,100325,,100076,,,100363,,Prospect,100771,,,,,100774,Managed Services,100400,,100288,,
100452,Opportunity,105423,omar.sato@acme-fake.test,Emerson Brooks,2024-10-03 00:57:00,rahul.reyes@sampleco.test,Rowan Cohen,2026-01-31 23:44:00,chen.nguyen@sampleco.test,Nina Larsson,2023-12-03 20:22:00,nina.mercer@acme-fake.test,,2025-01-01 07:31:00,N,Harbor Systems LLC - Consulting,,100532,Proposal Sent,100257,SKU-6001,LOT-5992,100310,REF-6200,102525,,,,Webinar,100220,Active,,,,,,100506,,,,,Standard,100126,,2695,Quinn Blake,100948,100708,,,New Logo,,,,,100192,,,,,,,Prospect,100031,,,,,100421,Staff Augmentation,,,100122,,
100229,Opportunity,105425,fatima.calder@examplecorp.test,Drew Brooks,2025-01-24 12:00:00,arjun.ashby@demomail.test,Quinn Blake,2025-05-05 14:19:00,skyler.ivanov@sampleco.test,Avery Reyes,2023-07-27 00:41:00,omar.haddad@examplecorp.test,,2023-05-20 03:50:00,Y,Atlas Energy - Back Office,,100772,Closed Lost,100097,,TAG-8682,100301,LOT-4228,104579,,,,Webinar,100690,Inactive,,,,,,100272,,,,"26,738",,100753,"39,585",,Emerson Sloan,,100793,LOT-9546,,New Logo,100717,,,,100638,,100755,Beta,,,,Active Customer,100352,,,,,100308,Back Office,,,100454,,104819
100667,Opportunity,105427,taylor.costa@acme-fake.test,Mei Blake,2024-07-12 19:43:00,fatima.costa@demomail.test,Noah Larsson,2024-10-12 15:26:00,riley.mercer@examplecorp.test,Quinn Ford,2025-03-15 04:03:00,jordan.costa@demomail.test,,2025-08-02 08:22:00,Y,Blue Ridge Health LLC - Consulting,,100008,Closed Won,100094,,TAG-7802,100530,REF-1355,103693,,,,Event,,Inactive,,,,,,100325,,,,"494,705",Alpha,100348,,1500,Rahul Okafor,101305,100774,REF-2027,100690,Renewal,100301,,,,100220,,,,,,,Prospect,100532,,,,,,Back Office,100062,,100262,,
100539,Opportunity,105428,aisha.larsson@sampleco.test,Drew Ivanov,2023-03-23 14:48:00,sofia.nguyen@examplecorp.test,Chen Mercer,2023-12-24 23:11:00,liam.garcia@demomail.test,Liam Okafor,2024-11-07 08:52:00,avery.sato@sampleco.test,,2026-04-06 20:49:00,Y,Summit Robotics Inc - Consulting,,100120,Discovery,100558,SKU-8625,REF-6785,100070,REF-4893,,,,,Partner,,Active,,,,,,,,,,"193,093",Alpha,100080,,,Aisha Ashby,101049,,,,SMB,100254,,,,100177,,100009,,,,,Active Customer,100136,,,,,100601,Staff Augmentation,,,100240,,
100664,Opportunity,105430,jamie.sato@acme-fake.test,Aisha Nguyen,2024-07-30 08:51:00,aisha.sato@acme-fake.test,Quinn Blake,2024-05-24 11:40:00,rahul.silva@acme-fake.test,Fatima Vance,2025-06-11 04:49:00,skyler.mensah@acme-fake.test,,2023-07-07 10:26:00,N,Northwind Networks LLP - Back Office,,100777,Discovery,100376,TAG-4380,TAG-5739,100314,LOT-1905,102402,,,,LinkedIn,100645,Active,,,,,,100646,,100041,,"405,298",Beta,100457,"11,983",,Skyler Vance,,,REF-4119,100200,New Logo,100539,,,,100641,,100649,,,,,Active Customer,100215,,,,,100110,Recruiting,,,100661,,102797
100208,Opportunity,105431,alex.reyes@acme-fake.test,Diego Sato,2025-04-23 12:14:00,noah.okafor@sampleco.test,Casey Silva,2023-02-09 10:57:00,diego.ford@demomail.test,Jordan Garcia,2026-07-25 09:32:00,sofia.brooks@acme-fake.test,,2023-02-10 07:54:00,Y,Granite Energy - Staff Augmentation,,100340,Discovery,100255,,REF-5591,100770,REF-7755,103545,,,,Event,100597,Active,,,,,,100455,,100079,,,,100426,"3,437",,Liam Calder,,100585,TAG-3155,100709,Standard,100267,,,,100281,,100585,Alpha,,100344,,Prospect,100314,,,,,100646,Managed Services,100454,,100624,,103689
100634,Opportunity,105432,jamie.ashby@sampleco.test,Reese Ivanov,2023-04-30 19:25:00,priya.reyes@demomail.test,Drew Nguyen,2024-08-09 03:02:00,aisha.brooks@demomail.test,Omar Brooks,2024-05-21 08:44:00,reese.patel@acme-fake.test,Taylor Mensah,2026-01-28 17:06:00,Y,Harbor Partners Corp - Back Office,,100301,Negotiation,100132,,TAG-7239,100720,TAG-5913,103549,,,,Event,100126,Active,,,,,,100634,,100685,,,Standard,100642,"37,331",8658,Diego Mercer,100898,,,,Standard,100796,,,,100749,,100388,,,100254,,Prospect,100113,,,,,100552,Back Office,100398,Other,100003,,
100075,Opportunity,105433,priya.larsson@sampleco.test,Reese Blake,2025-01-16 08:06:00,rowan.cohen@examplecorp.test,Noah Sato,2025-12-19 18:15:00,jordan.calder@sampleco.test,Aisha Okafor,2023-07-15 19:03:00,sofia.whitfield@examplecorp.test,,2022-12-08 12:10:00,Y,Everest Retail LLC - Staff Augmentation,,,Closed Won,100062,,SKU-5889,100720,REF-4358,102970,,,,Website,100017,Inactive,,,,,,,,,,"432,922",,100588,"10,394",5150,Arjun Larsson,100977,100789,LOT-6391,100104,New Logo,100720,,,,100104,,,,,,,Prospect,100772,,,,,100242,Consulting,100607,,100213,,
100205,Opportunity,105435,fatima.nguyen@sampleco.test,Fatima Larsson,2026-03-30 22:03:00,aisha.reyes@demomail.test,Riley Vance,2025-04-13 06:23:00,sofia.reyes@acme-fake.test,Omar Larsson,2025-05-08 23:39:00,arjun.silva@demomail.test,,2023-12-14 03:56:00,N,Redwood Robotics Group - Back Office,,100113,Qualification,100329,,SKU-2843,100554,LOT-9330,103761,,,,LinkedIn,100434,Active,,,,,,100517,,100366,,"386,277",Gamma,100551,,2857,Riley Dorsey,100827,100342,REF-9907,100269,Enterprise,,,,,100259,,100010,,,,,Active Customer,100469,,,,,100328,Consulting,100215,,100340,,103644
100259,Opportunity,105437,skyler.blake@examplecorp.test,Priya Sloan,2024-07-18 01:46:00,priya.garcia@examplecorp.test,Casey Sloan,2025-01-01 21:49:00,arjun.mercer@examplecorp.test,Aisha Ivanov,2024-06-26 06:26:00,casey.sato@demomail.test,,2024-10-17 12:39:00,N,Evergreen Partners Corp - Back Office,,,Dead,100197,LOT-4110,LOT-1648,100755,REF-3387,102352,,,,Event,100371,Inactive,,,,,,100777,,,,"351,944",,100232,,1331,Mei Whitfield,101123,100749,TAG-2166,100449,Standard,100479,,,,100161,,100031,,,100654,,Prospect,100554,,,,,,Back Office,,,100496,,
100172,Opportunity,105438,avery.brooks@demomail.test,Omar Kim,2024-08-21 02:08:00,rahul.garcia@demomail.test,Noah Ashby,2025-01-16 18:47:00,reese.mensah@demomail.test,Rahul Rossi,2023-09-18 19:18:00,diego.whitfield@demomail.test,,2025-06-22 06:57:00,Y,Vertex Media Ltd - Offshore Team,,,Discovery,100403,,LOT-6463,100298,TAG-7385,104015,,,,Cold Outreach,100784,Active,,,,,,100220,,100203,,,,100616,,6984,Liam Ivanov,101048,100467,,100224,New Logo,,,,,100742,,100440,,,,,Prospect,100760,,,,,,Recruiting,100445,,100527,,103210
100090,Opportunity,105441,chen.calder@examplecorp.test,Elena Larsson,2023-05-07 11:59:00,liam.silva@sampleco.test,Avery Rossi,2023-08-11 07:41:00,mei.cohen@acme-fake.test,Reese Blake,2024-11-21 05:24:00,chen.okafor@sampleco.test,,2026-03-15 00:48:00,Y,Northwind Robotics - Payroll,,100040,Negotiation,100454,SKU-7724,LOT-1558,100627,TAG-9690,102748,,,,Event,100780,Active,,,,,,100531,,100010,,"407,664",Standard,100676,"38,257",,Fatima Brooks,101127,100579,TAG-9732,,Enterprise,,,,,100591,,,,,100136,,Prospect,100334,,,,,100498,Back Office,100325,,100115,,103240
100759,Opportunity,105442,jordan.ivanov@examplecorp.test,Jordan Cohen,2024-01-21 01:22:00,quinn.ashby@sampleco.test,Quinn Dorsey,2023-01-16 18:11:00,arjun.larsson@acme-fake.test,Rowan Patel,2024-11-23 22:04:00,reese.brooks@demomail.test,,2025-02-15 10:01:00,Y,Copper Group Inc - Recruiting,,,Closed Lost,100106,REF-1597,SKU-7199,100574,LOT-6039,103297,,,,Referral,100080,Inactive,,,,,,100234,,100759,,"191,862",Gamma,,"26,682",6994,Jamie Rossi,,,,100243,Standard,100565,,,,100772,,100075,Beta,,100617,,Active Customer,100637,,,,,,Consulting,,,100089,,104803
100603,Opportunity,105444,aisha.vance@sampleco.test,Marco Kim,2023-01-20 17:04:00,yara.calder@examplecorp.test,Priya Vance,2025-10-01 01:54:00,riley.whitfield@examplecorp.test,Emerson Dorsey,2025-02-11 05:21:00,marco.vance@sampleco.test,,2025-11-12 20:05:00,Y,Horizon Manufacturing Ltd - Managed Services,,,Dead,100169,,TAG-3136,100788,LOT-6035,101899,,,,Website,,Inactive,,,,,,,,100456,,,Beta,100729,"10,603",,Skyler Kim,,100209,SKU-7293,100413,Standard,100182,,,,100622,,100090,Alpha,,100487,,Active Customer,100735,,,,,100696,Consulting,100574,,100688,,102029
100692,Opportunity,105445,rahul.larsson@examplecorp.test,Riley Silva,2023-11-19 09:14:00,jordan.reyes@sampleco.test,Nina Larsson,2023-06-16 09:08:00,noah.rossi@demomail.test,Nina Dorsey,2022-11-21 11:11:00,yara.garcia@acme-fake.test,Morgan Sato,2023-03-06 23:54:00,Y,Meridian Networks Co - Staff Augmentation,,100309,Closed Won,100452,,TAG-2868,100518,REF-8412,102611,,,,Webinar,100520,Inactive,,,,,,,,,,,Alpha,,,4386,Quinn Mercer,101247,100331,,,Renewal,100520,,,,100554,,,,,100380,,Prospect,100213,,,,,100670,Staff Augmentation,,,100432,,104233
100539,Opportunity,105447,liam.brooks@sampleco.test,Liam Brooks,2026-07-30 17:54:00,morgan.haddad@acme-fake.test,Morgan Okafor,2023-05-27 06:49:00,elena.whitfield@examplecorp.test,Drew Garcia,2024-02-03 22:52:00,sofia.sato@demomail.test,Alex Vance,2023-03-15 11:06:00,N,Granite Group Inc - Recruiting,,100509,Discovery,100546,REF-4715,SKU-5074,100190,REF-3515,104666,,,,Event,100664,Active,,,,,,,,100336,,,Standard,100763,,,Marco Brooks,101550,100429,SKU-5688,,Enterprise,100393,,,,100571,,,,,100208,,Active Customer,100535,,,,,100017,Consulting,,,100213,,
100113,Opportunity,105449,morgan.nguyen@examplecorp.test,Fatima Patel,2026-05-25 21:17:00,liam.blake@demomail.test,Aisha Garcia,2025-08-15 18:50:00,rowan.haddad@acme-fake.test,Rahul Ford,2024-10-05 17:35:00,rowan.calder@acme-fake.test,,2026-04-27 01:49:00,Y,Everest Retail Group - Offshore Team,,,Closed Lost,100506,,TAG-1498,100742,TAG-9021,102078,,,,Inbound Call,100734,Inactive,,,,,,,,100353,,,,100062,"20,158",1858,Mei Blake,101119,100667,,,Standard,100569,,,,100494,,,,,,,Prospect,100104,,,,,100339,Payroll,,,100749,,101891
100073,Opportunity,105451,skyler.larsson@demomail.test,Reese Okafor,2026-05-26 22:54:00,drew.sato@acme-fake.test,Casey Vance,2025-01-15 06:03:00,quinn.ford@demomail.test,Marco Patel,2025-12-16 07:09:00,avery.blake@sampleco.test,,2023-11-07 08:37:00,Y,Silverline Foods Inc - Offshore Team,,100182,Discovery,100329,,LOT-1934,100765,TAG-2705,104799,,,,Partner,100046,Active,,,,,,100255,,,,"473,106",Alpha,,"17,587",,Elena Garcia,,100377,REF-8421,,SMB,100712,,,,100178,,100417,Other,,,,Prospect,100424,,,,,,Staff Augmentation,100485,,100389,,
100323,Opportunity,105452,elena.vance@examplecorp.test,Casey Calder,2026-02-24 10:13:00,elena.costa@examplecorp.test,Omar Rossi,2025-11-25 05:39:00,quinn.cohen@acme-fake.test,Jordan Patel,2026-03-19 22:19:00,morgan.haddad@examplecorp.test,,2024-12-03 12:09:00,N,Beacon Group Group - Back Office,,,Proposal Sent,100563,,REF-9124,100490,LOT-2628,,,,,Website,,Active,,,,,,100546,,,,"139,778",,,"31,629",,Jamie Rossi,101183,100477,LOT-2790,,Renewal,,,,,100467,,,Standard,,100165,,Active Customer,100551,,,,,,Offshore Team,100178,Gamma,100269,,104259
100212,Opportunity,105455,jordan.kim@examplecorp.test,Nina Kim,2025-08-18 04:27:00,avery.calder@acme-fake.test,Priya Brooks,2025-08-26 04:24:00,nina.ashby@examplecorp.test,Jordan Garcia,2022-12-02 17:09:00,alex.ivanov@examplecorp.test,,2025-06-04 04:54:00,N,Vertex Manufacturing Co - Offshore Team,,100224,Qualification,100339,,REF-7159,100101,SKU-3700,102965,,,,Event,100107,Active,,,,,,,,,,"415,569",,100418,"20,917",,Noah Calder,,100667,,100103,Enterprise,100468,,,,100777,,,,,100251,,Prospect,100277,,,,,100044,Consulting,100770,,100511,,103289
100664,Opportunity,105458,rowan.silva@examplecorp.test,Taylor Whitfield,2025-04-20 13:56:00,mei.mensah@examplecorp.test,Nina Nguyen,2026-07-27 06:43:00,rahul.vance@examplecorp.test,Jamie Ivanov,2026-07-02 17:26:00,mei.ashby@sampleco.test,,2025-01-07 14:33:00,N,Delta Media LLP - Back Office,,,Negotiation,100796,,REF-2749,100012,REF-1561,102212,,,,Partner,100490,Active,,,,,,,,,,"403,281",Other,,"11,847",,Avery Patel,101451,,REF-5114,100083,Standard,,,,,100080,,100734,,,100107,,Prospect,100555,,,,,,Staff Augmentation,,,100546,,102575
100079,Opportunity,105459,rowan.ivanov@demomail.test,Omar Sloan,2025-03-11 06:52:00,liam.dorsey@demomail.test,Fatima Rossi,2023-05-09 23:06:00,elena.garcia@examplecorp.test,Alex Sloan,2024-12-20 15:46:00,drew.rossi@sampleco.test,,2025-08-18 15:24:00,Y,Cobalt Labs Corp - Back Office,,,Closed Won,100080,,REF-1829,100322,LOT-7112,103354,,,,Partner,100760,Inactive,,,,,,100784,,,,"273,746",Beta,,"27,792",2163,Sofia Whitfield,101578,100579,LOT-1278,,SMB,,,,,100267,,100484,,,,,Prospect,100637,,,,,,Managed Services,100772,,100692,,104809
100628,Opportunity,105461,morgan.kim@acme-fake.test,Fatima Nguyen,2026-07-28 02:55:00,aisha.mercer@examplecorp.test,Arjun Calder,2026-03-12 11:45:00,skyler.patel@sampleco.test,Nina Nguyen,2025-11-15 04:02:00,alex.ford@examplecorp.test,,2026-05-27 08:42:00,Y,Keystone Holdings Group - Payroll,,,Closed Won,100628,,LOT-9650,100800,SKU-8305,,,,,Event,100178,Inactive,,,,,,100486,,100255,,"361,493",,100058,"38,270",,Rahul Ford,101714,100359,LOT-3213,100615,Enterprise,,,,,100099,,100227,,,100587,,Active Customer,100117,,,,,100310,Payroll,100516,,100638,,103193
100308,Opportunity,105464,diego.whitfield@examplecorp.test,Liam Sato,2024-10-14 09:09:00,arjun.mensah@sampleco.test,Rahul Ashby,2023-03-31 00:31:00,drew.nguyen@sampleco.test,Marco Patel,2025-11-12 21:41:00,sofia.blake@sampleco.test,,2024-05-07 05:25:00,N,Cobalt Analytics Ltd - Managed Services,,100110,Discovery,100672,,LOT-1702,100203,TAG-3275,104825,,,,Website,,Active,,,,,,,,,,,Standard,100598,"37,240",,Riley Okafor,101146,,LOT-1169,,Enterprise,100641,,,,100182,,,Delta,,100481,,Active Customer,100308,,,,,100610,Payroll,100322,,100291,,103652
100628,Opportunity,105466,aisha.nguyen@acme-fake.test,Liam Haddad,2025-11-21 20:21:00,elena.nguyen@demomail.test,Jordan Vance,2023-12-26 08:06:00,noah.blake@demomail.test,Morgan Mensah,2025-04-10 01:12:00,jamie.costa@examplecorp.test,,2025-02-23 07:24:00,Y,Beacon Foods Inc - Payroll,,100376,Closed Won,100516,SKU-3776,REF-6709,100322,LOT-1564,102988,,,,Website,,Inactive,,,,,,100765,,100736,,"263,700",,100467,"21,197",,Arjun Brooks,101209,100227,,100352,SMB,,,,,100034,,100023,,,100424,,Active Customer,100331,,,,,100532,Staff Augmentation,,,100726,,103247
100620,Opportunity,105469,mei.whitfield@acme-fake.test,Sofia Sloan,2024-12-19 02:15:00,chen.ford@sampleco.test,Skyler Vance,2025-05-10 05:01:00,aisha.costa@examplecorp.test,Quinn Costa,2025-10-29 11:29:00,liam.mercer@examplecorp.test,Emerson Okafor,2025-04-25 11:43:00,N,Copper Logistics LLC - Back Office,,,Qualification,100596,,SKU-1884,100734,SKU-5037,103010,,,,Cold Outreach,100702,Active,,,,,,100520,,,,"279,016",,,,,Yara Reyes,,100539,SKU-1535,,Renewal,100328,,,,100424,,,,,100029,,Prospect,100340,,,,,,Offshore Team,,,100203,,
100598,Opportunity,105472,taylor.patel@sampleco.test,Omar Calder,2025-09-26 05:15:00,avery.nguyen@examplecorp.test,Rowan Dorsey,2025-03-28 08:43:00,priya.ivanov@sampleco.test,Jordan Kim,2024-02-14 15:22:00,drew.haddad@sampleco.test,,2022-10-15 13:12:00,Y,Delta Networks Group - Consulting,,100012,Proposal Sent,100366,,SKU-9145,100115,REF-7738,,,,,Inbound Call,100469,Active,,,,,,,,100282,,"182,674",,100319,"37,283",,Rahul Garcia,101716,100654,,,New Logo,,,,,100487,,100437,,,,,Prospect,100632,,,,,100704,Consulting,,,100729,,
100031,Opportunity,105473,drew.rossi@demomail.test,Elena Calder,2024-06-14 04:39:00,quinn.ashby@sampleco.test,Quinn Vance,2025-08-07 21:38:00,casey.mensah@acme-fake.test,Rowan Okafor,2025-09-02 18:15:00,yara.sato@sampleco.test,,2024-01-20 00:36:00,Y,Brightpath Foods Corp - Back Office,,,Closed Won,100686,REF-1806,SKU-8621,100420,SKU-4265,,,,,LinkedIn,,Inactive,,,,,,,,100803,,,Beta,100128,"22,407",4446,Elena Sloan,,,TAG-1471,,Renewal,100506,,,,100359,,100053,,,,,Prospect,100532,,,,,,Consulting,,,100569,,102344
100681,Opportunity,105475,mei.silva@sampleco.test,Drew Silva,2023-12-09 22:20:00,jamie.rossi@demomail.test,Rahul Reyes,2023-03-18 14:49:00,aisha.mensah@demomail.test,Emerson Ford,2024-03-20 19:02:00,rahul.okafor@sampleco.test,,2025-03-29 17:28:00,Y,Granite Energy LLC - Back Office,,,Qualification,100345,SKU-3041,TAG-5429,100220,REF-6392,103173,,,,Event,100031,Active,,,,,,,,100437,,,,100400,,1016,Nina Costa,101096,100223,,100388,SMB,,,,,100042,,,,,,,Active Customer,100484,,,,,100206,Recruiting,100239,,100531,,102443
100681,Opportunity,105477,priya.garcia@demomail.test,Arjun Ivanov,2023-09-16 07:15:00,yara.mercer@sampleco.test,Mei Garcia,2024-01-08 01:36:00,reese.patel@sampleco.test,Marco Dorsey,2023-11-08 07:07:00,rowan.garcia@acme-fake.test,,2025-09-30 05:42:00,Y,Northwind Networks Corp - Staff Augmentation,,,Closed Won,100641,TAG-5763,TAG-4094,100229,LOT-7807,103091,,,,Cold Outreach,,Inactive,,,,,,,,100771,,"339,425",Alpha,,"4,789",5116,Diego Okafor,,100309,,,Enterprise,100456,,,,100494,,100672,Beta,,100395,,Active Customer,100410,,,,,100374,Recruiting,100302,,100242,,
100793,Opportunity,105478,alex.blake@sampleco.test,Morgan Dorsey,2025-12-31 12:09:00,rowan.blake@demomail.test,Yara Costa,2025-03-04 02:14:00,fatima.sloan@examplecorp.test,Skyler Kim,2024-01-25 14:33:00,omar.silva@examplecorp.test,,2022-11-15 15:17:00,Y,Meridian Holdings Co - Managed Services,,100591,Closed Won,100195,,LOT-9687,100452,SKU-9096,104566,,,,Inbound Call,,Inactive,,,,,,100075,,,,"422,885",Beta,,"15,966",,Priya Sato,101752,100111,SKU-9716,,Standard,100360,,,,100030,,,,,,,Prospect,100563,,,,,,Back Office,100645,,100238,,
100314,Opportunity,105481,morgan.mercer@demomail.test,Reese Ashby,2025-10-10 14:28:00,chen.dorsey@sampleco.test,Fatima Mensah,2024-09-20 07:28:00,priya.brooks@acme-fake.test,Chen Sloan,2026-06-28 23:42:00,chen.kim@acme-fake.test,,2023-05-22 08:21:00,Y,Brightpath Financial Co - Staff Augmentation,,100661,Qualification,100620,,SKU-2472,100772,SKU-9627,,,,,Website,100763,Active,,,,,,,,100568,,,,100107,"19,474",,Riley Vance,101041,100498,SKU-3385,,Standard,,,,,100356,,,,,100620,,Prospect,100454,,,,,100587,Managed Services,,,100400,,103599
100628,Opportunity,105483,jamie.sato@examplecorp.test,Rowan Nguyen,2023-09-29 08:27:00,drew.silva@acme-fake.test,Chen Sloan,2023-02-22 17:27:00,casey.calder@acme-fake.test,Taylor Mercer,2026-07-09 21:35:00,priya.whitfield@examplecorp.test,,2025-12-29 08:02:00,Y,Vertex Robotics LLC - Payroll,,,Closed Won,100555,,SKU-1784,100060,,104628,,,,LinkedIn,,Inactive,,,,,,,,100702,,,,100069,"30,208",5828,Reese Nguyen,,100569,REF-2803,100323,Enterprise,100481,,,,100325,,,,,,,Prospect,100005,,,,,100432,Offshore Team,100792,,100290,,101992
100490,Opportunity,105486,alex.nguyen@acme-fake.test,Morgan Okafor,2024-06-29 15:34:00,nina.whitfield@examplecorp.test,Reese Mensah,2024-06-07 17:46:00,arjun.calder@acme-fake.test,Rowan Blake,2023-10-12 06:00:00,quinn.nguyen@demomail.test,,2025-04-25 04:53:00,N,Brightpath Foods LLC - Back Office,,100053,Dead,100060,LOT-3473,SKU-9810,100517,REF-3796,102138,,,,Webinar,,Inactive,,,,,,,,100177,,"175,972",,100551,"33,429",5517,Fatima Mensah,101216,100552,SKU-1087,,New Logo,,,,,100467,,100168,,,,,Prospect,100742,,,,,100699,Consulting,100148,,100169,,103403
100141,Opportunity,105488,elena.vance@demomail.test,Omar Mercer,2024-04-03 01:25:00,drew.dorsey@demomail.test,Noah Patel,2026-07-01 05:50:00,elena.kim@sampleco.test,Diego Nguyen,2026-02-19 09:27:00,skyler.cohen@sampleco.test,,2026-07-26 19:05:00,N,Meridian Capital LLP - Consulting,,100143,On Hold,100049,,REF-3118,100582,TAG-7219,103833,,,,Website,100323,Active,,,,,,100454,,,,,,,"34,886",5258,Diego Larsson,101523,100760,LOT-1291,100413,SMB,,,,,100497,,100705,,,100206,,Prospect,100705,,,,,100142,Staff Augmentation,100309,,100164,,104191
100683,Opportunity,105489,diego.ford@acme-fake.test,Marco Sloan,2023-11-05 15:52:00,skyler.dorsey@examplecorp.test,Riley Silva,2024-10-28 07:10:00,noah.costa@acme-fake.test,Casey Brooks,2024-08-11 19:45:00,emerson.reyes@acme-fake.test,,2025-09-02 09:28:00,Y,Horizon Financial - Recruiting,,,Qualification,100771,REF-2250,TAG-1236,100526,LOT-5231,104649,,,,Referral,100117,Active,,,,,,,,100565,,"401,982",Gamma,100434,,,Mei Costa,,100234,TAG-4848,100206,Enterprise,,,,,100473,,100245,Other,,,,Prospect,100603,,,,,,Staff Augmentation,,,100368,,103474
100186,Opportunity,105492,drew.ashby@examplecorp.test,Emerson Brooks,2024-09-05 00:50:00,nina.silva@examplecorp.test,Arjun Nguyen,2022-10-10 18:29:00,jamie.patel@acme-fake.test,Noah Mercer,2023-11-02 15:04:00,jamie.silva@sampleco.test,,2025-08-18 13:31:00,N,Summit Ventures Ltd - Recruiting,,100241,Closed Won,100091,,LOT-4860,100129,SKU-9411,103594,,,,Cold Outreach,100617,Inactive,,,,,,,,,,"446,420",Delta,,,,Fatima Mensah,101455,,,100415,SMB,100588,,,,100352,,100780,,,100803,,Prospect,100628,,,,,100370,Payroll,,,100542,,102809
100113,Opportunity,105495,casey.silva@acme-fake.test,Riley Larsson,2025-02-08 02:00:00,yara.ivanov@acme-fake.test,Priya Garcia,2024-08-16 17:39:00,aisha.nguyen@examplecorp.test,Drew Cohen,2023-11-13 18:27:00,alex.mercer@acme-fake.test,,2024-04-28 07:38:00,Y,Ironwood Labs Inc - Recruiting,,,Discovery,100459,,SKU-7368,100588,REF-5936,104387,,,,Referral,,Active,,,,,,100323,,,,,,,"27,567",,Quinn Patel,101325,100281,,,Standard,100539,,,,100016,,,,,100111,,Prospect,100120,,,,,100262,Recruiting,100634,,100542,,103114
100290,Opportunity,105498,elena.costa@demomail.test,Nina Sloan,2026-07-29 15:55:00,priya.nguyen@demomail.test,Marco Ford,2023-09-01 18:42:00,taylor.cohen@acme-fake.test,Mei Silva,2026-04-20 17:32:00,riley.mercer@acme-fake.test,,2023-04-14 21:09:00,Y,Horizon Retail LLC - Consulting,,100123,Discovery,100136,TAG-9718,REF-5518,100280,TAG-8401,102017,,,,Webinar,100408,Active,,,,,,,,,,,,,"27,002",5481,Nina Ivanov,,100323,SKU-2205,100016,Enterprise,100496,,,,100023,,,,,100681,,Active Customer,100615,,,,,100496,Managed Services,,,100518,,102247
100339,Opportunity,105499,omar.costa@demomail.test,Emerson Garcia,2023-09-14 18:22:00,avery.rossi@examplecorp.test,Mei Okafor,2024-02-26 19:06:00,marco.haddad@examplecorp.test,Nina Costa,2022-12-25 04:43:00,alex.nguyen@sampleco.test,,2023-09-08 18:02:00,N,Everest Textiles - Staff Augmentation,,100025,Negotiation,100670,,REF-1058,100115,LOT-4991,104699,,,,Website,,Active,,,,,,100696,,,,"287,036",,100552,"14,368",,Emerson Vance,101400,100058,,,Standard,100122,,,,100601,,100212,,,100286,,Active Customer,100206,,,,,100086,Payroll,100044,,100079,,
100269,Opportunity,105501,omar.ivanov@sampleco.test,Nina Ashby,2024-11-25 03:15:00,liam.silva@sampleco.test,Rowan Whitfield,2025-11-12 20:05:00,priya.ford@examplecorp.test,Alex Brooks,2024-12-23 02:53:00,mei.kim@demomail.test,,2024-06-07 16:06:00,Y,Atlas Media Inc - Staff Augmentation,,,Qualification,100275,,SKU-5464,100301,REF-8171,102788,,,,LinkedIn,100641,Active,,,,,,100796,,100738,,"385,694",,,"3,227",,Elena Whitfield,101032,100029,,100243,Standard,,,,,100604,,100571,,,,,Prospect,100117,,,,,,Managed Services,,,100356,,103519
100371,Opportunity,105504,marco.mensah@demomail.test,Alex Okafor,2024-01-05 11:52:00,riley.brooks@examplecorp.test,Fatima Larsson,2022-11-18 16:41:00,fatima.costa@acme-fake.test,Arjun Rossi,2024-07-29 03:06:00,sofia.calder@sampleco.test,,2025-05-22 03:37:00,N,Redwood Logistics - Consulting,,100389,Qualification,100003,REF-2051,LOT-3536,100793,SKU-4129,102536,,,,Website,100750,Active,,,,,,,,,,"174,835",Other,,,,Reese Ivanov,101776,100452,,100607,SMB,100736,,,,100178,,100464,,,,,Prospect,100259,,,,,100771,Recruiting,,,100333,,104038
100601,Opportunity,105505,reese.ford@demomail.test,Drew Reyes,2024-02-17 18:25:00,yara.ford@sampleco.test,Alex Dorsey,2022-11-17 08:26:00,alex.mercer@acme-fake.test,Emerson Patel,2024-05-22 03:12:00,rowan.calder@sampleco.test,,2025-11-08 07:41:00,N,Pioneer Textiles Inc - Consulting,,,On Hold,100290,TAG-5181,REF-8452,100627,REF-2973,104679,,,,Website,,Active,,,,,,100285,,,,"34,754",Standard,,,,Marco Calder,101657,100437,TAG-8772,,Standard,100617,,,,100103,,100344,,,100091,,Prospect,100750,,,,,,Recruiting,,,100582,,102264
100298,Opportunity,105506,skyler.mensah@examplecorp.test,Casey Brooks,2024-02-11 03:01:00,casey.haddad@demomail.test,Rowan Sato,2025-02-06 22:37:00,priya.ivanov@demomail.test,Jordan Okafor,2025-12-01 08:18:00,reese.mercer@demomail.test,,2025-02-16 11:03:00,N,Evergreen Ventures Inc - Staff Augmentation,,,Dead,100083,,SKU-8770,100548,TAG-8151,102657,,,,Cold Outreach,,Inactive,,,,,,,,100661,,,,100129,,,Liam Sato,,,,100731,Renewal,100190,,,,100309,,,,,100410,,Prospect,100789,,,,,100262,Offshore Team,,,100151,,102802
100269,Opportunity,105507,aisha.kim@sampleco.test,Nina Mensah,2024-10-09 09:49:00,morgan.mensah@examplecorp.test,Alex Blake,2024-07-23 08:49:00,casey.sloan@demomail.test,Chen Garcia,2024-09-15 19:53:00,jamie.blake@demomail.test,,2022-10-21 07:55:00,N,Redwood Networks Inc - Managed Services,,,Proposal Sent,100494,REF-5189,REF-2187,100336,LOT-9347,104025,,,,Referral,,Active,,,,,,100060,,,,"369,858",,100704,"3,796",3307,Aisha Mensah,101685,100523,REF-5857,100569,New Logo,,,,,100319,,100058,,,,,Active Customer,100482,,,,,100316,Offshore Team,100374,,100305,,
100475,Opportunity,105508,fatima.silva@sampleco.test,Jamie Silva,2023-02-17 05:58:00,fatima.sloan@acme-fake.test,Mei Kim,2025-10-07 02:49:00,riley.garcia@acme-fake.test,Drew Dorsey,2024-07-15 02:14:00,elena.rossi@sampleco.test,Quinn Patel,2024-12-06 23:06:00,N,Falcon Textiles - Offshore Team,,100645,Discovery,100509,,LOT-2115,100593,,102983,,,,Website,100262,Active,,,,,,100784,,100613,,"156,792",Delta,100360,"19,809",4141,Nina Cohen,101426,100366,,,New Logo,100063,,,,100122,,,,,100688,,Prospect,100744,,,,,100248,Payroll,100468,,100539,,
100040,Opportunity,105509,noah.blake@sampleco.test,Reese Kim,2025-08-03 03:46:00,jordan.larsson@demomail.test,Aisha Sloan,2025-09-11 09:37:00,emerson.calder@acme-fake.test,Fatima Garcia,2024-09-03 08:17:00,mei.mensah@acme-fake.test,,2023-12-14 05:38:00,N,Delta Partners - Payroll,,100509,Closed Lost,100026,,SKU-5521,100136,SKU-5340,102064,,,,Website,100625,Inactive,,,,,,,,,,"151,822",,,,,Omar Nguyen,101115,,SKU-2193,,New Logo,100103,,,,100576,,100424,,,100241,,Prospect,100040,,,,,,Consulting,100634,,100694,,103294
100234,Opportunity,105512,sofia.rossi@demomail.test,Liam Nguyen,2022-10-15 02:09:00,emerson.haddad@acme-fake.test,Morgan Blake,2026-05-18 18:28:00,sofia.ford@demomail.test,Diego Calder,2026-03-01 11:39:00,aisha.cohen@examplecorp.test,,2024-09-17 20:38:00,Y,Delta Industries LLP - Back Office,,100281,Negotiation,100780,,SKU-9643,100030,SKU-2997,102617,,,,Cold Outreach,,Active,,,,,,,,100291,,"50,541",Standard,100398,,,Rahul Costa,101687,,LOT-2034,100487,Standard,100395,,,,100010,,100178,,,100656,,Prospect,100462,,,,,,Back Office,,,100780,,
100090,Opportunity,105515,sofia.cohen@sampleco.test,Marco Blake,2026-03-09 23:57:00,yara.larsson@examplecorp.test,Chen Haddad,2025-09-04 12:29:00,drew.sato@sampleco.test,Sofia Mensah,2023-02-17 21:23:00,aisha.costa@sampleco.test,,2026-05-26 02:22:00,Y,Everest Robotics Group - Managed Services,,,Closed Lost,100203,,LOT-1050,100520,TAG-6175,102101,,,,Event,,Inactive,,,,,,,,100182,,"386,133",,,"24,901",3390,Jordan Haddad,101222,,LOT-7333,,Standard,100410,,,,100403,,100165,,,,,Prospect,100139,,,,,100464,Consulting,,,100709,,
100494,Opportunity,105516,casey.ivanov@sampleco.test,Rowan Calder,2024-07-10 19:33:00,aisha.kim@examplecorp.test,Liam Nguyen,2022-11-07 02:13:00,sofia.silva@acme-fake.test,Aisha Okafor,2023-07-27 12:22:00,diego.nguyen@sampleco.test,,2025-10-14 19:44:00,N,Granite Dynamics Ltd - Recruiting,,,Discovery,100786,,LOT-3629,100106,LOT-2803,,,,,Partner,,Active,,,,,,,,,,,Beta,,"9,862",,Nina Mensah,,100377,,,Standard,100509,,,,100398,,100459,,,,,Active Customer,100699,,,,,100531,Consulting,100029,,100142,,102512
100658,Opportunity,105518,taylor.garcia@examplecorp.test,Reese Dorsey,2024-04-07 01:30:00,drew.rossi@acme-fake.test,Morgan Haddad,2023-03-15 00:50:00,rahul.ford@examplecorp.test,Aisha Sloan,2024-06-18 21:24:00,yara.costa@examplecorp.test,,2023-09-09 17:51:00,N,Cardinal Energy Co - Staff Augmentation,,100755,On Hold,100803,REF-5189,TAG-2611,100046,REF-7146,104568,,,,Website,100516,Active,,,,,,,,100129,,"394,027",Alpha,,"14,986",,Drew Costa,101171,,LOT-8542,100459,New Logo,100531,,,,100395,,100168,,,,,Prospect,100546,,,,,100437,Consulting,,,100267,,
100729,Opportunity,105519,marco.whitfield@sampleco.test,Jordan Mercer,2023-11-13 13:58:00,diego.costa@sampleco.test,Riley Ashby,2026-06-05 11:51:00,arjun.cohen@acme-fake.test,Casey Ford,2023-06-13 12:40:00,priya.ford@examplecorp.test,Mei Reyes,2026-04-10 01:39:00,N,Granite Dynamics Ltd - Staff Augmentation,,100063,Qualification,100615,SKU-9944,LOT-9574,100408,REF-9672,102889,,,,Referral,,Active,,,,,,,,100015,,"469,161",Other,100576,"25,422",,Riley Ivanov,,100400,,100016,Standard,,,,,100777,,100313,,,100265,,Prospect,100314,,,,,,Payroll,100607,,100310,,
100429,Opportunity,105520,diego.mercer@demomail.test,Morgan Mensah,2025-04-10 08:59:00,nina.sato@acme-fake.test,Noah Ford,2025-03-31 18:43:00,alex.haddad@acme-fake.test,Yara Mensah,2022-10-01 12:42:00,diego.ivanov@acme-fake.test,,2024-09-28 23:08:00,N,Northwind Foods Inc - Consulting,,,Closed Won,100470,,TAG-6055,100683,REF-4786,104191,,,,Partner,100009,Inactive,,,,,,,,100192,,"59,460",,,"18,563",,Drew Calder,101395,100110,,,Standard,100418,,,,100008,,100040,,,,,Active Customer,100101,,,,,100046,Payroll,100029,,100104,,102492
100468,Opportunity,105521,riley.nguyen@acme-fake.test,Sofia Kim,2024-10-09 11:57:00,sofia.ivanov@examplecorp.test,Jordan Silva,2024-05-14 19:12:00,arjun.ivanov@examplecorp.test,Yara Sloan,2024-11-05 00:06:00,rahul.nguyen@sampleco.test,,2023-03-19 20:46:00,Y,Everest Health LLC - Recruiting,,100509,Proposal Sent,100563,TAG-7847,REF-6658,100708,,104501,,,,Website,,Active,,,,,,,,,,"439,979",Standard,,"31,260",,Riley Whitfield,101281,100656,SKU-1250,,New Logo,,,,,100184,,100744,,,100382,,Prospect,100585,,,,,,Payroll,100634,,100538,,102356
100482,Opportunity,105524,liam.sloan@acme-fake.test,Emerson Blake,2025-01-02 15:01:00,elena.garcia@demomail.test,Priya Mensah,2023-02-14 14:03:00,marco.ivanov@examplecorp.test,Rahul Cohen,2026-04-30 02:22:00,noah.ashby@examplecorp.test,,2024-07-25 18:38:00,N,Evergreen Retail Ltd - Managed Services,,100579,Closed Lost,100759,TAG-3174,SKU-4837,100760,TAG-7926,104276,,,,Inbound Call,100090,Inactive,,,,,,100582,,100328,,,Beta,,,5285,Reese Larsson,101231,100798,,,Renewal,100243,,,,100415,,100080,,,,,Active Customer,100560,,,,,100005,Payroll,100123,,100750,,103986
100634,Opportunity,105525,casey.patel@demomail.test,Alex Nguyen,2023-09-26 19:04:00,jamie.cohen@sampleco.test,Mei Costa,2025-09-15 18:58:00,jordan.ivanov@demomail.test,Skyler Kim,2022-10-27 23:19:00,nina.mensah@examplecorp.test,,2024-03-12 04:01:00,N,Falcon Manufacturing Inc - Back Office,,100269,Discovery,100042,,LOT-1065,100063,TAG-4802,103510,,,,LinkedIn,100421,Active,,,,,,,,100729,,"202,669",,100334,"7,279",,Omar Cohen,101334,100025,,100597,Enterprise,100251,,,,100447,,,,,100496,,Active Customer,100391,,,,,,Payroll,100257,,100532,,
100366,Opportunity,105526,emerson.mercer@demomail.test,Elena Sloan,2024-04-24 18:10:00,aisha.sloan@examplecorp.test,Rahul Brooks,2025-11-19 21:38:00,marco.brooks@examplecorp.test,Drew Patel,2025-07-16 03:08:00,skyler.blake@acme-fake.test,,2025-05-20 09:49:00,N,Beacon Media LLC - Staff Augmentation,,,Closed Won,100563,TAG-3150,LOT-4931,100111,TAG-2594,103374,,,,LinkedIn,,Inactive,,,,,,100591,,100151,,,,,"28,542",,Elena Cohen,100901,,TAG-4996,,Enterprise,100031,,,,100156,,100200,,,100511,,Prospect,100186,,,,,100094,Offshore Team,100212,,100765,,103243
100171,Opportunity,105527,casey.silva@demomail.test,Reese Cohen,2025-10-18 15:48:00,priya.kim@acme-fake.test,Riley Ford,2024-03-12 22:13:00,taylor.vance@examplecorp.test,Rahul Reyes,2024-04-22 12:12:00,rowan.brooks@examplecorp.test,,2024-11-23 23:59:00,N,Pioneer Financial Inc - Recruiting,,100382,Qualification,100759,,REF-1302,100029,SKU-2379,102680,,,,Website,,Active,,,,,,,,100709,,,Standard,100729,,4494,Priya Blake,101762,100487,SKU-5153,,Standard,,,,,100314,,,,,100393,,Prospect,100395,,,,,,Consulting,100242,,100656,Delta,
100395,Opportunity,105528,jamie.calder@sampleco.test,Reese Ivanov,2022-10-10 18:04:00,skyler.okafor@examplecorp.test,Morgan Silva,2026-07-22 16:10:00,liam.ivanov@sampleco.test,Jordan Mercer,2023-05-11 05:41:00,jamie.haddad@sampleco.test,,2023-09-09 11:51:00,N,Cardinal Networks LLC - Back Office,,100717,Closed Lost,100215,REF-1590,TAG-7450,100003,LOT-3503,104317,,,,LinkedIn,,Inactive,,,,,,100475,,,,,,100395,"9,300",,Arjun Nguyen,101077,100255,,100568,Renewal,,,,,100129,,100796,,,,,Active Customer,100044,,,,,,Consulting,,,100110,,
100058,Opportunity,105529,elena.larsson@demomail.test,Reese Haddad,2026-07-28 17:21:00,emerson.sato@sampleco.test,Riley Okafor,2026-05-01 00:33:00,mei.whitfield@examplecorp.test,Jordan Larsson,2024-12-12 11:10:00,nina.kim@demomail.test,,2023-12-24 00:52:00,N,Evergreen Financial Inc - Staff Augmentation,,,Qualification,100486,LOT-6726,TAG-1875,100670,REF-1989,103026,,,,Cold Outreach,100079,Active,,,,,,100288,,100715,,"70,905",,100254,,,Sofia Ivanov,101546,100026,TAG-9069,,New Logo,,,,,100503,,,,,,,Active Customer,100173,,,,,100532,Payroll,100604,,100234,,
100242,Opportunity,105531,rowan.whitfield@acme-fake.test,Skyler Garcia,2025-03-03 10:41:00,reese.dorsey@sampleco.test,Elena Vance,2025-08-10 01:49:00,liam.blake@examplecorp.test,Rowan Sato,2025-04-24 14:51:00,rowan.haddad@sampleco.test,,2024-12-31 05:17:00,Y,Falcon Retail Group - Managed Services,,,Proposal Sent,100699,,SKU-4264,100107,TAG-7251,104283,,,,Inbound Call,100516,Active,,,,,,100704,,100363,,"235,783",Standard,,"28,752",,Priya Blake,101205,,,100115,Standard,,,,,100161,,,,,100627,,Active Customer,100058,,,,,100417,Recruiting,,,100227,,
100637,Opportunity,105532,taylor.blake@demomail.test,Avery Silva,2024-10-20 18:56:00,alex.rossi@demomail.test,Jordan Okafor,2025-09-15 22:09:00,nina.dorsey@examplecorp.test,Morgan Okafor,2023-04-19 20:40:00,taylor.haddad@acme-fake.test,,2025-12-27 12:39:00,N,Vertex Group LLC - Back Office,,100203,Closed Won,100759,,TAG-9652,100604,TAG-6220,102266,,,,Event,100673,Inactive,,,,,,,,100686,,"24,930",,100788,"23,656",,Priya Whitfield,,100645,,100332,Renewal,100511,,,,100255,,100731,,,,,Active Customer,100758,,,,,100616,Offshore Team,100607,,100168,,
100470,Opportunity,105535,mei.ashby@examplecorp.test,Avery Whitfield,2022-12-02 23:26:00,reese.brooks@demomail.test,Noah Cohen,2024-12-12 01:55:00,jamie.whitfield@acme-fake.test,Casey Vance,2023-10-05 17:37:00,emerson.okafor@sampleco.test,,2026-06-03 05:14:00,Y,Cobalt Logistics Inc - Managed Services,,100654,Closed Lost,100497,,LOT-3522,100227,LOT-1815,103852,,,,Partner,,Inactive,,,,,,100568,,100559,,"84,251",,100679,"8,688",,Reese Larsson,,100023,REF-2357,100171,Renewal,100464,,,,100319,,100637,,,100257,,Prospect,100005,,,,,100192,Back Office,100079,,100712,,102497
100554,Opportunity,105538,rahul.garcia@sampleco.test,Rahul Rossi,2026-01-23 19:54:00,casey.garcia@acme-fake.test,Skyler Rossi,2025-04-08 10:07:00,diego.nguyen@sampleco.test,Mei Ashby,2024-11-13 11:50:00,noah.cohen@examplecorp.test,,2023-06-13 09:02:00,Y,Granite Solutions Corp - Consulting,,100598,Closed Won,100046,LOT-2573,SKU-7236,100610,LOT-4683,104481,,,,Referral,,Inactive,,,,,,,,100343,,"167,131",,,"29,650",,Diego Larsson,,100523,,,New Logo,100800,,,,100475,,100184,,,,,Active Customer,100777,,,,,100470,Managed Services,,,100056,,102170
100474,Opportunity,105540,sofia.dorsey@sampleco.test,Sofia Ford,2024-02-23 01:15:00,morgan.sato@acme-fake.test,Alex Mercer,2024-02-15 02:32:00,yara.ivanov@demomail.test,Rahul Larsson,2023-01-17 15:29:00,alex.mercer@demomail.test,,2025-03-11 20:49:00,N,Lakeside Networks LLC - Back Office,,100598,Dead,100351,TAG-7176,REF-6912,100205,TAG-6628,103852,,,,Referral,100573,Inactive,,,,,,100559,,100034,,,,,"21,724",8171,Mei Kim,100942,100363,SKU-8175,100454,SMB,100482,,,,100308,,100738,Gamma,,,,Prospect,100302,,,,,,Managed Services,,,100620,,
100359,Opportunity,105541,reese.garcia@examplecorp.test,Casey Kim,2024-10-16 19:56:00,nina.dorsey@sampleco.test,Chen Sloan,2025-12-06 01:37:00,riley.ford@acme-fake.test,Chen Cohen,2024-02-12 11:12:00,priya.larsson@demomail.test,,2022-11-12 16:00:00,Y,Cardinal Retail Group - Managed Services,,100646,Discovery,100481,,REF-4881,100552,REF-5650,103141,,,,Referral,100053,Active,,,,,,,,100313,,"474,796",,,"29,584",,Omar Mercer,,,REF-5473,100344,Renewal,100203,,,,100107,,100772,,,100368,,Prospect,100616,,,,,,Recruiting,,,100086,,
100056,Opportunity,105544,rahul.mensah@examplecorp.test,Diego Vance,2023-01-20 04:21:00,drew.nguyen@sampleco.test,Morgan Patel,2022-11-06 09:21:00,nina.ford@demomail.test,Noah Mensah,2025-07-08 06:40:00,diego.ivanov@demomail.test,,2024-10-15 05:39:00,Y,Brightpath Group Co - Recruiting,,,Closed Won,100449,,SKU-6526,100310,REF-5013,102011,,,,Cold Outreach,,Inactive,,,,,,100405,,,,"470,357",Gamma,100060,,9071,Liam Ford,101286,,,100344,Renewal,100415,,,,100459,,,,,,,Active Customer,100694,,,,,100434,Recruiting,100683,,100625,,102181
100758,Opportunity,105547,riley.mensah@examplecorp.test,Skyler Nguyen,2022-10-12 22:02:00,reese.ford@sampleco.test,Drew Reyes,2026-04-24 04:32:00,casey.ashby@sampleco.test,Elena Sato,2025-08-10 09:26:00,jamie.okafor@demomail.test,,2026-02-06 11:47:00,N,Copper Manufacturing LLP - Offshore Team,,100245,Qualification,100107,,LOT-9185,100110,REF-5614,103901,,,,Inbound Call,,Active,,,,,,,,100558,,,,,"6,711",2337,Chen Costa,101029,100111,REF-6270,100132,SMB,100736,,,,100780,,100735,,,100209,,Prospect,100080,,,,,100522,Recruiting,100255,,100661,,103628
100132,Opportunity,105548,elena.mercer@sampleco.test,Morgan Whitfield,2023-02-08 04:19:00,quinn.calder@demomail.test,Emerson Blake,2024-11-27 22:43:00,aisha.haddad@acme-fake.test,Sofia Cohen,2022-12-14 05:43:00,rowan.haddad@acme-fake.test,,2023-12-11 19:58:00,Y,Keystone Partners LLC - Payroll,,100597,Proposal Sent,100351,REF-4139,SKU-9844,100532,SKU-6309,102325,,,,Partner,100305,Active,,,,,,,,100192,,"265,771",Delta,,,,Riley Cohen,,,LOT-8595,100091,Enterprise,100760,,,,100789,,100104,,,,,Prospect,100192,,,,,100172,Staff Augmentation,100408,,100113,,103939
100090,Opportunity,105550,riley.blake@examplecorp.test,Jordan Calder,2024-02-10 07:56:00,morgan.rossi@acme-fake.test,Nina Nguyen,2024-09-14 08:48:00,chen.garcia@examplecorp.test,Arjun Calder,2025-09-14 13:52:00,avery.kim@demomail.test,,2024-01-01 12:51:00,Y,Brightpath Manufacturing Ltd - Payroll,,100243,Closed Won,100229,REF-9083,SKU-1722,100597,TAG-3617,103180,,,,Inbound Call,,Inactive,,,,,,100604,,,,"71,716",,100374,"8,503",8121,Diego Cohen,101496,,,,New Logo,100314,,,,100216,,100182,,,100622,,Prospect,100417,,,,,,Payroll,,,100736,,104296
100538,Opportunity,105553,skyler.nguyen@examplecorp.test,Arjun Ford,2022-11-26 21:47:00,fatima.dorsey@sampleco.test,Rahul Calder,2024-11-23 19:48:00,quinn.okafor@demomail.test,Yara Ivanov,2026-05-18 11:03:00,marco.rossi@demomail.test,,2023-06-30 08:36:00,N,Meridian Health LLP - Staff Augmentation,,100368,Closed Won,100518,,REF-1279,100681,SKU-1900,,,,,Referral,100197,Inactive,,,,,,,,100503,,"283,386",Beta,,"19,867",,Priya Silva,101311,100403,SKU-3807,,SMB,100760,,,,100142,,100342,Other,,100774,,Active Customer,100796,,,,,,Managed Services,,,100520,,103037
100216,Opportunity,105556,rahul.rossi@demomail.test,Yara Patel,2023-04-17 06:43:00,quinn.whitfield@examplecorp.test,Fatima Kim,2023-11-09 13:00:00,yara.sloan@sampleco.test,Liam Kim,2025-07-25 23:08:00,jamie.nguyen@demomail.test,,2024-04-06 01:43:00,Y,Northwind Networks Ltd - Offshore Team,,100681,Dead,100371,REF-4231,REF-9968,100437,REF-8974,104682,,,,Cold Outreach,,Inactive,,,,,,,,100037,,"76,734",Beta,,"6,439",,Mei Costa,101466,100469,LOT-6246,,Standard,,,,,100275,,100345,,,100277,,Prospect,100171,,,,,,Recruiting,,,100449,,104631
100593,Opportunity,105557,yara.reyes@demomail.test,Priya Reyes,2024-12-15 18:14:00,emerson.nguyen@acme-fake.test,Sofia Okafor,2025-03-25 04:23:00,riley.ford@examplecorp.test,Marco Silva,2024-02-08 12:11:00,omar.brooks@acme-fake.test,,2026-07-09 06:45:00,N,Evergreen Networks LLC - Back Office,,100298,Negotiation,100262,SKU-7105,SKU-3965,100610,SKU-6395,103327,,,,Webinar,100481,Active,,,,,,100141,,,,"231,925",,100603,,7313,Omar Ford,,,,,Enterprise,100291,,,,100016,,,,,,,Active Customer,100023,,,,,100475,Staff Augmentation,100518,,100188,,103010
100484,Opportunity,105559,aisha.costa@acme-fake.test,Nina Silva,2023-08-05 11:02:00,taylor.whitfield@sampleco.test,Skyler Sloan,2023-09-22 19:54:00,noah.okafor@examplecorp.test,Drew Sloan,2025-01-21 19:20:00,chen.garcia@examplecorp.test,,2025-01-30 12:50:00,N,Vertex Energy - Managed Services,,100429,Closed Won,100469,,LOT-7589,100031,SKU-2079,102347,,,,Inbound Call,100434,Inactive,,,,,,,,,,"309,305",Other,100126,"4,398",,Jamie Mercer,100817,100708,,,SMB,100015,,,,100500,,100015,,,,,Prospect,100395,,,,,,Back Office,100111,,100596,,104787
100223,Opportunity,105560,riley.ivanov@demomail.test,Rowan Ashby,2025-01-24 02:15:00,drew.kim@demomail.test,Drew Rossi,2025-12-17 13:18:00,alex.ivanov@acme-fake.test,Diego Vance,2023-05-08 05:25:00,chen.kim@demomail.test,,2023-03-31 02:22:00,Y,Evergreen Systems Group - Managed Services,,,Negotiation,100395,,REF-7187,100413,LOT-9718,102871,,,,Inbound Call,100286,Active,,,,,,,,,,,,,"28,373",,Mei Larsson,101496,100803,,100520,Enterprise,,,,,100003,,,,,100664,,Active Customer,100220,,,,,100548,Recruiting,,,100223,,103312
100213,Opportunity,105561,elena.dorsey@acme-fake.test,Nina Ashby,2023-11-11 22:29:00,chen.larsson@demomail.test,Avery Cohen,2025-11-17 07:57:00,avery.ashby@acme-fake.test,Chen Silva,2024-09-01 02:39:00,fatima.larsson@demomail.test,,2023-07-12 10:08:00,N,Lakeside Capital Group - Offshore Team,,,Closed Won,100426,,REF-6443,100069,SKU-9874,,,,,LinkedIn,100148,Inactive,,,,,,100445,,,,"331,009",Other,,"3,569",,Emerson Mensah,,100746,SKU-5009,,SMB,,,,,100642,,,,,100029,,Active Customer,100139,,,,,100126,Staff Augmentation,,,100535,,103868
100408,Opportunity,105564,aisha.blake@sampleco.test,Omar Vance,2024-01-25 17:27:00,noah.calder@acme-fake.test,Jordan Garcia,2023-11-01 00:53:00,diego.mensah@examplecorp.test,Yara Costa,2025-04-19 08:49:00,fatima.reyes@examplecorp.test,,2024-09-06 13:28:00,N,Vertex Health Ltd - Recruiting,,100497,Dead,100686,,REF-3524,100229,TAG-1175,102361,,,,Website,100656,Inactive,,,,,,100607,,,,,Alpha,100345,"29,219",,Elena Silva,101707,100331,REF-4065,100267,New Logo,100146,,,,100129,,,,,,,Prospect,100262,,,,,,Back Office,100598,,100009,,102582
100234,Opportunity,105565,aisha.rossi@acme-fake.test,Drew Costa,2026-02-19 10:36:00,sofia.haddad@examplecorp.test,Noah Costa,2024-04-30 23:30:00,skyler.reyes@examplecorp.test,Avery Patel,2024-11-11 21:50:00,rahul.sato@acme-fake.test,,2024-02-22 04:14:00,N,Copper Partners Co - Recruiting,,,Negotiation,100464,TAG-6663,TAG-9687,100767,REF-2056,102871,,,,Partner,100498,Active,,,,,,,,,,"142,341",Gamma,100360,"14,484",5576,Aisha Sato,101183,100661,TAG-1788,100301,Enterprise,,,,,100342,,100115,,,,,Prospect,100141,,,,,,Staff Augmentation,,,100242,,103646
100388,Opportunity,105567,quinn.mensah@acme-fake.test,Priya Costa,2023-04-23 23:57:00,rowan.sloan@demomail.test,Avery Sloan,2024-10-25 15:07:00,reese.sloan@acme-fake.test,Avery Blake,2025-01-21 11:58:00,riley.haddad@acme-fake.test,Yara Whitfield,2023-12-23 22:56:00,N,Everest Financial Inc - Managed Services,,,On Hold,100344,,REF-7821,100588,LOT-5100,102444,,,,Referral,,Active,,,,,,100168,,,,"110,737",,,"5,674",,Liam Vance,101071,100672,LOT-1885,,Renewal,100080,,,,100736,,100627,,,100799,,Active Customer,100736,,,,,,Payroll,100799,,100377,,
100679,Opportunity,105569,jordan.haddad@examplecorp.test,Emerson Calder,2022-10-15 00:15:00,sofia.blake@examplecorp.test,Drew Ashby,2024-08-30 21:33:00,priya.mensah@acme-fake.test,Reese Silva,2026-05-24 05:15:00,sofia.ashby@sampleco.test,,2023-11-24 13:52:00,Y,Pioneer Labs Co - Consulting,,100613,Proposal Sent,100313,SKU-7831,TAG-2491,100462,TAG-6671,103601,,,,Referral,100169,Active,,,,,,100426,,,,"186,807",,,"25,447",,Avery Ivanov,101236,100371,REF-4442,,SMB,100267,,,,100044,,100012,,,100424,,Prospect,100136,,,,,,Payroll,100481,,100487,,
100242,Opportunity,105571,liam.dorsey@sampleco.test,Noah Vance,2023-05-25 14:32:00,morgan.dorsey@sampleco.test,Chen Costa,2024-07-15 03:54:00,yara.calder@acme-fake.test,Morgan Kim,2024-06-16 03:25:00,jamie.okafor@acme-fake.test,,2022-11-06 09:53:00,Y,Evergreen Manufacturing LLC - Staff Augmentation,,,Closed Won,100042,,REF-8857,100667,REF-2731,103964,,,,Cold Outreach,100242,Inactive,,,,,,100579,,,,"227,108",,100571,"13,552",,Quinn Sloan,101027,100445,,100180,New Logo,100432,,,,100777,,100073,,,100569,,Prospect,100176,,,,,,Back Office,,,100014,,
100542,Opportunity,105572,rahul.haddad@sampleco.test,Nina Ashby,2024-04-12 07:57:00,rowan.rossi@examplecorp.test,Quinn Whitfield,2025-09-23 12:06:00,diego.haddad@sampleco.test,Rahul Ivanov,2023-12-01 22:06:00,liam.silva@examplecorp.test,,2026-06-07 09:03:00,Y,Summit Analytics Corp - Consulting,,100182,Proposal Sent,100770,,LOT-9435,100377,LOT-6790,102250,,,,Webinar,100774,Active,,,,,,,,100062,,,,,"11,155",,Arjun Silva,101041,100518,REF-7952,,New Logo,100517,,,,100516,,100156,Gamma,,,,Active Customer,100111,,,,,,Back Office,100370,,100527,,104531
100391,Opportunity,105574,jordan.kim@demomail.test,Taylor Mensah,2024-10-20 00:04:00,marco.blake@acme-fake.test,Diego Reyes,2025-09-25 00:03:00,nina.sloan@examplecorp.test,Noah Mercer,2025-06-24 12:20:00,mei.calder@sampleco.test,,2023-10-12 09:06:00,N,Delta Group Co - Back Office,,,Closed Won,100010,LOT-9357,REF-6082,100254,TAG-7485,102209,,,,Cold Outreach,100552,Inactive,,,,,,100328,,100445,,"485,285",,,,8779,Alex Calder,101043,100788,,100177,New Logo,,,,,100454,,,,,100473,,Active Customer,100129,,,,,100593,Consulting,100434,,100417,,
100353,Opportunity,105575,priya.brooks@sampleco.test,Avery Larsson,2024-05-17 01:23:00,chen.mensah@acme-fake.test,Aisha Garcia,2022-11-26 23:58:00,chen.reyes@demomail.test,Aisha Nguyen,2025-06-22 12:53:00,aisha.okafor@sampleco.test,,2023-08-14 13:40:00,Y,Brightpath Retail - Managed Services,,,Closed Lost,100360,,TAG-3187,100091,REF-5058,102096,,,,Event,100518,Inactive,,,,,,,,,,"188,960",Beta,100334,"30,412",,Emerson Patel,101545,,,100044,Renewal,100393,,,,100799,,100383,,,100690,,Prospect,100684,,,,,,Staff Augmentation,,,100301,,
100400,Opportunity,105578,jordan.blake@examplecorp.test,Riley Mercer,2023-08-28 16:49:00,sofia.larsson@demomail.test,Drew Blake,2024-03-18 09:27:00,sofia.larsson@examplecorp.test,Jamie Cohen,2023-11-22 21:04:00,noah.silva@acme-fake.test,,2025-07-24 17:39:00,N,Lakeside Holdings Corp - Payroll,,100517,Closed Won,100192,LOT-5252,TAG-8425,100417,LOT-5777,102622,,,,Event,100267,Inactive,,,,,,100224,,100115,,"336,085",,100676,"21,727",,Rowan Brooks,101598,,,100417,New Logo,100220,,,,100784,,100569,,,,,Active Customer,100454,,,,,100726,Recruiting,,,100722,,104766
100334,Opportunity,105581,skyler.dorsey@examplecorp.test,Marco Sloan,2024-01-22 22:59:00,jamie.okafor@acme-fake.test,Aisha Rossi,2025-09-16 00:01:00,noah.cohen@acme-fake.test,Liam Nguyen,2023-05-15 11:14:00,nina.calder@sampleco.test,,2022-10-23 21:51:00,Y,Ironwood Robotics Corp - Consulting,,100494,Closed Won,100203,,REF-7805,100146,LOT-9874,101935,,,,Partner,100523,Inactive,,,,,,,,,,"201,262",Other,100593,"23,873",9392,Elena Ashby,101738,100539,LOT-2892,100325,SMB,,,,,100681,,100248,,,100344,,Prospect,100777,,,,,,Managed Services,100656,,100468,,104603
100286,Opportunity,105583,riley.vance@examplecorp.test,Noah Larsson,2023-05-24 16:21:00,liam.vance@demomail.test,Rowan Calder,2024-07-10 04:59:00,riley.blake@acme-fake.test,Reese Silva,2022-12-26 21:35:00,chen.ivanov@sampleco.test,,2025-07-11 18:52:00,Y,Everest Textiles Inc - Offshore Team,,100661,Closed Lost,100103,,TAG-2233,100101,TAG-4503,103632,,,,Inbound Call,,Inactive,,,,,,100601,,100673,,"23,797",,100548,"31,871",,Casey Blake,101048,,,,Enterprise,,,,,100344,,,,,,,Active Customer,100212,,,,,,Payroll,,,100340,,104488
100302,Opportunity,105585,noah.reyes@sampleco.test,Riley Silva,2024-09-28 10:24:00,chen.reyes@examplecorp.test,Omar Okafor,2022-11-24 00:27:00,elena.ivanov@demomail.test,Reese Brooks,2023-09-10 21:20:00,skyler.ivanov@examplecorp.test,,2023-07-23 10:29:00,Y,Summit Analytics LLP - Payroll,,,Discovery,100366,TAG-2526,LOT-2779,100530,REF-6658,101935,,,,Partner,100426,Active,,,,,,100275,,100220,,"314,403",Delta,100282,"14,669",,Noah Cohen,101761,100395,,100429,Standard,,,,,100434,,100329,,,100452,,Prospect,100792,,,,,,Back Office,,,100688,,104662
100236,Opportunity,105587,priya.sloan@examplecorp.test,Emerson Haddad,2022-12-12 17:38:00,diego.larsson@acme-fake.test,Skyler Rossi,2023-06-16 13:52:00,aisha.ivanov@examplecorp.test,Omar Brooks,2025-07-13 22:30:00,drew.costa@demomail.test,,2025-12-29 23:51:00,Y,Northwind Holdings Corp - Payroll,,,Closed Won,100377,,REF-1183,100073,TAG-5236,,,,,LinkedIn,100393,Inactive,,,,,,,,,,,,100654,,,Aisha Silva,101403,100429,REF-8888,,Renewal,,,,,100793,,100793,,,100142,,Active Customer,100382,,,,,,Offshore Team,,,100389,,104250
100462,Opportunity,105588,taylor.silva@acme-fake.test,Skyler Costa,2025-03-17 02:47:00,yara.ford@sampleco.test,Marco Calder,2022-12-12 03:44:00,aisha.whitfield@sampleco.test,Avery Brooks,2026-03-24 19:27:00,noah.mensah@examplecorp.test,,2024-09-30 14:04:00,N,Cobalt Solutions Group - Consulting,,100110,Negotiation,100206,,TAG-7633,100445,SKU-5428,103066,,,,Referral,,Active,,,,,,100356,,,,,,100158,"38,517",,Liam Okafor,101096,100723,,100238,Enterprise,100371,,,,100658,,,Alpha,,100434,,Active Customer,100232,,,,,,Recruiting,100490,,100720,,
100598,Opportunity,105589,casey.vance@examplecorp.test,Skyler Cohen,2025-09-02 05:57:00,sofia.sloan@sampleco.test,Yara Cohen,2023-11-01 03:35:00,elena.haddad@sampleco.test,Chen Kim,2024-10-16 14:39:00,chen.dorsey@examplecorp.test,,2023-08-11 15:22:00,N,Brightpath Analytics LLC - Consulting,,100177,Closed Won,100652,,SKU-5527,100410,LOT-3351,103204,,,,Inbound Call,,Inactive,,,,,,,,100016,,"61,105",Beta,100182,"27,895",,Priya Garcia,101615,,SKU-1488,100770,Standard,100329,,,,100509,,100148,Alpha,,100477,,Active Customer,100298,,,,,,Managed Services,,,100146,,
100454,Opportunity,105591,jamie.ashby@acme-fake.test,Mei Sato,2023-08-04 19:54:00,omar.vance@sampleco.test,Emerson Reyes,2023-11-10 09:11:00,noah.costa@sampleco.test,Noah Garcia,2023-05-29 18:09:00,taylor.costa@sampleco.test,,2024-05-06 10:25:00,Y,Everest Robotics LLC - Payroll,,,Closed Lost,100520,SKU-7350,SKU-2129,100708,TAG-7283,104324,,,,LinkedIn,100452,Inactive,,,,,,,,,,"119,693",,,"15,507",1171,Rahul Rossi,,100282,LOT-4072,,Renewal,100551,,,,100447,,,,,100788,,Active Customer,100101,,,,,100799,Consulting,100293,,100403,,
100634,Opportunity,105593,emerson.nguyen@demomail.test,Casey Garcia,2023-01-14 05:47:00,omar.kim@demomail.test,Rahul Sato,2022-10-10 07:10:00,rowan.sloan@sampleco.test,Omar Patel,2023-07-19 08:41:00,mei.mensah@acme-fake.test,,2025-12-21 22:01:00,Y,Lakeside Manufacturing - Offshore Team,,100526,Discovery,100516,,SKU-7785,100113,REF-3977,103380,,,,Webinar,100731,Active,,,,,,100593,,,,"309,134",,100158,"25,977",6413,Sofia Reyes,101154,100634,,100153,Standard,,,,,100393,,100642,,,100464,,Prospect,100601,,,,,100336,Payroll,100223,,100509,,
100025,Opportunity,105595,marco.mercer@acme-fake.test,Elena Silva,2023-05-17 06:16:00,rahul.larsson@sampleco.test,Rowan Silva,2022-12-28 13:56:00,priya.silva@sampleco.test,Emerson Blake,2023-04-01 12:47:00,sofia.vance@acme-fake.test,,2023-05-28 09:23:00,N,Pioneer Media Group - Recruiting,,,Closed Lost,100041,,REF-9762,100771,TAG-3372,104782,,,,Referral,,Inactive,,,,,,,,100552,,"145,354",Beta,100066,"20,343",7019,Taylor Larsson,101767,,SKU-8754,,Standard,,,,,100143,,,,,,,Active Customer,100690,,,,,100631,Staff Augmentation,100729,,100076,,103574
100777,Opportunity,105597,sofia.okafor@acme-fake.test,Aisha Ashby,2022-10-08 02:50:00,nina.ford@acme-fake.test,Diego Sato,2025-06-24 05:09:00,drew.haddad@demomail.test,Morgan Mercer,2024-05-27 19:51:00,jordan.mercer@acme-fake.test,,2023-03-20 21:46:00,N,Summit Networks Co - Recruiting,,100670,Closed Won,100309,,REF-4258,100420,LOT-4815,103145,,,,Cold Outreach,,Inactive,,,,,,,,100649,,,Standard,100613,"29,957",9541,Casey Garcia,101528,100376,,100568,New Logo,100523,,,,100086,,,,,100715,,Prospect,100479,,,,,100667,Recruiting,,,100291,,
100185,Opportunity,105598,drew.cohen@demomail.test,Emerson Larsson,2023-05-07 02:23:00,rahul.garcia@examplecorp.test,Sofia Okafor,2022-10-29 02:38:00,sofia.garcia@examplecorp.test,Avery Larsson,2024-09-12 01:45:00,diego.rossi@acme-fake.test,,2026-05-09 11:56:00,N,Blue Ridge Analytics Ltd - Payroll,,100516,Closed Lost,100520,,SKU-9393,100796,SKU-8739,103989,,,,Inbound Call,100477,Inactive,,,,,,100500,,,,"138,828",Delta,100173,"39,101",,Morgan Haddad,,100482,,100359,SMB,100089,,,,100692,,100003,,,,,Prospect,100203,,,,,100546,Back Office,100208,,100434,,103931
100437,Opportunity,105600,mei.silva@demomail.test,Riley Larsson,2022-12-25 19:01:00,yara.sato@demomail.test,Arjun Dorsey,2024-05-25 11:27:00,omar.brooks@sampleco.test,Elena Brooks,2024-01-16 15:38:00,noah.vance@acme-fake.test,,2025-01-09 21:18:00,Y,Northwind Dynamics Co - Back Office,,,Negotiation,100368,TAG-1704,SKU-5867,100146,REF-8453,102931,,,,Website,100224,Active,,,,,,100440,,,,"332,614",,,"9,400",2663,Taylor Larsson,100930,100576,LOT-1540,100735,Enterprise,100774,,,,100188,,,Other,,,,Active Customer,100340,,,,,100523,Offshore Team,100339,,100456,,102479
100245,Opportunity,105602,fatima.whitfield@demomail.test,Quinn Garcia,2023-05-21 14:21:00,omar.mensah@examplecorp.test,Morgan Ford,2025-06-23 14:48:00,avery.patel@sampleco.test,Arjun Okafor,2025-12-12 21:06:00,reese.mercer@acme-fake.test,,2023-06-01 04:47:00,N,Falcon Textiles LLP - Back Office,,,Discovery,100573,,TAG-3842,100146,SKU-4238,104772,,,,Cold Outreach,100359,Active,,,,,,,,100242,,"282,037",,,"22,212",8371,Noah Mercer,101436,,LOT-4474,100371,Renewal,100086,,,,100587,,100456,,,,,Prospect,100759,,,,,,Managed Services,100683,,100293,,102730
100388,Opportunity,105605,riley.patel@acme-fake.test,Nina Calder,2023-11-20 16:07:00,diego.brooks@demomail.test,Sofia Calder,2023-02-10 06:16:00,priya.ivanov@acme-fake.test,Marco Ford,2024-08-18 11:25:00,mei.brooks@demomail.test,,2022-10-13 06:05:00,Y,Beacon Robotics Ltd - Staff Augmentation,,100217,Dead,100336,,LOT-1773,100734,SKU-2201,103623,,,,Referral,100772,Inactive,,,,,,100405,,100664,,,,100040,"3,680",1255,Rahul Cohen,101518,,,,New Logo,,,,,100115,,,Delta,,100113,,Active Customer,100242,,,,,100624,Managed Services,100015,,100208,,104567
100382,Opportunity,105606,omar.sato@demomail.test,Casey Kim,2024-03-28 04:32:00,emerson.ford@acme-fake.test,Arjun Mercer,2025-11-20 05:12:00,rowan.whitfield@examplecorp.test,Nina Sloan,2022-10-27 17:32:00,mei.ivanov@examplecorp.test,,2025-05-31 02:11:00,N,Summit Retail Group - Recruiting,,100056,Proposal Sent,100008,SKU-7366,LOT-5710,100720,REF-6062,101885,,,,Website,100749,Active,,,,,,100269,,,,,Beta,100282,"8,354",8286,Fatima Reyes,101721,,LOT-9568,100236,SMB,100627,,,,100642,,,,,100774,,Prospect,100708,,,,,100243,Staff Augmentation,100565,,100634,,102323
100788,Opportunity,105609,chen.vance@examplecorp.test,Yara Okafor,2024-01-17 13:36:00,jamie.ashby@acme-fake.test,Mei Okafor,2022-10-19 03:23:00,liam.dorsey@acme-fake.test,Noah Whitfield,2023-02-21 12:22:00,rahul.rossi@demomail.test,,2023-04-16 00:38:00,N,Falcon Financial Inc - Back Office,,,Proposal Sent,100413,TAG-6587,REF-5396,100522,SKU-8598,103361,,,,Referral,100597,Active,,,,,,,,,,"186,732",,100658,"27,210",,Noah Larsson,101133,100470,REF-5010,,Enterprise,100546,,,,100208,,,,,100759,,Active Customer,100749,,,,,100029,Offshore Team,100189,,100195,,104002
100282,Opportunity,105611,arjun.costa@sampleco.test,Drew Sloan,2025-07-18 04:43:00,sofia.reyes@examplecorp.test,Casey Mercer,2024-09-23 23:52:00,jordan.costa@examplecorp.test,Chen Cohen,2024-01-04 22:21:00,fatima.dorsey@acme-fake.test,,2023-06-25 19:40:00,Y,Redwood Robotics Corp - Staff Augmentation,,100223,Closed Won,100254,,LOT-7940,100568,REF-9943,103910,,,,Inbound Call,,Inactive,,,,,,100789,,,,,,,"28,910",,Aisha Rossi,,100741,,100190,Standard,100565,,,,100291,,100216,,,,,Prospect,100415,,,,,,Staff Augmentation,,,100046,,103828
100531,Opportunity,105612,aisha.sato@acme-fake.test,Sofia Haddad,2025-03-10 20:36:00,noah.patel@demomail.test,Reese Costa,2025-10-28 18:13:00,casey.nguyen@acme-fake.test,Riley Mensah,2023-02-25 08:02:00,avery.kim@sampleco.test,,2026-02-18 02:38:00,Y,Pioneer Analytics Ltd - Consulting,,100066,On Hold,100486,REF-4098,SKU-6700,100190,TAG-6568,102575,,,,Cold Outreach,,Active,,,,,,100434,,,,"102,044",,100771,"15,935",3072,Reese Ashby,101347,,LOT-2302,,Renewal,100171,,,,100601,,,,,,,Prospect,100622,,,,,,Back Office,100456,,100254,,
100086,Opportunity,105615,emerson.reyes@examplecorp.test,Jamie Vance,2025-07-16 06:42:00,liam.ford@acme-fake.test,Emerson Mercer,2023-04-06 11:45:00,mei.mensah@examplecorp.test,Reese Ford,2023-09-13 16:40:00,nina.larsson@demomail.test,,2026-03-09 13:36:00,N,Atlas Systems Ltd - Back Office,,,Qualification,100459,,LOT-8443,100518,SKU-9367,103537,,,,Website,100182,Active,,,,,,100683,,100679,,"12,948",Alpha,100511,"28,582",,Skyler Blake,101700,100010,,100173,Renewal,100535,,,,100477,,,,,100780,,Prospect,100223,,,,,,Staff Augmentation,100168,,100485,,102536
100702,Opportunity,105617,priya.ford@sampleco.test,Drew Larsson,2026-02-07 00:50:00,avery.patel@examplecorp.test,Omar Costa,2024-06-27 04:35:00,sofia.ford@examplecorp.test,Morgan Vance,2024-06-15 08:52:00,aisha.ivanov@sampleco.test,,2026-06-01 22:33:00,Y,Cobalt Health - Managed Services,,100731,Proposal Sent,100692,SKU-8230,REF-6591,100459,LOT-8966,102740,,,,LinkedIn,,Active,,,,,,100073,,,,"402,407",Beta,,"23,308",,Fatima Ashby,101021,100484,,,Enterprise,100452,,,,100344,,100348,,,100044,,Active Customer,100789,,,,,100786,Offshore Team,100679,,100654,,
100530,Opportunity,105618,liam.brooks@examplecorp.test,Reese Haddad,2023-11-06 23:46:00,aisha.whitfield@acme-fake.test,Chen Mensah,2023-09-21 07:55:00,arjun.patel@acme-fake.test,Marco Kim,2026-04-01 16:38:00,fatima.reyes@sampleco.test,,2025-12-05 07:17:00,N,Falcon Retail Inc - Offshore Team,,,Qualification,100115,,REF-4216,100380,TAG-3708,103433,,,,LinkedIn,100799,Active,,,,,,100459,,100106,,,Other,100558,"10,323",,Nina Nguyen,101513,,,100720,Standard,100462,,,,100370,,100452,Alpha,,,,Prospect,100139,,,,,100765,Staff Augmentation,100803,,100120,,104690
100532,Opportunity,105619,skyler.nguyen@examplecorp.test,Rahul Okafor,2023-10-23 18:51:00,riley.vance@acme-fake.test,Taylor Larsson,2026-07-27 00:16:00,omar.mensah@examplecorp.test,Sofia Whitfield,2024-03-03 07:20:00,aisha.dorsey@demomail.test,,2023-11-21 09:05:00,N,Beacon Industries LLP - Recruiting,,100596,Closed Lost,100031,LOT-8941,LOT-1482,100702,REF-9626,101971,,,,Website,100180,Inactive,,,,,,,,100037,,"226,134",,,"5,923",3932,Skyler Garcia,101625,100383,SKU-2623,100792,Enterprise,,,,,100351,,100715,,,100625,,Prospect,100122,,,,,100598,Recruiting,,,100126,,103028
100497,Opportunity,105622,jamie.larsson@demomail.test,Skyler Mensah,2023-04-09 18:41:00,sofia.kim@examplecorp.test,Alex Silva,2023-02-10 05:10:00,quinn.silva@demomail.test,Priya Nguyen,2023-02-25 02:08:00,rahul.silva@sampleco.test,,2025-11-22 07:28:00,Y,Brightpath Robotics LLP - Back Office,,100295,Negotiation,100153,,REF-1110,100234,REF-3598,102474,,,,Event,,Active,,,,,,100426,,,,"179,138",,100242,"1,258",,Taylor Ashby,100933,,,,New Logo,100332,,,,100388,,,,,100532,,Active Customer,100684,,,,,100200,Staff Augmentation,,,100683,,103847
100139,Opportunity,105624,morgan.larsson@examplecorp.test,Jamie Ivanov,2022-10-11 05:54:00,chen.mercer@examplecorp.test,Priya Garcia,2023-02-13 12:05:00,casey.patel@acme-fake.test,Jamie Costa,2024-09-05 08:57:00,taylor.ivanov@examplecorp.test,,2025-12-14 14:24:00,Y,Evergreen Capital Corp - Back Office,,100702,Dead,100129,,LOT-4285,100676,REF-5449,103252,,,,LinkedIn,100474,Inactive,,,,,,100188,,100015,,"361,094",Other,,"23,177",,Liam Ford,101454,100309,SKU-3253,100015,Standard,100164,,,,100413,,100617,,,100209,,Active Customer,100735,,,,,100803,Staff Augmentation,100759,,100479,,102569
100459,Opportunity,105627,yara.larsson@sampleco.test,Nina Reyes,2024-10-01 04:55:00,marco.nguyen@sampleco.test,Omar Sato,2024-01-15 21:12:00,liam.brooks@acme-fake.test,Emerson Mercer,2023-03-29 05:55:00,mei.rossi@examplecorp.test,,2023-11-25 06:37:00,Y,Redwood Logistics LLC - Back Office,,100366,Closed Won,100107,REF-7250,SKU-1840,100681,REF-7001,,,,,Referral,100539,Inactive,,,,,,,,100351,,"67,798",,,"15,123",,Omar Sloan,,100709,LOT-2872,100702,Renewal,100356,,,,100652,,100452,Alpha,,100323,,Active Customer,100042,,,,,,Recruiting,100456,,100319,,
100784,Opportunity,105628,jordan.haddad@examplecorp.test,Nina Calder,2023-06-24 19:28:00,marco.haddad@demomail.test,Casey Cohen,2025-08-06 20:12:00,fatima.haddad@sampleco.test,Priya Sloan,2023-11-18 04:58:00,mei.whitfield@examplecorp.test,,2023-01-13 18:41:00,N,Harbor Media LLP - Payroll,,,Discovery,100742,REF-3105,SKU-1751,100408,REF-3265,,,,,Inbound Call,100037,Active,,,,,,,,,,,,100683,"19,776",,Alex Larsson,101767,100308,REF-2187,,Renewal,100025,,,,100040,,100265,,,100498,,Active Customer,100546,,,,,100323,Offshore Team,100758,,100259,,102360
100664,Opportunity,105629,yara.costa@acme-fake.test,Chen Silva,2024-09-27 10:12:00,casey.sato@demomail.test,Mei Blake,2024-08-17 08:15:00,noah.larsson@acme-fake.test,Yara Patel,2023-01-22 13:45:00,arjun.ford@demomail.test,,2024-07-07 09:36:00,Y,Horizon Logistics Group - Back Office,,100371,Discovery,100610,REF-5137,LOT-6431,100405,SKU-4252,,,,,LinkedIn,,Active,,,,,,100735,,100683,,"340,598",,100692,,6626,Quinn Whitfield,101758,100265,LOT-9887,,Renewal,100413,,,,100527,,100212,,,100661,,Active Customer,100180,,,,,,Managed Services,100023,,100042,,104574
100070,Opportunity,105630,jordan.rossi@sampleco.test,Marco Vance,2024-03-28 11:48:00,emerson.larsson@demomail.test,Liam Okafor,2023-01-22 08:17:00,yara.larsson@sampleco.test,Liam Kim,2024-03-16 18:11:00,riley.sato@demomail.test,,2024-09-01 09:43:00,Y,Cobalt Health - Consulting,,100342,Negotiation,100603,,REF-9921,100670,LOT-1088,102965,,,,Referral,100227,Active,,,,,,100770,,100426,,"168,950",Beta,100189,"39,436",,Jordan Larsson,101619,100616,,100470,Enterprise,,,,,100070,,,,,100484,,Active Customer,100353,,,,,100269,Payroll,100359,,100104,,103074
100482,Opportunity,105633,alex.brooks@acme-fake.test,Avery Mensah,2023-09-29 21:30:00,elena.nguyen@demomail.test,Aisha Vance,2026-01-28 19:36:00,rowan.calder@demomail.test,Mei Mercer,2025-03-17 04:37:00,casey.ford@examplecorp.test,,2023-09-25 20:13:00,Y,Keystone Foods Ltd - Managed Services,,100683,Proposal Sent,100342,,SKU-1178,100513,SKU-2309,102509,,,,Cold Outreach,100206,Active,,,,,,,,100688,,"255,650",,100410,"17,117",,Emerson Calder,100811,100622,TAG-1874,,New Logo,100803,,,,100091,,100543,,,100169,,Active Customer,100393,,,,,,Managed Services,,,100628,,103241
100604,Opportunity,105635,aisha.vance@acme-fake.test,Nina Haddad,2023-04-08 04:04:00,nina.calder@examplecorp.test,Jordan Reyes,2024-01-05 11:28:00,rowan.okafor@examplecorp.test,Chen Reyes,2025-10-18 08:42:00,omar.mensah@acme-fake.test,Nina Kim,2022-10-27 09:21:00,Y,Cardinal Retail Co - Staff Augmentation,,,Discovery,100565,REF-4191,TAG-8098,100356,TAG-4226,104366,,,,Event,,Active,,,,,,100477,,,,"440,908",,100490,"15,887",,Drew Cohen,,,TAG-2676,,Renewal,100565,,,,100500,,100735,,,100742,,Prospect,100638,,,,,100051,Consulting,,,100494,,
100220,Opportunity,105637,mei.mercer@examplecorp.test,Quinn Cohen,2023-03-19 13:03:00,emerson.reyes@sampleco.test,Avery Blake,2025-03-01 10:25:00,aisha.ivanov@acme-fake.test,Drew Calder,2024-11-20 23:07:00,rowan.kim@acme-fake.test,,2023-05-12 20:18:00,N,Evergreen Financial Inc - Back Office,,100073,Closed Lost,100005,TAG-3459,SKU-9787,100235,TAG-3816,102657,,,,Event,,Inactive,,,,,,,,100343,,,Delta,,"13,595",2353,Jamie Patel,100931,100281,,,Enterprise,100123,,,,100679,,100763,,,,,Active Customer,100610,,,,,100771,Staff Augmentation,100617,,100645,,103797
100699,Opportunity,105638,jordan.patel@sampleco.test,Diego Whitfield,2023-06-16 03:59:00,reese.whitfield@sampleco.test,Skyler Haddad,2024-11-24 00:47:00,fatima.kim@sampleco.test,Aisha Brooks,2024-04-07 11:45:00,nina.larsson@examplecorp.test,,2026-03-30 03:44:00,N,Lakeside Networks - Recruiting,,,Discovery,100447,SKU-6405,LOT-4333,100731,LOT-5416,101899,,,,Webinar,100316,Active,,,,,,100192,,100091,,,Delta,,,,Mei Ashby,101552,100182,REF-8402,100103,Enterprise,,,,,100309,,100516,Other,,,,Active Customer,100789,,,,,100376,Staff Augmentation,,,100742,,
100482,Opportunity,105641,sofia.nguyen@sampleco.test,Aisha Mensah,2026-05-04 12:56:00,aisha.nguyen@acme-fake.test,Yara Patel,2025-11-08 20:08:00,sofia.brooks@acme-fake.test,Jamie Haddad,2023-08-03 13:00:00,sofia.calder@acme-fake.test,,2024-03-28 19:38:00,Y,Harbor Partners Co - Recruiting,,,Closed Won,100585,,LOT-3368,100484,TAG-5604,102835,,,,Partner,,Inactive,,,,,,100571,,100251,,"359,397",,,"20,249",6434,Arjun Okafor,,100649,TAG-9228,100146,Renewal,100248,,,,100684,,100141,,,100720,,Active Customer,100741,,,,,,Payroll,,,100217,,103926
100023,Opportunity,105642,elena.ashby@examplecorp.test,Aisha Ashby,2024-04-12 12:14:00,yara.okafor@examplecorp.test,Arjun Dorsey,2023-06-09 08:56:00,taylor.haddad@demomail.test,Alex Okafor,2024-04-04 06:29:00,aisha.reyes@demomail.test,,2024-11-18 12:18:00,N,Atlas Labs Inc - Consulting,,100535,Proposal Sent,100731,SKU-4352,REF-1932,100432,REF-5025,103846,,,,Referral,100681,Active,,,,,,100642,,100128,,,,,"39,181",898,Arjun Mensah,,,,100267,Enterprise,100240,,,,100434,,,,,100182,,Prospect,100627,,,,,,Recruiting,100148,,100746,,103712
100681,Opportunity,105645,nina.costa@examplecorp.test,Mei Brooks,2024-01-17 00:18:00,jordan.silva@acme-fake.test,Liam Vance,2023-05-05 23:23:00,fatima.calder@sampleco.test,Fatima Mensah,2026-02-09 16:49:00,sofia.whitfield@examplecorp.test,,2026-01-24 22:16:00,Y,Harbor Capital Group - Recruiting,,,On Hold,100115,REF-8769,LOT-6061,100319,SKU-7701,104218,,,,Event,,Active,,,,,,100016,,100262,,"183,411",Delta,100352,"20,888",3313,Morgan Ashby,,,LOT-5140,,Enterprise,,,,,100437,,100012,,,100142,,Prospect,100111,,,,,100415,Consulting,,,100670,,102140
100280,Opportunity,105646,arjun.sato@acme-fake.test,Elena Vance,2024-08-29 21:41:00,liam.ashby@demomail.test,Jamie Silva,2024-06-03 10:32:00,chen.whitfield@demomail.test,Omar Dorsey,2025-03-23 09:36:00,priya.mensah@demomail.test,,2023-06-15 23:19:00,Y,Delta Solutions - Managed Services,,100248,Proposal Sent,100323,TAG-1797,LOT-1196,100503,TAG-9829,104606,,,,LinkedIn,100190,Active,,,,,,100376,,,,"360,949",,,"21,647",,Mei Dorsey,,100331,LOT-9379,100342,Standard,100531,,,,100532,,,,,100128,,Active Customer,100049,,,,,,Consulting,100290,,100509,,
100784,Opportunity,105648,quinn.ashby@acme-fake.test,Marco Nguyen,2026-01-27 23:14:00,jamie.ashby@examplecorp.test,Omar Whitfield,2022-10-25 17:38:00,liam.costa@examplecorp.test,Diego Ivanov,2025-11-10 13:17:00,fatima.ashby@examplecorp.test,,2024-04-27 15:04:00,Y,Everest Networks - Managed Services,,,Qualification,100434,,REF-9482,100661,SKU-3377,103757,,,,Referral,100535,Active,,,,,,100520,,,,,Standard,,"31,244",,Jordan Rossi,101116,,TAG-2716,100015,New Logo,,,,,100368,,100604,,,100601,,Active Customer,100076,,,,,100395,Payroll,100792,,100010,,104744
100744,Opportunity,105650,elena.sato@demomail.test,Rahul Dorsey,2023-04-27 04:21:00,skyler.dorsey@demomail.test,Marco Blake,2024-02-16 23:20:00,rowan.costa@sampleco.test,Omar Whitfield,2026-04-25 06:14:00,elena.kim@acme-fake.test,,2024-06-02 09:57:00,N,Horizon Group LLP - Managed Services,,100156,On Hold,100060,,LOT-9490,100334,TAG-9547,102970,,,,Webinar,100587,Active,,,,,,100563,,100313,,"481,377",,100774,"31,014",,Alex Sato,101257,100026,,100360,Renewal,,,,,100686,,100262,,,,,Prospect,100522,,,,,,Consulting,100119,,100328,,101886
100646,Opportunity,105652,avery.garcia@acme-fake.test,Riley Mensah,2022-11-14 06:55:00,chen.patel@sampleco.test,Arjun Brooks,2025-01-12 12:33:00,chen.dorsey@sampleco.test,Sofia Brooks,2024-04-25 03:53:00,quinn.silva@examplecorp.test,,2025-04-14 21:31:00,N,Evergreen Group Group - Managed Services,,,Discovery,100688,TAG-8164,TAG-7649,100522,LOT-1553,102730,,,,Referral,100517,Active,,,,,,100803,,100314,,,,100569,"22,387",,Taylor Vance,101039,100382,SKU-5577,100497,New Logo,,,,,100158,,,,,100243,,Active Customer,100615,,,,,,Offshore Team,100070,,100694,,102723
100186,Opportunity,105655,avery.haddad@acme-fake.test,Rahul Okafor,2024-04-13 11:17:00,arjun.dorsey@demomail.test,Fatima Vance,2025-06-27 13:01:00,elena.costa@demomail.test,Yara Blake,2024-08-30 14:38:00,marco.larsson@acme-fake.test,,2025-12-07 20:10:00,N,Copper Systems LLC - Back Office,,100034,Proposal Sent,100213,SKU-1980,TAG-7779,100168,TAG-4093,102633,,,,Partner,,Active,,,,,,100208,,,,"287,551",,100182,"19,170",3042,Diego Costa,100974,,LOT-2156,100749,New Logo,,,,,100012,,100477,,,100464,,Prospect,100342,,,,,100799,Back Office,100203,,100103,,102285
100498,Opportunity,105657,elena.calder@sampleco.test,Casey Garcia,2023-11-10 05:27:00,marco.kim@sampleco.test,Quinn Kim,2025-06-21 17:40:00,priya.haddad@acme-fake.test,Priya Silva,2026-01-17 14:50:00,alex.whitfield@demomail.test,,2024-11-06 08:16:00,Y,Cardinal Logistics Inc - Payroll,,100031,Closed Won,100799,,SKU-3456,100490,REF-9506,102471,,,,LinkedIn,100661,Inactive,,,,,,100259,,100251,,,,100800,"2,717",,Yara Dorsey,101342,100554,REF-6775,100694,SMB,,,,,100576,,100280,,,100760,,Active Customer,100141,,,,,100259,Recruiting,100690,,100079,,
100234,Opportunity,105660,mei.ashby@examplecorp.test,Liam Sato,2024-09-21 03:32:00,jamie.costa@demomail.test,Mei Reyes,2023-12-28 00:31:00,drew.okafor@examplecorp.test,Sofia Costa,2025-04-05 14:25:00,morgan.reyes@sampleco.test,Yara Dorsey,2023-11-13 20:05:00,N,Keystone Dynamics Ltd - Staff Augmentation,,100097,Closed Won,100799,,TAG-5356,100772,SKU-5234,102674,,,,Website,100106,Inactive,,,,,,,,100538,,,,100400,"19,321",6595,Casey Ford,101368,100080,LOT-8335,100336,Standard,100736,,,,100370,,,,,100016,,Active Customer,100042,,,,,,Consulting,100113,,100206,,
100025,Opportunity,105662,rowan.nguyen@demomail.test,Chen Ford,2023-06-06 04:13:00,yara.costa@sampleco.test,Chen Sato,2024-03-16 16:39:00,skyler.costa@examplecorp.test,Mei Patel,2023-12-15 06:29:00,alex.blake@demomail.test,,2025-03-29 17:26:00,N,Granite Media LLC - Back Office,,100624,On Hold,100123,,TAG-6610,100117,LOT-4694,104344,,,,Cold Outreach,,Active,,,,,,,,100234,,,Delta,100688,"36,070",,Jamie Sloan,100826,100340,REF-1733,,Renewal,,,,,100070,,100527,,,,,Active Customer,100165,,,,,,Recruiting,100735,,100530,,104686
100481,Opportunity,105664,omar.patel@examplecorp.test,Riley Nguyen,2023-08-24 04:21:00,taylor.sato@demomail.test,Reese Patel,2024-07-24 22:15:00,chen.reyes@acme-fake.test,Rahul Haddad,2023-03-27 07:24:00,rahul.kim@examplecorp.test,,2024-12-22 11:23:00,N,Brightpath Capital LLC - Back Office,,100042,Closed Won,100340,,LOT-5276,100459,TAG-8068,103467,,,,Inbound Call,,Inactive,,,,,,,,100631,,"94,510",Beta,100234,"39,045",,Rahul Reyes,,100452,,,Standard,100388,,,,100126,,100257,,,100259,,Active Customer,100497,,,,,100267,Staff Augmentation,,,100735,,
100517,Opportunity,105666,jordan.sato@sampleco.test,Avery Sloan,2022-10-06 04:00:00,avery.sloan@examplecorp.test,Rowan Vance,2026-04-14 23:09:00,quinn.ashby@examplecorp.test,Rahul Okafor,2023-07-07 00:20:00,casey.sato@acme-fake.test,,2025-07-07 23:58:00,Y,Falcon Partners Ltd - Recruiting,,100462,Negotiation,100632,TAG-5427,REF-9497,100351,REF-9608,104267,,,,Event,,Active,,,,,,,,100280,,"164,964",,,"9,496",,Casey Ashby,,,SKU-8002,,SMB,,,,,100585,,100148,,,100058,,Active Customer,100475,,,,,,Recruiting,,,100012,,
100434,Opportunity,105667,aisha.costa@sampleco.test,Jamie Cohen,2025-04-01 19:50:00,arjun.garcia@demomail.test,Chen Haddad,2024-11-25 02:24:00,sofia.mercer@sampleco.test,Sofia Garcia,2026-03-24 21:21:00,mei.ivanov@examplecorp.test,,2025-05-12 11:33:00,N,Brightpath Manufacturing LLP - Payroll,,,Discovery,100434,,SKU-6160,100656,SKU-9436,102900,,,,Webinar,100464,Active,,,,,,100746,,,,,Gamma,100308,"29,636",,Riley Okafor,101381,,TAG-1261,100083,Enterprise,,,,,100799,,100073,,,,,Active Customer,100044,,,,,100139,Offshore Team,100426,,100398,,104613
100393,Opportunity,105669,elena.whitfield@demomail.test,Skyler Sato,2024-11-18 02:52:00,aisha.garcia@demomail.test,Yara Mercer,2025-11-13 07:04:00,morgan.ashby@demomail.test,Liam Whitfield,2022-10-03 20:51:00,reese.mercer@examplecorp.test,,2024-09-25 04:59:00,Y,Silverline Textiles Co - Staff Augmentation,,,Closed Won,100539,REF-1442,REF-2798,100151,REF-7793,103054,,,,Cold Outreach,,Inactive,,,,,,100492,,100113,,"409,962",,100649,,,Jamie Kim,101498,100468,LOT-9541,,New Logo,100593,,,,100280,,100262,,,100715,,Active Customer,100664,,,,,,Recruiting,100405,,100705,,104092
100240,Opportunity,105670,liam.nguyen@sampleco.test,Aisha Patel,2025-06-09 09:33:00,priya.calder@examplecorp.test,Sofia Cohen,2023-07-23 12:43:00,reese.okafor@sampleco.test,Marco Ivanov,2024-05-26 19:04:00,skyler.vance@sampleco.test,,2022-10-25 17:23:00,N,Summit Systems Co - Back Office,,,Closed Won,100800,LOT-7603,REF-2731,100044,LOT-3363,,,,,Event,100374,Inactive,,,,,,,,100192,,"427,632",Beta,,"16,973",,Chen Brooks,,100555,,100410,New Logo,100796,,,,100696,,,Delta,,100588,,Active Customer,100041,,,,,100511,Managed Services,,,100080,,101883
100758,Opportunity,105672,mei.mercer@demomail.test,Riley Blake,2025-04-25 13:30:00,avery.cohen@examplecorp.test,Taylor Ashby,2024-02-06 20:45:00,fatima.sloan@acme-fake.test,Jamie Blake,2023-02-01 15:10:00,reese.kim@acme-fake.test,,2025-07-05 17:16:00,N,Redwood Industries Corp - Offshore Team,,,Closed Won,100267,,SKU-2942,100429,REF-6310,102983,,,,Partner,100117,Inactive,,,,,,100527,,,,"430,562",,,"20,298",,Aisha Calder,101762,,SKU-3529,100789,New Logo,100363,,,,100456,,100616,,,,,Prospect,100051,,,,,,Back Office,100103,,100552,,102979
100434,Opportunity,105675,liam.blake@demomail.test,Emerson Garcia,2024-01-28 14:40:00,aisha.whitfield@demomail.test,Jordan Ashby,2026-06-19 12:29:00,skyler.reyes@examplecorp.test,Casey Garcia,2023-05-04 02:16:00,liam.mercer@demomail.test,,2025-02-04 05:07:00,N,Everest Media - Back Office,,,Proposal Sent,100758,,REF-9970,100573,LOT-3612,102190,,,,Event,100613,Active,,,,,,100587,,100015,,"118,653",,,"35,281",,Casey Sato,,100389,SKU-7414,100243,SMB,,,,,100020,,,,,,,Active Customer,100295,,,,,100403,Consulting,,,100490,,103448
100295,Opportunity,105676,priya.reyes@examplecorp.test,Arjun Mercer,2026-05-29 16:41:00,priya.silva@demomail.test,Marco Garcia,2023-07-14 12:01:00,jamie.calder@acme-fake.test,Riley Larsson,2022-12-16 05:36:00,rowan.sato@acme-fake.test,,2024-02-24 13:18:00,Y,Copper Textiles Group - Managed Services,,100497,Proposal Sent,100251,LOT-4382,SKU-4569,100467,TAG-5971,103942,,,,Partner,100180,Active,,,,,,,,100223,,"424,503",Alpha,,"28,683",,Emerson Costa,101021,100603,SKU-4782,100654,New Logo,100686,,,,100301,,,,,100298,,Prospect,100380,,,,,100288,Payroll,100044,,100421,,102269
100464,Opportunity,105678,omar.mercer@examplecorp.test,Taylor Haddad,2025-12-12 00:53:00,aisha.silva@examplecorp.test,Nina Dorsey,2024-11-15 10:09:00,diego.costa@examplecorp.test,Reese Reyes,2026-06-26 11:22:00,alex.costa@acme-fake.test,,2025-02-04 05:05:00,Y,Pioneer Retail LLP - Offshore Team,,100763,Closed Lost,100286,,SKU-7129,100486,SKU-1615,102174,,,,Webinar,,Inactive,,,,,,,,100500,,"432,992",Alpha,100206,"22,228",,Fatima Okafor,101207,100408,LOT-9911,100063,Renewal,100205,,,,100014,,100212,,,100777,,Prospect,100552,,,,,,Payroll,100083,,100136,,102755
100464,Opportunity,105679,sofia.costa@sampleco.test,Quinn Mercer,2024-03-11 15:01:00,jamie.cohen@sampleco.test,Quinn Ivanov,2024-03-07 03:50:00,noah.ivanov@acme-fake.test,Nina Mercer,2026-03-01 15:38:00,yara.larsson@demomail.test,,2024-10-28 10:24:00,Y,Brightpath Systems Ltd - Payroll,,100593,Closed Lost,100212,,SKU-7381,100579,REF-4748,103440,,,,Cold Outreach,,Inactive,,,,,,,,,,"254,901",Beta,,"33,261",,Diego Whitfield,101466,,,,New Logo,,,,,100259,,100288,,,100220,,Prospect,100734,,,,,100624,Managed Services,,,100136,,104822
100656,Opportunity,105680,jordan.blake@examplecorp.test,Liam Kim,2023-06-03 14:24:00,rahul.haddad@examplecorp.test,Sofia Okafor,2026-06-21 10:04:00,rahul.reyes@examplecorp.test,Sofia Garcia,2023-04-19 21:59:00,yara.sloan@acme-fake.test,,2026-03-17 17:37:00,N,Blue Ridge Holdings Corp - Offshore Team,,100527,Discovery,100598,REF-7543,REF-4568,100746,LOT-4256,103635,,,,Webinar,100753,Active,,,,,,,,,,"215,063",,,"7,736",8782,Casey Larsson,101097,100395,TAG-2476,100415,New Logo,100708,,,,100215,,,Alpha,,100634,,Active Customer,100792,,,,,,Payroll,100654,,100759,,102791
100672,Opportunity,105683,aisha.ashby@sampleco.test,Rahul Silva,2025-03-26 14:52:00,avery.mensah@acme-fake.test,Rahul Garcia,2025-04-17 00:59:00,casey.vance@acme-fake.test,Fatima Calder,2024-07-03 01:24:00,casey.dorsey@examplecorp.test,,2022-10-10 12:10:00,Y,Cobalt Solutions Ltd - Recruiting,,100190,Qualification,100546,,LOT-6503,100388,,103446,,,,Inbound Call,,Active,,,,,,,,100523,,"470,117",Alpha,,"22,946",,Sofia Vance,,100486,LOT-7266,,SMB,100398,,,,100500,,,,,100734,,Active Customer,100322,,,,,100342,Consulting,100229,,100496,,
100123,Opportunity,105685,elena.nguyen@acme-fake.test,Rahul Kim,2024-05-27 19:13:00,nina.calder@acme-fake.test,Rowan Silva,2025-03-31 22:43:00,yara.garcia@demomail.test,Drew Nguyen,2025-01-28 17:24:00,jamie.patel@demomail.test,,2022-11-29 23:22:00,N,Northwind Logistics LLC - Payroll,,100484,Closed Won,100434,,LOT-8696,100115,LOT-3675,103474,,,,LinkedIn,,Inactive,,,,,,100189,,,,,,100216,"26,544",3429,Marco Cohen,101134,100479,LOT-3270,,Renewal,,,,,100129,,100229,Standard,,100786,,Active Customer,100053,,,,,100239,Offshore Team,,,100015,,103268
100591,Opportunity,105688,rowan.whitfield@examplecorp.test,Aisha Sloan,2024-12-17 00:18:00,casey.silva@demomail.test,Arjun Nguyen,2023-10-28 02:52:00,priya.mensah@examplecorp.test,Jamie Sato,2024-07-27 03:55:00,alex.cohen@demomail.test,,2025-08-17 22:20:00,Y,Pioneer Financial Co - Recruiting,,100800,Proposal Sent,100782,,SKU-8096,100104,REF-8082,102285,,,,Referral,,Active,,,,,,,,,,,Alpha,,"39,432",7163,Aisha Cohen,101626,100184,REF-9445,,SMB,,,,,100148,,,,,,,Prospect,100104,,,,,100015,Offshore Team,,,100569,,
100056,Opportunity,105690,noah.costa@sampleco.test,Priya Ivanov,2024-08-01 21:19:00,chen.garcia@demomail.test,Rahul Haddad,2022-10-23 01:51:00,yara.sato@acme-fake.test,Nina Ivanov,2024-06-17 08:34:00,mei.haddad@acme-fake.test,,2023-05-14 13:25:00,N,Horizon Robotics LLP - Back Office,,100738,Discovery,100203,,REF-9518,100265,SKU-6287,102772,,,,Referral,,Active,,,,,,,,100487,,,Gamma,100468,,3592,Chen Dorsey,101247,,TAG-6287,100034,SMB,,,,,100477,,,,,,,Prospect,100788,,,,,100792,Offshore Team,100243,,100722,,104653
100670,Opportunity,105692,noah.patel@acme-fake.test,Chen Kim,2026-04-09 22:16:00,reese.reyes@examplecorp.test,Reese Larsson,2024-12-06 06:35:00,liam.kim@sampleco.test,Taylor Mensah,2025-07-18 23:15:00,rowan.reyes@sampleco.test,,2025-07-07 17:33:00,N,Keystone Partners LLP - Payroll,,100241,Closed Lost,100487,,LOT-3419,100302,REF-5317,103213,,,,Partner,100023,Inactive,,,,,,100123,,,,,,,"13,919",,Priya Cohen,101602,,,,Standard,,,,,100277,,100329,,,,,Active Customer,100205,,,,,100704,Consulting,,,100628,,101917
100551,Opportunity,105693,omar.kim@examplecorp.test,Drew Sato,2023-07-25 06:54:00,jamie.okafor@sampleco.test,Avery Ford,2025-07-23 07:45:00,skyler.kim@demomail.test,Diego Reyes,2023-04-30 10:15:00,priya.brooks@demomail.test,,2023-05-11 15:11:00,Y,Ironwood Dynamics - Managed Services,,,Proposal Sent,100652,,REF-8671,100400,,104217,,,,Event,,Active,,,,,,100139,,,,"36,580",,100285,"27,954",,Marco Silva,101263,100613,REF-2552,100588,SMB,100447,,,,100717,,100498,,,100267,,Active Customer,100616,,,,,,Managed Services,100395,,100339,,
100040,Opportunity,105695,omar.costa@sampleco.test,Priya Cohen,2024-02-03 03:43:00,liam.silva@examplecorp.test,Reese Reyes,2023-12-09 10:31:00,elena.dorsey@demomail.test,Elena Ford,2024-10-02 16:09:00,riley.sato@sampleco.test,,2023-09-08 23:05:00,N,Cardinal Networks Group - Payroll,,,Dead,100016,,REF-2970,100763,TAG-6315,102634,,,,LinkedIn,100530,Inactive,,,,,,100205,,100734,,"377,909",,100236,"29,780",,Arjun Sato,100818,100405,,100772,Standard,100538,,,,100176,,100240,,,100717,,Prospect,100462,,,,,,Consulting,100302,,100010,,103061
100262,Opportunity,105698,noah.ashby@sampleco.test,Skyler Ashby,2023-12-25 21:37:00,noah.vance@sampleco.test,Sofia Kim,2024-04-05 12:43:00,sofia.okafor@acme-fake.test,Yara Ashby,2023-05-02 09:55:00,riley.silva@examplecorp.test,Chen Sloan,2024-10-31 10:26:00,Y,Keystone Holdings LLP - Managed Services,,100229,Proposal Sent,100604,,LOT-8584,100238,REF-4422,102856,,,,LinkedIn,,Active,,,,,,,,,,"267,367",,,"19,423",6729,Jordan Cohen,,,,,Renewal,100034,,,,100782,,,,,100688,,Prospect,100588,,,,,,Back Office,,,100696,,102229
100548,Opportunity,105700,riley.ashby@demomail.test,Rahul Larsson,2023-09-27 09:56:00,liam.okafor@acme-fake.test,Rahul Rossi,2024-04-14 13:14:00,elena.calder@demomail.test,Reese Larsson,2025-03-08 09:21:00,elena.vance@demomail.test,,2023-10-22 21:09:00,N,Lakeside Textiles LLP - Offshore Team,,100285,Closed Won,100610,REF-4370,REF-8485,100148,SKU-2689,104327,,,,LinkedIn,,Inactive,,,,,,100111,,,,,,,,,Rowan Garcia,101764,,,100569,SMB,100371,,,,100676,,,,,100069,,Active Customer,100141,,,,,,Offshore Team,100803,,100432,,
100275,Opportunity,105701,quinn.nguyen@examplecorp.test,Rahul Kim,2026-07-13 07:51:00,rahul.rossi@sampleco.test,Reese Patel,2026-04-03 01:23:00,taylor.mercer@sampleco.test,Liam Kim,2023-08-06 14:10:00,quinn.cohen@acme-fake.test,,2026-07-24 05:02:00,Y,Ironwood Labs Ltd - Back Office,,,Dead,100616,TAG-5626,SKU-2520,100509,SKU-3673,102220,,,,Cold Outreach,,Inactive,,,,,,,,,,,Standard,100699,"38,738",,Chen Reyes,101604,100044,,,Enterprise,,,,,100106,,100731,,,,,Prospect,100192,,,,,100559,Consulting,,,100415,,102365
100497,Opportunity,105703,casey.garcia@demomail.test,Casey Rossi,2026-01-06 01:58:00,jamie.larsson@sampleco.test,Marco Ashby,2023-03-03 04:19:00,liam.ivanov@demomail.test,Marco Patel,2026-07-20 21:38:00,priya.cohen@sampleco.test,,2025-05-08 09:26:00,Y,Summit Energy - Staff Augmentation,,100736,Discovery,100426,,REF-2858,100684,REF-3136,104546,,,,LinkedIn,100683,Active,,,,,,,,100353,,,Delta,100168,"20,893",,Chen Larsson,101596,100731,,100782,Renewal,,,,,100696,,100449,,,,,Active Customer,100046,,,,,,Offshore Team,100485,,100298,,102615
100750,Opportunity,105706,quinn.mercer@demomail.test,Avery Haddad,2024-10-14 16:07:00,noah.nguyen@examplecorp.test,Jordan Sato,2026-01-31 10:45:00,drew.nguyen@sampleco.test,Emerson Sloan,2024-05-05 09:45:00,liam.sloan@examplecorp.test,Rowan Patel,2026-07-23 05:28:00,N,Delta Analytics Inc - Managed Services,,,Closed Lost,100475,,LOT-5271,100607,SKU-3027,102403,,,,Cold Outreach,100459,Inactive,,,,,,,,,,,,100683,"38,555",,Mei Cohen,101325,100240,,,Standard,100238,,,,100383,,100462,,,100058,,Prospect,100513,,,,,,Recruiting,100462,,100286,,
100322,Opportunity,105709,jordan.garcia@sampleco.test,Elena Calder,2023-05-20 06:22:00,reese.mercer@examplecorp.test,Jordan Blake,2023-08-10 05:06:00,alex.whitfield@sampleco.test,Priya Costa,2023-03-05 17:29:00,noah.blake@examplecorp.test,,2024-11-26 04:50:00,N,Cobalt Energy Co - Back Office,,100799,Closed Won,100447,,TAG-7943,100421,LOT-9184,102971,,,,Webinar,,Inactive,,,,,,100282,,,,,,100182,"12,702",8055,Elena Sato,101485,,,,Standard,100638,,,,100511,,100616,,,100017,,Active Customer,100634,,,,,,Recruiting,,,100798,,103978
100328,Opportunity,105711,chen.ivanov@acme-fake.test,Casey Sloan,2025-08-01 16:17:00,avery.sato@acme-fake.test,Jordan Reyes,2026-06-25 02:51:00,avery.cohen@sampleco.test,Quinn Reyes,2023-04-01 10:48:00,omar.larsson@examplecorp.test,,2024-10-07 01:49:00,N,Redwood Logistics Group - Staff Augmentation,,,Qualification,100511,LOT-7356,SKU-1780,100445,TAG-5116,104582,,,,Webinar,100456,Active,,,,,,100280,,100340,,"205,525",Gamma,,,4594,Diego Silva,101326,100788,LOT-5118,,Enterprise,100481,,,,100344,,100126,,,100654,,Prospect,100229,,,,,100323,Recruiting,100482,,100309,,
100607,Opportunity,105713,omar.reyes@sampleco.test,Yara Ashby,2024-01-19 02:22:00,omar.blake@demomail.test,Liam Vance,2023-10-01 04:40:00,diego.ivanov@demomail.test,Mei Haddad,2026-05-20 07:59:00,diego.ford@demomail.test,,2025-03-05 23:29:00,N,Meridian Industries Ltd - Recruiting,,100434,Negotiation,100712,,LOT-7724,100329,SKU-1120,103032,,,,Event,,Active,,,,,,,,,,"292,044",,,"33,151",2238,Casey Garcia,101215,100588,,100113,SMB,100345,,,,100646,,100744,,,100526,,Active Customer,100413,,,,,,Consulting,,,100331,,
100051,Opportunity,105715,fatima.patel@examplecorp.test,Fatima Cohen,2024-07-22 14:33:00,morgan.nguyen@examplecorp.test,Elena Rossi,2025-08-21 05:27:00,arjun.larsson@sampleco.test,Liam Brooks,2025-05-17 13:30:00,skyler.mensah@sampleco.test,,2025-01-26 04:00:00,Y,Pioneer Health Co - Staff Augmentation,,,Dead,100008,TAG-3452,TAG-3164,100497,TAG-4986,104315,,,,Partner,100359,Inactive,,,,,,,,100331,,"225,579",Other,,"29,884",9209,Alex Reyes,101110,,,100148,Renewal,100238,,,,100182,,100429,,,100374,,Prospect,100314,,,,,,Offshore Team,,,100040,,102242
100119,Opportunity,105718,arjun.ashby@acme-fake.test,Noah Garcia,2023-02-16 08:33:00,noah.costa@demomail.test,Priya Blake,2024-10-08 01:52:00,rahul.ashby@sampleco.test,Arjun Mercer,2022-10-21 08:55:00,aisha.costa@acme-fake.test,,2024-08-18 14:50:00,Y,Atlas Systems - Managed Services,,100056,Closed Lost,100339,,REF-6745,100571,LOT-7246,104572,,,,Partner,100432,Inactive,,,,,,100069,,100664,,"99,227",Alpha,100328,"13,975",,Jamie Blake,101609,,SKU-5255,100473,SMB,100452,,,,100569,,,,,,,Active Customer,100746,,,,,100238,Recruiting,100652,,100180,,
100486,Opportunity,105719,jordan.whitfield@sampleco.test,Drew Vance,2024-08-18 05:55:00,sofia.vance@demomail.test,Jamie Whitfield,2026-05-17 07:48:00,mei.vance@examplecorp.test,Yara Cohen,2023-10-09 06:49:00,avery.vance@sampleco.test,,2025-03-03 11:11:00,Y,Brightpath Systems LLP - Staff Augmentation,,100215,Proposal Sent,100786,,TAG-3803,100186,,104383,,,,Website,100200,Active,,,,,,100560,,,,"154,826",,,"2,972",,Jamie Sato,,100370,,,Renewal,100037,,,,100705,,,,,100117,,Active Customer,100189,,,,,,Staff Augmentation,100171,,100484,,102483
100213,Opportunity,105722,reese.reyes@examplecorp.test,Quinn Larsson,2026-06-14 07:47:00,mei.rossi@demomail.test,Jordan Whitfield,2025-04-28 17:21:00,avery.reyes@examplecorp.test,Mei Mensah,2022-10-30 15:31:00,sofia.calder@demomail.test,Diego Patel,2025-04-01 10:10:00,N,Atlas Labs Corp - Offshore Team,,100424,On Hold,100793,,SKU-9265,100030,,102361,,,,Cold Outreach,100325,Active,,,,,,100301,,100066,,"216,375",Gamma,,"18,976",,Taylor Mercer,,,LOT-5704,100348,SMB,100531,,,,100649,,,,,,,Prospect,100568,,,,,,Staff Augmentation,100628,,100685,,104464
100348,Opportunity,105724,fatima.patel@sampleco.test,Nina Silva,2026-02-10 17:40:00,skyler.okafor@acme-fake.test,Fatima Patel,2022-10-07 18:01:00,jamie.whitfield@demomail.test,Fatima Silva,2026-05-01 02:03:00,morgan.rossi@demomail.test,,2026-07-20 09:19:00,N,Brightpath Retail Inc - Offshore Team,,100638,Closed Lost,100245,,LOT-5288,100664,LOT-7973,102384,,,,Webinar,100658,Inactive,,,,,,100014,,100265,,"31,822",,100447,"21,588",,Quinn Reyes,101444,100286,,100331,SMB,100370,,,,100205,,,,,,,Prospect,100750,,,,,100224,Payroll,,,100275,,
100746,Opportunity,105727,arjun.mensah@sampleco.test,Fatima Patel,2025-08-12 07:29:00,avery.sato@demomail.test,Yara Mercer,2026-07-12 01:36:00,skyler.mercer@acme-fake.test,Aisha Whitfield,2026-03-09 06:44:00,liam.mensah@demomail.test,,2025-05-17 20:47:00,Y,Meridian Foods Inc - Offshore Team,,100298,Discovery,100322,,TAG-4835,100383,TAG-8305,103039,,,,Webinar,100729,Active,,,,,,100615,,100532,,"339,360",Standard,,,,Quinn Mercer,101670,,LOT-2595,,Enterprise,,,,,100462,,100113,,,100588,,Active Customer,100516,,,,,100010,Back Office,,,100526,,102153
100267,Opportunity,105729,rowan.whitfield@examplecorp.test,Fatima Brooks,2025-06-07 06:42:00,fatima.sato@examplecorp.test,Rowan Ivanov,2025-07-30 19:46:00,skyler.kim@examplecorp.test,Jordan Kim,2023-07-17 14:24:00,diego.rossi@demomail.test,,2026-02-28 23:39:00,Y,Everest Networks Co - Offshore Team,,,Closed Won,100542,,TAG-3938,100099,TAG-9074,102889,,,,Partner,100658,Inactive,,,,,,100526,,100638,,,,100382,"27,556",,Elena Reyes,,100746,LOT-9615,100496,SMB,,,,,100661,,100681,,,,,Active Customer,100517,,,,,100139,Offshore Team,100722,,100383,,102125
100456,Opportunity,105730,casey.ivanov@acme-fake.test,Rahul Ashby,2025-08-22 05:12:00,noah.cohen@acme-fake.test,Marco Rossi,2026-01-13 16:05:00,omar.dorsey@examplecorp.test,Fatima Calder,2024-01-29 03:55:00,chen.blake@sampleco.test,,2023-03-14 01:16:00,N,Blue Ridge Media - Back Office,,100517,Closed Lost,100420,,LOT-5821,100772,LOT-5153,,,,,Website,,Inactive,,,,,,100169,,100340,,"466,688",,100694,,,Jordan Cohen,100814,100153,SKU-5240,100765,Standard,100531,,,,100652,,100767,,,,,Prospect,100610,,,,,,Managed Services,100758,,100641,,
100470,Opportunity,105731,arjun.kim@demomail.test,Priya Sloan,2026-05-06 19:24:00,reese.sato@demomail.test,Fatima Whitfield,2024-11-23 18:42:00,rowan.mercer@acme-fake.test,Casey Rossi,2023-09-25 22:21:00,skyler.silva@demomail.test,,2024-07-20 16:53:00,N,Evergreen Solutions LLP - Managed Services,,,Closed Won,100447,,TAG-5843,100136,,104587,,,,Inbound Call,100069,Inactive,,,,,,,,100511,,"227,915",,100496,"26,689",,Avery Sloan,,100090,,100277,Standard,100101,,,,100688,,100295,,,,,Active Customer,100585,,,,,,Offshore Team,100016,,100576,,104119
100280,Opportunity,105734,taylor.whitfield@demomail.test,Jamie Blake,2024-11-04 14:50:00,sofia.dorsey@acme-fake.test,Jamie Kim,2025-10-29 03:10:00,avery.costa@demomail.test,Alex Okafor,2024-11-22 17:57:00,elena.larsson@examplecorp.test,,2025-09-23 06:51:00,N,Cardinal Financial LLC - Consulting,,100625,Proposal Sent,100232,,TAG-2241,100767,SKU-1007,103239,,,,Website,,Active,,,,,,,,100597,,,,,,,Drew Rossi,101137,,,,Standard,100434,,,,100637,,100520,,,100073,,Prospect,100708,,,,,,Payroll,100248,,100681,,
100683,Opportunity,105737,nina.rossi@sampleco.test,Elena Mercer,2026-06-09 16:35:00,reese.kim@acme-fake.test,Taylor Kim,2026-05-30 09:48:00,priya.ford@sampleco.test,Rowan Vance,2026-06-09 03:46:00,jordan.kim@sampleco.test,Omar Patel,2025-07-17 17:51:00,Y,Evergreen Dynamics Ltd - Recruiting,,100400,Closed Lost,100049,TAG-1203,SKU-4061,100280,REF-6157,104403,,,,Event,100642,Inactive,,,,,,100413,,,,"172,444",,100245,"2,686",,Nina Mensah,,100601,TAG-2452,,Enterprise,100475,,,,100305,,,Delta,,100208,,Active Customer,100393,,,,,100290,Recruiting,,,100079,,
100313,Opportunity,105739,casey.silva@examplecorp.test,Arjun Calder,2024-05-11 05:14:00,jamie.blake@acme-fake.test,Diego Mensah,2023-02-12 12:47:00,omar.ivanov@demomail.test,Reese Mensah,2023-01-31 07:28:00,riley.rossi@examplecorp.test,,2024-03-24 07:37:00,N,Lakeside Networks Co - Consulting,,,Closed Won,100132,,SKU-6826,100432,TAG-5369,102870,,,,Referral,100469,Inactive,,,,,,,,,,,Gamma,100262,"17,015",,Elena Brooks,101485,,TAG-6681,,New Logo,100526,,,,100195,,100717,,,100782,,Active Customer,100142,,,,,100151,Managed Services,100518,,100734,,
100161,Opportunity,105740,marco.vance@acme-fake.test,Marco Rossi,2024-06-26 21:50:00,diego.nguyen@examplecorp.test,Marco Haddad,2026-02-05 01:35:00,skyler.haddad@examplecorp.test,Elena Ford,2024-06-10 02:32:00,aisha.costa@examplecorp.test,,2025-01-21 13:02:00,Y,Redwood Ventures - Back Office,,100744,Qualification,100026,,LOT-1038,100765,TAG-2172,104728,,,,Website,100388,Active,,,,,,100393,,100066,,,Standard,100546,,6166,Taylor Mercer,101150,,REF-6315,,Standard,,,,,100195,,100213,,,100518,,Active Customer,100393,,,,,100106,Back Office,100269,,100209,,102530
100285,Opportunity,105743,mei.brooks@acme-fake.test,Taylor Blake,2023-11-03 12:39:00,noah.okafor@acme-fake.test,Riley Nguyen,2023-12-20 04:34:00,riley.ford@acme-fake.test,Rowan Haddad,2024-12-24 05:40:00,chen.sloan@acme-fake.test,Alex Nguyen,2025-08-30 08:36:00,N,Pioneer Labs LLC - Back Office,,100382,Closed Lost,100690,,SKU-5085,100585,TAG-3744,102628,,,,Inbound Call,,Inactive,,,,,,100212,,100548,,,,,"31,671",8463,Avery Ivanov,101598,100288,,,Enterprise,,,,,100596,,100447,,,100624,,Active Customer,100803,,,,,100107,Back Office,100532,Beta,100169,,104079
100770,Opportunity,105744,arjun.haddad@sampleco.test,Elena Kim,2022-10-11 01:14:00,omar.dorsey@sampleco.test,Mei Whitfield,2025-11-13 03:50:00,omar.kim@sampleco.test,Casey Rossi,2026-04-05 11:17:00,fatima.costa@demomail.test,,2024-12-03 21:03:00,N,Lakeside Health Ltd - Recruiting,,100188,Closed Won,100585,,TAG-7844,100348,LOT-1670,102188,,,,Cold Outreach,,Inactive,,,,,,100676,,100165,,,,100688,"6,687",2904,Fatima Silva,101311,,,,SMB,100020,,,,100750,,100216,Delta,,,,Active Customer,100348,,,,,100097,Recruiting,100526,,100069,,
100753,Opportunity,105745,rowan.rossi@acme-fake.test,Elena Rossi,2023-06-17 14:35:00,omar.whitfield@examplecorp.test,Arjun Cohen,2025-01-11 10:13:00,diego.brooks@demomail.test,Quinn Whitfield,2023-09-15 17:40:00,jordan.larsson@sampleco.test,,2026-05-04 06:00:00,Y,Lakeside Labs - Staff Augmentation,,100259,Closed Lost,100746,LOT-7811,LOT-7761,100313,SKU-3968,102269,,,,Referral,,Inactive,,,,,,,,,,"347,133",,,"5,257",,Morgan Costa,100829,100180,,100046,Standard,,,,,100009,,,,,100342,,Prospect,100742,,,,,100215,Staff Augmentation,100339,,100331,,102653
100601,Opportunity,105747,avery.mercer@demomail.test,Fatima Ford,2025-11-16 15:48:00,jordan.mercer@examplecorp.test,Jordan Reyes,2023-08-11 02:51:00,casey.cohen@examplecorp.test,Morgan Ashby,2025-04-26 13:03:00,chen.reyes@sampleco.test,,2022-12-03 13:41:00,Y,Evergreen Capital Group - Managed Services,,100604,Closed Won,100624,,SKU-5614,100464,TAG-7695,102295,,,,Referral,100113,Inactive,,,,,,100353,,,,,,100517,"24,394",8589,Reese Costa,101745,100282,LOT-7237,100119,Renewal,,,,,100702,,100281,,,100314,,Active Customer,100070,,,,,,Back Office,,,100215,,102649
100119,Opportunity,105748,chen.costa@demomail.test,Liam Dorsey,2024-03-04 22:42:00,emerson.ashby@examplecorp.test,Alex Rossi,2024-01-13 19:22:00,taylor.dorsey@demomail.test,Morgan Ivanov,2024-09-25 19:13:00,noah.silva@examplecorp.test,,2025-03-16 06:16:00,N,Cobalt Capital LLP - Recruiting,,100009,Qualification,100025,,SKU-8560,100101,REF-8932,103792,,,,Webinar,100066,Active,,,,,,,,,,,,100672,"11,286",5939,Yara Ashby,,100641,LOT-9003,100786,SMB,,,,,100398,,100340,,,100641,,Active Customer,100190,,,,,100763,Staff Augmentation,,,100182,,102200
100111,Opportunity,105749,morgan.reyes@sampleco.test,Sofia Vance,2024-05-15 12:21:00,mei.sato@demomail.test,Priya Sato,2023-05-01 04:47:00,emerson.ford@acme-fake.test,Emerson Blake,2025-04-01 05:03:00,avery.haddad@examplecorp.test,,2025-08-25 22:29:00,Y,Lakeside Retail Ltd - Recruiting,,100275,Proposal Sent,100627,LOT-2972,REF-8511,100712,SKU-8025,104704,,,,Referral,,Active,,,,,,100323,,,,,,,,,Alex Whitfield,101535,,SKU-2233,100380,Standard,100363,,,,100475,,,,,100622,,Active Customer,100604,,,,,,Payroll,100672,,100582,,
100259,Opportunity,105752,taylor.mensah@examplecorp.test,Casey Ford,2022-10-05 04:20:00,morgan.cohen@examplecorp.test,Taylor Brooks,2024-05-24 23:31:00,noah.mensah@sampleco.test,Riley Ivanov,2024-02-16 16:38:00,sofia.rossi@sampleco.test,,2023-12-19 21:56:00,N,Atlas Systems LLC - Managed Services,,100551,Closed Won,100469,REF-4262,REF-2272,100490,LOT-8059,102836,,,,Website,100206,Inactive,,,,,,,,100139,,"370,234",Delta,100417,"26,725",6609,Elena Kim,100977,,,100062,Standard,,,,,100257,,,Other,,100189,,Active Customer,100158,,,,,,Consulting,100352,,100206,,102992
100731,Opportunity,105754,avery.ivanov@acme-fake.test,Drew Reyes,2025-05-09 21:15:00,morgan.sloan@examplecorp.test,Chen Garcia,2025-08-28 04:48:00,yara.okafor@sampleco.test,Casey Cohen,2024-06-10 23:15:00,arjun.reyes@acme-fake.test,,2024-07-09 15:50:00,Y,Keystone Partners Inc - Staff Augmentation,,,Dead,100758,REF-2683,REF-9269,100509,,103136,,,,Referral,,Inactive,,,,,,100661,,100189,,"354,026",Other,,"25,552",,Nina Ford,,,,,Renewal,100182,,,,100340,,100498,,,100720,,Prospect,100582,,,,,,Back Office,100205,,100075,,
100106,Opportunity,105756,priya.okafor@sampleco.test,Elena Calder,2022-10-09 14:13:00,fatima.mercer@examplecorp.test,Skyler Costa,2024-07-17 11:29:00,quinn.mensah@demomail.test,Riley Costa,2024-07-03 08:42:00,taylor.ford@demomail.test,,2023-09-23 23:35:00,Y,Keystone Capital Co - Recruiting,,,Closed Won,100158,,TAG-8025,100449,SKU-8478,102502,,,,Inbound Call,100616,Inactive,,,,,,100040,,,,,,100269,"24,198",4758,Casey Reyes,101548,,LOT-1872,100434,New Logo,,,,,100686,,,Gamma,,100652,,Prospect,100513,,,,,,Back Office,,Other,100683,,
100613,Opportunity,105758,aisha.okafor@acme-fake.test,Marco Vance,2024-12-29 03:34:00,jordan.patel@demomail.test,Aisha Cohen,2025-09-28 09:55:00,diego.calder@examplecorp.test,Jamie Okafor,2026-02-10 19:59:00,rahul.ashby@sampleco.test,,2026-01-27 11:31:00,Y,Summit Textiles Corp - Payroll,,100405,Discovery,100041,,LOT-6239,100313,REF-1663,102913,,,,Cold Outreach,,Active,,,,,,100734,,,,"272,722",,100542,"4,775",3146,Omar Ivanov,,,,100763,Standard,,,,,100782,,,Gamma,,,,Active Customer,100496,,,,,,Staff Augmentation,100597,,100195,,104119
100236,Opportunity,105761,emerson.ford@sampleco.test,Fatima Sato,2024-04-28 08:37:00,marco.okafor@demomail.test,Jordan Larsson,2024-01-14 01:36:00,morgan.costa@examplecorp.test,Arjun Dorsey,2023-06-30 10:33:00,drew.costa@examplecorp.test,,2023-07-07 11:18:00,Y,Everest Partners Co - Offshore Team,,,Negotiation,100030,,TAG-9499,100034,SKU-3300,,,,,LinkedIn,100696,Active,,,,,,100037,,,,,,100722,"28,251",,Quinn Garcia,101730,100066,,100474,New Logo,,,,,100168,,100709,,,100257,,Active Customer,100559,,,,,100699,Offshore Team,,,100613,,
100792,Opportunity,105763,avery.haddad@acme-fake.test,Rahul Mercer,2026-05-09 05:32:00,priya.blake@sampleco.test,Mei Cohen,2022-11-13 03:35:00,arjun.silva@sampleco.test,Drew Larsson,2023-03-28 10:53:00,skyler.sato@examplecorp.test,,2023-12-20 05:24:00,Y,Cardinal Systems Co - Recruiting,,100209,Discovery,100120,,SKU-5362,100554,REF-5204,104381,,,,Inbound Call,100683,Active,,,,,,100498,,,,,,100486,,,Omar Haddad,100839,100676,LOT-2849,100203,Renewal,,,,,100217,,,Beta,,,,Prospect,100702,,,,,,Back Office,,,100509,,102704
100490,Opportunity,105766,alex.ford@acme-fake.test,Morgan Rossi,2023-06-03 20:21:00,reese.kim@demomail.test,Jamie Okafor,2026-06-24 17:34:00,noah.haddad@sampleco.test,Taylor Cohen,2023-06-17 06:43:00,rahul.ashby@examplecorp.test,,2022-11-21 00:14:00,Y,Delta Media Group - Back Office,,100526,Proposal Sent,100122,,TAG-5044,100486,TAG-7299,102008,,,,Referral,100415,Active,,,,,,,,100042,,"449,737",,100738,"23,868",,Riley Kim,101146,,LOT-3774,100656,Enterprise,100417,,,,100497,,100627,Alpha,,100454,,Prospect,100031,,,,,,Consulting,100340,,100490,,102940
100240,Opportunity,105767,taylor.mensah@examplecorp.test,Jordan Sloan,2025-06-05 15:37:00,rahul.silva@demomail.test,Alex Vance,2025-05-09 12:03:00,morgan.calder@demomail.test,Mei Nguyen,2025-11-15 11:48:00,aisha.patel@sampleco.test,,2024-06-22 00:44:00,N,Cardinal Networks LLC - Managed Services,,100212,Proposal Sent,100593,,TAG-2701,100076,SKU-6512,103973,,,,Partner,,Active,,,,,,100186,,100099,,"191,188",Delta,,,705,Marco Haddad,,,,100731,SMB,,,,,100486,,100631,,,,,Prospect,100142,,,,,100113,Managed Services,,,100136,,
100601,Opportunity,105770,reese.blake@demomail.test,Avery Reyes,2024-10-09 09:53:00,taylor.ivanov@sampleco.test,Priya Ashby,2023-12-27 05:25:00,diego.okafor@demomail.test,Drew Reyes,2023-10-14 07:23:00,skyler.okafor@examplecorp.test,,2025-06-27 14:14:00,N,Copper Foods Inc - Staff Augmentation,,100142,Negotiation,100148,REF-6347,LOT-8297,100690,LOT-7715,104605,,,,Cold Outreach,100445,Active,,,,,,100760,,100418,,"374,675",Beta,100309,,,Sofia Patel,,,,,Standard,100051,,,,100455,,100182,,,100123,,Prospect,100153,,,,,,Consulting,100060,,100094,,104139
100803,Opportunity,105772,morgan.costa@demomail.test,Alex Mensah,2023-05-21 20:21:00,aisha.dorsey@sampleco.test,Quinn Mercer,2024-06-07 20:20:00,priya.blake@sampleco.test,Taylor Haddad,2023-08-15 02:32:00,alex.nguyen@demomail.test,,2024-08-02 10:59:00,Y,Granite Dynamics - Payroll,,,On Hold,100119,,LOT-7615,100339,LOT-7505,104569,,,,Partner,100709,Active,,,,,,,,100709,,,,100310,,,Drew Vance,101751,100681,LOT-7402,,Enterprise,,,,,100060,,,,,,,Active Customer,100415,,,,,100627,Offshore Team,100464,,100009,,104508
100298,Opportunity,105775,quinn.vance@sampleco.test,Yara Sloan,2025-12-02 10:56:00,emerson.okafor@demomail.test,Reese Whitfield,2023-06-13 14:54:00,elena.rossi@sampleco.test,Nina Larsson,2025-12-21 15:06:00,yara.costa@demomail.test,,2024-02-19 19:18:00,N,Summit Systems Group - Back Office,,,Negotiation,100042,,REF-8662,100786,SKU-1565,,,,,Partner,,Active,,,,,,100403,,100282,,,,100637,"37,371",,Aisha Mercer,,100298,,100679,New Logo,100103,,,,100153,,100242,,,100565,,Prospect,100178,,,,,100213,Managed Services,,,100090,,
100672,Opportunity,105776,reese.whitfield@examplecorp.test,Chen Kim,2025-05-30 11:45:00,skyler.brooks@examplecorp.test,Riley Blake,2025-03-15 13:29:00,nina.garcia@acme-fake.test,Jordan Mercer,2024-01-05 14:29:00,sofia.haddad@examplecorp.test,,2023-02-09 13:31:00,N,Atlas Labs Ltd - Offshore Team,,,Qualification,100293,,LOT-5195,100352,REF-8399,103403,,,,Inbound Call,100091,Active,,,,,,100056,,,,"65,133",,,"31,591",7682,Liam Nguyen,,,SKU-8285,,Renewal,100227,,,,100177,,,,,100628,,Active Customer,100282,,,,,100197,Recruiting,100467,,100786,,103947
100455,Opportunity,105777,alex.cohen@sampleco.test,Reese Silva,2026-02-16 08:07:00,liam.mensah@acme-fake.test,Mei Okafor,2022-11-08 06:44:00,alex.costa@sampleco.test,Skyler Rossi,2023-09-12 06:30:00,alex.sloan@sampleco.test,,2024-06-29 00:38:00,Y,Falcon Energy LLC - Offshore Team,,100628,Negotiation,100139,SKU-3929,LOT-9039,100308,TAG-2104,102834,,,,Inbound Call,100415,Active,,,,,,100129,,100060,,"25,552",,,"9,018",3283,Reese Reyes,,,LOT-8028,100359,SMB,100235,,,,100454,,100359,,,100546,,Active Customer,100079,,,,,,Recruiting,100741,,100568,,
100255,Opportunity,105779,skyler.ashby@examplecorp.test,Jordan Ivanov,2023-03-05 21:42:00,yara.costa@acme-fake.test,Arjun Larsson,2026-02-13 14:10:00,noah.ford@demomail.test,Skyler Costa,2024-04-23 17:33:00,arjun.silva@demomail.test,,2025-12-25 13:46:00,Y,Horizon Capital Ltd - Managed Services,,100800,Qualification,100503,SKU-2098,REF-5258,100497,LOT-7688,104221,,,,Event,100003,Active,,,,,,100742,,100789,,"330,175",Standard,100008,"33,841",5692,Drew Nguyen,101719,100546,,100569,Enterprise,100245,,,,100398,,,,,,,Active Customer,100344,,,,,100353,Consulting,100288,,100704,,103010
100685,Opportunity,105780,drew.sloan@sampleco.test,Skyler Larsson,2023-01-09 00:47:00,avery.mercer@demomail.test,Mei Silva,2026-06-29 03:42:00,riley.larsson@acme-fake.test,Noah Okafor,2026-02-01 00:32:00,omar.mercer@acme-fake.test,Chen Calder,2024-01-01 12:01:00,N,Everest Foods Ltd - Payroll,,100235,Discovery,100186,REF-4070,REF-4883,100115,LOT-1853,104576,,,,Cold Outreach,100348,Active,,,,,,,,,,"498,867",,100763,"12,881",,Casey Whitfield,101015,100676,REF-8738,100527,Standard,100180,,,,100585,,100366,,,,,Active Customer,100788,,,,,100506,Managed Services,100786,,100642,,
100272,Opportunity,105782,elena.ivanov@examplecorp.test,Fatima Larsson,2025-11-30 13:38:00,fatima.calder@examplecorp.test,Drew Vance,2022-11-22 07:28:00,liam.sato@acme-fake.test,Riley Okafor,2022-11-04 05:50:00,aisha.haddad@acme-fake.test,Reese Kim,2024-05-24 05:51:00,Y,Beacon Logistics LLC - Consulting,,100282,Discovery,100368,,LOT-2155,100432,SKU-4522,104496,,,,LinkedIn,100142,Active,,,,,,100652,,100281,,,,,"32,981",,Chen Blake,,,,100658,SMB,100624,,,,100616,,100352,Beta,,,,Active Customer,100588,,,,,100151,Recruiting,,,100607,,103549
100509,Opportunity,105784,jordan.costa@acme-fake.test,Marco Mensah,2024-07-08 03:34:00,emerson.dorsey@examplecorp.test,Diego Blake,2025-11-25 06:30:00,marco.haddad@sampleco.test,Jordan Nguyen,2025-07-26 11:55:00,quinn.silva@demomail.test,,2022-12-19 02:11:00,N,Pioneer Partners Group - Staff Augmentation,,100479,Proposal Sent,100800,REF-1987,SKU-7935,100239,SKU-6646,104273,,,,LinkedIn,,Active,,,,,,,,100239,,"160,812",Standard,100634,"18,949",,Sofia Patel,101724,100481,,100617,Standard,100216,,,,100429,,,,,100509,,Prospect,100649,,,,,,Staff Augmentation,100245,,100405,,
100134,Opportunity,105787,jordan.cohen@examplecorp.test,Noah Ashby,2025-01-24 06:18:00,emerson.ashby@examplecorp.test,Liam Ford,2022-10-12 17:15:00,emerson.haddad@acme-fake.test,Marco Whitfield,2022-10-20 13:36:00,skyler.dorsey@demomail.test,,2024-04-01 09:16:00,Y,Redwood Capital Co - Offshore Team,,,Closed Lost,100110,TAG-3278,SKU-6628,100056,SKU-5987,104038,,,,Inbound Call,100610,Inactive,,,,,,100153,,100454,,,Other,100538,"30,330",,Riley Rossi,100907,,TAG-3989,100610,Renewal,100206,,,,100688,,100097,,,100184,,Prospect,100015,,,,,,Staff Augmentation,100190,,100104,,
100497,Opportunity,105790,fatima.calder@acme-fake.test,Alex Nguyen,2024-11-02 00:30:00,morgan.ashby@examplecorp.test,Priya Reyes,2022-12-02 20:09:00,rahul.larsson@acme-fake.test,Alex Blake,2026-05-22 16:47:00,alex.reyes@sampleco.test,,2023-09-22 04:04:00,Y,Delta Holdings Corp - Offshore Team,,100702,Discovery,100588,,LOT-5713,100486,REF-5050,104283,,,,Webinar,100664,Active,,,,,,,,100755,,"12,069",Delta,,"21,886",6551,Mei Brooks,101615,,TAG-6103,100542,Renewal,,,,,100164,,100421,,,100684,,Active Customer,100241,,,,,100136,Staff Augmentation,100798,,100298,,
100786,Opportunity,105793,priya.brooks@sampleco.test,Noah Whitfield,2025-06-15 16:41:00,alex.nguyen@demomail.test,Elena Haddad,2024-01-27 14:11:00,liam.vance@demomail.test,Arjun Mercer,2023-02-03 10:34:00,rowan.blake@demomail.test,,2026-06-04 10:21:00,N,Cardinal Solutions Corp - Recruiting,,100370,On Hold,100494,SKU-7153,LOT-7284,100382,REF-1674,104296,,,,Inbound Call,100503,Active,,,,,,,,,,"60,797",,100447,"14,597",,Mei Silva,101731,100213,,100177,Standard,,,,,100624,,,,,100597,,Active Customer,100209,,,,,100192,Staff Augmentation,100625,,100380,,102927
100518,Opportunity,105795,emerson.garcia@examplecorp.test,Rowan Vance,2023-08-05 10:08:00,rahul.ashby@examplecorp.test,Avery Ivanov,2026-02-06 17:22:00,taylor.costa@demomail.test,Skyler Rossi,2026-04-16 08:22:00,priya.silva@sampleco.test,,2022-12-14 02:27:00,Y,Falcon Analytics Co - Staff Augmentation,,,Qualification,100468,TAG-3253,SKU-5146,100123,,102696,,,,Event,,Active,,,,,,,,,,"49,029",Standard,,"14,910",,Marco Vance,101680,100686,,100235,Renewal,100195,,,,100344,,100736,,,,,Active Customer,100134,,,,,100624,Managed Services,100486,,100532,,
100449,Opportunity,105796,mei.mensah@sampleco.test,Aisha Costa,2025-05-12 12:46:00,emerson.sloan@acme-fake.test,Nina Whitfield,2023-12-30 02:30:00,riley.vance@sampleco.test,Yara Garcia,2025-05-20 17:10:00,nina.rossi@sampleco.test,,2023-09-07 02:20:00,N,Copper Manufacturing - Consulting,,100153,Negotiation,100026,,SKU-6710,100456,SKU-9536,103272,,,,Cold Outreach,100334,Active,,,,,,,,100588,,,Standard,100329,"10,102",5516,Emerson Blake,101068,,,100016,Renewal,,,,,100413,,,,,,,Prospect,100403,,,,,100123,Back Office,,,100103,,104378
100053,Opportunity,105799,diego.calder@acme-fake.test,Casey Sato,2025-02-09 22:51:00,drew.patel@examplecorp.test,Yara Whitfield,2026-05-21 12:23:00,noah.mensah@acme-fake.test,Elena Blake,2022-11-01 09:09:00,diego.mercer@demomail.test,,2023-04-30 19:38:00,N,Redwood Solutions LLP - Staff Augmentation,,100598,Closed Won,100548,TAG-7502,LOT-3024,100280,REF-5959,103968,,,,Webinar,,Inactive,,,,,,100542,,,,"440,963",Standard,,"17,376",1050,Chen Nguyen,101154,,,,Renewal,100053,,,,100517,,,Beta,,100245,,Active Customer,100429,,,,,100161,Back Office,100582,,100200,,
100111,Opportunity,105801,jordan.whitfield@sampleco.test,Jamie Mercer,2022-11-02 08:02:00,aisha.haddad@examplecorp.test,Priya Garcia,2026-02-02 15:21:00,quinn.costa@demomail.test,Elena Rossi,2023-09-09 22:40:00,jamie.blake@acme-fake.test,,2024-06-14 14:11:00,N,Beacon Holdings Group - Managed Services,,100217,Discovery,100236,,SKU-3240,100143,REF-8035,104678,,,,Inbound Call,100267,Active,,,,,,100104,,100603,,,,100348,"28,430",,Morgan Haddad,101412,100288,LOT-8595,100638,New Logo,,,,,100652,,,,,100686,,Active Customer,100360,,,,,,Offshore Team,100031,,100627,,
100617,Opportunity,105804,chen.rossi@demomail.test,Marco Calder,2023-07-30 02:21:00,quinn.cohen@demomail.test,Liam Ford,2024-01-03 15:58:00,drew.ivanov@acme-fake.test,Riley Cohen,2025-11-14 04:09:00,nina.ford@sampleco.test,,2023-06-12 01:05:00,N,Northwind Media - Back Office,,100049,Closed Won,100792,,REF-7894,100257,LOT-2694,103237,,,,LinkedIn,100025,Inactive,,,,,,,,100227,,,,100591,"23,179",3244,Aisha Nguyen,100855,100345,,,SMB,100498,,,,100426,,,Beta,,100420,,Active Customer,100153,,,,,100418,Offshore Team,100391,,100587,,103068
100587,Opportunity,105806,emerson.whitfield@acme-fake.test,Marco Ashby,2023-01-04 17:40:00,emerson.brooks@sampleco.test,Taylor Rossi,2025-04-07 17:31:00,noah.brooks@examplecorp.test,Nina Silva,2023-09-02 00:08:00,rahul.mercer@acme-fake.test,,2025-03-08 20:10:00,N,Northwind Textiles LLC - Consulting,,100151,Closed Won,100624,,TAG-2990,100066,REF-8502,103039,,,,Referral,,Inactive,,,,,,100774,,,,,,100688,"33,613",,Marco Brooks,100875,,TAG-6310,,Renewal,,,,,100496,,,,,,,Prospect,100182,,,,,,Managed Services,100796,,100530,,102650
100729,Opportunity,105808,reese.mensah@demomail.test,Quinn Costa,2024-05-03 14:57:00,taylor.silva@acme-fake.test,Arjun Mercer,2026-02-20 07:36:00,elena.mensah@examplecorp.test,Nina Mensah,2025-10-27 21:52:00,quinn.okafor@sampleco.test,,2024-10-20 18:39:00,N,Copper Dynamics LLC - Managed Services,,100388,Closed Won,100371,TAG-2929,TAG-8751,100452,SKU-9815,,,,,Partner,,Inactive,,,,,,100601,,,,,,100370,"28,887",,Jordan Costa,,100295,TAG-8099,100015,SMB,,,,,100146,,,Standard,,100482,,Prospect,100746,,,,,,Payroll,100169,,100720,Alpha,103843
100034,Opportunity,105810,reese.okafor@sampleco.test,Marco Mercer,2025-05-16 23:49:00,rowan.rossi@examplecorp.test,Priya Cohen,2026-02-10 17:54:00,noah.mercer@demomail.test,Taylor Silva,2025-01-26 19:26:00,emerson.mercer@acme-fake.test,Fatima Haddad,2022-10-13 08:38:00,N,Harbor Industries Inc - Offshore Team,,,Closed Lost,100679,,SKU-4300,100560,SKU-7451,102207,,,,LinkedIn,100685,Inactive,,,,,,100511,,100420,,"57,807",,100477,,,Casey Silva,100964,100468,SKU-8884,100164,Standard,,,,,100371,,100679,Standard,,100262,,Prospect,100652,,,,,,Recruiting,,,100758,,
100005,Opportunity,105812,sofia.okafor@demomail.test,Drew Nguyen,2025-10-03 22:20:00,liam.larsson@demomail.test,Arjun Mensah,2025-08-26 22:33:00,liam.ashby@examplecorp.test,Priya Ford,2023-03-12 19:32:00,liam.costa@demomail.test,,2023-12-14 14:37:00,N,Evergreen Manufacturing Inc - Payroll,,,Discovery,100452,TAG-8203,REF-7299,100770,SKU-1118,102269,,,,Partner,100234,Active,,,,,,,,100141,,,,,"3,436",,Emerson Sato,100946,,LOT-1392,100607,Enterprise,100332,,,,100129,,,,,100395,,Active Customer,100158,,,,,100597,Payroll,,,100339,,102449
100388,Opportunity,105814,jordan.silva@demomail.test,Emerson Haddad,2025-06-26 22:00:00,liam.sloan@demomail.test,Riley Ford,2023-10-25 19:16:00,riley.mensah@acme-fake.test,Liam Cohen,2025-09-08 22:36:00,skyler.brooks@sampleco.test,,2025-11-27 21:20:00,Y,Delta Partners LLP - Staff Augmentation,,,Dead,100014,,TAG-3102,100736,SKU-8898,102356,,,,Event,,Inactive,,,,,,100705,,100622,,"125,201",,100091,"12,533",,Taylor Mercer,101738,100415,,,Standard,100262,,,,100016,,100386,,,,,Prospect,100023,,,,,100731,Recruiting,,,100316,,103565
100377,Opportunity,105817,skyler.mensah@examplecorp.test,Liam Nguyen,2024-09-25 10:13:00,noah.ivanov@sampleco.test,Emerson Sato,2024-01-08 06:56:00,casey.ford@demomail.test,Alex Blake,2024-02-25 01:57:00,elena.silva@sampleco.test,,2025-01-21 05:36:00,N,Ironwood Holdings Inc - Offshore Team,,,Closed Won,100475,TAG-4819,REF-3785,100156,TAG-8761,102818,,,,Website,,Inactive,,,,,,100563,,,,"360,766",Alpha,100060,"19,974",,Drew Costa,101604,100111,SKU-7202,100603,New Logo,100089,,,,100148,,,,,100134,,Active Customer,100089,,,,,100200,Back Office,100670,,100786,,
100188,Opportunity,105819,reese.dorsey@sampleco.test,Avery Calder,2026-04-21 03:10:00,liam.okafor@demomail.test,Rowan Ashby,2026-07-18 05:36:00,skyler.larsson@demomail.test,Diego Haddad,2023-06-29 20:16:00,fatima.brooks@demomail.test,,2025-05-05 03:58:00,Y,Ironwood Networks Ltd - Consulting,,100688,Negotiation,100767,,TAG-9628,100267,REF-7935,102404,,,,Referral,100542,Active,,,,,,100336,,,,,Gamma,,"1,286",,Morgan Okafor,,100094,,,Enterprise,,,,,100389,,100216,,,100462,,Prospect,100699,,,,,100765,Recruiting,,,100767,,
100180,Opportunity,105820,alex.nguyen@acme-fake.test,Morgan Ivanov,2023-12-21 20:30:00,skyler.dorsey@examplecorp.test,Drew Sato,2026-06-10 22:14:00,alex.mercer@examplecorp.test,Diego Silva,2023-11-25 13:50:00,drew.brooks@sampleco.test,,2022-12-25 05:46:00,N,Summit Financial LLP - Payroll,,100248,Dead,100755,,TAG-8935,100457,TAG-9174,104829,,,,Referral,,Inactive,,,,,,100765,,,,"59,190",Gamma,100343,"1,618",,Diego Blake,101680,100759,LOT-8763,100517,New Logo,100056,,,,100702,,100262,,,100539,,Active Customer,100496,,,,,,Payroll,,,100060,,103817
100686,Opportunity,105822,drew.blake@examplecorp.test,Priya Okafor,2023-11-29 18:11:00,quinn.haddad@demomail.test,Rowan Ivanov,2026-02-01 17:10:00,reese.okafor@sampleco.test,Riley Vance,2026-06-17 22:18:00,rowan.kim@examplecorp.test,Chen Sato,2023-01-22 06:26:00,N,Everest Solutions Ltd - Recruiting,,,Negotiation,100538,LOT-2171,REF-1320,100454,LOT-4427,102406,,,,Webinar,,Active,,,,,,100285,,100749,,"398,951",,,"11,220",,Chen Calder,100982,,REF-8880,100356,Renewal,,,,,100683,,,,,,,Active Customer,100104,,,,,,Offshore Team,,,100360,,
100799,Opportunity,105823,quinn.sloan@examplecorp.test,Jamie Silva,2023-07-06 14:29:00,mei.reyes@examplecorp.test,Alex Ford,2024-06-13 06:51:00,rahul.garcia@demomail.test,Taylor Ashby,2024-05-19 21:07:00,reese.patel@sampleco.test,,2024-12-09 12:21:00,N,Harbor Dynamics Group - Managed Services,,,Closed Lost,100386,,REF-9564,100042,TAG-8274,102569,,,,Event,100702,Inactive,,,,,,100574,,100543,,,,,"35,313",,Priya Cohen,,100793,,,New Logo,100062,,,,100111,,,,,,,Active Customer,100405,,,,,,Managed Services,,,100345,,
100257,Opportunity,105824,riley.ashby@acme-fake.test,Diego Ashby,2023-02-03 04:02:00,casey.reyes@demomail.test,Morgan Garcia,2024-10-25 20:15:00,riley.blake@acme-fake.test,Rahul Mercer,2025-06-18 17:41:00,sofia.larsson@examplecorp.test,,2026-01-15 07:42:00,N,Horizon Ventures Co - Consulting,,100523,Closed Won,100632,,REF-3881,100558,TAG-2244,101971,,,,Partner,,Inactive,,,,,,100257,,100610,,,,100417,"37,469",,Aisha Okafor,,,,100368,Enterprise,100735,,,,100569,,100658,Beta,,,,Active Customer,100720,,,,,100627,Payroll,100340,,100383,,
100235,Opportunity,105827,sofia.garcia@demomail.test,Mei Okafor,2023-02-14 18:30:00,casey.ford@demomail.test,Rahul Ashby,2024-08-11 20:39:00,priya.cohen@acme-fake.test,Fatima Dorsey,2026-04-26 05:30:00,skyler.mensah@sampleco.test,,2025-06-08 12:42:00,N,Granite Systems LLP - Staff Augmentation,,,Discovery,100482,TAG-6722,LOT-3459,100634,LOT-7390,103975,,,,Inbound Call,,Active,,,,,,,,100309,,"292,432",,100020,"13,324",752,Aisha Garcia,,100770,TAG-2762,,Enterprise,100548,,,,100593,,100585,,,100646,,Prospect,100099,,,,,100285,Offshore Team,100490,,100192,,104696
100685,Opportunity,105830,marco.okafor@examplecorp.test,Morgan Garcia,2025-07-11 01:45:00,drew.haddad@acme-fake.test,Reese Kim,2023-05-16 09:30:00,alex.mercer@acme-fake.test,Liam Sloan,2023-06-26 05:44:00,liam.okafor@acme-fake.test,,2025-07-05 21:40:00,N,Brightpath Labs Corp - Offshore Team,,,Dead,100417,,LOT-7533,100494,REF-6051,103450,,,,Inbound Call,100726,Inactive,,,,,,,,100234,,"234,365",Other,,"5,681",,Noah Cohen,101550,,,100017,Renewal,100699,,,,100314,,,,,,,Active Customer,100440,,,,,,Payroll,100119,,100726,,102594
100288,Opportunity,105832,quinn.ford@sampleco.test,Liam Dorsey,2023-09-27 18:21:00,alex.sato@demomail.test,Aisha Reyes,2025-08-23 14:45:00,jordan.dorsey@sampleco.test,Casey Sloan,2022-12-14 02:33:00,jordan.mensah@demomail.test,,2026-03-30 04:26:00,N,Cobalt Dynamics Corp - Recruiting,,,Proposal Sent,100391,,LOT-2385,100168,,103182,,,,Website,100467,Active,,,,,,,,100262,,"441,500",,,"18,175",5963,Priya Mensah,101521,,SKU-5357,,New Logo,100345,,,,100686,,100434,,,100076,,Prospect,100386,,,,,,Recruiting,100290,,100146,,101942
100705,Opportunity,105835,rowan.larsson@acme-fake.test,Arjun Rossi,2025-02-16 04:54:00,jordan.mensah@sampleco.test,Morgan Dorsey,2025-10-25 06:48:00,fatima.costa@examplecorp.test,Drew Okafor,2026-03-06 13:48:00,mei.calder@acme-fake.test,,2023-12-20 07:38:00,Y,Keystone Manufacturing - Back Office,,,Closed Won,100565,,LOT-4920,100497,REF-7956,102224,,,,Webinar,,Inactive,,,,,,100758,,,,,,100670,"21,267",,Elena Sato,101041,100604,LOT-1410,100475,New Logo,100487,,,,100798,,100767,,,100496,,Active Customer,100481,,,,,,Managed Services,100325,,100610,,
100388,Opportunity,105838,casey.ivanov@examplecorp.test,Skyler Vance,2023-05-01 20:36:00,riley.nguyen@examplecorp.test,Rahul Vance,2023-03-15 13:11:00,mei.cohen@examplecorp.test,Elena Vance,2023-11-21 10:17:00,omar.vance@demomail.test,,2023-11-16 12:34:00,Y,Northwind Analytics - Back Office,,100709,Negotiation,100585,,LOT-3634,100588,TAG-6297,103012,,,,Website,100161,Active,,,,,,,,,,"165,968",,,"31,589",,Rowan Cohen,101212,100741,,100107,SMB,100245,,,,100113,,,,,,,Active Customer,100290,,,,,100749,Back Office,100243,,100363,,104306
100464,Opportunity,105841,diego.dorsey@acme-fake.test,Elena Calder,2023-05-31 11:30:00,quinn.rossi@demomail.test,Drew Haddad,2024-03-28 10:00:00,fatima.mercer@sampleco.test,Elena Mensah,2024-01-14 10:08:00,elena.blake@acme-fake.test,,2025-08-14 04:18:00,Y,Cobalt Manufacturing - Managed Services,,100596,Closed Won,100767,,SKU-3682,100520,SKU-3625,103085,,,,Webinar,100702,Inactive,,,,,,100328,,100080,,"122,670",Delta,100443,"9,962",6626,Mei Vance,,100329,TAG-5709,100664,SMB,,,,,100637,,,,,,,Active Customer,100277,,,,,,Staff Augmentation,100692,,100040,,104558
100676,Opportunity,105842,rowan.sloan@demomail.test,Rahul Nguyen,2025-09-05 03:44:00,jordan.okafor@demomail.test,Diego Haddad,2023-01-04 09:33:00,diego.ford@demomail.test,Fatima Okafor,2024-06-05 21:16:00,skyler.cohen@demomail.test,,2026-01-10 07:20:00,Y,Evergreen Foods Co - Managed Services,,,Discovery,100620,,SKU-3930,100424,TAG-9758,102100,,,,Cold Outreach,,Active,,,,,,,,100351,,"115,393",Delta,100203,,,Rahul Dorsey,,100661,,100788,Enterprise,,,,,100359,,100731,,,100522,,Active Customer,100770,,,,,100141,Managed Services,100469,,100180,,101996
100604,Opportunity,105845,jordan.vance@examplecorp.test,Riley Reyes,2025-08-19 16:34:00,reese.garcia@demomail.test,Nina Vance,2026-07-30 05:21:00,riley.vance@demomail.test,Arjun Sloan,2024-06-03 13:03:00,jordan.whitfield@acme-fake.test,,2025-02-12 22:39:00,Y,Delta Capital Co - Recruiting,,,Negotiation,100555,TAG-8937,LOT-9392,100722,LOT-2261,103280,,,,Partner,,Active,,,,,,100352,,100143,,"71,149",,100717,"8,287",,Elena Larsson,101226,,LOT-6545,,SMB,100080,,,,100129,,100356,,,,,Prospect,100408,,,,,,Back Office,100229,,100389,,
100104,Opportunity,105846,omar.mercer@examplecorp.test,Quinn Calder,2022-11-14 20:12:00,nina.silva@sampleco.test,Yara Ashby,2023-10-02 01:13:00,yara.dorsey@sampleco.test,Fatima Mensah,2022-12-16 00:49:00,skyler.garcia@demomail.test,,2024-01-10 04:02:00,Y,Copper Textiles Group - Managed Services,,100212,Discovery,100426,,TAG-3983,100631,REF-1396,103689,,,,Inbound Call,100437,Active,,,,,,,,,,"273,664",Other,100683,"8,321",,Rahul Ashby,101325,100308,SKU-2827,100146,SMB,,,,,100498,,,,,100720,,Prospect,100240,,,,,100208,Recruiting,,,100391,,
100323,Opportunity,105847,noah.vance@acme-fake.test,Rahul Sato,2023-02-25 16:40:00,noah.reyes@sampleco.test,Rahul Sloan,2023-10-21 10:53:00,omar.calder@sampleco.test,Arjun Garcia,2023-04-06 22:35:00,casey.calder@demomail.test,,2024-07-09 16:29:00,Y,Everest Networks - Payroll,,,Negotiation,100765,,REF-4559,100760,SKU-2436,102740,,,,Webinar,,Active,,,,,,100690,,100708,,,Alpha,,"8,244",,Casey Whitfield,100977,,,100079,Enterprise,,,,,100046,,,,,100069,,Prospect,100314,,,,,100080,Consulting,100029,,100516,,
100637,Opportunity,105850,jordan.ivanov@sampleco.test,Rahul Mensah,2022-10-30 18:58:00,casey.silva@examplecorp.test,Avery Ivanov,2026-05-25 01:52:00,noah.vance@demomail.test,Emerson Costa,2024-01-19 22:29:00,rahul.silva@sampleco.test,Morgan Kim,2024-01-21 21:42:00,N,Vertex Energy LLP - Staff Augmentation,,,Discovery,100336,,LOT-8009,100418,REF-5050,104117,,,,Partner,,Active,,,,,,100786,,,,,,100051,"16,501",6367,Reese Calder,101650,100344,LOT-8769,,New Logo,,,,,100302,,,,,,,Prospect,100591,,,,,100353,Back Office,100598,,100627,,104381
100042,Opportunity,105852,quinn.garcia@sampleco.test,Avery Kim,2022-12-06 14:38:00,emerson.sato@sampleco.test,Yara Blake,2025-03-11 02:46:00,chen.reyes@examplecorp.test,Yara Kim,2024-04-15 19:56:00,priya.ford@examplecorp.test,,2025-06-13 07:26:00,Y,Harbor Networks Ltd - Managed Services,,100356,Discovery,100484,,REF-6281,100777,SKU-3420,104151,,,,LinkedIn,100076,Active,,,,,,,,,,"226,195",Standard,100030,"33,245",,Emerson Rossi,,,TAG-4485,,Renewal,100136,,,,100190,,,,,,,Prospect,100139,,,,,,Back Office,100344,,100759,,104334
100173,Opportunity,105853,drew.haddad@demomail.test,Fatima Ivanov,2025-10-31 05:56:00,alex.cohen@sampleco.test,Marco Nguyen,2022-12-16 23:07:00,yara.dorsey@sampleco.test,Aisha Mercer,2025-02-16 16:07:00,mei.mercer@demomail.test,,2024-05-24 15:23:00,Y,Northwind Retail LLP - Payroll,,100094,Qualification,100129,,REF-1300,100520,LOT-5188,104779,,,,Website,,Active,,,,,,100205,,100604,,,,100343,,,Chen Reyes,,,,100800,Enterprise,100136,,,,100184,,100494,,,,,Prospect,100044,,,,,100729,Payroll,100736,,100282,,103599
100332,Opportunity,105855,chen.costa@acme-fake.test,Sofia Okafor,2024-06-18 01:15:00,casey.cohen@demomail.test,Quinn Cohen,2025-10-15 05:53:00,emerson.mercer@demomail.test,Riley Mensah,2022-11-01 08:42:00,chen.sloan@examplecorp.test,,2023-05-01 07:17:00,N,Evergreen Robotics Inc - Back Office,,100539,Discovery,100569,SKU-9197,LOT-9563,100245,REF-7053,,,,,Cold Outreach,100316,Active,,,,,,100424,,100492,,"333,482",Standard,,"2,763",,Quinn Ashby,101428,100282,SKU-9787,100142,Renewal,,,,,100744,,100432,,,100169,,Active Customer,100440,,,,,,Back Office,100685,,100405,,104001
100008,Opportunity,105856,emerson.dorsey@acme-fake.test,Mei Nguyen,2024-04-23 12:02:00,quinn.cohen@demomail.test,Elena Silva,2023-07-10 12:33:00,yara.ford@examplecorp.test,Elena Calder,2022-11-21 03:15:00,jamie.cohen@sampleco.test,,2025-01-26 12:17:00,N,Blue Ridge Group Ltd - Back Office,,,Negotiation,100023,,LOT-8196,100267,LOT-6564,104658,,,,Event,,Active,,,,,,100058,,,,,Delta,100596,"25,161",,Omar Ford,101188,100552,LOT-1859,100415,Renewal,100522,,,,100192,,100543,,,100267,,Prospect,100538,,,,,,Managed Services,100652,,100371,,
100637,Opportunity,105859,yara.okafor@examplecorp.test,Elena Rossi,2023-07-06 13:38:00,rowan.blake@sampleco.test,Diego Calder,2023-04-16 16:34:00,mei.cohen@sampleco.test,Mei Calder,2023-09-13 11:45:00,priya.rossi@acme-fake.test,,2023-05-22 01:54:00,Y,Northwind Retail LLC - Managed Services,,,Proposal Sent,100771,,LOT-7634,100793,SKU-3791,102785,,,,LinkedIn,100741,Active,,,,,,,,,,"416,326",,100012,"8,786",,Chen Blake,,,LOT-5832,100554,New Logo,100447,,,,100080,,100366,,,100286,,Active Customer,100242,,,,,100569,Managed Services,100484,,100615,,
100267,Opportunity,105862,diego.sloan@sampleco.test,Yara Vance,2026-01-09 21:45:00,reese.sato@sampleco.test,Omar Calder,2024-12-15 05:06:00,liam.haddad@sampleco.test,Rahul Brooks,2023-09-19 12:17:00,taylor.ashby@sampleco.test,,2023-11-04 05:37:00,Y,Harbor Ventures LLP - Managed Services,,100459,Discovery,100777,,LOT-5787,100552,TAG-3831,102663,,,,LinkedIn,100803,Active,,,,,,,,100793,,,Other,100393,"9,181",,Casey Haddad,101154,100579,SKU-1025,100646,Standard,,,,,100129,,100342,,,,,Active Customer,100075,,,,,100479,Managed Services,,,100141,,102029
100688,Opportunity,105864,emerson.ashby@sampleco.test,Alex Ford,2023-02-18 17:13:00,marco.ivanov@acme-fake.test,Liam Calder,2024-02-16 19:14:00,elena.whitfield@acme-fake.test,Reese Brooks,2026-05-08 05:56:00,skyler.vance@acme-fake.test,,2026-06-05 03:33:00,N,Keystone Networks LLP - Staff Augmentation,,,Proposal Sent,100042,,REF-7063,100329,SKU-2816,101992,,,,Inbound Call,100323,Active,,,,,,,,100310,,"59,605",Standard,100101,"21,846",3663,Drew Ashby,101696,100319,TAG-1498,100469,New Logo,,,,,100494,,100080,,,100520,,Prospect,100345,,,,,,Consulting,100467,,100079,,102075
100634,Opportunity,105867,chen.nguyen@acme-fake.test,Jamie Sloan,2023-02-05 12:38:00,jordan.calder@demomail.test,Nina Haddad,2024-09-17 12:33:00,nina.nguyen@acme-fake.test,Alex Dorsey,2026-05-07 09:50:00,quinn.costa@examplecorp.test,,2025-05-02 17:14:00,N,Evergreen Systems Group - Offshore Team,,,Closed Won,100340,,REF-6137,100731,REF-4447,,,,,LinkedIn,,Inactive,,,,,,,,,,,,100520,"25,106",5549,Priya Cohen,,,LOT-8772,,Renewal,,,,,100555,,100184,Other,,,,Active Customer,100363,,,,,100188,Staff Augmentation,100220,,100527,,
100188,Opportunity,105868,elena.brooks@demomail.test,Casey Larsson,2023-01-29 19:40:00,riley.ashby@examplecorp.test,Marco Okafor,2026-01-06 22:08:00,chen.mensah@sampleco.test,Noah Brooks,2023-07-29 20:03:00,nina.kim@acme-fake.test,,2023-03-30 01:19:00,Y,Lakeside Energy - Consulting,,,Qualification,100259,,TAG-2473,100020,REF-6229,,,,,Cold Outreach,100090,Active,,,,,,100780,,,,"356,926",Standard,,"17,055",,Riley Okafor,,,SKU-8791,100522,Renewal,,,,,100363,,,,,100631,,Prospect,100216,,,,,,Staff Augmentation,100692,,100741,,103474
100449,Opportunity,105871,avery.ashby@examplecorp.test,Rowan Sato,2025-05-28 08:38:00,skyler.calder@acme-fake.test,Aisha Blake,2025-08-30 20:02:00,drew.costa@sampleco.test,Riley Brooks,2026-05-07 13:17:00,arjun.okafor@demomail.test,,2025-07-25 14:09:00,N,Beacon Partners LLC - Back Office,,100641,Closed Won,100588,,SKU-3531,100780,TAG-3829,103348,,,,Inbound Call,100251,Inactive,,,,,,,,,,"153,954",,100025,"36,289",9912,Diego Vance,,100565,,,Enterprise,,,,,100016,,100591,,,100290,,Prospect,100281,,,,,,Consulting,100111,,100400,,104324
100405,Opportunity,105872,morgan.okafor@acme-fake.test,Arjun Brooks,2023-07-25 14:16:00,emerson.cohen@acme-fake.test,Nina Dorsey,2023-09-27 11:08:00,sofia.rossi@demomail.test,Jordan Costa,2025-08-28 05:45:00,jordan.whitfield@acme-fake.test,,2025-05-03 13:11:00,Y,Cardinal Group LLC - Consulting,,100313,Discovery,100281,,TAG-4653,100336,LOT-3888,102086,,,,Inbound Call,100736,Active,,,,,,,,100420,,"491,274",,100215,"13,703",8871,Rahul Ashby,101073,100486,SKU-6208,100172,Enterprise,,,,,100803,,,,,100188,,Prospect,100262,,,,,100604,Recruiting,100172,,100146,,104775
100709,Opportunity,105874,drew.ashby@acme-fake.test,Priya Mensah,2022-10-11 17:45:00,omar.cohen@sampleco.test,Fatima Dorsey,2022-12-05 01:27:00,yara.mercer@demomail.test,Liam Patel,2025-05-11 10:07:00,noah.mercer@examplecorp.test,,2024-11-04 07:12:00,N,Pioneer Foods Ltd - Payroll,,100328,Discovery,100110,TAG-9878,LOT-5612,100288,LOT-2348,103856,,,,Event,100313,Active,,,,,,100169,,100418,,"403,463",Alpha,,,3175,Emerson Costa,,100738,,100012,Enterprise,100141,,,,100345,,100101,Alpha,,,,Prospect,100661,,,,,100010,Offshore Team,100386,,100531,,103049
100690,Opportunity,105877,arjun.kim@sampleco.test,Skyler Blake,2025-08-15 22:31:00,marco.nguyen@acme-fake.test,Diego Dorsey,2025-07-01 20:14:00,yara.garcia@examplecorp.test,Marco Blake,2023-01-22 20:58:00,quinn.mensah@sampleco.test,,2024-10-09 05:23:00,N,Redwood Textiles - Managed Services,,100119,Closed Won,100342,,SKU-5717,100295,LOT-2835,104122,,,,Webinar,,Inactive,,,,,,100254,,100506,,"336,246",,,"29,039",,Reese Dorsey,101003,100026,,,Enterprise,,,,,100625,,100151,,,100003,,Prospect,100119,,,,,,Staff Augmentation,100104,,100313,,102043
100661,Opportunity,105879,taylor.ivanov@demomail.test,Reese Blake,2024-07-24 03:07:00,jordan.patel@examplecorp.test,Aisha Garcia,2024-04-13 21:55:00,priya.costa@acme-fake.test,Emerson Ford,2025-04-28 04:04:00,diego.rossi@acme-fake.test,,2024-12-26 16:03:00,N,Delta Media LLP - Staff Augmentation,,100568,Qualification,100094,TAG-9742,SKU-1926,100753,,103039,,,,Website,100368,Active,,,,,,,,,,,,,"15,306",,Liam Rossi,101157,,,100030,Enterprise,100106,,,,100215,,100286,,,,,Prospect,100456,,,,,100328,Back Office,,,100793,,102039
100746,Opportunity,105880,fatima.larsson@acme-fake.test,Sofia Sloan,2024-12-19 11:29:00,fatima.sloan@demomail.test,Omar Cohen,2025-07-21 05:29:00,marco.reyes@sampleco.test,Arjun Vance,2026-07-15 05:55:00,rowan.ashby@demomail.test,,2026-06-17 11:07:00,N,Cobalt Partners Co - Back Office,,100272,Proposal Sent,100386,,TAG-9658,100744,,103632,,,,Cold Outreach,100616,Active,,,,,,100305,,,,,Gamma,100386,"19,031",274,Mei Rossi,100962,,SKU-8404,,Standard,100360,,,,100030,,100661,,,100625,,Prospect,100091,,,,,,Offshore Team,,,100437,,103727
100607,Opportunity,105882,fatima.whitfield@examplecorp.test,Arjun Rossi,2023-03-09 16:00:00,priya.whitfield@examplecorp.test,Diego Reyes,2024-05-03 21:20:00,reese.okafor@sampleco.test,Quinn Costa,2023-12-17 19:41:00,fatima.reyes@acme-fake.test,Elena Nguyen,2024-09-16 00:40:00,N,Cobalt Health Ltd - Staff Augmentation,,,Discovery,100500,,SKU-9173,100382,SKU-7023,103571,,,,Referral,,Active,,,,,,100470,,100661,,"76,654",Other,100749,"4,315",,Reese Cohen,101493,,TAG-8543,100457,SMB,,,,,100723,,,,,100670,,Prospect,100692,,,,,100432,Consulting,,,100664,,102477
100376,Opportunity,105884,morgan.haddad@acme-fake.test,Fatima Vance,2024-10-03 21:31:00,marco.haddad@acme-fake.test,Fatima Okafor,2024-07-13 17:00:00,emerson.dorsey@examplecorp.test,Noah Costa,2023-06-29 23:59:00,jamie.dorsey@demomail.test,,2024-01-12 03:26:00,Y,Falcon Energy Inc - Back Office,,100527,Closed Lost,100215,,TAG-9332,100107,TAG-3688,104475,,,,Cold Outreach,100123,Inactive,,,,,,100106,,,,"360,452",,100117,"32,066",,Jordan Patel,101223,100177,,,SMB,100593,,,,100310,,,Beta,,100200,,Prospect,100654,,,,,,Offshore Team,,,100104,,103797
100467,Opportunity,105887,liam.ivanov@sampleco.test,Aisha Sloan,2026-03-04 13:24:00,elena.whitfield@examplecorp.test,Rahul Kim,2024-03-06 03:50:00,rowan.kim@sampleco.test,Morgan Patel,2023-10-07 08:04:00,marco.vance@sampleco.test,,2023-03-27 13:41:00,N,Cardinal Manufacturing LLP - Recruiting,,,Qualification,100220,SKU-8450,SKU-4173,100679,LOT-2306,104277,,,,Cold Outreach,100774,Active,,,,,,,,100482,,"372,740",,,"11,319",9895,Alex Calder,,,SKU-4106,100333,Enterprise,100477,,,,100254,,100555,,,,,Active Customer,100314,,,,,100782,Offshore Team,100449,,100738,,103497
100447,Opportunity,105888,drew.ashby@sampleco.test,Fatima Dorsey,2026-02-15 09:40:00,quinn.ashby@demomail.test,Diego Brooks,2025-10-28 11:23:00,riley.whitfield@acme-fake.test,Fatima Whitfield,2024-07-27 06:17:00,casey.ashby@examplecorp.test,,2023-11-26 12:57:00,N,Cobalt Robotics Co - Recruiting,,100492,Discovery,100434,TAG-8495,TAG-3477,100215,REF-5055,102343,,,,Cold Outreach,100030,Active,,,,,,,,100073,,,,,"7,296",,Diego Sato,,100262,REF-4327,,SMB,,,,,100063,,100111,Gamma,,100627,,Active Customer,100569,,,,,100164,Payroll,100429,,100513,,102356
100220,Opportunity,105890,marco.sloan@demomail.test,Rahul Dorsey,2023-10-10 23:25:00,morgan.sloan@sampleco.test,Jamie Kim,2026-05-19 10:24:00,chen.calder@acme-fake.test,Fatima Rossi,2022-11-08 23:16:00,reese.silva@demomail.test,,2025-05-04 23:41:00,N,Granite Systems Ltd - Back Office,,100217,Proposal Sent,100041,TAG-6559,TAG-3047,100333,SKU-7812,104715,,,,Partner,,Active,,,,,,,,100136,,,Gamma,,"8,656",7786,Emerson Haddad,101311,,,100241,Renewal,,,,,100141,,,,,,,Active Customer,100103,,,,,,Recruiting,100432,,100759,,103273
100487,Opportunity,105893,jordan.vance@sampleco.test,Elena Cohen,2025-10-18 04:54:00,taylor.dorsey@demomail.test,Avery Dorsey,2022-12-04 20:01:00,avery.dorsey@acme-fake.test,Riley Sato,2025-03-24 18:14:00,yara.dorsey@sampleco.test,,2022-12-20 15:02:00,Y,Delta Logistics Corp - Recruiting,,100040,Qualification,100455,,REF-5997,100073,LOT-6522,104501,,,,Cold Outreach,100058,Active,,,,,,100692,,100290,,"332,227",,100731,"2,042",,Riley Garcia,101320,,,100744,Renewal,100141,,,,100494,,100090,,,,,Prospect,100391,,,,,,Back Office,100224,,100492,,102794
100073,Opportunity,105896,marco.haddad@demomail.test,Omar Calder,2025-10-17 23:38:00,reese.whitfield@examplecorp.test,Alex Ivanov,2025-10-03 15:44:00,riley.ashby@sampleco.test,Jamie Sloan,2025-05-07 21:22:00,elena.ivanov@examplecorp.test,,2025-09-05 22:40:00,Y,Lakeside Holdings Corp - Managed Services,,,Negotiation,100336,,TAG-2865,100690,TAG-4323,103918,,,,Webinar,100569,Active,,,,,,100058,,100014,,"419,112",,100744,"13,778",4448,Nina Rossi,101286,100281,,,New Logo,,,,,100532,,,,,100023,,Active Customer,100080,,,,,100012,Payroll,,,100111,,
100474,Opportunity,105899,taylor.brooks@demomail.test,Taylor Costa,2024-12-02 06:49:00,avery.ford@sampleco.test,Noah Ford,2024-10-24 04:27:00,marco.vance@demomail.test,Omar Sato,2023-06-12 21:23:00,casey.patel@examplecorp.test,,2024-11-15 22:18:00,N,Everest Financial Group - Recruiting,,,Qualification,100171,,TAG-1339,100090,SKU-5584,103643,,,,Referral,,Active,,,,,,100527,,,,"440,544",Beta,,"39,432",,Rowan Blake,101271,,,,SMB,,,,,100110,,,,,100777,,Active Customer,100188,,,,,,Staff Augmentation,100526,,100363,,
100667,Opportunity,105900,noah.ashby@sampleco.test,Omar Costa,2023-07-01 19:01:00,jordan.dorsey@sampleco.test,Avery Patel,2025-10-12 07:53:00,marco.whitfield@demomail.test,Alex Blake,2023-10-21 21:38:00,jordan.kim@demomail.test,,2022-10-14 13:41:00,Y,Pioneer Logistics Corp - Back Office,,,Discovery,100520,SKU-3838,SKU-7692,100298,SKU-9695,102438,,,,Inbound Call,100310,Active,,,,,,,,,,,,,"26,942",,Drew Whitfield,,100290,,100729,Enterprise,,,,,100405,,,,,100185,,Prospect,100034,,,,,,Consulting,,,100638,,
100509,Opportunity,105903,taylor.garcia@examplecorp.test,Elena Silva,2025-11-30 21:11:00,rowan.vance@acme-fake.test,Diego Ivanov,2024-01-03 17:18:00,fatima.garcia@sampleco.test,Aisha Nguyen,2022-11-01 14:23:00,aisha.whitfield@acme-fake.test,,2023-12-31 14:35:00,N,Beacon Energy LLC - Recruiting,,100063,Negotiation,100520,,SKU-7086,100770,LOT-9825,102759,,,,Website,,Active,,,,,,,,100076,,"42,396",Gamma,100520,"12,604",5575,Nina Rossi,101674,100366,,,Standard,100267,,,,100603,,100585,,,,,Prospect,100151,,,,,,Consulting,100302,,100462,,104344
100063,Opportunity,105905,noah.calder@examplecorp.test,Liam Nguyen,2025-06-14 12:45:00,quinn.dorsey@examplecorp.test,Yara Mensah,2024-09-06 18:16:00,rowan.ashby@sampleco.test,Aisha Ivanov,2024-04-09 07:57:00,jamie.sloan@examplecorp.test,,2025-05-16 02:51:00,Y,Blue Ridge Systems Corp - Consulting,,100652,Dead,100251,,SKU-2339,100750,REF-6636,102258,,,,Referral,100332,Inactive,,,,,,100220,,100468,,,,100391,"35,421",,Fatima Costa,,100344,,100744,Renewal,100770,,,,100459,,,,,100464,,Prospect,100360,,,,,100141,Payroll,,,100469,,
100520,Opportunity,105906,drew.blake@examplecorp.test,Diego Kim,2025-02-23 23:39:00,liam.okafor@examplecorp.test,Reese Blake,2022-10-07 11:11:00,avery.blake@acme-fake.test,Quinn Haddad,2025-03-25 23:42:00,arjun.sato@examplecorp.test,,2023-02-10 00:13:00,Y,Ironwood Retail Co - Consulting,,,Closed Won,100551,,REF-8222,100673,REF-1439,104105,,,,Event,,Inactive,,,,,,100462,,100238,,"434,376",,100128,"1,492",,Yara Larsson,101223,,,100539,SMB,100482,,,,100232,,100786,Other,,,,Active Customer,100332,,,,,100777,Managed Services,100195,,100104,,102742
100066,Opportunity,105909,skyler.mensah@acme-fake.test,Taylor Costa,2023-05-28 05:20:00,arjun.cohen@examplecorp.test,Diego Vance,2025-01-25 10:03:00,nina.larsson@demomail.test,Riley Kim,2026-01-24 08:21:00,avery.rossi@demomail.test,,2024-02-18 08:57:00,N,Beacon Industries Corp - Managed Services,,,Negotiation,100234,,TAG-2920,100005,SKU-5186,104631,,,,Referral,100638,Active,,,,,,,,100122,,"201,448",,100360,"13,925",,Jordan Dorsey,100844,,REF-2526,100094,Standard,,,,,100424,,100712,,,,,Active Customer,100731,,,,,,Managed Services,100482,,100143,,103030
100037,Opportunity,105912,liam.ford@acme-fake.test,Rowan Mercer,2026-06-10 21:19:00,riley.dorsey@sampleco.test,Rowan Ford,2025-02-10 03:44:00,diego.ashby@sampleco.test,Yara Kim,2025-12-02 05:49:00,nina.larsson@demomail.test,,2023-11-03 23:12:00,N,Redwood Media Corp - Recruiting,,100083,Qualification,100610,,TAG-9284,100216,LOT-1279,102118,,,,Website,100796,Active,,,,,,100134,,,,,,100473,"27,488",5532,Mei Patel,100895,100555,,100339,Enterprise,100410,,,,100763,,100089,,,100079,,Active Customer,100265,,,,,100726,Managed Services,100063,,100269,,102569
100459,Opportunity,105914,arjun.haddad@demomail.test,Reese Larsson,2024-06-09 01:24:00,morgan.reyes@examplecorp.test,Rowan Ashby,2024-12-28 07:04:00,drew.blake@sampleco.test,Rahul Reyes,2025-01-09 20:04:00,morgan.costa@demomail.test,,2024-05-19 21:14:00,Y,Cardinal Capital LLC - Staff Augmentation,,100449,Closed Lost,100685,,LOT-9842,100243,LOT-1913,102237,,,,Referral,100400,Inactive,,,,,,100658,,100645,,,Gamma,100610,"3,498",298,Morgan Mercer,101083,100496,,100217,Enterprise,100076,,,,100400,,,,,100143,,Active Customer,100563,,,,,100638,Payroll,100784,,100664,,104486
100248,Opportunity,105916,drew.ashby@acme-fake.test,Emerson Rossi,2025-04-27 19:28:00,reese.whitfield@examplecorp.test,Skyler Sloan,2024-08-10 18:33:00,jamie.patel@acme-fake.test,Riley Garcia,2024-01-01 07:46:00,emerson.patel@demomail.test,Elena Kim,2026-04-25 21:16:00,N,Granite Industries LLP - Back Office,,,Proposal Sent,100267,,TAG-7534,100523,SKU-8299,104330,,,,Website,,Active,,,,,,,,100386,,,Gamma,100403,,,Riley Brooks,101269,,SKU-5331,,SMB,100484,,,,100239,,,,,100104,,Prospect,100156,,,,,100736,Managed Services,100161,,100165,,
100610,Opportunity,105919,drew.reyes@sampleco.test,Noah Mercer,2023-09-10 09:50:00,nina.mensah@demomail.test,Rowan Vance,2023-09-05 17:33:00,priya.dorsey@demomail.test,Rowan Larsson,2024-05-02 23:38:00,emerson.sloan@examplecorp.test,,2023-06-28 00:14:00,Y,Vertex Foods LLC - Staff Augmentation,,,Closed Lost,100371,,REF-7761,100368,LOT-2056,104447,,,,Event,100086,Inactive,,,,,,,,,,,,100772,"10,267",8729,Omar Nguyen,,,REF-2800,,Renewal,100049,,,,100782,,,,,100520,,Prospect,100151,,,,,100232,Staff Augmentation,100527,,100103,,103995
100119,Opportunity,105920,diego.nguyen@examplecorp.test,Arjun Whitfield,2024-06-09 10:30:00,riley.silva@examplecorp.test,Mei Whitfield,2024-09-20 12:07:00,noah.costa@examplecorp.test,Sofia Cohen,2024-01-21 04:24:00,liam.mensah@acme-fake.test,,2023-09-10 05:42:00,Y,Cobalt Logistics LLP - Offshore Team,,,Negotiation,100351,,TAG-3075,100593,LOT-4364,104391,,,,Cold Outreach,,Active,,,,,,100681,,100627,,,Beta,,,,Quinn Nguyen,101295,100209,LOT-1569,,Standard,,,,,100386,,100492,,,100456,,Active Customer,100467,,,,,100398,Back Office,100736,,100482,,104472
100434,Opportunity,105922,avery.dorsey@demomail.test,Skyler Calder,2024-11-23 19:25:00,mei.reyes@acme-fake.test,Fatima Larsson,2023-10-03 03:23:00,skyler.rossi@examplecorp.test,Rahul Costa,2024-06-18 10:59:00,aisha.calder@examplecorp.test,,2026-04-03 05:34:00,N,Brightpath Analytics - Recruiting,,100688,Closed Won,100530,,REF-9323,100380,REF-1961,,,,,Event,,Inactive,,,,,,100585,,,,"158,209",,100445,,8888,Mei Larsson,100877,,TAG-4884,100604,Renewal,100573,,,,100359,,100171,,,100143,,Prospect,100658,,,,,100717,Recruiting,,,100552,,103268
100029,Opportunity,105925,rahul.ivanov@sampleco.test,Jamie Larsson,2024-10-22 03:23:00,aisha.dorsey@demomail.test,Yara Brooks,2023-07-20 13:53:00,alex.okafor@sampleco.test,Diego Reyes,2023-01-22 19:17:00,elena.ford@sampleco.test,,2025-04-17 00:59:00,N,Atlas Partners Ltd - Managed Services,,100424,Closed Lost,100470,REF-8856,SKU-8097,100128,REF-4790,102250,,,,Webinar,,Inactive,,,,,,100729,,100251,,,,100291,"16,395",4276,Emerson Mercer,100843,100410,SKU-3348,100301,New Logo,100462,,,,100771,,,,,100484,,Prospect,100410,,,,,100681,Recruiting,100477,,100799,,
100627,Opportunity,105926,omar.silva@demomail.test,Arjun Whitfield,2025-09-09 07:20:00,morgan.silva@sampleco.test,Reese Kim,2024-05-08 06:51:00,alex.silva@sampleco.test,Rahul Ashby,2022-12-15 06:33:00,skyler.sloan@acme-fake.test,,2023-07-01 08:45:00,N,Harbor Energy Group - Payroll,,100240,Closed Won,100333,,TAG-5092,100673,SKU-8002,102457,,,,Referral,,Inactive,,,,,,100359,,100664,,,Standard,,"30,511",,Mei Silva,101538,100156,,,Enterprise,,,,,100009,,100503,,,100139,,Active Customer,100391,,,,,100723,Staff Augmentation,,,100120,,103661
100119,Opportunity,105929,emerson.calder@acme-fake.test,Jamie Okafor,2023-03-13 01:52:00,avery.rossi@examplecorp.test,Rahul Sato,2023-06-24 23:33:00,aisha.reyes@acme-fake.test,Fatima Reyes,2025-02-25 15:12:00,rowan.patel@examplecorp.test,,2025-09-02 20:03:00,Y,Meridian Dynamics Inc - Payroll,,100527,Discovery,100122,SKU-1042,LOT-9964,100197,TAG-9578,102564,,,,Referral,,Active,,,,,,100189,,100424,,,Alpha,100079,,,Chen Sato,101687,100473,TAG-4391,100485,New Logo,,,,,100280,,100213,,,,,Active Customer,100383,,,,,100622,Managed Services,,,100070,,103118
100765,Opportunity,105931,arjun.cohen@demomail.test,Jamie Vance,2025-03-31 09:20:00,diego.ivanov@acme-fake.test,Chen Nguyen,2024-10-30 21:20:00,alex.reyes@acme-fake.test,Taylor Cohen,2024-04-27 20:02:00,priya.silva@acme-fake.test,,2026-03-17 13:18:00,N,Harbor Foods Corp - Back Office,,100309,Discovery,100717,TAG-5920,TAG-5431,100555,LOT-1744,103686,,,,Webinar,100132,Active,,,,,,100569,,100070,,"192,055",Gamma,100443,"3,361",9419,Priya Whitfield,101359,100559,,100046,New Logo,,,,,100532,,100184,,,,,Active Customer,100634,,,,,,Consulting,100076,,100576,,103895
100113,Opportunity,105934,marco.kim@acme-fake.test,Elena Mensah,2024-12-09 04:42:00,reese.mercer@examplecorp.test,Quinn Vance,2026-03-18 18:29:00,skyler.calder@sampleco.test,Riley Kim,2025-02-13 02:15:00,skyler.mercer@sampleco.test,,2024-12-13 06:32:00,Y,Cobalt Logistics Corp - Managed Services,,100243,Discovery,100749,,TAG-6329,100203,TAG-3742,104174,,,,LinkedIn,,Active,,,,,,100475,,100310,,"250,434",Other,100771,"33,101",,Arjun Brooks,,100015,,100110,Standard,100213,,,,100437,,100034,,,100579,,Prospect,100440,,,,,100080,Managed Services,,,100049,,102785
100103,Opportunity,105936,fatima.mercer@sampleco.test,Aisha Costa,2024-02-27 20:52:00,chen.whitfield@acme-fake.test,Reese Costa,2025-01-11 14:30:00,omar.haddad@examplecorp.test,Fatima Vance,2022-11-12 07:06:00,avery.ashby@sampleco.test,,2025-10-02 08:42:00,N,Atlas Energy Group - Payroll,,100777,Discovery,100628,,SKU-3998,100530,REF-4601,103689,,,,Website,,Active,,,,,,,,,,"436,835",Beta,100103,"15,725",,Elena Costa,100891,,,,Standard,,,,,100156,,,,,100177,,Prospect,100646,,,,,,Recruiting,,,100456,,102145
100075,Opportunity,105937,liam.sato@sampleco.test,Noah Patel,2023-06-19 12:10:00,jamie.mensah@acme-fake.test,Mei Nguyen,2022-10-30 11:27:00,arjun.mercer@demomail.test,Quinn Kim,2024-05-16 00:51:00,chen.ashby@examplecorp.test,,2024-04-19 17:06:00,N,Ironwood Ventures LLP - Back Office,,,Discovery,100288,,REF-6183,100765,TAG-5905,104309,,,,Website,,Active,,,,,,100679,,,,"234,286",Standard,100269,"2,783",,Mei Blake,,100440,,100405,Renewal,100615,,,,100437,,100192,,,100188,,Prospect,100546,,,,,,Staff Augmentation,,,100316,,102122
100792,Opportunity,105938,marco.ford@demomail.test,Emerson Larsson,2024-11-19 06:16:00,jordan.ivanov@examplecorp.test,Marco Whitfield,2024-11-03 11:27:00,skyler.silva@examplecorp.test,Drew Blake,2023-04-14 18:37:00,drew.ashby@demomail.test,Riley Ashby,2025-11-14 05:14:00,N,Pioneer Group LLP - Consulting,,100023,Dead,100171,REF-7533,LOT-4299,100046,TAG-6636,104266,,,,Inbound Call,,Inactive,,,,,,,,100625,,,,100340,"3,772",6907,Nina Rossi,,,LOT-5051,100503,Enterprise,,,,,100664,,,,,100642,,Prospect,100777,,,,,100492,Back Office,,,100452,,102590
100579,Opportunity,105940,riley.reyes@demomail.test,Arjun Patel,2025-01-19 04:11:00,omar.garcia@examplecorp.test,Rahul Okafor,2025-11-06 08:08:00,emerson.ford@acme-fake.test,Emerson Rossi,2024-08-23 21:17:00,marco.ford@examplecorp.test,,2023-01-13 00:43:00,N,Ironwood Logistics LLP - Managed Services,,,Closed Won,100017,,LOT-4830,100212,TAG-6026,102345,,,,Cold Outreach,100729,Inactive,,,,,,,,100280,,,Alpha,100158,"7,465",,Aisha Whitfield,,,TAG-3130,100694,Enterprise,100267,,,,100616,,100681,Other,,,,Prospect,100459,,,,,100206,Back Office,100374,,100223,,
100744,Opportunity,105941,emerson.blake@examplecorp.test,Casey Larsson,2026-05-19 19:09:00,casey.dorsey@sampleco.test,Taylor Brooks,2022-12-09 13:31:00,rahul.ford@examplecorp.test,Reese Cohen,2023-06-02 06:04:00,chen.whitfield@demomail.test,,2025-07-15 00:03:00,Y,Brightpath Holdings Inc - Offshore Team,,100571,Closed Lost,100344,,SKU-2163,100424,TAG-4383,102746,,,,Referral,,Inactive,,,,,,100172,,100531,,,,,"8,819",,Morgan Blake,,100593,,,New Logo,100189,,,,100331,,100555,,,,,Prospect,100679,,,,,100240,Payroll,100601,,100331,,
100331,Opportunity,105944,riley.sato@demomail.test,Rowan Rossi,2024-08-03 18:28:00,mei.whitfield@examplecorp.test,Rahul Mensah,2024-12-21 19:42:00,elena.haddad@sampleco.test,Sofia Costa,2025-07-05 04:05:00,aisha.nguyen@demomail.test,,2023-09-21 12:50:00,Y,Beacon Robotics Group - Back Office,,100208,Closed Lost,100560,,SKU-7935,100386,SKU-1414,103867,,,,Partner,100454,Inactive,,,,,,,,100215,,,Gamma,,"11,473",,Avery Rossi,101714,100030,TAG-6550,100481,Enterprise,,,,,100063,,100645,,,,,Active Customer,100676,,,,,,Payroll,100245,,100161,,104235
100634,Opportunity,105946,avery.calder@sampleco.test,Fatima Blake,2024-11-17 11:45:00,yara.silva@sampleco.test,Emerson Cohen,2026-03-17 23:26:00,jordan.ashby@sampleco.test,Noah Haddad,2023-10-28 12:25:00,diego.haddad@sampleco.test,,2025-10-01 13:24:00,Y,Granite Robotics Group - Staff Augmentation,,,Discovery,100348,,LOT-8963,100708,,102132,,,,Cold Outreach,,Active,,,,,,,,,,,Delta,,,,Riley Silva,101104,,TAG-9648,,Renewal,,,,,100661,,,,,,,Prospect,100188,,,,,100683,Consulting,100631,,100792,,
100457,Opportunity,105948,elena.calder@sampleco.test,Chen Dorsey,2024-01-28 21:31:00,riley.cohen@examplecorp.test,Yara Costa,2026-02-27 15:00:00,arjun.mensah@acme-fake.test,Casey Ivanov,2023-12-09 08:15:00,rahul.whitfield@demomail.test,,2025-08-18 20:39:00,N,Silverline Ventures Co - Payroll,,100513,Closed Won,100498,,SKU-2183,100625,,103931,,,,Cold Outreach,100597,Inactive,,,,,,,,100642,,,Alpha,,"37,703",,Priya Kim,,100206,TAG-6019,100494,SMB,100200,,,,100080,,100699,,,100709,,Prospect,100267,,,,,100344,Consulting,,,100334,,
100656,Opportunity,105950,priya.costa@demomail.test,Casey Calder,2023-12-08 13:50:00,riley.costa@demomail.test,Fatima Nguyen,2026-01-11 18:34:00,elena.rossi@examplecorp.test,Emerson Nguyen,2025-12-03 20:52:00,arjun.mercer@demomail.test,,2025-12-28 07:50:00,Y,Granite Labs LLP - Payroll,,,Dead,100217,,TAG-2555,100366,REF-6758,104827,,,,Partner,100607,Inactive,,,,,,100040,,,,"243,098",,100749,"18,712",844,Omar Reyes,100862,100243,,100542,Standard,,,,,100080,,,Standard,,,,Active Customer,100177,,,,,100395,Recruiting,100646,,100099,,
100391,Opportunity,105952,mei.mercer@acme-fake.test,Jamie Blake,2026-01-10 19:38:00,elena.vance@acme-fake.test,Liam Cohen,2025-10-01 16:51:00,skyler.calder@sampleco.test,Mei Dorsey,2025-01-06 03:27:00,alex.cohen@sampleco.test,,2024-11-17 07:01:00,Y,Brightpath Partners Co - Consulting,,100585,On Hold,100037,,REF-2134,100627,LOT-4526,102988,,,,Event,,Active,,,,,,,,,,,Gamma,100622,"35,975",,Rahul Costa,101708,,SKU-8003,,New Logo,100333,,,,100506,,,Other,,,,Active Customer,100245,,,,,,Payroll,100717,,100062,,102965
100634,Opportunity,105955,elena.garcia@examplecorp.test,Aisha Vance,2023-01-30 13:17:00,mei.patel@examplecorp.test,Reese Whitfield,2023-04-28 05:06:00,jamie.costa@examplecorp.test,Rahul Costa,2025-09-24 06:44:00,drew.larsson@examplecorp.test,,2026-05-11 02:45:00,Y,Everest Logistics Group - Managed Services,,100120,Proposal Sent,100129,,TAG-2554,100496,,104818,,,,Website,100459,Active,,,,,,,,100359,,"282,732",,100667,"27,269",,Morgan Garcia,,100517,SKU-6555,100245,SMB,,,,,100107,,,,,100735,,Active Customer,100484,,,,,100115,Payroll,100699,,100305,,103752
100593,Opportunity,105956,fatima.sato@acme-fake.test,Priya Costa,2025-12-12 17:35:00,avery.okafor@demomail.test,Skyler Reyes,2023-12-04 15:28:00,diego.ashby@demomail.test,Yara Vance,2024-10-18 12:37:00,arjun.patel@acme-fake.test,,2024-12-16 20:38:00,Y,Redwood Ventures Ltd - Payroll,,100220,Closed Lost,100386,REF-6623,REF-2252,100104,REF-5005,101976,,,,Cold Outreach,,Inactive,,,,,,,,,,,,100334,,,Rowan Silva,100892,,TAG-1089,,Renewal,100555,,,,100685,,,Beta,,100798,,Prospect,100353,,,,,,Payroll,,,100645,,103796
100089,Opportunity,105959,diego.haddad@demomail.test,Marco Mercer,2025-09-28 04:54:00,emerson.costa@examplecorp.test,Chen Sloan,2023-03-17 11:39:00,casey.patel@sampleco.test,Noah Brooks,2025-08-23 07:44:00,reese.patel@demomail.test,,2023-06-14 18:50:00,Y,Summit Dynamics - Managed Services,,,Discovery,100332,,LOT-6900,100171,,104763,,,,Referral,,Active,,,,,,100688,,100305,,"264,780",,,"11,919",,Aisha Blake,101298,,TAG-8675,,Renewal,100440,,,,100285,,,,,100213,,Active Customer,100051,,,,,100352,Managed Services,100079,,100094,,104072
100744,Opportunity,105960,reese.larsson@acme-fake.test,Riley Costa,2025-03-13 06:07:00,emerson.dorsey@sampleco.test,Emerson Haddad,2024-03-06 23:30:00,alex.ivanov@demomail.test,Rahul Larsson,2024-01-24 03:57:00,priya.haddad@demomail.test,,2023-06-27 06:07:00,Y,Summit Energy LLP - Offshore Team,,100143,Dead,100069,,LOT-9344,100789,REF-6645,103548,,,,Event,100328,Inactive,,,,,,,,100574,,"283,446",,100177,"8,738",,Reese Mercer,101319,100722,LOT-7928,,Renewal,,,,,100080,,100119,,,100755,,Prospect,100475,,,,,100432,Recruiting,100699,Beta,100798,,102305
100044,Opportunity,105963,rowan.cohen@acme-fake.test,Emerson Dorsey,2023-03-02 14:10:00,aisha.sloan@demomail.test,Riley Silva,2024-09-28 23:51:00,jordan.haddad@demomail.test,Rahul Silva,2026-03-31 08:26:00,alex.mensah@sampleco.test,,2026-07-04 20:05:00,N,Harbor Logistics Group - Offshore Team,,,Proposal Sent,100097,TAG-1686,LOT-2846,100479,LOT-8772,103768,,,,Partner,100672,Active,,,,,,100664,,,,,Alpha,100374,"14,221",,Casey Brooks,101560,100238,,100617,SMB,100559,,,,100496,,,,,100782,,Prospect,100429,,,,,100182,Back Office,100574,,100413,,
100552,Opportunity,105964,chen.calder@demomail.test,Taylor Cohen,2026-01-07 12:08:00,alex.rossi@demomail.test,Skyler Sato,2026-06-08 14:33:00,quinn.dorsey@demomail.test,Sofia Patel,2023-08-08 12:21:00,quinn.haddad@sampleco.test,,2025-05-09 06:46:00,N,Granite Analytics LLC - Staff Augmentation,,100377,Negotiation,100363,,LOT-5481,100041,SKU-2264,103122,,,,Partner,,Active,,,,,,100115,,100692,,,Delta,100195,,,Fatima Haddad,100843,100345,,100286,Standard,100616,,,,100122,,100243,,,,,Prospect,100573,,,,,100165,Staff Augmentation,100574,,100398,,
100447,Opportunity,105965,morgan.ashby@examplecorp.test,Morgan Cohen,2024-05-08 14:41:00,morgan.dorsey@sampleco.test,Mei Kim,2022-11-10 11:12:00,avery.sloan@sampleco.test,Jamie Haddad,2022-11-21 04:34:00,drew.larsson@examplecorp.test,,2025-11-01 15:20:00,N,Copper Partners Corp - Staff Augmentation,,100046,Discovery,100075,,LOT-9209,100333,SKU-9361,102305,,,,Inbound Call,100658,Active,,,,,,,,,,"369,880",Beta,100075,"16,137",,Avery Costa,101236,,,100128,SMB,,,,,100646,,100484,,,,,Active Customer,100786,,,,,100075,Offshore Team,100717,,100282,,103923
100141,Opportunity,105967,alex.nguyen@demomail.test,Nina Ashby,2023-12-10 18:34:00,yara.sloan@demomail.test,Elena Kim,2024-11-21 09:49:00,riley.patel@sampleco.test,Priya Silva,2024-03-18 02:30:00,marco.haddad@examplecorp.test,Rahul Mercer,2023-07-14 01:58:00,N,Horizon Health Corp - Consulting,,100558,Discovery,100267,LOT-5670,SKU-6510,100209,SKU-9958,104193,,,,Inbound Call,,Active,,,,,,,,100571,,"333,385",,100234,,,Taylor Mercer,101091,,TAG-9496,100516,Renewal,100383,,,,100366,,,,,100440,,Active Customer,100464,,,,,,Staff Augmentation,100200,,100265,,102138
100765,Opportunity,105969,quinn.kim@examplecorp.test,Drew Blake,2026-04-05 03:48:00,rowan.rossi@demomail.test,Alex Whitfield,2026-05-21 08:14:00,omar.vance@demomail.test,Drew Reyes,2026-07-15 06:41:00,priya.garcia@examplecorp.test,,2025-02-27 08:53:00,Y,Everest Solutions Inc - Payroll,,100223,Discovery,100132,,TAG-7069,100269,TAG-9268,104751,,,,Event,100731,Active,,,,,,,,,,,,100587,"16,681",,Priya Calder,,,,100634,New Logo,100053,,,,100091,,,Standard,,100627,,Prospect,100017,,,,,100503,Back Office,,,100251,,
100128,Opportunity,105971,avery.silva@sampleco.test,Morgan Ford,2026-06-26 08:10:00,diego.ivanov@sampleco.test,Priya Costa,2024-07-20 04:36:00,omar.ford@demomail.test,Drew Okafor,2024-07-08 15:39:00,emerson.blake@sampleco.test,,2024-03-28 21:31:00,N,Blue Ridge Group Ltd - Managed Services,,100141,Closed Lost,100484,,REF-2083,100213,SKU-2249,104601,,,,Inbound Call,100360,Inactive,,,,,,,,,,,Beta,,"35,389",3801,Arjun Rossi,101056,100610,REF-3505,,SMB,100094,,,,100377,,100729,,,,,Active Customer,100632,,,,,,Back Office,100437,,100656,,103355
100615,Opportunity,105973,jamie.ford@acme-fake.test,Nina Calder,2023-09-04 14:34:00,yara.garcia@sampleco.test,Avery Haddad,2025-03-18 00:08:00,marco.kim@sampleco.test,Emerson Cohen,2026-05-25 02:10:00,sofia.nguyen@examplecorp.test,,2026-01-24 02:07:00,Y,Blue Ridge Dynamics LLC - Staff Augmentation,,100738,Closed Lost,100197,,LOT-3395,100654,REF-6179,104122,,,,Webinar,100395,Inactive,,,,,,,,,,"54,200",Standard,100613,,,Noah Sloan,101320,100158,,,New Logo,,,,,100753,,100182,,,,,Prospect,100799,,,,,,Offshore Team,,,100352,,
100563,Opportunity,105976,nina.ford@acme-fake.test,Fatima Garcia,2023-07-30 03:44:00,arjun.garcia@demomail.test,Priya Larsson,2024-07-18 12:47:00,drew.kim@demomail.test,Riley Patel,2023-09-05 15:15:00,diego.vance@sampleco.test,,2026-04-19 00:48:00,Y,Northwind Systems LLP - Recruiting,,,Qualification,100418,,TAG-1828,100060,REF-6804,103579,,,,Partner,,Active,,,,,,100359,,100770,,"200,728",,100722,"24,378",,Avery Whitfield,,100447,LOT-7683,,Renewal,,,,,100352,,,,,100734,,Active Customer,100041,,,,,100331,Back Office,,,100569,,
100686,Opportunity,105979,priya.ford@sampleco.test,Marco Silva,2024-12-14 20:52:00,omar.kim@acme-fake.test,Fatima Blake,2024-01-29 15:18:00,jamie.mercer@acme-fake.test,Chen Vance,2023-02-15 13:42:00,taylor.ashby@sampleco.test,,2024-10-16 01:33:00,N,Evergreen Group Group - Offshore Team,,,Closed Won,100582,,TAG-3610,100400,SKU-6069,104821,,,,Inbound Call,100188,Inactive,,,,,,,,,,"435,738",Delta,,"36,635",,Noah Silva,,100051,,100741,Renewal,,,,,100352,,,,,100275,,Active Customer,100063,,,,,,Offshore Team,,,100339,,
100178,Opportunity,105980,fatima.ford@demomail.test,Elena Brooks,2026-03-13 08:03:00,alex.ford@demomail.test,Rahul Mercer,2023-10-04 14:25:00,emerson.sato@sampleco.test,Quinn Costa,2026-06-19 18:22:00,jamie.sato@examplecorp.test,,2023-10-04 23:44:00,N,Cardinal Foods LLC - Consulting,,100290,Qualification,100637,,TAG-2192,100030,,103026,,,,Partner,100062,Active,,,,,,100771,,,,,,100097,,7431,Priya Whitfield,,100376,,100148,Renewal,,,,,100574,,100265,Gamma,,100723,,Prospect,100597,,,,,,Payroll,100758,,100182,,103964
100587,Opportunity,105981,casey.blake@sampleco.test,Quinn Rossi,2026-06-18 11:47:00,drew.brooks@examplecorp.test,Riley Cohen,2026-07-25 01:57:00,quinn.vance@examplecorp.test,Arjun Patel,2025-11-15 00:39:00,priya.garcia@examplecorp.test,,2023-12-24 11:25:00,N,Cardinal Health Corp - Back Office,,100587,Discovery,100132,,SKU-8444,100642,LOT-4125,104714,,,,Cold Outreach,,Active,,,,,,100744,,,,"13,510",,100587,"18,534",,Aisha Sloan,101755,100063,REF-2370,100468,New Logo,100220,,,,100445,,100208,,,,,Active Customer,100437,,,,,100314,Consulting,100792,,100642,,104293
100285,Opportunity,105982,fatima.vance@sampleco.test,Riley Rossi,2023-12-15 08:49:00,aisha.reyes@demomail.test,Marco Silva,2025-01-11 21:07:00,aisha.costa@demomail.test,Omar Nguyen,2025-04-02 14:50:00,reese.kim@examplecorp.test,,2025-03-17 15:30:00,Y,Ironwood Systems Co - Payroll,,,Closed Lost,100715,,REF-6052,100555,SKU-6934,103635,,,,Webinar,100235,Inactive,,,,,,100645,,,,"112,874",,100782,"7,266",,Quinn Costa,,,,,Standard,100723,,,,100382,,100104,,,100091,,Prospect,100763,,,,,100576,Back Office,,,100622,,102636
100452,Opportunity,105984,sofia.calder@demomail.test,Chen Ashby,2023-10-02 10:24:00,aisha.garcia@sampleco.test,Avery Whitfield,2022-10-08 01:49:00,liam.reyes@examplecorp.test,Reese Mercer,2025-03-30 20:09:00,chen.ivanov@examplecorp.test,,2023-12-24 21:53:00,N,Meridian Logistics - Offshore Team,,,Closed Lost,100731,,SKU-1534,100339,REF-1337,,,,,Inbound Call,100597,Inactive,,,,,,,,100164,,"462,565",Standard,100255,"10,828",,Casey Nguyen,101027,100313,,100012,New Logo,,,,,100030,,100217,,,100236,,Active Customer,100464,,,,,100185,Staff Augmentation,,,100704,,
100216,Opportunity,105986,aisha.vance@acme-fake.test,Casey Nguyen,2025-06-27 06:11:00,liam.dorsey@acme-fake.test,Diego Reyes,2023-05-13 03:50:00,morgan.vance@examplecorp.test,Reese Calder,2024-09-01 06:16:00,rahul.rossi@sampleco.test,,2025-07-31 10:41:00,Y,Delta Textiles LLC - Managed Services,,100352,Closed Won,100192,,TAG-9571,100195,TAG-5674,103792,,,,Webinar,,Inactive,,,,,,,,100627,,"454,854",,,"13,929",,Nina Larsson,101501,100134,REF-3869,,Enterprise,100062,,,,100638,,100120,,,100044,,Prospect,100377,,,,,,Recruiting,,,100485,,
100424,Opportunity,105987,fatima.calder@sampleco.test,Mei Vance,2023-08-26 20:31:00,skyler.brooks@examplecorp.test,Jordan Patel,2025-01-17 18:16:00,avery.okafor@sampleco.test,Sofia Dorsey,2023-11-19 20:35:00,morgan.cohen@examplecorp.test,,2023-05-09 14:55:00,Y,Everest Capital Corp - Payroll,,100604,Proposal Sent,100492,,SKU-7905,100509,REF-9083,102397,,,,Cold Outreach,100277,Active,,,,,,100136,,100717,,"174,422",Beta,100386,"19,306",,Aisha Sloan,,100403,,,New Logo,100216,,,,100447,,100148,,,100475,,Prospect,100670,,,,,100351,Managed Services,100684,,100374,,102619
100132,Opportunity,105988,diego.larsson@demomail.test,Rowan Whitfield,2025-02-05 03:01:00,rahul.cohen@examplecorp.test,Arjun Nguyen,2023-06-25 15:41:00,fatima.sloan@demomail.test,Diego Ford,2024-11-16 15:53:00,yara.sato@examplecorp.test,,2025-04-22 16:46:00,Y,Cardinal Capital Ltd - Staff Augmentation,,100565,Proposal Sent,100238,LOT-1492,SKU-1011,100293,SKU-5933,104087,,,,Event,100723,Active,,,,,,,,100403,,"305,624",Beta,,"14,889",,Morgan Rossi,,,,,Standard,100692,,,,100750,,,Alpha,,100772,,Prospect,100403,,,,,100281,Managed Services,100702,,100094,,
100069,Opportunity,105990,chen.mercer@acme-fake.test,Mei Garcia,2024-07-18 12:08:00,noah.reyes@examplecorp.test,Priya Sloan,2025-09-24 18:10:00,rahul.sloan@demomail.test,Avery Ford,2026-07-26 07:59:00,liam.ashby@acme-fake.test,,2024-12-18 18:52:00,Y,Cardinal Energy Corp - Managed Services,,,Discovery,100565,,TAG-2386,100604,REF-3680,104568,,,,Website,,Active,,,,,,100454,,100257,,"202,774",,100195,"20,043",,Liam Cohen,101159,,SKU-5185,100398,Standard,100227,,,,100308,,,,,,,Prospect,100760,,,,,,Managed Services,100516,,100398,,103118
100015,Opportunity,105992,jordan.costa@examplecorp.test,Sofia Blake,2025-03-30 23:46:00,taylor.kim@acme-fake.test,Rowan Nguyen,2024-03-28 21:41:00,marco.reyes@examplecorp.test,Chen Sato,2025-12-26 06:44:00,omar.silva@demomail.test,,2024-11-30 22:55:00,N,Northwind Labs - Offshore Team,,,Dead,100370,,LOT-1809,100585,LOT-7174,103450,,,,Partner,100694,Inactive,,,,,,100676,,100563,,"163,807",,100622,"31,592",3195,Rahul Sato,100863,100168,SKU-9405,100774,New Logo,,,,,100473,,100656,Beta,,100579,,Active Customer,100597,,,,,100481,Consulting,100686,,100420,,
100012,Opportunity,105994,avery.haddad@demomail.test,Marco Mensah,2024-08-22 20:30:00,rowan.okafor@sampleco.test,Sofia Cohen,2023-10-06 11:49:00,priya.calder@demomail.test,Riley Haddad,2023-02-15 11:13:00,avery.reyes@acme-fake.test,,2022-10-03 21:09:00,Y,Granite Manufacturing Ltd - Recruiting,,100511,Closed Lost,100115,LOT-6198,TAG-3921,100568,REF-9222,102443,,,,Inbound Call,100251,Inactive,,,,,,,,,,,,100259,"22,838",,Quinn Sloan,101755,100139,REF-6418,,SMB,100750,,,,100485,,100239,,,,,Prospect,100777,,,,,,Back Office,,,100597,,104243
100672,Opportunity,105996,avery.cohen@examplecorp.test,Rowan Whitfield,2025-10-24 15:39:00,chen.ashby@acme-fake.test,Aisha Kim,2022-12-17 03:33:00,morgan.ivanov@acme-fake.test,Aisha Patel,2024-03-22 10:22:00,avery.garcia@demomail.test,,2026-07-15 18:12:00,N,Northwind Analytics Ltd - Payroll,,,Discovery,100734,TAG-1137,TAG-1620,100413,,103663,,,,Webinar,100746,Active,,,,,,100235,,100286,,,,,"27,754",,Reese Silva,101143,,,100506,Renewal,,,,,100506,,100513,Beta,,,,Prospect,100076,,,,,,Staff Augmentation,100295,,100654,,
100205,Opportunity,105999,taylor.silva@examplecorp.test,Mei Larsson,2025-11-17 13:35:00,riley.silva@sampleco.test,Diego Sloan,2023-06-03 14:25:00,emerson.sloan@examplecorp.test,Chen Calder,2024-02-19 09:37:00,skyler.haddad@acme-fake.test,,2025-11-20 15:46:00,N,Atlas Retail Group - Back Office,,100573,Discovery,100310,,TAG-3902,100474,TAG-7729,101945,,,,Inbound Call,100242,Active,,,,,,,,,,"73,539",,100377,,6533,Rowan Silva,101450,,,,Standard,,,,,100410,,,Delta,,100792,,Prospect,100051,,,,,,Consulting,,,100136,,102365
100530,Opportunity,106001,chen.larsson@sampleco.test,Alex Sato,2022-12-04 17:51:00,noah.patel@demomail.test,Liam Cohen,2025-02-02 15:20:00,nina.vance@sampleco.test,Skyler Garcia,2025-06-29 19:21:00,liam.whitfield@sampleco.test,,2026-02-10 14:04:00,N,Brightpath Solutions Ltd - Staff Augmentation,,,Discovery,100389,TAG-3931,SKU-2748,100722,SKU-1737,102008,,,,Cold Outreach,100382,Active,,,,,,100070,,100803,,"441,404",Gamma,,"19,424",,Aisha Mensah,100857,100770,TAG-7612,100535,Standard,,,,,100267,,100325,,,100051,,Active Customer,100185,,,,,100339,Consulting,100282,,100238,Delta,104266
100235,Opportunity,106004,diego.costa@examplecorp.test,Priya Okafor,2023-05-17 01:15:00,jamie.silva@sampleco.test,Yara Vance,2023-04-03 23:08:00,yara.calder@sampleco.test,Noah Ford,2025-09-28 23:37:00,diego.ivanov@examplecorp.test,,2026-01-26 06:48:00,Y,Vertex Dynamics Ltd - Back Office,,,Proposal Sent,100692,,SKU-9136,100686,REF-4400,,,,,Event,100236,Active,,,,,,,,,,"323,113",Alpha,,,,Fatima Garcia,,100686,,,Standard,,,,,100637,,100676,,,,,Active Customer,100771,,,,,100649,Managed Services,100723,,100107,,104618
100309,Opportunity,106005,skyler.brooks@sampleco.test,Reese Ashby,2023-02-19 17:09:00,rowan.nguyen@demomail.test,Noah Garcia,2024-08-20 14:56:00,jamie.ivanov@acme-fake.test,Rahul Garcia,2023-09-25 21:56:00,noah.reyes@acme-fake.test,,2026-05-10 15:19:00,Y,Vertex Foods Inc - Staff Augmentation,,100591,Closed Lost,100610,LOT-7392,SKU-1156,100413,REF-4475,104276,,,,Inbound Call,100702,Inactive,,,,,,,,100395,,"86,066",,,"17,127",,Elena Haddad,101209,100620,TAG-9226,100579,SMB,100075,,,,100213,,100774,,,100151,,Prospect,100667,,,,,,Payroll,,,100694,,102326
100482,Opportunity,106007,rahul.dorsey@acme-fake.test,Fatima Rossi,2024-07-13 07:58:00,emerson.cohen@acme-fake.test,Chen Garcia,2024-02-12 18:23:00,taylor.cohen@acme-fake.test,Mei Okafor,2023-09-17 00:27:00,liam.ashby@demomail.test,,2026-05-31 23:11:00,N,Vertex Energy Group - Back Office,,,Closed Won,100487,,REF-6331,100474,TAG-2293,103287,,,,Website,100485,Inactive,,,,,,,,100749,,"87,285",Beta,,,2311,Arjun Silva,101400,100070,,,Renewal,,,,,100015,,100393,,,100627,,Prospect,100434,,,,,100516,Offshore Team,100344,Alpha,100452,,
100106,Opportunity,106008,mei.haddad@sampleco.test,Fatima Haddad,2025-04-03 23:33:00,reese.kim@acme-fake.test,Drew Rossi,2023-06-20 04:56:00,diego.blake@acme-fake.test,Morgan Reyes,2025-06-04 16:16:00,morgan.haddad@acme-fake.test,,2024-06-22 07:19:00,N,Everest Industries LLC - Consulting,,,Negotiation,100169,SKU-6350,LOT-7084,100506,LOT-5935,102509,,,,LinkedIn,,Active,,,,,,,,100062,,,,,"14,819",,Elena Costa,,,,100205,Standard,,,,,100359,,100672,,,100720,,Prospect,100010,,,,,100734,Offshore Team,,,100123,,102993
100723,Opportunity,106009,yara.ashby@examplecorp.test,Arjun Calder,2024-03-18 22:42:00,jordan.cohen@examplecorp.test,Priya Ford,2024-02-05 12:54:00,omar.cohen@sampleco.test,Taylor Blake,2024-01-20 12:27:00,rowan.rossi@sampleco.test,Emerson Sloan,2022-10-19 00:08:00,Y,Horizon Networks Group - Payroll,,100336,Discovery,100104,,SKU-7790,100377,REF-3916,103068,,,,Website,100353,Active,,,,,,100398,,100627,,"237,126",,,,,Drew Costa,,100591,LOT-1699,100490,Renewal,,,,,100624,,100197,,,100601,,Active Customer,100429,,,,,100517,Managed Services,100685,,100192,,104424
100654,Opportunity,106011,chen.vance@acme-fake.test,Skyler Dorsey,2022-12-24 13:32:00,quinn.reyes@sampleco.test,Noah Haddad,2024-10-18 09:56:00,omar.blake@sampleco.test,Jordan Sato,2023-09-16 04:15:00,arjun.rossi@examplecorp.test,,2023-03-14 04:29:00,N,Cardinal Media Corp - Offshore Team,,100760,Dead,100800,LOT-1521,SKU-2403,100704,SKU-7456,103565,,,,Referral,100393,Inactive,,,,,,100334,,,,"11,015",,,"23,480",,Drew Mensah,101299,,REF-8059,,Renewal,100475,,,,100417,,100705,,,100236,,Prospect,100474,,,,,,Recruiting,,,100103,,102384
100539,Opportunity,106014,liam.ivanov@examplecorp.test,Rowan Ashby,2025-08-01 02:29:00,diego.sato@examplecorp.test,Marco Blake,2026-04-04 05:29:00,casey.ashby@demomail.test,Yara Sloan,2024-07-21 04:16:00,riley.okafor@examplecorp.test,,2026-05-06 08:06:00,N,Ironwood Financial - Staff Augmentation,,100257,Qualification,100601,,LOT-3474,100356,LOT-1227,103044,,,,Webinar,100139,Active,,,,,,,,100383,,"373,650",Delta,100213,"34,670",,Rahul Sato,101406,100245,LOT-6026,100531,Renewal,100239,,,,100684,,100616,Beta,,,,Active Customer,100143,,,,,,Managed Services,100037,,100405,,
100316,Opportunity,106017,priya.garcia@demomail.test,Aisha Ivanov,2024-10-14 01:22:00,alex.blake@demomail.test,Morgan Sloan,2025-02-02 22:05:00,avery.silva@acme-fake.test,Priya Sloan,2026-01-09 15:19:00,taylor.ford@acme-fake.test,,2025-06-22 22:33:00,N,Silverline Ventures Inc - Payroll,,100734,Proposal Sent,100531,,LOT-5917,100417,SKU-7069,102684,,,,Website,100628,Active,,,,,,100328,,,,"200,459",,100101,"28,117",9310,Elena Sloan,101239,100336,TAG-6913,,Enterprise,,,,,100139,,,,,,,Active Customer,100192,,,,,100126,Consulting,,,100015,,
100772,Opportunity,106019,avery.larsson@demomail.test,Emerson Sato,2025-09-26 12:28:00,riley.ashby@sampleco.test,Avery Whitfield,2026-04-14 07:26:00,priya.ford@acme-fake.test,Reese Larsson,2023-08-15 10:59:00,arjun.vance@demomail.test,,2023-05-01 06:54:00,N,Copper Logistics - Consulting,,100015,Negotiation,100168,SKU-5477,LOT-5011,100780,LOT-6524,103808,,,,Event,,Active,,,,,,100767,,,,,,100658,"4,873",,Marco Vance,,,SKU-8000,,SMB,100178,,,,100613,,,,,100348,,Prospect,100161,,,,,,Consulting,100625,,100080,,101913
100049,Opportunity,106020,emerson.cohen@sampleco.test,Alex Silva,2025-08-31 18:29:00,noah.whitfield@acme-fake.test,Jordan Calder,2026-01-23 09:55:00,sofia.silva@examplecorp.test,Rahul Larsson,2025-01-14 05:27:00,mei.garcia@demomail.test,,2023-01-06 00:09:00,Y,Everest Retail Corp - Staff Augmentation,,100029,Proposal Sent,100456,,TAG-1111,100236,REF-2469,103647,,,,Cold Outreach,100339,Active,,,,,,100168,,,,"168,648",Standard,100799,"8,008",,Arjun Nguyen,101591,100447,TAG-5175,100328,Renewal,,,,,100786,,,,,100620,,Prospect,100049,,,,,,Back Office,,,100615,,
100661,Opportunity,106022,casey.patel@demomail.test,Reese Garcia,2024-10-20 08:57:00,chen.sloan@acme-fake.test,Diego Silva,2023-07-30 03:40:00,jordan.reyes@acme-fake.test,Aisha Kim,2023-05-31 00:33:00,quinn.larsson@acme-fake.test,,2026-05-29 10:49:00,N,Meridian Financial Group - Payroll,,,Closed Lost,100195,,REF-7067,100208,,104058,,,,Event,,Inactive,,,,,,,,,,,,100490,,,Arjun Garcia,,100622,SKU-3989,,SMB,100554,,,,100485,,100784,,,,,Active Customer,100398,,,,,100213,Managed Services,100688,,100136,,
100482,Opportunity,106024,elena.ashby@acme-fake.test,Avery Kim,2022-11-02 19:17:00,nina.brooks@acme-fake.test,Elena Ford,2025-03-15 18:22:00,alex.vance@demomail.test,Rahul Ford,2026-07-26 16:16:00,arjun.cohen@sampleco.test,,2024-01-07 04:00:00,N,Summit Textiles Corp - Consulting,,100122,Closed Won,100568,,REF-1040,100066,SKU-6063,104410,,,,Event,100798,Inactive,,,,,,,,100333,,"343,731",,100792,"31,359",2851,Emerson Larsson,101578,,TAG-4031,100182,Renewal,100705,,,,100800,,,,,100780,,Prospect,100799,,,,,,Consulting,100173,,100388,,
100413,Opportunity,106027,fatima.cohen@examplecorp.test,Liam Dorsey,2025-08-02 16:56:00,rahul.ivanov@demomail.test,Reese Ashby,2023-12-24 21:41:00,drew.larsson@examplecorp.test,Quinn Cohen,2023-09-01 20:58:00,reese.larsson@demomail.test,,2025-03-09 23:13:00,N,Horizon Analytics Corp - Back Office,,100692,On Hold,100434,,SKU-3798,100750,TAG-6011,,,,,Referral,100236,Active,,,,,,100558,,,,,,100334,"36,034",,Mei Silva,101325,,LOT-2723,100554,Renewal,100613,,,,100391,,,Standard,,100763,,Prospect,100245,,,,,,Staff Augmentation,,,100171,,
100454,Opportunity,106029,mei.mensah@acme-fake.test,Sofia Larsson,2026-07-30 22:00:00,liam.calder@acme-fake.test,Morgan Cohen,2024-01-31 23:25:00,rowan.whitfield@acme-fake.test,Rowan Garcia,2023-10-01 12:33:00,nina.sato@examplecorp.test,,2025-08-23 17:58:00,N,Ironwood Retail LLP - Back Office,,,Closed Won,100206,,SKU-1784,100535,REF-1948,104470,,,,LinkedIn,100780,Inactive,,,,,,100383,,,,"233,436",,100413,"17,420",2660,Nina Ford,,100532,REF-9717,100481,Enterprise,,,,,100316,,100344,Gamma,,100750,,Prospect,100275,,,,,100437,Offshore Team,100780,,100203,,
100164,Opportunity,106032,emerson.calder@examplecorp.test,Riley Dorsey,2023-04-01 13:43:00,mei.brooks@acme-fake.test,Morgan Haddad,2024-12-23 04:50:00,diego.sloan@sampleco.test,Aisha Ford,2026-05-02 00:27:00,drew.haddad@acme-fake.test,,2026-03-25 05:09:00,N,Copper Partners - Recruiting,,100248,Closed Lost,100681,,LOT-3737,100587,SKU-8816,103797,,,,Webinar,,Inactive,,,,,,,,100328,,"215,920",Delta,100793,"28,036",,Priya Sato,100987,100026,TAG-3538,,Renewal,,,,,100209,,100403,,,100579,,Active Customer,100539,,,,,,Payroll,,,100217,,103755
100417,Opportunity,106034,fatima.brooks@sampleco.test,Diego Reyes,2026-07-08 22:34:00,quinn.mensah@acme-fake.test,Omar Sato,2026-05-14 22:55:00,rowan.patel@demomail.test,Drew Patel,2024-08-21 11:39:00,noah.calder@examplecorp.test,,2025-04-22 01:10:00,N,Keystone Group Corp - Consulting,,100356,Qualification,100792,TAG-8107,TAG-2249,100016,TAG-6470,102773,,,,Referral,100560,Active,,,,,,,,100464,,"51,667",Delta,,"33,359",7138,Aisha Cohen,101770,100229,LOT-6099,100513,Enterprise,100523,,,,100449,,,,,,,Prospect,100601,,,,,100408,Payroll,,,100115,,
100625,Opportunity,106037,fatima.mensah@acme-fake.test,Riley Brooks,2024-08-25 15:19:00,reese.ford@acme-fake.test,Avery Kim,2025-11-24 13:15:00,morgan.rossi@examplecorp.test,Reese Silva,2026-02-20 17:23:00,omar.silva@sampleco.test,,2024-07-09 22:41:00,N,Cobalt Robotics - Payroll,,100532,Dead,100259,,REF-7501,100049,LOT-8886,103429,,,,Website,100245,Inactive,,,,,,100477,,100236,,,,,"23,635",,Elena Mensah,101582,100803,SKU-3472,,Renewal,100046,,,,100189,,,,,100176,,Active Customer,100667,,,,,100177,Offshore Team,100753,,100452,,104516
100426,Opportunity,106040,quinn.ivanov@examplecorp.test,Liam Rossi,2025-08-14 12:43:00,reese.calder@examplecorp.test,Avery Blake,2023-02-17 12:05:00,omar.kim@examplecorp.test,Noah Blake,2026-05-07 00:40:00,riley.vance@sampleco.test,,2024-07-30 00:36:00,N,Falcon Dynamics LLC - Managed Services,,100509,Discovery,100393,TAG-5192,LOT-9197,100418,TAG-6215,104108,,,,Event,100255,Active,,,,,,100443,,100128,,"90,469",,100328,,9505,Mei Vance,101216,100688,,,New Logo,100563,,,,100188,,100616,,,,,Active Customer,100255,,,,,,Payroll,100470,,100598,,
100539,Opportunity,106041,jordan.blake@demomail.test,Noah Rossi,2026-07-19 17:25:00,taylor.rossi@examplecorp.test,Arjun Ford,2023-04-22 06:02:00,morgan.vance@demomail.test,Emerson Sloan,2024-03-17 21:24:00,drew.okafor@acme-fake.test,,2026-03-17 10:43:00,N,Atlas Retail Inc - Managed Services,,100625,On Hold,100332,,TAG-2296,100091,REF-2944,102242,,,,Website,100588,Active,,,,,,100683,,100531,,,,,"2,138",1631,Aisha Ashby,,100603,TAG-9301,100251,Standard,100784,,,,100474,,100383,,,100731,,Prospect,100560,,,,,100040,Payroll,,,100457,,103798
100275,Opportunity,106042,priya.haddad@acme-fake.test,Diego Okafor,2024-03-15 03:23:00,aisha.cohen@acme-fake.test,Sofia Vance,2024-02-17 17:28:00,arjun.okafor@sampleco.test,Mei Calder,2023-02-01 20:20:00,liam.vance@examplecorp.test,,2025-08-09 09:50:00,Y,Cardinal Robotics Corp - Offshore Team,,100638,Discovery,100403,,SKU-6996,100101,SKU-7763,103790,,,,Cold Outreach,100481,Active,,,,,,,,100309,,"393,000",,100400,,,Jamie Blake,,100090,TAG-3681,100408,SMB,,,,,100696,,100041,,,100738,,Active Customer,100670,,,,,100421,Offshore Team,,,100073,,104235
100185,Opportunity,106044,quinn.okafor@acme-fake.test,Priya Cohen,2025-04-13 23:10:00,mei.calder@sampleco.test,Marco Ford,2025-01-19 00:34:00,omar.whitfield@examplecorp.test,Skyler Sloan,2023-03-19 23:57:00,chen.mercer@sampleco.test,Sofia Okafor,2023-06-15 15:37:00,N,Keystone Health Corp - Payroll,,100552,Discovery,100328,,TAG-7579,100485,LOT-1039,104209,,,,Website,100008,Active,,,,,,100186,,,,"443,770",,100481,,7193,Sofia Nguyen,,100729,,,Enterprise,,,,,100302,,100251,,,100736,,Prospect,100722,,,,,,Managed Services,100641,,100143,,
100227,Opportunity,106045,riley.mercer@examplecorp.test,Noah Vance,2026-04-18 20:19:00,sofia.ashby@acme-fake.test,Rahul Nguyen,2023-04-22 03:46:00,reese.nguyen@examplecorp.test,Priya Vance,2024-02-01 19:03:00,aisha.dorsey@demomail.test,,2023-11-20 19:48:00,N,Delta Health LLC - Consulting,,,Qualification,100788,SKU-5010,TAG-4580,100075,TAG-8593,,,,,Referral,100774,Active,,,,,,100008,,,,,,100136,"36,978",,Yara Whitfield,,,TAG-1834,100285,Renewal,100046,,,,100588,,100188,Beta,,,,Active Customer,100353,,,,,100209,Staff Augmentation,100574,,100464,,103157
100288,Opportunity,106046,jamie.haddad@examplecorp.test,Noah Silva,2026-05-11 05:50:00,skyler.sloan@sampleco.test,Jamie Ivanov,2026-07-19 22:10:00,marco.patel@sampleco.test,Rowan Costa,2025-09-06 20:11:00,morgan.vance@demomail.test,,2025-10-29 09:24:00,N,Pioneer Group Inc - Managed Services,,100520,Discovery,100161,,SKU-1431,100316,SKU-9623,104675,,,,Cold Outreach,,Active,,,,,,100782,,100288,,,Gamma,100625,"30,829",,Drew Mercer,100891,,,,Renewal,,,,,100156,,,,,,,Active Customer,100617,,,,,,Recruiting,,,100690,Gamma,101938
100782,Opportunity,106047,taylor.patel@sampleco.test,Nina Blake,2023-09-15 13:07:00,taylor.ashby@sampleco.test,Drew Costa,2025-01-26 10:31:00,emerson.ashby@demomail.test,Mei Dorsey,2023-10-18 09:52:00,morgan.mercer@demomail.test,,2025-03-04 02:41:00,Y,Brightpath Manufacturing LLC - Staff Augmentation,,,Closed Won,100020,,REF-9684,100086,LOT-4224,103729,,,,Partner,100530,Inactive,,,,,,100548,,100571,,"231,625",Gamma,100040,"2,396",,Jamie Mensah,101295,100424,,,New Logo,100119,,,,100132,,100277,,,100189,,Active Customer,100290,,,,,100123,Recruiting,,,100474,,103875
100151,Opportunity,106049,skyler.ivanov@acme-fake.test,Yara Blake,2025-09-27 06:48:00,avery.sloan@acme-fake.test,Alex Silva,2024-04-16 06:47:00,fatima.ford@examplecorp.test,Noah Dorsey,2025-02-15 16:21:00,morgan.sloan@acme-fake.test,,2023-10-07 04:24:00,N,Meridian Holdings LLP - Staff Augmentation,,,Qualification,100073,SKU-3426,TAG-7320,100389,TAG-3298,104238,,,,Inbound Call,,Active,,,,,,100242,,,,"161,191",,100177,,,Omar Whitfield,,100503,,,SMB,100058,,,,100750,,100143,,,100352,,Active Customer,100123,,,,,,Back Office,100169,,100634,,102525
100099,Opportunity,106052,quinn.okafor@examplecorp.test,Priya Haddad,2024-02-11 17:24:00,yara.silva@acme-fake.test,Aisha Larsson,2024-01-05 08:51:00,sofia.larsson@demomail.test,Reese Ashby,2026-01-12 21:44:00,skyler.calder@acme-fake.test,,2026-02-27 04:53:00,Y,Everest Labs Co - Recruiting,,100097,Closed Won,100220,,SKU-8744,100034,REF-5714,103762,,,,Website,,Inactive,,,,,,,,,,"400,674",Standard,100558,"11,530",,Alex Mensah,,100699,,100558,Renewal,,,,,100464,,,Gamma,,100223,,Prospect,100571,,,,,,Recruiting,100558,,100569,,102786
100153,Opportunity,106055,diego.mercer@demomail.test,Marco Ashby,2025-03-23 08:24:00,quinn.blake@demomail.test,Alex Ashby,2022-11-29 22:15:00,nina.brooks@acme-fake.test,Morgan Silva,2023-04-14 11:55:00,emerson.vance@acme-fake.test,,2023-05-23 11:35:00,N,Pioneer Networks - Consulting,,100139,Proposal Sent,100573,,REF-1439,100759,REF-3199,103283,,,,Partner,,Active,,,,,,100165,,100334,,"294,130",Delta,,"23,305",,Arjun Calder,101493,100484,LOT-6983,100288,Renewal,,,,,100569,,,,,,,Active Customer,100780,,,,,100143,Back Office,100496,,100051,,104356
100340,Opportunity,106056,taylor.mercer@acme-fake.test,Jordan Silva,2023-07-26 16:51:00,diego.dorsey@demomail.test,Arjun Vance,2026-03-13 05:18:00,skyler.sato@acme-fake.test,Skyler Silva,2023-11-01 04:14:00,jamie.sloan@acme-fake.test,,2024-10-28 01:03:00,Y,Cobalt Analytics - Staff Augmentation,,100715,Qualification,100374,TAG-9665,LOT-2102,100494,REF-5190,102274,,,,Cold Outreach,100042,Active,,,,,,100049,,,,"269,523",Standard,100386,"17,249",,Liam Costa,101577,100257,TAG-9894,100086,New Logo,,,,,100240,,,,,,,Prospect,100749,,,,,100631,Consulting,,,100469,,102318
100080,Opportunity,106059,reese.nguyen@examplecorp.test,Liam Mercer,2025-05-31 20:36:00,jordan.ashby@sampleco.test,Marco Calder,2023-11-27 09:15:00,avery.okafor@acme-fake.test,Taylor Kim,2024-01-03 06:24:00,arjun.mercer@examplecorp.test,,2022-12-24 08:18:00,Y,Everest Robotics LLP - Offshore Team,,,Closed Won,100475,TAG-5928,REF-3736,100223,SKU-8466,103648,,,,Website,100153,Inactive,,,,,,100186,,,,,Gamma,100470,"37,371",,Reese Blake,100864,100477,LOT-3198,,New Logo,100591,,,,100617,,,Standard,,100079,,Prospect,100800,,,,,100513,Staff Augmentation,100288,,100726,,102542
100403,Opportunity,106061,jamie.calder@demomail.test,Emerson Brooks,2026-03-27 11:30:00,skyler.larsson@examplecorp.test,Yara Sato,2025-06-03 07:40:00,chen.nguyen@acme-fake.test,Fatima Ford,2025-05-04 21:13:00,liam.garcia@examplecorp.test,,2023-03-22 15:15:00,N,Granite Analytics Ltd - Offshore Team,,,Discovery,100774,LOT-6262,TAG-4019,100158,SKU-5704,103154,,,,Webinar,,Active,,,,,,,,100616,,,,100026,"13,448",,Priya Okafor,,100351,,,Renewal,100119,,,,100158,,,,,,,Prospect,100688,,,,,,Managed Services,100574,,100509,,101932
100382,Opportunity,106064,fatima.okafor@examplecorp.test,Aisha Brooks,2026-04-10 01:04:00,morgan.calder@examplecorp.test,Mei Whitfield,2022-12-23 08:22:00,diego.cohen@examplecorp.test,Skyler Sato,2024-05-12 12:25:00,jamie.rossi@sampleco.test,,2023-02-21 19:56:00,N,Falcon Retail Group - Payroll,,100449,Proposal Sent,100285,,TAG-8313,100574,TAG-4318,102628,,,,Webinar,100213,Active,,,,,,,,100389,,"178,195",,,"8,831",,Elena Kim,101127,100596,,,Renewal,,,,,100498,,100051,,,100286,,Prospect,100457,,,,,100094,Offshore Team,100241,,100351,,101911
100236,Opportunity,106067,aisha.sato@acme-fake.test,Reese Garcia,2023-12-13 03:52:00,alex.costa@sampleco.test,Rowan Vance,2023-04-27 01:51:00,liam.sloan@demomail.test,Drew Okafor,2023-08-16 15:02:00,yara.ivanov@acme-fake.test,Yara Haddad,2025-06-10 13:14:00,Y,Keystone Manufacturing Inc - Consulting,,,Closed Won,100656,,LOT-8350,100309,,103177,,,,LinkedIn,100620,Inactive,,,,,,100169,,100313,,"417,375",,,"7,820",,Arjun Sloan,101274,100598,,100017,Standard,100634,,,,100526,,100308,,,100603,,Active Customer,100034,,,,,100245,Payroll,100607,,100591,,
100044,Opportunity,106070,alex.sato@acme-fake.test,Mei Cohen,2024-12-21 01:43:00,morgan.kim@examplecorp.test,Liam Calder,2023-08-24 17:38:00,marco.haddad@sampleco.test,Elena Reyes,2023-03-24 05:43:00,morgan.vance@demomail.test,,2025-08-12 23:31:00,N,Cobalt Networks - Consulting,,100613,Closed Won,100511,,SKU-6136,100593,REF-5222,103923,,,,LinkedIn,100310,Inactive,,,,,,,,,,"341,420",,100248,879,,Skyler Brooks,,,,,Standard,100079,,,,100690,,,,,,,Active Customer,100080,,,,,100368,Consulting,,,100224,,102603
100597,Opportunity,106073,casey.kim@acme-fake.test,Casey Calder,2024-03-04 14:18:00,skyler.calder@sampleco.test,Riley Blake,2023-08-07 14:33:00,reese.costa@examplecorp.test,Omar Ford,2024-12-17 06:04:00,marco.reyes@sampleco.test,,2023-12-03 17:34:00,Y,Cobalt Capital Co - Payroll,,,Discovery,100481,TAG-9871,SKU-4298,100624,LOT-1821,102441,,,,LinkedIn,100242,Active,,,,,,100560,,100569,,"290,875",,100786,"32,157",,Rowan Sato,,,,100293,Standard,,,,,100688,,100051,,,,,Active Customer,100625,,,,,,Back Office,,,100302,,
100467,Opportunity,106074,rahul.okafor@sampleco.test,Emerson Ford,2024-05-27 11:51:00,rowan.haddad@demomail.test,Rowan Vance,2024-09-01 19:09:00,elena.sato@demomail.test,Skyler Blake,2023-04-11 01:25:00,omar.blake@examplecorp.test,,2026-07-13 05:32:00,N,Summit Financial LLP - Managed Services,,100046,Discovery,100277,,LOT-5241,100305,,102975,,,,Website,,Active,,,,,,100209,,,,"418,917",,100238,"19,057",,Fatima Mensah,101550,100129,LOT-4855,100374,Standard,,,,,100356,,,,,,,Active Customer,100070,,,,,100532,Consulting,100518,Alpha,100223,,103768
100782,Opportunity,106077,taylor.costa@sampleco.test,Rowan Silva,2026-04-11 03:15:00,skyler.silva@examplecorp.test,Marco Brooks,2023-05-17 05:20:00,arjun.mensah@acme-fake.test,Jordan Blake,2024-03-11 18:26:00,casey.sato@acme-fake.test,Sofia Mensah,2023-01-20 07:06:00,N,Lakeside Logistics Group - Recruiting,,100089,Discovery,100203,,REF-5260,100604,SKU-5893,104398,,,,LinkedIn,100290,Active,,,,,,100513,,100220,,"252,572",,,"29,370",,Noah Reyes,101112,,,,Renewal,,,,,100741,,100240,,,100759,,Prospect,100513,,,,,,Managed Services,100688,,100793,,102310
100269,Opportunity,106078,marco.mensah@demomail.test,Aisha Nguyen,2026-05-20 13:54:00,drew.dorsey@demomail.test,Marco Sloan,2024-07-16 13:22:00,quinn.kim@examplecorp.test,Yara Rossi,2024-08-18 07:31:00,fatima.dorsey@examplecorp.test,,2025-08-01 09:23:00,Y,Brightpath Robotics Co - Payroll,,100376,Dead,100447,,LOT-3111,100604,TAG-5238,102879,,,,LinkedIn,,Inactive,,,,,,100158,,100551,,,,100620,"20,759",,Avery Sloan,101615,100780,TAG-1657,100190,Standard,100056,,,,100482,,,,,100552,,Prospect,100091,,,,,100079,Payroll,100656,,100467,,101938
100750,Opportunity,106081,marco.kim@demomail.test,Elena Haddad,2023-01-06 01:48:00,quinn.silva@sampleco.test,Arjun Nguyen,2024-12-17 11:13:00,marco.brooks@acme-fake.test,Chen Vance,2024-09-16 02:54:00,sofia.vance@demomail.test,Morgan Blake,2023-01-15 23:26:00,N,Meridian Group Corp - Payroll,,,Qualification,100113,,TAG-6188,100051,REF-6872,102116,,,,Inbound Call,,Active,,,,,,100565,,100340,,"31,932",Beta,,"37,865",,Aisha Ivanov,101694,,,100232,SMB,100481,,,,100165,,100420,,,,,Active Customer,100070,,,,,100408,Payroll,100017,,100111,,101953
100760,Opportunity,106083,chen.vance@examplecorp.test,Avery Cohen,2026-03-17 23:57:00,chen.patel@demomail.test,Alex Reyes,2022-10-25 21:06:00,nina.rossi@examplecorp.test,Nina Haddad,2025-05-19 18:31:00,mei.rossi@demomail.test,,2026-04-19 23:20:00,Y,Cardinal Labs Inc - Payroll,,,Negotiation,100314,,SKU-5531,100554,TAG-7657,101958,,,,Partner,,Active,,,,,,100551,,100799,,"58,031",,,,,Noah Larsson,101514,100393,,100421,SMB,100696,,,,100220,,100104,,,100459,,Prospect,100325,,,,,100467,Recruiting,,,100343,,
100360,Opportunity,106084,aisha.ivanov@acme-fake.test,Priya Mercer,2023-08-29 14:47:00,diego.calder@sampleco.test,Jordan Reyes,2025-08-20 19:51:00,chen.garcia@sampleco.test,Skyler Larsson,2024-04-12 14:23:00,omar.brooks@sampleco.test,,2025-03-22 20:06:00,N,Silverline Textiles Co - Recruiting,,,Closed Won,100029,REF-2038,TAG-8627,100236,REF-2494,102737,,,,LinkedIn,100699,Inactive,,,,,,100239,,100415,,,Beta,100141,"39,663",,Morgan Reyes,,,,100726,Enterprise,100415,,,,100429,,100702,,,100016,,Active Customer,100559,,,,,100182,Consulting,100042,Other,100709,,
100188,Opportunity,106087,sofia.costa@sampleco.test,Jordan Cohen,2024-09-11 06:05:00,mei.nguyen@sampleco.test,Mei Mercer,2025-11-09 10:02:00,avery.patel@acme-fake.test,Emerson Ashby,2026-01-09 13:22:00,diego.ivanov@examplecorp.test,,2023-04-01 18:50:00,N,Delta Systems - Consulting,,,Discovery,100477,SKU-7597,REF-3751,100500,TAG-6811,103149,,,,LinkedIn,100148,Active,,,,,,100692,,,,"245,221",Gamma,,"16,863",,Liam Nguyen,101485,100128,,,New Logo,100610,,,,100188,,,,,100403,,Prospect,100658,,,,,100368,Back Office,100254,,100329,,103005
100686,Opportunity,106088,liam.silva@sampleco.test,Nina Silva,2025-06-23 17:07:00,nina.calder@demomail.test,Aisha Ford,2023-10-04 17:45:00,avery.calder@sampleco.test,Chen Costa,2024-02-17 01:11:00,yara.ford@demomail.test,,2024-10-10 23:29:00,Y,Beacon Ventures - Offshore Team,,100277,On Hold,100798,,SKU-9382,100139,SKU-7251,104704,,,,Event,100003,Active,,,,,,100009,,,,"106,685",Standard,100513,,,Jamie Kim,100918,100717,LOT-8817,100506,New Logo,100031,,,,100286,,,,,100393,,Prospect,100473,,,,,,Staff Augmentation,,,100610,Other,102742
100456,Opportunity,106091,rahul.cohen@demomail.test,Avery Larsson,2023-09-30 17:23:00,elena.reyes@examplecorp.test,Yara Garcia,2024-04-13 05:29:00,skyler.vance@demomail.test,Liam Costa,2026-02-07 16:50:00,aisha.silva@examplecorp.test,,2024-03-24 01:14:00,Y,Ironwood Networks Ltd - Staff Augmentation,,100696,On Hold,100285,,LOT-9616,100468,LOT-9031,102684,,,,Webinar,100637,Active,,,,,,100646,,,,"291,906",Other,,"21,108",,Rowan Ivanov,100920,100213,REF-9696,,SMB,100522,,,,100538,,,,,100280,,Prospect,100585,,,,,100511,Managed Services,,,100014,,
100413,Opportunity,106093,priya.rossi@demomail.test,Noah Sloan,2024-09-01 19:14:00,mei.costa@demomail.test,Drew Ashby,2024-05-31 01:02:00,chen.costa@sampleco.test,Elena Okafor,2024-02-06 19:34:00,avery.dorsey@demomail.test,,2023-10-03 03:00:00,Y,Vertex Partners Ltd - Staff Augmentation,,100712,Qualification,100389,,TAG-2159,100632,LOT-5643,104475,,,,Event,,Active,,,,,,,,,,,Gamma,100319,"35,681",,Fatima Silva,100898,,,,SMB,100075,,,,100282,,,,,,,Prospect,100585,,,,,,Back Office,100705,,100051,,104624
100498,Opportunity,106094,liam.blake@examplecorp.test,Aisha Sato,2022-10-22 03:12:00,mei.ivanov@examplecorp.test,Yara Cohen,2023-03-03 18:32:00,casey.ford@demomail.test,Noah Sloan,2024-03-28 09:37:00,jordan.rossi@demomail.test,,2025-11-09 16:58:00,Y,Vertex Foods Ltd - Consulting,,100172,Closed Lost,100771,,SKU-5446,100400,SKU-6089,104628,,,,LinkedIn,100332,Inactive,,,,,,,,100398,,"131,088",,,"30,079",,Arjun Brooks,101342,100738,,,SMB,100744,,,,100254,,100749,,,100224,,Active Customer,100030,,,,,100470,Consulting,,,100275,,104412
100356,Opportunity,106095,jamie.nguyen@demomail.test,Taylor Dorsey,2022-12-14 19:46:00,marco.reyes@examplecorp.test,Taylor Patel,2023-06-07 12:12:00,marco.ivanov@sampleco.test,Elena Haddad,2026-05-02 04:40:00,jordan.ford@sampleco.test,,2023-05-15 20:39:00,N,Summit Logistics Ltd - Offshore Team,,100418,Closed Won,100503,,SKU-5041,100089,REF-4878,104202,,,,Referral,,Inactive,,,,,,100546,,100168,,"353,274",Other,,,1443,Casey Ford,101341,100649,SKU-1372,100634,SMB,100542,,,,100371,,,Delta,,,,Active Customer,100248,,,,,,Managed Services,100277,,100288,,103854
100331,Opportunity,106096,reese.blake@demomail.test,Sofia Rossi,2024-11-01 16:41:00,sofia.rossi@sampleco.test,Noah Calder,2023-09-28 10:22:00,chen.patel@examplecorp.test,Liam Sloan,2024-09-19 23:12:00,arjun.whitfield@examplecorp.test,,2025-02-21 05:22:00,Y,Keystone Solutions - Payroll,,,Closed Lost,100624,,TAG-2939,100236,LOT-3988,102036,,,,LinkedIn,,Inactive,,,,,,,,100241,,"299,588",,100526,,,Jordan Calder,101232,100518,TAG-7613,100613,Enterprise,,,,,100496,,,,,100492,,Active Customer,100468,,,,,,Staff Augmentation,100496,,100049,,
100468,Opportunity,106098,marco.vance@examplecorp.test,Emerson Calder,2024-01-16 17:57:00,avery.dorsey@acme-fake.test,Aisha Okafor,2025-08-13 13:37:00,taylor.costa@sampleco.test,Emerson Sato,2024-01-18 18:46:00,nina.ashby@sampleco.test,,2022-11-01 18:57:00,Y,Lakeside Networks LLP - Consulting,,,Discovery,100171,LOT-1209,REF-5783,100518,LOT-4862,,,,,Webinar,100554,Active,,,,,,,,100042,,"478,843",,100241,,,Mei Blake,101320,,REF-9888,100642,Renewal,,,,,100579,,100506,,,,,Prospect,100792,,,,,,Payroll,,,100010,,102039
100288,Opportunity,106100,omar.brooks@acme-fake.test,Arjun Costa,2023-11-26 06:52:00,rahul.larsson@acme-fake.test,Elena Sloan,2025-01-15 13:40:00,yara.okafor@demomail.test,Priya Rossi,2026-04-20 07:47:00,sofia.larsson@examplecorp.test,,2024-05-02 05:08:00,Y,Atlas Energy Inc - Staff Augmentation,,100456,Closed Won,100625,,TAG-5446,100656,,103557,,,,Inbound Call,,Inactive,,,,,,,,100774,,"415,879",Beta,,"21,126",6611,Aisha Blake,101176,,,100454,Enterprise,,,,,100359,,100627,,,100789,,Active Customer,100455,,,,,100641,Consulting,,,100285,,102650
100148,Opportunity,106102,marco.sloan@examplecorp.test,Aisha Sato,2025-07-09 20:27:00,quinn.brooks@acme-fake.test,Casey Garcia,2023-01-29 11:13:00,jordan.ashby@sampleco.test,Taylor Larsson,2025-12-06 15:51:00,jamie.larsson@demomail.test,,2023-03-03 06:48:00,Y,Ironwood Solutions LLC - Recruiting,,100333,Discovery,100383,,REF-9862,100189,,,,,,Event,100066,Active,,,,,,,,100800,,"178,662",,,"14,794",,Jamie Ford,101501,100692,SKU-9789,100440,Enterprise,100340,,,,100715,,100075,Standard,,,,Active Customer,100005,,,,,100597,Recruiting,,,100447,,
100391,Opportunity,106105,morgan.blake@sampleco.test,Jordan Sloan,2025-10-13 13:13:00,jordan.larsson@sampleco.test,Marco Larsson,2026-02-07 12:13:00,emerson.ashby@demomail.test,Noah Brooks,2022-12-25 13:54:00,diego.patel@examplecorp.test,,2025-01-12 15:59:00,N,Cobalt Textiles LLP - Back Office,,100215,Qualification,100692,,LOT-5324,100726,LOT-1755,103363,,,,Referral,100238,Active,,,,,,,,100410,,"438,838",Gamma,,"2,880",,Yara Cohen,101694,100729,,100576,Enterprise,,,,,100565,,,,,100377,,Prospect,100538,,,,,100726,Managed Services,100257,,100267,,104343
100388,Opportunity,106106,rahul.kim@examplecorp.test,Quinn Garcia,2025-02-05 07:22:00,nina.cohen@demomail.test,Nina Rossi,2026-01-14 00:08:00,reese.silva@examplecorp.test,Quinn Ashby,2025-09-08 12:41:00,yara.sloan@demomail.test,,2024-04-29 05:11:00,N,Vertex Textiles Co - Payroll,,100015,Discovery,100056,REF-7554,LOT-5920,100744,SKU-7773,104056,,,,Partner,100426,Active,,,,,,100313,,,,"195,625",,100449,"2,678",,Priya Sloan,100891,100265,SKU-3560,100099,Renewal,100481,,,,100613,,100558,,,100631,,Active Customer,100558,,,,,100563,Consulting,100376,,100506,,
100738,Opportunity,106107,fatima.ford@demomail.test,Noah Sato,2023-01-07 02:44:00,emerson.ashby@examplecorp.test,Quinn Rossi,2022-10-08 20:00:00,yara.brooks@acme-fake.test,Alex Nguyen,2024-02-04 19:00:00,jordan.reyes@acme-fake.test,,2025-02-25 23:42:00,Y,Keystone Capital Corp - Offshore Team,,100506,Qualification,100217,REF-6481,LOT-2228,100554,LOT-2438,103501,,,,Cold Outreach,,Active,,,,,,100370,,,,"412,508",Other,,,,Marco Garcia,101711,,,,SMB,,,,,100215,,100190,,,100171,,Prospect,100026,,,,,,Staff Augmentation,100686,,100008,,
100518,Opportunity,106109,aisha.mercer@acme-fake.test,Yara Costa,2024-01-07 10:31:00,emerson.blake@acme-fake.test,Chen Okafor,2026-01-12 10:11:00,sofia.ford@acme-fake.test,Rahul Dorsey,2026-02-02 12:07:00,elena.nguyen@sampleco.test,,2023-08-22 10:58:00,Y,Cobalt Capital Co - Staff Augmentation,,,Negotiation,100420,,LOT-5551,100532,LOT-2817,102243,,,,Website,100625,Active,,,,,,100597,,100470,,"44,692",Standard,100455,"14,858",,Drew Ivanov,,100117,,,New Logo,100391,,,,100615,,100486,,,100267,,Active Customer,100259,,,,,100128,Staff Augmentation,100389,,100277,,
100236,Opportunity,106112,omar.cohen@acme-fake.test,Aisha Blake,2023-06-11 00:00:00,elena.sato@examplecorp.test,Elena Brooks,2023-08-31 22:16:00,arjun.sato@examplecorp.test,Aisha Whitfield,2024-02-22 00:05:00,yara.patel@examplecorp.test,,2023-10-19 10:19:00,Y,Evergreen Logistics LLP - Payroll,,,Closed Lost,100139,,TAG-2337,100275,TAG-1129,103570,,,,LinkedIn,,Inactive,,,,,,,,100280,,"215,245",,,"27,058",5745,Chen Whitfield,101664,100457,,100741,Renewal,,,,,100579,,100094,Delta,,,,Prospect,100398,,,,,,Payroll,100479,,100688,,101971
100709,Opportunity,106114,chen.kim@acme-fake.test,Quinn Whitfield,2023-11-29 11:12:00,reese.garcia@examplecorp.test,Emerson Ashby,2024-07-28 08:31:00,morgan.nguyen@acme-fake.test,Casey Calder,2024-02-11 05:06:00,mei.haddad@demomail.test,,2025-11-09 15:37:00,Y,Harbor Labs Ltd - Offshore Team,,,Dead,100232,,SKU-7725,100517,SKU-9510,102183,,,,Partner,100153,Inactive,,,,,,100020,,,,,,100122,"14,786",,Yara Kim,100841,100107,,100395,Renewal,100141,,,,100314,,100080,,,,,Prospect,100720,,,,,100053,Consulting,,,100520,,103983
100712,Opportunity,106117,arjun.dorsey@demomail.test,Morgan Larsson,2025-07-18 18:16:00,emerson.okafor@examplecorp.test,Sofia Ford,2025-09-28 19:52:00,fatima.kim@examplecorp.test,Taylor Larsson,2024-10-08 11:06:00,elena.haddad@demomail.test,,2025-09-23 03:55:00,N,Vertex Networks Inc - Consulting,,,Qualification,100269,,TAG-5103,100750,REF-4226,102478,,,,Website,,Active,,,,,,100627,,100509,,"437,993",Standard,100771,"29,251",,Fatima Calder,100825,100329,REF-8944,100421,Renewal,100359,,,,100509,,,,,,,Active Customer,100738,,,,,,Recruiting,,,100359,,103782
100744,Opportunity,106119,riley.whitfield@examplecorp.test,Diego Larsson,2023-06-20 10:10:00,diego.okafor@acme-fake.test,Skyler Mensah,2024-12-14 21:46:00,chen.costa@examplecorp.test,Morgan Brooks,2024-12-19 09:44:00,mei.vance@acme-fake.test,,2026-04-29 08:31:00,Y,Silverline Labs Inc - Recruiting,,100722,Closed Lost,100437,,REF-2570,100113,REF-8170,102336,,,,Referral,,Inactive,,,,,,,,100694,,,Beta,,"29,858",,Quinn Mercer,100865,100771,,100709,Enterprise,100257,,,,100178,,100429,,,100607,,Active Customer,100136,,,,,100323,Payroll,100585,,100704,,103306
100679,Opportunity,106121,liam.blake@acme-fake.test,Riley Garcia,2022-11-19 08:52:00,morgan.costa@examplecorp.test,Rahul Mensah,2025-05-20 10:55:00,taylor.sato@acme-fake.test,Arjun Ashby,2025-03-06 10:11:00,noah.vance@sampleco.test,,2023-07-24 17:12:00,Y,Redwood Financial Group - Managed Services,,100342,On Hold,100649,LOT-1387,REF-1989,100645,REF-7652,,,,,Referral,,Active,,,,,,100755,,,,"63,090",Delta,100792,"25,485",,Mei Vance,100877,100058,SKU-1701,,New Logo,100192,,,,100240,,100010,,,,,Prospect,100784,,,,,,Back Office,100298,,100089,,102895
100497,Opportunity,106124,alex.sato@sampleco.test,Emerson Dorsey,2024-01-10 06:31:00,marco.kim@demomail.test,Rahul Sato,2024-05-04 05:54:00,casey.okafor@examplecorp.test,Riley Brooks,2022-12-05 10:08:00,elena.cohen@demomail.test,,2025-10-11 05:08:00,Y,Evergreen Textiles - Managed Services,,100523,Closed Lost,100099,,REF-6448,100161,SKU-2763,102336,,,,Inbound Call,,Inactive,,,,,,100224,,,,"257,978",,,,,Mei Patel,101770,100301,LOT-1271,,Renewal,100113,,,,100688,,100259,,,,,Active Customer,100667,,,,,,Recruiting,100649,Beta,100069,,
100242,Opportunity,106125,noah.vance@acme-fake.test,Rahul Okafor,2025-03-14 11:03:00,skyler.rossi@acme-fake.test,Quinn Okafor,2023-01-23 12:48:00,priya.rossi@acme-fake.test,Omar Patel,2025-07-27 16:28:00,arjun.ford@sampleco.test,,2024-02-15 06:22:00,N,Brightpath Manufacturing Inc - Managed Services,,100041,Qualification,100789,,REF-7530,100356,,104665,,,,Webinar,100351,Active,,,,,,100424,,100254,,"285,172",,100522,"3,234",,Chen Costa,,100212,LOT-2477,100376,Renewal,,,,,100726,,,,,,,Active Customer,100800,,,,,100389,Consulting,100403,,100673,,
100616,Opportunity,106126,omar.rossi@examplecorp.test,Chen Kim,2024-05-04 17:20:00,mei.mensah@examplecorp.test,Rowan Calder,2026-04-10 19:05:00,chen.larsson@examplecorp.test,Skyler Cohen,2022-12-22 17:01:00,aisha.cohen@sampleco.test,,2025-04-07 06:23:00,Y,Cobalt Media - Payroll,,,Closed Won,100171,,REF-5580,100156,LOT-8501,102512,,,,Cold Outreach,100310,Inactive,,,,,,,,100298,,"142,339",,,"9,342",9766,Alex Mercer,101222,100686,LOT-2000,100236,Standard,,,,,100360,,,Gamma,,100542,,Prospect,100305,,,,,100353,Payroll,,,100132,,
100203,Opportunity,106127,nina.ford@demomail.test,Marco Blake,2024-01-07 11:25:00,avery.patel@demomail.test,Skyler Sloan,2024-11-06 07:26:00,liam.whitfield@sampleco.test,Morgan Haddad,2024-05-09 09:55:00,priya.dorsey@examplecorp.test,,2023-04-14 05:53:00,Y,Cardinal Foods Group - Recruiting,,,Closed Won,100313,LOT-3919,TAG-6489,100683,SKU-7037,104246,,,,Webinar,100267,Inactive,,,,,,100479,,100352,,"240,793",,100398,"26,671",1047,Sofia Dorsey,100875,,LOT-9489,100262,SMB,100044,,,,100224,,,,,,,Active Customer,100473,,,,,,Offshore Team,100699,,100086,,
100190,Opportunity,106130,fatima.rossi@examplecorp.test,Elena Costa,2023-04-03 15:25:00,mei.cohen@sampleco.test,Emerson Nguyen,2024-04-29 00:22:00,elena.nguyen@demomail.test,Casey Calder,2024-03-26 17:30:00,liam.kim@examplecorp.test,Liam Mercer,2024-02-13 00:07:00,Y,Redwood Partners Inc - Managed Services,,100708,Proposal Sent,100069,,REF-5905,100784,LOT-3586,102617,,,,Website,100417,Active,,,,,,100046,,,,"189,661",Beta,100206,"32,961",1683,Aisha Mensah,101446,100034,,100180,SMB,100066,,,,100683,,100391,,,,,Active Customer,100620,,,,,100604,Recruiting,,,100490,,102079
100009,Opportunity,106131,quinn.cohen@sampleco.test,Marco Larsson,2025-02-10 08:27:00,arjun.cohen@demomail.test,Mei Okafor,2024-07-20 20:30:00,aisha.ashby@demomail.test,Casey Ivanov,2024-05-03 10:14:00,priya.rossi@acme-fake.test,,2025-02-03 11:40:00,Y,Beacon Systems Ltd - Recruiting,,,Proposal Sent,100122,,REF-6162,100486,TAG-3923,,,,,Inbound Call,100203,Active,,,,,,100417,,100477,,"478,309",Delta,100363,"19,713",,Riley Patel,101077,,,,Renewal,100180,,,,100097,,,,,100552,,Active Customer,100305,,,,,,Payroll,100440,,100343,,103578
100597,Opportunity,106133,emerson.brooks@acme-fake.test,Morgan Blake,2023-03-15 04:44:00,rahul.mensah@demomail.test,Chen Mercer,2024-08-30 12:59:00,jordan.sloan@demomail.test,Avery Vance,2026-01-30 13:13:00,drew.silva@examplecorp.test,,2024-09-23 15:58:00,N,Redwood Systems Ltd - Payroll,,100720,On Hold,100632,,SKU-3278,100080,LOT-6005,103554,,,,Partner,100094,Active,,,,,,,,,,"63,896",,100073,,4668,Mei Nguyen,100948,,REF-6458,,Enterprise,100490,,,,100445,,,,,100469,,Active Customer,100139,,,,,100171,Offshore Team,100325,,100269,,102893
100712,Opportunity,106135,priya.costa@acme-fake.test,Taylor Haddad,2026-02-24 14:46:00,mei.okafor@sampleco.test,Jamie Whitfield,2024-01-14 03:15:00,rahul.rossi@acme-fake.test,Diego Whitfield,2023-02-08 07:41:00,reese.dorsey@acme-fake.test,,2025-02-22 17:46:00,N,Horizon Industries Co - Payroll,,100104,Qualification,100735,,LOT-6662,100176,TAG-7006,104561,,,,Website,,Active,,,,,,100573,,,,"321,404",Other,,"16,577",,Fatima Reyes,101542,100735,,,SMB,,,,,100277,,,,,100339,,Active Customer,100424,,,,,100726,Back Office,100527,,100652,,102162
100005,Opportunity,106136,alex.sato@examplecorp.test,Casey Ashby,2023-07-17 21:27:00,alex.blake@acme-fake.test,Fatima Larsson,2023-03-15 19:13:00,noah.calder@demomail.test,Omar Cohen,2025-07-04 21:33:00,alex.whitfield@sampleco.test,,2023-01-16 07:09:00,N,Pioneer Holdings Ltd - Managed Services,,,On Hold,100469,,SKU-9546,100616,LOT-6013,103208,,,,Website,100569,Active,,,,,,100676,,100169,,"386,692",,100649,"8,056",3173,Sofia Larsson,101391,,SKU-9533,,New Logo,100091,,,,100624,,,Alpha,,,,Prospect,100485,,,,,100042,Offshore Team,100248,,100771,,
100449,Opportunity,106138,sofia.vance@acme-fake.test,Quinn Garcia,2025-07-01 13:11:00,omar.sato@sampleco.test,Sofia Garcia,2024-10-31 21:38:00,quinn.whitfield@sampleco.test,Quinn Okafor,2022-10-20 14:17:00,mei.ashby@acme-fake.test,,2023-02-22 14:02:00,Y,Lakeside Robotics Corp - Back Office,,100479,Closed Won,100485,,TAG-5888,100123,SKU-7191,104749,,,,Partner,100062,Inactive,,,,,,100723,,,,"177,060",Standard,,,,Omar Larsson,100814,,,100272,SMB,100420,,,,100281,,100517,,,,,Active Customer,100559,,,,,100500,Back Office,,,100622,,
100563,Opportunity,106139,quinn.whitfield@sampleco.test,Avery Ashby,2024-02-12 12:58:00,elena.patel@demomail.test,Rowan Blake,2025-07-26 20:48:00,arjun.blake@examplecorp.test,Drew Kim,2023-03-19 01:12:00,casey.haddad@sampleco.test,,2024-12-29 19:13:00,Y,Vertex Health Co - Offshore Team,,,Closed Lost,100101,,TAG-7782,100313,SKU-5170,104075,,,,Website,,Inactive,,,,,,100058,,100437,,,,,"32,762",,Skyler Haddad,101275,,,100613,SMB,100328,,,,100645,,,,,,,Prospect,100398,,,,,100555,Staff Augmentation,,,100172,,103715
100016,Opportunity,106141,noah.calder@sampleco.test,Alex Haddad,2025-11-03 12:02:00,quinn.garcia@examplecorp.test,Diego Vance,2023-06-18 20:20:00,emerson.brooks@demomail.test,Liam Sloan,2022-10-01 21:45:00,jamie.whitfield@sampleco.test,,2025-08-19 14:45:00,Y,Cobalt Energy Corp - Consulting,,100010,Closed Lost,100243,SKU-9730,TAG-4968,100634,LOT-6701,103668,,,,Cold Outreach,,Inactive,,,,,,100755,,,,"270,924",Standard,100484,"12,126",,Sofia Ashby,101049,100628,,100060,Enterprise,100103,,,,100484,,,Standard,,100091,,Active Customer,100069,,,,,,Consulting,,,100468,,
100184,Opportunity,106142,jordan.sato@demomail.test,Elena Larsson,2024-03-26 07:55:00,reese.vance@examplecorp.test,Mei Sloan,2025-02-27 11:03:00,jordan.dorsey@sampleco.test,Sofia Garcia,2022-10-29 11:25:00,yara.silva@sampleco.test,,2024-12-18 02:34:00,N,Everest Partners Co - Payroll,,100579,Closed Lost,100616,SKU-6348,LOT-4612,100343,,102164,,,,Webinar,100148,Inactive,,,,,,,,100134,,,,100040,,,Chen Rossi,,100305,,100377,Standard,,,,,100290,,100012,,,100494,,Active Customer,100012,,,,,,Back Office,100262,,100622,,
100034,Opportunity,106145,morgan.sloan@sampleco.test,Sofia Mensah,2024-03-11 09:00:00,casey.reyes@demomail.test,Emerson Reyes,2024-02-26 11:18:00,casey.vance@acme-fake.test,Nina Sloan,2026-05-11 04:36:00,rowan.sloan@examplecorp.test,,2024-10-23 18:55:00,Y,Beacon Financial Co - Staff Augmentation,,100522,Proposal Sent,100041,LOT-1788,REF-3452,100012,LOT-5274,103749,,,,LinkedIn,,Active,,,,,,,,100523,,,,100467,"20,693",3468,Nina Okafor,100969,100631,,100094,Standard,100360,,,,100755,,,,,,,Active Customer,100328,,,,,,Payroll,,,100788,,102622
100699,Opportunity,106147,quinn.calder@examplecorp.test,Diego Whitfield,2026-02-20 13:53:00,skyler.cohen@examplecorp.test,Aisha Haddad,2025-09-17 03:27:00,chen.silva@acme-fake.test,Mei Brooks,2026-02-09 05:30:00,jordan.sato@acme-fake.test,,2026-05-30 18:12:00,Y,Cobalt Logistics Group - Payroll,,100780,Qualification,100558,LOT-9741,SKU-6349,100468,SKU-3095,102581,,,,Referral,100755,Active,,,,,,,,,,,Alpha,100475,,,Casey Haddad,,100792,SKU-5328,100774,SMB,,,,,100467,,100497,,,100632,,Prospect,100464,,,,,100542,Payroll,100164,,100712,,104015
100103,Opportunity,106149,avery.brooks@acme-fake.test,Avery Larsson,2024-06-28 06:59:00,marco.reyes@demomail.test,Elena Garcia,2024-12-05 21:16:00,reese.nguyen@acme-fake.test,Rowan Costa,2024-10-06 04:10:00,quinn.reyes@acme-fake.test,,2025-12-01 04:21:00,Y,Cardinal Dynamics - Recruiting,,100205,Closed Won,100288,,LOT-6128,100424,REF-8153,101945,,,,LinkedIn,100673,Inactive,,,,,,,,100288,,,,100060,"24,313",,Sofia Larsson,101184,,,100309,Enterprise,,,,,100083,,100363,,,,,Active Customer,100026,,,,,100520,Consulting,100765,,100593,,
100413,Opportunity,106150,emerson.reyes@acme-fake.test,Nina Dorsey,2026-06-12 20:13:00,quinn.dorsey@acme-fake.test,Riley Vance,2024-08-31 15:47:00,aisha.mensah@demomail.test,Yara Kim,2023-02-03 16:28:00,priya.sloan@acme-fake.test,,2024-01-25 14:33:00,N,Everest Textiles LLC - Offshore Team,,100302,Discovery,100717,,SKU-8079,100798,REF-7957,103320,,,,Partner,,Active,,,,,,100598,,,,,Other,,"36,161",,Jordan Ashby,,,,,New Logo,100652,,,,100692,,100171,Beta,,,,Prospect,100186,,,,,100325,Back Office,100051,,100026,,
100293,Opportunity,106152,jordan.ford@demomail.test,Nina Costa,2024-11-23 07:00:00,casey.whitfield@examplecorp.test,Morgan Ivanov,2024-11-19 06:06:00,nina.ashby@sampleco.test,Avery Rossi,2025-01-15 04:16:00,sofia.garcia@examplecorp.test,,2024-08-21 16:59:00,N,Beacon Textiles Corp - Back Office,,100455,Discovery,100248,,LOT-2966,100034,REF-1813,103429,,,,LinkedIn,100370,Active,,,,,,100232,,,,"345,086",,,"8,226",,Arjun Brooks,,100696,,100731,Renewal,,,,,100044,,100286,,,,,Prospect,100293,,,,,100532,Consulting,100568,,100319,,103066
100075,Opportunity,106154,omar.rossi@demomail.test,Morgan Costa,2023-11-28 11:01:00,noah.dorsey@sampleco.test,Chen Patel,2025-02-26 07:08:00,sofia.patel@examplecorp.test,Liam Reyes,2023-04-17 21:44:00,alex.mercer@sampleco.test,,2024-03-01 09:29:00,Y,Meridian Textiles Co - Consulting,,100800,Discovery,100426,,TAG-1448,100313,SKU-6011,101985,,,,Website,,Active,,,,,,100539,,100552,,"230,933",,100200,"31,907",901,Jordan Rossi,,,REF-2916,,Enterprise,,,,,100477,,100134,,,,,Active Customer,100417,,,,,,Recruiting,,,100329,,103731
100216,Opportunity,106155,emerson.vance@acme-fake.test,Avery Larsson,2023-06-01 13:57:00,skyler.nguyen@demomail.test,Priya Costa,2024-09-28 00:08:00,elena.vance@sampleco.test,Diego Ivanov,2025-06-27 10:46:00,noah.reyes@sampleco.test,,2023-06-26 23:49:00,Y,Redwood Dynamics LLC - Offshore Team,,100103,Discovery,100559,REF-3813,TAG-1062,100269,,104119,,,,Referral,100692,Active,,,,,,100459,,100063,,,,100793,"1,234",,Riley Larsson,100864,,TAG-6742,,SMB,100560,,,,100615,,100622,,,,,Prospect,100053,,,,,100173,Consulting,100216,,100676,,104656
100576,Opportunity,106156,quinn.sato@demomail.test,Reese Sloan,2024-01-06 05:08:00,riley.nguyen@acme-fake.test,Skyler Dorsey,2023-09-29 16:20:00,sofia.whitfield@acme-fake.test,Rowan Calder,2023-04-18 07:25:00,sofia.patel@demomail.test,,2026-06-05 01:17:00,N,Copper Capital Ltd - Staff Augmentation,,,Closed Lost,100314,,LOT-9547,100742,,,,,,LinkedIn,100380,Inactive,,,,,,,,100017,,,,100339,"1,157",9281,Alex Blake,101293,100269,,100070,Renewal,100551,,,,100398,,100042,,,100113,,Active Customer,100360,,,,,100236,Recruiting,,,100492,,104516
100348,Opportunity,106157,elena.cohen@sampleco.test,Sofia Blake,2026-07-29 11:03:00,priya.cohen@acme-fake.test,Riley Sloan,2023-07-12 07:27:00,taylor.sato@acme-fake.test,Emerson Sato,2024-12-13 00:50:00,yara.whitfield@demomail.test,,2022-11-19 02:18:00,Y,Cardinal Logistics Co - Back Office,,100080,On Hold,100786,,TAG-1223,100654,SKU-7372,104828,,,,Referral,100310,Active,,,,,,,,,,,Delta,100792,"27,738",,Emerson Ashby,,100447,SKU-8209,100753,SMB,100398,,,,100265,,100272,Gamma,,100784,,Prospect,100470,,,,,100295,Staff Augmentation,100667,,100285,,
100426,Opportunity,106159,elena.okafor@demomail.test,Jamie Okafor,2024-07-08 21:05:00,nina.blake@demomail.test,Fatima Sloan,2023-02-05 15:17:00,fatima.calder@sampleco.test,Sofia Kim,2024-10-25 05:55:00,mei.calder@demomail.test,,2024-06-11 21:04:00,N,Cardinal Analytics LLP - Staff Augmentation,,,Closed Won,100132,,TAG-2009,100587,SKU-3999,103406,,,,Webinar,,Inactive,,,,,,100749,,,,"431,341",,100094,"36,337",357,Jamie Vance,101410,100676,LOT-9873,,Renewal,100744,,,,100734,,,Other,,,,Prospect,100156,,,,,100008,Staff Augmentation,100184,,100457,,104795
100704,Opportunity,106160,omar.mensah@acme-fake.test,Nina Okafor,2025-04-07 23:17:00,casey.cohen@demomail.test,Omar Patel,2026-01-06 03:17:00,elena.ford@acme-fake.test,Nina Nguyen,2026-07-28 13:02:00,aisha.calder@examplecorp.test,,2023-02-28 13:35:00,N,Delta Financial Inc - Recruiting,,,On Hold,100192,,REF-3579,100558,TAG-4007,103774,,,,Webinar,100316,Active,,,,,,100076,,,,,Other,100356,"5,241",,Aisha Mensah,101049,100712,TAG-2633,100236,New Logo,100722,,,,100777,,,,,,,Active Customer,100056,,,,,100290,Offshore Team,,,100302,,102220
100543,Opportunity,106163,sofia.reyes@examplecorp.test,Nina Vance,2023-11-16 16:33:00,yara.haddad@demomail.test,Marco Nguyen,2024-07-26 23:22:00,jamie.mensah@examplecorp.test,Arjun Cohen,2025-07-21 20:45:00,morgan.blake@examplecorp.test,,2025-06-21 09:34:00,Y,Copper Logistics Group - Recruiting,,100146,On Hold,100574,,LOT-8168,100576,TAG-4545,104324,,,,Website,100568,Active,,,,,,100058,,100042,,"64,985",,100418,"32,821",,Alex Ivanov,101209,100171,TAG-7341,100153,Enterprise,100673,,,,100269,,100262,Beta,,100391,,Prospect,100735,,,,,,Managed Services,,,100749,,
100479,Opportunity,106164,quinn.vance@acme-fake.test,Casey Silva,2026-04-10 14:28:00,diego.silva@sampleco.test,Yara Patel,2025-01-24 09:28:00,jordan.costa@demomail.test,Noah Costa,2022-12-08 18:11:00,omar.rossi@demomail.test,,2025-03-16 09:50:00,Y,Falcon Group Co - Back Office,,100143,Closed Lost,100360,,SKU-9931,100443,LOT-4459,103719,,,,Website,,Inactive,,,,,,100765,,100792,,,Beta,100224,"11,757",979,Rahul Okafor,101183,100449,TAG-3925,,Standard,100234,,,,100037,,100447,,,,,Prospect,100017,,,,,100241,Managed Services,,,100712,,
100786,Opportunity,106165,taylor.mensah@demomail.test,Jamie Silva,2025-11-21 02:50:00,sofia.okafor@acme-fake.test,Aisha Sato,2024-07-05 05:49:00,skyler.patel@examplecorp.test,Sofia Silva,2025-01-30 08:39:00,nina.blake@sampleco.test,,2024-01-14 16:55:00,Y,Granite Analytics LLC - Staff Augmentation,,100696,Negotiation,100712,,SKU-5108,100042,SKU-3318,103703,,,,Referral,100189,Active,,,,,,100245,,,,"400,323",Delta,100267,"23,706",3913,Aisha Sloan,101081,100470,,100190,Renewal,,,,,100169,,,Other,,,,Active Customer,100723,,,,,,Consulting,,,100158,,
100582,Opportunity,106167,sofia.brooks@demomail.test,Elena Haddad,2025-09-28 00:16:00,sofia.calder@demomail.test,Mei Dorsey,2022-10-17 04:26:00,rowan.sloan@demomail.test,Emerson Vance,2026-02-05 05:05:00,morgan.sloan@sampleco.test,,2024-03-19 14:31:00,N,Horizon Labs Inc - Consulting,,100405,On Hold,100120,,LOT-7552,100104,SKU-7717,104174,,,,Event,100164,Active,,,,,,100789,,100585,,"122,112",,,"15,917",,Yara Mensah,,100672,,,Enterprise,,,,,100696,,,,,100558,,Prospect,100192,,,,,,Back Office,100020,,100328,,103599
100741,Opportunity,106169,diego.reyes@acme-fake.test,Diego Whitfield,2025-09-23 12:16:00,jordan.rossi@acme-fake.test,Casey Ford,2023-12-30 08:53:00,elena.costa@demomail.test,Liam Haddad,2024-09-13 12:07:00,liam.brooks@acme-fake.test,,2023-04-15 17:19:00,N,Falcon Logistics Ltd - Back Office,,100464,Closed Won,100417,,SKU-5372,100603,TAG-3011,,,,,Event,,Inactive,,,,,,,,100188,,"334,169",Delta,100777,"32,057",,Taylor Cohen,101613,100523,REF-2804,100331,Enterprise,100498,,,,100129,,100686,Delta,,100579,,Prospect,100777,,,,,,Staff Augmentation,,,100265,,
100117,Opportunity,106172,diego.sato@sampleco.test,Emerson Haddad,2024-09-04 18:49:00,alex.nguyen@acme-fake.test,Casey Kim,2022-12-19 14:28:00,reese.haddad@acme-fake.test,Riley Vance,2024-09-28 16:11:00,liam.costa@acme-fake.test,,2024-10-08 02:24:00,N,Ironwood Capital Co - Offshore Team,,,Qualification,100765,REF-4848,SKU-1892,100426,REF-9056,103217,,,,Event,100615,Active,,,,,,100477,,100290,,"245,456",,,"3,643",,Omar Brooks,100972,,SKU-6801,100715,Enterprise,100601,,,,100513,,100426,,,100771,,Prospect,100742,,,,,,Staff Augmentation,100040,,100215,,
100200,Opportunity,106174,avery.cohen@sampleco.test,Chen Cohen,2026-01-03 08:14:00,liam.costa@sampleco.test,Jordan Patel,2025-05-12 22:09:00,elena.mercer@examplecorp.test,Mei Mensah,2026-07-03 03:16:00,yara.kim@sampleco.test,,2023-08-10 09:20:00,N,Summit Financial - Offshore Team,,100066,Qualification,100656,,LOT-9404,100522,REF-2056,102156,,,,Cold Outreach,100344,Active,,,,,,100083,,100205,,"114,747",,100290,"34,690",,Skyler Nguyen,101247,100486,TAG-8678,100368,New Logo,,,,,100738,,100058,,,100509,,Active Customer,100069,,,,,,Payroll,,,100267,,103733
100062,Opportunity,106177,mei.cohen@examplecorp.test,Omar Rossi,2023-03-17 03:28:00,drew.calder@demomail.test,Mei Kim,2023-10-21 10:15:00,yara.costa@demomail.test,Fatima Kim,2024-06-02 17:48:00,nina.silva@examplecorp.test,,2026-04-16 14:20:00,N,Cobalt Logistics LLP - Offshore Team,,,Discovery,100792,,TAG-8562,100099,LOT-8745,104606,,,,Event,100473,Active,,,,,,,,100310,,"498,800",,,"16,724",,Casey Sloan,101731,,TAG-5569,100772,Enterprise,100288,,,,100189,,100359,,,100690,,Prospect,100030,,,,,100415,Recruiting,100434,,100215,,103526
100597,Opportunity,106179,liam.dorsey@sampleco.test,Avery Brooks,2025-12-08 09:47:00,casey.mercer@acme-fake.test,Rowan Brooks,2026-04-17 07:05:00,morgan.haddad@acme-fake.test,Avery Patel,2022-11-11 06:13:00,fatima.reyes@sampleco.test,,2024-06-06 05:32:00,Y,Granite Manufacturing LLC - Recruiting,,100548,Qualification,100332,,LOT-3778,100753,REF-6783,104461,,,,Website,100282,Active,,,,,,100542,,100119,,,,100642,,7970,Arjun Costa,,100734,REF-7631,100610,SMB,,,,,100319,,,,,,,Active Customer,100360,,,,,,Staff Augmentation,,,100356,,
100212,Opportunity,106181,priya.garcia@examplecorp.test,Yara Sato,2024-10-28 05:06:00,omar.reyes@sampleco.test,Fatima Patel,2023-11-27 15:50:00,skyler.sloan@sampleco.test,Riley Haddad,2025-03-06 00:30:00,jamie.sato@sampleco.test,,2023-08-06 00:16:00,Y,Northwind Financial Ltd - Consulting,,100083,Qualification,100309,,SKU-1716,100090,SKU-3147,102911,,,,Inbound Call,,Active,,,,,,,,,,"341,120",Gamma,100344,"29,261",2383,Nina Ashby,100948,100251,,,Enterprise,100530,,,,100188,,100186,,,100165,,Prospect,100523,,,,,,Consulting,,,100456,,104227
100393,Opportunity,106184,emerson.patel@sampleco.test,Omar Cohen,2026-01-02 03:25:00,rowan.sato@sampleco.test,Elena Nguyen,2023-11-13 13:56:00,riley.blake@examplecorp.test,Mei Sloan,2025-08-04 21:20:00,riley.vance@acme-fake.test,Jamie Kim,2023-02-03 16:32:00,N,Cardinal Capital - Offshore Team,,100329,Discovery,100184,,LOT-6896,100319,LOT-8413,103257,,,,Partner,100101,Active,,,,,,,,,,,Gamma,,"27,628",,Fatima Sato,,100516,REF-2499,100413,New Logo,100269,,,,100053,,,,,100546,,Prospect,100652,,,,,100803,Consulting,100195,,100070,,
100770,Opportunity,106186,alex.vance@demomail.test,Noah Haddad,2024-12-02 20:09:00,arjun.haddad@sampleco.test,Priya Ford,2024-06-25 08:46:00,liam.patel@sampleco.test,Noah Brooks,2025-03-14 04:00:00,emerson.dorsey@acme-fake.test,,2023-03-20 16:38:00,Y,Northwind Manufacturing - Back Office,,100542,Closed Lost,100391,,SKU-8555,100591,REF-7397,101897,,,,Partner,,Inactive,,,,,,100688,,,,"223,342",Beta,,"15,940",,Marco Calder,101075,100342,,,Enterprise,100368,,,,100503,,,,,100177,,Prospect,100383,,,,,100759,Offshore Team,100056,,100457,,103426
100615,Opportunity,106188,fatima.reyes@demomail.test,Skyler Kim,2023-12-09 05:31:00,arjun.mercer@sampleco.test,Arjun Reyes,2023-02-05 17:36:00,sofia.blake@acme-fake.test,Quinn Reyes,2023-05-15 08:42:00,emerson.blake@demomail.test,,2023-07-01 05:10:00,Y,Atlas Retail Corp - Back Office,,100638,Dead,100788,,TAG-5129,100503,LOT-4573,104579,,,,Cold Outreach,,Inactive,,,,,,100083,,100094,,"284,389",Alpha,100107,"15,698",1253,Mei Larsson,101436,100132,,100774,Renewal,100148,,,,100217,,100459,,,100473,,Prospect,100239,,,,,100332,Consulting,,,100576,,
100421,Opportunity,106189,marco.patel@examplecorp.test,Arjun Nguyen,2023-01-25 21:42:00,rahul.sato@examplecorp.test,Noah Larsson,2025-05-19 20:40:00,arjun.mercer@acme-fake.test,Yara Larsson,2023-12-14 09:16:00,noah.garcia@acme-fake.test,Omar Sato,2024-07-26 12:11:00,Y,Cardinal Networks Inc - Managed Services,,,Proposal Sent,100798,,SKU-1071,100400,TAG-6290,104666,,,,Referral,100597,Active,,,,,,,,100295,,,Standard,,,4713,Avery Okafor,,100649,,,Enterprise,100604,,,,100044,,100796,Standard,,100322,,Active Customer,100169,,,,,100389,Payroll,100509,,100558,,
100123,Opportunity,106190,omar.patel@acme-fake.test,Emerson Garcia,2026-03-14 07:48:00,sofia.mensah@examplecorp.test,Avery Reyes,2025-01-09 10:21:00,riley.ivanov@sampleco.test,Alex Whitfield,2023-02-15 22:47:00,avery.patel@demomail.test,,2023-04-16 23:40:00,N,Atlas Logistics Inc - Consulting,,,Closed Won,100188,,TAG-4154,100025,TAG-8579,102404,,,,Webinar,100168,Inactive,,,,,,,,100008,,,,100195,"15,918",,Rahul Blake,101058,,,100172,New Logo,100520,,,,100503,,100348,,,100632,,Active Customer,100579,,,,,,Back Office,,,100585,,104100
100034,Opportunity,106191,sofia.patel@sampleco.test,Riley Brooks,2025-10-04 17:25:00,morgan.whitfield@sampleco.test,Jordan Ivanov,2023-09-26 03:30:00,emerson.patel@sampleco.test,Morgan Okafor,2024-12-23 21:26:00,morgan.sato@examplecorp.test,Marco Whitfield,2025-08-25 15:35:00,N,Keystone Manufacturing Inc - Payroll,,100173,Qualification,100477,,TAG-4183,100322,LOT-5117,102720,,,,Website,100641,Active,,,,,,100106,,100705,,"395,886",Gamma,100684,"13,734",,Rowan Costa,101372,100447,,100477,Enterprise,100526,,,,100336,,100579,,,,,Active Customer,100803,,,,,,Recruiting,,,100440,,104837
100568,Opportunity,106192,reese.mercer@acme-fake.test,Fatima Calder,2023-12-29 03:23:00,chen.reyes@examplecorp.test,Avery Patel,2025-02-27 19:50:00,alex.calder@examplecorp.test,Reese Larsson,2023-12-27 22:08:00,fatima.dorsey@acme-fake.test,,2025-09-17 13:46:00,N,Granite Dynamics Co - Consulting,,100126,Closed Lost,100017,,SKU-8572,100169,REF-1020,104335,,,,Inbound Call,,Inactive,,,,,,,,100277,,"370,669",Delta,100400,"29,037",9367,Fatima Brooks,101719,100800,TAG-6752,100780,Standard,100771,,,,100391,,,,,100723,,Active Customer,100715,,,,,,Back Office,,,100598,,
100255,Opportunity,106194,casey.mensah@demomail.test,Omar Ivanov,2024-08-08 23:04:00,jordan.cohen@examplecorp.test,Fatima Mensah,2024-01-15 12:42:00,arjun.ford@acme-fake.test,Yara Calder,2024-07-07 17:14:00,marco.reyes@demomail.test,,2024-02-11 11:59:00,N,Lakeside Financial LLP - Managed Services,,,Discovery,100008,,SKU-4042,100016,LOT-9837,103797,,,,Website,,Active,,,,,,,,,,,Delta,100119,"1,170",,Riley Garcia,101203,100058,,100356,Renewal,100792,,,,100042,,100709,,,100705,,Active Customer,100257,,,,,100405,Recruiting,,,100625,,103444
100774,Opportunity,106197,noah.sato@demomail.test,Casey Mercer,2026-07-08 23:25:00,reese.reyes@examplecorp.test,Elena Haddad,2026-06-27 16:07:00,arjun.larsson@examplecorp.test,Nina Calder,2022-10-31 23:22:00,taylor.silva@demomail.test,,2022-12-11 01:05:00,N,Everest Health LLC - Staff Augmentation,,,Closed Won,100220,,SKU-1068,100063,REF-4035,102879,,,,Partner,100217,Inactive,,,,,,,,100579,,"347,150",,100576,"6,777",,Fatima Blake,101146,100259,REF-6742,100664,New Logo,100029,,,,100008,,100734,,,100681,,Prospect,100186,,,,,100485,Payroll,,,100080,,103814
100220,Opportunity,106199,marco.mensah@demomail.test,Casey Cohen,2025-04-29 18:40:00,jordan.garcia@acme-fake.test,Marco Okafor,2024-01-24 00:47:00,avery.garcia@acme-fake.test,Nina Costa,2025-02-10 13:07:00,drew.dorsey@sampleco.test,,2025-09-10 12:24:00,Y,Blue Ridge Media Inc - Back Office,,100498,Discovery,100070,,LOT-2285,100421,SKU-3372,103727,,,,LinkedIn,,Active,,,,,,100281,,100076,,"75,365",Alpha,100410,"34,629",3082,Elena Costa,101015,100548,,100796,Standard,100089,,,,100184,,100044,Other,,100456,,Active Customer,100699,,,,,100750,Back Office,100617,,100123,,102788
100313,Opportunity,106202,alex.larsson@acme-fake.test,Priya Ashby,2023-12-19 22:16:00,taylor.larsson@acme-fake.test,Drew Reyes,2023-11-28 23:44:00,rowan.kim@acme-fake.test,Jamie Vance,2023-05-16 05:20:00,elena.mensah@sampleco.test,,2022-12-17 22:29:00,Y,Silverline Dynamics Co - Staff Augmentation,,,Closed Lost,100420,,SKU-9535,100262,TAG-8064,104672,,,,Partner,,Inactive,,,,,,100323,,,,,Gamma,100308,"15,217",692,Drew Nguyen,101496,100527,LOT-4672,100186,New Logo,100457,,,,100486,,100215,,,100248,,Prospect,100094,,,,,,Offshore Team,100517,,100688,,102977
100395,Opportunity,106205,quinn.costa@examplecorp.test,Yara Mensah,2026-03-03 08:39:00,avery.sloan@demomail.test,Quinn Costa,2024-04-30 19:52:00,morgan.sloan@acme-fake.test,Drew Calder,2025-11-12 17:25:00,taylor.calder@demomail.test,,2026-07-08 11:52:00,N,Summit Textiles Co - Staff Augmentation,,100184,Closed Lost,100760,,REF-4749,100328,TAG-2050,103167,,,,LinkedIn,,Inactive,,,,,,,,,,"247,705",,100319,"34,624",5603,Rowan Kim,101591,100069,,,Standard,,,,,100786,,,Gamma,,,,Prospect,100272,,,,,100251,Offshore Team,100690,,100568,,104689
100128,Opportunity,106207,aisha.mensah@demomail.test,Skyler Silva,2024-11-11 20:59:00,elena.haddad@acme-fake.test,Rahul Kim,2022-10-19 18:47:00,morgan.garcia@acme-fake.test,Diego Sato,2025-11-08 14:21:00,marco.sato@demomail.test,,2024-01-28 00:53:00,Y,Falcon Manufacturing Inc - Payroll,,,Closed Lost,100800,,LOT-5294,100386,LOT-3057,102358,,,,Event,100184,Inactive,,,,,,100277,,100293,,"397,734",,,"11,853",,Liam Kim,101378,,LOT-4980,100314,Standard,,,,,100101,,,,,,,Prospect,100281,,,,,100516,Back Office,100546,,100634,,
100366,Opportunity,106210,priya.brooks@demomail.test,Rowan Whitfield,2023-03-05 04:04:00,omar.okafor@demomail.test,Yara Garcia,2026-05-13 05:42:00,avery.nguyen@sampleco.test,Taylor Vance,2023-02-05 09:32:00,aisha.garcia@acme-fake.test,,2024-09-23 17:08:00,Y,Delta Partners Corp - Managed Services,,,Proposal Sent,100576,,LOT-7023,100753,TAG-2362,104327,,,,Event,,Active,,,,,,100469,,100798,,,,100603,"6,578",,Arjun Brooks,101636,100712,,,SMB,100223,,,,100305,,,Delta,,100076,,Active Customer,100073,,,,,,Back Office,100771,,100192,,
100371,Opportunity,106213,rahul.silva@sampleco.test,Chen Mensah,2024-08-10 04:21:00,fatima.rossi@sampleco.test,Casey Sloan,2024-02-02 21:34:00,jamie.patel@sampleco.test,Quinn Sloan,2022-12-31 21:36:00,elena.calder@demomail.test,,2024-02-07 02:10:00,N,Redwood Capital Ltd - Consulting,,,Closed Won,100308,,TAG-9839,100410,SKU-2106,103239,,,,Referral,100180,Inactive,,,,,,100603,,100777,,"411,444",,100792,"27,659",,Emerson Silva,101708,,SKU-6275,100641,Standard,100192,,,,100437,,,,,100023,,Prospect,100395,,,,,,Payroll,,,100345,,
100784,Opportunity,106215,fatima.garcia@examplecorp.test,Emerson Kim,2025-01-01 07:28:00,chen.calder@acme-fake.test,Omar Haddad,2024-02-14 08:15:00,chen.mensah@sampleco.test,Chen Silva,2023-03-14 04:00:00,drew.blake@demomail.test,,2024-08-14 01:08:00,Y,Meridian Solutions LLP - Recruiting,,,Closed Lost,100546,,REF-1309,100475,SKU-3011,102764,,,,Webinar,100254,Inactive,,,,,,,,100546,,"58,301",,,"9,740",,Noah Patel,101027,100389,,,New Logo,100447,,,,100117,,,,,100182,,Active Customer,100661,,,,,100386,Consulting,,,100012,,
100236,Opportunity,106217,marco.cohen@acme-fake.test,Arjun Reyes,2022-11-29 13:42:00,omar.nguyen@sampleco.test,Drew Okafor,2024-12-16 07:08:00,alex.mensah@sampleco.test,Drew Mercer,2024-12-10 02:47:00,aisha.costa@demomail.test,,2025-08-23 14:33:00,Y,Evergreen Dynamics Group - Managed Services,,,Proposal Sent,100705,TAG-2972,TAG-6867,100348,TAG-1438,102772,,,,LinkedIn,100753,Active,,,,,,100421,,100617,,"270,607",Other,100223,"32,210",,Quinn Calder,101257,,,,Renewal,100400,,,,100405,,100631,,,,,Prospect,100780,,,,,,Back Office,,,100186,,103792
100637,Opportunity,106218,quinn.dorsey@acme-fake.test,Taylor Blake,2023-11-26 11:16:00,casey.ford@sampleco.test,Yara Ford,2025-03-28 19:13:00,avery.garcia@examplecorp.test,Liam Ivanov,2024-03-23 18:14:00,morgan.ivanov@acme-fake.test,,2026-02-19 12:24:00,Y,Granite Holdings Co - Staff Augmentation,,100302,Closed Won,100232,,TAG-3906,100014,REF-3068,102122,,,,Webinar,,Inactive,,,,,,100200,,,,,,,"4,440",,Liam Cohen,100931,100546,SKU-2843,,New Logo,,,,,100180,,100136,,,100178,,Prospect,100440,,,,,,Back Office,,,100735,,
100563,Opportunity,106220,aisha.silva@acme-fake.test,Nina Ivanov,2025-08-20 14:50:00,nina.ashby@examplecorp.test,Priya Sloan,2023-05-21 18:33:00,jordan.calder@acme-fake.test,Drew Nguyen,2023-09-11 16:30:00,quinn.brooks@sampleco.test,,2023-05-16 20:05:00,N,Vertex Ventures Group - Back Office,,100617,Qualification,100030,,LOT-9609,100205,REF-4983,102212,,,,Event,,Active,,,,,,,,100487,,,Standard,100555,,3779,Mei Ivanov,101514,,LOT-9336,,New Logo,100366,,,,100759,,,,,100683,,Active Customer,100585,,,,,,Staff Augmentation,,,100753,,102844
100482,Opportunity,106223,nina.ford@examplecorp.test,Fatima Rossi,2022-12-15 19:22:00,mei.costa@sampleco.test,Quinn Okafor,2024-08-03 11:26:00,elena.garcia@sampleco.test,Jordan Sloan,2026-04-06 06:15:00,reese.sloan@sampleco.test,,2023-12-09 12:04:00,Y,Keystone Foods Corp - Offshore Team,,100526,Qualification,100069,,SKU-2047,100597,TAG-9934,104546,,,,LinkedIn,100475,Active,,,,,,100496,,100717,,,,100213,"35,815",,Emerson Whitfield,,,SKU-8036,100683,Renewal,100262,,,,100559,,,Other,,100571,,Active Customer,100558,,,,,,Offshore Team,100789,,100415,,103676
100329,Opportunity,106225,fatima.nguyen@sampleco.test,Casey Vance,2025-09-17 10:18:00,omar.nguyen@sampleco.test,Liam Cohen,2024-01-03 09:42:00,aisha.mensah@sampleco.test,Skyler Vance,2026-05-25 17:04:00,omar.nguyen@sampleco.test,,2025-10-04 15:22:00,Y,Summit Capital LLP - Offshore Team,,100749,Dead,100313,,SKU-6505,100106,REF-3608,102538,,,,Cold Outreach,100097,Inactive,,,,,,,,100646,,"233,468",,,"19,726",,Drew Patel,100851,,LOT-3116,,New Logo,100690,,,,100316,,,,,,,Prospect,100086,,,,,,Back Office,100091,,100459,,104481
100559,Opportunity,106226,quinn.dorsey@demomail.test,Chen Garcia,2026-06-02 03:36:00,riley.blake@sampleco.test,Arjun Ford,2026-03-03 15:51:00,jamie.silva@sampleco.test,Reese Garcia,2025-05-21 03:22:00,marco.blake@examplecorp.test,,2023-07-07 19:49:00,N,Cobalt Solutions Inc - Recruiting,,100243,Closed Won,100398,,LOT-4027,100080,SKU-9159,102362,,,,Referral,100492,Inactive,,,,,,,,100073,,,,100010,,,Quinn Kim,101039,100063,REF-1833,,New Logo,100765,,,,100684,,100269,,,,,Prospect,100386,,,,,100708,Offshore Team,100694,,100319,,102770
100060,Opportunity,106229,diego.whitfield@examplecorp.test,Drew Rossi,2023-11-20 09:10:00,mei.larsson@acme-fake.test,Elena Silva,2025-09-07 21:54:00,taylor.rossi@sampleco.test,Morgan Patel,2025-11-22 13:42:00,rahul.ivanov@sampleco.test,,2026-01-06 08:17:00,Y,Granite Networks Corp - Recruiting,,100760,On Hold,100281,,SKU-1732,100097,SKU-7320,103647,,,,Partner,,Active,,,,,,,,100186,,"173,014",Beta,,"30,157",,Nina Vance,,100723,,100120,New Logo,,,,,100398,,100023,,,,,Prospect,100012,,,,,,Staff Augmentation,100681,,100526,,103298
100736,Opportunity,106230,emerson.cohen@acme-fake.test,Fatima Ashby,2024-12-18 07:12:00,arjun.whitfield@acme-fake.test,Elena Rossi,2024-11-18 00:31:00,casey.costa@examplecorp.test,Avery Cohen,2026-01-28 16:40:00,avery.calder@demomail.test,,2025-04-21 07:37:00,Y,Meridian Dynamics Group - Back Office,,100265,Discovery,100172,,REF-5867,100560,SKU-6646,104460,,,,Partner,,Active,,,,,,100642,,100551,,"192,190",,,"18,269",,Emerson Costa,,,REF-3471,,New Logo,100452,,,,100344,,100587,,,100265,,Prospect,100190,,,,,100679,Back Office,,,100080,,102965
100041,Opportunity,106233,sofia.nguyen@demomail.test,Jamie Costa,2024-06-18 01:06:00,omar.brooks@demomail.test,Priya Garcia,2023-05-08 19:00:00,jamie.blake@acme-fake.test,Diego Silva,2026-02-26 12:55:00,jamie.costa@acme-fake.test,,2025-04-26 16:11:00,N,Vertex Capital Group - Recruiting,,,Proposal Sent,100449,,LOT-2010,100325,TAG-6027,102092,,,,LinkedIn,100449,Active,,,,,,,,,,"128,376",,100672,"10,238",1563,Drew Kim,,,,,Standard,100646,,,,100468,,100704,,,,,Prospect,100459,,,,,,Recruiting,100731,,100172,,102723
100615,Opportunity,106234,yara.nguyen@examplecorp.test,Skyler Ford,2026-07-24 18:47:00,sofia.haddad@sampleco.test,Jordan Dorsey,2025-11-19 18:34:00,elena.haddad@demomail.test,Marco Ashby,2023-08-30 11:25:00,nina.cohen@examplecorp.test,Skyler Garcia,2025-07-10 07:28:00,N,Delta Robotics Corp - Payroll,,100758,Closed Lost,100494,,SKU-1172,100735,LOT-4980,103782,,,,Webinar,100041,Inactive,,,,,,100241,,,,"352,305",,,"21,226",,Diego Dorsey,101439,100587,REF-1932,100314,Standard,100413,,,,100115,,100217,,,100679,,Active Customer,100729,,,,,100063,Offshore Team,100099,,100334,,102494
100234,Opportunity,106236,fatima.calder@demomail.test,Arjun Cohen,2024-10-06 13:39:00,yara.sato@acme-fake.test,Drew Okafor,2023-02-01 21:16:00,emerson.sloan@demomail.test,Fatima Haddad,2024-03-08 17:43:00,diego.larsson@examplecorp.test,,2025-10-24 14:43:00,Y,Beacon Logistics LLC - Staff Augmentation,,100377,Closed Lost,100308,LOT-4227,SKU-6243,100195,SKU-7571,104498,,,,Webinar,100598,Inactive,,,,,,,,,,,,,,,Elena Reyes,101763,100359,,100169,New Logo,100182,,,,100780,,100455,,,100286,,Prospect,100654,,,,,100571,Payroll,100239,,100340,,103570
100272,Opportunity,106238,riley.ford@demomail.test,Liam Kim,2025-04-02 11:07:00,sofia.mensah@sampleco.test,Casey Okafor,2022-10-20 01:05:00,jordan.garcia@examplecorp.test,Casey Reyes,2025-02-01 09:12:00,nina.silva@demomail.test,,2024-07-30 22:11:00,Y,Blue Ridge Partners Corp - Managed Services,,100494,Discovery,100744,,LOT-9491,100205,TAG-1442,102023,,,,LinkedIn,100622,Active,,,,,,100539,,,,,,,"13,229",,Fatima Ashby,101015,,SKU-9645,100282,New Logo,,,,,100637,,100223,Standard,,,,Active Customer,100616,,,,,100686,Offshore Team,100735,,100156,,103588
100692,Opportunity,106240,reese.calder@sampleco.test,Casey Dorsey,2022-11-19 00:28:00,priya.ford@acme-fake.test,Mei Rossi,2026-05-05 10:26:00,arjun.sloan@sampleco.test,Jordan Sato,2023-08-04 13:58:00,sofia.calder@acme-fake.test,Drew Brooks,2026-06-09 04:26:00,Y,Cobalt Media Co - Offshore Team,,,Proposal Sent,100632,SKU-5658,TAG-4862,100607,,104744,,,,Referral,100308,Active,,,,,,,,100672,,,,100418,"22,677",,Riley Patel,100943,,REF-7739,100255,New Logo,100236,,,,100235,,100388,,,100380,,Active Customer,100034,,,,,100417,Staff Augmentation,100443,,100177,,103334
100780,Opportunity,106241,aisha.rossi@sampleco.test,Jordan Vance,2025-12-24 09:22:00,marco.brooks@demomail.test,Mei Ashby,2024-03-12 02:55:00,casey.sato@acme-fake.test,Sofia Cohen,2023-04-19 16:34:00,fatima.garcia@examplecorp.test,,2026-07-10 21:00:00,Y,Delta Media LLP - Consulting,,,Discovery,100003,SKU-6498,SKU-9017,100101,REF-2419,103122,,,,Partner,100086,Active,,,,,,,,,,"15,869",,100708,,,Priya Calder,101273,100232,,,SMB,,,,,100113,,100735,,,,,Prospect,100479,,,,,,Staff Augmentation,100793,,100254,,
100280,Opportunity,106243,omar.larsson@acme-fake.test,Marco Patel,2025-03-24 16:43:00,reese.sloan@examplecorp.test,Mei Brooks,2026-02-14 05:48:00,jordan.kim@sampleco.test,Casey Larsson,2024-06-22 03:00:00,omar.garcia@examplecorp.test,,2024-10-10 00:07:00,N,Everest Networks Group - Payroll,,100277,Closed Won,100417,,REF-4543,100765,LOT-6703,104046,,,,Cold Outreach,100694,Inactive,,,,,,100624,,,,"169,195",Beta,100290,"29,483",,Drew Reyes,100848,,TAG-7622,,SMB,100382,,,,100172,,,,,100101,,Active Customer,100122,,,,,100543,Payroll,100094,,100429,,
100434,Opportunity,106246,aisha.calder@examplecorp.test,Drew Nguyen,2023-01-04 04:36:00,drew.costa@demomail.test,Omar Mensah,2025-06-06 00:45:00,skyler.okafor@acme-fake.test,Chen Ford,2023-08-06 02:06:00,emerson.ivanov@demomail.test,,2025-06-03 10:25:00,N,Evergreen Labs - Consulting,,,Closed Won,100772,,TAG-4120,100119,SKU-3051,102310,,,,Event,,Inactive,,,,,,100440,,100234,,"371,662",Delta,100223,"33,554",,Aisha Costa,100937,100548,REF-8623,100066,Enterprise,100661,,,,100356,,100523,,,100123,,Active Customer,100574,,,,,100044,Managed Services,,,100106,,103645
100708,Opportunity,106247,riley.mercer@acme-fake.test,Sofia Mercer,2024-09-13 14:26:00,fatima.brooks@examplecorp.test,Rowan Dorsey,2024-05-19 08:49:00,jamie.larsson@demomail.test,Arjun Whitfield,2026-01-22 23:28:00,emerson.mensah@demomail.test,,2022-12-20 18:07:00,N,Harbor Media Ltd - Offshore Team,,,Proposal Sent,100377,,TAG-7861,100099,SKU-8680,104153,,,,Inbound Call,,Active,,,,,,100189,,100120,,"493,786",Delta,100573,"22,225",,Omar Kim,100993,100132,,,Renewal,100319,,,,100331,,,Standard,,100696,,Prospect,100530,,,,,100164,Recruiting,100753,,100073,,
100741,Opportunity,106249,mei.costa@examplecorp.test,Rowan Ivanov,2024-02-11 10:55:00,fatima.kim@acme-fake.test,Marco Sato,2024-06-09 01:50:00,arjun.vance@acme-fake.test,Quinn Kim,2023-06-06 13:06:00,liam.rossi@sampleco.test,,2025-12-28 05:12:00,Y,Pioneer Analytics Co - Offshore Team,,100530,Closed Won,100610,,TAG-6292,100188,LOT-4538,103257,,,,Partner,,Inactive,,,,,,100742,,,,"45,262",,100309,,,Chen Blake,,100723,,100497,New Logo,,,,,100380,,,Gamma,,100280,,Prospect,100563,,,,,100139,Payroll,100188,,100741,,102686
100516,Opportunity,106251,jordan.silva@acme-fake.test,Sofia Whitfield,2023-08-31 12:40:00,yara.costa@demomail.test,Jamie Costa,2022-12-04 15:36:00,liam.dorsey@sampleco.test,Casey Silva,2023-06-15 16:13:00,casey.calder@examplecorp.test,,2023-01-16 04:09:00,Y,Beacon Group Co - Back Office,,,On Hold,100736,,LOT-3784,100610,LOT-5393,,,,,Event,100723,Active,,,,,,100158,,100388,,"53,062",,,"24,726",,Riley Larsson,100839,,,100610,Renewal,100500,,,,100178,,100267,Beta,,100316,,Active Customer,100673,,,,,100755,Payroll,,,100679,,
100641,Opportunity,106254,casey.whitfield@sampleco.test,Yara Mensah,2023-03-24 02:07:00,riley.ivanov@demomail.test,Avery Rossi,2024-06-19 23:57:00,marco.ford@examplecorp.test,Rahul Dorsey,2023-08-02 09:32:00,jordan.okafor@demomail.test,,2025-04-07 12:09:00,Y,Northwind Group LLC - Staff Augmentation,,100097,Closed Won,100551,,LOT-2797,100620,TAG-4343,102699,,,,Webinar,100750,Inactive,,,,,,100344,,,,"101,167",,,"18,876",,Rowan Mensah,,,,100030,New Logo,,,,,100046,,100374,,,100090,,Prospect,100587,,,,,,Recruiting,100684,,100185,,
100503,Opportunity,106256,noah.calder@examplecorp.test,Fatima Rossi,2026-06-24 22:49:00,casey.larsson@demomail.test,Taylor Silva,2024-04-07 23:39:00,aisha.brooks@acme-fake.test,Jamie Silva,2024-11-16 15:02:00,diego.costa@sampleco.test,,2025-11-29 01:03:00,N,Falcon Textiles LLP - Staff Augmentation,,100445,Qualification,100720,SKU-8033,SKU-6207,100328,REF-7949,104635,,,,Referral,100245,Active,,,,,,100670,,100543,,"376,463",Beta,,"35,426",,Yara Nguyen,,,,100585,Enterprise,,,,,100800,,,,,,,Active Customer,100351,,,,,100382,Offshore Team,100129,,100107,,102116
100408,Opportunity,106259,drew.nguyen@examplecorp.test,Aisha Ford,2023-07-13 07:07:00,aisha.whitfield@acme-fake.test,Quinn Silva,2025-03-28 12:09:00,quinn.costa@examplecorp.test,Alex Ford,2023-05-20 18:46:00,yara.ford@sampleco.test,,2024-01-10 02:26:00,N,Delta Holdings - Offshore Team,,100511,Negotiation,100348,LOT-9654,REF-1422,100083,TAG-1157,104404,,,,Partner,,Active,,,,,,,,100473,,,,,,,Omar Vance,101236,100316,LOT-2200,100487,New Logo,,,,,100172,,,Other,,100005,,Active Customer,100398,,,,,,Payroll,100248,,100798,,104625
100291,Opportunity,106261,jordan.ashby@sampleco.test,Morgan Calder,2025-06-17 11:31:00,avery.garcia@acme-fake.test,Elena Cohen,2026-03-22 07:33:00,jordan.ford@acme-fake.test,Sofia Okafor,2023-05-04 07:04:00,rowan.haddad@acme-fake.test,,2023-07-29 08:02:00,Y,Redwood Manufacturing Co - Consulting,,,Closed Won,100649,,LOT-2432,100139,REF-5911,104464,,,,Cold Outreach,100622,Inactive,,,,,,100670,,,,"37,879",Standard,100239,"8,579",9749,Avery Silva,101115,100040,REF-8712,100750,Renewal,,,,,100551,,100516,,,,,Active Customer,100051,,,,,,Payroll,,,100132,,104061
100243,Opportunity,106264,riley.mercer@acme-fake.test,Morgan Nguyen,2023-07-16 11:22:00,alex.dorsey@acme-fake.test,Alex Sloan,2023-01-27 11:00:00,avery.mercer@demomail.test,Omar Calder,2024-05-24 14:20:00,elena.cohen@demomail.test,,2025-05-02 05:50:00,N,Copper Logistics LLC - Offshore Team,,,Dead,100374,,LOT-1162,100569,REF-6806,102538,,,,Referral,100500,Inactive,,,,,,,,100569,,"26,138",,,"30,135",1925,Emerson Reyes,,100520,REF-1128,100235,SMB,100073,,,,100652,,,,,,,Active Customer,100142,,,,,100282,Payroll,100177,,100254,,102331
100506,Opportunity,106266,fatima.mercer@sampleco.test,Liam Haddad,2024-10-08 21:47:00,avery.dorsey@examplecorp.test,Marco Mercer,2023-04-13 11:10:00,skyler.sloan@acme-fake.test,Taylor Calder,2025-03-14 19:18:00,marco.blake@acme-fake.test,,2025-11-02 01:39:00,Y,Blue Ridge Foods Inc - Consulting,,100538,Qualification,100189,REF-2886,REF-9809,100205,REF-4650,102469,,,,Inbound Call,100731,Active,,,,,,,,,,"240,892",,100238,,,Jordan Sloan,101139,,REF-2051,100119,SMB,100197,,,,100158,,100694,,,,,Prospect,100148,,,,,100558,Staff Augmentation,,,100456,,
100459,Opportunity,106268,mei.kim@demomail.test,Reese Ford,2024-12-30 04:19:00,drew.rossi@demomail.test,Rahul Silva,2022-12-14 07:47:00,rowan.costa@acme-fake.test,Aisha Dorsey,2024-09-29 00:32:00,liam.cohen@examplecorp.test,,2025-06-28 21:57:00,N,Evergreen Foods LLP - Staff Augmentation,,,Closed Won,100079,,TAG-3808,100235,LOT-4497,102769,,,,Partner,,Inactive,,,,,,100765,,,,,Standard,,"31,069",,Noah Okafor,,100238,REF-5311,100395,New Logo,100391,,,,100223,,,,,,,Active Customer,100383,,,,,100132,Recruiting,,,100667,,
100479,Opportunity,106271,drew.vance@sampleco.test,Rowan Haddad,2023-05-10 16:00:00,drew.patel@demomail.test,Jordan Okafor,2023-06-24 05:21:00,casey.patel@examplecorp.test,Priya Dorsey,2025-04-09 08:57:00,chen.ashby@acme-fake.test,,2025-07-10 19:25:00,Y,Horizon Labs Corp - Recruiting,,100410,Qualification,100257,SKU-4622,SKU-2318,100139,SKU-7912,,,,,LinkedIn,,Active,,,,,,,,100099,,,,100115,"22,642",,Casey Rossi,,100652,REF-2651,100667,Enterprise,100513,,,,100565,,100029,Standard,,,,Prospect,100242,,,,,100765,Staff Augmentation,,,100014,,
100500,Opportunity,106273,omar.dorsey@demomail.test,Chen Brooks,2025-07-20 04:20:00,drew.cohen@sampleco.test,Reese Blake,2026-06-01 00:29:00,rowan.silva@acme-fake.test,Drew Calder,2023-09-05 10:41:00,skyler.vance@acme-fake.test,,2023-04-20 05:29:00,Y,Atlas Industries LLP - Back Office,,,Qualification,100417,,TAG-8537,100075,REF-3173,104312,,,,Cold Outreach,100293,Active,,,,,,100316,,100624,,,,,"37,008",,Priya Cohen,,,SKU-9943,100777,New Logo,100400,,,,100535,,100470,,,100353,,Prospect,100753,,,,,100097,Recruiting,100120,,100571,,103915
100203,Opportunity,106274,marco.sloan@acme-fake.test,Elena Sato,2025-11-04 02:01:00,arjun.garcia@sampleco.test,Arjun Reyes,2024-01-07 01:26:00,mei.mensah@acme-fake.test,Diego Ivanov,2023-09-11 14:31:00,reese.garcia@acme-fake.test,,2023-08-09 00:00:00,N,Cardinal Logistics Group - Back Office,,100360,Closed Won,100020,,TAG-7071,100563,LOT-9671,103923,,,,Event,100104,Inactive,,,,,,,,100421,,"371,192",Gamma,,"24,817",,Yara Ivanov,101434,,SKU-8360,100742,Renewal,,,,,100248,,100717,Beta,,100654,,Prospect,100103,,,,,100069,Back Office,100377,,100558,,
100641,Opportunity,106277,yara.blake@sampleco.test,Omar Rossi,2025-10-27 05:13:00,alex.ivanov@acme-fake.test,Skyler Dorsey,2023-02-04 17:20:00,alex.blake@acme-fake.test,Yara Sloan,2022-12-29 12:42:00,drew.vance@examplecorp.test,,2023-08-10 23:07:00,N,Atlas Financial Ltd - Consulting,,100314,Proposal Sent,100314,,TAG-5948,100086,SKU-4482,104831,,,,Inbound Call,100554,Active,,,,,,100734,,100646,,,,100003,"17,117",,Chen Whitfield,,,,100015,SMB,100254,,,,100546,,100352,,,100742,,Active Customer,100576,,,,,,Consulting,,,100688,,103725
100522,Opportunity,106278,sofia.calder@demomail.test,Elena Calder,2024-02-27 23:56:00,riley.reyes@demomail.test,Nina Reyes,2025-05-15 08:48:00,rahul.whitfield@sampleco.test,Casey Nguyen,2023-12-05 15:41:00,reese.ashby@acme-fake.test,,2026-02-04 08:42:00,N,Atlas Logistics Corp - Offshore Team,,100408,Closed Won,100213,,LOT-7934,100673,LOT-2238,102320,,,,Partner,,Inactive,,,,,,100206,,,,,Beta,100667,"33,595",,Arjun Brooks,101410,100763,,100702,New Logo,100232,,,,100012,,100538,,,,,Prospect,100429,,,,,100352,Recruiting,100345,,100467,,102751
100173,Opportunity,106281,arjun.whitfield@examplecorp.test,Casey Costa,2026-07-03 12:05:00,yara.sato@demomail.test,Jordan Silva,2022-11-03 11:22:00,morgan.sato@examplecorp.test,Fatima Whitfield,2025-03-27 22:21:00,casey.larsson@sampleco.test,,2024-04-27 11:58:00,N,Falcon Dynamics LLP - Staff Augmentation,,100459,Negotiation,100090,,TAG-8903,100215,SKU-8586,102093,,,,Partner,,Active,,,,,,100058,,,,"436,404",Delta,,"35,997",,Emerson Garcia,,100531,,,Standard,100509,,,,100334,,,,,,,Prospect,100532,,,,,,Managed Services,,,100731,,102200
100070,Opportunity,106284,chen.rossi@examplecorp.test,Fatima Mercer,2026-07-04 15:49:00,elena.kim@acme-fake.test,Liam Costa,2025-06-27 00:54:00,fatima.cohen@examplecorp.test,Fatima Okafor,2025-11-01 02:37:00,sofia.blake@demomail.test,,2026-06-23 23:37:00,N,Granite Energy LLC - Managed Services,,,Proposal Sent,100066,,TAG-6411,100208,LOT-5936,103782,,,,Website,100217,Active,,,,,,100475,,100413,,"382,285",Gamma,100363,"37,648",,Diego Brooks,,100060,,100275,New Logo,100213,,,,100503,,,,,,,Active Customer,100285,,,,,100165,Consulting,100645,,100012,,104371
100301,Opportunity,106285,rahul.ivanov@examplecorp.test,Noah Mensah,2025-03-16 16:57:00,jordan.ashby@demomail.test,Fatima Garcia,2024-10-15 22:08:00,taylor.sato@examplecorp.test,Jordan Patel,2025-12-31 09:22:00,nina.garcia@acme-fake.test,,2025-12-27 18:08:00,Y,Lakeside Robotics Group - Consulting,,100717,Closed Won,100720,,REF-8379,100094,TAG-8877,101915,,,,Partner,100164,Inactive,,,,,,100374,,100454,,,,,"30,907",,Liam Nguyen,101187,100058,,,SMB,,,,,100380,,100259,,,,,Prospect,100445,,,,,100008,Recruiting,100457,,100119,,103852
100254,Opportunity,106286,sofia.garcia@sampleco.test,Elena Nguyen,2022-12-27 10:54:00,drew.brooks@examplecorp.test,Yara Haddad,2026-05-17 15:16:00,jamie.cohen@examplecorp.test,Mei Larsson,2023-09-25 19:13:00,rowan.ivanov@examplecorp.test,,2025-01-05 16:29:00,N,Brightpath Financial Ltd - Managed Services,,,Qualification,100679,,LOT-2071,100518,TAG-2319,104309,,,,Event,100726,Active,,,,,,100579,,100366,,"460,164",,100469,"11,835",4860,Priya Ford,101501,100532,LOT-6548,100146,SMB,100316,,,,100753,,100654,,,,,Active Customer,100257,,,,,100788,Offshore Team,,,100352,,
100234,Opportunity,106289,quinn.ashby@examplecorp.test,Chen Brooks,2023-12-25 07:54:00,chen.nguyen@sampleco.test,Emerson Ashby,2023-10-20 23:26:00,diego.larsson@sampleco.test,Aisha Blake,2023-12-13 19:24:00,priya.rossi@examplecorp.test,,2024-08-03 14:23:00,Y,Beacon Group LLC - Managed Services,,100076,Discovery,100736,,REF-1305,100216,LOT-8444,104419,,,,Referral,,Active,,,,,,,,100227,,"438,859",Other,,"18,593",3739,Morgan Sato,101133,,,,Renewal,100473,,,,100702,,,,,100281,,Prospect,100424,,,,,100420,Managed Services,100622,Other,100615,,
100796,Opportunity,106291,fatima.patel@acme-fake.test,Marco Cohen,2024-03-20 09:37:00,jordan.cohen@sampleco.test,Quinn Mensah,2025-07-06 20:31:00,chen.sloan@demomail.test,Omar Blake,2024-05-24 12:40:00,rowan.nguyen@sampleco.test,,2023-07-16 12:26:00,Y,Evergreen Holdings - Consulting,,,Proposal Sent,100624,,SKU-3308,100587,REF-4549,103872,,,,Event,100195,Active,,,,,,,,100086,,"393,785",,100290,"25,075",,Liam Sato,101228,,,,Enterprise,,,,,100426,,,Gamma,,,,Prospect,100206,,,,,,Offshore Team,100286,,100496,,
100101,Opportunity,106292,arjun.mercer@demomail.test,Rahul Costa,2025-08-04 02:37:00,jordan.costa@examplecorp.test,Riley Cohen,2023-08-12 11:21:00,liam.kim@sampleco.test,Jordan Mensah,2025-06-28 07:26:00,mei.haddad@acme-fake.test,,2026-03-31 07:14:00,N,Copper Dynamics Inc - Managed Services,,100184,Qualification,100380,,LOT-5668,100531,TAG-8373,104315,,,,Event,100046,Active,,,,,,100176,,,,"277,988",,100587,,,Avery Patel,100972,100220,SKU-8037,,Standard,,,,,100169,,100132,,,,,Prospect,100020,,,,,,Managed Services,,,100587,,104095
100026,Opportunity,106293,reese.silva@acme-fake.test,Diego Cohen,2023-01-23 23:09:00,emerson.blake@demomail.test,Chen Brooks,2023-05-06 07:57:00,arjun.dorsey@sampleco.test,Marco Nguyen,2024-04-23 14:53:00,aisha.ivanov@demomail.test,,2023-02-13 12:47:00,Y,Blue Ridge Foods Inc - Consulting,,100205,Closed Lost,100395,,TAG-3433,100359,REF-1922,102634,,,,LinkedIn,100016,Inactive,,,,,,100774,,,,"29,102",Delta,100123,"18,685",9555,Mei Rossi,101431,100673,,,Renewal,100134,,,,100627,,100020,,,,,Prospect,100656,,,,,,Payroll,100182,,100293,,
100334,Opportunity,106296,taylor.patel@examplecorp.test,Morgan Whitfield,2026-02-06 00:45:00,quinn.dorsey@demomail.test,Fatima Mensah,2026-02-28 05:32:00,rahul.mensah@acme-fake.test,Omar Larsson,2025-11-13 13:33:00,skyler.rossi@sampleco.test,,2024-09-19 18:45:00,Y,Northwind Health Corp - Payroll,,100681,Closed Won,100123,,TAG-2379,100479,LOT-9055,103736,,,,Referral,100377,Inactive,,,,,,100708,,100506,,,Delta,100560,"3,970",,Arjun Reyes,,100408,,100520,Renewal,100277,,,,100654,,,,,100189,,Active Customer,100486,,,,,,Staff Augmentation,100569,,100359,,102553
100184,Opportunity,106297,yara.vance@demomail.test,Alex Silva,2026-04-04 16:42:00,noah.sato@demomail.test,Jamie Blake,2023-05-09 16:13:00,mei.rossi@acme-fake.test,Omar Sato,2024-07-24 01:56:00,sofia.blake@acme-fake.test,,2026-07-21 09:31:00,Y,Falcon Holdings LLP - Consulting,,,Discovery,100591,,SKU-4604,100496,SKU-9040,103883,,,,Inbound Call,100684,Active,,,,,,,,100182,,"109,402",Beta,100090,"12,139",6258,Yara Whitfield,101706,100281,LOT-6782,,Standard,,,,,100134,,,,,100015,,Active Customer,100017,,,,,100113,Payroll,,,100267,,
100432,Opportunity,106300,jamie.nguyen@demomail.test,Quinn Mercer,2023-01-19 13:04:00,casey.larsson@sampleco.test,Avery Nguyen,2023-01-19 01:51:00,rahul.calder@acme-fake.test,Elena Kim,2026-04-06 06:37:00,chen.ford@acme-fake.test,,2026-07-21 10:00:00,N,Atlas Energy Ltd - Managed Services,,100051,Closed Lost,100333,REF-8138,REF-4755,100532,TAG-9432,102047,,,,Referral,100172,Inactive,,,,,,,,100786,,"282,722",Delta,100029,"24,244",,Omar Nguyen,100891,100681,,100546,Renewal,100188,,,,100418,,100452,,,100313,,Prospect,100641,,,,,,Offshore Team,100673,,100793,,
100664,Opportunity,106303,mei.whitfield@demomail.test,Emerson Ford,2025-11-10 10:17:00,liam.dorsey@demomail.test,Skyler Mercer,2026-07-24 01:05:00,omar.calder@demomail.test,Jordan Calder,2023-04-04 07:41:00,arjun.mensah@examplecorp.test,Yara Whitfield,2024-07-28 00:16:00,N,Lakeside Analytics Ltd - Payroll,,,Proposal Sent,100060,,LOT-3522,100031,LOT-7549,103346,,,,Cold Outreach,100158,Active,,,,,,100388,,100136,,,,100309,"20,837",,Arjun Larsson,101176,,LOT-1488,,Standard,100560,,,,100205,,,,,100664,,Active Customer,100593,,,,,,Consulting,,,100205,,104720
100005,Opportunity,106306,rowan.okafor@demomail.test,Chen Haddad,2024-04-03 00:21:00,noah.costa@acme-fake.test,Elena Sato,2026-04-24 08:10:00,quinn.ford@sampleco.test,Jamie Nguyen,2023-09-14 23:28:00,mei.brooks@examplecorp.test,,2023-08-07 05:29:00,N,Falcon Labs Corp - Managed Services,,,Closed Lost,100134,SKU-3075,TAG-4004,100371,SKU-2830,103145,,,,Partner,,Inactive,,,,,,,,100486,,,,,"32,079",,Omar Costa,101588,,,100726,New Logo,100554,,,,100342,,,Beta,,100576,,Prospect,100106,,,,,100236,Payroll,,,100101,,102996
100482,Opportunity,106307,fatima.ford@demomail.test,Jamie Dorsey,2026-02-23 13:43:00,marco.ivanov@acme-fake.test,Nina Sato,2025-05-30 12:09:00,omar.calder@demomail.test,Skyler Sato,2024-05-02 00:57:00,nina.calder@demomail.test,,2025-02-03 05:42:00,Y,Cardinal Robotics LLC - Staff Augmentation,,,Closed Won,100531,,REF-6219,100053,SKU-2178,103068,,,,Inbound Call,100153,Inactive,,,,,,,,100329,,"214,254",,100143,"7,583",,Rahul Mensah,101653,,LOT-1884,,New Logo,100395,,,,100530,,,,,100742,,Prospect,100789,,,,,,Offshore Team,,,100405,,103212
100334,Opportunity,106309,yara.dorsey@demomail.test,Skyler Cohen,2026-05-21 15:11:00,rahul.nguyen@sampleco.test,Rahul Calder,2026-03-06 13:25:00,nina.ford@demomail.test,Avery Reyes,2026-02-12 21:37:00,chen.vance@acme-fake.test,,2022-10-27 06:01:00,N,Meridian Retail Co - Offshore Team,,,Qualification,100363,,SKU-2361,100146,SKU-9899,103656,,,,Inbound Call,,Active,,,,,,100103,,,,"36,857",Alpha,,"39,310",,Priya Cohen,100948,100469,,100053,SMB,100171,,,,100171,,,,,100173,,Prospect,100760,,,,,100242,Payroll,,,100744,,
100432,Opportunity,106312,liam.kim@acme-fake.test,Elena Rossi,2023-04-17 07:54:00,priya.larsson@acme-fake.test,Morgan Patel,2022-11-23 23:04:00,riley.silva@sampleco.test,Alex Ford,2026-07-19 07:53:00,nina.calder@demomail.test,,2024-12-12 03:45:00,Y,Atlas Industries Inc - Offshore Team,,,Discovery,100185,,TAG-2451,100702,TAG-4642,104279,,,,Referral,100603,Active,,,,,,,,100282,,"14,360",Gamma,100171,"4,643",,Emerson Rossi,101220,100136,,,SMB,100104,,,,100014,,100571,,,100548,,Active Customer,100616,,,,,100705,Offshore Team,,,100241,,102647
100449,Opportunity,106315,skyler.sloan@demomail.test,Taylor Cohen,2025-09-05 11:09:00,morgan.sloan@demomail.test,Yara Ivanov,2023-09-06 01:22:00,jordan.reyes@demomail.test,Arjun Ivanov,2024-02-13 04:12:00,reese.sato@sampleco.test,Reese Brooks,2023-03-05 13:25:00,N,Summit Analytics LLP - Offshore Team,,100316,Proposal Sent,100792,,REF-5115,100526,REF-5593,104001,,,,Inbound Call,100652,Active,,,,,,100104,,100323,,"340,327",,100180,"27,546",1168,Mei Dorsey,101141,100086,TAG-1112,100642,Enterprise,100323,,,,100694,,100603,Alpha,,100685,,Active Customer,100343,,,,,100690,Staff Augmentation,100503,,100103,,104467
100099,Opportunity,106316,quinn.kim@examplecorp.test,Fatima Mensah,2023-05-17 02:06:00,omar.mensah@examplecorp.test,Jordan Larsson,2025-09-15 19:24:00,riley.patel@demomail.test,Morgan Mercer,2024-04-12 05:56:00,omar.mensah@sampleco.test,,2025-05-27 11:34:00,N,Lakeside Capital Inc - Managed Services,,,Closed Won,100235,SKU-1674,TAG-8333,100206,TAG-3450,102250,,,,Referral,100031,Inactive,,,,,,,,,,"334,891",,,"1,965",,Elena Cohen,101755,,,100440,Standard,,,,,100638,,100408,,,100217,,Active Customer,100091,,,,,,Consulting,100351,,100587,,
100383,Opportunity,106318,alex.sloan@acme-fake.test,Fatima Whitfield,2024-11-11 10:53:00,jamie.silva@acme-fake.test,Reese Rossi,2025-05-28 20:08:00,noah.patel@acme-fake.test,Jamie Ashby,2023-02-28 20:50:00,casey.rossi@demomail.test,,2025-06-07 08:51:00,N,Brightpath Holdings Corp - Staff Augmentation,,100128,Discovery,100182,,REF-2781,100329,REF-8928,102118,,,,Event,100571,Active,,,,,,100262,,,,,Alpha,100530,"33,781",9732,Priya Vance,101121,100015,,,Standard,100282,,,,100615,,100449,,,100722,,Active Customer,100251,,,,,,Payroll,100331,,100331,,104042
100242,Opportunity,106320,priya.sloan@demomail.test,Mei Whitfield,2025-01-02 18:18:00,aisha.garcia@acme-fake.test,Chen Dorsey,2024-07-13 07:17:00,reese.vance@acme-fake.test,Skyler Garcia,2024-03-24 04:18:00,jordan.whitfield@acme-fake.test,,2023-06-19 22:39:00,N,Brightpath Logistics Ltd - Offshore Team,,,Closed Won,100062,,TAG-9535,100617,LOT-9709,103598,,,,Partner,100377,Inactive,,,,,,100232,,100009,,"293,099",,100197,"8,873",7690,Casey Calder,101773,,TAG-8072,100030,Enterprise,100190,,,,100371,,100336,,,,,Prospect,100111,,,,,100565,Consulting,100051,,100415,,103032
100398,Opportunity,106321,yara.costa@acme-fake.test,Avery Costa,2026-07-04 13:31:00,chen.reyes@acme-fake.test,Omar Larsson,2025-08-22 09:15:00,riley.calder@sampleco.test,Avery Blake,2024-10-09 10:27:00,sofia.cohen@acme-fake.test,,2025-06-29 12:46:00,N,Cobalt Systems Ltd - Staff Augmentation,,100615,Proposal Sent,100215,,LOT-2329,100523,SKU-9470,104404,,,,Website,,Active,,,,,,100148,,,,"34,802",,100484,"20,587",,Chen Silva,101653,,LOT-1236,100343,Standard,,,,,100654,,,,,,,Prospect,100459,,,,,,Payroll,100792,,100128,,
100777,Opportunity,106323,nina.okafor@examplecorp.test,Chen Rossi,2026-01-14 19:32:00,chen.okafor@examplecorp.test,Emerson Okafor,2025-10-02 17:51:00,alex.brooks@examplecorp.test,Yara Dorsey,2022-11-16 06:17:00,liam.ashby@acme-fake.test,,2024-10-25 00:17:00,Y,Cobalt Networks LLP - Payroll,,,On Hold,100041,,TAG-9183,100267,REF-4500,104792,,,,LinkedIn,,Active,,,,,,100158,,,,,,,"21,938",,Drew Mercer,101020,100376,,,New Logo,100008,,,,100513,,100106,,,,,Active Customer,100565,,,,,100151,Payroll,,,100076,,
100293,Opportunity,106326,reese.ford@sampleco.test,Casey Mensah,2025-12-27 10:09:00,nina.reyes@acme-fake.test,Fatima Calder,2024-07-06 12:06:00,fatima.mensah@sampleco.test,Fatima Brooks,2026-02-21 01:32:00,jordan.silva@examplecorp.test,,2023-08-01 01:49:00,Y,Atlas Holdings LLP - Back Office,,,Closed Won,100686,,SKU-6735,100323,SKU-5099,104171,,,,Webinar,,Inactive,,,,,,,,100694,,"436,038",,100332,"8,721",7996,Priya Mensah,,100452,,,Standard,100319,,,,100132,,100192,,,,,Active Customer,100726,,,,,100056,Staff Augmentation,,,100765,,102469
100236,Opportunity,106329,mei.dorsey@sampleco.test,Priya Blake,2023-07-10 13:36:00,riley.rossi@sampleco.test,Chen Okafor,2022-12-15 23:29:00,rowan.nguyen@examplecorp.test,Rowan Vance,2024-01-05 13:35:00,reese.brooks@sampleco.test,,2023-10-09 11:17:00,Y,Silverline Systems Group - Managed Services,,100090,Proposal Sent,100579,,LOT-5155,100437,SKU-1763,102934,,,,Inbound Call,,Active,,,,,,100143,,100117,,"457,908",Standard,,"13,454",9573,Nina Haddad,,100702,,100340,Standard,,,,,100670,,,,,,,Prospect,100532,,,,,100117,Consulting,100704,,100023,,
100014,Opportunity,106332,rowan.mensah@demomail.test,Reese Mercer,2025-12-04 17:35:00,chen.garcia@examplecorp.test,Drew Whitfield,2026-01-06 21:54:00,priya.dorsey@examplecorp.test,Emerson Silva,2024-08-22 16:57:00,yara.whitfield@demomail.test,,2023-09-14 15:24:00,N,Horizon Foods Inc - Offshore Team,,,Qualification,100151,,TAG-9321,100551,TAG-2385,102492,,,,Partner,100569,Active,,,,,,100685,,,,,,100789,"32,003",,Taylor Brooks,101305,100518,TAG-2701,,New Logo,100799,,,,100517,,,,,100597,,Active Customer,100134,,,,,,Recruiting,100705,,100348,,
100331,Opportunity,106335,mei.ashby@demomail.test,Elena Rossi,2024-12-26 02:44:00,elena.ashby@examplecorp.test,Casey Mensah,2026-04-29 01:59:00,marco.silva@examplecorp.test,Marco Mensah,2025-03-31 06:28:00,alex.rossi@examplecorp.test,,2024-02-05 08:58:00,Y,Everest Logistics Ltd - Offshore Team,,100169,Closed Lost,100410,,LOT-6895,100235,SKU-1597,103914,,,,Website,,Inactive,,,,,,,,100200,,"69,469",Other,,,,Priya Mercer,101115,100141,REF-2009,100128,Renewal,,,,,100272,,,,,,,Prospect,100786,,,,,100763,Back Office,100158,,100386,,102762
100690,Opportunity,106336,chen.ford@acme-fake.test,Chen Mensah,2025-03-18 07:25:00,diego.silva@demomail.test,Priya Ivanov,2024-05-26 14:55:00,reese.dorsey@sampleco.test,Quinn Brooks,2022-10-29 22:14:00,jamie.larsson@examplecorp.test,,2026-03-09 07:12:00,N,Vertex Labs Inc - Offshore Team,,100576,Qualification,100741,SKU-1554,SKU-7459,100588,SKU-6800,103784,,,,Partner,100799,Active,,,,,,100097,,100454,,,Gamma,,"21,721",5045,Skyler Dorsey,101584,100573,,,Renewal,,,,,100062,,100538,,,100597,,Active Customer,100634,,,,,100182,Recruiting,100224,,100173,,103714
100343,Opportunity,106338,priya.mercer@demomail.test,Aisha Larsson,2023-07-11 22:42:00,noah.patel@examplecorp.test,Nina Dorsey,2023-04-23 17:52:00,priya.kim@sampleco.test,Avery Mensah,2024-10-20 17:01:00,yara.nguyen@examplecorp.test,,2023-12-24 14:02:00,N,Summit Logistics Inc - Recruiting,,100314,Closed Won,100796,,REF-9001,100532,LOT-6915,104415,,,,Referral,100702,Inactive,,,,,,,,100746,,"205,261",,100272,"33,163",7267,Casey Patel,101745,100091,TAG-1870,100684,Standard,100101,,,,100645,,100120,,,100526,,Prospect,100509,,,,,,Managed Services,,,100352,,103483
100388,Opportunity,106339,emerson.mercer@acme-fake.test,Riley Mercer,2023-01-08 17:43:00,reese.ashby@acme-fake.test,Fatima Nguyen,2023-08-23 17:30:00,nina.ford@examplecorp.test,Skyler Vance,2023-08-12 18:26:00,casey.whitfield@demomail.test,,2026-04-07 09:10:00,Y,Cobalt Energy LLC - Offshore Team,,100638,On Hold,100799,,LOT-2534,100734,TAG-8641,104789,,,,Inbound Call,100788,Active,,,,,,100058,,,,"391,271",Gamma,,,5013,Riley Rossi,,100029,,100309,Standard,,,,,100520,,100685,,,100363,,Active Customer,100760,,,,,100426,Payroll,100356,Standard,100205,,104259
100008,Opportunity,106341,quinn.patel@sampleco.test,Morgan Ford,2023-01-14 06:49:00,elena.mercer@acme-fake.test,Fatima Blake,2025-10-22 19:52:00,liam.brooks@examplecorp.test,Liam Costa,2023-03-30 21:33:00,rowan.garcia@acme-fake.test,,2023-09-29 06:05:00,Y,Pioneer Labs - Staff Augmentation,,100454,Closed Won,100285,,TAG-8335,100468,TAG-8818,103229,,,,Cold Outreach,100209,Inactive,,,,,,100113,,100696,,"290,205",,,"15,110",,Elena Costa,101650,,SKU-8221,100771,Standard,,,,,100094,,,,,,,Active Customer,100185,,,,,100631,Back Office,,,100452,,104177
100758,Opportunity,106343,yara.sloan@demomail.test,Priya Rossi,2025-11-15 02:32:00,noah.rossi@acme-fake.test,Reese Reyes,2025-10-10 10:30:00,marco.whitfield@sampleco.test,Reese Haddad,2025-09-28 08:06:00,aisha.costa@examplecorp.test,,2023-08-29 15:47:00,Y,Copper Partners Co - Consulting,,,Dead,100282,,TAG-1340,100432,REF-1945,,,,,Partner,,Inactive,,,,,,100070,,100538,,"81,113",,,"26,377",,Rahul Rossi,101110,,TAG-5051,100288,Standard,100053,,,,100789,,,,,100070,,Prospect,100291,,,,,,Back Office,,,100568,,102784
100281,Opportunity,106344,chen.mercer@examplecorp.test,Fatima Cohen,2023-12-06 01:22:00,mei.okafor@acme-fake.test,Jordan Larsson,2024-01-10 09:01:00,avery.patel@examplecorp.test,Omar Ashby,2023-03-07 04:13:00,morgan.rossi@sampleco.test,,2023-04-23 01:28:00,N,Everest Logistics LLC - Payroll,,100352,Dead,100334,REF-1577,SKU-8141,100469,LOT-5416,101917,,,,Website,100293,Inactive,,,,,,,,100432,,"290,535",,100686,,,Quinn Vance,,100454,,100424,New Logo,100042,,,,100429,,,,,,,Prospect,100731,,,,,,Staff Augmentation,,,100091,,
100593,Opportunity,106345,morgan.ford@demomail.test,Quinn Sloan,2024-06-26 07:44:00,marco.cohen@sampleco.test,Arjun Calder,2023-10-03 21:36:00,drew.larsson@sampleco.test,Rahul Blake,2024-07-11 22:48:00,liam.costa@sampleco.test,,2023-11-16 06:54:00,Y,Meridian Financial - Staff Augmentation,,100248,Discovery,100374,LOT-2126,LOT-6864,100734,REF-2797,103799,,,,Inbound Call,100494,Active,,,,,,,,100552,,"258,152",Beta,100107,"33,265",4222,Casey Cohen,101691,,REF-3535,100487,Standard,100080,,,,100213,,,,,100030,,Prospect,100076,,,,,100040,Offshore Team,,,100376,,
100313,Opportunity,106346,rowan.blake@examplecorp.test,Aisha Rossi,2024-04-19 23:05:00,liam.nguyen@acme-fake.test,Marco Okafor,2024-11-22 05:32:00,arjun.ashby@acme-fake.test,Morgan Reyes,2024-02-14 04:47:00,emerson.patel@demomail.test,,2023-05-11 05:06:00,Y,Ironwood Solutions - Consulting,,100120,Qualification,100069,,LOT-7279,100634,LOT-2007,103467,,,,Referral,100456,Active,,,,,,100113,,100395,,,,100624,"18,794",,Emerson Ashby,101692,100215,,100177,SMB,100323,,,,100684,,100571,Other,,100560,,Prospect,100530,,,,,100235,Payroll,100255,,100353,,
100563,Opportunity,106347,jordan.cohen@acme-fake.test,Quinn Dorsey,2026-04-18 05:40:00,liam.kim@acme-fake.test,Mei Cohen,2024-12-01 03:09:00,jordan.nguyen@sampleco.test,Riley Ivanov,2023-08-25 22:23:00,liam.garcia@acme-fake.test,,2026-02-06 18:35:00,N,Brightpath Energy Corp - Payroll,,100391,Proposal Sent,100331,,TAG-8706,100120,REF-2439,102634,,,,LinkedIn,,Active,,,,,,100034,,,,,,,"37,849",,Diego Kim,100817,100576,,100220,Standard,,,,,100681,,,,,,,Active Customer,100044,,,,,,Back Office,,,100030,,
100454,Opportunity,106348,jordan.larsson@examplecorp.test,Alex Vance,2023-02-13 10:07:00,sofia.nguyen@demomail.test,Sofia Larsson,2024-01-31 08:55:00,fatima.garcia@examplecorp.test,Taylor Cohen,2023-10-30 14:39:00,avery.haddad@sampleco.test,,2024-12-16 19:19:00,N,Falcon Retail Corp - Payroll,,100215,Closed Lost,100203,,REF-1609,100539,SKU-5917,103741,,,,Website,,Inactive,,,,,,100443,,,,"207,644",Alpha,,"9,185",,Reese Sato,101556,100767,,100784,Standard,100543,,,,100243,,,,,100066,,Active Customer,100788,,,,,100203,Consulting,,,100656,,102551
100462,Opportunity,106350,drew.ashby@acme-fake.test,Alex Sato,2025-11-21 06:42:00,alex.sloan@examplecorp.test,Aisha Dorsey,2026-03-27 22:12:00,diego.reyes@acme-fake.test,Taylor Ivanov,2025-02-09 06:01:00,omar.vance@demomail.test,,2026-03-16 04:50:00,Y,Evergreen Holdings - Offshore Team,,100610,Dead,100076,SKU-2926,REF-5461,100111,SKU-6779,103147,,,,Referral,,Inactive,,,,,,,,,,"203,689",Beta,100744,,,Diego Reyes,,100352,,100641,SMB,100798,,,,100319,,100526,,,100331,,Prospect,100164,,,,,,Consulting,100206,,100470,,
100457,Opportunity,106351,drew.rossi@sampleco.test,Riley Mensah,2025-11-24 19:59:00,aisha.mercer@demomail.test,Elena Larsson,2025-11-27 12:42:00,rowan.vance@examplecorp.test,Rowan Garcia,2024-05-11 07:12:00,omar.rossi@sampleco.test,,2024-01-30 20:19:00,Y,Cardinal Robotics - Managed Services,,,Discovery,100670,,LOT-7798,100164,LOT-5692,104419,,,,Website,100709,Active,,,,,,,,,,"280,525",,,"18,725",3332,Elena Brooks,,100481,LOT-9413,100587,Enterprise,100280,,,,100129,,100323,,,100259,,Active Customer,100319,,,,,100223,Recruiting,100692,,100782,,101973
100646,Opportunity,106353,quinn.calder@demomail.test,Riley Silva,2022-10-07 03:06:00,reese.vance@acme-fake.test,Mei Reyes,2023-06-18 22:55:00,drew.mensah@sampleco.test,Priya Silva,2025-09-02 06:03:00,rahul.kim@examplecorp.test,,2024-10-29 14:14:00,Y,Lakeside Health Inc - Managed Services,,100236,Negotiation,100393,SKU-6627,SKU-4363,100106,REF-3132,102765,,,,Referral,100275,Active,,,,,,100336,,,,,,,"30,879",,Riley Ashby,,100410,REF-5023,,Renewal,100089,,,,100784,,,,,100792,,Prospect,100217,,,,,100094,Managed Services,100405,,100576,,103243
100285,Opportunity,106355,jordan.mercer@demomail.test,Skyler Calder,2025-01-13 02:49:00,alex.brooks@acme-fake.test,Mei Vance,2025-02-16 16:01:00,sofia.brooks@acme-fake.test,Elena Dorsey,2025-04-04 07:50:00,skyler.costa@acme-fake.test,,2025-12-14 00:57:00,N,Horizon Capital Inc - Consulting,,,Negotiation,100053,,TAG-6026,100168,TAG-3047,103760,,,,Cold Outreach,100400,Active,,,,,,100469,,,,,,100646,"17,401",,Chen Haddad,,100224,,100799,New Logo,100601,,,,100579,,100119,,,100103,,Prospect,100760,,,,,100010,Consulting,100200,Beta,100604,,104332
100487,Opportunity,106356,taylor.ashby@acme-fake.test,Rowan Ford,2023-10-27 13:17:00,liam.reyes@examplecorp.test,Riley Whitfield,2024-03-15 01:26:00,skyler.mercer@acme-fake.test,Fatima Mensah,2025-01-29 11:10:00,omar.dorsey@sampleco.test,,2023-05-13 20:34:00,N,Brightpath Labs Ltd - Payroll,,,Dead,100503,,REF-4149,100513,LOT-6460,103657,,,,Inbound Call,,Inactive,,,,,,100308,,100420,,"41,563",,100473,"26,411",5312,Jamie Garcia,,,,,Enterprise,100310,,,,100734,,100784,,,100332,,Active Customer,100079,,,,,100686,Payroll,100638,,100443,,102487
100717,Opportunity,106358,aisha.okafor@acme-fake.test,Omar Mercer,2023-10-06 17:10:00,rahul.nguyen@acme-fake.test,Diego Dorsey,2024-09-13 02:08:00,yara.ashby@examplecorp.test,Alex Ivanov,2025-02-09 14:24:00,mei.cohen@acme-fake.test,,2025-10-12 05:15:00,N,Northwind Retail LLP - Payroll,,,Discovery,100097,,TAG-5345,100238,REF-8715,102149,,,,Inbound Call,100684,Active,,,,,,100568,,100046,,"199,431",Alpha,100101,,,Aisha Patel,,100664,LOT-6427,100305,SMB,100676,,,,100079,,100774,,,100241,,Active Customer,100101,,,,,100353,Back Office,100017,,100334,,104327
100285,Opportunity,106361,quinn.ivanov@examplecorp.test,Taylor Calder,2024-11-02 00:04:00,taylor.sloan@examplecorp.test,Rowan Haddad,2025-04-04 08:35:00,taylor.ford@acme-fake.test,Chen Nguyen,2023-03-05 00:46:00,quinn.mensah@sampleco.test,,2023-09-30 10:52:00,Y,Cobalt Solutions LLC - Staff Augmentation,,100692,Closed Lost,100353,TAG-7467,REF-6686,100518,SKU-3314,104744,,,,Event,,Inactive,,,,,,100723,,100382,,,,,"21,353",,Arjun Mercer,,,REF-2205,,Enterprise,100568,,,,100736,,100631,Delta,,,,Active Customer,100172,,,,,100588,Offshore Team,100265,,100189,,
100498,Opportunity,106364,taylor.costa@acme-fake.test,Mei Kim,2023-06-20 13:13:00,drew.okafor@sampleco.test,Riley Nguyen,2023-08-14 04:20:00,nina.silva@sampleco.test,Quinn Kim,2026-01-29 23:43:00,jamie.haddad@examplecorp.test,,2025-05-23 05:34:00,Y,Northwind Partners LLC - Managed Services,,,Closed Lost,100241,TAG-8109,LOT-6504,100484,SKU-5246,104063,,,,Webinar,100494,Inactive,,,,,,100014,,100517,,"411,230",,100232,"22,176",9278,Aisha Silva,,100291,,100267,New Logo,,,,,100151,,100388,Delta,,,,Active Customer,100044,,,,,100736,Recruiting,,,100709,,102714
100432,Opportunity,106367,arjun.sato@examplecorp.test,Yara Patel,2024-01-29 04:15:00,jordan.haddad@sampleco.test,Sofia Larsson,2023-02-08 04:52:00,aisha.patel@examplecorp.test,Quinn Brooks,2026-07-20 04:54:00,chen.kim@sampleco.test,,2025-08-21 21:48:00,N,Summit Analytics Ltd - Offshore Team,,100080,Discovery,100496,,SKU-3038,100386,SKU-2850,101961,,,,LinkedIn,100702,Active,,,,,,,,100774,,,Alpha,100403,,3670,Rahul Larsson,,,,100301,SMB,100539,,,,100040,,,,,,,Prospect,100542,,,,,,Managed Services,100051,,100627,,103054
100688,Opportunity,106369,avery.nguyen@demomail.test,Diego Dorsey,2026-05-15 17:39:00,marco.ashby@examplecorp.test,Sofia Kim,2025-09-24 10:04:00,yara.patel@acme-fake.test,Morgan Garcia,2025-08-10 01:19:00,mei.whitfield@sampleco.test,,2025-03-28 19:47:00,N,Copper Energy - Payroll,,100517,On Hold,100223,LOT-3950,LOT-6574,100206,LOT-9602,102220,,,,Cold Outreach,100182,Active,,,,,,,,100141,,"330,693",,,"18,181",,Emerson Sato,,100723,,,Enterprise,,,,,100259,,100031,,,100058,,Active Customer,100673,,,,,100101,Offshore Team,100548,,100638,,102064
100777,Opportunity,106370,riley.nguyen@sampleco.test,Chen Kim,2026-06-11 16:46:00,casey.kim@demomail.test,Jordan Silva,2024-10-26 19:08:00,drew.whitfield@acme-fake.test,Yara Silva,2024-05-16 17:30:00,marco.whitfield@sampleco.test,,2024-03-06 12:33:00,N,Delta Networks Co - Staff Augmentation,,100366,Closed Lost,100223,,SKU-9608,100527,,,,,,Partner,,Inactive,,,,,,100184,,,,"36,564",Beta,,,,Diego Costa,101254,,SKU-3062,,Enterprise,,,,,100763,,100063,,,,,Active Customer,100681,,,,,,Recruiting,100511,,100424,,102812
100079,Opportunity,106371,emerson.ivanov@acme-fake.test,Fatima Brooks,2025-10-15 11:26:00,emerson.haddad@acme-fake.test,Taylor Brooks,2024-02-19 19:28:00,mei.ashby@examplecorp.test,Nina Ashby,2025-07-21 02:52:00,jordan.calder@acme-fake.test,Nina Kim,2023-04-10 17:37:00,Y,Vertex Textiles Co - Consulting,,100089,Proposal Sent,100620,,LOT-3731,100731,REF-6291,102695,,,,Referral,100398,Active,,,,,,,,,,"415,464",,100161,"32,128",,Priya Calder,101403,100624,TAG-2776,100107,Enterprise,,,,,100588,,,,,,,Active Customer,100111,,,,,,Offshore Team,,,100649,,104503
100265,Opportunity,106374,rahul.vance@sampleco.test,Nina Whitfield,2025-03-03 23:28:00,diego.costa@sampleco.test,Omar Larsson,2025-04-08 16:22:00,quinn.haddad@sampleco.test,Quinn Haddad,2026-05-19 14:30:00,morgan.larsson@examplecorp.test,,2024-05-31 19:05:00,Y,Summit Textiles Group - Back Office,,100393,Negotiation,100736,,TAG-1919,100314,SKU-1838,104475,,,,Webinar,,Active,,,,,,100042,,,,"273,031",,100398,,2266,Yara Blake,101127,100526,,100558,Enterprise,100115,,,,100513,,100329,,,,,Active Customer,100151,,,,,100391,Offshore Team,100111,,100484,,102889
100129,Opportunity,106376,drew.dorsey@examplecorp.test,Reese Mercer,2023-04-01 04:00:00,taylor.cohen@acme-fake.test,Noah Mercer,2025-02-09 16:24:00,skyler.larsson@acme-fake.test,Diego Cohen,2025-10-27 02:34:00,casey.cohen@demomail.test,,2023-01-31 22:45:00,N,Horizon Ventures Group - Recruiting,,,Negotiation,100248,,REF-2343,100576,TAG-8822,103917,,,,Webinar,,Active,,,,,,100637,,,,,,100075,"24,954",,Avery Mercer,101748,100083,,,Standard,,,,,100449,,100184,,,100370,,Active Customer,100741,,,,,,Consulting,,,100340,,102153
100314,Opportunity,106377,emerson.blake@demomail.test,Elena Ashby,2023-06-26 19:13:00,skyler.cohen@acme-fake.test,Aisha Brooks,2024-02-22 07:49:00,riley.blake@acme-fake.test,Casey Whitfield,2024-06-15 08:19:00,diego.vance@sampleco.test,,2024-12-23 00:55:00,N,Keystone Health LLC - Recruiting,,,Closed Won,100462,,LOT-8680,100025,LOT-1028,103339,,,,Inbound Call,100658,Inactive,,,,,,,,100395,,"151,042",,,"10,556",4948,Taylor Cohen,101381,,REF-9923,,SMB,,,,,100526,,,,,100209,,Active Customer,100467,,,,,100417,Payroll,100506,,100259,,103759
100371,Opportunity,106379,rahul.costa@sampleco.test,Casey Ashby,2026-04-21 01:03:00,alex.dorsey@demomail.test,Yara Kim,2024-05-22 21:51:00,quinn.silva@acme-fake.test,Elena Cohen,2025-01-28 02:30:00,morgan.vance@examplecorp.test,,2023-04-04 22:07:00,Y,Delta Health Co - Recruiting,,,Proposal Sent,100062,,SKU-9591,100486,,103443,,,,LinkedIn,100359,Active,,,,,,,,100319,,"24,045",,,"39,450",4770,Emerson Ford,101194,100044,SKU-2351,100487,Standard,,,,,100186,,100151,Alpha,,100293,,Active Customer,100008,,,,,100115,Payroll,100616,,100089,,104600
100339,Opportunity,106380,fatima.ivanov@demomail.test,Avery Patel,2023-05-08 13:09:00,yara.mensah@examplecorp.test,Elena Reyes,2026-04-06 18:50:00,nina.costa@demomail.test,Priya Ashby,2026-06-03 00:09:00,mei.cohen@sampleco.test,,2025-12-11 20:50:00,N,Northwind Health - Payroll,,,Qualification,100134,TAG-5147,LOT-8869,100509,REF-9381,102009,,,,LinkedIn,,Active,,,,,,100685,,100613,,"423,393",Gamma,100492,"11,450",,Nina Ford,101332,,,,SMB,100169,,,,100044,,100642,Alpha,,,,Active Customer,100217,,,,,100617,Managed Services,100376,,100664,,
100316,Opportunity,106382,jordan.reyes@acme-fake.test,Casey Kim,2026-07-18 00:28:00,emerson.silva@examplecorp.test,Reese Vance,2026-01-29 07:24:00,marco.ivanov@demomail.test,Chen Patel,2026-03-26 04:31:00,avery.larsson@sampleco.test,Noah Larsson,2025-10-22 16:54:00,Y,Keystone Textiles LLP - Consulting,,100459,Closed Won,100122,,TAG-9691,100535,REF-5339,,,,,Event,100063,Inactive,,,,,,,,100049,,"202,680",,,"32,333",,Omar Haddad,100931,100254,LOT-8657,100343,Enterprise,100336,,,,100437,,,,,100042,,Prospect,100281,,,,,100091,Consulting,100062,,100741,,
100786,Opportunity,106384,reese.sloan@acme-fake.test,Emerson Reyes,2026-06-03 15:37:00,reese.rossi@acme-fake.test,Fatima Patel,2024-12-04 18:52:00,chen.sloan@sampleco.test,Arjun Mercer,2025-12-31 19:30:00,avery.sato@sampleco.test,,2026-05-05 02:43:00,N,Meridian Solutions - Recruiting,,100767,Closed Lost,100615,,LOT-7787,100122,TAG-2176,103913,,,,Event,100359,Inactive,,,,,,100708,,100617,,"216,157",,100496,"35,691",,Omar Costa,,100518,SKU-1089,100631,New Logo,100763,,,,100217,,100293,,,,,Prospect,100336,,,,,100034,Offshore Team,100113,,100146,,103712
100620,Opportunity,106386,diego.patel@examplecorp.test,Quinn Dorsey,2025-04-21 19:57:00,marco.okafor@examplecorp.test,Marco Sato,2023-12-17 06:35:00,casey.brooks@sampleco.test,Yara Nguyen,2024-03-04 17:02:00,fatima.brooks@demomail.test,,2025-12-19 16:32:00,Y,Everest Holdings Co - Back Office,,100242,Dead,100613,,TAG-1470,100755,SKU-6229,102920,,,,Inbound Call,100548,Inactive,,,,,,100449,,100103,,,Alpha,,"32,673",5663,Fatima Patel,,100742,LOT-5976,,Enterprise,100604,,,,100388,,,,,,,Prospect,100139,,,,,100265,Managed Services,,,100363,,104020
100371,Opportunity,106388,marco.ashby@acme-fake.test,Liam Reyes,2023-08-13 06:06:00,fatima.cohen@examplecorp.test,Casey Ivanov,2025-10-06 14:56:00,omar.larsson@acme-fake.test,Yara Cohen,2022-12-27 13:19:00,yara.blake@demomail.test,,2024-01-01 08:22:00,Y,Cobalt Foods Corp - Staff Augmentation,,,Closed Lost,100532,REF-5543,REF-6435,100079,REF-8384,102295,,,,Inbound Call,,Inactive,,,,,,,,100031,,,,,"34,981",,Drew Sloan,101283,100042,,100601,Renewal,100333,,,,100393,,100799,,,,,Prospect,100123,,,,,100025,Payroll,100447,,100097,,104587
100189,Opportunity,106389,casey.dorsey@examplecorp.test,Elena Larsson,2025-07-29 02:55:00,skyler.mercer@sampleco.test,Sofia Kim,2025-01-16 23:28:00,priya.garcia@examplecorp.test,Omar Ashby,2023-07-13 02:05:00,drew.dorsey@acme-fake.test,,2024-03-31 01:41:00,Y,Horizon Industries Group - Staff Augmentation,,100017,Discovery,100723,,LOT-4236,100177,TAG-8979,104472,,,,Inbound Call,,Active,,,,,,,,,,,,100531,"37,904",5651,Priya Larsson,101770,100746,,100455,New Logo,,,,,100527,,100424,,,,,Active Customer,100548,,,,,,Back Office,100293,,100569,,102442
100216,Opportunity,106390,liam.nguyen@examplecorp.test,Fatima Patel,2025-01-21 22:57:00,morgan.sloan@examplecorp.test,Noah Mercer,2024-02-10 15:33:00,skyler.nguyen@demomail.test,Taylor Mensah,2024-02-15 09:25:00,morgan.sato@examplecorp.test,,2023-12-07 19:03:00,N,Pioneer Ventures Inc - Back Office,,100115,On Hold,100153,,REF-1899,100301,LOT-2765,104317,,,,Partner,100485,Active,,,,,,100110,,100290,,"473,954",,100241,"31,642",,Jamie Nguyen,100886,,,,Standard,100216,,,,100314,,,Delta,,100165,,Prospect,100063,,,,,,Recruiting,100634,,100735,,
100069,Opportunity,106391,quinn.okafor@sampleco.test,Morgan Dorsey,2023-02-07 04:45:00,priya.mensah@acme-fake.test,Jamie Mercer,2024-01-10 09:30:00,priya.garcia@acme-fake.test,Diego Ivanov,2023-10-20 19:46:00,aisha.mensah@examplecorp.test,,2023-06-12 01:51:00,Y,Brightpath Group LLP - Payroll,,100180,Closed Won,100518,,LOT-8009,100492,,103064,,,,LinkedIn,100652,Inactive,,,,,,100106,,100352,,"90,806",,100722,"1,410",4625,Diego Sloan,100857,,SKU-3904,,New Logo,100223,,,,100235,,,,,100189,,Active Customer,100475,,,,,100555,Offshore Team,100490,,100343,,
100467,Opportunity,106394,elena.sato@demomail.test,Jordan Nguyen,2023-05-07 06:01:00,morgan.ashby@examplecorp.test,Casey Dorsey,2024-11-28 22:11:00,nina.ashby@examplecorp.test,Avery Vance,2026-07-27 11:29:00,mei.dorsey@acme-fake.test,,2024-09-21 07:00:00,Y,Horizon Media Co - Recruiting,,100192,Qualification,100010,SKU-2638,LOT-9791,100798,SKU-3553,103022,,,,Event,100792,Active,,,,,,100467,,,,,Other,,,,Diego Vance,101166,100574,,,Enterprise,100715,,,,100418,,100627,,,100479,,Prospect,100750,,,,,100282,Staff Augmentation,100522,,100111,,102462
100672,Opportunity,106395,mei.vance@sampleco.test,Rahul Ford,2023-04-23 16:10:00,morgan.costa@examplecorp.test,Fatima Brooks,2024-06-11 01:18:00,jamie.whitfield@sampleco.test,Mei Larsson,2022-12-04 11:47:00,jordan.patel@acme-fake.test,,2023-10-28 01:16:00,N,Granite Health - Back Office,,100288,Negotiation,100497,,REF-2463,100197,SKU-8710,104532,,,,Cold Outreach,,Active,,,,,,100129,,,,"338,247",Alpha,100792,"14,865",4197,Taylor Sato,100891,100777,SKU-5070,,New Logo,,,,,100186,,,,,,,Prospect,100086,,,,,100012,Consulting,100239,,100056,,102916
100796,Opportunity,106396,yara.kim@demomail.test,Rowan Ford,2026-03-28 04:13:00,casey.sloan@examplecorp.test,Quinn Silva,2025-05-05 19:58:00,avery.silva@acme-fake.test,Quinn Dorsey,2025-06-27 06:54:00,diego.kim@examplecorp.test,,2024-02-22 03:10:00,Y,Horizon Media Group - Managed Services,,100188,Negotiation,100164,REF-8603,TAG-6154,100044,,103452,,,,Event,100104,Active,,,,,,100008,,100498,,"254,880",,100579,,,Jordan Dorsey,,100744,,,Standard,100172,,,,100245,,100543,,,,,Prospect,100712,,,,,100447,Back Office,100119,,100190,,102662
100126,Opportunity,106397,aisha.sloan@sampleco.test,Jordan Ivanov,2024-04-25 15:16:00,reese.vance@sampleco.test,Aisha Ford,2026-06-23 08:46:00,arjun.mensah@acme-fake.test,Mei Kim,2025-01-01 05:46:00,aisha.reyes@demomail.test,,2026-02-07 14:22:00,N,Keystone Financial Corp - Offshore Team,,100632,Closed Lost,100386,,REF-9894,100565,LOT-7219,103331,,,,Event,100464,Inactive,,,,,,,,100631,,"358,842",Gamma,100234,"18,841",1167,Arjun Rossi,101198,100217,,100772,New Logo,100223,,,,100245,,100717,Alpha,,100208,,Active Customer,100632,,,,,100051,Recruiting,100459,,100705,,
100097,Opportunity,106398,rowan.silva@sampleco.test,Reese Whitfield,2023-01-17 15:55:00,nina.rossi@demomail.test,Arjun Ivanov,2023-01-19 07:09:00,rahul.kim@sampleco.test,Sofia Sato,2026-06-26 19:49:00,avery.ford@demomail.test,Liam Sloan,2024-05-29 23:52:00,N,Evergreen Media LLP - Recruiting,,,Qualification,100020,,REF-2115,100301,,104523,,,,Website,100746,Active,,,,,,,,100282,,,,,"13,277",,Priya Garcia,101003,100328,,100772,Standard,100777,,,,100457,,,,,100454,,Active Customer,100601,,,,,,Offshore Team,,,100694,,103807
100796,Opportunity,106399,mei.blake@examplecorp.test,Noah Ashby,2024-04-11 21:51:00,rowan.patel@demomail.test,Rowan Reyes,2022-10-08 21:27:00,yara.haddad@demomail.test,Riley Larsson,2025-06-22 11:50:00,priya.reyes@acme-fake.test,,2023-07-26 08:03:00,Y,Beacon Labs LLP - Offshore Team,,,On Hold,100632,LOT-9605,SKU-2295,100759,TAG-5448,103931,,,,Webinar,100799,Active,,,,,,100702,,,,"283,928",Delta,100213,,,Avery Okafor,,100348,,100440,Standard,,,,,100410,,,,,,,Active Customer,100185,,,,,100239,Recruiting,100796,,100336,,103294
100209,Opportunity,106401,morgan.silva@demomail.test,Sofia Kim,2023-05-06 18:50:00,alex.ivanov@examplecorp.test,Alex Mensah,2026-06-10 14:40:00,alex.larsson@sampleco.test,Chen Okafor,2024-10-09 17:58:00,priya.mensah@sampleco.test,Skyler Silva,2023-07-17 16:01:00,Y,Horizon Group Group - Staff Augmentation,,,Closed Won,100569,,LOT-9730,100128,REF-5244,104453,,,,Referral,100025,Inactive,,,,,,100016,,100115,,"368,411",,,"34,264",,Morgan Okafor,100891,,,,SMB,,,,,100632,,,,,100106,,Active Customer,100415,,,,,100582,Consulting,100494,,100122,,103459
100593,Opportunity,106402,arjun.mercer@demomail.test,Sofia Haddad,2024-12-20 23:40:00,omar.dorsey@sampleco.test,Casey Vance,2025-02-24 19:50:00,priya.calder@demomail.test,Casey Ashby,2024-07-01 17:25:00,diego.blake@acme-fake.test,,2022-10-24 16:45:00,N,Blue Ridge Financial Corp - Recruiting,,100532,Closed Won,100434,LOT-2945,TAG-6352,100620,SKU-5175,104253,,,,Partner,100683,Inactive,,,,,,100449,,100143,,,,100184,"14,034",,Mei Blake,100870,,,100676,Standard,100020,,,,100388,,100481,,,100672,,Active Customer,100469,,,,,,Consulting,,,100158,,103646
100627,Opportunity,106404,noah.ford@demomail.test,Noah Larsson,2024-08-08 04:26:00,jordan.ashby@acme-fake.test,Elena Rossi,2026-01-08 11:05:00,alex.vance@examplecorp.test,Nina Mensah,2026-07-27 15:44:00,liam.calder@sampleco.test,,2024-07-25 04:34:00,N,Summit Group - Staff Augmentation,,,Negotiation,100352,,REF-6655,100497,,104154,,,,Cold Outreach,100642,Active,,,,,,,,100638,,"444,311",,,"38,585",9054,Jordan Garcia,,,,,New Logo,100066,,,,100598,,100443,,,,,Active Customer,100238,,,,,100110,Consulting,100686,,100241,,103971
100574,Opportunity,106405,mei.dorsey@examplecorp.test,Reese Okafor,2023-12-09 17:07:00,reese.silva@sampleco.test,Omar Sloan,2024-08-06 00:20:00,sofia.blake@examplecorp.test,Sofia Calder,2026-05-17 01:00:00,riley.cohen@acme-fake.test,,2025-08-04 12:07:00,Y,Cardinal Holdings Co - Staff Augmentation,,,Closed Lost,100432,,SKU-8534,100195,TAG-5794,102843,,,,LinkedIn,,Inactive,,,,,,,,,,,,,"20,607",,Avery Kim,,100277,LOT-4119,,SMB,,,,,100610,,,,,100208,,Active Customer,100182,,,,,100601,Back Office,,,100686,,103623
100164,Opportunity,106408,casey.okafor@acme-fake.test,Jamie Haddad,2022-11-27 05:57:00,noah.silva@sampleco.test,Sofia Sloan,2024-01-08 12:09:00,fatima.blake@demomail.test,Omar Sato,2026-04-21 09:06:00,priya.rossi@examplecorp.test,,2023-12-10 14:52:00,N,Keystone Health - Consulting,,,Closed Won,100386,SKU-2343,LOT-6762,100516,REF-7054,104460,,,,Referral,100134,Inactive,,,,,,100638,,,,"494,627",,,,,Yara Blake,101216,,TAG-4989,,Enterprise,100774,,,,100796,,100796,,,100468,,Active Customer,100298,,,,,100134,Staff Augmentation,100046,,100734,,
100148,Opportunity,106411,skyler.mercer@demomail.test,Fatima Ivanov,2025-10-24 14:30:00,elena.okafor@examplecorp.test,Aisha Rossi,2025-02-25 22:46:00,casey.mensah@sampleco.test,Sofia Silva,2023-02-23 00:54:00,reese.silva@demomail.test,,2025-01-17 13:31:00,Y,Cobalt Media LLC - Back Office,,,Closed Won,100736,,REF-6500,100474,SKU-9864,102786,,,,Cold Outreach,,Inactive,,,,,,100012,,100239,,"364,360",Beta,100526,"19,308",7136,Fatima Costa,101689,,LOT-9492,100079,Standard,100622,,,,100103,,100293,,,100241,,Prospect,100531,,,,,100388,Offshore Team,100309,,100377,,
100075,Opportunity,106412,riley.vance@examplecorp.test,Arjun Dorsey,2025-04-09 04:00:00,avery.dorsey@sampleco.test,Reese Reyes,2023-10-08 19:31:00,omar.ford@examplecorp.test,Mei Calder,2024-02-14 20:39:00,mei.mercer@examplecorp.test,,2025-03-19 01:24:00,Y,Northwind Ventures Ltd - Consulting,,100342,Proposal Sent,100316,SKU-9237,SKU-5575,100126,SKU-2643,,,,,Webinar,,Active,,,,,,,,100457,,"224,132",,100325,"32,614",,Priya Kim,,100286,,100336,Renewal,,,,,100129,,100060,,,,,Prospect,100129,,,,,100141,Staff Augmentation,100624,,100374,,103406
100588,Opportunity,106415,sofia.silva@sampleco.test,Avery Sloan,2026-04-07 04:59:00,chen.calder@examplecorp.test,Elena Kim,2026-07-11 00:52:00,quinn.kim@sampleco.test,Casey Sloan,2025-03-27 19:27:00,emerson.larsson@examplecorp.test,,2023-08-06 00:05:00,N,Blue Ridge Labs LLP - Staff Augmentation,,,On Hold,100319,,TAG-2860,100481,SKU-8260,103426,,,,Website,100686,Active,,,,,,100123,,100345,,"347,235",Delta,,,,Noah Costa,100990,,,,Renewal,,,,,100216,,100171,,,100417,,Prospect,100395,,,,,,Consulting,100481,,100334,,103873
100552,Opportunity,106416,fatima.mensah@acme-fake.test,Casey Whitfield,2023-10-29 19:24:00,riley.brooks@demomail.test,Drew Ivanov,2024-02-07 11:56:00,arjun.okafor@sampleco.test,Jordan Vance,2026-05-18 09:36:00,arjun.vance@examplecorp.test,,2024-09-30 07:33:00,Y,Horizon Analytics Group - Offshore Team,,100129,Negotiation,100153,,SKU-7738,100503,LOT-2114,102127,,,,Event,,Active,,,,,,100517,,100690,,,,,"3,496",,Alex Rossi,101737,,,100742,Renewal,,,,,100610,,,,,100542,,Prospect,100569,,,,,100777,Staff Augmentation,100786,,100216,,
100628,Opportunity,106417,avery.patel@acme-fake.test,Fatima Dorsey,2025-09-02 20:09:00,emerson.mercer@sampleco.test,Alex Ashby,2024-01-30 23:55:00,skyler.ashby@acme-fake.test,Morgan Patel,2022-12-05 08:35:00,fatima.kim@demomail.test,,2026-03-20 20:26:00,N,Brightpath Foods LLP - Recruiting,,,Qualification,100051,,LOT-2329,100554,SKU-3273,103965,,,,Referral,,Active,,,,,,,,100003,,,,,"36,567",,Sofia Ivanov,101167,100248,,100470,New Logo,,,,,100286,,100796,Gamma,,100267,,Active Customer,100374,,,,,100395,Staff Augmentation,,,100322,,104600
100393,Opportunity,106418,skyler.ford@demomail.test,Riley Garcia,2024-07-24 03:42:00,chen.haddad@demomail.test,Quinn Ford,2026-07-05 17:16:00,noah.ashby@sampleco.test,Noah Cohen,2026-01-25 02:00:00,morgan.vance@examplecorp.test,,2026-07-31 01:36:00,N,Blue Ridge Capital Inc - Consulting,,100363,Discovery,100316,LOT-9081,SKU-3958,100494,TAG-2331,103792,,,,Inbound Call,,Active,,,,,,,,,,"166,826",,100656,"10,180",,Riley Haddad,101498,100060,LOT-6569,100516,Enterprise,100282,,,,100309,,100656,,,100415,,Prospect,100053,,,,,100516,Back Office,,,100132,,
100030,Opportunity,106419,fatima.silva@examplecorp.test,Mei Ivanov,2025-08-12 01:58:00,casey.reyes@sampleco.test,Priya Mensah,2026-05-12 11:51:00,morgan.brooks@sampleco.test,Rahul Ford,2024-05-03 17:28:00,omar.sato@examplecorp.test,,2023-05-02 15:47:00,Y,Beacon Ventures Ltd - Managed Services,,100429,Discovery,100509,,LOT-1273,100798,TAG-8244,103937,,,,Event,100708,Active,,,,,,100432,,,,,,100339,"38,740",,Skyler Ashby,,,,100277,SMB,,,,,100771,,100468,Gamma,,100008,,Active Customer,100177,,,,,,Staff Augmentation,,,100203,,103497
100708,Opportunity,106421,arjun.calder@examplecorp.test,Rahul Calder,2025-06-27 00:43:00,priya.mercer@examplecorp.test,Taylor Dorsey,2024-10-26 20:43:00,quinn.mensah@acme-fake.test,Nina Calder,2026-03-29 16:48:00,morgan.costa@acme-fake.test,,2025-03-07 14:03:00,N,Keystone Systems LLP - Recruiting,,100738,Closed Won,100456,,SKU-2329,100670,TAG-1164,102857,,,,Website,,Inactive,,,,,,100060,,100313,,"427,222",Standard,,"34,128",,Fatima Calder,,,,100106,Enterprise,,,,,100224,,100164,,,,,Prospect,100770,,,,,100348,Consulting,,,100699,,104298
100573,Opportunity,106423,morgan.ivanov@demomail.test,Rahul Costa,2024-08-07 11:33:00,arjun.nguyen@acme-fake.test,Diego Mercer,2025-01-15 17:13:00,riley.patel@examplecorp.test,Omar Brooks,2023-10-29 07:04:00,chen.larsson@acme-fake.test,,2024-07-03 04:07:00,N,Falcon Media Corp - Payroll,,100026,Discovery,100455,,SKU-6696,100731,SKU-1936,104174,,,,Referral,100520,Active,,,,,,100188,,,,,Delta,,"15,967",,Emerson Costa,101591,,LOT-2995,100049,SMB,,,,,100788,,100574,,,100062,,Prospect,100473,,,,,,Offshore Team,100654,,100722,,
100542,Opportunity,106426,jordan.dorsey@sampleco.test,Drew Okafor,2023-06-11 03:02:00,liam.ashby@demomail.test,Taylor Mensah,2026-03-17 13:02:00,reese.ford@demomail.test,Jordan Mercer,2025-02-19 14:20:00,aisha.rossi@examplecorp.test,,2024-01-06 08:33:00,N,Everest Industries - Consulting,,,Dead,100090,,SKU-8994,100767,,103963,,,,Webinar,100763,Inactive,,,,,,100058,,100667,,,,,"5,282",124,Omar Larsson,,100086,,100679,SMB,100298,,,,100522,,100702,,,100123,,Active Customer,100216,,,,,,Staff Augmentation,,,100319,,
100403,Opportunity,106429,fatima.reyes@demomail.test,Noah Dorsey,2023-12-16 21:22:00,alex.silva@examplecorp.test,Fatima Rossi,2025-09-22 14:02:00,arjun.cohen@examplecorp.test,Rowan Mercer,2025-03-09 22:19:00,emerson.reyes@acme-fake.test,,2025-09-28 00:13:00,N,Everest Health Group - Recruiting,,,Closed Won,100343,,LOT-2508,100165,SKU-6044,104651,,,,Webinar,100597,Inactive,,,,,,100117,,100099,,,,,"20,418",,Drew Okafor,101054,,LOT-8308,100607,Enterprise,,,,,100164,,,,,100029,,Active Customer,100620,,,,,,Staff Augmentation,100597,,100426,,
100736,Opportunity,106432,priya.ashby@examplecorp.test,Rahul Mercer,2025-04-29 10:57:00,sofia.vance@examplecorp.test,Liam Reyes,2024-07-09 13:41:00,elena.larsson@examplecorp.test,Aisha Dorsey,2025-12-07 18:37:00,chen.costa@acme-fake.test,,2025-08-09 11:19:00,Y,Ironwood Analytics - Consulting,,,Closed Won,100269,,REF-2339,100034,LOT-6485,102983,,,,Referral,,Inactive,,,,,,,,,,,,100652,"14,720",,Quinn Whitfield,101776,100424,TAG-1186,100759,New Logo,100777,,,,100603,,,,,,,Prospect,100494,,,,,,Consulting,100579,,100487,,102144
100281,Opportunity,106435,marco.rossi@examplecorp.test,Arjun Silva,2023-08-23 05:27:00,casey.larsson@demomail.test,Diego Sato,2024-07-17 12:02:00,mei.mercer@sampleco.test,Avery Whitfield,2026-01-30 13:56:00,yara.ivanov@sampleco.test,,2025-12-14 14:34:00,Y,Cobalt Media - Payroll,,100681,Closed Lost,100574,,TAG-9023,100103,SKU-8119,103114,,,,Webinar,100192,Inactive,,,,,,100699,,100607,,,Alpha,100185,"14,470",,Emerson Rossi,101670,,,100383,Enterprise,100344,,,,100386,,,Delta,,,,Prospect,100712,,,,,100377,Payroll,100216,,100215,,
100044,Opportunity,106436,quinn.okafor@acme-fake.test,Emerson Mensah,2025-07-22 17:05:00,casey.rossi@examplecorp.test,Marco Patel,2026-03-11 17:54:00,nina.vance@acme-fake.test,Quinn Rossi,2024-06-29 07:42:00,mei.sloan@examplecorp.test,,2025-05-07 18:08:00,N,Vertex Holdings Corp - Recruiting,,,Discovery,100676,,REF-7245,100686,TAG-9719,103635,,,,Cold Outreach,,Active,,,,,,,,100482,,,Delta,100712,,,Casey Haddad,,,REF-1088,,New Logo,,,,,100168,,,,,,,Prospect,100172,,,,,100522,Recruiting,100254,,100420,,103054
100654,Opportunity,106438,fatima.patel@demomail.test,Nina Okafor,2023-01-07 15:52:00,marco.dorsey@demomail.test,Taylor Ashby,2023-05-25 15:33:00,taylor.ford@examplecorp.test,Emerson Nguyen,2024-03-06 06:52:00,fatima.costa@demomail.test,,2024-08-12 13:07:00,N,Copper Industries Inc - Managed Services,,100009,Discovery,100723,,TAG-2417,100683,REF-8712,102970,,,,Website,,Active,,,,,,100418,,,,"343,811",Beta,100520,"3,604",,Nina Dorsey,100902,100265,,,Enterprise,,,,,100241,,,,,,,Active Customer,100617,,,,,,Payroll,100481,,100272,,103874
100432,Opportunity,106440,mei.calder@acme-fake.test,Quinn Larsson,2025-04-14 10:09:00,arjun.calder@demomail.test,Yara Silva,2025-04-08 12:01:00,avery.silva@sampleco.test,Yara Nguyen,2025-12-11 13:40:00,casey.brooks@examplecorp.test,,2025-07-29 06:49:00,Y,Falcon Dynamics - Offshore Team,,100227,Closed Won,100723,,LOT-5615,100426,REF-9756,102029,,,,Event,,Inactive,,,,,,100308,,100322,,"33,238",Beta,100103,"2,255",,Fatima Garcia,100927,,,100123,Standard,100455,,,,100731,,,,,,,Active Customer,100571,,,,,100598,Back Office,100440,,100091,,
100482,Opportunity,106441,rahul.garcia@acme-fake.test,Alex Sloan,2026-03-18 04:25:00,aisha.ashby@sampleco.test,Aisha Dorsey,2025-06-20 14:17:00,emerson.rossi@examplecorp.test,Arjun Dorsey,2024-04-05 08:35:00,taylor.patel@examplecorp.test,,2026-04-25 12:29:00,N,Pioneer Labs Corp - Payroll,,,Closed Lost,100765,,LOT-6938,100189,TAG-5542,103761,,,,Cold Outreach,,Inactive,,,,,,100469,,100285,,,,100265,,,Jamie Sloan,101535,,,100040,Enterprise,,,,,100319,,100009,Gamma,,,,Prospect,100792,,,,,100168,Offshore Team,100704,,100129,,102487
100041,Opportunity,106442,marco.calder@demomail.test,Jamie Costa,2026-01-10 12:43:00,diego.ashby@demomail.test,Liam Patel,2026-02-24 05:15:00,avery.mercer@sampleco.test,Quinn Garcia,2025-08-21 03:40:00,rahul.brooks@acme-fake.test,,2024-09-19 17:01:00,Y,Harbor Retail Corp - Staff Augmentation,,100374,Closed Won,100777,,SKU-2098,100569,SKU-7530,102142,,,,LinkedIn,100386,Inactive,,,,,,,,,,"350,739",,100236,"2,100",,Sofia Rossi,101152,100447,TAG-8121,,Renewal,,,,,100259,,100559,,,,,Prospect,100301,,,,,100123,Managed Services,100262,,100715,,104523
100058,Opportunity,106443,avery.cohen@examplecorp.test,Liam Brooks,2023-09-08 09:59:00,liam.sloan@acme-fake.test,Sofia Whitfield,2026-03-12 12:03:00,jamie.ivanov@acme-fake.test,Priya Ashby,2023-10-29 16:46:00,noah.blake@examplecorp.test,,2023-01-30 20:04:00,N,Cardinal Networks Co - Recruiting,,100487,Discovery,100012,SKU-9846,TAG-8229,100141,LOT-1151,104531,,,,Event,100126,Active,,,,,,100484,,100591,,"433,314",,,,,Rahul Larsson,101183,,TAG-6465,100388,New Logo,,,,,100454,,,,,100681,,Active Customer,100132,,,,,100582,Offshore Team,,,100185,,104744
100293,Opportunity,106446,omar.mensah@acme-fake.test,Taylor Dorsey,2023-10-05 05:36:00,jamie.haddad@sampleco.test,Quinn Okafor,2025-08-27 14:30:00,jordan.mensah@demomail.test,Priya Mercer,2023-03-17 08:29:00,alex.silva@demomail.test,,2024-04-30 23:38:00,Y,Cobalt Robotics Corp - Recruiting,,100538,Closed Lost,100389,LOT-4183,SKU-9744,100117,REF-6217,103796,,,,Referral,100186,Inactive,,,,,,100186,,100313,,"296,773",Standard,100192,,,Rowan Rossi,101283,100203,,,Standard,100099,,,,100767,,100340,,,100097,,Active Customer,100080,,,,,100040,Offshore Team,,,100744,,104347
100526,Opportunity,106448,omar.larsson@acme-fake.test,Nina Sloan,2025-04-09 10:54:00,skyler.rossi@acme-fake.test,Marco Silva,2024-06-06 17:59:00,reese.garcia@examplecorp.test,Jamie Garcia,2025-01-29 03:25:00,arjun.dorsey@sampleco.test,,2025-12-05 17:19:00,Y,Falcon Media Group - Recruiting,,100139,Closed Lost,100132,LOT-9913,LOT-4752,100302,SKU-3249,103437,,,,Webinar,100014,Inactive,,,,,,100141,,,,,,,,5959,Liam Patel,100922,,REF-7384,100546,Renewal,100370,,,,100340,,,,,,,Active Customer,100248,,,,,,Staff Augmentation,,,100262,,
100208,Opportunity,106449,marco.nguyen@acme-fake.test,Liam Vance,2025-11-28 03:56:00,taylor.cohen@acme-fake.test,Elena Larsson,2026-06-27 23:28:00,chen.patel@demomail.test,Fatima Sloan,2025-12-16 21:04:00,arjun.reyes@demomail.test,,2026-04-27 13:26:00,N,Everest Retail - Offshore Team,,100772,Discovery,100070,,LOT-3176,100576,SKU-6426,102384,,,,LinkedIn,100134,Active,,,,,,100696,,100487,,"249,058",,100227,"29,431",,Jamie Garcia,101271,,TAG-2458,100037,New Logo,100257,,,,100215,,,,,,,Prospect,100558,,,,,100377,Back Office,,,100363,,104651
100259,Opportunity,106450,nina.cohen@sampleco.test,Emerson Whitfield,2024-11-30 19:57:00,reese.mensah@sampleco.test,Drew Blake,2024-08-08 05:53:00,rahul.brooks@sampleco.test,Reese Costa,2026-01-24 07:47:00,diego.ashby@demomail.test,,2026-04-28 11:17:00,N,Lakeside Retail LLP - Staff Augmentation,,100803,Qualification,100555,,SKU-6978,100168,SKU-7417,102331,,,,Webinar,100089,Active,,,,,,,,100771,,"145,729",,100097,,,Rowan Ford,101239,100685,TAG-1881,100232,Enterprise,100712,,,,100391,,100520,,,100447,,Prospect,100265,,,,,100585,Consulting,100712,Alpha,100704,,
100046,Opportunity,106453,jamie.whitfield@demomail.test,Mei Okafor,2025-06-25 23:22:00,alex.brooks@sampleco.test,Avery Kim,2024-08-31 04:51:00,priya.brooks@sampleco.test,Quinn Okafor,2022-10-19 16:37:00,marco.whitfield@demomail.test,,2023-05-22 08:32:00,N,Silverline Textiles LLC - Back Office,,100729,Closed Won,100462,,SKU-4860,100220,REF-1085,103931,,,,Inbound Call,100280,Inactive,,,,,,100366,,100212,,"96,451",Other,,"24,101",,Rahul Garcia,101113,100415,SKU-7600,,New Logo,100664,,,,100180,,,,,100165,,Active Customer,100239,,,,,,Back Office,100559,,100389,,
100383,Opportunity,106455,morgan.garcia@sampleco.test,Rahul Whitfield,2024-11-22 13:40:00,taylor.okafor@demomail.test,Arjun Dorsey,2026-01-20 07:24:00,sofia.ford@examplecorp.test,Sofia Patel,2024-05-06 14:25:00,omar.garcia@sampleco.test,,2025-01-17 01:17:00,N,Harbor Logistics Co - Payroll,,100690,Closed Won,100173,,TAG-8820,100760,REF-4250,101897,,,,Cold Outreach,100227,Inactive,,,,,,,,,,"191,990",,100459,"35,912",4184,Alex Calder,,100492,,100692,SMB,100405,,,,100736,,100455,Other,,,,Active Customer,100788,,,,,,Managed Services,100723,,100153,,102452
100641,Opportunity,106458,marco.brooks@sampleco.test,Casey Rossi,2023-01-27 22:58:00,marco.cohen@acme-fake.test,Skyler Blake,2026-02-24 05:26:00,quinn.sato@sampleco.test,Aisha Dorsey,2023-05-27 22:17:00,emerson.larsson@sampleco.test,,2026-07-31 08:06:00,Y,Keystone Foods Corp - Payroll,,100742,Closed Won,100091,TAG-4404,TAG-5830,100171,LOT-4366,103237,,,,Cold Outreach,,Inactive,,,,,,100530,,100344,,,,100026,"12,066",,Morgan Reyes,101238,,SKU-2133,100146,SMB,,,,,100593,,,,,,,Prospect,100141,,,,,,Payroll,100486,,100440,,102326
100473,Opportunity,106461,elena.nguyen@demomail.test,Aisha Ivanov,2024-06-21 20:42:00,yara.cohen@acme-fake.test,Arjun Whitfield,2022-11-20 13:17:00,taylor.haddad@demomail.test,Alex Reyes,2025-04-10 06:00:00,elena.larsson@sampleco.test,,2023-11-16 19:57:00,N,Brightpath Textiles Ltd - Recruiting,,100262,Dead,100325,SKU-7396,REF-8793,100527,LOT-4280,102805,,,,Referral,100744,Inactive,,,,,,,,100469,,"38,430",Beta,100722,"1,859",,Diego Cohen,101516,100255,SKU-7148,,Renewal,100030,,,,100684,,100656,Delta,,100617,,Active Customer,100765,,,,,100153,Managed Services,,,100770,,103680
100484,Opportunity,106464,rahul.rossi@examplecorp.test,Mei Mensah,2023-04-26 00:53:00,drew.silva@demomail.test,Nina Kim,2024-10-29 20:03:00,diego.costa@acme-fake.test,Priya Brooks,2023-12-22 00:13:00,arjun.blake@acme-fake.test,,2022-10-22 01:11:00,Y,Harbor Financial Group - Staff Augmentation,,100241,Dead,100309,,SKU-8245,100518,LOT-5203,,,,,Website,100053,Inactive,,,,,,100654,,100475,,,,100452,,,Casey Whitfield,,,,100656,Standard,100123,,,,100429,,,,,100482,,Prospect,100353,,,,,100371,Offshore Team,,,100485,,
100552,Opportunity,106465,fatima.cohen@examplecorp.test,Diego Mensah,2024-01-16 17:38:00,emerson.rossi@examplecorp.test,Jordan Nguyen,2023-06-07 17:41:00,alex.nguyen@demomail.test,Reese Patel,2026-01-31 20:28:00,reese.mercer@acme-fake.test,,2024-07-08 22:40:00,N,Falcon Foods Corp - Managed Services,,100216,Proposal Sent,100136,,SKU-2139,100063,REF-2172,103784,,,,Referral,100426,Active,,,,,,100571,,100585,,"440,471",Gamma,,"18,720",6319,Arjun Mensah,101306,100699,LOT-6538,100049,Renewal,,,,,100616,,,Other,,,,Prospect,100146,,,,,100056,Payroll,,,100398,,103374
100708,Opportunity,106466,mei.okafor@demomail.test,Emerson Cohen,2024-05-09 03:35:00,mei.nguyen@acme-fake.test,Liam Brooks,2026-02-09 17:29:00,fatima.ford@sampleco.test,Aisha Dorsey,2025-04-20 07:07:00,yara.sato@demomail.test,,2022-10-18 22:10:00,N,Cobalt Solutions Inc - Offshore Team,,100272,Closed Won,100305,,SKU-5505,100107,LOT-9609,103741,,,,LinkedIn,100126,Inactive,,,,,,100197,,,,,,100310,,2320,Rowan Ford,101446,100750,SKU-5670,,Enterprise,100479,,,,100345,,100314,,,100083,,Active Customer,100585,,,,,,Back Office,100526,,100479,,102328
100516,Opportunity,106467,mei.ashby@demomail.test,Fatima Nguyen,2025-09-25 01:50:00,sofia.patel@sampleco.test,Taylor Costa,2025-05-06 02:17:00,reese.sloan@acme-fake.test,Emerson Nguyen,2025-11-14 12:55:00,arjun.ashby@examplecorp.test,,2025-03-27 00:03:00,Y,Harbor Robotics LLC - Offshore Team,,100386,Closed Won,100582,,SKU-2149,100788,SKU-8670,102605,,,,Event,100197,Inactive,,,,,,100334,,100646,,,,100282,"6,119",,Skyler Calder,,100029,TAG-1490,100535,Enterprise,100559,,,,100571,,,,,,,Active Customer,100086,,,,,,Consulting,100477,,100073,,104321
100656,Opportunity,106469,jamie.garcia@examplecorp.test,Mei Patel,2026-07-22 11:53:00,quinn.brooks@demomail.test,Yara Kim,2023-03-23 23:46:00,liam.vance@sampleco.test,Fatima Ford,2024-08-13 10:28:00,arjun.cohen@acme-fake.test,,2025-03-03 03:17:00,N,Summit Industries Group - Back Office,,100023,Discovery,100351,TAG-4906,TAG-7202,100490,REF-4647,103610,,,,Inbound Call,100410,Active,,,,,,100122,,,,"84,970",Delta,,"20,847",,Morgan Sato,101565,,LOT-3732,100627,New Logo,,,,,100185,,100699,,,100208,,Prospect,100332,,,,,,Recruiting,,,100432,,
100696,Opportunity,106471,fatima.calder@sampleco.test,Liam Ivanov,2024-05-13 21:05:00,riley.blake@demomail.test,Elena Ivanov,2023-11-17 14:12:00,fatima.sato@acme-fake.test,Priya Nguyen,2023-10-19 05:43:00,rahul.rossi@sampleco.test,,2025-04-14 13:36:00,N,Northwind Industries Inc - Recruiting,,,Closed Won,100382,,LOT-9345,100426,SKU-7480,104841,,,,Referral,100363,Inactive,,,,,,,,100624,,,,,,,Rahul Vance,101497,100235,LOT-4651,,SMB,,,,,100298,,100475,,,100597,,Prospect,100151,,,,,100610,Recruiting,100224,,100328,,
100097,Opportunity,106474,casey.larsson@examplecorp.test,Priya Nguyen,2024-03-14 23:00:00,jamie.sato@examplecorp.test,Sofia Reyes,2023-05-31 19:16:00,nina.blake@demomail.test,Reese Whitfield,2024-02-01 17:34:00,mei.okafor@demomail.test,,2023-02-26 09:51:00,N,Copper Textiles Co - Back Office,,100161,Qualification,100239,,TAG-1824,100173,REF-2735,102417,,,,Event,100723,Active,,,,,,100469,,100774,,"214,080",,100538,"29,862",,Priya Ivanov,,100530,,,Renewal,100153,,,,100009,,,Beta,,100632,,Prospect,100023,,,,,100415,Back Office,,,100631,,104792
100334,Opportunity,106477,fatima.haddad@examplecorp.test,Emerson Larsson,2025-03-28 08:02:00,marco.vance@demomail.test,Alex Calder,2023-10-29 18:58:00,sofia.vance@examplecorp.test,Rowan Rossi,2024-01-25 20:02:00,yara.rossi@demomail.test,,2023-03-20 08:13:00,N,Granite Foods - Staff Augmentation,,,On Hold,100531,,TAG-3943,100091,REF-8883,,,,,Event,100075,Active,,,,,,100789,,100305,,"72,557",,100188,"31,565",,Marco Mensah,101400,100331,SKU-2001,100079,Enterprise,,,,,100224,,100169,Other,,,,Active Customer,100543,,,,,100601,Managed Services,100408,,100445,,101915
100749,Opportunity,106479,drew.okafor@sampleco.test,Yara Ford,2024-08-06 20:01:00,liam.calder@acme-fake.test,Liam Ford,2025-01-06 14:49:00,diego.vance@examplecorp.test,Skyler Larsson,2025-01-17 00:08:00,omar.patel@acme-fake.test,,2024-12-11 04:05:00,Y,Northwind Retail LLC - Offshore Team,,100796,Closed Won,100079,,REF-9521,100058,LOT-4096,102624,,,,Event,100573,Inactive,,,,,,100462,,100661,,,Delta,100516,,,Rowan Dorsey,101607,100215,TAG-6096,100086,Enterprise,,,,,100667,,,,,100418,,Active Customer,100616,,,,,100454,Offshore Team,100091,,100344,,103517
100215,Opportunity,106480,taylor.mercer@acme-fake.test,Aisha Brooks,2023-05-16 12:30:00,morgan.reyes@demomail.test,Avery Whitfield,2024-11-12 12:11:00,emerson.ivanov@examplecorp.test,Yara Mensah,2023-07-15 18:43:00,reese.garcia@demomail.test,,2026-04-03 15:09:00,Y,Harbor Group Corp - Back Office,,,Negotiation,100104,,LOT-6764,100552,LOT-5504,104825,,,,Partner,100582,Active,,,,,,,,,,"96,252",,,"20,716",,Emerson Rossi,101700,,TAG-9123,,Enterprise,,,,,100462,,,,,100151,,Prospect,100585,,,,,100391,Payroll,100113,,100329,,103388
100723,Opportunity,106481,sofia.sato@acme-fake.test,Omar Blake,2025-06-23 19:41:00,emerson.reyes@sampleco.test,Yara Vance,2025-02-27 13:11:00,marco.blake@sampleco.test,Quinn Mensah,2024-05-01 04:47:00,jordan.reyes@acme-fake.test,,2023-11-22 17:31:00,Y,Meridian Financial Ltd - Recruiting,,,Closed Won,100588,,SKU-2264,100314,LOT-1780,104047,,,,Referral,,Inactive,,,,,,,,100377,,"376,805",,100772,"27,530",,Quinn Mercer,,,,100070,Standard,100046,,,,100664,,100615,,,100494,,Prospect,100464,,,,,100543,Payroll,,,100492,,
100559,Opportunity,106484,marco.mensah@demomail.test,Riley Patel,2026-07-19 02:50:00,emerson.whitfield@acme-fake.test,Jordan Nguyen,2023-11-17 10:56:00,taylor.garcia@demomail.test,Marco Nguyen,2022-10-25 07:47:00,jamie.blake@acme-fake.test,,2023-10-03 17:25:00,N,Vertex Systems LLC - Back Office,,100234,Qualification,100178,,LOT-2711,100410,TAG-1081,,,,,LinkedIn,100302,Active,,,,,,100286,,,,"170,343",,,"38,822",8695,Diego Silva,100919,100415,,,Standard,100789,,,,100800,,,,,100610,,Active Customer,100690,,,,,100587,Managed Services,,,100786,,103733
100238,Opportunity,106486,priya.sato@demomail.test,Chen Ashby,2024-04-28 22:53:00,taylor.mercer@demomail.test,Avery Ashby,2025-03-30 18:04:00,drew.kim@sampleco.test,Noah Costa,2025-03-18 06:58:00,skyler.larsson@demomail.test,,2024-11-22 17:16:00,N,Granite Labs LLC - Offshore Team,,,Dead,100654,,REF-7473,100142,TAG-3280,103409,,,,Referral,100235,Inactive,,,,,,100410,,,,"296,398",Other,,"11,178",9731,Reese Haddad,101350,100058,REF-8120,,Standard,100513,,,,100440,,100345,Standard,,100617,,Prospect,100042,,,,,100738,Managed Services,,,100734,,102966
100758,Opportunity,106487,skyler.silva@examplecorp.test,Morgan Sato,2026-06-15 13:59:00,morgan.whitfield@examplecorp.test,Nina Okafor,2023-03-27 15:18:00,arjun.whitfield@demomail.test,Nina Brooks,2025-08-16 12:48:00,noah.vance@sampleco.test,,2023-09-12 11:29:00,N,Brightpath Foods - Recruiting,,,Qualification,100509,SKU-7400,SKU-8412,100490,,101948,,,,Partner,,Active,,,,,,,,100142,,,Delta,100376,"14,699",,Taylor Ashby,101292,,REF-5933,100111,New Logo,100523,,,,100241,,,,,,,Active Customer,100113,,,,,100772,Staff Augmentation,,,100156,,
100704,Opportunity,106490,mei.larsson@sampleco.test,Reese Mensah,2024-06-18 05:08:00,elena.cohen@examplecorp.test,Avery Blake,2024-04-29 10:58:00,sofia.kim@acme-fake.test,Mei Garcia,2024-07-30 06:12:00,avery.mercer@demomail.test,,2025-09-22 12:00:00,N,Horizon Financial Ltd - Recruiting,,100213,Negotiation,100560,,REF-5456,100656,LOT-4118,103485,,,,Inbound Call,100339,Active,,,,,,100080,,,,,Delta,100305,"36,500",,Rahul Cohen,101514,,TAG-5819,100487,New Logo,,,,,100398,,100750,Standard,,,,Prospect,100128,,,,,100792,Payroll,,,100799,,104348
100111,Opportunity,106493,aisha.blake@sampleco.test,Taylor Mercer,2024-04-29 20:57:00,priya.ford@acme-fake.test,Liam Sato,2026-04-21 15:24:00,noah.nguyen@examplecorp.test,Fatima Okafor,2024-09-09 06:34:00,noah.whitfield@examplecorp.test,,2023-06-26 01:05:00,Y,Summit Ventures Co - Managed Services,,,Closed Won,100017,,TAG-1612,100186,LOT-7322,103316,,,,Inbound Call,,Inactive,,,,,,,,,,"448,044",,100334,"18,429",4302,Jamie Sato,101266,,,,SMB,100474,,,,100190,,100457,,,100083,,Prospect,100485,,,,,,Offshore Team,,,100103,,103619
100558,Opportunity,106496,noah.mensah@examplecorp.test,Emerson Ashby,2026-05-21 21:03:00,quinn.mercer@sampleco.test,Rowan Mercer,2022-11-05 14:07:00,reese.mercer@acme-fake.test,Diego Larsson,2025-06-23 08:05:00,quinn.nguyen@sampleco.test,,2026-03-16 09:57:00,Y,Silverline Solutions LLP - Back Office,,100267,Closed Won,100490,,SKU-6332,100559,LOT-1982,104689,,,,Referral,,Inactive,,,,,,,,100046,,,,,"17,141",,Morgan Okafor,101068,,,,SMB,100417,,,,100110,,100239,,,,,Prospect,100188,,,,,100075,Staff Augmentation,100770,,100215,,102546
100702,Opportunity,106498,rahul.ivanov@acme-fake.test,Omar Calder,2022-12-06 04:56:00,jamie.mercer@sampleco.test,Morgan Mercer,2024-03-26 14:39:00,priya.costa@acme-fake.test,Jordan Nguyen,2026-03-01 20:04:00,rahul.okafor@acme-fake.test,,2025-06-16 06:44:00,N,Copper Manufacturing Ltd - Offshore Team,,100239,Qualification,100496,LOT-5529,REF-5417,100189,LOT-3583,102746,,,,LinkedIn,,Active,,,,,,100363,,,,"336,859",Alpha,100079,"19,917",,Elena Dorsey,101387,100447,SKU-8237,,Standard,100696,,,,100206,,100765,,,,,Active Customer,100255,,,,,100156,Managed Services,100142,,100559,,103731
100302,Opportunity,106500,reese.kim@examplecorp.test,Aisha Patel,2026-06-21 14:32:00,rowan.mensah@examplecorp.test,Aisha Ivanov,2026-05-23 10:49:00,priya.ford@demomail.test,Aisha Cohen,2023-09-25 11:49:00,chen.ashby@examplecorp.test,,2024-06-10 11:40:00,Y,Cobalt Foods LLP - Consulting,,,Discovery,100110,,REF-9655,100015,TAG-6875,102151,,,,LinkedIn,100368,Active,,,,,,,,,,,,100490,,,Reese Brooks,101303,,,100720,SMB,,,,,100654,,100694,,,,,Active Customer,100631,,,,,,Consulting,,,100329,,104209
100758,Opportunity,106502,emerson.ford@examplecorp.test,Fatima Vance,2024-08-26 22:50:00,priya.ashby@acme-fake.test,Nina Sato,2025-09-02 13:21:00,skyler.costa@sampleco.test,Reese Vance,2026-02-28 15:01:00,rahul.brooks@examplecorp.test,,2026-06-08 10:44:00,Y,Meridian Logistics LLC - Recruiting,,,Dead,100587,TAG-9187,SKU-9627,100302,TAG-3370,103316,,,,Partner,,Inactive,,,,,,,,100208,,"73,446",,,"33,985",7227,Morgan Dorsey,101115,,,100090,Standard,100171,,,,100522,,,,,100632,,Prospect,100798,,,,,,Payroll,100449,,100282,,
100750,Opportunity,106505,diego.silva@demomail.test,Arjun Blake,2023-06-17 04:07:00,rowan.haddad@sampleco.test,Emerson Haddad,2024-11-16 00:33:00,priya.ford@demomail.test,Emerson Whitfield,2023-08-06 08:35:00,skyler.mensah@examplecorp.test,,2024-11-25 19:41:00,Y,Beacon Media - Payroll,,100026,On Hold,100190,REF-2342,LOT-8889,100729,SKU-7061,101982,,,,LinkedIn,,Active,,,,,,100305,,,,"38,617",Standard,100437,"1,964",,Nina Haddad,100815,,,100551,Renewal,100498,,,,100302,,,,,100506,,Prospect,100702,,,,,,Consulting,,,100735,,101979
100046,Opportunity,106507,chen.reyes@sampleco.test,Quinn Ashby,2024-07-11 10:54:00,omar.ivanov@sampleco.test,Marco Ford,2025-11-10 07:39:00,drew.blake@demomail.test,Riley Vance,2024-10-21 08:26:00,skyler.larsson@demomail.test,,2025-10-26 13:10:00,Y,Cardinal Analytics Inc - Offshore Team,,100291,Discovery,100275,TAG-5365,LOT-8911,100158,LOT-5838,104739,,,,LinkedIn,100248,Active,,,,,,100200,,,,"129,681",Standard,,"12,604",,Fatima Costa,100805,100798,,,Standard,100119,,,,100518,,,Gamma,,,,Prospect,100041,,,,,,Offshore Team,,,100063,,
100490,Opportunity,106508,skyler.ivanov@examplecorp.test,Sofia Nguyen,2025-08-04 04:52:00,drew.garcia@examplecorp.test,Avery Dorsey,2023-10-09 05:41:00,jamie.nguyen@acme-fake.test,Noah Sloan,2023-12-09 17:47:00,fatima.dorsey@demomail.test,,2026-06-02 04:43:00,Y,Atlas Dynamics LLP - Offshore Team,,,Closed Won,100091,,REF-4390,100587,SKU-5125,103452,,,,Referral,,Inactive,,,,,,100298,,100555,,"48,920",Standard,100111,"9,589",2994,Aisha Sloan,101403,,,,Standard,,,,,100708,,100329,,,100086,,Active Customer,100242,,,,,100009,Consulting,,,100763,,
100690,Opportunity,106511,fatima.kim@acme-fake.test,Morgan Brooks,2023-12-12 00:52:00,jordan.ashby@examplecorp.test,Priya Kim,2025-06-29 01:21:00,liam.ivanov@acme-fake.test,Avery Nguyen,2023-09-21 06:14:00,rahul.ivanov@acme-fake.test,,2025-10-19 12:39:00,Y,Cardinal Analytics LLC - Consulting,,,Dead,100205,,REF-1702,100115,SKU-5854,103957,,,,LinkedIn,100314,Inactive,,,,,,100417,,,,,,,"36,339",,Omar Haddad,101551,100178,LOT-3114,,SMB,,,,,100348,,100704,,,100104,,Active Customer,100328,,,,,,Consulting,,,100542,,
100576,Opportunity,106514,omar.cohen@demomail.test,Quinn Kim,2024-02-20 13:30:00,morgan.larsson@examplecorp.test,Aisha Okafor,2022-10-03 20:29:00,marco.vance@sampleco.test,Nina Garcia,2024-10-30 04:08:00,aisha.rossi@examplecorp.test,,2025-07-20 00:02:00,Y,Everest Financial LLP - Managed Services,,100481,Closed Won,100173,LOT-7384,TAG-6470,100265,REF-3511,103388,,,,Event,,Inactive,,,,,,,,,,,,100177,"24,689",,Emerson Reyes,,,,100126,Standard,100699,,,,100380,,100236,,,,,Prospect,100770,,,,,100582,Managed Services,100709,,100220,,104596
100715,Opportunity,106516,noah.larsson@examplecorp.test,Jordan Haddad,2026-06-17 10:58:00,yara.garcia@demomail.test,Skyler Okafor,2024-03-29 21:56:00,chen.larsson@acme-fake.test,Riley Reyes,2026-02-06 21:34:00,quinn.mensah@examplecorp.test,,2022-12-18 14:24:00,Y,Delta Textiles Ltd - Offshore Team,,100323,Closed Won,100763,,LOT-9829,100165,LOT-3115,104139,,,,Event,100026,Inactive,,,,,,,,100099,,,,100708,"17,642",1793,Rowan Calder,101278,100704,,,Renewal,,,,,100474,,100215,,,100676,,Prospect,100616,,,,,100569,Back Office,100708,,100275,,102438
100368,Opportunity,106518,rowan.calder@demomail.test,Avery Cohen,2025-10-10 11:43:00,emerson.mensah@examplecorp.test,Rowan Mensah,2024-05-04 22:07:00,rowan.costa@examplecorp.test,Aisha Nguyen,2023-09-27 01:34:00,casey.ford@demomail.test,,2025-09-28 20:20:00,N,Delta Holdings Ltd - Staff Augmentation,,100744,Proposal Sent,100469,,TAG-3754,100552,LOT-7275,103278,,,,Website,100598,Active,,,,,,,,100368,,"227,606",Delta,,"7,479",,Elena Ford,101171,,,,SMB,100344,,,,100661,,,,,,,Prospect,100325,,,,,100227,Managed Services,100169,,100111,,102731
100551,Opportunity,106520,taylor.ashby@sampleco.test,Diego Kim,2024-05-02 17:34:00,liam.brooks@demomail.test,Casey Calder,2026-06-27 02:23:00,noah.brooks@examplecorp.test,Elena Larsson,2025-10-02 20:57:00,rowan.haddad@sampleco.test,,2024-04-30 09:22:00,Y,Northwind Dynamics LLC - Recruiting,,100368,Closed Won,100023,LOT-7339,TAG-2129,100053,SKU-7754,103113,,,,Partner,100601,Inactive,,,,,,100780,,,,,Standard,100641,,5524,Nina Whitfield,,100353,,,SMB,,,,,100069,,100642,,,,,Active Customer,100624,,,,,,Recruiting,,,100115,,103868
100371,Opportunity,106522,jordan.ford@demomail.test,Arjun Patel,2023-11-07 09:36:00,jamie.whitfield@demomail.test,Sofia Reyes,2024-04-07 12:23:00,rahul.rossi@sampleco.test,Elena Larsson,2025-05-17 03:51:00,sofia.costa@examplecorp.test,,2024-09-01 20:48:00,N,Cobalt Energy LLP - Recruiting,,100171,Discovery,100374,,SKU-9174,100467,REF-2169,,,,,LinkedIn,100240,Active,,,,,,,,100403,,"125,361",,100620,,,Skyler Brooks,101096,100156,,100500,New Logo,100008,,,,100238,,100042,Other,,100661,,Active Customer,100388,,,,,100334,Back Office,100227,,100670,,104314
100151,Opportunity,106524,emerson.mercer@examplecorp.test,Rowan Dorsey,2026-07-28 09:17:00,elena.garcia@examplecorp.test,Riley Reyes,2024-05-30 20:14:00,sofia.ashby@sampleco.test,Arjun Kim,2025-07-19 00:36:00,taylor.ivanov@examplecorp.test,,2024-07-22 01:34:00,Y,Atlas Textiles Inc - Payroll,,,On Hold,100437,,REF-2351,100158,LOT-2869,103104,,,,Partner,100352,Active,,,,,,100526,,,,,,100023,"32,655",,Chen Calder,,,LOT-9748,100565,Standard,100003,,,,100097,,100069,Other,,100467,,Active Customer,100281,,,,,100286,Managed Services,,,100301,,
100178,Opportunity,106527,drew.sloan@demomail.test,Aisha Whitfield,2025-08-21 16:48:00,noah.dorsey@acme-fake.test,Quinn Ivanov,2025-02-23 01:18:00,riley.haddad@demomail.test,Sofia Patel,2025-03-27 20:05:00,reese.rossi@demomail.test,,2023-08-08 09:43:00,N,Horizon Industries LLP - Back Office,,100340,Discovery,100245,,LOT-1392,100455,SKU-2599,103539,,,,LinkedIn,,Active,,,,,,,,100115,,"443,766",Alpha,,"26,791",,Quinn Sloan,101503,,,,Standard,100788,,,,100400,,100314,,,100099,,Active Customer,100206,,,,,100717,Staff Augmentation,,,100352,,
100146,Opportunity,106530,rowan.blake@examplecorp.test,Priya Nguyen,2025-08-08 02:45:00,noah.ford@demomail.test,Elena Ivanov,2023-05-14 09:03:00,casey.nguyen@demomail.test,Mei Silva,2025-05-27 23:34:00,emerson.larsson@demomail.test,Jamie Nguyen,2025-07-09 01:11:00,Y,Lakeside Partners Co - Back Office,,100603,On Hold,100496,SKU-9687,LOT-4516,100579,SKU-9712,103032,,,,Website,100627,Active,,,,,,100720,,100484,,"140,151",,100386,"16,967",,Alex Haddad,101312,100176,,100356,Standard,100094,,,,100482,,100281,Gamma,,,,Prospect,100073,,,,,,Offshore Team,100627,,100094,,
100197,Opportunity,106533,liam.nguyen@examplecorp.test,Chen Ashby,2025-04-18 21:10:00,rahul.mensah@examplecorp.test,Mei Mensah,2024-01-23 01:38:00,reese.brooks@sampleco.test,Jamie Ashby,2026-02-08 15:35:00,rowan.reyes@examplecorp.test,Fatima Garcia,2024-04-04 18:29:00,Y,Redwood Group Inc - Staff Augmentation,,100042,Closed Won,100389,REF-2428,SKU-1666,100037,SKU-8948,102862,,,,Cold Outreach,,Inactive,,,,,,,,100568,,,Other,100410,"30,654",,Yara Sato,,100673,TAG-1199,100774,New Logo,100506,,,,100494,,100622,,,100351,,Active Customer,100720,,,,,,Managed Services,100576,,100371,,
100165,Opportunity,106534,aisha.garcia@demomail.test,Rowan Reyes,2025-04-17 02:44:00,noah.haddad@acme-fake.test,Rowan Kim,2025-01-22 10:36:00,rowan.cohen@acme-fake.test,Skyler Dorsey,2026-03-28 13:02:00,yara.mercer@examplecorp.test,,2026-07-11 18:00:00,Y,Keystone Dynamics LLP - Payroll,,100610,Closed Won,100308,,TAG-3660,100051,LOT-2671,104791,,,,Partner,,Inactive,,,,,,,,100705,,"204,624",Gamma,100736,"36,871",,Fatima Patel,,,TAG-9940,100741,Renewal,100786,,,,100012,,,Beta,,100634,,Active Customer,100559,,,,,100456,Recruiting,,,100717,,103292
100056,Opportunity,106535,marco.ivanov@sampleco.test,Casey Ivanov,2024-10-14 14:17:00,liam.garcia@acme-fake.test,Arjun Mensah,2024-12-23 04:24:00,arjun.cohen@acme-fake.test,Quinn Mercer,2024-10-04 01:55:00,aisha.sloan@demomail.test,,2023-05-12 21:39:00,N,Beacon Manufacturing - Recruiting,,,Proposal Sent,100503,,LOT-5723,100468,REF-6119,102802,,,,Webinar,100314,Active,,,,,,100069,,,,,,100103,"21,349",,Riley Larsson,100914,100531,TAG-3378,,SMB,,,,,100010,,100229,,,,,Active Customer,100117,,,,,100060,Managed Services,100014,,100788,,102365
100573,Opportunity,106536,marco.haddad@sampleco.test,Yara Sato,2025-11-10 02:53:00,omar.calder@sampleco.test,Sofia Whitfield,2025-01-24 11:27:00,fatima.nguyen@acme-fake.test,Rahul Calder,2026-06-07 23:36:00,omar.kim@sampleco.test,,2024-02-07 16:45:00,Y,Delta Solutions LLP - Managed Services,,100380,Discovery,100513,SKU-3372,TAG-4849,100686,SKU-2965,104749,,,,Cold Outreach,100723,Active,,,,,,100793,,100420,,"444,062",Standard,,"15,536",5321,Rowan Haddad,101598,,SKU-1599,100582,SMB,,,,,100139,,100763,Alpha,,100734,,Active Customer,100331,,,,,100490,Staff Augmentation,,,100206,,104119
100389,Opportunity,106537,reese.okafor@examplecorp.test,Omar Ashby,2026-04-03 09:53:00,riley.mensah@examplecorp.test,Omar Garcia,2023-05-29 17:37:00,sofia.cohen@acme-fake.test,Sofia Ashby,2023-10-30 06:00:00,taylor.ashby@examplecorp.test,,2023-12-31 10:26:00,Y,Pioneer Manufacturing - Consulting,,,On Hold,100649,LOT-2485,SKU-2711,100569,,102093,,,,LinkedIn,100415,Active,,,,,,,,100342,,"472,547",,100449,"24,499",,Reese Ford,101417,100788,TAG-2290,100234,SMB,100113,,,,100667,,,,,100750,,Prospect,100238,,,,,,Payroll,100376,,100107,,103173
100352,Opportunity,106538,liam.ford@acme-fake.test,Noah Cohen,2023-01-04 22:17:00,jamie.blake@sampleco.test,Sofia Costa,2023-02-26 21:56:00,avery.costa@demomail.test,Arjun Mensah,2023-05-05 12:00:00,omar.cohen@acme-fake.test,,2026-05-09 16:58:00,N,Delta Health - Back Office,,,Closed Lost,100235,,LOT-4575,100103,REF-6576,104233,,,,Inbound Call,,Inactive,,,,,,,,,,"343,797",,,"12,707",,Casey Ashby,,100789,,100543,Standard,100020,,,,100122,,100377,,,100759,,Prospect,100234,,,,,100128,Payroll,,,100527,,
100234,Opportunity,106541,reese.brooks@acme-fake.test,Omar Ivanov,2024-03-27 02:01:00,omar.vance@acme-fake.test,Aisha Ivanov,2023-08-20 12:53:00,chen.silva@demomail.test,Chen Ivanov,2024-06-12 22:50:00,arjun.nguyen@sampleco.test,,2025-10-27 20:17:00,Y,Granite Financial - Managed Services,,100481,On Hold,100527,LOT-3343,TAG-1492,100141,REF-1902,102395,,,,LinkedIn,,Active,,,,,,100345,,,,"474,203",,,"6,843",3692,Drew Okafor,,100551,,100126,SMB,100799,,,,100398,,100763,Other,,100058,,Prospect,100413,,,,,100141,Offshore Team,100616,,100156,,
100020,Opportunity,106543,rahul.mercer@demomail.test,Casey Silva,2023-02-01 01:35:00,noah.garcia@acme-fake.test,Reese Whitfield,2023-12-16 17:23:00,jamie.sato@acme-fake.test,Drew Larsson,2024-02-12 07:08:00,mei.brooks@examplecorp.test,,2022-10-27 10:00:00,N,Cobalt Industries Corp - Managed Services,,100628,Closed Won,100323,,SKU-9461,100432,LOT-8048,102156,,,,Referral,100526,Inactive,,,,,,,,,,"60,338",,,,1742,Morgan Reyes,101350,100188,,100111,Standard,100704,,,,100325,,100789,,,100342,,Prospect,100177,,,,,100356,Consulting,,,100755,,103996
100642,Opportunity,106546,riley.dorsey@examplecorp.test,Nina Garcia,2026-06-20 17:50:00,arjun.whitfield@demomail.test,Emerson Costa,2024-08-08 09:21:00,avery.silva@acme-fake.test,Alex Haddad,2023-01-09 11:16:00,aisha.silva@sampleco.test,,2026-03-10 12:31:00,Y,Atlas Partners - Consulting,,100573,Qualification,100503,,SKU-7016,100113,TAG-8301,103304,,,,Event,,Active,,,,,,100282,,100654,,,Standard,,"10,904",2951,Avery Reyes,101741,,,100615,New Logo,100215,,,,100796,,,,,100715,,Prospect,100746,,,,,,Payroll,,,100316,,103560
100049,Opportunity,106549,sofia.cohen@demomail.test,Rowan Garcia,2023-08-18 02:40:00,taylor.haddad@acme-fake.test,Reese Rossi,2025-02-11 12:23:00,drew.ashby@sampleco.test,Avery Ford,2025-08-03 07:43:00,marco.kim@acme-fake.test,,2023-10-24 15:34:00,Y,Granite Partners LLC - Payroll,,100615,Closed Lost,100784,SKU-3795,TAG-6641,100520,LOT-9514,103937,,,,Cold Outreach,,Inactive,,,,,,,,100676,,"405,491",Beta,100342,"26,919",,Rahul Reyes,101112,100391,LOT-8365,100500,Standard,,,,,100750,,,,,100340,,Active Customer,100658,,,,,100593,Staff Augmentation,100793,,100452,,104270
100012,Opportunity,106550,arjun.ford@demomail.test,Reese Costa,2024-05-06 05:56:00,casey.patel@demomail.test,Avery Sloan,2025-01-04 08:13:00,drew.ivanov@sampleco.test,Rowan Brooks,2025-12-10 04:05:00,liam.ivanov@acme-fake.test,,2023-09-05 20:40:00,Y,Northwind Foods Corp - Offshore Team,,,Qualification,100457,,REF-3603,100148,LOT-7711,103668,,,,Referral,,Active,,,,,,100593,,,,,,,"11,956",,Elena Ivanov,,100645,SKU-2216,,Standard,100178,,,,100107,,100008,Gamma,,,,Active Customer,100023,,,,,100090,Staff Augmentation,,,100016,,104536
100242,Opportunity,106551,marco.silva@demomail.test,Jordan Costa,2023-02-21 05:33:00,skyler.haddad@demomail.test,Priya Okafor,2024-11-23 16:08:00,omar.ivanov@examplecorp.test,Elena Calder,2024-04-12 18:00:00,jamie.calder@acme-fake.test,,2023-07-03 02:23:00,N,Granite Retail Ltd - Consulting,,100295,Discovery,100182,REF-7855,TAG-6920,100169,SKU-9174,102494,,,,Webinar,,Active,,,,,,,,100309,,"110,586",Delta,,"34,386",,Drew Silva,101305,100559,,100128,SMB,,,,,100014,,,,,100735,,Active Customer,100132,,,,,,Managed Services,,,100111,,
100676,Opportunity,106553,priya.whitfield@demomail.test,Aisha Mensah,2023-11-25 03:16:00,casey.dorsey@demomail.test,Morgan Rossi,2024-02-26 16:16:00,fatima.whitfield@acme-fake.test,Jamie Mensah,2026-02-10 11:34:00,rowan.mensah@demomail.test,,2026-01-09 19:52:00,Y,Copper Retail Inc - Recruiting,,100509,Discovery,100786,,REF-2122,100173,TAG-6355,103208,,,,LinkedIn,,Active,,,,,,100593,,,,"309,527",,100479,"6,004",,Rowan Nguyen,,100658,TAG-8908,,Enterprise,100293,,,,100110,,100789,,,,,Active Customer,100548,,,,,100360,Offshore Team,100481,,100132,,
100415,Opportunity,106555,marco.ashby@acme-fake.test,Sofia Larsson,2023-01-30 00:36:00,elena.vance@sampleco.test,Jamie Whitfield,2023-12-25 03:01:00,rahul.ashby@examplecorp.test,Marco Garcia,2025-10-29 04:16:00,reese.silva@examplecorp.test,,2024-07-26 16:07:00,Y,Silverline Group Ltd - Recruiting,,,Dead,100110,,LOT-1968,100143,REF-7583,104303,,,,Inbound Call,,Inactive,,,,,,100025,,100658,,,,,"7,047",,Rowan Mercer,,100434,TAG-6069,100597,Standard,,,,,100601,,,,,,,Prospect,100628,,,,,100305,Staff Augmentation,100617,,100153,,
100111,Opportunity,106556,jordan.costa@sampleco.test,Drew Rossi,2023-02-25 17:30:00,diego.blake@acme-fake.test,Rowan Ford,2024-02-10 20:08:00,jamie.mensah@acme-fake.test,Avery Calder,2024-05-31 11:45:00,arjun.rossi@acme-fake.test,,2024-03-03 22:19:00,N,Horizon Solutions LLC - Consulting,,,On Hold,100705,,TAG-1373,100649,REF-1486,102970,,,,Partner,100749,Active,,,,,,100015,,100063,,"470,448",Standard,100215,"9,643",,Avery Blake,101776,100168,TAG-7977,100343,Renewal,,,,,100720,,100382,,,,,Active Customer,100129,,,,,100588,Managed Services,100771,,100780,,102630
100023,Opportunity,106558,rahul.rossi@acme-fake.test,Rahul Silva,2023-06-30 07:09:00,yara.vance@sampleco.test,Priya Cohen,2023-10-15 02:00:00,drew.patel@sampleco.test,Diego Brooks,2023-10-27 09:03:00,mei.mensah@sampleco.test,,2024-11-19 13:11:00,N,Copper Dynamics Co - Consulting,,,Closed Won,100498,SKU-8507,SKU-3619,100708,REF-5405,103645,,,,Partner,100277,Inactive,,,,,,100165,,100632,,"341,330",,100020,"37,763",,Riley Blake,100952,,SKU-5083,100185,Standard,,,,,100165,,100192,,,100527,,Active Customer,100037,,,,,,Payroll,100030,,100432,,104360
100694,Opportunity,106559,morgan.vance@sampleco.test,Skyler Cohen,2023-04-20 20:12:00,marco.kim@examplecorp.test,Morgan Garcia,2023-07-01 21:00:00,rowan.sato@sampleco.test,Jordan Costa,2023-04-06 16:57:00,reese.silva@examplecorp.test,,2023-12-08 11:13:00,N,Horizon Manufacturing Ltd - Back Office,,100126,Discovery,100784,,REF-8608,100171,REF-7433,104046,,,,Inbound Call,100238,Active,,,,,,,,100295,,"234,276",Beta,100037,"7,457",1136,Quinn Ashby,,100796,SKU-7157,100720,Enterprise,100151,,,,100070,,100484,,,,,Active Customer,100376,,,,,,Back Office,100765,,100780,,
100241,Opportunity,106561,riley.haddad@demomail.test,Riley Okafor,2023-04-22 20:33:00,drew.larsson@examplecorp.test,Taylor Sato,2026-04-08 06:48:00,alex.silva@demomail.test,Rowan Cohen,2023-07-10 18:56:00,liam.okafor@acme-fake.test,,2026-01-05 07:23:00,N,Cardinal Foods - Consulting,,100685,Qualification,100530,,SKU-1069,100209,LOT-3222,104298,,,,Webinar,,Active,,,,,,,,100688,,"326,348",,100034,"5,384",2589,Arjun Nguyen,,,,,New Logo,,,,,100143,,100447,,,100334,,Prospect,100200,,,,,,Offshore Team,,,100542,,
100245,Opportunity,106564,elena.ashby@demomail.test,Casey Sloan,2025-11-27 10:58:00,rahul.whitfield@acme-fake.test,Yara Garcia,2024-08-18 21:26:00,noah.costa@sampleco.test,Fatima Brooks,2026-05-06 21:32:00,alex.nguyen@acme-fake.test,,2025-12-06 19:01:00,N,Lakeside Financial Co - Staff Augmentation,,100389,Closed Lost,100690,,TAG-3587,100699,LOT-4260,,,,,Website,100634,Inactive,,,,,,100767,,100434,,"228,813",Alpha,,,,Arjun Reyes,,100554,,100494,New Logo,100576,,,,100705,,,Alpha,,100243,,Active Customer,100692,,,,,100053,Managed Services,,,100245,,104025
100393,Opportunity,106566,taylor.blake@demomail.test,Noah Calder,2025-02-03 21:41:00,marco.haddad@sampleco.test,Yara Okafor,2025-08-20 02:25:00,taylor.costa@sampleco.test,Liam Dorsey,2024-01-27 04:35:00,elena.okafor@examplecorp.test,,2024-06-27 16:21:00,Y,Summit Retail Inc - Recruiting,,,Dead,100694,REF-5770,SKU-2859,100738,LOT-8527,103374,,,,Partner,100494,Inactive,,,,,,100667,,,,,Other,100217,"3,141",,Diego Reyes,101563,,,100122,New Logo,,,,,100176,,,,,100670,,Active Customer,100688,,,,,100434,Offshore Team,100579,,100744,,102878
100128,Opportunity,106569,casey.dorsey@examplecorp.test,Quinn Ashby,2025-01-06 12:03:00,elena.ford@acme-fake.test,Diego Okafor,2026-05-12 19:16:00,skyler.haddad@examplecorp.test,Avery Mercer,2025-08-30 09:17:00,emerson.ashby@acme-fake.test,,2023-08-25 20:36:00,Y,Blue Ridge Energy Corp - Back Office,,,On Hold,100649,LOT-7752,REF-7792,100003,,102872,,,,Referral,,Active,,,,,,100473,,100255,,,,100734,"20,049",1602,Yara Vance,101752,,REF-7186,100180,New Logo,,,,,100684,,,,,100323,,Active Customer,100305,,,,,,Back Office,,,100565,,102619
100568,Opportunity,106570,rowan.larsson@acme-fake.test,Rahul Ford,2023-12-19 21:17:00,jordan.rossi@examplecorp.test,Diego Costa,2023-10-10 05:12:00,reese.calder@sampleco.test,Liam Larsson,2023-11-06 13:22:00,skyler.brooks@acme-fake.test,,2025-02-16 00:41:00,N,Lakeside Foods - Back Office,,100684,Closed Won,100692,,TAG-1903,100380,SKU-2977,102607,,,,Event,,Inactive,,,,,,100141,,,,"497,588",,100688,"11,908",,Liam Rossi,101734,,SKU-4724,100634,Standard,100437,,,,100142,,100799,,,100339,,Prospect,100788,,,,,100224,Payroll,100205,,100151,,102083
100136,Opportunity,106572,emerson.patel@sampleco.test,Emerson Garcia,2023-03-06 04:12:00,elena.larsson@examplecorp.test,Casey Cohen,2025-03-24 10:43:00,alex.larsson@demomail.test,Marco Haddad,2023-06-27 05:35:00,quinn.ford@demomail.test,,2023-08-29 03:47:00,Y,Everest Ventures Corp - Back Office,,,Closed Won,100789,,SKU-4661,100506,LOT-7928,102674,,,,Referral,100704,Inactive,,,,,,,,100393,,"275,196",Standard,100771,"20,994",,Aisha Sloan,,,LOT-4392,100197,SMB,100139,,,,100245,,,,,100646,,Active Customer,100734,,,,,,Recruiting,100625,,100158,,103686
100044,Opportunity,106573,sofia.patel@acme-fake.test,Drew Patel,2025-06-15 21:01:00,aisha.reyes@acme-fake.test,Liam Ivanov,2025-05-09 05:56:00,taylor.haddad@examplecorp.test,Riley Calder,2023-04-23 08:11:00,quinn.garcia@demomail.test,,2023-10-01 07:40:00,N,Harbor Manufacturing LLP - Consulting,,,Proposal Sent,100516,TAG-8091,REF-4711,100593,LOT-4938,,,,,Cold Outreach,100784,Active,,,,,,,,,,"146,206",,100734,"32,494",,Drew Vance,,,REF-7865,100569,Renewal,100607,,,,100079,,,,,100293,,Active Customer,100469,,,,,100734,Offshore Team,100424,,100066,,102097
100634,Opportunity,106576,aisha.blake@sampleco.test,Avery Dorsey,2023-04-03 07:58:00,riley.brooks@demomail.test,Skyler Larsson,2022-12-17 20:49:00,noah.brooks@acme-fake.test,Chen Ivanov,2023-06-14 03:37:00,arjun.whitfield@sampleco.test,Casey Sloan,2024-07-17 14:20:00,N,Northwind Retail Inc - Payroll,,,Closed Lost,100389,,TAG-8306,100148,TAG-4663,102646,,,,Referral,100165,Inactive,,,,,,100229,,,,"483,073",,,"30,227",9936,Priya Calder,,100290,LOT-7598,,SMB,100782,,,,100788,,100380,,,,,Prospect,100803,,,,,,Payroll,,,100340,,103906
100205,Opportunity,106577,casey.costa@acme-fake.test,Marco Silva,2024-04-05 12:53:00,chen.cohen@demomail.test,Chen Vance,2025-06-23 14:45:00,noah.blake@demomail.test,Jordan Cohen,2024-08-15 22:11:00,chen.cohen@sampleco.test,,2023-10-10 07:49:00,N,Beacon Analytics Inc - Managed Services,,100786,Proposal Sent,100200,,SKU-3203,100277,REF-5973,103297,,,,Cold Outreach,100405,Active,,,,,,100248,,,,"371,525",,,"36,189",,Quinn Cohen,,,REF-1665,100684,Enterprise,100664,,,,100262,,,,,,,Prospect,100254,,,,,,Recruiting,,,100115,,102797
100158,Opportunity,106578,noah.larsson@sampleco.test,Nina Rossi,2024-01-01 19:42:00,taylor.ashby@acme-fake.test,Taylor Vance,2023-07-14 03:33:00,rowan.dorsey@demomail.test,Arjun Brooks,2026-03-12 19:14:00,sofia.larsson@examplecorp.test,,2024-09-11 16:04:00,N,Pioneer Health - Managed Services,,100217,Closed Won,100389,SKU-1675,SKU-3004,100579,REF-4706,,,,,Event,100468,Inactive,,,,,,100676,,,,,,,,6273,Avery Ford,101245,100403,SKU-3717,100376,New Logo,,,,,100523,,,,,,,Prospect,100750,,,,,100475,Recruiting,100136,,100531,,102749
100265,Opportunity,106580,diego.mercer@examplecorp.test,Jamie Garcia,2025-02-05 21:41:00,arjun.patel@examplecorp.test,Aisha Ashby,2022-11-28 22:22:00,rowan.garcia@demomail.test,Diego Ivanov,2023-02-26 06:54:00,skyler.vance@sampleco.test,,2022-11-13 15:24:00,N,Ironwood Solutions LLP - Staff Augmentation,,100234,Proposal Sent,100066,TAG-1665,SKU-1055,100101,TAG-6675,104734,,,,Cold Outreach,100616,Active,,,,,,,,100771,,"221,858",Other,100735,,,Fatima Sato,101426,,REF-5203,100272,Enterprise,100314,,,,100559,,100496,,,,,Active Customer,100106,,,,,,Back Office,,,100017,,103929
100620,Opportunity,106583,liam.haddad@examplecorp.test,Avery Ivanov,2024-12-22 06:27:00,jamie.dorsey@sampleco.test,Riley Costa,2024-12-22 08:39:00,nina.brooks@acme-fake.test,Emerson Vance,2026-04-27 20:19:00,quinn.dorsey@acme-fake.test,,2024-03-06 21:46:00,N,Vertex Partners Group - Managed Services,,100040,Discovery,100280,,TAG-5840,100694,REF-5838,102464,,,,LinkedIn,100259,Active,,,,,,,,,,"343,676",Alpha,100753,"6,622",,Jamie Costa,,,REF-1092,,Renewal,100177,,,,100119,,100173,,,,,Prospect,100688,,,,,100104,Payroll,100542,,100239,,
100111,Opportunity,106586,sofia.costa@acme-fake.test,Priya Sato,2023-11-01 12:55:00,nina.okafor@examplecorp.test,Taylor Calder,2024-10-09 16:28:00,mei.vance@demomail.test,Noah Larsson,2023-06-12 11:47:00,chen.reyes@acme-fake.test,,2023-04-05 23:38:00,Y,Vertex Textiles Group - Staff Augmentation,,100107,Discovery,100686,,SKU-1293,100585,TAG-1935,104025,,,,Referral,100652,Active,,,,,,100503,,100377,,"84,842",Gamma,100487,"34,993",,Rowan Garcia,101004,100377,SKU-9045,100308,New Logo,100046,,,,100185,,100410,Other,,100702,,Prospect,100277,,,,,,Offshore Team,,,100579,,
100645,Opportunity,106587,elena.cohen@sampleco.test,Riley Mercer,2023-09-20 06:22:00,noah.sloan@examplecorp.test,Elena Ivanov,2024-05-06 19:51:00,elena.larsson@demomail.test,Avery Okafor,2026-03-26 19:38:00,arjun.sloan@demomail.test,,2023-03-04 19:05:00,Y,Summit Robotics LLC - Payroll,,100684,Qualification,100477,SKU-7650,LOT-2085,100377,LOT-9685,104160,,,,Webinar,,Active,,,,,,,,,,"327,591",Gamma,100220,"16,352",,Reese Blake,,100661,REF-4919,100141,Standard,,,,,100345,,,,,,,Active Customer,100212,,,,,,Back Office,100523,,100139,,103574
100475,Opportunity,106589,noah.calder@sampleco.test,Elena Blake,2023-10-13 20:11:00,arjun.sato@examplecorp.test,Drew Patel,2022-12-23 10:38:00,chen.okafor@demomail.test,Sofia Mercer,2024-01-15 01:19:00,morgan.patel@sampleco.test,,2022-11-26 21:06:00,N,Blue Ridge Partners LLC - Managed Services,,100014,Qualification,100034,LOT-2100,SKU-4616,100487,LOT-4375,103413,,,,Event,100749,Active,,,,,,,,,,"249,437",Alpha,100522,"12,117",1568,Sofia Garcia,101051,100400,REF-7201,100469,SMB,100079,,,,100526,,100763,,,,,Active Customer,100333,,,,,,Staff Augmentation,,,100722,,104106
100708,Opportunity,106590,fatima.reyes@demomail.test,Alex Nguyen,2024-11-06 17:47:00,quinn.cohen@sampleco.test,Chen Cohen,2024-05-16 19:04:00,taylor.nguyen@examplecorp.test,Casey Brooks,2024-01-16 05:53:00,morgan.reyes@sampleco.test,,2023-03-27 01:33:00,Y,Meridian Dynamics - Back Office,,100248,Discovery,100107,REF-9207,SKU-2038,100117,LOT-2039,103457,,,,LinkedIn,,Active,,,,,,100282,,100574,,,,,"35,625",,Alex Larsson,101406,,LOT-4346,,New Logo,100511,,,,100070,,100176,,,100753,,Prospect,100421,,,,,100447,Back Office,100712,,100641,,
100103,Opportunity,106593,casey.ford@sampleco.test,Rowan Kim,2025-03-16 22:38:00,reese.kim@demomail.test,Morgan Blake,2024-04-02 12:34:00,drew.ivanov@demomail.test,Chen Silva,2025-06-29 15:04:00,emerson.vance@acme-fake.test,,2025-01-17 05:11:00,N,Ironwood Foods Co - Offshore Team,,100010,Discovery,100259,,SKU-4062,100620,REF-9598,104818,,,,Inbound Call,100217,Active,,,,,,,,100661,,"88,699",Delta,,,8679,Noah Vance,,100042,,,Enterprise,100395,,,,100236,,,,,100426,,Active Customer,100291,,,,,100393,Staff Augmentation,,,100111,,103745
100030,Opportunity,106594,noah.ford@demomail.test,Riley Blake,2026-06-25 22:54:00,chen.vance@demomail.test,Skyler Blake,2024-11-25 14:25:00,alex.calder@demomail.test,Jamie Costa,2023-03-19 08:49:00,rahul.kim@sampleco.test,,2022-10-13 06:31:00,Y,Ironwood Partners LLC - Offshore Team,,100037,Qualification,100029,,REF-8278,100526,LOT-8555,102412,,,,Cold Outreach,,Active,,,,,,,,,,,,,"10,580",,Fatima Ivanov,,,LOT-5922,,Enterprise,,,,,100473,,,,,,,Prospect,100156,,,,,100391,Staff Augmentation,100209,,100654,,
100646,Opportunity,106595,nina.cohen@demomail.test,Taylor Okafor,2023-12-03 23:16:00,avery.ashby@demomail.test,Marco Haddad,2025-11-18 07:26:00,emerson.kim@examplecorp.test,Reese Blake,2026-03-24 15:37:00,marco.whitfield@acme-fake.test,,2026-02-12 13:07:00,N,Granite Foods - Staff Augmentation,,100607,Negotiation,100389,,LOT-8356,100348,SKU-4792,101884,,,,Referral,100040,Active,,,,,,100086,,100652,,"299,214",,,"35,730",,Alex Silva,,,,100322,New Logo,100148,,,,100248,,,Other,,,,Prospect,100227,,,,,,Back Office,,,100613,,
100683,Opportunity,106596,priya.ford@acme-fake.test,Jamie Vance,2026-01-03 01:37:00,diego.brooks@sampleco.test,Mei Mercer,2024-03-29 07:10:00,alex.silva@acme-fake.test,Quinn Costa,2024-01-02 15:44:00,riley.garcia@sampleco.test,,2025-08-05 14:42:00,Y,Keystone Media Co - Consulting,,100708,On Hold,100128,,REF-8741,100774,LOT-1455,104047,,,,Website,100704,Active,,,,,,100535,,100235,,"447,504",,,,,Rowan Mercer,101228,100238,,,SMB,100042,,,,100479,,100585,,,,,Active Customer,100107,,,,,100459,Offshore Team,,,100368,,102203
100336,Opportunity,106598,emerson.whitfield@sampleco.test,Elena Garcia,2023-11-13 19:03:00,fatima.cohen@examplecorp.test,Priya Whitfield,2023-01-17 09:22:00,morgan.mensah@demomail.test,Casey Mensah,2024-12-08 12:31:00,quinn.cohen@examplecorp.test,,2026-03-14 00:20:00,N,Horizon Logistics Co - Staff Augmentation,,,Closed Won,100184,,TAG-7060,100342,REF-5801,,,,,LinkedIn,,Inactive,,,,,,,,100475,,"391,941",,,"1,959",,Rahul Brooks,100861,100313,,100598,SMB,,,,,100342,,,Gamma,,100168,,Active Customer,100182,,,,,100473,Recruiting,,,100030,,102984
100449,Opportunity,106601,yara.ford@acme-fake.test,Morgan Whitfield,2023-08-29 01:29:00,avery.ashby@demomail.test,Reese Okafor,2023-02-13 20:07:00,rowan.ford@examplecorp.test,Drew Nguyen,2024-07-27 20:50:00,rowan.whitfield@acme-fake.test,,2023-02-24 10:22:00,Y,Beacon Logistics Inc - Staff Augmentation,,100726,Closed Won,100041,,TAG-9896,100573,TAG-2682,,,,,Webinar,100513,Inactive,,,,,,,,100454,,"361,810",Other,100075,"37,753",,Sofia Cohen,101410,100522,SKU-5714,100393,New Logo,100241,,,,100003,,,,,100464,,Prospect,100184,,,,,100298,Offshore Team,,,100309,,
100473,Opportunity,106603,chen.mensah@sampleco.test,Noah Mercer,2023-09-07 19:28:00,omar.blake@examplecorp.test,Quinn Costa,2024-01-21 11:25:00,noah.garcia@examplecorp.test,Aisha Patel,2025-06-18 11:38:00,nina.ivanov@examplecorp.test,,2024-07-30 09:01:00,N,Redwood Holdings Group - Staff Augmentation,,100517,On Hold,100408,REF-4117,LOT-5037,100734,SKU-9186,104744,,,,Webinar,,Active,,,,,,100792,,,,"73,654",,,"29,085",,Emerson Mensah,101538,,LOT-7107,,New Logo,100046,,,,100437,,100530,,,100209,,Prospect,100704,,,,,,Managed Services,100223,,100041,,
100469,Opportunity,106604,noah.brooks@sampleco.test,Elena Vance,2025-04-17 03:00:00,diego.sato@examplecorp.test,Omar Patel,2025-02-01 03:57:00,jamie.nguyen@demomail.test,Jordan Costa,2023-07-19 20:11:00,taylor.brooks@acme-fake.test,,2023-05-24 01:02:00,N,Falcon Retail - Back Office,,100496,Discovery,100003,LOT-5909,LOT-9555,100593,LOT-3705,104294,,,,Inbound Call,,Active,,,,,,100403,,100066,,"95,073",,100366,"31,383",,Alex Calder,100871,100634,SKU-7928,100617,Renewal,,,,,100070,,100413,,,100146,,Prospect,100012,,,,,100604,Staff Augmentation,100173,,100598,,102620
100023,Opportunity,106606,sofia.costa@examplecorp.test,Drew Ivanov,2026-02-08 00:47:00,omar.brooks@demomail.test,Liam Whitfield,2025-10-28 07:19:00,rahul.garcia@acme-fake.test,Casey Rossi,2023-10-19 15:47:00,emerson.whitfield@examplecorp.test,,2026-05-21 21:17:00,Y,Brightpath Logistics Co - Recruiting,,,Discovery,100449,SKU-4333,SKU-6666,100305,SKU-3458,104426,,,,Inbound Call,100236,Active,,,,,,100462,,,,"253,879",Beta,100026,,5555,Jordan Cohen,101288,100468,,,SMB,100031,,,,100741,,100120,,,,,Active Customer,100742,,,,,,Offshore Team,,,100168,,103863
100596,Opportunity,106607,casey.nguyen@examplecorp.test,Riley Silva,2023-09-26 18:13:00,emerson.haddad@examplecorp.test,Marco Silva,2026-01-31 08:03:00,aisha.reyes@examplecorp.test,Noah Costa,2024-04-30 09:00:00,chen.mensah@demomail.test,,2026-06-28 16:10:00,N,Granite Labs - Consulting,,,Proposal Sent,100490,,LOT-2863,100009,LOT-7220,103342,,,,Inbound Call,,Active,,,,,,,,,,"400,548",,100637,"2,263",3016,Fatima Okafor,101004,100704,,100371,SMB,100546,,,,100516,,100417,,,,,Active Customer,100017,,,,,100333,Payroll,100305,,100215,,104023
100224,Opportunity,106609,casey.garcia@examplecorp.test,Avery Okafor,2025-10-12 07:07:00,rowan.reyes@demomail.test,Aisha Garcia,2023-12-30 21:16:00,taylor.vance@acme-fake.test,Diego Costa,2023-09-30 01:43:00,mei.mensah@examplecorp.test,,2025-12-08 09:48:00,N,Cobalt Manufacturing Ltd - Consulting,,,Negotiation,100280,,SKU-2325,100173,TAG-4754,102001,,,,Cold Outreach,100531,Active,,,,,,,,100723,,"365,511",,100617,,,Yara Calder,101212,100552,TAG-7896,100457,Enterprise,100386,,,,100560,,,,,100684,,Prospect,100664,,,,,100418,Staff Augmentation,100200,,100786,,
100388,Opportunity,106610,sofia.sloan@sampleco.test,Priya Calder,2023-08-07 14:48:00,noah.patel@demomail.test,Liam Vance,2025-01-27 00:10:00,reese.reyes@sampleco.test,Elena Mensah,2026-03-30 20:47:00,skyler.ford@acme-fake.test,,2022-11-01 20:58:00,Y,Keystone Logistics Co - Consulting,,100704,Proposal Sent,100656,,SKU-5848,100673,REF-1760,,,,,Website,,Active,,,,,,100094,,,,"350,745",,100314,"34,771",4229,Arjun Cohen,101722,,SKU-4031,,Standard,100770,,,,100185,,,Beta,,100758,,Prospect,100410,,,,,100552,Managed Services,100139,,100044,,
100169,Opportunity,106613,aisha.larsson@demomail.test,Mei Brooks,2024-04-20 05:24:00,nina.ford@examplecorp.test,Drew Calder,2025-10-12 07:02:00,chen.patel@sampleco.test,Riley Okafor,2024-04-09 14:16:00,rowan.ashby@examplecorp.test,,2024-02-23 20:25:00,Y,Cardinal Solutions LLC - Managed Services,,,Proposal Sent,100235,,REF-8783,100615,TAG-2061,102083,,,,LinkedIn,100269,Active,,,,,,100139,,,,"180,625",,100213,"6,111",8248,Riley Nguyen,,,SKU-1141,,Enterprise,100208,,,,100368,,,,,100455,,Active Customer,100143,,,,,,Payroll,,,100383,,
100161,Opportunity,106615,diego.silva@sampleco.test,Sofia Dorsey,2026-03-30 13:49:00,omar.larsson@demomail.test,Mei Garcia,2026-07-02 21:46:00,taylor.rossi@demomail.test,Sofia Cohen,2025-12-24 22:31:00,emerson.kim@examplecorp.test,,2025-07-29 09:31:00,Y,Silverline Capital Co - Staff Augmentation,,100353,Discovery,100683,,LOT-7279,100136,LOT-8282,102658,,,,Inbound Call,100627,Active,,,,,,100139,,100554,,"88,964",Standard,,,7868,Mei Brooks,,100288,LOT-1729,,Renewal,,,,,100535,,100758,,,100272,,Prospect,100664,,,,,100235,Recruiting,100518,,100527,,104618
