Entity_Type_ID,Entity_Type_Name,Entity_ID,Owned_by_SAM,Owned_by_Display_Name,Own_Datetime,Created_by_SAM,Created_by_Display_Name,Created_Datetime,Modified_by_Sam,Modified_by_Display_Name,Modified_Datetime,Assigned_to_Sam,Assigned_to_Display_Name,Assign_Datetime,Is_Active,HIRE_REHIRE_DATE DateRange,HIRE_REHIRE_DATE Month,HIRE_REHIRE_DATE Quarter,HIRE_REHIRE_DATE Week,HIRE_REHIRE_DATE WeekNumber,HIRE_REHIRE_DATE Year,HIRE_REHIRE_DATE YearMonth,HIRE_REHIRE_DATE YearQuarter,EMPLOYEE_TYPE_EXD_OBJECT_ID,JOB_TITLE_EXD_OBJECT_ID,TERMINATION_DATE DateRange,TERMINATION_DATE Month,TERMINATION_DATE Quarter,TERMINATION_DATE Week,TERMINATION_DATE WeekNumber,TERMINATION_DATE Year,TERMINATION_DATE YearMonth,TERMINATION_DATE YearQuarter,USER_GROUP_EXD_OBJECT_ID,COMPANY_EXD_OBJECT_ID,RELAY_EMPLOYEE_TYPE_EXD_OBJECT_ID,REPORTING_MANAGER_EXD_OBJECT_ID,RHC_LOCATION_EXD_OBJECT_ID,RELAY_DEPARTMENT_EXD_OBJECT_ID,OFFICE_STATE_EXD_OBJECT_ID,CUSTOMER_DEPARTMENT_EXD_OBJECT_ID,JOB_EXD_OBJECT_ID,SHIFT_TIME_S__EXD_OBJECT_ID,BACHELOR'S_DEGREE_EXD_OBJECT_ID,MASTERS_DEGREE_EXD_OBJECT_ID,EMPLOYER_EXD_OBJECT_ID,BENCH_START_DATE DateRange,BENCH_START_DATE Month,BENCH_START_DATE Quarter,BENCH_START_DATE Week,BENCH_START_DATE WeekNumber,BENCH_START_DATE Year,BENCH_START_DATE YearMonth,BENCH_START_DATE YearQuarter,OFFICE_CITY_EXD_OBJECT_ID,RECRUITER_EXD_OBJECT_ID,OFFICE_COUNTRY_EXD_OBJECT_ID,GENDER_EXD_OBJECT_ID,ADDITIONAL_JOB_TITLE_S__EXD_OBJECT_ID,STANDARD_JOB_TITLE_TEMPLATE_EXD_OBJECT_ID,DYNAMIC_TEMPLATE_EXD_OBJECT_ID,(Preferred) Full Name,Account Activate/Deactivate Reason,Additional Job Title(s),American Nickname(India only),Bachelor's Degree,Bench Display Name (e.g. John M.),Bench Flyer Display Name,Bench Start Date,Bench Status,Birthday,Comments,Comments/Notes,Company,Customer Department,Date of Customer Verbal Commitment,Display Name,Dynamic Template,Email Address,Employee Category,Employee Type,Employer,Experience Level,First Name,Gender,Hire Rehire Date,Hire/Rehire Date,Home Phone/Cell Number,Is Normally Open,Job,Job Title,Last Name,Masters Degree,Middle Name,Monthly Retail Price,Office City,Office Country,Office Phone Number,Office State,Office Street Address,Office Zip Code,Personal Email Address,Recruiter,Relay Department,Relay Display Name,Relay Employee Type,Remove 2FA Token,Reporting Manager,Resource Start Date,Resource Two Liner,Resume Link,RHC Location,Shift Time(s),Shift Type(s),Standard Job Title Template,System Display Name,Termination Date,Termination Reason,Type of Termination,User Group,User GUID,User Status,User Type,Video Link,BENCH_START_DATE MonthSince,BENCH_START_DATE WeekSince,BENCH_START_DATE DaySince,BENCH_START_DATE MonthsSinceCat,HIRE_REHIRE_DATE MonthSince,HIRE_REHIRE_DATE WeekSince,HIRE_REHIRE_DATE DaySince,HIRE_REHIRE_DATE MonthsSinceCat,TERMINATION_DATE MonthSince,TERMINATION_DATE WeekSince,TERMINATION_DATE DaySince,TERMINATION_DATE MonthsSinceCat,Own_Datetime Date,Own_Datetime Year,Own_Datetime Month,Own_Datetime Quarter,Own_Datetime YearMonth,Own_Datetime YearQuarter,Own_Datetime DateRange,Own_Datetime WeekNumber,Own_Datetime Week,Own_Datetime MonthSince,Own_Datetime WeekSince,Own_Datetime DaySince,Own_Datetime MonthsSinceCat,Modified_Datetime Date,Modified_Datetime Year,Modified_Datetime Month,Modified_Datetime Quarter,Modified_Datetime YearMonth,Modified_Datetime YearQuarter,Modified_Datetime DateRange,Modified_Datetime WeekNumber,Modified_Datetime Week,Modified_Datetime MonthSince,Modified_Datetime WeekSince,Modified_Datetime DaySince,Modified_Datetime MonthsSinceCat,Assign_Datetime Date,Assign_Datetime Year,Assign_Datetime Month,Assign_Datetime Quarter,Assign_Datetime YearMonth,Assign_Datetime YearQuarter,Assign_Datetime DateRange,Assign_Datetime WeekNumber,Assign_Datetime Week,Assign_Datetime MonthSince,Assign_Datetime WeekSince,Assign_Datetime DaySince,Assign_Datetime MonthsSinceCat,BIRTHDAY Date,BIRTHDAY Year,BIRTHDAY Month,BIRTHDAY Quarter,BIRTHDAY YearMonth,BIRTHDAY YearQuarter,BIRTHDAY DateRange,BIRTHDAY WeekNumber,BIRTHDAY Week,BIRTHDAY MonthSince,BIRTHDAY WeekSince,BIRTHDAY DaySince,BIRTHDAY MonthsSinceCat,DATE_OF_CUSTOMER_VERBAL_COMMITMENT Date,DATE_OF_CUSTOMER_VERBAL_COMMITMENT Year,DATE_OF_CUSTOMER_VERBAL_COMMITMENT Month,DATE_OF_CUSTOMER_VERBAL_COMMITMENT Quarter,DATE_OF_CUSTOMER_VERBAL_COMMITMENT YearMonth,DATE_OF_CUSTOMER_VERBAL_COMMITMENT YearQuarter,DATE_OF_CUSTOMER_VERBAL_COMMITMENT DateRange,DATE_OF_CUSTOMER_VERBAL_COMMITMENT WeekNumber,DATE_OF_CUSTOMER_VERBAL_COMMITMENT Week,DATE_OF_CUSTOMER_VERBAL_COMMITMENT MonthSince,DATE_OF_CUSTOMER_VERBAL_COMMITMENT WeekSince,DATE_OF_CUSTOMER_VERBAL_COMMITMENT DaySince,DATE_OF_CUSTOMER_VERBAL_COMMITMENT MonthsSinceCat,RESOURCE_START_DATE Date,RESOURCE_START_DATE Year,RESOURCE_START_DATE Month,RESOURCE_START_DATE Quarter,RESOURCE_START_DATE YearMonth,RESOURCE_START_DATE YearQuarter,RESOURCE_START_DATE DateRange,RESOURCE_START_DATE WeekNumber,RESOURCE_START_DATE Week,RESOURCE_START_DATE MonthSince,RESOURCE_START_DATE WeekSince,RESOURCE_START_DATE DaySince,RESOURCE_START_DATE MonthsSinceCat,ENTITY_URL
100359,Relay User,100805,reese.garcia@examplecorp.test,Diego Silva,2024-07-25 20:27:00,alex.rossi@demomail.test,Mei Dorsey,2024-05-16 09:35:00,Other,,2023-07-07 01:41:00,,,,N,REF-5078,7209,Gamma,1867,8226,1876,SKU-5775,Other,100415,100334,LOT-9504,9193,Other,2647,9886,7154,LOT-7363,Other,100538,100213,100110,100741,100030,100091,100457,100546,100735,,100049,,100415,,,,8137,,3530,,REF-3317,100177,100285,100421,100726,,100631,100520,Taylor Costa,,,Drew Nguyen,REF-6970,Taylor C.,Jamie Silva,,N/A,TAG-9535,TAG-8568,TAG-9848,TAG-2426,Other,,Aisha Ford,Beta,morgan.ivanov@examplecorp.test,Director,Full-Time,Copper Dynamics LLC,Entry,Aisha Mensah,Female,REF-6851,REF-6677,261,Y,SKU-1754,Omar Ashby,Drew Okafor,SKU-9334,Nina Sato,"142,476",Manila,Mexico,Standard,Gamma,Aligned on billing and renewal terms.,8970,skyler.rossi@acme-fake.test,Fatima Ivanov,Customer Support,Riley Dorsey,Gamma,,SKU-2873,,,,Chicago,US Night,,Software Developer,Arjun Sloan,,,,Standard,TAG-3773,Active,Standard,,,,3876,,9696,5951,238,Delta,7401,7608,,Other,2026-02-08 02:09:00,1311,290,Other,Delta,Gamma,REF-8666,4760,6117,9757,1016,9780,Gamma,2024-06-03 12:05:00,8266,9719,Beta,Other,Beta,TAG-7497,4265,9048,8124,4943,2249,Standard,,,,,,,,,,,,,,2023-02-01,6830,8353,Standard,TAG-2717,SKU-8422,TAG-2615,3361,2693,,6988,9388,Other,2025-10-29,,,,,,,,,,,,,2025-12-23,5250,2059,,TAG-7124,,TAG-1144,,,363,9209,1584,,Reviewed performance and gathered feedback.
100003,Relay User,100808,casey.okafor@acme-fake.test,Diego Brooks,2024-09-14 23:52:00,mei.okafor@examplecorp.test,Mei Rossi,2026-07-18 02:19:00,Delta,,2024-07-13 00:40:00,,,,N,LOT-6150,17,Gamma,7982,6554,9228,REF-2200,Alpha,100075,100236,TAG-8245,3594,Alpha,,,6921,,Standard,100672,100522,100374,100509,100169,100587,,100622,100329,100190,100798,100062,100569,,7414,,,,,LOT-3905,,100440,100642,100351,100224,,,100503,Noah Ford,,,,,Noah F.,Yara Costa,TAG-1349,Placed,TAG-3184,,,TAG-2195,,,Mei Okafor,Standard,aisha.ivanov@sampleco.test,Manager,Contractor,Blue Ridge Solutions Group,Lead,Yara Nguyen,Non-binary,REF-9980,SKU-9831,4635,N,,Rowan Ashby,Emerson Costa,REF-7213,Yara Brooks,"146,401",Seattle,United Kingdom,Gamma,Alpha,,2589,yara.costa@acme-fake.test,Quinn Sloan,Finance,Morgan Patel,Alpha,,LOT-5108,,,,Denver,US Day,Gamma,Recruiter,Jamie Reyes,SKU-2169,,,Gamma,LOT-8734,Active,Standard,,,7053,,,7966,824,9536,Standard,382,327,9160,,2024-02-19 05:24:00,6551,3006,Beta,Gamma,Standard,TAG-5116,5191,1039,1672,8037,93,Other,2025-06-12 17:59:00,2779,4566,Gamma,Delta,Alpha,SKU-4618,1842,2410,3203,483,201,Alpha,,,,,,,,,,,,,,2024-01-06,,,,SKU-3628,,TAG-3175,8071,2737,1392,9936,968,Gamma,2025-10-08,,,,,,,,,,,,,2026-03-05,,4966,,,,,3934,,,,1287,,Shared the updated proposal for review.
100625,Relay User,100811,morgan.whitfield@examplecorp.test,Rahul Calder,2025-04-07 08:58:00,reese.sato@acme-fake.test,Morgan Sato,2025-08-01 18:32:00,Other,,2023-11-03 17:43:00,,,,Y,SKU-9933,8592,Alpha,476,5025,4601,REF-7905,Other,100672,100062,REF-3253,,Gamma,8572,2322,348,TAG-6132,Gamma,100309,100780,100185,100551,100352,100203,100148,100008,100041,100240,100301,100111,,,4328,,,,,,,100658,100723,100641,,100097,100744,100069,Jamie Dorsey,,,Quinn Patel,REF-9685,Jamie D.,,TAG-7899,Placed,SKU-4144,,TAG-6410,SKU-9734,Gamma,,Casey Larsson,Standard,rowan.ford@demomail.test,Team Lead,Part-Time,Delta Labs LLC,Mid-Level,Sofia Okafor,Prefer not to say,LOT-8640,TAG-3777,6199,N,LOT-5330,Fatima Whitfield,Fatima Mercer,,Avery Rossi,"24,573",Chicago,Mexico,Other,Alpha,,5779,jordan.whitfield@examplecorp.test,Alex Costa,Customer Support,Taylor Mercer,Other,,REF-2312,,,,London,US Night,Gamma,Marketing Coordinator,Omar Kim,,End of Contract,,Standard,SKU-1712,Inactive,Alpha,Scheduled a check-in for the coming month.,2988,,,,8283,8794,5368,Other,8006,,6479,Alpha,2025-01-22 18:11:00,4533,6527,Standard,Alpha,Alpha,REF-9944,3867,5775,4169,1755,358,Other,2023-09-19 11:50:00,6853,3899,Gamma,Alpha,Standard,REF-9254,4537,1769,5271,1211,8571,Gamma,,,,,,,,,,,,,,2024-01-03,8164,107,Gamma,REF-9982,TAG-3358,LOT-6748,,7159,,6080,,Alpha,2025-02-09,,,,,,,,,,,,,2025-07-01,,,Alpha,REF-2285,,,8280,,,,1021,,Followed up on the open items from last week.
100565,Relay User,100814,priya.whitfield@examplecorp.test,Elena Okafor,2026-05-15 20:59:00,liam.silva@sampleco.test,Marco Cohen,2024-06-02 17:29:00,,,2022-11-04 15:31:00,,,,Y,REF-9974,2818,Alpha,5064,6114,5317,REF-6270,Beta,100715,100509,TAG-3369,8778,Other,4175,8523,5495,LOT-3799,Alpha,100235,100527,100652,100334,100523,100298,100232,100079,100227,100538,,100066,,REF-5217,,,6527,,,REF-4432,SKU-6898,,100178,100388,100348,100413,,100546,Mei Costa,,,,LOT-7527,Mei C.,Aisha Patel,,Placed,,,,LOT-4001,Standard,,Chen Rossi,Other,omar.garcia@sampleco.test,Manager,Contractor,Summit Industries Group,Lead,Noah Reyes,Male,REF-8611,TAG-3150,,N,,Casey Ford,Priya Rossi,,Alex Ivanov,,Bengaluru,United States,Gamma,Standard,Reviewed performance and gathered feedback.,6736,noah.ashby@examplecorp.test,Riley Mensah,Accounting,Omar Ashby,Beta,,TAG-4796,,,,Seattle,US Day,Delta,Financial Analyst,Arjun Garcia,SKU-8608,Relocation,Standard,Delta,REF-7673,Inactive,Other,,,,,Standard,2586,875,439,Delta,4515,4988,169,Other,2024-11-22 13:40:00,1410,2506,Alpha,Other,Standard,LOT-7985,5825,4414,7246,6584,8366,Standard,2025-08-20 15:09:00,8977,5966,Alpha,Delta,Standard,REF-1268,2084,1995,3018,4197,1003,Alpha,,,,,,,,,,,,,,2025-12-20,3648,284,Gamma,,SKU-2745,REF-6924,7420,2191,5516,,7753,Other,2026-02-16,,,,,,,,,,,,,2023-02-08,,,,,SKU-5977,,,1463,6929,,8031,,Aligned on billing and renewal terms.
100786,Relay User,100815,fatima.rossi@demomail.test,Jordan Garcia,2025-11-02 09:39:00,quinn.blake@sampleco.test,Mei Nguyen,2025-06-20 10:53:00,Gamma,Sofia Okafor,2023-11-05 07:03:00,,,,Y,LOT-3168,2978,Gamma,7827,5886,5636,REF-9492,Standard,100010,100216,SKU-7489,,,5539,4108,5525,,Gamma,100624,100060,100331,100107,100759,100468,100086,100012,100066,100539,100178,,,,,,1449,6374,1641,,SKU-7594,100366,100408,100301,,100484,,100628,Elena Kim,,,Fatima Patel,SKU-9676,Elena K.,,,Placed,LOT-9095,,,REF-3380,Delta,,Emerson Garcia,Other,alex.vance@acme-fake.test,Director,Part-Time,Delta Solutions Ltd,Entry,Avery Costa,Female,SKU-6346,LOT-2679,2179,N,,Casey Calder,Jamie Silva,,Emerson Okafor,,Austin,United States,Delta,Alpha,Followed up on the open items from last week.,,riley.rossi@sampleco.test,Reese Costa,Software Engineering,Sofia Whitfield,Standard,,LOT-2027,,,,Austin,US Evening,Delta,Executive Assistant,Rahul Mensah,SKU-4975,,,Beta,REF-5800,Active,Beta,,4359,3777,,Gamma,8096,4726,1643,Other,8978,6152,1622,Alpha,2024-03-21 16:12:00,5064,7149,Standard,Standard,Beta,TAG-3954,6949,7217,8175,7266,9938,Standard,2022-10-15 12:40:00,7956,4803,Beta,Gamma,Alpha,REF-6849,884,7892,1114,7126,1032,Alpha,,,,,,,,,,,,,,2026-07-19,5841,,,TAG-8063,REF-3669,TAG-6476,1926,2907,117,6757,5090,Other,2025-08-24,,,,,,,,,,,,,2024-04-17,,1606,,,,TAG-1465,7295,,,537,7023,Beta,Aligned on billing and renewal terms.
100777,Relay User,100817,marco.ivanov@examplecorp.test,Alex Ford,2026-01-07 03:18:00,quinn.sloan@demomail.test,Omar Calder,2023-06-09 09:15:00,Alpha,Emerson Ashby,2024-09-30 07:22:00,,,,N,LOT-1631,9344,Alpha,6872,7611,8218,TAG-3323,Beta,100568,100593,,7996,Alpha,4100,3740,6680,SKU-1983,Alpha,100452,100139,100251,100382,100086,100259,100352,100767,,100288,,100132,100259,,,Gamma,1181,,,,,100345,100744,100282,100076,,100115,100560,Arjun Ashby,,,Riley Calder,,Arjun A.,Casey Kim,,Placed,SKU-9448,,,LOT-6827,,,Aisha Vance,Other,taylor.mensah@demomail.test,Team Lead,Contractor,Lakeside Health,Senior,Omar Mercer,Female,TAG-1420,REF-6031,9961,N,TAG-5262,Fatima Patel,Omar Vance,SKU-8356,Aisha Okafor,"64,188",Manila,United States,,Beta,Aligned on billing and renewal terms.,798,arjun.costa@examplecorp.test,Skyler Vance,Operations,Rahul Calder,Alpha,,REF-9348,,,Reviewed performance and gathered feedback.,Austin,Flexible,,Operations Associate,Marco Kim,SKU-6675,Client Request,,Delta,TAG-9536,Inactive,Delta,,2128,,7676,,7963,1740,5334,Other,,2498,4571,Gamma,2024-02-23 18:59:00,8670,8038,Standard,Standard,Gamma,SKU-3042,1484,6215,5063,9558,6154,Alpha,2026-02-22 03:04:00,3542,9783,Beta,Standard,Standard,REF-5841,6805,7725,3940,3475,1855,Standard,,,,,,,,,,,,,,2026-05-25,,,,REF-7789,SKU-9669,SKU-1406,1365,9308,9669,3229,616,,2023-09-03,,,,,,,,,,,,,2024-07-19,,,Beta,LOT-5224,REF-7094,,8363,,,,,,Noted a concern to revisit at the next sync.
100645,Relay User,100818,priya.kim@examplecorp.test,Alex Costa,2025-11-27 23:37:00,marco.sato@acme-fake.test,Fatima Ivanov,2024-10-30 17:40:00,Standard,,2023-11-18 10:17:00,,,,N,TAG-7985,4077,Standard,1425,9345,4586,TAG-9888,Alpha,100531,100030,SKU-2887,8396,Gamma,1738,,6763,REF-7782,,100432,100129,100106,100708,100646,100206,100200,100789,,100070,100565,100195,100348,TAG-7728,5360,,,,,,,100151,100574,100559,,100259,100670,100426,Nina Vance,LOT-2755,,Sofia Sloan,REF-4723,Nina V.,Chen Dorsey,REF-2251,N/A,,,LOT-4014,REF-4543,,,Liam Dorsey,Beta,fatima.rossi@examplecorp.test,Individual Contributor,Full-Time,Keystone Retail LLP,Entry,Morgan Reyes,Female,TAG-6000,TAG-9786,4729,Y,,,Rowan Haddad,REF-6211,Nina Mercer,"53,485",Chicago,India,Standard,Alpha,Noted a concern to revisit at the next sync.,3746,marco.garcia@demomail.test,Sofia Brooks,Marketing,Omar Sloan,Standard,,LOT-4007,,Shared the updated proposal for review.,,Bengaluru,US Evening,,Support Specialist,Elena Dorsey,REF-8185,,,Beta,TAG-3266,Active,Gamma,,4287,9600,,Other,9617,4879,1842,Gamma,354,4229,8126,Gamma,2024-07-05 08:19:00,6907,1773,Gamma,Gamma,Other,REF-6713,3444,8696,1504,6886,8699,Gamma,2026-04-16 08:04:00,1092,5827,Gamma,Alpha,Delta,TAG-3948,220,5763,9173,2558,4621,Gamma,,,,,,,,,,,,,,2024-05-06,3305,5059,Delta,,LOT-3573,REF-9694,6328,,,2762,5228,Gamma,2023-09-29,,,,,,,,,,,,,2025-07-01,,3288,Other,TAG-5913,,LOT-9193,,9614,,,,Other,Reviewed performance and gathered feedback.
100468,Relay User,100821,jordan.costa@acme-fake.test,Arjun Ivanov,2023-04-30 08:25:00,priya.sato@demomail.test,Reese Dorsey,2022-10-29 07:37:00,Standard,,2022-12-01 21:40:00,,,,Y,TAG-1897,9582,Alpha,2446,2002,8166,LOT-2034,Standard,100437,100654,SKU-3933,6251,Other,,2109,4454,SKU-8065,,100178,100712,100269,100408,100345,100099,100652,100236,100099,100257,100720,,100522,,,,,,,TAG-7182,,100224,100213,100089,100763,100424,,100607,Riley Nguyen,,,Nina Reyes,TAG-7050,Riley N.,Casey Vance,,Placed,,,,LOT-6692,,,Chen Rossi,Standard,arjun.silva@sampleco.test,Individual Contributor,Contractor,Atlas Financial Group,Junior,Liam Silva,Male,TAG-7298,LOT-3434,1414,Y,TAG-6230,Diego Sloan,Diego Calder,SKU-2041,,"72,210",Dallas,United States,Other,Beta,,5803,omar.vance@acme-fake.test,Yara Cohen,Finance,,Alpha,,TAG-3046,,,Scheduled a check-in for the coming month.,Denver,US Evening,Delta,QA Engineer,Rahul Kim,,,Beta,Gamma,TAG-2271,Active,Standard,,,,,,3059,1022,3755,Other,,4311,8778,,2024-11-11 23:56:00,5082,566,Standard,Gamma,Beta,LOT-6050,7887,7391,7881,8756,6461,Delta,2023-02-20 08:22:00,9994,1200,Other,Gamma,Alpha,TAG-4722,7775,6223,4457,5016,3390,Beta,,,,,,,,,,,,,,2024-02-08,4534,6355,Beta,SKU-8091,LOT-1686,LOT-8564,5784,2545,6961,6298,6924,Beta,2026-05-06,,,,,,,,,,,,,2025-05-11,4827,,,,,LOT-6096,5916,,,6448,1056,,Scheduled a check-in for the coming month.
100042,Relay User,100822,chen.larsson@demomail.test,Elena Ivanov,2023-01-30 08:37:00,yara.okafor@demomail.test,Fatima Mensah,2024-10-04 05:29:00,Other,Sofia Mensah,2026-01-04 01:12:00,,,,Y,TAG-6781,8833,Other,8387,6918,6869,LOT-8186,Alpha,,100656,,5796,Alpha,,,,REF-9851,Other,100455,100197,100696,100487,100523,100184,,100115,,100443,100490,100161,,,,,,,,,,100631,100232,100585,,100554,100467,100051,Arjun Okafor,LOT-4421,,Yara Dorsey,LOT-4147,Arjun O.,Noah Sloan,,Not Available,SKU-1395,LOT-2213,LOT-5391,TAG-6973,Standard,,Liam Ford,Gamma,omar.cohen@sampleco.test,Team Lead,Full-Time,Harbor Ventures LLP,Junior,Reese Mensah,Prefer not to say,REF-7421,SKU-8747,2505,Y,,Marco Cohen,Emerson Dorsey,TAG-4769,,,Atlanta,United States,,Standard,Scheduled a check-in for the coming month.,8044,diego.ivanov@demomail.test,Priya Ivanov,Human Resources,,Gamma,,REF-3915,LOT-5440,,Aligned on billing and renewal terms.,Manila,US Day,Beta,Financial Analyst,Skyler Vance,REF-6731,,,Other,SKU-6828,Active,Other,,,,,Standard,7160,2708,5967,Beta,,2616,7059,Standard,2023-01-27 02:43:00,7257,6941,Beta,Beta,Other,TAG-8764,936,146,7750,681,3559,Standard,2025-07-03 18:03:00,1223,8724,Delta,Delta,Delta,SKU-2885,4161,8569,8842,8620,8758,Gamma,,,,,,,,,,,,,,2025-04-05,3046,6049,Standard,,TAG-6188,,3954,8677,,1915,6429,Standard,2024-01-31,,,,Standard,,,,,,,,,2023-02-26,,,Alpha,,SKU-6375,,,3681,,,,Alpha,Aligned on billing and renewal terms.
100503,Relay User,100825,jordan.ford@sampleco.test,Reese Ford,2025-12-07 17:28:00,marco.silva@demomail.test,Drew Blake,2026-01-24 16:38:00,Standard,Aisha Ivanov,2024-12-15 12:42:00,,,,Y,LOT-7683,1834,Alpha,248,6671,8456,TAG-7201,Beta,100646,100370,LOT-5551,2075,Alpha,9619,3432,,,Gamma,100500,100759,100040,100563,100658,100684,100120,100492,,100571,100498,,100323,SKU-9299,,,809,7256,,SKU-8187,REF-4012,100620,100646,,100240,,,100498,Diego Kim,,,,SKU-3819,Diego K.,Liam Sloan,,Not Available,LOT-9239,,REF-4972,SKU-2292,,,Jordan Costa,Delta,morgan.okafor@sampleco.test,Team Lead,Intern,Harbor Analytics Ltd,Entry,Diego Sato,Prefer not to say,REF-6758,TAG-4791,8232,N,TAG-2980,Chen Okafor,Avery Garcia,LOT-7632,Marco Ashby,"106,333",Seattle,United States,,Alpha,,,drew.rossi@examplecorp.test,Skyler Rossi,Software Engineering,Morgan Brooks,Gamma,,LOT-8288,,,,Mumbai,US Evening,Beta,HR Generalist,Yara Cohen,,Performance,,Alpha,TAG-3407,Inactive,Alpha,,9199,,3278,,6227,4832,5954,Standard,,,338,Alpha,2023-03-12 01:33:00,7886,6771,Gamma,Gamma,Beta,TAG-2638,307,3956,4968,7535,718,Gamma,2025-08-18 17:14:00,6265,8006,Beta,Standard,Standard,SKU-6073,6795,8371,9995,9126,3113,Standard,,,,,,,,,,,,,,2026-06-18,7779,7593,,,,,7272,,1761,2234,4354,Delta,2026-01-10,,,,,,,,,,,,,2025-10-21,,,,SKU-2475,,,,7340,3459,6532,,Gamma,Aligned on billing and renewal terms.
100449,Relay User,100826,drew.vance@sampleco.test,Mei Sloan,2025-12-28 14:50:00,skyler.blake@demomail.test,Elena Cohen,2023-12-23 13:58:00,Delta,,2026-06-21 03:22:00,,,,N,REF-1093,1323,Beta,361,2473,9564,REF-6650,Standard,100563,100532,LOT-6231,,,,,9787,REF-6217,Gamma,100308,100319,100782,100720,100208,100474,100360,100546,100254,100731,100302,100388,100017,TAG-7731,,,,,,,LOT-7868,100468,100530,100316,100646,,,100749,Liam Blake,,,Mei Reyes,TAG-6396,Liam B.,Yara Sato,,N/A,TAG-3218,LOT-4050,,LOT-8171,Other,,Elena Nguyen,Other,skyler.rossi@examplecorp.test,Manager,Full-Time,Cardinal Retail Corp,Junior,Taylor Garcia,Non-binary,SKU-1737,SKU-2774,,N,REF-8965,Taylor Blake,Rowan Costa,,,"89,042",Atlanta,United States,Alpha,Standard,,6828,skyler.ford@acme-fake.test,Jordan Dorsey,Customer Support,Avery Mensah,Beta,,REF-7383,,,,Seattle,US Day,Other,Recruiter,Avery Sato,SKU-9251,Restructuring,,Gamma,REF-8759,Inactive,Gamma,,,,,Alpha,2469,9324,7004,Other,6486,2100,973,Delta,2026-05-19 06:56:00,8795,9962,Beta,Alpha,Gamma,LOT-2493,1002,1177,9478,1352,1209,Beta,2026-06-12 16:13:00,6727,6488,Standard,Gamma,Gamma,LOT-6068,4100,5532,4144,2566,3219,Standard,,,,,,,,,,,,,,2023-07-14,4961,7054,Other,SKU-9658,REF-5126,,9288,1555,7698,9691,388,Other,2025-10-14,,,,,,,,,,,,,2025-09-29,,,,,TAG-6612,,,3219,4767,7249,,Standard,Discussed timeline and next steps with the account.
100101,Relay User,100827,jamie.whitfield@demomail.test,Riley Larsson,2024-12-01 18:29:00,mei.patel@acme-fake.test,Alex Brooks,2025-12-31 11:58:00,Other,Arjun Haddad,2025-05-02 13:38:00,,,,N,REF-1111,5890,Delta,3757,5559,8362,REF-7473,Standard,100173,100780,REF-5495,679,Alpha,6593,9737,6538,TAG-5107,Beta,100482,100235,100058,100492,100798,100497,,100251,,,100245,,100380,TAG-6137,,,,7808,,,LOT-4276,100672,100235,,100576,,,100652,Noah Garcia,,,,TAG-1193,Noah G.,Casey Sato,,Placed,REF-2621,,,TAG-3333,,,Yara Ivanov,Delta,riley.haddad@demomail.test,Team Lead,Contractor,Harbor Textiles LLP,Mid-Level,Skyler Rossi,Male,SKU-3473,SKU-9469,522,Y,LOT-2402,Emerson Sato,Yara Costa,,,,Chicago,United Kingdom,,Delta,,6611,riley.nguyen@acme-fake.test,Liam Garcia,Finance,Skyler Vance,Gamma,,REF-5127,,,,Mumbai,US Evening,Beta,HR Generalist,Avery Ashby,,,,Beta,REF-2895,Active,Gamma,,,,9813,,3253,1975,8500,Standard,,3363,5835,,2025-05-24 23:53:00,8477,6818,Other,Beta,Beta,TAG-5306,9286,5969,9278,5067,6760,Standard,2025-08-15 18:11:00,4887,8787,Standard,Beta,Standard,LOT-2918,605,5774,7635,2006,735,Gamma,,,,,,,,,,,,,,2024-03-18,7353,3877,,TAG-6797,,LOT-3173,1437,,7958,,2072,Alpha,2023-11-04,,,,,,,,,,,,,2025-10-11,3423,2630,Beta,REF-2335,,SKU-3824,6589,3918,3416,8954,,Standard,Noted a concern to revisit at the next sync.
100462,Relay User,100828,rowan.sloan@acme-fake.test,Rahul Ivanov,2023-05-12 08:57:00,alex.haddad@demomail.test,Chen Mensah,2026-03-01 07:24:00,Gamma,Quinn Cohen,2026-03-28 21:15:00,,,,N,REF-3813,9180,Delta,8741,2468,1384,REF-9142,Delta,100645,100569,SKU-7858,5377,Alpha,3662,2488,7087,SKU-1910,,100014,100705,100025,100408,100344,100094,100509,100449,100383,100359,100705,,100688,,,Alpha,,,,REF-6576,,100158,100212,100083,100654,100172,100654,100146,Fatima Dorsey,,,Jamie Garcia,SKU-9581,Fatima D.,,,Placed,REF-1064,TAG-3777,,SKU-9514,Beta,,Elena Mensah,Gamma,fatima.vance@demomail.test,Individual Contributor,Contractor,Blue Ridge Robotics Inc,Mid-Level,Riley Mercer,Female,SKU-7692,TAG-9520,4562,N,,Drew Sloan,Sofia Larsson,,Drew Sato,"136,044",Phoenix,United States,Standard,Other,,2548,alex.nguyen@examplecorp.test,Taylor Rossi,Customer Support,Riley Silva,Alpha,,LOT-8137,TAG-1507,,Scheduled a check-in for the coming month.,Toronto,US Evening,Beta,Customer Success Manager,Riley Haddad,LOT-3787,,,Gamma,SKU-7625,Active,Standard,,,9686,,,7128,8208,4630,Gamma,,5635,5247,Other,2024-02-17 14:55:00,3154,2021,Gamma,Gamma,Gamma,TAG-5311,4922,679,8913,2283,7350,Gamma,2026-01-14 08:00:00,5685,8915,Standard,Delta,Beta,LOT-4857,5020,7183,2686,2494,9658,Standard,,,,,,,,,,,,,,2023-07-14,,,,,LOT-1338,LOT-8536,1718,3302,3548,1074,6432,Gamma,2025-01-24,,,,,,,,,,,,,2024-03-09,,5381,Other,,,LOT-7261,9196,,,,,,Discussed timeline and next steps with the account.
100356,Relay User,100829,aisha.whitfield@examplecorp.test,Mei Haddad,2026-01-20 00:55:00,drew.costa@sampleco.test,Morgan Vance,2025-05-21 22:55:00,Delta,Emerson Okafor,2024-11-10 16:25:00,,,,N,TAG-4813,9340,Other,598,7487,6492,TAG-6158,Alpha,100037,100432,TAG-9177,8367,Alpha,9256,7867,838,SKU-9318,Other,100482,100681,100496,100212,100421,100749,100513,100646,100069,,100750,,100332,,,,7118,714,,,,100073,100456,100129,100631,,,100440,Yara Sloan,,,,REF-3000,Yara S.,Taylor Cohen,SKU-1483,Placed but Available,SKU-8054,,,SKU-9629,Other,,Morgan Ivanov,Gamma,drew.patel@acme-fake.test,Director,Intern,Meridian Dynamics LLC,Senior,Marco Brooks,Prefer not to say,SKU-3175,SKU-4432,7312,Y,REF-6306,,Alex Reyes,,Reese Larsson,"7,311",Denver,Canada,Beta,Alpha,,3330,casey.kim@sampleco.test,Aisha Vance,Software Engineering,,Gamma,,TAG-1077,,,,Atlanta,US Evening,Gamma,Payroll Specialist,Avery Patel,SKU-5328,,,Other,REF-1630,Active,Delta,,8049,,,Other,9352,4605,5392,Beta,,,4737,Beta,2023-01-16 09:26:00,8088,2018,Standard,Standard,Beta,SKU-5459,8492,1521,621,7482,1630,Alpha,2023-01-17 13:37:00,8368,2260,Alpha,Gamma,Other,SKU-2978,3386,8856,3596,9427,4996,Standard,,,,,,,,,,,,,,2023-07-12,9511,5862,Standard,,REF-4904,,8196,,855,946,7418,,2025-05-10,,,,,,,,,,,,,2023-04-06,,,,TAG-4690,,,,7614,,,,,Followed up on the open items from last week.
100086,Relay User,100832,diego.kim@sampleco.test,Nina Vance,2026-07-15 02:25:00,elena.mercer@demomail.test,Jordan Costa,2023-08-14 22:43:00,Gamma,,2022-11-21 05:58:00,,,,Y,LOT-2885,3496,Other,2536,6642,594,REF-1720,Delta,100146,,TAG-3008,,Other,7187,,5062,,Other,100770,100305,100026,100368,100755,100410,,100176,100788,100744,100348,,100106,,,,,711,,,SKU-6170,100530,100686,100784,,100786,,100447,Reese Sloan,,,Sofia Mensah,,Reese S.,,,N/A,TAG-9126,,,SKU-5611,,,Casey Cohen,Delta,taylor.whitfield@examplecorp.test,Individual Contributor,Part-Time,Keystone Partners,Junior,Yara Costa,Female,LOT-5441,SKU-8553,5744,N,LOT-6486,Nina Vance,Liam Ashby,LOT-9961,Jordan Dorsey,"217,983",London,United Kingdom,Alpha,Standard,Resolved the outstanding question about scope.,3884,fatima.haddad@sampleco.test,Noah Sloan,Human Resources,Marco Brooks,Gamma,,SKU-2235,,,Discussed timeline and next steps with the account.,Seattle,US Evening,Beta,Software Developer,Skyler Blake,REF-8634,,,Standard,TAG-4907,Active,Standard,,,,,Alpha,1859,2356,8215,Other,8368,,,Standard,2024-10-25 17:07:00,8243,3049,Beta,Gamma,Standard,REF-3656,1666,5253,2593,1673,7456,Alpha,2025-03-03 02:17:00,1366,3872,Gamma,Delta,Alpha,REF-5133,1415,8766,76,4509,7612,Beta,,,,,,,,,,,,,,2023-05-16,9921,,,,LOT-5285,SKU-7192,6939,350,663,4501,6244,Standard,2026-07-23,6564,,,,,,,,,,,,2024-06-26,9762,,Gamma,,TAG-1342,LOT-8071,,,5417,,2858,,Discussed timeline and next steps with the account.
100613,Relay User,100834,marco.kim@sampleco.test,Emerson Silva,2022-10-16 18:08:00,avery.garcia@acme-fake.test,Rowan Ford,2022-10-31 06:18:00,Gamma,Diego Dorsey,2026-07-03 20:34:00,,,,Y,REF-9007,5583,Delta,1299,954,8883,TAG-1213,Beta,,100638,REF-5312,,Beta,6518,,6013,SKU-5065,Delta,100005,100142,100012,100628,100094,100269,100334,100340,100803,100760,100282,100497,100709,,,,,,,,,100426,100139,100391,100803,100217,,100530,Reese Calder,,,Chen Sato,LOT-2215,Reese C.,Casey Costa,,Coming Soon,,,,TAG-7154,Standard,,Chen Mercer,Delta,avery.okafor@acme-fake.test,Manager,Full-Time,Cardinal Industries Ltd,Lead,Jordan Whitfield,Male,REF-5300,SKU-7451,1332,Y,,Drew Larsson,Avery Vance,,Avery Vance,"105,093",Dallas,Philippines,Beta,Gamma,Reviewed performance and gathered feedback.,9155,yara.rossi@sampleco.test,Diego Cohen,Accounting,Chen Kim,Alpha,,LOT-1842,SKU-4130,Noted a concern to revisit at the next sync.,,Mumbai,US Night,Beta,Marketing Coordinator,Noah Garcia,TAG-3547,Client Request,,Other,SKU-5805,Inactive,Gamma,,5824,,,,6173,1972,3192,Alpha,2867,1971,,,2023-10-07 02:55:00,9645,2205,Beta,Beta,Other,TAG-9562,4932,9332,3261,5295,3548,Standard,2024-05-18 19:07:00,1193,5232,Alpha,Alpha,Alpha,REF-3161,1742,9466,3996,8324,8444,Alpha,,,,,,,,,,,,,,2023-10-27,7399,8838,Gamma,,SKU-3889,,4813,1533,9302,4590,2852,Gamma,2025-05-15,,,,,,,,,,,,,2024-05-31,5285,,Gamma,,,REF-7216,,8389,,,303,,Discussed timeline and next steps with the account.
100449,Relay User,100837,jamie.blake@examplecorp.test,Emerson Calder,2023-06-14 22:19:00,sofia.dorsey@sampleco.test,Morgan Larsson,2024-09-05 11:50:00,Delta,,2025-02-23 07:38:00,,,,Y,LOT-2243,2768,Standard,3275,3555,8534,TAG-8451,Alpha,100758,100784,SKU-4124,3344,Beta,6407,8450,,SKU-9764,Delta,100164,100319,100388,100418,100031,100539,,100285,,100792,100280,100418,100008,,,,9047,122,6123,SKU-9243,,100070,100479,100559,100667,100418,,100620,Liam Calder,,,Morgan Sloan,TAG-6006,Liam C.,Elena Haddad,SKU-6288,Placed,SKU-4527,TAG-6526,LOT-2008,REF-2869,Delta,,Morgan Dorsey,Other,rahul.larsson@sampleco.test,Director,Part-Time,Granite Textiles,Entry,Emerson Blake,Male,LOT-8330,REF-1464,2641,Y,SKU-3106,Jordan Rossi,Fatima Vance,,Liam Kim,,Atlanta,United Kingdom,Other,,Aligned on billing and renewal terms.,5631,liam.reyes@acme-fake.test,Emerson Sato,Marketing,Reese Blake,Other,,SKU-2313,,Resolved the outstanding question about scope.,,Mumbai,US Evening,Gamma,Software Developer,Noah Rossi,,,,Standard,REF-6423,Active,Standard,Scheduled a check-in for the coming month.,,3404,,,568,6702,3347,Beta,426,4322,5513,Alpha,2024-05-24 09:46:00,8655,8501,Other,Standard,Beta,SKU-7534,1921,9764,7384,1475,3063,Other,2025-01-15 05:54:00,3378,6990,Alpha,Beta,Beta,TAG-4721,4889,105,9201,1347,26,Other,,,,,,,,,,,,,,2025-09-29,8148,4490,Delta,LOT-3969,,,7943,78,1576,,486,Other,2025-03-27,,,,,,,,,,,,,2022-10-20,,8221,,LOT-5904,LOT-5457,LOT-6344,7875,,7444,,9019,,Followed up on the open items from last week.
100736,Relay User,100839,rowan.okafor@acme-fake.test,Emerson Kim,2023-01-04 16:11:00,taylor.mercer@acme-fake.test,Nina Brooks,2026-05-11 04:41:00,Other,Morgan Garcia,2024-02-04 00:11:00,,,,Y,LOT-3344,6438,Beta,4540,3374,4066,LOT-8175,Standard,100497,100172,TAG-9971,5251,Alpha,3668,6382,8397,,Other,100293,100523,100255,100511,100522,100282,100792,100016,,100009,100731,100560,100731,,,,2675,,6443,,,,100788,100447,100654,100511,100184,100282,Rowan Vance,,,Morgan Sato,LOT-3837,Rowan V.,,,N/A,TAG-1561,,,LOT-2775,,,Jordan Sloan,Gamma,avery.dorsey@demomail.test,Manager,Full-Time,Redwood Energy Inc,Lead,Jordan Calder,Male,LOT-9286,TAG-1620,,N,,Rowan Reyes,Morgan Silva,,Quinn Ivanov,,Atlanta,Germany,Delta,Standard,,7031,chen.blake@acme-fake.test,Jamie Blake,Software Engineering,Elena Ashby,Standard,,SKU-8396,,,Scheduled a check-in for the coming month.,Denver,US Night,Other,Bookkeeper,Mei Okafor,SKU-6999,,,Other,REF-4590,Active,Alpha,,6339,,1908,,22,4862,3002,Alpha,2930,7824,,Alpha,2026-02-06 07:45:00,771,1590,Gamma,Delta,Gamma,TAG-3378,4610,8960,1591,7023,2971,Alpha,2024-10-04 23:01:00,903,1991,Alpha,Alpha,Alpha,LOT-2866,8254,2019,9560,1961,2949,Other,,,,,,,,,,,,,,2023-06-17,,1392,Beta,LOT-2827,SKU-6079,SKU-5682,,5157,7629,5026,5125,Gamma,2026-07-28,,,,,,,,,,,,,2025-01-01,1151,,Other,SKU-5733,,,,6616,9659,1616,,Gamma,Scheduled a check-in for the coming month.
100641,Relay User,100841,casey.patel@acme-fake.test,Skyler Rossi,2026-02-22 20:00:00,emerson.mensah@examplecorp.test,Fatima Mensah,2024-02-07 08:29:00,Other,,2026-01-05 19:43:00,,,,N,SKU-4705,4797,Alpha,912,3038,9377,TAG-2766,Gamma,100336,100681,SKU-8286,,,5165,4259,2115,,Delta,100641,100285,100254,100190,100445,100134,100142,100165,100607,100447,100683,100060,100395,,,Other,4171,7491,5481,,,100259,100467,100403,100607,100374,,100506,Avery Reyes,,,Quinn Ford,TAG-8657,Avery R.,Marco Larsson,,Placed,SKU-7711,,SKU-4658,LOT-1009,Other,,Chen Garcia,Alpha,arjun.vance@examplecorp.test,Individual Contributor,Full-Time,Redwood Textiles,Junior,Chen Brooks,Prefer not to say,SKU-5098,SKU-2598,,N,TAG-7108,Diego Whitfield,Riley Cohen,LOT-1304,Rahul Vance,,Atlanta,Germany,Standard,Gamma,Reviewed performance and gathered feedback.,4650,chen.mensah@sampleco.test,Noah Sloan,Human Resources,Fatima Brooks,Alpha,,LOT-8103,,,,Austin,US Day,Beta,Data Analyst,Taylor Mensah,SKU-2900,Performance,,Standard,TAG-9787,Inactive,Alpha,Resolved the outstanding question about scope.,,5779,,Standard,1244,8611,1832,Delta,4145,7048,,,2026-07-15 16:30:00,56,1610,Gamma,Other,Other,SKU-7805,9990,4766,2687,3779,8326,Other,2026-03-08 11:35:00,9633,9540,Delta,Gamma,Delta,REF-4645,7838,7966,3117,7435,4530,Delta,,,,,,,,,,,,,,2023-08-24,2211,,Beta,LOT-2959,TAG-7082,,9769,7721,,1043,,Gamma,2025-10-06,,,,,,,,,,,,,2025-11-22,,9956,Delta,,,,,727,4345,9398,,,Resolved the outstanding question about scope.
100216,Relay User,100842,riley.mercer@sampleco.test,Quinn Larsson,2022-11-11 21:11:00,omar.garcia@examplecorp.test,Quinn Brooks,2025-02-24 08:23:00,Other,Skyler Cohen,2025-07-06 03:43:00,,,,N,SKU-3975,4083,Standard,8134,4523,9816,LOT-5565,Beta,100119,100215,REF-5699,,Beta,3389,3199,6247,LOT-4788,Standard,100403,100799,100161,100485,100280,100251,,100554,100107,100248,100234,100413,100143,,,,,,7543,,,100110,100432,100177,,100771,,100371,Fatima Ivanov,,,Jamie Mercer,REF-2780,Fatima I.,Priya Sato,,Available,,REF-5539,,LOT-4165,,,Nina Haddad,Delta,drew.garcia@examplecorp.test,Manager,Full-Time,Cobalt Robotics Ltd,Entry,Alex Larsson,Prefer not to say,TAG-3068,LOT-8893,5791,Y,,Morgan Mensah,Rowan Ivanov,REF-4323,Omar Garcia,"135,323",London,United Kingdom,Alpha,Beta,,8153,nina.blake@examplecorp.test,Morgan Sato,Software Engineering,,Beta,,REF-1006,,,Discussed timeline and next steps with the account.,Bengaluru,US Evening,Other,Customer Success Manager,Marco Ford,SKU-3973,,,Alpha,REF-6542,Active,Other,,9638,,,Beta,110,1093,8263,Gamma,7210,3523,7626,Beta,2023-02-15 11:26:00,7858,703,Other,Beta,Other,REF-4396,1059,6275,1052,8636,3755,Standard,2023-01-12 17:49:00,3962,1300,Gamma,Gamma,Beta,LOT-9731,1737,8013,4254,3306,4563,Other,,,,,,,,,,,,,,2025-01-28,1916,6172,Other,REF-9668,REF-1129,SKU-6251,2788,,,,3126,Other,2023-12-29,,,,,,,,,,,,,2022-12-02,,,Gamma,LOT-5716,,REF-2444,7601,5806,,,,Standard,Aligned on billing and renewal terms.
100473,Relay User,100843,mei.patel@demomail.test,Chen Mercer,2024-02-03 19:03:00,aisha.brooks@examplecorp.test,Omar Cohen,2024-01-21 17:46:00,Gamma,Quinn Blake,2025-12-24 04:07:00,,,,N,LOT-6167,7925,Standard,7754,5192,8854,REF-8508,Standard,100683,100277,LOT-1836,4559,,,781,9644,,Gamma,100664,100342,100069,100628,100607,100470,100126,100705,,100449,100688,100487,100641,,,,8445,,4836,,,100090,100688,100197,100239,100784,100197,100345,Noah Patel,TAG-3524,,Marco Sato,,Noah P.,Mei Mensah,,Not Available,,,,TAG-7335,,,Morgan Brooks,Gamma,morgan.vance@examplecorp.test,Director,Intern,Harbor Networks Group,Mid-Level,Reese Sato,Female,SKU-2478,LOT-4720,2379,N,,Riley Whitfield,Casey Whitfield,,Sofia Rossi,"244,879",Bengaluru,Mexico,,Beta,,,jordan.ivanov@sampleco.test,Omar Ashby,Sales,,Standard,,REF-7485,REF-8374,Shared the updated proposal for review.,,Phoenix,US Evening,Standard,HR Generalist,Fatima Mercer,SKU-4594,,,Alpha,REF-4823,Active,Other,Discussed timeline and next steps with the account.,3331,497,,,9105,405,4522,Standard,9492,,1277,Delta,2024-08-28 23:39:00,6890,8906,Other,Other,Delta,LOT-1825,506,9407,4641,8368,5161,Alpha,2024-11-05 21:58:00,9958,7084,Other,Delta,Other,REF-8521,9669,2925,8364,3793,3564,Standard,,,,,,,,,,,,,,2026-07-13,3316,7730,Delta,SKU-5724,LOT-2378,SKU-9786,774,,,1730,,Gamma,2026-01-20,,,,,,,,,,,,,2023-03-07,,7336,,,TAG-8561,,,,,,,Beta,Resolved the outstanding question about scope.
100741,Relay User,100844,rowan.calder@examplecorp.test,Morgan Vance,2024-12-30 04:25:00,emerson.sloan@sampleco.test,Rahul Calder,2023-10-03 23:26:00,Standard,,2024-05-03 19:48:00,,,,N,REF-1564,5147,Delta,6957,1523,4791,REF-5362,Alpha,100637,100322,REF-1920,5699,,846,5793,,LOT-4715,Delta,100215,100014,100574,100646,100302,100120,,100705,,100786,100413,,100014,,,,1340,,,,SKU-3893,100741,100793,100382,,,100664,100070,Taylor Ashby,,,,REF-8746,Taylor A.,Quinn Silva,,Placed,LOT-1137,,,TAG-4411,,,Alex Ford,Other,skyler.ivanov@acme-fake.test,Team Lead,Intern,Copper Solutions Group,Lead,Riley Sloan,Prefer not to say,TAG-8131,TAG-6079,1675,N,,Riley Patel,Skyler Ivanov,SKU-9660,,"169,788",Manila,United States,,Delta,Noted a concern to revisit at the next sync.,4294,avery.sato@examplecorp.test,Elena Mensah,Sales,Arjun Reyes,Alpha,,REF-8716,LOT-1540,,,Phoenix,US Night,,Customer Success Manager,Morgan Calder,TAG-1689,,,Alpha,REF-3787,Active,Alpha,Noted a concern to revisit at the next sync.,,432,,,7220,1042,7003,Beta,2276,6182,5862,Beta,2025-08-08 18:41:00,2624,1594,Alpha,Other,Other,TAG-2860,4555,5782,7224,676,1341,Standard,2026-04-05 00:11:00,3718,9072,Beta,Beta,Other,LOT-2079,2040,6114,9854,2272,7729,Alpha,,,,,,,,,,,,,,2023-12-25,2578,356,,SKU-5678,TAG-2524,LOT-6698,4743,2643,3294,6526,8807,Alpha,2025-03-05,,,,,,,,,,,,,2026-03-17,,3396,,,,,,,,3480,774,,Shared the updated proposal for review.
100197,Relay User,100845,taylor.rossi@demomail.test,Priya Brooks,2024-06-20 15:48:00,rowan.whitfield@examplecorp.test,Jamie Blake,2022-12-29 08:14:00,Alpha,,2024-09-13 12:59:00,,,,N,REF-5741,8337,Gamma,4452,9057,6372,REF-4656,Standard,100780,100457,REF-9619,1364,,7027,335,4684,TAG-9795,,100331,100746,100792,100645,100673,100573,100236,100735,,,100649,100527,,,,Beta,,,,,TAG-5040,100750,100492,100459,,100708,100189,100277,Riley Brooks,,,,SKU-3220,Riley B.,Casey Vance,TAG-6809,Coming Soon,LOT-4803,,,SKU-5040,Delta,,Emerson Kim,Delta,avery.rossi@sampleco.test,Director,Full-Time,Summit Dynamics Co,Senior,Elena Okafor,Female,SKU-1770,TAG-3108,6180,Y,,Arjun Dorsey,Marco Calder,,Fatima Sato,"125,736",Mumbai,Germany,Delta,Delta,,774,aisha.sloan@sampleco.test,Taylor Ivanov,Data & Analytics,,Delta,,REF-3854,SKU-6829,,Followed up on the open items from last week.,Manila,Flexible,,HR Generalist,Aisha Vance,TAG-5236,,,Alpha,LOT-6466,Active,Gamma,,5657,,5749,,4237,3735,2678,Delta,,8591,1275,Gamma,2026-05-20 12:01:00,1017,2866,Alpha,Gamma,Other,SKU-2904,3121,32,9804,564,1113,Standard,2023-03-07 20:56:00,6145,42,Other,Beta,Other,LOT-5756,3269,8535,9920,2931,8401,Beta,,,,,,,,,,,,,,2024-02-29,,2023,Standard,TAG-1941,REF-7408,TAG-7580,5616,6590,,2474,2486,Standard,2026-01-21,,,,,,,,,,,,,2022-10-14,7474,,,,,,,3225,2027,,,,Reviewed performance and gathered feedback.
100656,Relay User,100848,yara.costa@demomail.test,Sofia Rossi,2023-01-25 22:33:00,reese.sato@examplecorp.test,Rowan Okafor,2026-07-11 03:07:00,Standard,Avery Mensah,2024-12-16 15:00:00,,,,Y,REF-3769,9665,Gamma,3276,2376,7219,TAG-9728,Beta,100031,100051,TAG-1604,9516,,7174,1847,7298,TAG-9883,,100060,100313,100487,100539,100107,100056,,100382,100434,100046,100134,100188,100115,,,Other,5007,,,,,100156,100767,100750,,100542,100217,100474,Omar Kim,,,Casey Kim,TAG-8806,Omar K.,,,Placed,LOT-5032,,,REF-2672,Standard,,Jamie Larsson,Standard,rahul.silva@examplecorp.test,Individual Contributor,Part-Time,Brightpath Solutions LLP,Entry,Marco Mensah,Male,REF-3362,SKU-3271,8381,Y,LOT-4954,Alex Sato,Mei Sato,SKU-5744,,,Manila,Canada,,Standard,,9880,aisha.haddad@sampleco.test,Diego Larsson,Operations,Elena Silva,Standard,,SKU-8211,,Scheduled a check-in for the coming month.,,Mumbai,US Day,,Project Manager,Jordan Sato,TAG-3087,,,Standard,SKU-2491,Active,Beta,,,9370,,Beta,8264,5180,8020,Alpha,1404,4089,4876,,2022-12-02 04:00:00,5357,5629,Beta,Gamma,Beta,TAG-4767,4971,7414,8900,6886,9831,Standard,2024-04-01 04:37:00,3988,6312,Alpha,Beta,Delta,SKU-3234,9261,9888,535,6108,8288,Alpha,,,,,,,,,,,,,,2023-06-30,2458,7810,,LOT-3974,SKU-8841,SKU-3853,4551,3463,,3665,1202,Delta,2023-10-02,,,,,,,,,,,,,2025-11-07,9887,6581,Alpha,,SKU-1387,LOT-4253,3925,986,,7942,,Alpha,Aligned on billing and renewal terms.
100702,Relay User,100851,liam.cohen@demomail.test,Riley Calder,2026-04-12 19:21:00,riley.ivanov@sampleco.test,Casey Garcia,2023-07-03 18:27:00,,,2023-03-29 04:05:00,,,,Y,TAG-6816,1340,Delta,105,9774,5492,TAG-4555,Gamma,100158,100029,SKU-9930,,Delta,906,1052,,REF-5070,Gamma,100042,100571,100076,100079,100772,100359,100470,100040,,100301,100704,100122,100625,,,,,,,LOT-1290,,100146,100613,,100642,100217,,100462,Liam Dorsey,,,Skyler Okafor,REF-1587,Liam D.,Alex Cohen,,Available,SKU-4934,TAG-8669,,LOT-4480,Alpha,,Liam Mensah,Other,reese.mensah@acme-fake.test,Director,Part-Time,Summit Ventures Corp,Entry,Skyler Okafor,Non-binary,LOT-6753,LOT-1534,5394,N,,Priya Blake,Jordan Mensah,SKU-6887,Arjun Kim,"91,048",Manila,Philippines,Delta,Gamma,Followed up on the open items from last week.,,sofia.reyes@sampleco.test,Marco Mensah,Sales,Rahul Garcia,Delta,,SKU-9739,,,,London,US Day,,Executive Assistant,Quinn Whitfield,SKU-3872,,,Delta,SKU-1043,Active,Gamma,,,,,Delta,1589,4528,480,Delta,,,,Delta,2024-08-05 06:56:00,1631,2291,Gamma,Standard,Alpha,REF-5489,8492,5785,8522,9843,549,Beta,2024-04-16 17:58:00,8912,6210,Beta,Other,Other,TAG-5395,6728,912,519,3450,5966,Delta,,,,,,,,,,,,,,2024-02-22,4514,4178,Other,TAG-8074,SKU-1646,SKU-3918,1384,1459,6505,1543,3330,,2024-04-27,,,,,,,,,,,,,2025-03-12,2803,,,,,REF-1122,,,,4150,1700,,Aligned on billing and renewal terms.
100073,Relay User,100853,nina.larsson@acme-fake.test,Nina Rossi,2026-02-04 12:18:00,aisha.sloan@examplecorp.test,Skyler Garcia,2024-08-23 01:35:00,,Priya Ashby,2024-02-13 15:33:00,,,,Y,LOT-9174,9974,Alpha,7780,7059,1572,REF-6265,Delta,100610,100765,REF-7423,,Alpha,824,,5555,,Delta,100257,100755,100107,100569,100569,100684,100634,100469,100103,100031,100262,100383,100494,REF-9638,5802,,,9720,9840,,,100293,100344,100571,100117,,,100203,Elena Whitfield,SKU-4745,,Yara Costa,TAG-2915,Elena W.,Drew Cohen,,Not Available,SKU-3855,,LOT-9851,LOT-7555,Alpha,,Jordan Calder,Delta,emerson.vance@demomail.test,Individual Contributor,Intern,Brightpath Industries Co,Mid-Level,Omar Costa,Non-binary,TAG-9186,LOT-6918,2319,N,REF-3814,Alex Nguyen,Drew Larsson,SKU-2745,Liam Kim,"104,948",Seattle,India,Beta,Other,,7847,chen.blake@demomail.test,Yara Ford,Marketing,Riley Calder,Other,,REF-9134,,,,Dallas,US Day,,Operations Associate,Yara Mensah,REF-8688,,,Delta,TAG-9272,Active,Standard,Discussed timeline and next steps with the account.,,8628,,Beta,8228,5631,1451,Beta,604,,,,2025-04-26 21:23:00,1926,615,Beta,Beta,Other,LOT-5498,6993,2475,2918,6382,5945,Standard,2026-04-05 09:07:00,6290,2331,Other,Other,Delta,SKU-1090,6940,2453,1892,8701,4667,Gamma,,,,,,,,,,,,,,2025-07-17,,3826,Gamma,LOT-7935,LOT-2141,REF-6215,3412,8071,5707,5999,3877,Other,2023-02-06,,,,,,,,,,,,,2023-08-05,,,,,,,,,,,6617,,Noted a concern to revisit at the next sync.
100784,Relay User,100855,rowan.blake@examplecorp.test,Avery Silva,2025-03-26 05:35:00,yara.patel@demomail.test,Jordan Ford,2025-05-24 16:09:00,Standard,Priya Sloan,2026-05-08 02:03:00,,,,N,TAG-3761,1271,Delta,3642,7493,9786,LOT-7045,Beta,100295,100177,,3007,,,7929,6068,SKU-5074,Alpha,100670,100368,100610,100526,100107,100759,,100473,100694,100649,,100136,100597,,,Beta,,,,TAG-8774,LOT-2460,100437,100408,100134,,,,100208,Fatima Sato,,,,TAG-1268,Fatima S.,Quinn Garcia,TAG-9882,Placed,TAG-4505,,SKU-5021,SKU-3726,Delta,,Liam Rossi,Alpha,aisha.whitfield@sampleco.test,Individual Contributor,Part-Time,Silverline Dynamics,Entry,Emerson Whitfield,Non-binary,LOT-1154,REF-7399,3461,N,,Aisha Larsson,Fatima Ivanov,,Casey Mercer,"236,664",Seattle,Philippines,Alpha,Gamma,Aligned on billing and renewal terms.,6426,sofia.calder@sampleco.test,Emerson Costa,Data & Analytics,Skyler Patel,Delta,,SKU-7091,,,,Bengaluru,Flexible,Alpha,Marketing Coordinator,Emerson Haddad,TAG-3636,,,Alpha,LOT-9316,Active,Standard,Followed up on the open items from last week.,,,,,6016,8259,5047,Standard,5468,,,Other,2024-04-17 10:47:00,3599,4808,Alpha,Standard,Alpha,SKU-5609,4890,7492,3371,4985,1200,Delta,2023-10-26 16:58:00,1947,4446,Alpha,Standard,Beta,SKU-7901,3520,8187,1057,1781,8582,Alpha,,,,,,,,,,,,,,2023-06-08,5201,7268,Gamma,SKU-4670,LOT-4944,REF-5292,,4738,2308,5114,6923,Gamma,2024-10-23,,,,,,,,,,,,,2025-06-25,,2896,Alpha,,,,,,4106,,,Alpha,Resolved the outstanding question about scope.
100046,Relay User,100857,morgan.silva@sampleco.test,Marco Mercer,2023-09-18 17:57:00,morgan.silva@sampleco.test,Quinn Silva,2024-10-11 18:56:00,,Jordan Vance,2023-11-29 18:29:00,,,,N,TAG-8867,7684,Other,9845,6408,1849,TAG-5104,Other,100780,100628,,,Gamma,2846,6754,7357,,Other,100314,100232,100265,100573,100679,100332,100041,100119,100325,100275,100017,100543,100236,SKU-1668,,,,,,,,100173,100235,100470,100282,,100405,100301,Noah Ashby,,Aisha Sloan,Omar Garcia,LOT-3503,Noah A.,Rahul Silva,,Placed,,,,LOT-1903,Delta,,Casey Blake,Alpha,omar.ivanov@examplecorp.test,Manager,Intern,Delta Ventures Inc,Entry,Casey Whitfield,Non-binary,SKU-7574,LOT-4038,3694,N,REF-2380,Arjun Kim,Aisha Patel,SKU-2914,,,Denver,Philippines,Beta,,Discussed timeline and next steps with the account.,8820,rowan.mercer@acme-fake.test,Avery Larsson,Recruiting,,Delta,,REF-8220,REF-3025,,Aligned on billing and renewal terms.,Dallas,US Day,Delta,Financial Analyst,Rahul Nguyen,SKU-7417,Relocation,,Other,LOT-4449,Inactive,Alpha,,,,,,7272,5650,7848,Delta,1100,5843,9424,,2024-06-08 09:46:00,9678,5599,Alpha,Delta,Beta,TAG-3653,2223,3872,3238,2069,2195,Standard,2026-02-22 11:36:00,658,6589,Other,Gamma,Alpha,SKU-2367,7799,8008,7206,8002,2836,Gamma,,,,,,,,,,,,,,2023-09-11,337,,Beta,SKU-8726,TAG-1408,,8105,7062,8419,8484,6528,Standard,2023-11-17,,,Standard,,,,,,,,,,2023-05-06,,,Beta,,,SKU-8247,,,5703,,6664,,Followed up on the open items from last week.
100803,Relay User,100860,rahul.larsson@sampleco.test,Sofia Dorsey,2025-11-19 06:51:00,rowan.ivanov@examplecorp.test,Mei Mensah,2024-12-07 15:52:00,,Alex Sato,2023-03-14 18:15:00,,,,N,TAG-3662,5613,Gamma,6963,3228,3538,REF-9532,Standard,100654,100672,SKU-9333,,Alpha,,6492,1114,SKU-8315,Standard,100543,100153,100143,100576,100360,100565,100185,100215,100731,,100672,100169,100705,,,Gamma,6986,,,LOT-2662,TAG-5671,100726,100576,100681,100481,100025,,100571,Taylor Silva,,,Quinn Calder,,Taylor S.,Priya Okafor,REF-7685,Placed,TAG-5963,SKU-8193,,SKU-7097,Standard,,Omar Ashby,Standard,jamie.kim@sampleco.test,Team Lead,Full-Time,Pioneer Retail LLC,Entry,Avery Vance,Female,TAG-2881,LOT-8756,1272,Y,,Taylor Garcia,Fatima Rossi,LOT-9158,,,Chicago,Canada,Other,Standard,Reviewed performance and gathered feedback.,,noah.rossi@acme-fake.test,Emerson Kim,Customer Support,Drew Vance,Gamma,,TAG-5906,,,,Mumbai,US Night,Alpha,Bookkeeper,Diego Kim,,,,Standard,TAG-4567,Active,Delta,Scheduled a check-in for the coming month.,,,,,3901,8346,5658,Gamma,3745,6085,,Standard,2026-02-03 15:18:00,5808,6318,Alpha,Other,Beta,LOT-9328,3634,8534,5512,362,8674,Beta,2026-07-17 02:25:00,3517,6441,Standard,Delta,Alpha,REF-1410,24,4017,6819,4297,2293,Gamma,,,,,,,,,,,,,,2023-04-07,,,Standard,TAG-9162,LOT-1560,SKU-6372,,964,19,9233,,Standard,2025-06-29,,,,,,,,,,,,,2026-01-25,,,Delta,SKU-6217,,,,,,,,,Shared the updated proposal for review.
100291,Relay User,100861,sofia.okafor@demomail.test,Arjun Costa,2023-09-22 21:45:00,rowan.costa@sampleco.test,Drew Larsson,2025-04-19 11:56:00,Beta,,2025-12-02 03:39:00,,,,Y,REF-4095,7582,Beta,3276,8871,8816,LOT-5266,Standard,100607,100285,LOT-3950,9496,Gamma,7684,7613,4149,SKU-7374,,100178,100729,100694,100229,100051,100380,100613,100705,100186,100044,100591,100749,,,2997,,,,,,,100735,100596,100426,100329,100410,100309,100792,Quinn Larsson,,,Arjun Nguyen,REF-3073,Quinn L.,,,Placed,LOT-4028,,REF-9282,REF-5977,,,Fatima Larsson,Gamma,mei.calder@acme-fake.test,Team Lead,Contractor,Blue Ridge Labs Inc,Senior,Quinn Mensah,Prefer not to say,SKU-4366,SKU-3859,9376,N,,Reese Mensah,Morgan Costa,,Reese Okafor,,Bengaluru,Mexico,Standard,Alpha,,5462,drew.patel@examplecorp.test,Rowan Haddad,Operations,Rowan Vance,Beta,,SKU-7549,,,,Manila,US Night,Gamma,Support Specialist,Drew Silva,SKU-2438,,,Beta,SKU-5111,Active,Alpha,,,1113,3959,Standard,7746,4362,6228,Gamma,7041,9269,8255,Other,2024-08-23 06:46:00,2195,6689,Delta,Standard,Alpha,LOT-7673,9749,3295,6692,3669,7745,Delta,2023-08-02 18:43:00,2233,77,Other,Gamma,Delta,TAG-8168,3359,9755,6350,7182,9006,Standard,,,,,,,,,,,,,,2023-08-11,,55,Standard,LOT-7831,LOT-7184,TAG-9047,3962,6625,4321,8624,1232,Gamma,2023-07-12,,,,,,,,,,,,,2026-03-18,,,,,,,,6908,,8130,,Alpha,Followed up on the open items from last week.
100245,Relay User,100862,liam.whitfield@acme-fake.test,Emerson Haddad,2026-02-09 18:01:00,fatima.garcia@demomail.test,Mei Kim,2025-11-05 23:00:00,Other,,2023-07-17 06:33:00,,,,Y,SKU-2517,9199,Gamma,4711,3737,6800,TAG-7285,Other,100332,100197,,,Other,5960,4063,,TAG-7713,Gamma,100139,100323,100037,100090,100746,100535,100760,100729,,100141,100026,100652,100552,LOT-2836,,,7163,,,,REF-8059,100171,100516,100432,100615,100617,,100560,Diego Okafor,,,Elena Blake,LOT-9707,Diego O.,Casey Okafor,LOT-7683,Placed,REF-4501,SKU-7437,,LOT-8063,,,Omar Mercer,Delta,reese.kim@acme-fake.test,Team Lead,Intern,Evergreen Capital LLP,Entry,Mei Ivanov,Prefer not to say,SKU-9484,LOT-6713,7687,Y,,Nina Calder,Sofia Whitfield,SKU-9274,Jamie Patel,"38,274",Seattle,United Kingdom,Other,Gamma,,7370,fatima.silva@sampleco.test,Avery Calder,Software Engineering,,Other,,TAG-6025,TAG-3597,,,Manila,US Day,Standard,HR Generalist,Nina Whitfield,REF-9246,,,Gamma,LOT-7177,Active,Standard,Followed up on the open items from last week.,,,1959,,912,5521,9917,Delta,6048,,,Delta,2023-04-16 15:23:00,8179,7636,Delta,Delta,Alpha,SKU-8181,1626,1685,5627,3792,5274,Standard,2023-11-29 12:31:00,9834,6059,Alpha,Beta,Gamma,TAG-6092,1117,4065,5527,5564,571,Standard,,,,,,,,,,,,,,2025-03-29,8900,,Delta,TAG-1203,,LOT-6246,5119,9025,6719,6567,336,,2025-01-26,,,,,,,,,,,,,2024-06-29,,5066,,,,,,,,2479,,,Reviewed performance and gathered feedback.
100259,Relay User,100863,drew.whitfield@examplecorp.test,Reese Sato,2023-01-22 01:19:00,jordan.nguyen@examplecorp.test,Avery Reyes,2024-12-19 09:19:00,Alpha,Jamie Mercer,2025-12-15 03:54:00,,,,Y,REF-5917,3073,Other,5419,6195,3241,TAG-4732,Standard,100328,100042,,1310,Delta,4879,938,4206,LOT-2047,Beta,100755,100767,100117,100208,100455,100368,100216,100750,,100053,100690,100113,100370,REF-5882,4719,Other,7425,,,TAG-9573,LOT-3234,100161,100632,100498,,,,100784,Arjun Okafor,,,Sofia Larsson,SKU-1691,Arjun O.,,REF-5947,N/A,LOT-4856,,REF-6735,SKU-9549,,,Jamie Cohen,Alpha,elena.larsson@examplecorp.test,Individual Contributor,Contractor,Pioneer Analytics Inc,Mid-Level,Skyler Kim,Female,REF-2984,SKU-9978,,N,REF-7665,Aisha Garcia,Omar Nguyen,,Taylor Mensah,"91,224",Denver,Canada,Alpha,Delta,,3125,yara.dorsey@acme-fake.test,Fatima Brooks,Marketing,Rowan Haddad,Alpha,,TAG-8998,REF-6545,,,Dallas,US Night,Alpha,Support Specialist,Elena Blake,,Performance,,Delta,SKU-1821,Inactive,Other,,8214,,8941,,7615,589,6784,Alpha,607,,,,2026-04-29 23:04:00,7121,7685,Gamma,Other,Alpha,REF-9773,5170,1410,2136,1958,7944,Standard,2025-02-14 03:57:00,5598,6791,Alpha,Alpha,Other,LOT-5097,3208,280,4837,6981,1329,Gamma,,,,,,,,,,,,,,2023-10-04,6005,,Standard,TAG-7230,,TAG-7892,5797,,,7418,909,Gamma,2026-03-28,,,,,,,,,,,,,2025-11-16,4952,,,REF-4308,,REF-8289,6749,6851,,1862,1342,,Followed up on the open items from last week.
100420,Relay User,100864,alex.nguyen@examplecorp.test,Yara Sloan,2024-10-24 15:51:00,quinn.garcia@sampleco.test,Rowan Ashby,2023-08-09 06:15:00,,Sofia Ivanov,2026-06-11 12:44:00,,,,Y,SKU-5691,1484,Other,6270,5721,9335,LOT-8168,Alpha,100598,100759,REF-2339,,,,,1811,TAG-8961,,100101,100799,100076,100216,100391,100086,100205,100240,100542,100323,100111,100565,100173,,4847,Beta,,5257,5859,,REF-5715,100523,100172,100598,100255,,100333,100382,Nina Sloan,,,Priya Haddad,SKU-8099,Nina S.,Fatima Whitfield,SKU-7431,Available,SKU-8678,,REF-4552,REF-6796,,,Arjun Mensah,Standard,diego.blake@sampleco.test,Team Lead,Part-Time,Atlas Textiles LLC,Lead,Nina Kim,Male,SKU-6553,TAG-1061,8460,Y,SKU-2585,Taylor Kim,Drew Okafor,SKU-8712,,,Dallas,Australia,Standard,Standard,Resolved the outstanding question about scope.,,riley.kim@demomail.test,Sofia Haddad,Data & Analytics,,Delta,,REF-2814,,,,Manila,Flexible,Other,Financial Analyst,Jordan Kim,REF-9541,,,Other,TAG-7618,Active,Gamma,,,8372,4530,,8374,2036,2637,Alpha,645,,305,,2024-02-05 01:04:00,3123,3066,Gamma,Alpha,Other,SKU-4534,4805,225,3574,844,8860,Beta,2025-11-03 12:51:00,577,3926,Standard,Other,Delta,SKU-6346,8796,1231,389,6323,8670,Delta,,,,,,,,,,,,,,2026-04-05,716,8213,Other,LOT-6871,TAG-5431,TAG-3288,3039,,4471,5215,5880,Beta,2025-05-24,,,,,,,,,,,,,2023-06-11,,8670,,,,,9919,,,,,,Discussed timeline and next steps with the account.
100203,Relay User,100865,mei.kim@demomail.test,Jordan Patel,2024-06-06 01:11:00,diego.reyes@acme-fake.test,Arjun Haddad,2024-01-14 08:47:00,Beta,,2025-05-24 02:59:00,,,,Y,TAG-6130,7560,Gamma,7213,1610,7365,SKU-2713,Beta,100014,100576,SKU-6106,2675,Delta,1874,8709,2670,,Beta,100588,100153,100799,100023,100593,100110,,100083,,100571,100143,,100344,,3971,Beta,1280,,,LOT-5392,REF-6863,100227,100272,100498,100029,100090,,100376,Elena Brooks,,,Rahul Ford,,Elena B.,Priya Ford,,Not Available,,,SKU-4846,TAG-4873,Beta,,Jamie Cohen,Beta,omar.patel@demomail.test,Team Lead,Intern,Redwood Textiles LLP,Junior,Drew Sloan,Male,TAG-5786,LOT-9386,,N,,Marco Vance,Fatima Mercer,,Morgan Haddad,"172,180",Dallas,Australia,Standard,Alpha,Resolved the outstanding question about scope.,,nina.reyes@examplecorp.test,Jordan Haddad,Data & Analytics,,Gamma,,SKU-9977,,,Followed up on the open items from last week.,Dallas,US Day,,Bookkeeper,Nina Reyes,,,,Gamma,REF-8089,Active,Beta,Resolved the outstanding question about scope.,,,2831,Delta,2021,2922,289,Gamma,1443,3777,6794,Standard,2023-04-06 11:37:00,3816,209,Delta,Beta,Alpha,TAG-4360,4160,6707,5887,6041,7936,Beta,2022-12-27 12:55:00,6792,8824,Delta,Beta,Beta,LOT-6019,8776,2379,2205,8547,564,Beta,,,,,,,,,,,,,,2022-11-20,704,9025,,TAG-4671,,LOT-6273,7061,6264,4205,,,,2024-09-28,,,,,,,,,,,,,2025-03-18,3316,,,,LOT-4177,,1032,,,,,,Reviewed performance and gathered feedback.
100610,Relay User,100867,omar.larsson@sampleco.test,Emerson Costa,2024-04-17 12:12:00,mei.brooks@demomail.test,Fatima Sato,2023-11-12 10:12:00,Standard,Nina Rossi,2025-09-27 09:13:00,,,,Y,SKU-6211,553,Other,8063,8727,4121,SKU-1261,Standard,100359,100704,,,Other,9050,,,REF-3098,Delta,100455,100798,100305,100037,100551,,100182,100215,100086,100262,100652,,100717,,4794,,,,,,,100603,100030,100146,100241,100255,100134,100649,Taylor Nguyen,,,Avery Reyes,,Taylor N.,,LOT-8946,N/A,TAG-7328,,REF-3707,LOT-4062,,,Omar Haddad,Alpha,casey.vance@demomail.test,Director,Full-Time,Silverline Textiles LLP,Senior,Quinn Vance,Non-binary,LOT-9670,REF-3213,9899,Y,REF-5850,Nina Costa,Drew Vance,,Quinn Calder,,Mumbai,India,Other,Standard,Resolved the outstanding question about scope.,,mei.reyes@sampleco.test,Rowan Ivanov,Finance,Aisha Sloan,Delta,,SKU-6847,,,,Austin,US Night,Standard,Marketing Coordinator,Liam Whitfield,,,,Standard,LOT-7108,Active,Alpha,,,,,,9117,1651,3512,Standard,1954,,7896,Beta,2024-08-03 13:53:00,4719,983,Beta,Other,Standard,REF-3054,3196,8616,5792,6774,4142,Gamma,2026-07-04 16:01:00,9461,2411,Gamma,Delta,Delta,LOT-1937,7680,2626,4104,7743,1840,Standard,,,,,,,,,,,,,,2023-07-09,,941,Standard,SKU-3146,REF-3413,TAG-4938,,3060,3409,2559,,Gamma,2024-03-07,,,,,,,,,,,,,2023-07-18,3054,,,LOT-4872,TAG-2095,,,,785,3647,,Gamma,Noted a concern to revisit at the next sync.
100421,Relay User,100870,marco.rossi@acme-fake.test,Elena Calder,2025-05-07 03:32:00,drew.reyes@examplecorp.test,Jamie Haddad,2026-01-03 20:00:00,Standard,,2024-10-08 10:32:00,,,,Y,LOT-5434,8833,Beta,7870,3457,8000,LOT-4650,Gamma,100593,100712,,1665,Beta,242,,5697,LOT-3046,Other,100449,100624,100424,100479,100168,100603,100467,100772,,,100758,,100498,,,,714,,5811,,SKU-3798,100780,100302,100016,100383,,,100192,Riley Ivanov,,,Aisha Silva,REF-3591,Riley I.,Nina Brooks,,Placed,,,REF-3373,SKU-8188,Standard,,Casey Kim,Other,emerson.blake@sampleco.test,Team Lead,Intern,Delta Manufacturing LLC,Senior,Morgan Ashby,Non-binary,TAG-6453,TAG-7507,4831,N,,Quinn Vance,Marco Ivanov,,Elena Kim,,Seattle,Mexico,Alpha,Standard,Followed up on the open items from last week.,1536,diego.ivanov@examplecorp.test,Arjun Kim,Operations,,Beta,,TAG-6816,,,Reviewed performance and gathered feedback.,Manila,US Evening,Other,QA Engineer,Alex Calder,,,,Beta,SKU-6655,Active,Gamma,,,7969,,,165,3493,6536,Alpha,,7568,8832,,2023-12-16 12:14:00,2229,7413,Alpha,Other,Alpha,REF-8211,2732,9961,122,8566,1236,Alpha,2024-10-31 10:17:00,5461,3080,Beta,Standard,Gamma,LOT-1942,2493,3020,1424,6740,5547,Beta,,,,,,,,,,,,,,2024-06-24,8024,7012,Standard,REF-5417,TAG-6224,,5820,7252,,9253,9258,,2024-12-13,,,,,,,,,,,,,2023-09-06,,,,REF-2888,,REF-3610,,2440,,,4333,Other,Scheduled a check-in for the coming month.
100646,Relay User,100871,omar.dorsey@acme-fake.test,Alex Ivanov,2025-06-14 15:27:00,mei.rossi@demomail.test,Yara Calder,2024-11-05 21:46:00,Other,,2023-11-26 01:56:00,,,,Y,REF-5152,8628,Gamma,3247,7814,7226,SKU-9881,Beta,100443,100037,,2172,Gamma,,1172,7149,,Other,100532,100597,100025,100765,100323,100603,,100763,100391,100281,100195,100683,100051,,,Standard,,,,,,100576,100535,100485,100398,100060,,100308,Diego Patel,,,Jamie Rossi,,Diego P.,Jordan Rossi,,N/A,REF-5004,REF-9963,REF-3882,REF-3060,Gamma,,Aisha Blake,Other,arjun.mensah@sampleco.test,Individual Contributor,Part-Time,Ironwood Networks Co,Lead,Priya Mensah,Male,LOT-5531,TAG-9591,3100,N,REF-1719,Taylor Garcia,Omar Mensah,,Drew Mensah,"166,727",Seattle,Mexico,Other,Delta,,,elena.dorsey@demomail.test,Fatima Mercer,Marketing,Alex Whitfield,Delta,,SKU-7273,REF-9182,,,Toronto,US Day,Other,Financial Analyst,Reese Dorsey,LOT-3634,,,Alpha,REF-3303,Active,Other,,,,,,5971,2805,4388,Alpha,3292,,,,2026-07-12 19:34:00,5660,4016,Gamma,Beta,Alpha,REF-3961,1636,3343,3046,8538,7318,Alpha,2023-03-07 14:13:00,3855,6703,Gamma,Delta,Other,LOT-7821,2048,4489,2343,13,5793,Standard,,,,,,,,,,,,,,2023-06-08,6494,6272,Other,REF-3558,SKU-6990,LOT-3693,3861,7875,8172,,4195,Delta,2023-08-10,,,,,,,,,,,,,2025-06-24,,2749,Delta,,SKU-8699,,,,,3230,7190,,Shared the updated proposal for review.
100421,Relay User,100873,elena.mensah@acme-fake.test,Omar Mercer,2025-07-07 23:14:00,alex.sloan@examplecorp.test,Quinn Larsson,2025-07-24 11:39:00,Delta,,2022-10-12 18:41:00,,,,Y,SKU-6278,6488,Delta,6654,2827,5063,SKU-4042,Alpha,100146,100726,,5989,Gamma,8187,7751,857,REF-7509,Other,100526,100408,100702,100079,100673,100184,100744,100178,100492,100481,100158,100040,100702,,890,,,,,,,100044,100046,100348,,100596,,100625,Diego Nguyen,,Fatima Costa,Liam Mercer,REF-5478,Diego N.,Taylor Brooks,SKU-2929,Placed,REF-2043,LOT-9098,TAG-6052,LOT-2601,Standard,,Nina Dorsey,Standard,avery.whitfield@examplecorp.test,Team Lead,Full-Time,Cardinal Retail LLP,Lead,Casey Dorsey,Male,TAG-9615,SKU-1559,,Y,,Sofia Okafor,Noah Larsson,,,"158,993",Phoenix,Canada,Standard,Other,,595,taylor.haddad@sampleco.test,Omar Reyes,Operations,Mei Blake,Delta,,LOT-8403,SKU-2716,,,Mumbai,US Day,Beta,Software Developer,Priya Ivanov,,End of Contract,,Gamma,LOT-7203,Inactive,Gamma,Scheduled a check-in for the coming month.,639,,,,7592,227,6341,Standard,862,8625,3844,Beta,2026-05-09 11:50:00,1545,7233,Alpha,Gamma,Other,REF-2610,711,654,1635,4987,9708,Standard,2024-11-15 10:43:00,5734,8423,Delta,Beta,Standard,TAG-9500,1091,3738,4861,3836,583,Gamma,,,,,,,,,,,,,,2024-08-25,2611,8749,Standard,REF-6272,,SKU-1055,,3219,9723,3437,7517,Gamma,2023-05-26,,,,,,,,,,,,,2023-02-01,,,,,TAG-9646,LOT-2166,,,,1310,,,Discussed timeline and next steps with the account.
100496,Relay User,100875,fatima.brooks@demomail.test,Fatima Reyes,2023-08-15 20:53:00,mei.garcia@demomail.test,Morgan Blake,2024-09-30 19:11:00,Delta,,2025-09-26 18:11:00,,,,Y,LOT-5366,4619,Beta,9486,1545,3916,LOT-9084,Other,100482,100323,LOT-3295,,Other,6420,212,,REF-5425,Gamma,100634,100667,100290,100786,100301,100654,,100120,,100235,100437,,,REF-7700,2234,,,,,,,100049,100447,100213,100025,100079,,100262,Jamie Calder,,,Reese Ashby,TAG-5036,Jamie C.,Drew Vance,,Not Available,LOT-6875,REF-6877,SKU-5222,SKU-4040,,,Nina Rossi,Standard,reese.whitfield@sampleco.test,Director,Full-Time,Everest Retail Inc,Junior,Noah Patel,Male,LOT-5338,LOT-4747,615,N,,Sofia Mensah,Quinn Blake,,Drew Ashby,"246,090",Seattle,Philippines,Delta,Beta,Resolved the outstanding question about scope.,,diego.reyes@sampleco.test,Reese Silva,Operations,Yara Mensah,Alpha,,SKU-6836,,,Scheduled a check-in for the coming month.,Seattle,US Evening,Delta,Accountant,Avery Patel,SKU-5976,,Other,Gamma,REF-9824,Active,Gamma,,,,,,6696,6779,5813,Alpha,,7441,4653,Standard,2026-06-27 17:13:00,5685,829,Other,Standard,Beta,REF-4405,5431,2362,5192,6116,2511,Alpha,2023-06-01 10:32:00,2035,1062,Alpha,Beta,Standard,SKU-3923,1665,8373,5244,6332,3052,Standard,,,,,,,,,,,,,,2024-02-12,4071,6413,Gamma,SKU-3624,SKU-2649,TAG-4094,7428,,,1235,9011,Gamma,2025-06-19,,,,,,,,,,,,,2022-11-10,,,,,,TAG-4530,,,6988,,,,Followed up on the open items from last week.
100517,Relay User,100877,drew.ashby@examplecorp.test,Rowan Mercer,2023-02-12 15:21:00,yara.whitfield@acme-fake.test,Noah Sato,2024-08-02 09:21:00,Standard,Skyler Mercer,2023-09-16 04:55:00,,,,Y,TAG-8175,7837,Other,6137,3005,7885,REF-1044,Standard,100559,100597,REF-1674,4111,Standard,,7885,5735,LOT-2324,Other,100654,100188,100638,100696,100129,100172,100637,100610,,100565,100281,,100526,,9400,Gamma,3134,9059,,,REF-5316,100782,,100285,100129,100348,100316,100281,Mei Haddad,,,,LOT-8540,Mei H.,Rahul Nguyen,,Placed,,SKU-7275,LOT-3806,SKU-2543,Standard,,Morgan Sato,Beta,liam.whitfield@sampleco.test,Director,Contractor,Cobalt Foods Group,Lead,Rahul Reyes,Female,REF-4942,LOT-5412,7808,Y,REF-8815,Casey Patel,Alex Ivanov,TAG-2508,Avery Cohen,,Atlanta,India,Gamma,Gamma,,229,aisha.rossi@examplecorp.test,Jordan Sato,Software Engineering,Arjun Vance,Standard,,TAG-3706,,,,Phoenix,US Evening,Standard,Data Analyst,Morgan Blake,LOT-5961,,,Standard,LOT-5028,Active,Beta,Followed up on the open items from last week.,284,,,,9280,2960,4625,Gamma,7288,,,Standard,2025-06-21 12:50:00,4648,3524,Delta,Alpha,Other,REF-9837,9578,7613,9313,6378,8893,Standard,2026-02-06 02:02:00,2518,2078,Standard,Beta,Beta,LOT-3561,915,355,1449,8925,4780,Other,,,,,,,,,,,,,,2026-04-13,950,2257,Gamma,TAG-3968,TAG-4329,LOT-5063,679,221,8761,,945,,2025-09-25,,,,,,,,,,,,,2023-05-13,4449,,,TAG-3728,SKU-3779,SKU-7432,3580,9178,,1962,7097,,Shared the updated proposal for review.
100290,Relay User,100879,fatima.dorsey@examplecorp.test,Priya Garcia,2023-04-26 00:40:00,taylor.ford@examplecorp.test,Skyler Ivanov,2026-03-22 08:31:00,Beta,,2025-06-18 09:16:00,,,,N,LOT-6781,742,Other,2231,3395,5205,REF-9432,Standard,100371,100025,SKU-1347,,Gamma,1891,3383,9004,SKU-8468,Gamma,100257,100386,100046,100190,100654,100192,100345,100780,,100506,100686,,100185,,,,7602,,,,TAG-4563,100374,100016,100309,100251,,100543,100717,Noah Vance,,,Sofia Garcia,,Noah V.,Sofia Rossi,REF-5472,Placed,TAG-9882,,SKU-7049,SKU-8130,Other,,Emerson Ivanov,Delta,drew.cohen@examplecorp.test,Director,Intern,Redwood Logistics Inc,Lead,Drew Dorsey,Female,REF-8668,LOT-7924,,Y,SKU-2912,Omar Ivanov,Arjun Sato,,Skyler Vance,"217,160",Manila,United Kingdom,,Standard,,,morgan.sato@examplecorp.test,Diego Calder,Finance,Diego Silva,Alpha,,LOT-1974,,Aligned on billing and renewal terms.,Resolved the outstanding question about scope.,Mumbai,US Day,Beta,Marketing Coordinator,Nina Costa,SKU-3150,Relocation,,Delta,SKU-9192,Inactive,Standard,,916,,,,7380,3268,5395,Beta,,5251,1135,Other,2025-05-12 07:36:00,4870,7183,Delta,Beta,Delta,LOT-9126,7620,9888,1687,4078,9388,Alpha,2026-04-08 01:30:00,4100,7697,Delta,Gamma,Other,LOT-3518,9402,5625,1093,7356,378,Other,,,,,,,,,,,,,,2025-03-11,6852,7956,,LOT-9535,SKU-9116,,7709,4295,6114,2027,1856,,2024-11-01,,8402,,,,,,,,,,,2024-10-15,,5174,,SKU-9703,,SKU-7556,,,7847,,,Delta,Scheduled a check-in for the coming month.
100738,Relay User,100882,chen.patel@acme-fake.test,Yara Larsson,2026-06-20 00:37:00,riley.larsson@examplecorp.test,Rowan Dorsey,2024-09-19 22:04:00,Gamma,,2026-06-20 01:41:00,,,,Y,LOT-2539,4158,Standard,7275,1284,5876,TAG-2088,Standard,,100587,TAG-1310,4847,Beta,9207,2462,9562,REF-2148,,100782,100573,100190,100016,100015,100398,,100331,100352,,100516,100685,100741,,209,,,,,,,100667,100288,100607,,100568,,100180,Jordan Kim,,,Omar Silva,TAG-2905,Jordan K.,,,Placed,SKU-6531,TAG-8080,SKU-7172,SKU-7300,Standard,,Casey Kim,Delta,rahul.ashby@examplecorp.test,Manager,Full-Time,Delta Logistics,Senior,Riley Blake,Male,TAG-6036,REF-5078,7519,N,REF-9130,Alex Dorsey,Jamie Silva,LOT-2356,Elena Haddad,,Denver,Philippines,Delta,Alpha,Resolved the outstanding question about scope.,8526,priya.okafor@sampleco.test,Avery Reyes,Software Engineering,Avery Okafor,Gamma,,LOT-3951,,,,Bengaluru,US Day,Beta,Operations Associate,Yara Mercer,REF-8561,,Other,Delta,TAG-3087,Active,Other,Scheduled a check-in for the coming month.,8182,,,,3613,7625,9177,Delta,9549,6783,1909,,2022-11-15 05:02:00,9135,2228,Gamma,Gamma,Alpha,LOT-4449,5043,2146,8266,3903,781,Standard,2025-10-01 09:32:00,6477,5984,Delta,Other,Other,REF-7661,4526,4934,7988,795,656,Beta,,,,,,,,,,,,,,2025-01-15,1032,1321,Delta,,SKU-7360,LOT-9625,8921,2146,561,2441,4238,Delta,2023-10-16,,,,,,,,,,,,,2026-04-09,5399,,Beta,LOT-5754,,,,,,,,,Scheduled a check-in for the coming month.
100168,Relay User,100883,fatima.kim@sampleco.test,Aisha Ashby,2024-02-23 10:11:00,aisha.ashby@acme-fake.test,Jordan Okafor,2023-08-18 05:04:00,Alpha,Liam Rossi,2026-05-07 03:39:00,,,,N,TAG-4813,1530,Gamma,3535,5722,1399,LOT-7554,Standard,100014,100301,REF-4079,4101,Other,4587,,6266,TAG-3778,Beta,100417,100265,100148,100343,100280,100543,,100066,100539,,,,100103,SKU-6325,,Standard,,,,LOT-2661,TAG-8745,100734,100468,100272,100262,,,100447,Riley Garcia,LOT-1885,,Yara Ford,LOT-1481,Riley G.,,TAG-4676,Not Available,SKU-9313,,,LOT-7355,Standard,,Elena Larsson,Gamma,alex.rossi@examplecorp.test,Team Lead,Part-Time,Beacon Health Inc,Senior,Riley Reyes,Non-binary,TAG-4053,REF-9983,5090,N,,Alex Larsson,Diego Sato,,Sofia Reyes,,Bengaluru,Canada,Beta,Standard,Resolved the outstanding question about scope.,1816,noah.calder@sampleco.test,Skyler Dorsey,Human Resources,Fatima Mensah,Gamma,,SKU-2058,LOT-1525,,,Austin,US Day,,Support Specialist,Skyler Kim,LOT-8033,,,Delta,REF-1378,Active,Standard,Followed up on the open items from last week.,,5473,,,3431,3862,7066,Standard,4158,,4358,Alpha,2023-02-03 00:44:00,3928,3078,Beta,Gamma,Gamma,LOT-3070,2794,4343,3817,274,3642,Other,2024-06-25 17:56:00,8338,1859,Delta,Standard,Other,SKU-1043,6788,7782,7993,8129,6374,Beta,,,,,,,,,,,,,,2024-11-29,7835,8973,,LOT-5477,TAG-5850,TAG-1272,4866,,,1491,8883,Standard,2022-11-04,,,,,,,,,,,,,2025-12-06,8805,,,,LOT-1154,LOT-3587,,984,7557,,,Standard,Shared the updated proposal for review.
100139,Relay User,100884,nina.blake@sampleco.test,Priya Sloan,2024-02-10 02:35:00,rowan.vance@sampleco.test,Avery Haddad,2026-02-05 23:31:00,Beta,Elena Blake,2025-10-27 19:40:00,,,,Y,SKU-9965,154,Gamma,4827,7304,3393,LOT-7758,Alpha,100171,,,8708,Standard,2361,9579,8669,REF-7599,Beta,100037,100235,100673,100774,100104,100786,100704,100220,,100744,100153,100625,100178,,,,6901,,,SKU-9296,,100041,100062,100551,,,,100755,Fatima Mensah,LOT-7509,,Casey Sloan,REF-7351,Fatima M.,Priya Costa,,N/A,TAG-6687,,,TAG-6325,,,Reese Costa,Beta,rowan.ashby@acme-fake.test,Team Lead,Part-Time,Horizon Analytics Ltd,Junior,Mei Silva,Male,TAG-5341,REF-3844,,N,TAG-1521,Emerson Mercer,Marco Brooks,,Emerson Sato,"55,937",Seattle,United States,,Other,,8837,reese.reyes@demomail.test,Elena Rossi,Finance,Marco Rossi,Delta,,TAG-5890,,,,Denver,Flexible,Other,Bookkeeper,Morgan Patel,LOT-3262,,,Other,SKU-9154,Active,Other,,,1122,,Other,288,309,1061,Alpha,1795,,4147,Standard,2024-08-03 14:27:00,4820,6190,Standard,Beta,Other,SKU-1133,90,155,2967,8223,5276,Other,2025-10-06 06:38:00,3371,5442,Alpha,Other,Gamma,REF-8378,728,2773,3585,2666,8116,Beta,,,,,,,,,,,,,,2024-11-23,5684,2079,Other,SKU-5586,,SKU-3554,,,3277,,,Other,2025-08-20,,,,Gamma,,,,,,,,,2023-12-03,,,,,,,450,,,,,,Resolved the outstanding question about scope.
100601,Relay User,100886,quinn.patel@sampleco.test,Yara Sato,2023-02-04 03:54:00,arjun.okafor@acme-fake.test,Taylor Patel,2023-12-06 17:29:00,Gamma,,2024-06-18 12:31:00,,,,Y,TAG-3728,8132,Beta,2443,5727,6853,REF-2539,Standard,100188,100104,,6049,Delta,4745,1171,2051,SKU-7180,Standard,100554,100720,100624,100265,100474,100075,100176,100232,100208,100215,,100418,100053,,4905,,3354,1428,,LOT-5308,,100280,100705,100723,100151,,,100792,Chen Kim,,Sofia Haddad,Omar Kim,REF-1822,Chen K.,Skyler Okafor,,Available,,,,TAG-8660,,,Drew Haddad,Standard,morgan.reyes@acme-fake.test,Individual Contributor,Full-Time,Redwood Analytics Corp,Mid-Level,Skyler Blake,Male,REF-4392,TAG-6289,1310,Y,TAG-1013,Taylor Cohen,Rahul Silva,,Fatima Mercer,"211,125",Austin,Australia,Delta,Gamma,,3918,arjun.sloan@acme-fake.test,Jordan Garcia,Software Engineering,Omar Whitfield,Gamma,,REF-2724,,,,Atlanta,US Evening,Beta,Data Analyst,Avery Sato,,,,Beta,REF-4389,Active,Delta,,,8856,,,5386,13,6854,Alpha,3814,4604,,Other,2023-08-24 08:49:00,2404,2153,Beta,Other,Delta,LOT-5749,3183,6497,8423,3873,1375,Beta,2024-04-19 09:22:00,3105,1744,Standard,Delta,Other,LOT-7347,3308,9379,7644,2743,8408,Beta,,,,,,,,,,,,,,2024-11-15,2635,8454,Other,SKU-4996,REF-7311,REF-2668,9971,6042,4200,9514,8461,Alpha,2023-03-31,,,,,,,,,,,,,2023-08-08,,,,,,SKU-3582,,,,,,Delta,Noted a concern to revisit at the next sync.
100410,Relay User,100887,jordan.patel@acme-fake.test,Jamie Sato,2024-09-27 02:05:00,emerson.vance@examplecorp.test,Yara Reyes,2024-06-24 19:21:00,Beta,Rowan Garcia,2023-01-01 13:53:00,,,,N,LOT-9018,5531,Standard,3018,8995,9610,LOT-7117,Delta,100454,100546,TAG-1024,3843,Gamma,6109,,8308,LOT-1408,Delta,100069,100475,100178,100139,100217,100720,100685,100434,,,100126,,100486,,2505,,,,,TAG-5726,REF-2883,100726,100066,100498,100352,100516,100408,100185,Nina Okafor,,,,TAG-4808,Nina O.,Jamie Kim,REF-8280,Placed,,,REF-7087,SKU-6750,Beta,,Drew Larsson,Gamma,avery.costa@examplecorp.test,Director,Contractor,Summit Dynamics Inc,Entry,Emerson Ford,Female,SKU-1450,REF-8838,4803,Y,,Riley Kim,Sofia Nguyen,LOT-3828,Liam Ivanov,"142,202",Atlanta,Germany,Delta,Delta,Reviewed performance and gathered feedback.,,noah.brooks@examplecorp.test,Nina Mensah,Operations,Emerson Nguyen,Alpha,,TAG-7157,,,Discussed timeline and next steps with the account.,Phoenix,US Night,Standard,Software Developer,Taylor Dorsey,LOT-2913,Client Request,,Alpha,TAG-1967,Inactive,Other,,,,,Alpha,7576,7877,7632,Alpha,2981,1472,2265,Gamma,2024-02-01 12:36:00,4922,9300,Standard,Beta,Beta,TAG-7129,5762,6398,7132,1743,9232,Alpha,2026-04-12 11:59:00,9103,8288,Other,Standard,Gamma,LOT-7252,1414,5526,8226,7367,7466,Gamma,,,,,,,,,,,,,,2026-03-25,4264,2154,Other,,LOT-1737,SKU-7567,4328,8552,857,,5070,Other,2022-12-11,,,,,,,,,,,,,2026-07-17,,,Standard,SKU-6580,,LOT-5684,5430,7808,5203,5741,,,Reviewed performance and gathered feedback.
100642,Relay User,100888,priya.haddad@demomail.test,Mei Blake,2026-01-02 22:55:00,aisha.reyes@demomail.test,Taylor Dorsey,2026-01-25 11:41:00,Alpha,Yara Vance,2025-03-30 20:29:00,,,,Y,TAG-7443,6499,Gamma,900,8115,9356,SKU-8815,Delta,100492,100236,LOT-2350,7906,Delta,5448,,7508,TAG-8714,,100173,100479,100173,100310,100389,100110,,100709,100290,100627,100676,100434,100023,,3446,Standard,,,,REF-4253,,100182,100026,100759,,,,100652,Yara Sato,,,,LOT-7352,Yara S.,Priya Garcia,,Not Available,SKU-2687,LOT-7948,LOT-5362,TAG-8221,,,Aisha Larsson,Beta,yara.sato@demomail.test,Individual Contributor,Full-Time,Falcon Solutions,Entry,Priya Rossi,Non-binary,REF-9335,REF-4228,520,N,TAG-9173,Drew Costa,Marco Dorsey,REF-7458,,,Mumbai,United Kingdom,Gamma,Delta,,9513,noah.nguyen@demomail.test,Jordan Patel,Finance,Liam Brooks,Standard,,TAG-6531,LOT-1356,,,London,US Night,Other,Bookkeeper,Yara Ashby,,,,Delta,REF-5437,Active,Alpha,,885,,,,5035,8384,387,Delta,9312,8590,1555,,2023-03-20 05:27:00,4912,5284,Gamma,Delta,Standard,LOT-3686,9281,615,6996,7710,3885,Other,2026-02-25 17:02:00,864,6719,Standard,Beta,Beta,TAG-3904,2013,4163,1545,3821,7006,Gamma,,,,,,,,,,,,,,2025-09-06,6106,2570,,LOT-3981,SKU-4756,,2613,9177,856,,512,Gamma,2025-11-23,,,,,,,,,,,,,2024-02-15,2924,8345,,,REF-8436,,602,6533,,,6314,,Noted a concern to revisit at the next sync.
100368,Relay User,100890,liam.ivanov@sampleco.test,Aisha Costa,2026-07-20 14:40:00,jordan.garcia@acme-fake.test,Fatima Ford,2025-11-11 01:43:00,Alpha,Avery Rossi,2024-11-28 14:38:00,,,,N,LOT-8742,9283,Delta,6345,7632,7369,REF-5014,Other,100248,100076,TAG-4230,7468,,299,,,LOT-4008,Standard,100486,100189,100803,100620,100413,100777,,100185,100120,100496,100452,,100786,,,,,6412,8964,,,100413,100440,100336,100192,100128,100395,100774,Emerson Garcia,,Chen Silva,,REF-2743,Emerson G.,Jamie Okafor,LOT-1031,Placed,TAG-1394,,REF-1469,SKU-5421,Gamma,,Rowan Ford,Delta,sofia.nguyen@sampleco.test,Individual Contributor,Part-Time,Redwood Energy Group,Junior,Avery Ivanov,Female,SKU-4587,TAG-2167,7465,N,REF-8986,Aisha Haddad,Skyler Kim,TAG-2183,Noah Sato,"88,946",Mumbai,Australia,Gamma,,,,aisha.blake@acme-fake.test,Avery Mensah,Customer Support,Diego Haddad,Delta,,REF-4178,,,,Mumbai,US Day,Standard,Project Manager,Noah Rossi,SKU-1201,,,Alpha,REF-1165,Active,Gamma,Scheduled a check-in for the coming month.,9467,8471,,,7653,4419,3617,Other,9851,,1460,,2024-01-21 01:26:00,213,5056,Gamma,Beta,Delta,REF-9715,5560,2908,4272,8966,6556,Other,2025-09-14 09:54:00,8957,9842,Delta,Gamma,Standard,LOT-9289,8742,1981,249,3580,4865,Gamma,,,,,,,,,,,,,,2023-11-14,4367,,Other,,REF-3276,LOT-9769,627,,,8483,5233,Alpha,2025-03-25,,,,,,,,,,,,,2026-01-03,,,,,TAG-5030,REF-2763,3364,4835,,,,,Aligned on billing and renewal terms.
100188,Relay User,100891,casey.silva@sampleco.test,Omar Silva,2023-03-31 15:23:00,avery.reyes@demomail.test,Drew Sloan,2026-06-17 15:43:00,Gamma,Reese Blake,2023-01-12 14:01:00,,,,N,LOT-5433,7187,Standard,9165,4842,6804,TAG-3892,Delta,100040,100129,,1796,Other,5865,5852,8895,,,100209,100474,100658,100110,100132,100637,100190,100563,,100178,,100393,100169,,6394,Alpha,3313,3350,,,REF-9424,100206,100559,100500,,,100738,100243,Sofia Mercer,,Mei Ashby,Yara Mercer,LOT-3253,Sofia M.,Rahul Silva,,Available,REF-4754,,LOT-8328,SKU-9764,Other,,Avery Calder,Delta,mei.mercer@acme-fake.test,Director,Intern,Falcon Labs Corp,Senior,Yara Sato,Female,SKU-6688,LOT-1488,,N,,Nina Whitfield,Arjun Costa,TAG-9102,Diego Vance,"185,079",Mumbai,Canada,Gamma,Gamma,,9865,arjun.larsson@acme-fake.test,Aisha Sato,Data & Analytics,Mei Larsson,Beta,,REF-1284,,,,Dallas,US Evening,,Project Manager,Rahul Whitfield,LOT-9515,Performance,,Gamma,TAG-2039,Inactive,Alpha,,211,5280,3324,Other,7430,4371,5433,Other,,7140,7026,Delta,2024-11-08 05:31:00,9431,4866,Standard,Standard,Alpha,LOT-1590,5266,4637,3933,1497,2258,Delta,2025-09-09 00:02:00,9699,4695,Standard,Standard,Alpha,TAG-8713,5681,6302,5479,9872,2008,Gamma,,,,,,,,,,,,,,2025-03-16,7799,3034,Alpha,LOT-5287,REF-1858,LOT-6117,8374,9880,373,3398,9059,,2024-09-14,,,,,,,,,,,,,2024-11-29,,,,,TAG-1962,TAG-7058,3245,,6057,,5313,Gamma,Reviewed performance and gathered feedback.
100694,Relay User,100892,fatima.nguyen@acme-fake.test,Morgan Ivanov,2023-12-01 03:27:00,marco.haddad@demomail.test,Jamie Blake,2022-11-18 01:59:00,Alpha,Emerson Patel,2024-03-28 20:21:00,,,,N,SKU-6912,3500,Alpha,424,6850,6183,SKU-4104,Alpha,100351,100275,REF-2734,5440,Beta,,9334,8701,REF-5423,Gamma,100731,100180,100551,100634,100025,100720,100290,100758,100128,100388,100593,100467,100360,,,,,6429,,REF-7367,LOT-3105,100593,100139,100322,,100421,100765,100129,Morgan Costa,,,Drew Brooks,REF-8075,Morgan C.,Noah Nguyen,,Placed,LOT-6046,,SKU-5577,SKU-4986,,,Rowan Sato,Other,avery.silva@acme-fake.test,Individual Contributor,Contractor,Cardinal Labs Co,Senior,Quinn Ashby,Male,REF-2158,TAG-3515,5023,N,REF-4902,Priya Larsson,Rahul Rossi,,Priya Cohen,"225,934",Seattle,Germany,,Standard,Aligned on billing and renewal terms.,5141,emerson.larsson@sampleco.test,Aisha Larsson,Recruiting,Fatima Ivanov,Alpha,,SKU-3029,,,,Phoenix,US Day,Beta,Accountant,Casey Vance,TAG-2807,,,Gamma,SKU-7956,Active,Other,,,,9993,,1561,7080,600,Alpha,7789,133,9463,Alpha,2024-08-10 09:47:00,3912,2562,Delta,Standard,Alpha,LOT-5062,2594,5390,440,1400,1063,Other,2023-03-10 07:20:00,8386,7716,Beta,Other,Standard,REF-9948,8012,8125,2961,2630,8124,Other,,,,,,,,,,,,,,2024-02-05,5287,7730,Delta,TAG-9618,SKU-6239,REF-1984,,,7439,2076,3999,,2022-12-03,,,,,,,,,,,,,2024-11-02,,8479,Standard,,LOT-4872,,,4131,,,6045,Gamma,Resolved the outstanding question about scope.
100090,Relay User,100895,emerson.haddad@demomail.test,Noah Haddad,2025-12-21 20:20:00,arjun.nguyen@acme-fake.test,Rowan Vance,2026-01-24 20:32:00,Gamma,Skyler Rossi,2026-03-31 10:47:00,,,,N,LOT-2449,3719,Delta,941,393,5381,REF-2281,Beta,100016,100359,,9063,Other,637,,5469,SKU-8647,,100470,100262,100440,100447,100177,100542,100774,100101,100282,,100009,100447,100613,REF-8179,7897,Delta,,,,,,100245,,100325,100500,100281,100040,100322,Casey Mensah,,,Jordan Sato,,Casey M.,Nina Whitfield,,Not Available,LOT-2876,,SKU-2803,SKU-9154,,,Elena Larsson,Standard,drew.sloan@sampleco.test,Individual Contributor,Full-Time,Pioneer Labs LLP,Mid-Level,Omar Ford,Prefer not to say,REF-4023,TAG-3309,7693,N,REF-7028,Emerson Ashby,Quinn Sato,,,"96,083",Seattle,Australia,Delta,Standard,,9393,morgan.cohen@sampleco.test,Quinn Costa,Sales,,Standard,,LOT-3164,,,Resolved the outstanding question about scope.,Phoenix,US Day,Standard,Accountant,Chen Larsson,REF-2855,,,Standard,LOT-1916,Active,Delta,Shared the updated proposal for review.,,,2200,,4091,3128,2873,Standard,6165,5787,,Alpha,2022-12-20 09:34:00,2800,9800,Gamma,Gamma,Other,TAG-9164,6579,6258,3282,6278,1892,Delta,2023-03-14 05:02:00,6384,2583,Gamma,Other,Beta,LOT-7830,6721,9199,1200,7060,6720,Alpha,,,,,,,,,,,,,,2023-12-23,3866,4954,Standard,REF-8649,LOT-3649,SKU-5580,,,6218,4990,1989,,2025-03-28,,,,,,,,,,,,,2025-07-04,,,,SKU-1389,TAG-4014,,1691,2544,,,4439,,Shared the updated proposal for review.
100574,Relay User,100898,arjun.whitfield@sampleco.test,Quinn Whitfield,2023-07-31 20:17:00,mei.patel@sampleco.test,Chen Rossi,2023-10-02 06:03:00,Other,,2023-02-07 08:40:00,,,,Y,REF-7126,2736,Delta,4770,5522,9836,LOT-3925,Standard,100236,100212,,4129,Beta,,,,REF-8549,Alpha,100452,100189,100215,100734,100496,100180,100117,100142,,,100469,100467,100631,,7278,Beta,,,,,TAG-3199,100424,100325,100165,100016,100377,,100615,Marco Kim,,,Fatima Nguyen,REF-5769,Marco K.,Quinn Ford,,Placed,SKU-9811,,LOT-9429,REF-5093,Other,,Riley Sloan,Gamma,elena.nguyen@demomail.test,Manager,Part-Time,Evergreen Logistics,Senior,Omar Mensah,Prefer not to say,LOT-3177,REF-8580,8525,Y,LOT-9177,Emerson Blake,Drew Mensah,,Priya Dorsey,"194,064",Chicago,United Kingdom,Beta,Other,,8946,casey.whitfield@sampleco.test,Liam Brooks,Accounting,Skyler Dorsey,Alpha,,LOT-2032,LOT-2239,,,Dallas,Flexible,Alpha,Bookkeeper,Marco Rossi,LOT-9702,,,Standard,TAG-9395,Active,Other,,7466,,,,3204,7275,5579,Alpha,,3557,6585,,2025-10-25 05:47:00,9175,4466,Beta,Alpha,Gamma,SKU-5459,4500,390,9514,1486,4253,Alpha,2025-11-19 16:44:00,8676,7759,Other,Other,Delta,SKU-6254,4906,5212,7412,689,6827,Beta,,,,,,,,,,,,,,2023-01-26,147,,Other,TAG-6015,REF-6352,LOT-1658,,4723,3735,,4846,Other,2025-06-20,,,,,,,,,,,,,2023-09-16,,5377,,,TAG-8976,,945,476,7555,,169,Alpha,Shared the updated proposal for review.
100620,Relay User,100901,casey.silva@examplecorp.test,Liam Okafor,2025-10-24 12:15:00,noah.whitfield@demomail.test,Arjun Reyes,2025-02-12 08:40:00,Delta,Fatima Sato,2026-03-28 21:36:00,,,,Y,LOT-6438,2948,Standard,8261,8415,9126,SKU-4226,Delta,100637,100555,SKU-5896,,Other,1061,4472,,LOT-2003,Other,100526,100224,100400,100242,100637,100513,100255,100597,100582,,,100736,100209,,5127,,,3425,9326,,,100750,100063,100037,100099,100408,,100634,Arjun Calder,,,Quinn Patel,REF-8496,Arjun C.,Arjun Reyes,,Placed but Available,,,,SKU-1191,Other,,Quinn Blake,Standard,rowan.cohen@sampleco.test,Manager,Contractor,Harbor Retail Inc,Entry,Drew Silva,Male,LOT-3232,SKU-8611,,N,TAG-4562,Nina Ashby,Jamie Mercer,,,"178,564",Mumbai,Canada,Standard,Alpha,Reviewed performance and gathered feedback.,7816,riley.haddad@examplecorp.test,Yara Sato,Accounting,Sofia Silva,Gamma,,REF-8611,TAG-6733,Followed up on the open items from last week.,,Austin,US Night,Other,Support Specialist,Alex Costa,TAG-7148,,,Standard,LOT-8357,Active,Alpha,,,2909,8399,Alpha,3983,4738,8590,Standard,,8067,4122,Delta,2026-04-15 08:06:00,1840,3783,Beta,Standard,Delta,SKU-1919,5040,886,1651,5252,5911,Alpha,2025-07-23 09:30:00,366,1739,Other,Other,Beta,SKU-8855,1833,9796,8891,6385,1488,Standard,,,,,,,,,,,,,,2024-04-30,8849,,,,,SKU-8076,,451,3864,6774,9929,Standard,2024-05-12,,,,,,,,,,,,,2025-04-23,6903,3994,,,SKU-3554,REF-5996,,4924,8162,6465,,Delta,Aligned on billing and renewal terms.
100282,Relay User,100902,mei.sato@acme-fake.test,Fatima Nguyen,2023-05-18 16:39:00,avery.kim@examplecorp.test,Sofia Dorsey,2026-04-28 19:50:00,Beta,Drew Nguyen,2025-10-28 02:29:00,,,,Y,LOT-2488,5228,Alpha,5647,2167,8919,SKU-5196,Alpha,100522,100386,REF-6878,,,9422,3787,2452,REF-9008,,100496,100148,100269,100332,100220,100464,100527,100699,100622,100624,100368,100526,100603,,,Beta,8748,,2033,REF-3250,LOT-8065,100227,,100370,,,100310,100161,Elena Calder,,,Diego Dorsey,TAG-9455,Elena C.,Arjun Patel,,N/A,LOT-4269,REF-6856,REF-9250,SKU-6734,,,Rahul Ivanov,Other,noah.vance@sampleco.test,Director,Intern,Harbor Ventures LLC,Senior,Alex Blake,Female,TAG-5135,LOT-7313,8086,N,REF-7997,Morgan Dorsey,Morgan Haddad,,Jamie Nguyen,,Austin,United States,Gamma,Standard,,5955,quinn.sato@examplecorp.test,Omar Sloan,Finance,,Delta,,TAG-1610,,,,Phoenix,US Night,Other,HR Generalist,Arjun Rossi,LOT-7534,,Standard,Other,SKU-6326,Active,Standard,,,,,Other,6271,7178,3854,Delta,,,8923,,2025-05-17 17:41:00,3313,5202,Beta,Other,Delta,REF-6637,5042,2854,6899,7980,2710,Alpha,2025-08-14 09:23:00,9145,5521,Beta,Alpha,Standard,REF-2228,4225,5118,7060,2092,9109,Delta,,,,,,,,,,,,,,2025-09-11,,5112,Gamma,LOT-9815,TAG-6869,REF-1942,7170,694,1354,,,Gamma,2025-03-08,,,,,,,,,,,,,2024-03-07,5201,,,TAG-1503,,,5932,,,,,,Scheduled a check-in for the coming month.
100709,Relay User,100904,priya.cohen@acme-fake.test,Nina Nguyen,2026-01-24 10:51:00,noah.sato@demomail.test,Drew Nguyen,2026-02-02 08:09:00,Alpha,Marco Ashby,2026-04-26 08:02:00,,,,Y,SKU-7922,8004,Beta,9748,6662,9622,LOT-2577,Standard,100771,,TAG-3373,8881,,,9910,,REF-2793,Beta,100770,100784,100696,100652,100188,100344,100685,100376,100091,100285,100113,100305,100749,,,,8709,9077,,TAG-2425,,100370,,100069,100178,100286,,100254,Alex Calder,,,Skyler Silva,REF-5729,Alex C.,Sofia Kim,,Not Available,REF-1715,,,SKU-9083,Standard,,Jordan Blake,Other,mei.okafor@examplecorp.test,Manager,Full-Time,Blue Ridge Capital Ltd,Mid-Level,Quinn Reyes,Non-binary,SKU-2615,TAG-4721,1462,Y,SKU-1148,Quinn Kim,Emerson Ivanov,,Drew Dorsey,,Phoenix,Canada,Alpha,Standard,,1447,omar.reyes@demomail.test,Taylor Vance,Accounting,Emerson Rossi,Gamma,,LOT-1650,,,,Manila,Flexible,Standard,QA Engineer,Jordan Dorsey,SKU-3885,,,Gamma,TAG-6725,Active,Delta,Resolved the outstanding question about scope.,,1836,,,564,8766,1621,Gamma,9077,,895,Gamma,2022-12-26 08:47:00,2357,3827,Gamma,Beta,Gamma,LOT-9761,6331,3261,4269,6819,4413,Beta,2024-01-27 14:05:00,8946,1226,Beta,Alpha,Beta,SKU-8356,7085,3918,2118,4946,3286,Standard,,,,,,,,,,,,,,2024-04-19,369,,Standard,LOT-4080,,SKU-4952,1467,8759,,7656,791,Other,2024-02-25,,,,,,,,,,,,,2025-10-30,5779,,Gamma,,SKU-5744,,,,9736,,,,Shared the updated proposal for review.
100685,Relay User,100906,yara.sato@demomail.test,Fatima Sato,2025-02-01 00:57:00,reese.blake@acme-fake.test,Aisha Calder,2023-09-16 16:32:00,Alpha,Sofia Ivanov,2023-04-22 10:13:00,,,,Y,REF-7474,5207,Standard,3458,1056,4797,LOT-5852,Delta,,100009,REF-5678,6680,Beta,2041,2026,,REF-3479,,100020,100601,100500,100090,100686,100348,,100182,,,,100136,100403,,,,,,6883,,,100192,100240,100760,100236,100400,100417,100498,Yara Haddad,,,Chen Kim,,Yara H.,Alex Brooks,,Placed,,REF-4432,,TAG-6922,,,Mei Patel,Alpha,liam.whitfield@demomail.test,Individual Contributor,Contractor,Beacon Dynamics Ltd,Entry,Elena Sato,Non-binary,TAG-2250,REF-1696,3891,N,REF-8956,Yara Sato,Sofia Kim,,Reese Rossi,,Chicago,Mexico,Gamma,Standard,Scheduled a check-in for the coming month.,8726,emerson.ford@examplecorp.test,Chen Larsson,Marketing,Jamie Kim,Alpha,,LOT-9900,REF-4341,,Shared the updated proposal for review.,Atlanta,US Evening,Delta,Project Manager,Reese Haddad,SKU-4812,,,Beta,LOT-4574,Active,Beta,,,,7836,,4311,5941,9619,Gamma,,8091,6415,Other,2025-03-06 12:21:00,6358,9005,Alpha,Alpha,Beta,LOT-4498,1660,7267,8410,1710,2733,Gamma,2025-07-10 01:53:00,5926,3431,Standard,Beta,Gamma,REF-8033,8255,5962,297,5537,2033,Beta,,,,,,,,,,,,,,2023-08-28,3981,2719,Standard,,REF-2962,SKU-4660,4811,8461,,2393,6911,Gamma,2023-04-18,,,,,,,,,,,,,2026-06-22,,2174,,,,,4645,,,,,Delta,Shared the updated proposal for review.
100025,Relay User,100907,yara.ashby@sampleco.test,Liam Silva,2025-05-11 23:10:00,reese.sato@sampleco.test,Emerson Cohen,2026-01-30 15:48:00,Alpha,Priya Mensah,2026-04-27 02:07:00,,,,Y,LOT-2643,9921,Other,6885,5756,3905,LOT-7996,Delta,100339,100498,LOT-2481,7027,Gamma,,7391,7138,TAG-7441,Standard,100333,100208,100610,100457,100638,100386,100192,100374,100056,100383,,,100178,REF-3271,,Other,,,,,,100426,100538,100492,100722,100558,,100649,Alex Dorsey,,,Morgan Sloan,LOT-4088,Alex D.,Omar Calder,,N/A,REF-5999,,,REF-3475,Beta,,Nina Sato,Gamma,nina.mercer@sampleco.test,Team Lead,Full-Time,Delta Media Inc,Entry,Noah Ivanov,Non-binary,SKU-3013,SKU-5695,5441,Y,,Marco Blake,Sofia Larsson,TAG-1923,Morgan Calder,,Austin,India,Delta,Gamma,,6108,sofia.blake@sampleco.test,Avery Dorsey,Sales,Noah Costa,Standard,,LOT-4492,LOT-8287,,Shared the updated proposal for review.,Manila,US Evening,Other,Customer Success Manager,Diego Blake,LOT-4437,,,Standard,REF-2939,Active,Gamma,,,5571,,,504,9843,1149,Gamma,,6175,2298,Delta,2026-06-19 05:59:00,1875,9772,Delta,Beta,Delta,LOT-9954,6565,1647,859,5852,3902,Gamma,2026-03-20 14:38:00,6723,3783,Standard,Standard,Gamma,TAG-2882,143,1680,5053,3484,6746,Gamma,,,,,,,,,,,,,,2024-04-19,4329,6827,Beta,TAG-4347,REF-1004,LOT-5845,2008,9129,303,2683,3526,Standard,2024-04-18,,,,,,,,,,,,,2026-01-13,,552,,,,,6004,,9781,,,,Resolved the outstanding question about scope.
100389,Relay User,100910,arjun.reyes@examplecorp.test,Sofia Silva,2023-04-30 03:28:00,aisha.cohen@sampleco.test,Emerson Dorsey,2023-02-26 13:38:00,Other,,2025-01-22 10:24:00,,,,Y,LOT-5451,6473,Gamma,4432,9675,3730,REF-9281,Alpha,100470,100694,REF-7021,1478,Other,,,,TAG-2734,Standard,100208,100616,100410,100262,100212,100738,,100290,,100322,100120,,100351,,8364,,6175,,,LOT-8014,,100470,100205,,,100634,100593,100683,Rahul Whitfield,,,,REF-6373,Rahul W.,,,Placed but Available,LOT-3569,,,TAG-2026,Gamma,,Priya Mercer,Gamma,yara.nguyen@examplecorp.test,Director,Intern,Summit Ventures LLC,Lead,Mei Vance,Female,REF-3357,REF-9670,2496,Y,,Marco Whitfield,Avery Ivanov,,Emerson Sloan,"70,227",Atlanta,United Kingdom,Gamma,Other,,8372,rowan.kim@demomail.test,Reese Mensah,Marketing,,Gamma,,SKU-7894,,,,Manila,US Night,Beta,Executive Assistant,Elena Brooks,LOT-4128,,,Beta,SKU-1849,Active,Alpha,,,4419,1937,Beta,1843,3188,7199,Beta,9175,5472,,,2025-07-04 21:39:00,742,6725,Beta,Alpha,Other,LOT-8464,9691,7448,2862,9297,3918,Beta,2026-06-27 18:42:00,3118,5620,Delta,Other,Standard,REF-3241,1485,3892,7847,2578,1190,Beta,,,,,,,,,,,,,,2024-12-23,,5479,,LOT-5893,TAG-6302,LOT-1820,,7790,2967,5014,2414,,2025-02-05,,,,,,Other,,,,,,,2023-10-30,,,Alpha,TAG-3227,SKU-9119,,,,8505,3684,4030,,Resolved the outstanding question about scope.
100213,Relay User,100911,liam.ford@examplecorp.test,Fatima Dorsey,2026-01-11 03:27:00,nina.blake@acme-fake.test,Nina Costa,2025-05-14 22:34:00,Other,,2026-05-30 12:45:00,,,,Y,REF-9113,5682,Beta,9871,8691,7303,LOT-4595,Other,100017,100023,TAG-1484,3778,Standard,,,5128,REF-2841,,100786,100741,100008,100235,100475,100452,,100403,100136,100484,,,100063,,,,9272,,2804,,,100062,100164,100142,,,,100487,Yara Brooks,,,,,Yara B.,Sofia Vance,,Placed,TAG-5454,REF-8784,LOT-5247,REF-3346,Delta,,Emerson Larsson,Beta,nina.sato@demomail.test,Director,Intern,Cardinal Logistics LLC,Entry,Arjun Reyes,Non-binary,LOT-6898,TAG-3675,4381,Y,,Morgan Sloan,Rowan Okafor,,Alex Rossi,"121,737",Seattle,Germany,Gamma,Other,,1129,avery.vance@sampleco.test,Rowan Rossi,Human Resources,,Other,,TAG-9719,,,,Phoenix,US Night,Other,Marketing Coordinator,Nina Brooks,LOT-8730,,,Alpha,REF-6570,Active,Other,,,843,,,6456,1990,7076,Gamma,3124,91,2998,,2026-04-07 19:45:00,7313,4135,Standard,Other,Standard,REF-1011,7272,5037,4303,3789,4154,Gamma,2023-06-06 12:05:00,4720,3957,Beta,Beta,Delta,REF-5064,3963,4800,2351,3856,9060,Delta,,,,,,,,,,,,,,2025-12-29,5434,8039,Gamma,TAG-5102,,REF-4826,3285,,1978,6739,2748,,2025-06-08,,,Other,,,,,,,,,,2026-04-27,764,,,SKU-2475,SKU-9203,SKU-9012,1243,8591,,6524,,,Discussed timeline and next steps with the account.
100535,Relay User,100914,diego.patel@demomail.test,Liam Patel,2024-07-13 13:04:00,rowan.garcia@examplecorp.test,Chen Mercer,2024-04-18 13:11:00,Delta,,2026-01-10 20:43:00,,,,Y,LOT-7616,2644,Delta,7020,9173,9571,TAG-4461,Alpha,100382,100405,,850,Delta,7671,684,3606,,Gamma,100780,100120,100767,100251,100352,100377,,100122,100128,100744,100153,100380,100679,LOT-6999,,,,9882,,,SKU-4625,100106,100661,100615,100056,100169,,100469,Rahul Rossi,LOT-6366,,Morgan Mercer,REF-4708,Rahul R.,Fatima Blake,,Placed,SKU-8649,,,SKU-3957,,,Marco Garcia,Gamma,taylor.patel@acme-fake.test,Director,Part-Time,Northwind Media Corp,Lead,Mei Patel,Male,SKU-1455,REF-4437,6598,N,LOT-9255,Diego Ashby,Avery Costa,,Noah Mercer,"103,058",Phoenix,Mexico,,Other,,,reese.garcia@acme-fake.test,Elena Nguyen,Operations,Yara Ford,Standard,,SKU-3166,,,,Seattle,US Day,Alpha,Data Analyst,Riley Calder,,Client Request,,Delta,REF-1894,Inactive,Standard,,,,,Standard,5225,768,9338,Standard,,,,,2025-09-01 11:43:00,1247,1615,Alpha,Beta,Standard,LOT-4051,1955,9646,4587,3262,1090,Alpha,2026-04-13 01:54:00,8486,7146,Alpha,Beta,Delta,REF-7322,810,5076,7634,9680,3246,Gamma,,,,,,,,,,,,,,2022-11-30,8798,2861,,TAG-6061,,SKU-9109,,3855,6584,3456,,Beta,2023-08-20,,,,,,,,,,,,,2025-06-17,,,,,,SKU-9777,,4082,,2926,,Alpha,Discussed timeline and next steps with the account.
100479,Relay User,100917,mei.nguyen@sampleco.test,Noah Silva,2023-09-20 08:16:00,skyler.garcia@sampleco.test,Emerson Okafor,2025-10-22 03:25:00,Beta,,2024-02-27 15:23:00,,,,Y,LOT-2244,9307,Beta,5759,3011,3421,LOT-7077,Delta,100103,100388,TAG-4692,2258,,5737,,9055,LOT-5315,,100456,100563,100368,100667,100571,100676,100288,100272,,100308,100750,100238,100417,,7468,Standard,,5178,,,,100058,100552,100161,100685,100212,,100593,Nina Costa,,Omar Sato,Rahul Mercer,REF-3226,Nina C.,Taylor Ivanov,,Placed,TAG-3006,,TAG-5235,LOT-6450,Other,,Mei Rossi,Beta,aisha.okafor@acme-fake.test,Individual Contributor,Intern,Beacon Holdings,Lead,Morgan Rossi,Female,LOT-7210,SKU-6116,919,Y,,Noah Reyes,Drew Kim,,Taylor Larsson,,Manila,India,Alpha,Gamma,,9585,rowan.rossi@demomail.test,Marco Kim,Software Engineering,,Standard,,LOT-9210,,Aligned on billing and renewal terms.,,Chicago,US Evening,Alpha,Bookkeeper,Marco Nguyen,,,,Other,LOT-1941,Active,Other,,,5488,,,1755,3405,6272,Alpha,2862,3904,,,2023-05-25 17:31:00,9818,638,Standard,Delta,Beta,LOT-5011,6456,9210,6701,9457,4417,Alpha,2023-12-18 22:42:00,4524,5944,Delta,Alpha,Delta,LOT-1453,892,8469,8310,7466,7682,Beta,,,,,,,,,,,,,,2025-02-05,101,305,Beta,LOT-9015,,LOT-5404,9598,963,2001,5581,598,,2026-01-28,,,,,,,,,,,,,2025-07-25,2700,1849,Gamma,,,SKU-6306,,,5704,1810,,,Scheduled a check-in for the coming month.
100440,Relay User,100918,quinn.mercer@sampleco.test,Casey Mercer,2025-01-06 09:36:00,avery.brooks@demomail.test,Alex Whitfield,2024-03-07 19:27:00,Beta,Jamie Ivanov,2023-11-29 00:39:00,,,,N,TAG-1377,8305,Other,5536,5131,2280,REF-9702,Alpha,100670,100782,,6252,Gamma,8055,,4752,LOT-1249,Gamma,100559,100638,100310,100641,100610,100673,100559,100479,,100360,100624,,100395,,,,,,,,,100571,100763,100784,100440,,100229,100041,Aisha Blake,,,Aisha Kim,LOT-5696,Aisha B.,Rowan Haddad,,Placed,,,LOT-8656,SKU-8355,,,Sofia Brooks,Alpha,chen.costa@demomail.test,Manager,Part-Time,Falcon Systems LLC,Junior,Casey Whitfield,Female,LOT-7977,SKU-4239,,N,,Taylor Haddad,Morgan Patel,,Omar Cohen,,Toronto,United States,Other,Delta,,3079,noah.sloan@demomail.test,Rahul Ford,Accounting,Mei Mercer,Other,,SKU-4962,SKU-4991,,Scheduled a check-in for the coming month.,Austin,Flexible,,Executive Assistant,Diego Kim,TAG-2676,,,Delta,TAG-6987,Active,Standard,,,,5251,Standard,2915,9996,865,Beta,2919,972,,,2025-11-15 19:15:00,8861,3353,Standard,Beta,Delta,REF-5882,3526,5786,564,3845,6766,Other,2023-07-19 11:20:00,4316,9972,Beta,Gamma,Delta,SKU-3181,1590,4116,2497,317,7149,Other,,,,,,,,,,,,,,2023-08-09,6828,5964,Standard,REF-3880,,LOT-6736,2301,1398,3002,2671,7542,Delta,2026-01-08,,,,,,,,,,,,,2024-12-17,,,,,,LOT-3082,,,3539,8122,,,Discussed timeline and next steps with the account.
100020,Relay User,100919,emerson.sloan@acme-fake.test,Quinn Costa,2025-09-09 01:29:00,reese.okafor@demomail.test,Jamie Vance,2026-07-28 04:25:00,Other,Arjun Mercer,2023-04-05 20:49:00,,,,N,SKU-8102,6099,Alpha,2461,9677,8425,REF-2368,Other,100153,100227,,,Alpha,,8955,3696,,Alpha,100658,100685,100598,100359,100339,100750,100615,100333,100475,100576,100010,100272,100333,,,Gamma,,,,,LOT-5537,100229,100213,100627,100455,100777,100517,100649,Priya Garcia,,,Emerson Nguyen,,Priya G.,,,Available,LOT-6219,,SKU-6774,TAG-3093,Beta,,Aisha Vance,Other,chen.dorsey@examplecorp.test,Manager,Full-Time,Keystone Dynamics Corp,Junior,Liam Larsson,Female,REF-7859,REF-4145,6444,N,LOT-1874,Sofia Sato,Avery Brooks,,,"60,544",Manila,United Kingdom,Other,Alpha,,4657,drew.whitfield@acme-fake.test,Sofia Brooks,Data & Analytics,,Beta,,REF-4303,,,,Chicago,US Day,Gamma,Customer Success Manager,Taylor Cohen,TAG-5632,,,Beta,REF-6875,Active,Standard,,,,,,6392,9951,9565,Gamma,8341,2929,6771,Delta,2026-07-30 18:46:00,2478,2730,Other,Alpha,Alpha,SKU-3832,2927,9456,9042,7270,6779,Standard,2025-08-25 00:06:00,2033,8208,Standard,Gamma,Beta,TAG-6718,598,837,4286,8671,6368,Alpha,,,,,,,,,,,,,,2024-04-18,7812,4587,,LOT-2632,LOT-1078,,829,77,2475,4811,2143,Gamma,2023-08-05,,,Standard,,,,,,,,,,2024-05-16,,,,,,LOT-5559,,,659,,147,,Reviewed performance and gathered feedback.
100511,Relay User,100920,liam.calder@examplecorp.test,Yara Haddad,2025-12-11 22:21:00,marco.garcia@demomail.test,Chen Dorsey,2024-05-31 00:15:00,Gamma,Quinn Okafor,2026-04-15 06:48:00,,,,N,REF-5441,7199,Other,5039,6300,5274,TAG-6580,Standard,100103,100293,SKU-6528,3821,,6607,5232,9812,REF-5621,Delta,100749,100573,100617,100782,100110,100479,100172,100254,100750,100704,100585,,100596,,9308,,3164,,,REF-3820,REF-2057,100197,100686,100380,100667,100596,100470,100420,Rahul Haddad,,,,LOT-9707,Rahul H.,Chen Costa,,Placed but Available,LOT-2187,,TAG-7786,TAG-8200,,,Morgan Larsson,Standard,jamie.dorsey@demomail.test,Director,Contractor,Delta Systems Co,Senior,Noah Vance,Male,LOT-4650,TAG-7632,3775,Y,LOT-1423,Elena Reyes,Liam Calder,,,"249,423",Atlanta,United Kingdom,Delta,Gamma,,1240,chen.costa@examplecorp.test,Rowan Silva,Operations,Jordan Blake,Delta,,SKU-9709,LOT-8882,Scheduled a check-in for the coming month.,,Denver,US Evening,,Financial Analyst,Mei Mercer,REF-1855,,,Standard,LOT-4402,Active,Alpha,,4280,7077,,,6806,6345,1775,Other,3733,,9617,,2023-12-04 14:17:00,1871,7420,Delta,Alpha,Other,LOT-9517,263,8972,1728,7964,7832,Gamma,2023-07-29 14:18:00,6938,2335,Delta,Other,Delta,TAG-7300,6045,1827,9272,6354,7812,Delta,,,,,,,,,,,,,,2022-12-23,9724,,Alpha,TAG-1853,TAG-1688,TAG-9626,594,4051,,4139,3518,Beta,2025-03-15,,9330,,,,,,,,,,,2022-12-05,,7429,Gamma,SKU-3554,SKU-9946,,983,8064,3812,2547,,Other,Aligned on billing and renewal terms.
100552,Relay User,100922,elena.okafor@sampleco.test,Mei Sloan,2026-05-24 05:24:00,rowan.brooks@acme-fake.test,Rahul Haddad,2026-02-20 23:00:00,Alpha,Quinn Mercer,2026-03-26 04:12:00,,,,N,REF-2163,8867,Standard,1194,46,1582,REF-1221,Alpha,100523,100734,REF-6688,5041,Other,9978,,9058,TAG-3522,Alpha,100424,100760,100348,100742,100738,100389,,100456,,100763,100348,100128,100136,LOT-4773,,,,,,,SKU-5234,100607,100302,,,100356,100485,100305,Rowan Ashby,,,Reese Ashby,SKU-2375,Rowan A.,Morgan Cohen,,Placed,LOT-2500,,LOT-5148,TAG-6207,Other,,Jordan Cohen,Standard,skyler.calder@sampleco.test,Manager,Part-Time,Redwood Robotics Co,Junior,Sofia Nguyen,Prefer not to say,REF-7665,REF-8213,4739,Y,LOT-1855,Mei Silva,Priya Sloan,,Elena Garcia,,Chicago,Mexico,Beta,Beta,Reviewed performance and gathered feedback.,8088,morgan.cohen@sampleco.test,Rowan Kim,Accounting,Fatima Larsson,Delta,,SKU-4895,SKU-9754,Discussed timeline and next steps with the account.,,Chicago,US Day,Delta,Accountant,Drew Vance,,Relocation,,Gamma,TAG-1847,Inactive,Standard,Shared the updated proposal for review.,,,,Delta,856,1448,3703,Beta,1169,9216,9512,Standard,2024-12-19 13:42:00,4353,2982,Gamma,Standard,Standard,TAG-1673,7468,3339,423,3769,9363,Gamma,2023-07-03 08:16:00,6271,1873,Gamma,Standard,Alpha,LOT-1212,210,2899,1949,1531,5191,Delta,,,,,,,,,,,,,,2024-08-13,6393,1538,Gamma,LOT-8292,REF-4349,,6761,8124,7798,4408,9569,Beta,2023-06-17,,,,,,,,,,,,,2023-01-08,,,,,LOT-3968,,5231,364,,2883,6205,,Shared the updated proposal for review.
100705,Relay User,100925,sofia.costa@acme-fake.test,Alex Whitfield,2024-11-29 17:04:00,mei.mensah@demomail.test,Yara Cohen,2025-12-08 19:56:00,Alpha,Nina Larsson,2023-10-22 21:50:00,,,,N,SKU-6626,9677,Delta,5451,2697,7182,TAG-3665,Delta,100382,100579,SKU-5218,1787,Alpha,2759,,,SKU-1782,,100216,100041,100765,100469,100046,100467,100366,100123,100755,,100370,100777,100736,,1371,,8343,,,,,100634,100796,100770,100288,100184,,100723,Quinn Reyes,TAG-3474,,Mei Mercer,SKU-6221,Quinn R.,Quinn Patel,SKU-6592,Placed,SKU-9880,LOT-9425,,LOT-6223,Delta,,Skyler Rossi,Alpha,casey.ivanov@sampleco.test,Director,Intern,Keystone Analytics Group,Mid-Level,Rowan Ivanov,Female,REF-3373,TAG-3343,,N,TAG-1746,Diego Whitfield,Alex Costa,SKU-2630,Liam Nguyen,"244,646",Denver,Canada,Beta,,,6780,arjun.nguyen@demomail.test,Riley Kim,Customer Support,,Standard,,REF-7540,TAG-5498,,,Chicago,Flexible,Delta,Operations Associate,Arjun Ivanov,TAG-6161,,,Delta,TAG-5478,Active,Gamma,,,,3152,,9006,7684,5523,Alpha,5897,,8620,Alpha,2025-12-02 18:46:00,1026,762,Gamma,Other,Delta,SKU-6448,947,5879,4684,7017,8347,Gamma,2026-04-16 14:05:00,8197,4782,Gamma,Other,Gamma,REF-6010,3735,7800,3533,417,8807,Standard,,,,,,,,,,,,,,2023-10-09,,4883,Delta,,REF-5003,SKU-5684,4326,9135,5074,1196,7234,Other,2024-03-05,,,,,,,,,,,,,2026-02-27,,,Other,REF-1465,TAG-6141,,,2633,2531,,,,Resolved the outstanding question about scope.
100281,Relay User,100927,sofia.dorsey@examplecorp.test,Drew Ashby,2023-12-23 09:43:00,chen.okafor@demomail.test,Mei Mercer,2024-09-23 09:51:00,Beta,Fatima Sato,2023-11-08 00:51:00,,,,Y,TAG-7578,8424,Alpha,6136,3843,1673,SKU-5363,Standard,100628,100555,TAG-5059,8491,Delta,6961,5273,4692,,Gamma,100800,100690,100275,100305,100632,100684,100111,100188,100189,100535,100106,100628,100215,,,,1874,,,LOT-5774,LOT-5660,100440,100579,100559,,100742,100016,100041,Alex Ivanov,,,Casey Haddad,SKU-4749,Alex I.,Reese Haddad,,Placed,TAG-7332,,,REF-1739,,,Alex Reyes,Standard,riley.garcia@demomail.test,Director,Full-Time,Harbor Capital Ltd,Mid-Level,Fatima Larsson,Non-binary,TAG-8433,TAG-5626,2497,N,,Elena Sloan,Yara Nguyen,,Sofia Garcia,,Dallas,Mexico,Alpha,Alpha,Aligned on billing and renewal terms.,7949,quinn.reyes@acme-fake.test,Casey Calder,Data & Analytics,Elena Ford,Alpha,,LOT-8457,TAG-9427,Followed up on the open items from last week.,,Phoenix,US Night,Other,Support Specialist,Skyler Mercer,,,,Standard,TAG-3230,Active,Other,Noted a concern to revisit at the next sync.,,,6231,Delta,947,4276,2471,Delta,4133,2169,3449,Other,2025-05-15 05:35:00,7374,3353,Alpha,Alpha,Gamma,TAG-9216,3776,6473,6207,5390,7622,Beta,2024-12-02 10:00:00,2159,7918,Standard,Alpha,Other,TAG-8978,6335,7075,5773,3973,2890,Other,,,,,,,,,,,,,,2023-10-08,6130,9968,,TAG-9470,SKU-8002,REF-8449,8646,8209,,8490,,Delta,2023-12-02,,,,,,,,,,,,,2025-07-05,,4711,,,SKU-5277,,,,,,2070,,Discussed timeline and next steps with the account.
100290,Relay User,100930,rahul.sloan@sampleco.test,Aisha Blake,2023-11-03 13:45:00,morgan.sato@demomail.test,Arjun Cohen,2025-06-07 22:16:00,Standard,,2023-04-20 18:43:00,,,,Y,LOT-6177,5195,Gamma,5569,6798,2076,LOT-7263,Standard,100254,100101,LOT-7504,8641,Beta,440,206,3033,SKU-6261,,100520,100588,100156,100333,100282,100722,,100613,100479,100173,100113,100535,100351,,,,7344,5242,,,,100705,100336,100242,100642,100017,,100083,Alex Mensah,,,Sofia Mercer,SKU-9497,Alex M.,Priya Okafor,,Placed but Available,REF-6893,TAG-6035,SKU-9472,LOT-8438,,,Sofia Nguyen,Beta,fatima.garcia@acme-fake.test,Individual Contributor,Contractor,Redwood Ventures Co,Entry,Chen Whitfield,Non-binary,REF-9617,TAG-4212,3707,N,,Quinn Nguyen,Omar Kim,,Priya Larsson,"243,423",Chicago,United Kingdom,Delta,Beta,,3228,nina.kim@sampleco.test,Mei Patel,Software Engineering,,Alpha,,SKU-7930,,,,Dallas,US Day,Standard,Financial Analyst,Arjun Dorsey,,,,Other,SKU-2926,Active,Delta,,1885,,,Other,1019,6897,3980,Alpha,377,1178,8536,Standard,2025-11-19 01:08:00,6833,9219,Standard,Beta,Delta,LOT-1689,8862,7427,7403,1604,9383,Standard,2025-06-30 01:03:00,5223,1760,Gamma,Delta,Other,TAG-6610,9796,1117,2522,6273,6374,Alpha,,,,,,,,,,,,,,2023-12-06,3144,,Standard,,REF-1000,,7910,5557,3587,7976,9086,Delta,2025-10-18,,,,,,,,,,,,,2024-10-21,9684,991,,,REF-5616,,,,,,,,Reviewed performance and gathered feedback.
100735,Relay User,100931,marco.sato@sampleco.test,Yara Garcia,2023-05-04 03:11:00,rahul.nguyen@sampleco.test,Sofia Rossi,2025-04-06 16:00:00,Delta,,2023-12-02 20:52:00,,,,N,LOT-8140,4488,Other,1180,4093,5251,TAG-8417,Gamma,100383,100696,LOT-4586,1160,Alpha,9845,,9493,,,100765,100410,100239,100565,100178,100497,100037,100527,,100190,100290,100090,100104,,,,1755,1878,,LOT-3743,,100178,100331,100005,,,,100470,Morgan Sloan,,,Reese Blake,LOT-2050,Morgan S.,Reese Sloan,,N/A,LOT-1955,,REF-3205,REF-4638,,,Liam Mensah,Alpha,nina.reyes@sampleco.test,Team Lead,Part-Time,Everest Holdings Group,Entry,Aisha Reyes,Male,REF-5376,TAG-8057,3514,N,LOT-8430,Priya Sloan,Elena Mensah,,Marco Kim,,Denver,India,Delta,Other,Reviewed performance and gathered feedback.,1054,fatima.sloan@demomail.test,Nina Okafor,Human Resources,Diego Brooks,Delta,,REF-5594,,,Noted a concern to revisit at the next sync.,Phoenix,US Day,Delta,Payroll Specialist,Taylor Costa,SKU-5526,,,Gamma,TAG-9532,Active,Other,Aligned on billing and renewal terms.,,9981,,Standard,8277,2380,1139,Delta,4517,9382,1308,Standard,2026-02-05 01:01:00,7041,6088,Other,Beta,Gamma,TAG-1417,538,6179,131,2987,645,Gamma,2026-01-07 16:53:00,5962,4682,Gamma,Beta,Delta,SKU-7813,7973,4449,8654,1198,6041,Standard,,,,,,,,,,,,,,2024-03-03,8540,8321,Other,,,LOT-3381,2787,9469,4569,4023,7082,Delta,2026-01-05,,,,,,,,,,,,,2025-03-16,,,Other,,,,,,,801,1387,,Resolved the outstanding question about scope.
100280,Relay User,100933,sofia.garcia@acme-fake.test,Riley Garcia,2025-08-16 03:59:00,rahul.mensah@sampleco.test,Avery Kim,2024-11-13 04:38:00,Beta,Elena Whitfield,2025-01-12 00:40:00,,,,N,LOT-2968,8188,Gamma,6340,7895,5406,LOT-5854,Standard,100209,100101,LOT-8426,7869,,7631,9564,2597,SKU-3783,Gamma,100798,100597,100030,100538,100173,100119,,100628,100755,100789,100511,100309,100265,,1571,Other,4409,3640,2985,,TAG-7086,,100551,100322,100171,100008,,100293,Yara Ivanov,,,Jordan Sloan,TAG-5192,Yara I.,Fatima Patel,,Available,SKU-6543,REF-3253,,TAG-6739,Delta,,Rahul Whitfield,Other,aisha.ford@acme-fake.test,Manager,Full-Time,Atlas Manufacturing Ltd,Mid-Level,Arjun Nguyen,Male,REF-4521,REF-4693,,Y,SKU-5252,Aisha Patel,Rahul Whitfield,,Jamie Ford,,Denver,United Kingdom,Delta,Delta,,3227,elena.silva@demomail.test,Jordan Rossi,Software Engineering,,Other,,SKU-3366,,,Reviewed performance and gathered feedback.,Dallas,Flexible,Beta,Financial Analyst,Omar Silva,SKU-9715,,,Other,SKU-4132,Active,Delta,Shared the updated proposal for review.,,,,,2697,9296,9009,Beta,,9990,,,2023-06-08 07:07:00,6461,6119,Gamma,Gamma,Delta,SKU-4251,6203,1069,1076,9606,2853,Gamma,2025-12-05 22:34:00,6127,8866,Other,Gamma,Beta,REF-3545,8065,9896,1311,3837,8205,Standard,,,,,,,,,,,,,,2022-12-15,1337,3370,Alpha,TAG-3860,TAG-1979,,1553,8050,6217,366,,,2023-11-16,,,,,,,,,,,,,2024-11-10,4000,247,,SKU-1241,TAG-7863,,7928,,8704,2293,,Gamma,Scheduled a check-in for the coming month.
100771,Relay User,100936,taylor.kim@sampleco.test,Avery Larsson,2025-07-11 02:26:00,casey.haddad@demomail.test,Fatima Cohen,2024-02-07 23:21:00,Delta,,2022-12-25 11:03:00,,,,N,REF-7832,4412,Alpha,5482,8265,6392,REF-8760,Delta,100526,100083,SKU-1484,9101,Other,4305,,3230,LOT-3581,Delta,100631,100479,100683,100429,100016,100111,100625,100729,100526,100506,100209,,100094,SKU-3668,,Gamma,,,,,,100342,100496,100481,100517,,,100215,Diego Ivanov,,,Morgan Sloan,REF-6846,Diego I.,Yara Garcia,SKU-3366,Not Available,TAG-5858,,,LOT-3249,,,Sofia Ashby,Gamma,diego.calder@sampleco.test,Individual Contributor,Full-Time,Cardinal Analytics Group,Junior,Morgan Ivanov,Male,REF-3666,LOT-4360,9402,Y,REF-7643,Jamie Larsson,Riley Sloan,SKU-2997,Taylor Rossi,"178,889",Austin,India,Delta,Alpha,,4343,jamie.costa@demomail.test,Noah Cohen,Recruiting,Fatima Nguyen,Standard,,REF-3490,,,Resolved the outstanding question about scope.,Toronto,US Evening,Gamma,QA Engineer,Noah Sloan,,,,Standard,LOT-1911,Active,Standard,,8759,,,,1341,9464,1825,Gamma,,9197,8504,Standard,2024-07-16 05:49:00,8696,9052,Delta,Gamma,Standard,LOT-8883,1735,3204,9247,2200,3789,Gamma,2023-01-01 05:00:00,6412,6196,Beta,Delta,Standard,REF-7403,5999,978,8805,1712,7748,Other,,,,,,,,,,,,,,2026-03-28,,398,Beta,,,REF-4459,8631,3103,,5674,6158,,2026-01-21,,,,,,,,,,,,,2024-12-16,9206,1570,,,,,,,,,5688,Beta,Aligned on billing and renewal terms.
100020,Relay User,100937,casey.patel@demomail.test,Skyler Larsson,2023-10-14 13:16:00,rahul.dorsey@acme-fake.test,Jordan Sloan,2023-07-06 10:42:00,Beta,Yara Vance,2025-11-08 10:05:00,,,,Y,LOT-9068,8810,Gamma,4778,1387,9960,LOT-8562,Gamma,100134,,REF-7420,6186,,5424,326,1145,TAG-1701,Gamma,100563,100746,100037,100702,100738,100309,100037,100738,100552,100729,,100070,100103,LOT-1796,,,,,8756,LOT-6056,,100184,100462,100371,100003,,100243,100291,Marco Garcia,,,Avery Patel,LOT-6228,Marco G.,Alex Dorsey,REF-8583,Placed,,SKU-7640,TAG-3893,TAG-8516,,,Marco Larsson,Beta,mei.ashby@acme-fake.test,Manager,Intern,Blue Ridge Energy LLC,Senior,Riley Blake,Female,TAG-1330,SKU-3792,,Y,REF-9233,Sofia Silva,Jamie Silva,,Arjun Cohen,,Dallas,Australia,,Other,,9164,skyler.vance@examplecorp.test,Liam Sato,Sales,Marco Reyes,Delta,,SKU-6927,,Noted a concern to revisit at the next sync.,Shared the updated proposal for review.,Mumbai,US Day,Other,Accountant,Marco Rossi,,,,Delta,TAG-8184,Active,Gamma,Discussed timeline and next steps with the account.,,,,Beta,9287,5945,9643,Standard,5922,295,1194,Standard,2022-10-29 02:50:00,3070,2432,Other,Beta,Delta,REF-2917,2064,982,4530,8253,4847,Gamma,2022-10-16 00:37:00,8091,5117,Standard,Delta,Standard,LOT-5812,5889,5330,729,5105,2529,Other,,,,,,,,,,,,,,2024-08-14,1367,1515,Delta,,,,,7729,3522,4319,935,Other,2022-11-20,1033,,,,,,,,,,,,2023-04-13,,,,REF-6946,LOT-9485,,,3230,7398,4898,,,Aligned on billing and renewal terms.
100744,Relay User,100940,arjun.okafor@demomail.test,Arjun Mensah,2024-02-20 06:05:00,chen.costa@sampleco.test,Quinn Sato,2025-11-14 23:53:00,,Alex Okafor,2025-06-10 03:14:00,,,,Y,LOT-9509,7576,Gamma,7028,2627,9620,LOT-6172,Gamma,,100481,REF-4531,4743,Delta,6954,8128,,,,100395,100726,100574,100569,100503,100293,,100391,,,100190,100492,100664,,6889,Standard,,,,,,100104,100579,100192,,,,100569,Rowan Silva,,,Avery Costa,REF-9511,Rowan S.,Drew Patel,,Placed,LOT-8356,,SKU-9900,SKU-8939,Alpha,,Marco Mensah,Standard,emerson.brooks@demomail.test,Director,Intern,Granite Media,Senior,Alex Rossi,Non-binary,SKU-6700,SKU-1910,,Y,TAG-1796,Drew Nguyen,Yara Dorsey,,,,Manila,Australia,,Alpha,Resolved the outstanding question about scope.,4683,marco.mensah@acme-fake.test,Noah Calder,Sales,Mei Sato,Other,,TAG-4721,LOT-1460,,,Dallas,Flexible,,Accountant,Alex Mensah,,,,Delta,LOT-5192,Active,Beta,,,5552,,,8403,2542,3008,Alpha,4604,5491,5205,Alpha,2025-05-27 18:50:00,7060,7891,Other,Other,Alpha,SKU-6487,7636,266,8604,3685,8121,Standard,2024-07-20 00:04:00,4701,7404,Alpha,Beta,Standard,REF-5428,734,4747,2141,448,4305,Alpha,,,,,,,,,,,,,,2024-09-22,3982,,Alpha,,LOT-7932,SKU-1666,7021,2553,8504,9921,3390,Beta,2023-07-16,,,,,,,,,,,,,2022-11-30,7465,,,,,TAG-4332,961,,1723,,,,Followed up on the open items from last week.
100786,Relay User,100942,emerson.calder@demomail.test,Nina Cohen,2023-05-29 03:24:00,casey.larsson@demomail.test,Noah Okafor,2025-11-07 06:51:00,Beta,Arjun Calder,2026-04-19 22:09:00,,,,Y,LOT-5100,1655,Alpha,2967,7093,6709,LOT-4727,Beta,100709,100800,,7212,Standard,7982,,8743,,Beta,100803,100223,100310,100690,100672,100103,,100699,,100410,100107,,100746,SKU-8562,,Gamma,,1781,,,SKU-7449,100308,100452,100333,100395,100117,100360,100746,Rahul Mensah,,,Arjun Reyes,SKU-7983,Rahul M.,Drew Reyes,LOT-9796,N/A,TAG-5953,REF-9092,SKU-1871,LOT-6088,Standard,,Elena Kim,Standard,emerson.costa@examplecorp.test,Team Lead,Contractor,Granite Industries Inc,Entry,Quinn Sloan,Non-binary,SKU-6259,REF-2882,6417,Y,,Reese Nguyen,Diego Nguyen,,Sofia Costa,"181,953",Toronto,Germany,Gamma,Other,Followed up on the open items from last week.,,diego.mensah@sampleco.test,Nina Kim,Customer Support,,Standard,,SKU-3510,,Aligned on billing and renewal terms.,,Denver,Flexible,Alpha,Executive Assistant,Aisha Rossi,,Relocation,,Standard,SKU-2771,Inactive,Standard,Discussed timeline and next steps with the account.,,,140,,2583,4409,5556,Gamma,,9263,4808,Standard,2023-02-17 11:31:00,4199,700,Alpha,Beta,Standard,SKU-6962,9943,7227,3758,6436,8799,Alpha,2023-07-01 17:58:00,3302,7308,Standard,Gamma,Standard,REF-6061,1818,958,700,6850,2864,Gamma,,,,,,,,,,,,,,2024-10-24,8385,1881,,SKU-3053,TAG-9356,TAG-7035,,8418,4502,8659,5609,Gamma,2023-05-07,,,,,,,,,,,,,2023-07-12,,,,,,,,2555,,7984,,Delta,Reviewed performance and gathered feedback.
100382,Relay User,100943,sofia.vance@examplecorp.test,Arjun Cohen,2022-10-06 08:11:00,yara.whitfield@sampleco.test,Fatima Ford,2025-05-20 01:56:00,Beta,,2023-10-06 07:13:00,,,,Y,REF-9589,5801,Other,8203,3768,9794,TAG-8086,Alpha,100265,100477,TAG-1730,6557,Alpha,5976,,,LOT-7067,,100339,100122,100169,100517,100473,100418,100339,100625,,100485,,100239,100026,,6955,,,,,SKU-5683,SKU-3122,,100717,100203,,,,100344,Nina Rossi,REF-3341,,,SKU-9991,Nina R.,Avery Sato,,Placed,SKU-9555,,,SKU-4413,,,Alex Ivanov,Alpha,skyler.kim@sampleco.test,Individual Contributor,Full-Time,Cardinal Ventures LLP,Entry,Mei Ivanov,Non-binary,SKU-3359,SKU-9641,5291,Y,REF-4935,Marco Blake,Priya Mercer,,Diego Calder,"244,879",Phoenix,Mexico,,Other,,4201,riley.larsson@examplecorp.test,Arjun Reyes,Marketing,Casey Reyes,Delta,,SKU-6944,,,Noted a concern to revisit at the next sync.,Bengaluru,US Day,Alpha,Recruiter,Priya Nguyen,SKU-5508,,,Gamma,REF-4250,Active,Other,,,763,,,813,3957,8340,Standard,6556,,3190,Delta,2023-02-24 17:37:00,8391,8002,Other,Standard,Gamma,LOT-5347,4973,7666,9152,57,8266,Gamma,2026-04-30 06:22:00,3916,435,Beta,Beta,Delta,SKU-9072,4853,6466,5038,9002,2866,Other,,,,,,,,,,,,,,2023-02-18,5212,3066,Other,,TAG-3633,REF-1475,6042,5393,3410,8136,692,Gamma,2023-04-02,,,,,,,,6750,,,,,2026-06-29,,,,,,TAG-7111,3234,,7182,,2739,,Aligned on billing and renewal terms.
100003,Relay User,100946,alex.costa@sampleco.test,Jamie Ashby,2024-06-02 07:05:00,aisha.haddad@acme-fake.test,Jamie Rossi,2022-12-15 23:36:00,,Marco Haddad,2024-12-10 02:43:00,,,,N,REF-5097,6564,Alpha,1574,8829,9356,LOT-5824,Standard,100679,100758,TAG-7523,5427,Delta,,5355,,REF-5545,,100702,100759,100474,100086,100171,,100799,100113,100741,100731,,100486,,LOT-2408,,,7698,1361,9259,,LOT-9031,100314,100281,100053,100142,100076,100184,100026,Casey Vance,,,Casey Ashby,REF-2867,Casey V.,Jordan Cohen,,Placed but Available,SKU-6017,TAG-3322,,SKU-9857,,,Arjun Nguyen,Delta,nina.whitfield@acme-fake.test,Team Lead,Full-Time,Beacon Manufacturing LLC,Entry,Quinn Mercer,Non-binary,SKU-3225,LOT-4562,,Y,SKU-8382,Chen Mercer,Mei Costa,,Priya Brooks,"156,227",Dallas,Canada,Standard,Other,,8859,arjun.blake@acme-fake.test,Avery Vance,Data & Analytics,Alex Sloan,Standard,,SKU-9666,TAG-1064,,Scheduled a check-in for the coming month.,Austin,Flexible,Gamma,HR Generalist,Aisha Sloan,REF-5644,,,Beta,REF-6537,Active,Beta,,586,,,,3390,1024,1071,Alpha,66,5495,6673,Beta,2026-01-19 17:29:00,2890,8248,Other,Standard,Alpha,LOT-8914,7382,796,9986,3483,5646,Alpha,2024-09-10 10:09:00,1827,5776,Beta,Delta,Standard,REF-6148,7351,5865,36,1376,9371,Other,,,,,,,,,,,,,,2025-05-31,899,3609,Other,REF-7637,REF-7284,TAG-8729,1931,5795,3988,7473,4714,,2024-10-20,,,,,,,,,,,,,2023-07-07,,6160,Standard,,LOT-8995,TAG-9248,,,,,,,Noted a concern to revisit at the next sync.
100177,Relay User,100947,skyler.calder@demomail.test,Avery Vance,2025-04-13 06:55:00,mei.nguyen@demomail.test,Sofia Ashby,2026-01-15 21:10:00,Standard,Elena Garcia,2025-06-04 19:53:00,,,,Y,SKU-3458,1528,Standard,9427,1208,7396,SKU-2737,Beta,100749,100265,REF-5512,,Alpha,1075,,9806,LOT-7050,Other,100062,100400,100009,100351,100269,100106,,100142,100523,100223,,,100597,,,,,,,,,100494,100240,100789,100771,,100432,100516,Arjun Mercer,,,Avery Blake,REF-4673,Arjun M.,Riley Brooks,,Available,,LOT-6623,,TAG-8929,,,Mei Sloan,Other,jordan.mercer@demomail.test,Director,Full-Time,Northwind Capital Corp,Senior,Rowan Nguyen,Male,TAG-3073,TAG-6175,9054,N,,Aisha Ford,Arjun Larsson,SKU-3656,,"210,663",Manila,Philippines,Gamma,Beta,Followed up on the open items from last week.,6169,drew.dorsey@examplecorp.test,Skyler Silva,Data & Analytics,Arjun Rossi,Beta,,SKU-7411,,Scheduled a check-in for the coming month.,,Atlanta,US Night,Alpha,Executive Assistant,Morgan Mensah,TAG-1175,Voluntary Resignation,,Delta,REF-1489,Inactive,Delta,Shared the updated proposal for review.,,,,,4640,8583,9868,Other,5783,8748,6817,Gamma,2025-09-11 16:40:00,4796,5182,Other,Standard,Gamma,TAG-2679,6247,4631,7133,681,7313,Other,2023-09-04 08:02:00,1588,2183,Standard,Other,Beta,REF-6941,4332,229,7205,5972,6505,Gamma,,,,,,,,,,,,,,2025-04-08,6635,2628,,LOT-7271,REF-7744,LOT-8497,3358,2267,8016,1524,1544,Standard,2023-02-06,,,,,,,,,,,,,2023-12-11,1604,,,TAG-2661,LOT-6753,,,,,,,,Discussed timeline and next steps with the account.
100382,Relay User,100948,nina.silva@sampleco.test,Jamie Reyes,2025-03-28 21:44:00,drew.cohen@acme-fake.test,Morgan Cohen,2024-05-04 20:45:00,Alpha,Quinn Patel,2026-03-15 15:59:00,,,,Y,REF-1503,3737,Alpha,744,3216,595,REF-7162,Beta,100457,,,1175,,,4277,5854,LOT-9802,,100185,100443,100030,100708,100277,100742,100591,100631,100383,100245,100178,,,,,,1953,8250,7092,,,100646,100301,100487,100679,,,100443,Aisha Patel,,,Rowan Nguyen,SKU-4721,Aisha P.,Arjun Okafor,,N/A,SKU-1765,REF-2868,LOT-9064,SKU-7946,Alpha,,Marco Whitfield,Alpha,priya.garcia@demomail.test,Individual Contributor,Intern,Copper Partners LLP,Junior,Jordan Dorsey,Female,TAG-4634,LOT-2256,7448,N,,Fatima Larsson,Chen Mercer,SKU-8682,Emerson Blake,"4,761",Mumbai,Australia,Beta,Delta,,,rahul.ashby@examplecorp.test,Jordan Ivanov,Sales,Noah Larsson,Other,,LOT-9287,TAG-3692,,,Denver,Flexible,Standard,Bookkeeper,Diego Patel,REF-1043,,,Gamma,REF-7470,Active,Delta,,,6168,5653,Alpha,2953,7175,4316,Other,1710,,9663,Delta,2025-01-30 00:38:00,3477,3743,Gamma,Standard,Beta,TAG-7870,8099,7355,474,8596,4390,Alpha,2023-11-07 10:04:00,6348,484,Other,Delta,Beta,TAG-4718,203,1989,6165,8577,2072,Beta,,,,,,,,,,,,,,2025-09-02,2473,7463,Beta,,,,7057,3982,,,7366,,2024-10-21,,,,,,,,,,,,,2025-03-25,,3199,,LOT-1897,,,9881,2141,,,768,,Discussed timeline and next steps with the account.
100546,Relay User,100950,emerson.ashby@sampleco.test,Chen Mensah,2022-10-22 07:45:00,alex.haddad@examplecorp.test,Skyler Larsson,2023-08-13 17:53:00,Standard,,2023-03-12 04:40:00,,,,Y,SKU-4543,135,Standard,8383,2871,1246,TAG-3651,Beta,100215,100543,REF-7409,,Other,8931,625,,,,100628,100063,100107,100569,100197,100641,100290,100195,100670,,100568,100513,100603,LOT-5209,2527,,5250,,1862,LOT-8673,,100690,100443,100694,,100206,,100111,Reese Kim,,,Casey Reyes,LOT-1751,Reese K.,Skyler Mercer,,Available,SKU-3720,,REF-3379,SKU-4291,Standard,,Riley Okafor,Delta,alex.brooks@examplecorp.test,Individual Contributor,Part-Time,Ironwood Solutions LLC,Mid-Level,Yara Dorsey,Prefer not to say,REF-3902,REF-6507,8271,Y,LOT-9926,Rahul Okafor,Jamie Rossi,LOT-3365,Chen Mercer,,Atlanta,United States,,Other,,3337,emerson.brooks@sampleco.test,Fatima Vance,Customer Support,,Beta,,LOT-5745,,,,Dallas,US Day,Standard,Payroll Specialist,Arjun Brooks,,,,Delta,SKU-7951,Active,Gamma,,,7099,,,9829,7105,2577,Standard,205,,4173,Delta,2024-02-05 00:48:00,7450,2275,Delta,Alpha,Delta,TAG-9353,8787,5965,2660,4766,2596,Standard,2023-10-05 02:32:00,2755,9348,Delta,Other,Delta,TAG-7435,7614,640,2255,5266,6230,Standard,,,,,,,,,,,,,,2023-07-09,9149,5211,Alpha,SKU-2387,TAG-3725,SKU-7945,,725,4851,2760,7207,Standard,2024-05-05,,,,,,,,,,,,,2025-08-03,7488,,,,,,,,,,,,Noted a concern to revisit at the next sync.
100239,Relay User,100952,taylor.cohen@demomail.test,Alex Whitfield,2023-06-18 16:54:00,jamie.ashby@sampleco.test,Jordan Mensah,2026-04-28 10:29:00,Gamma,Quinn Dorsey,2025-11-10 16:52:00,,,,N,TAG-4974,3293,Gamma,6266,8454,8966,TAG-1954,Delta,100344,100128,SKU-8364,2026,Beta,260,,,LOT-9267,Beta,100520,100494,100156,100627,100523,100310,100588,100323,,,100413,100286,,,2736,,,,,,,100229,100726,100475,,,100374,100215,Jamie Dorsey,,,Avery Patel,REF-5619,Jamie D.,Casey Garcia,,Placed,REF-4867,LOT-4555,LOT-3543,REF-7369,,,Reese Sloan,Other,diego.nguyen@examplecorp.test,Individual Contributor,Part-Time,Northwind Group Group,Lead,Elena Rossi,Non-binary,LOT-3229,REF-4306,2142,N,,Skyler Brooks,Arjun Brooks,,Rowan Blake,"130,019",Bengaluru,Philippines,Beta,Beta,Reviewed performance and gathered feedback.,604,nina.okafor@examplecorp.test,Alex Ashby,Customer Support,,Other,,SKU-2111,,Followed up on the open items from last week.,Followed up on the open items from last week.,Seattle,US Day,Beta,Marketing Coordinator,Liam Costa,,,,Gamma,SKU-9842,Active,Beta,,,,,,6558,4232,593,Alpha,7767,,1948,Alpha,2026-03-04 05:29:00,7823,7278,Standard,Delta,Alpha,LOT-9723,6072,5060,4883,3842,6200,Delta,2024-02-27 01:39:00,8807,5384,Other,Gamma,Beta,REF-6160,7026,5645,4966,2551,6454,Delta,,,,,,,,,,,,,,2026-04-11,,8119,Beta,LOT-4912,TAG-3246,,3043,,9413,7847,3503,Other,2025-11-04,,,,,,,,,,,,,2026-04-06,,,,TAG-7632,REF-6978,LOT-4363,9014,3960,,5843,,,Scheduled a check-in for the coming month.
100420,Relay User,100954,morgan.ivanov@demomail.test,Avery Nguyen,2025-10-22 22:03:00,sofia.rossi@examplecorp.test,Sofia Ford,2025-10-16 06:08:00,Beta,Priya Rossi,2024-08-09 10:43:00,,,,N,REF-4355,3442,Beta,4013,5279,7499,LOT-4863,Gamma,,100275,,9808,Standard,4750,,3316,TAG-7871,Other,100679,100186,100765,100017,100615,100523,100777,100176,100224,100597,,,100348,,,,,,,TAG-9260,,,100308,100305,,,100443,100738,Yara Ford,,,,TAG-3667,Yara F.,Skyler Vance,TAG-3424,Coming Soon,SKU-4428,,,REF-4788,,,Yara Mensah,Gamma,elena.calder@acme-fake.test,Director,Intern,Lakeside Media LLC,Junior,Fatima Whitfield,Female,TAG-8804,REF-9902,7223,N,,Emerson Blake,Reese Reyes,,Morgan Nguyen,"68,649",Toronto,Philippines,Alpha,,Discussed timeline and next steps with the account.,2035,jordan.calder@examplecorp.test,Avery Dorsey,Accounting,Morgan Okafor,Delta,,LOT-7551,,,Reviewed performance and gathered feedback.,Seattle,US Day,Alpha,Bookkeeper,Rahul Ashby,REF-2330,Relocation,,Delta,SKU-6185,Inactive,Alpha,Discussed timeline and next steps with the account.,,613,,,3239,7926,6655,Gamma,4285,,2732,Beta,2024-08-22 08:53:00,5244,2075,Gamma,Gamma,Alpha,SKU-5503,6420,7736,9365,7391,2589,Other,2024-07-15 20:49:00,9998,2731,Delta,Standard,Beta,TAG-5440,9149,7331,2059,8908,4958,Other,,,,,,,,,,,,,,2022-12-24,1682,6933,Other,,SKU-1443,REF-5940,8652,7077,192,1595,8727,Beta,2023-03-11,,,,,,,,,4436,,,,2025-07-04,,,Alpha,TAG-6366,,LOT-7709,,,,2781,,Gamma,Aligned on billing and renewal terms.
100126,Relay User,100956,mei.ashby@sampleco.test,Jamie Sloan,2026-07-23 08:35:00,morgan.garcia@examplecorp.test,Taylor Dorsey,2025-11-25 07:38:00,Other,Diego Nguyen,2024-01-15 03:22:00,,,,Y,REF-9309,7364,Alpha,6581,8783,4485,LOT-7123,Alpha,100182,,,6521,Delta,9081,2367,5464,LOT-8018,Other,100720,100432,100598,100206,100777,100746,,100777,100470,100784,100486,100694,100248,,3041,,,,7655,TAG-2723,SKU-2045,,100037,100654,100134,,,100571,Arjun Whitfield,,,Chen Reyes,LOT-2771,Arjun W.,,LOT-8064,Placed,LOT-8941,LOT-1239,LOT-2513,REF-6583,,,Quinn Vance,Delta,mei.haddad@examplecorp.test,Manager,Full-Time,Meridian Manufacturing Corp,Senior,Alex Ford,Non-binary,REF-3554,LOT-8335,941,N,,Nina Nguyen,Morgan Calder,REF-1083,,,Dallas,United States,Delta,Other,Followed up on the open items from last week.,,omar.calder@sampleco.test,Priya Haddad,Human Resources,Marco Sloan,Standard,,SKU-2685,SKU-8591,,,Chicago,Flexible,Gamma,Marketing Coordinator,Marco Cohen,REF-8372,,,Beta,SKU-8650,Active,Gamma,,6259,,,,5558,2400,3887,Gamma,3148,6407,,Delta,2026-03-21 06:21:00,7520,5013,Other,Gamma,Other,REF-6297,4630,7549,2039,5674,7802,Delta,2025-11-29 17:19:00,2677,7231,Standard,Standard,Alpha,SKU-3705,7952,7873,1184,2558,831,Other,,,,,,,,,,,,,,2025-09-02,4071,8253,,,TAG-8380,SKU-9525,9525,7221,9933,7980,,Gamma,2024-01-11,,,,,,,,,,,,,2025-10-08,,1242,,,,LOT-4525,,5548,,,8699,,Shared the updated proposal for review.
100753,Relay User,100958,drew.blake@sampleco.test,Morgan Rossi,2025-04-15 08:06:00,casey.reyes@examplecorp.test,Jordan Okafor,2023-01-04 04:03:00,,,2023-07-08 02:10:00,,,,Y,TAG-2615,8359,Other,4049,4049,2868,TAG-7613,Standard,100622,100494,,1338,,3493,6638,,TAG-9970,,100429,100120,100620,100115,100800,100622,100041,100765,100486,100576,,,100195,,9105,,,3046,,,,100319,100684,100238,,,100569,100366,Omar Whitfield,,,Rahul Silva,,Omar W.,,,Placed,REF-8995,TAG-6344,LOT-8288,REF-5770,Alpha,,Omar Brooks,Delta,casey.calder@examplecorp.test,Individual Contributor,Contractor,Keystone Partners LLP,Senior,Jamie Ashby,Male,SKU-8888,TAG-5487,8270,Y,,Elena Sato,Diego Nguyen,,Mei Blake,"90,094",Mumbai,Philippines,Alpha,Alpha,,2911,chen.cohen@acme-fake.test,Priya Haddad,Operations,,Beta,,SKU-7443,,,,Seattle,US Night,Beta,Support Specialist,Avery Ivanov,,,,Gamma,LOT-2073,Active,Alpha,,8606,,,,6802,1877,9631,Beta,685,418,9657,Standard,2023-02-18 08:19:00,4943,8537,Beta,Delta,Alpha,LOT-2882,421,8556,9808,9276,447,Delta,2026-02-12 10:26:00,9839,7018,Beta,Standard,Standard,LOT-7898,4707,8603,9140,9722,5891,Alpha,,,,,,,,,,,,,,2025-11-16,,6513,Alpha,,TAG-7406,LOT-5898,6580,79,4843,9190,4491,,2026-06-01,,,,,,,,,,,,,2023-08-09,,,,,,,,,,,,,Discussed timeline and next steps with the account.
100742,Relay User,100961,mei.reyes@examplecorp.test,Skyler Mercer,2022-10-12 13:49:00,taylor.mercer@acme-fake.test,Fatima Garcia,2026-04-12 19:53:00,Alpha,,2023-04-03 04:09:00,,,,N,REF-1387,5570,Other,1544,139,3870,TAG-5906,Standard,,100624,LOT-9046,4199,,,1950,,REF-3701,Gamma,100673,100637,100494,100168,100603,100359,100030,100224,,100503,100624,100709,100694,,,,3036,9172,,REF-7728,LOT-3897,100322,100468,100774,,,100165,100383,Aisha Mercer,,,Reese Rossi,LOT-1820,Aisha M.,,,Placed but Available,REF-9722,,,REF-8718,Delta,,Skyler Sloan,Gamma,drew.whitfield@sampleco.test,Individual Contributor,Full-Time,Silverline Holdings Group,Entry,Rahul Brooks,Female,SKU-7164,REF-7288,,Y,TAG-3521,Riley Nguyen,Rowan Vance,,Quinn Okafor,"177,634",Mumbai,India,,Beta,,8299,riley.blake@demomail.test,Avery Whitfield,Sales,Alex Vance,Beta,,REF-5115,,,,Chicago,US Day,,Customer Success Manager,Chen Kim,,Relocation,,Gamma,TAG-7356,Inactive,Other,,,,5720,Gamma,765,4521,6560,Standard,4738,,8611,Standard,2026-06-22 07:41:00,6116,4761,Other,Alpha,Gamma,LOT-8422,8221,9218,5348,1168,4078,Beta,2025-09-19 19:44:00,96,386,Delta,Alpha,Alpha,LOT-6158,5492,83,7672,8201,7097,Other,,,,,,,,,,,,,,2022-11-24,3645,9480,Beta,SKU-7782,,,,1628,,,8915,Alpha,2024-06-30,,,,,,,,,,,,,2025-08-06,,,,,LOT-5929,,,3918,,,,,Followed up on the open items from last week.
100336,Relay User,100962,rahul.garcia@examplecorp.test,Emerson Reyes,2025-03-01 23:52:00,noah.cohen@demomail.test,Emerson Sloan,2023-11-23 13:14:00,Standard,,2025-02-14 16:47:00,,,,N,LOT-1009,2135,Beta,4937,2592,7803,LOT-1526,Gamma,100340,100574,TAG-5762,3790,Beta,4337,2822,8373,TAG-2208,Other,100708,100492,100308,100615,100403,100269,,100348,100195,100005,,100552,100111,,,,,,,,TAG-7190,100277,100400,100474,100467,,100360,100786,Avery Kim,,,,,Avery K.,,,Not Available,,,TAG-5818,LOT-1871,Delta,,Avery Haddad,Gamma,chen.patel@demomail.test,Manager,Full-Time,Keystone Foods,Senior,Nina Vance,Non-binary,TAG-5529,LOT-3920,4608,N,REF-4294,Sofia Patel,Jordan Calder,,,"15,964",Phoenix,Australia,,Gamma,,,avery.sato@demomail.test,Taylor Sloan,Software Engineering,Yara Blake,Beta,,TAG-7169,,,Scheduled a check-in for the coming month.,Toronto,Flexible,,Accountant,Yara Haddad,,,,Delta,LOT-7470,Active,Gamma,,,180,,,1282,8874,638,Delta,1470,7927,3409,Alpha,2024-01-08 13:50:00,1162,9614,Beta,Standard,Beta,TAG-2735,8704,4393,3728,2075,5814,Standard,2025-06-10 18:46:00,1008,7860,Beta,Alpha,Delta,REF-3670,8295,2443,6263,6058,6495,Gamma,,,,,,,,,,,,,,2026-06-28,,6914,Gamma,,SKU-4039,TAG-2874,2956,1724,3820,3471,,Alpha,2025-11-29,,,,,,,,,,,,,2024-02-21,,388,,,LOT-1332,SKU-7501,,7076,8798,,,,Shared the updated proposal for review.
100624,Relay User,100964,priya.sloan@acme-fake.test,Avery Rossi,2024-12-24 19:33:00,chen.mensah@examplecorp.test,Noah Garcia,2025-12-29 12:34:00,Beta,Casey Ashby,2024-09-19 17:47:00,,,,N,SKU-4776,1388,Standard,7486,2121,1901,REF-6566,Other,100089,100641,REF-6699,4615,Delta,9584,,,LOT-9775,,100731,100457,100190,100475,100765,100477,100041,100314,100015,100352,100789,,100302,,,,,1902,,,LOT-9712,100552,100421,100736,100734,100509,,100031,Arjun Larsson,,,Fatima Sato,LOT-7708,Arjun L.,Priya Sloan,,Placed,SKU-6131,,REF-1517,REF-7063,,,Riley Ivanov,Alpha,chen.mercer@demomail.test,Team Lead,Contractor,Brightpath Health Ltd,Entry,Sofia Rossi,Non-binary,REF-1700,REF-6372,,N,,Jamie Kim,Quinn Blake,TAG-5616,,"40,371",Seattle,Canada,Beta,Delta,Discussed timeline and next steps with the account.,8793,skyler.sloan@acme-fake.test,Liam Haddad,Sales,Noah Okafor,Beta,,SKU-6427,,,,London,Flexible,Alpha,Bookkeeper,Marco Kim,REF-7250,Relocation,Gamma,Standard,LOT-2104,Inactive,Standard,,,,3284,,8286,66,6687,Delta,,8234,1497,Beta,2023-04-30 00:31:00,7410,9442,Alpha,Other,Delta,REF-3475,9129,9689,7650,1291,9398,Gamma,2024-06-29 05:44:00,7737,4623,Delta,Delta,Gamma,LOT-1920,6401,2579,8020,9044,2180,Gamma,,,,,,,,,,,,,,2024-08-14,,7450,Standard,REF-4376,SKU-5150,TAG-4018,1053,,4138,3633,6348,Other,2024-04-18,,,,,,,,2842,,,,,2024-11-22,,,,,,,7664,,257,1008,422,Beta,Aligned on billing and renewal terms.
100220,Relay User,100967,diego.whitfield@acme-fake.test,Riley Haddad,2025-03-23 15:50:00,arjun.kim@sampleco.test,Taylor Nguyen,2024-04-15 17:56:00,Other,,2024-06-08 19:58:00,,,,N,REF-5663,3284,Other,698,605,8136,REF-9035,Standard,100799,100484,,1574,,,3949,2720,LOT-1653,,100319,100800,100482,100763,100165,100479,100646,100705,,100481,100522,,100434,TAG-4796,,Alpha,,,,TAG-9611,,,100692,100368,,100518,,100180,Priya Cohen,,,Noah Brooks,LOT-3522,Priya C.,Avery Costa,REF-7200,Placed,LOT-1659,,REF-3526,LOT-1447,Gamma,,Alex Rossi,Delta,reese.ford@examplecorp.test,Team Lead,Part-Time,Meridian Solutions,Senior,Arjun Sato,Female,LOT-6300,REF-4104,2622,Y,,Drew Sloan,Noah Calder,,Taylor Cohen,,Dallas,Australia,Beta,Beta,Aligned on billing and renewal terms.,1447,chen.brooks@demomail.test,Rahul Reyes,Operations,,Standard,,LOT-3150,,,,London,US Evening,Beta,Operations Associate,Marco Calder,,,,Alpha,REF-7385,Active,Gamma,,,,1573,,7726,244,8839,Gamma,507,2633,7164,Alpha,2025-06-13 00:13:00,5894,5811,Beta,Delta,Beta,REF-2477,1739,8280,5244,9707,1961,Beta,2025-12-03 04:07:00,265,9698,Alpha,Delta,Alpha,REF-2462,859,5868,6109,5141,5939,Delta,,,,,,,,,,,,,,2025-03-14,3236,9545,Delta,TAG-9252,REF-1625,,4033,3377,,8169,5352,Other,2025-09-13,,,,,,,,,,,,,2023-07-05,,2222,Beta,,LOT-6092,,,,,,,,Resolved the outstanding question about scope.
100473,Relay User,100969,arjun.larsson@demomail.test,Emerson Mensah,2023-08-28 04:56:00,diego.nguyen@acme-fake.test,Sofia Haddad,2024-05-21 02:43:00,Alpha,,2023-09-25 11:25:00,,,,N,LOT-4149,6802,Beta,910,88,7138,REF-7927,Other,100309,100313,LOT-3274,,Other,,7731,,TAG-4737,,100601,100291,100610,100298,100295,100506,100511,100165,100490,100712,100368,,100205,,,Other,,,,,,100736,100554,100371,,100470,,100517,Quinn Nguyen,,,Elena Patel,,Quinn N.,,LOT-6635,Not Available,LOT-4673,,TAG-2762,TAG-3401,,,Noah Brooks,Gamma,fatima.calder@sampleco.test,Manager,Part-Time,Copper Holdings Corp,Entry,Yara Costa,Prefer not to say,TAG-1362,LOT-7493,4129,N,TAG-8200,Fatima Haddad,Morgan Ashby,TAG-7783,Liam Okafor,,Austin,United Kingdom,Gamma,Delta,Followed up on the open items from last week.,9889,nina.haddad@demomail.test,Fatima Ivanov,Human Resources,Elena Patel,Gamma,,LOT-1463,,,,Seattle,US Night,Other,Financial Analyst,Jamie Vance,,Client Request,,Delta,REF-8930,Inactive,Alpha,,,,9234,Delta,1337,9467,1827,Other,314,7042,6520,Beta,2025-02-27 02:58:00,9714,2019,Other,Beta,Gamma,TAG-5508,3449,8206,8561,9724,5117,Gamma,2023-12-01 20:46:00,6062,6678,Gamma,Alpha,Standard,TAG-8780,1228,1652,1943,4030,9184,Gamma,,,,,,,,,,,,,,2024-04-20,5137,360,Alpha,SKU-5147,TAG-1880,,2596,7573,,5613,7645,Beta,2022-10-12,,,,,,,,,,,,,2024-06-25,,,Standard,,SKU-6596,,,,,,853,,Resolved the outstanding question about scope.
100336,Relay User,100971,casey.silva@acme-fake.test,Quinn Brooks,2026-06-07 01:32:00,liam.calder@sampleco.test,Quinn Patel,2025-11-25 12:49:00,Delta,Priya Vance,2023-08-17 01:02:00,,,,Y,REF-1624,3009,Standard,4649,8398,3341,REF-8761,Standard,100184,100042,REF-1864,437,Delta,,5006,4392,,,100185,100213,100265,100628,100192,100146,,100110,100220,100323,100104,,100767,TAG-3914,6851,Other,7929,,,,,,100143,100329,100477,,100699,100415,Skyler Reyes,,,Mei Brooks,,Skyler R.,Avery Mercer,LOT-4962,N/A,,,,SKU-3101,Gamma,,Noah Mensah,Delta,morgan.cohen@examplecorp.test,Manager,Contractor,Silverline Logistics Ltd,Entry,Liam Larsson,Prefer not to say,SKU-2848,TAG-4872,3347,N,,Mei Garcia,Drew Garcia,,Noah Ivanov,"100,411",Phoenix,Mexico,Other,Standard,,3283,avery.cohen@demomail.test,Aisha Rossi,Human Resources,,Other,,TAG-5034,,,,Seattle,Flexible,Other,Recruiter,Riley Calder,,,,Alpha,SKU-3948,Active,Gamma,,2707,6504,,,5128,270,4027,Alpha,683,,,,2025-09-02 16:20:00,6254,9327,Alpha,Alpha,Beta,SKU-4131,4080,9137,5604,5352,7155,Alpha,2022-11-07 07:24:00,4819,6570,Alpha,Alpha,Other,SKU-5873,5990,1073,8131,2319,1884,Gamma,,,,,,,,,,,,,,2024-11-04,,780,Delta,LOT-3845,TAG-6664,LOT-2764,452,5184,,7492,,Gamma,2026-04-16,,,,,,,,8639,,,,,2024-03-25,,,Alpha,LOT-9904,,SKU-6750,8754,,,6444,4662,,Discussed timeline and next steps with the account.
100185,Relay User,100972,arjun.brooks@demomail.test,Fatima Costa,2023-03-03 14:52:00,quinn.haddad@demomail.test,Skyler Ford,2023-10-31 01:28:00,Gamma,Alex Ivanov,2023-12-25 08:55:00,,,,N,TAG-4313,8397,Standard,2497,9088,9899,TAG-3490,Standard,100799,100579,REF-5996,517,Other,,,4932,,Standard,100200,100574,100625,100551,100254,100473,100285,100066,100569,100370,,100281,100286,REF-5830,5706,,192,2902,,TAG-5529,,100314,100408,100403,100103,100786,100670,100477,Noah Mensah,,,,,Noah M.,,,Coming Soon,SKU-4728,LOT-1230,TAG-1594,LOT-9244,Other,,Riley Larsson,Alpha,elena.dorsey@examplecorp.test,Director,Contractor,Silverline Manufacturing LLP,Senior,Avery Kim,Male,REF-8085,LOT-7231,5790,N,,Fatima Vance,Arjun Sloan,,,"132,838",Seattle,India,Delta,Alpha,,1925,rahul.cohen@acme-fake.test,Morgan Calder,Recruiting,,Standard,,LOT-6160,,,Aligned on billing and renewal terms.,Chicago,US Night,Standard,Financial Analyst,Avery Kim,LOT-3155,,,Delta,TAG-4454,Active,Alpha,Followed up on the open items from last week.,5101,,,,8080,3309,1843,Alpha,,,8171,,2026-01-28 02:48:00,7061,6065,Alpha,Alpha,Alpha,LOT-2733,5418,3151,4110,1776,5360,Gamma,2025-04-19 12:46:00,937,3172,Gamma,Standard,Other,SKU-3467,9333,3092,7606,7192,4616,Standard,,,,,,,,,,,,,,2024-11-11,9710,2229,Beta,LOT-1991,TAG-7714,SKU-3586,2562,6185,6546,,5172,Gamma,2024-06-22,,,,,,,,,,,,,2024-03-03,,,Gamma,TAG-5539,LOT-7240,TAG-6574,8792,,7065,,,,Followed up on the open items from last week.
100223,Relay User,100974,jordan.reyes@examplecorp.test,Omar Ivanov,2026-02-27 00:18:00,noah.dorsey@demomail.test,Noah Garcia,2026-07-27 23:24:00,Standard,Jamie Sloan,2025-11-25 06:59:00,,,,Y,LOT-5915,3064,Alpha,8991,2330,3077,LOT-7860,Gamma,100702,100168,,4410,Standard,3850,6765,2961,LOT-1141,Standard,100212,100479,100323,100573,100128,,100176,100265,100370,100654,,,100136,,,,,,155,REF-6585,,100793,100334,100690,100184,100398,100062,100066,Rahul Nguyen,,,,LOT-4642,Rahul N.,Morgan Ivanov,SKU-1833,Available,SKU-1568,,TAG-9662,SKU-2513,Other,,Taylor Patel,Gamma,emerson.costa@demomail.test,Director,Full-Time,Harbor Networks Corp,Senior,Rowan Mensah,Non-binary,LOT-3364,LOT-1997,7712,N,,Quinn Sato,Noah Garcia,LOT-1670,Noah Sato,,London,Canada,Alpha,Other,,712,omar.haddad@sampleco.test,Arjun Patel,Sales,Taylor Okafor,Beta,Y,SKU-2579,,,,Atlanta,US Evening,Standard,Project Manager,Rowan Calder,REF-7826,,Delta,Delta,REF-7518,Active,Delta,,,,,,5308,6150,9040,Gamma,3148,316,1916,Beta,2023-09-26 14:58:00,6189,5957,Standard,Alpha,Beta,SKU-2409,8762,8306,79,1424,6280,Standard,2026-01-17 02:01:00,7808,2742,Beta,Other,Beta,REF-9499,604,5283,2060,7667,459,Beta,,,,,,,,,,,,,,2025-07-14,8492,247,Other,LOT-6970,LOT-7964,,1250,5919,6628,5987,2546,,2023-02-27,,,,,,,,,,,,,2022-10-05,,,Delta,,SKU-5149,,,2308,,4151,,Alpha,Noted a concern to revisit at the next sync.
100275,Relay User,100977,marco.whitfield@acme-fake.test,Jamie Rossi,2025-06-08 10:48:00,skyler.ivanov@examplecorp.test,Aisha Mercer,2024-05-17 23:20:00,Gamma,,2023-10-19 16:05:00,,,,N,TAG-4971,5771,Gamma,6117,853,8926,TAG-7449,Standard,100142,100282,TAG-1942,,,8885,999,,LOT-5744,,100343,100262,100420,100542,100143,100735,100393,100134,100351,,100546,100617,100334,TAG-2911,4243,Alpha,737,5962,2616,,LOT-5676,100482,100291,100382,100552,100288,100760,100440,Emerson Whitfield,REF-1647,Alex Cohen,Arjun Haddad,REF-1902,Emerson W.,,,Placed,SKU-5028,,,LOT-7715,Standard,,Emerson Rossi,Delta,diego.haddad@acme-fake.test,Director,Intern,Blue Ridge Foods LLP,Senior,Skyler Ford,Male,TAG-1916,LOT-3435,7586,N,,Elena Kim,Quinn Calder,,Alex Mensah,"99,140",Mumbai,United States,Gamma,Alpha,Followed up on the open items from last week.,3384,reese.whitfield@examplecorp.test,Emerson Calder,Recruiting,Jordan Haddad,Standard,,SKU-6646,LOT-1638,,,Mumbai,US Night,Alpha,Marketing Coordinator,Yara Garcia,LOT-9987,,,Standard,SKU-2206,Active,Beta,,7955,,4759,,5021,8987,8811,Gamma,2982,2805,909,,2024-01-16 01:28:00,4902,5320,Delta,Beta,Beta,SKU-5700,6039,7856,5389,9987,7831,Delta,2025-02-22 08:05:00,1701,8012,Standard,Standard,Beta,TAG-1682,5282,236,3000,7056,4941,Delta,,,,,,,,,,,,,,2023-10-13,725,283,Beta,,TAG-3612,SKU-1733,508,,2408,3953,3010,Delta,2024-07-08,,,,,,,,,,,,,2026-03-27,,,,SKU-9574,REF-7191,,,9693,393,8300,2894,Alpha,Aligned on billing and renewal terms.
100418,Relay User,100979,liam.garcia@demomail.test,Fatima Sato,2025-05-07 10:56:00,drew.haddad@acme-fake.test,Arjun Dorsey,2025-08-08 18:49:00,Standard,Noah Sloan,2024-10-30 11:13:00,,,,N,SKU-7662,5271,Alpha,8579,6198,8057,SKU-7841,Beta,100777,100447,SKU-1976,6589,Delta,9600,9972,6299,LOT-6508,Alpha,100610,100015,100243,100638,100301,100672,100185,100345,100796,100688,100720,100200,,,,,212,,,,REF-5983,100240,100227,100645,,100777,,100702,Jordan Rossi,,,Liam Costa,LOT-8687,Jordan R.,,LOT-4479,Not Available,SKU-9063,,,REF-1599,Delta,,Taylor Blake,Gamma,sofia.dorsey@examplecorp.test,Director,Part-Time,Silverline Systems LLC,Mid-Level,Emerson Mercer,Female,SKU-8410,SKU-7207,,N,REF-1599,Nina Cohen,Rahul Cohen,LOT-3051,Reese Okafor,"63,606",Austin,Germany,Standard,Standard,,6255,taylor.vance@acme-fake.test,Fatima Vance,Accounting,Yara Nguyen,Beta,,SKU-3247,,Followed up on the open items from last week.,,Seattle,US Night,Delta,Marketing Coordinator,Jamie Reyes,,,Delta,Delta,REF-1291,Active,Standard,,,,6933,,5382,1737,8031,Other,,8425,1450,Beta,2024-07-25 17:58:00,8983,351,Beta,Alpha,Alpha,TAG-5920,8234,2990,318,5827,6328,Standard,2026-02-14 15:54:00,5674,4291,Standard,Standard,Delta,REF-3704,1684,9872,5119,7024,1550,Gamma,,,,,,,,,,,,,,2024-11-06,7343,9559,Gamma,TAG-1931,,LOT-7913,6158,,1238,4552,6870,,2023-07-27,,,,,,,,,,,,,2024-05-06,,,,SKU-1972,TAG-1871,,,,,,,,Scheduled a check-in for the coming month.
100771,Relay User,100982,priya.vance@acme-fake.test,Morgan Nguyen,2024-07-26 19:51:00,sofia.sloan@sampleco.test,Liam Mensah,2025-09-29 05:30:00,Alpha,,2023-08-15 09:39:00,,,,Y,LOT-3114,79,Delta,870,2302,1615,LOT-3816,Alpha,100470,100094,TAG-4793,9970,,8650,,,,Gamma,100712,100073,100073,100129,100456,100767,,100709,100518,100652,100336,100509,100469,,,,,,,,,100645,100227,100767,100016,,,100799,Omar Nguyen,,,Taylor Larsson,LOT-9345,Omar N.,Nina Garcia,,N/A,SKU-8310,TAG-4171,,REF-2995,Beta,,Morgan Dorsey,Beta,jordan.dorsey@acme-fake.test,Team Lead,Intern,Evergreen Holdings Group,Mid-Level,Morgan Okafor,Prefer not to say,LOT-5517,LOT-4111,5015,Y,,Emerson Okafor,Nina Ivanov,TAG-8492,Omar Dorsey,"81,851",Toronto,India,Gamma,Delta,Discussed timeline and next steps with the account.,4585,rahul.mensah@acme-fake.test,Quinn Patel,Sales,,Beta,,LOT-5373,,,Discussed timeline and next steps with the account.,Seattle,Flexible,Standard,Operations Associate,Casey Okafor,TAG-9271,,,Delta,REF-2200,Active,Other,Scheduled a check-in for the coming month.,,4068,,,8215,3761,1097,Gamma,7783,8486,,Standard,2025-09-17 22:48:00,2747,2239,Beta,Other,Beta,TAG-2343,9470,8235,5655,1854,7737,Delta,2025-03-16 01:33:00,4687,4190,Standard,Beta,Delta,TAG-6913,6318,9708,1167,8570,6078,Gamma,,,,,,,,,,,,,,2023-09-24,4232,8098,Beta,TAG-2171,,REF-8194,,2036,,6208,,Delta,2023-04-23,,,,,,,,,,,,,2024-09-02,,1175,,,,,,1757,9535,,,,Scheduled a check-in for the coming month.
100702,Relay User,100985,rahul.ford@acme-fake.test,Avery Sloan,2026-03-22 06:09:00,chen.kim@demomail.test,Taylor Costa,2024-02-10 07:09:00,Gamma,Chen Ivanov,2026-02-23 07:46:00,,,,N,SKU-5142,1959,Other,696,7394,3844,LOT-6950,Alpha,100272,100527,LOT-3179,,,3500,,6745,SKU-4002,Alpha,100113,100638,100526,100799,100684,100656,100339,100051,100437,100153,100755,100642,100148,,,,,6646,,,LOT-5626,100681,100498,100238,,,,100120,Jamie Larsson,,,,REF-7615,Jamie L.,Sofia Sato,LOT-4584,Placed,TAG-6026,LOT-1430,,SKU-2766,Standard,,Alex Whitfield,Gamma,nina.cohen@sampleco.test,Team Lead,Full-Time,Blue Ridge Manufacturing LLP,Mid-Level,Emerson Cohen,Male,REF-5367,LOT-6178,1594,N,LOT-6904,Fatima Rossi,Emerson Patel,,,"116,465",Denver,United States,Alpha,Alpha,Resolved the outstanding question about scope.,5641,aisha.sloan@demomail.test,Quinn Ashby,Marketing,Riley Costa,Beta,,REF-7869,SKU-5566,,,Chicago,US Day,Beta,Accountant,Diego Reyes,,,,Beta,TAG-2299,Active,Other,,,,,,6655,181,8259,Beta,,751,,Delta,2026-07-08 04:41:00,6104,4688,Standard,Gamma,Other,LOT-8706,783,6060,1093,3228,9818,Gamma,2024-12-22 12:10:00,8615,4601,Beta,Gamma,Other,SKU-6703,9017,4921,1693,6968,7069,Gamma,,,,,,,,,,,,,,2026-06-18,7120,2330,Delta,LOT-7764,LOT-3737,,5560,7706,,9410,5711,,2026-01-14,,,,,,,,,,,,,2024-03-20,1789,,,,,SKU-3792,9037,,,8670,7212,Standard,Discussed timeline and next steps with the account.
100017,Relay User,100986,casey.brooks@sampleco.test,Avery Whitfield,2022-12-05 14:34:00,avery.reyes@sampleco.test,Rowan Calder,2024-08-19 20:19:00,Beta,Rowan Mercer,2023-12-08 14:40:00,,,,N,LOT-4979,4118,Standard,974,5027,4816,SKU-9420,Beta,100091,100597,TAG-5747,6962,,1993,,,LOT-5227,Beta,100610,100058,100715,100353,100034,100139,100141,100670,,100717,100546,100500,100688,,3778,,1317,,,,,100336,100094,100053,100591,,100560,100475,Aisha Costa,,,,LOT-4605,Aisha C.,,,N/A,,,REF-6359,LOT-6386,Gamma,,Mei Okafor,Alpha,quinn.dorsey@sampleco.test,Individual Contributor,Intern,Harbor Labs LLP,Senior,Alex Larsson,Non-binary,REF-9503,REF-9028,8460,N,,Casey Whitfield,Fatima Whitfield,,Liam Whitfield,"17,899",Chicago,United States,Other,Other,,,reese.ford@examplecorp.test,Skyler Costa,Operations,Priya Nguyen,Other,,TAG-1583,SKU-5285,,,Chicago,US Evening,Alpha,Marketing Coordinator,Elena Reyes,REF-9214,,,Alpha,SKU-5705,Active,Gamma,,5631,,6662,Other,8718,935,4502,Gamma,4837,1341,8423,Delta,2025-07-03 23:05:00,8968,2824,Alpha,Other,Standard,SKU-4477,6574,440,7944,3027,123,Delta,2023-08-07 07:53:00,4880,2425,Delta,Beta,Beta,REF-3261,2754,5352,6419,8867,3046,Other,,,,,,,,,,,,,,2026-04-27,,9394,Other,,TAG-2260,REF-1274,2625,6576,,,3766,Gamma,2023-02-23,,,,,,,,,,,,,2025-05-11,,,Gamma,TAG-8910,,,,4371,,6563,1115,,Shared the updated proposal for review.
100123,Relay User,100987,marco.ford@demomail.test,Riley Ashby,2025-08-11 14:21:00,marco.calder@demomail.test,Emerson Ford,2026-03-01 08:51:00,Delta,Quinn Dorsey,2025-02-11 18:14:00,,,,Y,REF-9026,1166,Delta,6405,2891,600,LOT-4926,Beta,100774,100492,,,Other,6434,2195,,REF-2967,Delta,100679,100126,100758,100437,100111,100417,100759,100213,100470,100596,,,100571,LOT-6359,,,3661,557,,TAG-2451,LOT-4532,100356,100058,100185,100026,,100374,100688,Diego Cohen,,,Marco Larsson,LOT-7163,Diego C.,Chen Blake,REF-4482,N/A,TAG-8913,,,SKU-7766,Alpha,,Emerson Larsson,Standard,alex.dorsey@examplecorp.test,Director,Contractor,Delta Financial LLP,Senior,Rowan Vance,Non-binary,SKU-2405,REF-2493,8963,Y,TAG-5034,Sofia Kim,Liam Mercer,SKU-2713,,,Manila,Australia,Alpha,Gamma,,4658,drew.sloan@sampleco.test,Mei Sato,Recruiting,Emerson Brooks,Standard,,TAG-8226,,,,Dallas,US Night,Beta,Customer Success Manager,Morgan Mercer,REF-3584,,,Beta,LOT-3353,Active,Standard,,,198,1839,Standard,8856,1117,763,Other,,3,5577,Gamma,2026-01-07 10:30:00,1558,4455,Alpha,Beta,Alpha,TAG-8283,5934,76,8344,5937,1770,Standard,2023-09-29 19:22:00,5285,4337,Delta,Alpha,Standard,LOT-1173,3095,7888,9451,795,3257,Other,,,,,,,,,,,,,,2023-09-21,,2426,Standard,REF-7633,TAG-9109,LOT-6300,,,3566,8091,581,Beta,2023-01-20,,,,,,,,,,,,,2023-07-31,,,,REF-8585,TAG-9295,,5558,,3579,,,Alpha,Aligned on billing and renewal terms.
100156,Relay User,100988,morgan.vance@sampleco.test,Omar Rossi,2026-04-03 14:17:00,rowan.blake@examplecorp.test,Priya Sato,2025-12-20 21:23:00,Beta,,2026-03-20 06:41:00,,,,Y,LOT-4207,9747,Other,203,2614,3459,SKU-9723,Other,100738,100314,REF-2252,,Delta,1327,9581,6483,,Gamma,100443,100685,100295,100615,100526,100585,100494,100083,,100254,100424,100164,100573,,7722,,3990,,7646,TAG-3965,,100735,100672,,100511,100749,100559,100257,Marco Whitfield,LOT-3919,,Noah Cohen,LOT-4482,Marco W.,Quinn Dorsey,REF-6904,N/A,,,,SKU-9164,,,Nina Nguyen,Standard,arjun.garcia@examplecorp.test,Individual Contributor,Full-Time,Atlas Retail Corp,Lead,Liam Patel,Non-binary,LOT-4823,TAG-9919,1856,Y,REF-3142,Omar Okafor,Chen Cohen,,,906,Manila,Germany,Other,Beta,,3403,arjun.whitfield@sampleco.test,Aisha Brooks,Software Engineering,Sofia Silva,Other,,LOT-7913,SKU-2017,,Followed up on the open items from last week.,Manila,US Night,Other,Payroll Specialist,Jamie Dorsey,REF-5751,,,Alpha,TAG-6355,Active,Alpha,,3286,,288,,7872,9336,2044,Alpha,9288,7023,5461,Other,2025-06-18 08:15:00,6168,5375,Delta,Beta,Delta,TAG-3841,4272,4172,1277,8024,8710,Other,2026-05-06 19:00:00,3037,8688,Beta,Gamma,Beta,TAG-5447,2379,4173,2682,8855,9453,Gamma,,,,,,,,,,,,,,2023-08-11,9355,7704,,LOT-3467,LOT-1943,SKU-4602,4102,5888,,5080,,,2024-03-22,,,,,,,,,,,,,2023-03-09,,2680,,,,,5449,,,9448,2477,,Followed up on the open items from last week.
100158,Relay User,100990,diego.rossi@acme-fake.test,Noah Cohen,2024-09-30 16:00:00,drew.mensah@sampleco.test,Quinn Patel,2024-07-20 15:01:00,,Avery Mercer,2026-01-11 03:20:00,,,,Y,LOT-2632,5519,Beta,3732,1545,8362,SKU-2774,Gamma,100440,100241,TAG-4197,3248,,7100,,5334,TAG-5432,,100223,100106,100332,100070,100658,100597,,100008,,100295,100119,100408,100494,SKU-8819,5694,,,,110,LOT-8241,SKU-7110,100509,100800,100213,100031,,,100468,Avery Patel,,,Liam Ford,LOT-3812,Avery P.,,,Available,REF-6615,REF-8369,,TAG-5393,Standard,,Mei Silva,Gamma,marco.larsson@demomail.test,Manager,Part-Time,Keystone Labs Group,Senior,Sofia Blake,Prefer not to say,TAG-6252,LOT-8090,,N,SKU-2099,Alex Mensah,Nina Garcia,REF-4962,Quinn Mercer,"7,162",Austin,Germany,Standard,Other,,8000,drew.brooks@demomail.test,Drew Patel,Finance,Rowan Mercer,Beta,,LOT-6378,REF-6212,,,London,Flexible,Delta,Financial Analyst,Marco Rossi,TAG-8073,Client Request,,Other,LOT-5754,Inactive,Delta,Scheduled a check-in for the coming month.,,8905,4317,,300,5590,2446,Gamma,4329,,,Other,2025-07-05 05:15:00,5368,4097,Standard,Alpha,Other,LOT-8237,4295,8418,5417,1885,210,Standard,2024-09-20 06:33:00,5382,8313,Gamma,Alpha,Alpha,REF-7905,8117,2826,6950,605,6417,Other,,,,,,,,,,,,,,2023-10-15,7381,8744,Gamma,LOT-3697,TAG-8203,REF-3712,9620,4399,9300,4548,,Alpha,2025-06-11,,,,,,,,,,,,,2025-11-21,,,Beta,TAG-8158,SKU-1387,TAG-9329,,,8779,1,5523,Standard,Followed up on the open items from last week.
100741,Relay User,100993,quinn.blake@demomail.test,Nina Brooks,2025-09-18 06:20:00,alex.blake@sampleco.test,Quinn Silva,2025-02-24 00:10:00,Gamma,,2024-10-20 12:02:00,,,,Y,LOT-5154,9842,Other,7396,6125,5518,SKU-5899,Delta,100281,,REF-5038,8592,Delta,9066,3779,3651,TAG-9097,Beta,100251,100744,100692,100328,100565,100383,,100091,100103,100025,100348,100690,100516,,,,6555,,,SKU-8407,,100146,100786,100506,100789,,100509,100153,Quinn Vance,,,Mei Larsson,SKU-7548,Quinn V.,Omar Haddad,,Not Available,TAG-6427,,,SKU-6487,,,Alex Rossi,Alpha,sofia.reyes@demomail.test,Individual Contributor,Full-Time,Horizon Robotics,Mid-Level,Yara Whitfield,Non-binary,LOT-5232,TAG-7998,,N,,Drew Kim,Chen Sloan,SKU-7397,Priya Whitfield,"17,723",Mumbai,Canada,,Gamma,,6122,yara.blake@examplecorp.test,Skyler Sato,Customer Support,Morgan Blake,Beta,,SKU-3556,,Followed up on the open items from last week.,,Bengaluru,Flexible,Beta,Recruiter,Sofia Calder,,,,Delta,REF-7257,Active,Delta,,4716,,,Beta,3039,7807,9835,Gamma,,182,1102,,2023-12-17 23:38:00,1403,75,Delta,Standard,Delta,SKU-5072,1655,4831,4153,3766,6010,Gamma,2022-11-23 13:12:00,8285,4928,Gamma,Delta,Beta,SKU-5350,5948,7451,172,4381,6682,Delta,,,,,,,,,,,,,,2026-05-17,3182,8431,Beta,TAG-1687,,SKU-6459,4948,5004,749,9972,6559,Other,2025-12-14,,,,,,,,,,,,,2023-02-22,5468,,,SKU-3095,LOT-4987,LOT-1607,7565,,4466,2725,8760,,Scheduled a check-in for the coming month.
100070,Relay User,100994,omar.patel@demomail.test,Omar Garcia,2024-03-06 18:46:00,casey.larsson@sampleco.test,Rowan Cohen,2025-08-11 12:46:00,Other,,2024-08-24 00:05:00,,,,N,SKU-3618,7549,Beta,1524,1074,7483,TAG-7455,Delta,100613,100688,,8831,Beta,3576,3222,7945,,Other,100673,100417,100500,100634,100632,100535,100351,100359,100334,100075,100455,100190,100576,,,,,,,,,100522,100339,100339,100272,100173,100403,100410,Emerson Brooks,,,,TAG-3313,Emerson B.,,,Placed but Available,TAG-2106,,,LOT-6298,Alpha,,Skyler Rossi,Other,sofia.vance@sampleco.test,Team Lead,Full-Time,Copper Analytics Ltd,Lead,Priya Ashby,Female,REF-5490,TAG-7231,2504,N,REF-7973,Skyler Vance,Taylor Ashby,,Morgan Brooks,,London,India,Beta,Standard,,639,chen.kim@examplecorp.test,Riley Sloan,Customer Support,Marco Cohen,Other,,LOT-2787,TAG-3300,,,Chicago,US Evening,Delta,Project Manager,Alex Vance,TAG-3520,,,Standard,LOT-8986,Active,Delta,,,,8079,,2489,8731,566,Alpha,,,,,2023-01-26 23:42:00,46,5065,Alpha,Delta,Beta,TAG-3880,8054,103,49,3378,3974,Alpha,2025-04-24 10:12:00,7486,3942,Gamma,Gamma,Standard,REF-1103,3711,8618,1967,5883,9453,Beta,,,,,,,,,,,,,,2025-10-30,6160,6671,Delta,LOT-6248,SKU-8908,SKU-5467,,8401,5438,5626,,,2023-12-06,,,,,,,,,,,,,2026-06-15,,,Gamma,,TAG-6431,LOT-3287,,,,6412,,Alpha,Noted a concern to revisit at the next sync.
100383,Relay User,100997,jamie.kim@sampleco.test,Reese Ivanov,2024-07-27 17:17:00,nina.whitfield@examplecorp.test,Yara Rossi,2025-02-02 16:11:00,Gamma,,2023-01-29 01:47:00,,,,Y,REF-4706,6978,Standard,2677,9752,4078,REF-7405,Standard,100189,100477,REF-9825,3812,,7930,116,2782,,,100391,100726,100449,100184,100645,100742,100122,100610,100511,100763,100522,100184,100265,LOT-9829,,,,,4031,SKU-3490,SKU-4613,100262,100582,100343,,,,100709,Yara Garcia,,,Jordan Sato,REF-7240,Yara G.,Morgan Rossi,SKU-7556,N/A,LOT-9909,REF-7615,SKU-4113,LOT-1457,Other,,Liam Blake,Gamma,omar.ashby@demomail.test,Team Lead,Contractor,Cobalt Dynamics Corp,Junior,Liam Blake,Non-binary,LOT-5410,TAG-9563,5982,N,REF-6337,Taylor Sloan,Jamie Larsson,TAG-4452,,,Toronto,United States,Gamma,Delta,,9106,marco.vance@examplecorp.test,Avery Costa,Software Engineering,Avery Sato,Alpha,,LOT-5221,,Reviewed performance and gathered feedback.,Discussed timeline and next steps with the account.,Chicago,US Night,Other,Operations Associate,Skyler Silva,,,,Beta,TAG-7744,Active,Delta,,,,,,7888,6510,7613,Alpha,5818,4627,,,2025-01-06 23:08:00,1180,1574,Standard,Beta,Gamma,TAG-7426,6798,4868,8448,3976,7448,Alpha,2025-03-24 10:11:00,3231,6421,Other,Gamma,Other,SKU-2628,9719,9028,9729,5125,2555,Standard,,,,,,,,,,,,,,2022-11-18,4937,9064,,,SKU-3430,SKU-1289,2861,,6808,,2758,Standard,2025-07-28,,,,,,,,,,,,,2024-05-14,,,,,,LOT-8853,1700,1971,8717,,,,Followed up on the open items from last week.
100708,Relay User,100999,chen.sloan@demomail.test,Riley Dorsey,2025-05-07 11:55:00,quinn.brooks@acme-fake.test,Emerson Cohen,2025-08-09 19:51:00,Alpha,Taylor Ashby,2023-10-27 17:47:00,,,,N,SKU-7005,5524,Gamma,2103,9134,4126,LOT-9231,Other,100005,100759,LOT-3947,8337,Other,,,7402,,Beta,100236,100267,100449,100542,100569,100455,,100526,100146,100363,100314,,,,,,,,,,,,100291,100705,,,100477,100030,Priya Garcia,,,Skyler Garcia,TAG-1815,Priya G.,Aisha Brooks,LOT-1846,Available,REF-7908,TAG-6364,REF-2847,TAG-9660,,,Rahul Ashby,Alpha,jamie.sloan@acme-fake.test,Manager,Full-Time,Meridian Health LLC,Senior,Elena Brooks,Non-binary,TAG-3427,REF-1336,4493,N,,Morgan Ford,Liam Okafor,,Aisha Blake,"23,509",Dallas,Philippines,,Beta,,3362,elena.calder@demomail.test,Arjun Reyes,Human Resources,,Delta,,LOT-4549,TAG-5845,,Discussed timeline and next steps with the account.,Dallas,US Evening,Standard,Marketing Coordinator,Elena Dorsey,,Restructuring,Gamma,Gamma,REF-3016,Inactive,Beta,,,,5130,,1685,554,3843,Delta,9532,8720,1945,Other,2024-07-05 05:23:00,5174,9326,Gamma,Alpha,Standard,LOT-8834,7904,7190,3165,3656,2492,Alpha,2025-02-17 18:38:00,87,7026,Gamma,Other,Alpha,REF-1539,147,6225,3922,2494,4087,Alpha,,,,,,,,,,,,,,2025-07-27,7345,8147,,SKU-1217,,REF-3785,,7786,7049,5349,,Standard,2023-09-28,,,,,,,,,,,,,2023-05-17,,8059,Other,TAG-6231,LOT-5455,TAG-2671,,3561,,,,,Resolved the outstanding question about scope.
100696,Relay User,101000,skyler.rossi@sampleco.test,Arjun Sloan,2025-02-14 03:36:00,liam.vance@demomail.test,Nina Blake,2025-03-15 11:49:00,Delta,,2025-11-18 17:25:00,,,,N,LOT-9699,9913,Delta,9797,4894,5465,REF-1412,Gamma,100690,100421,LOT-4021,,Standard,,,6228,LOT-5641,Other,100551,100667,100799,100408,100377,100503,100282,100704,100216,100339,100558,,100208,TAG-9079,,Beta,,,,LOT-5472,,,100780,100400,100473,100800,100734,100229,Avery Costa,,,,REF-6391,Avery C.,,,Placed,REF-3320,REF-1345,TAG-4722,LOT-4549,,,Sofia Silva,Standard,chen.mercer@acme-fake.test,Individual Contributor,Intern,Beacon Retail Ltd,Junior,Taylor Vance,Male,SKU-8850,TAG-5416,5083,Y,TAG-9216,Rahul Costa,Rahul Costa,,,,Atlanta,Mexico,Beta,Alpha,Followed up on the open items from last week.,5149,nina.okafor@sampleco.test,Rahul Okafor,Customer Support,,Beta,,SKU-4971,REF-3297,Noted a concern to revisit at the next sync.,Followed up on the open items from last week.,Mumbai,US Night,Gamma,Recruiter,Jamie Vance,SKU-3749,,,Beta,SKU-8972,Active,Delta,,,,,,423,5406,1125,Alpha,6450,4612,,Alpha,2025-08-22 18:56:00,1886,2845,Delta,Standard,Other,LOT-4547,8142,8768,6013,5149,5296,Standard,2024-06-26 04:37:00,2025,7321,Beta,Beta,Alpha,TAG-3777,8965,3077,5880,2919,5852,Other,,,,,,,,,,,,,,2023-08-22,683,5287,Delta,LOT-7579,,REF-8714,,2124,6872,8567,3363,Standard,2024-06-02,,,,,,,,,,,,,2024-01-19,,2768,Gamma,SKU-6446,,,7959,597,,609,,,Discussed timeline and next steps with the account.
100579,Relay User,101003,jordan.cohen@sampleco.test,Reese Kim,2023-07-15 22:02:00,elena.reyes@examplecorp.test,Arjun Haddad,2023-08-25 23:00:00,Other,,2023-09-19 18:55:00,,,,N,LOT-1216,5748,Beta,6852,7430,5918,TAG-9236,Beta,100759,100044,SKU-5650,9364,Standard,8398,434,6250,REF-8165,,100371,100334,100576,100177,100429,100177,100374,100731,100156,100302,100688,,100646,,,,,,1418,,TAG-9946,100086,100734,100286,,,,100080,Nina Vance,,,,SKU-8661,Nina V.,,,Available,TAG-5854,,,TAG-6708,Standard,,Diego Larsson,Gamma,elena.dorsey@sampleco.test,Director,Part-Time,Northwind Manufacturing Co,Mid-Level,Emerson Garcia,Female,SKU-8872,REF-6433,2689,N,,Noah Calder,Taylor Okafor,,Sofia Whitfield,"211,890",Toronto,United Kingdom,Standard,Other,,605,emerson.brooks@acme-fake.test,Skyler Garcia,Data & Analytics,,Delta,,TAG-7803,LOT-7740,,Resolved the outstanding question about scope.,Manila,US Evening,,Payroll Specialist,Mei Rossi,LOT-6293,Relocation,Alpha,Alpha,SKU-8051,Inactive,Beta,,,,,,8513,3143,1396,Delta,2107,8131,7188,Beta,2026-02-26 08:15:00,9956,6245,Gamma,Gamma,Gamma,REF-4647,8183,6605,910,5599,1388,Delta,2022-12-23 22:18:00,3099,355,Gamma,Alpha,Delta,LOT-8695,9527,7116,3822,4078,1386,Other,,,,,,,,,,,,,,2022-12-21,5980,6373,Standard,SKU-6041,,,1195,5821,2056,1149,3141,Beta,2023-03-29,,,,,,,,,,,,,2023-01-01,,,,,,,,9021,,6567,,,Shared the updated proposal for review.
100717,Relay User,101004,priya.reyes@acme-fake.test,Diego Kim,2024-01-10 04:51:00,chen.okafor@acme-fake.test,Liam Ford,2025-08-29 19:52:00,Standard,Priya Sato,2023-12-11 14:58:00,,,,Y,SKU-8484,3993,Gamma,4045,1393,6334,REF-7237,Standard,100796,100788,,8901,Other,,,2687,REF-2722,Alpha,100464,100310,100044,100236,100699,100286,,100257,100014,100526,100520,100720,100500,,,,,7332,,REF-9310,,100132,100377,100186,100704,,100443,100094,Riley Blake,,,Marco Brooks,LOT-2290,Riley B.,Omar Reyes,,Placed,TAG-1964,,,TAG-6929,Alpha,,Aisha Costa,Other,alex.brooks@examplecorp.test,Team Lead,Contractor,Pioneer Ventures Co,Junior,Marco Vance,Male,SKU-1540,REF-7245,1819,Y,LOT-3969,Marco Ivanov,Marco Okafor,LOT-3587,,"32,673",Denver,United States,Gamma,Delta,,6958,rahul.vance@acme-fake.test,Riley Sloan,Recruiting,Quinn Dorsey,Beta,,LOT-5931,,,Aligned on billing and renewal terms.,Seattle,US Evening,Delta,Data Analyst,Drew Mensah,,,,Delta,REF-8611,Active,Beta,,,,,,5182,940,746,Standard,8414,3939,7241,Gamma,2024-09-08 02:48:00,9994,4382,Gamma,Standard,Other,TAG-7851,3377,4718,8648,7591,3025,Beta,2026-01-19 03:59:00,5878,5794,Beta,Alpha,Gamma,REF-4095,2254,4713,280,2618,1477,Standard,,,,,,,,,,,,,,2024-09-23,8734,4239,Beta,REF-5321,TAG-1696,LOT-3443,517,9602,5794,8901,,,2026-03-27,,,,,,,,,,,,,2022-11-20,,8851,,,,,,,,,,Gamma,Followed up on the open items from last week.
100272,Relay User,101005,aisha.mercer@sampleco.test,Sofia Okafor,2024-02-01 16:11:00,liam.calder@sampleco.test,Sofia Okafor,2023-06-23 01:44:00,Standard,Rahul Haddad,2024-05-18 20:55:00,,,,N,LOT-1633,1861,Beta,9330,7976,8172,TAG-2095,Delta,100565,100792,TAG-2830,3065,,4703,,9413,,Beta,100742,100664,100080,100654,100340,100325,,100474,100551,100645,100359,100503,100190,,5817,,,210,,,REF-9540,100189,100245,100334,100753,100624,100026,100236,Fatima Vance,,,Riley Ford,LOT-1820,Fatima V.,,TAG-5970,Placed,LOT-1280,,LOT-2603,TAG-3766,,,Morgan Ashby,Delta,casey.ford@sampleco.test,Team Lead,Part-Time,Evergreen Analytics Inc,Senior,Elena Reyes,Prefer not to say,TAG-7409,TAG-6854,489,Y,SKU-4361,Quinn Ivanov,Priya Okafor,SKU-1850,Reese Whitfield,"200,766",Atlanta,United States,,Delta,,6308,priya.sato@examplecorp.test,Jordan Larsson,Software Engineering,Elena Reyes,Delta,,LOT-1778,,,,Denver,Flexible,Beta,QA Engineer,Elena Sloan,SKU-9702,Restructuring,,Gamma,SKU-7204,Inactive,Gamma,Followed up on the open items from last week.,3134,4780,,Gamma,7360,3905,6036,Other,2451,,2401,,2022-11-18 12:25:00,5320,1751,Other,Delta,Standard,REF-6238,2131,4682,1508,4468,4687,Alpha,2023-05-15 19:04:00,3838,1605,Gamma,Other,Gamma,SKU-6037,2800,7398,9384,9924,2640,Gamma,,,,,,,,,,,,,,2023-12-12,7054,1684,Beta,TAG-7517,SKU-3165,REF-4347,8840,9982,3197,2689,5773,Standard,2023-04-10,,,,,,,,9559,,,,,2024-11-02,6925,7532,Alpha,,,,,,1546,,3312,,Followed up on the open items from last week.
100456,Relay User,101007,riley.whitfield@demomail.test,Rowan Dorsey,2023-03-12 20:10:00,rahul.larsson@demomail.test,Rahul Sloan,2024-03-25 08:43:00,Standard,Rahul Okafor,2025-05-22 04:28:00,,,,N,SKU-4775,2588,Alpha,5218,7960,9726,REF-4633,Other,100690,100275,LOT-9669,,,8389,334,1111,,Gamma,100784,100738,100115,100429,100588,100792,100596,100516,100744,100345,100522,100568,100016,,5135,Gamma,,6518,900,REF-3106,,100339,100079,100627,,100437,100500,100393,Morgan Calder,,,Reese Brooks,,Morgan C.,Arjun Calder,LOT-5971,Placed,SKU-1674,,,SKU-8429,Gamma,,Liam Ivanov,Beta,marco.blake@examplecorp.test,Manager,Intern,Redwood Solutions Corp,Lead,Arjun Haddad,Male,REF-1200,SKU-5661,8280,N,,Skyler Vance,Jamie Blake,,Chen Calder,"174,143",Denver,Australia,Other,Alpha,,5306,omar.ford@demomail.test,Taylor Blake,Accounting,Yara Silva,Gamma,,REF-3576,SKU-1378,,Shared the updated proposal for review.,Atlanta,Flexible,Gamma,Project Manager,Yara Haddad,SKU-5100,,,Standard,REF-3336,Active,Alpha,,9330,,,,861,6667,4622,Gamma,7001,,3999,Alpha,2026-06-23 13:43:00,757,7257,Beta,Delta,Gamma,LOT-8372,7398,3042,196,926,6556,Gamma,2025-04-27 08:21:00,8863,4105,Other,Standard,Beta,REF-5525,7670,1172,5063,6239,1816,Beta,,,,,,,,,,,,,,2025-05-15,1368,8143,Other,LOT-8871,REF-2460,REF-7424,8444,,,9740,228,Other,2024-02-10,,,,Other,,,,,,,,,2025-05-13,8860,,,,,,,,,1062,2271,,Aligned on billing and renewal terms.
100753,Relay User,101010,rahul.ford@sampleco.test,Chen Rossi,2023-07-12 05:55:00,diego.calder@demomail.test,Sofia Whitfield,2026-07-31 09:54:00,Other,Jamie Larsson,2025-02-18 23:49:00,,,,Y,LOT-7895,4585,Beta,6255,3672,910,LOT-2297,Other,100486,100148,,1942,Alpha,3986,,5901,,Delta,100720,100591,100014,100374,100262,100496,100178,100503,,100789,100473,,100146,,5070,,,,,REF-9999,TAG-5103,100213,100380,100560,100796,100792,,100240,Nina Sloan,,,Taylor Haddad,TAG-1976,Nina S.,Mei Brooks,,N/A,,LOT-3725,,REF-3325,Gamma,,Fatima Ivanov,Other,casey.nguyen@acme-fake.test,Director,Full-Time,Cobalt Textiles LLP,Senior,Avery Reyes,Prefer not to say,LOT-9832,TAG-7029,7064,Y,LOT-4775,Sofia Blake,Riley Silva,,Rahul Mercer,,Atlanta,Germany,Gamma,Gamma,,8208,jordan.sato@examplecorp.test,Rowan Mercer,Accounting,Fatima Sato,Other,,TAG-5051,,,Scheduled a check-in for the coming month.,Phoenix,US Night,Standard,Project Manager,Nina Costa,REF-1536,,,Standard,REF-1836,Active,Gamma,,,,,Beta,2110,8513,5347,Gamma,3311,3091,1234,Standard,2024-11-15 22:31:00,3026,6304,Alpha,Gamma,Standard,SKU-8886,1243,7650,2489,9141,1865,Alpha,2023-08-25 14:53:00,9205,499,Beta,Alpha,Standard,REF-3044,2570,2232,6360,8215,4682,Other,,,,,,,,,,,,,,2025-04-03,7904,,Gamma,REF-7682,LOT-7175,,3808,9963,1466,8145,,Beta,2024-08-12,,,,,,,,,,,,,2023-12-05,2237,,,,,,,,,,5236,,Aligned on billing and renewal terms.
100090,Relay User,101013,emerson.mercer@acme-fake.test,Alex Brooks,2023-11-04 05:14:00,fatima.okafor@sampleco.test,Liam Calder,2024-01-03 05:45:00,Delta,Alex Mercer,2025-07-02 05:27:00,,,,N,TAG-5667,264,Delta,4438,8432,2289,LOT-9245,Beta,100490,100503,SKU-5255,,Standard,377,,7449,LOT-9979,,100559,100322,100400,100771,100445,100148,100301,100477,,100290,100670,100774,100345,,7275,,,,,,REF-3421,100642,100173,100741,,,100518,100008,Fatima Mensah,,,Drew Costa,REF-3535,Fatima M.,Quinn Blake,,N/A,REF-1027,,,SKU-3701,Alpha,,Sofia Larsson,Gamma,elena.sato@sampleco.test,Manager,Intern,Granite Labs Co,Entry,Marco Vance,Female,SKU-1509,TAG-4294,,N,SKU-2242,Noah Patel,Avery Rossi,TAG-6012,Quinn Costa,"165,158",London,United States,Other,,Scheduled a check-in for the coming month.,9322,aisha.ashby@acme-fake.test,Avery Sato,Sales,Elena Larsson,Beta,,LOT-6480,SKU-3011,,Scheduled a check-in for the coming month.,Bengaluru,US Day,Gamma,Project Manager,Alex Cohen,LOT-5462,,,Beta,LOT-4047,Active,Standard,,,,8023,Gamma,4176,3437,7009,Gamma,5212,3866,8478,,2026-03-07 21:12:00,7350,6563,Other,Beta,Standard,SKU-6007,3523,8151,7710,148,1599,Standard,2026-02-07 07:47:00,7285,5267,Gamma,Gamma,Alpha,LOT-6562,5290,9858,2571,9238,8805,Other,,,,,,,,,,,,,,2025-05-26,5776,,Other,LOT-2579,TAG-7071,LOT-2520,200,,3955,,8306,,2026-03-20,,,Beta,,,,,,,,,,2024-07-09,,1852,Beta,,REF-9139,,,,,5519,,Beta,Followed up on the open items from last week.
100342,Relay User,101014,yara.okafor@acme-fake.test,Reese Cohen,2023-10-15 08:14:00,morgan.costa@examplecorp.test,Sofia Cohen,2026-04-24 15:07:00,Delta,,2025-06-28 14:32:00,,,,Y,SKU-6505,721,Delta,6651,2164,3399,TAG-1048,Delta,100073,100522,,9665,Delta,6705,7003,8865,REF-5653,Gamma,100789,100454,100738,100339,100403,100506,100771,100527,,100080,100235,,100164,,16,,5985,,,REF-4518,SKU-6955,100129,100552,100314,,,100645,100523,Chen Haddad,,,Alex Brooks,,Chen H.,,SKU-5046,Placed,LOT-7347,,TAG-9393,LOT-5065,,,Rowan Rossi,Standard,fatima.garcia@examplecorp.test,Manager,Part-Time,Copper Ventures LLP,Senior,Taylor Cohen,Non-binary,LOT-2796,SKU-6489,,Y,,Yara Sato,Sofia Mensah,,Noah Sato,"74,877",London,United Kingdom,Standard,Other,,5845,fatima.cohen@demomail.test,Casey Vance,Accounting,Omar Okafor,Gamma,,SKU-6784,TAG-7754,,,Mumbai,Flexible,Other,Operations Associate,Elena Costa,REF-4448,Restructuring,,Gamma,REF-2679,Inactive,Alpha,,,1685,4229,Standard,7485,996,9529,Alpha,,6808,1414,Delta,2024-09-08 00:13:00,2606,3884,Alpha,Standard,Alpha,LOT-2313,773,4563,638,7938,4597,Beta,2026-07-13 19:14:00,1837,832,Delta,Other,Gamma,LOT-4028,9384,4249,2653,1631,1294,Delta,,,,,,,,,,,,,,2025-04-24,4656,6824,Standard,LOT-2573,REF-3579,,,112,3171,8690,,Alpha,2026-07-30,,,,,,,,,,,,,2023-07-25,,7681,Beta,,,,,,,,,Other,Aligned on billing and renewal terms.
100044,Relay User,101015,casey.patel@sampleco.test,Noah Reyes,2023-01-20 20:31:00,elena.nguyen@sampleco.test,Elena Patel,2024-12-19 07:17:00,Other,Morgan Costa,2026-01-11 15:32:00,,,,Y,REF-9618,4618,Beta,2810,485,3269,REF-2977,Standard,100767,100591,REF-3511,22,,7678,8974,,SKU-5375,Gamma,100631,100771,100656,100282,100788,100224,,100511,,,100744,,100622,REF-1151,5465,,9308,,1684,,,100141,100015,,100107,100526,100532,100223,Rahul Ashby,,,,SKU-5077,Rahul A.,Liam Dorsey,,Not Available,,REF-3086,LOT-8102,LOT-9778,,,Rowan Dorsey,Alpha,riley.sloan@acme-fake.test,Individual Contributor,Part-Time,Atlas Financial Co,Entry,Marco Kim,Prefer not to say,REF-2334,REF-1392,,Y,TAG-1703,Avery Mensah,Chen Larsson,,Morgan Nguyen,,Seattle,Canada,,Gamma,,4998,omar.mercer@sampleco.test,Casey Rossi,Sales,,Beta,,TAG-2932,,,,Bengaluru,Flexible,Standard,Customer Success Manager,Noah Sloan,,,,Delta,SKU-8020,Active,Delta,,,6563,,,4865,2891,6848,Delta,3107,,6230,Gamma,2023-10-30 23:05:00,8989,8933,Standard,Beta,Beta,LOT-3592,2877,2510,1403,7516,4018,Beta,2025-02-11 05:45:00,470,4867,Standard,Beta,Alpha,LOT-6194,8361,7772,2390,2892,4083,Gamma,,,,,,,,,,,,,,2023-02-17,754,,Delta,,LOT-7155,LOT-5473,26,5105,359,8855,1574,Beta,2025-03-21,,,,,,,,,,,,,2024-07-17,,872,,,TAG-8193,,,6158,,,,,Followed up on the open items from last week.
100128,Relay User,101018,chen.blake@demomail.test,Rahul Silva,2024-12-17 06:08:00,priya.costa@acme-fake.test,Marco Haddad,2025-12-02 00:38:00,Delta,,2025-04-02 07:01:00,,,,N,TAG-2762,963,Delta,9606,6898,4543,TAG-7156,Beta,100169,100793,LOT-1875,,Gamma,6728,3706,,SKU-5942,,100227,100076,100165,100403,100750,100604,,100104,100679,100526,100025,100484,100770,,5837,Delta,,,,,,100291,100391,100016,,100729,100638,100034,Reese Brooks,,,,TAG-7027,Reese B.,,,Placed,REF-9242,,,SKU-8880,Beta,,Rahul Whitfield,Delta,reese.ford@examplecorp.test,Director,Full-Time,Redwood Financial Ltd,Lead,Elena Reyes,Male,TAG-9643,TAG-7973,9335,N,,Drew Mensah,Liam Garcia,LOT-6422,Arjun Ashby,"183,880",Phoenix,Mexico,Beta,Delta,,9475,yara.larsson@examplecorp.test,Taylor Larsson,Customer Support,Fatima Calder,Other,,LOT-3619,SKU-2822,Discussed timeline and next steps with the account.,,Seattle,US Day,Standard,Financial Analyst,Fatima Patel,TAG-6920,,,Delta,SKU-2416,Active,Alpha,,,9254,,Delta,2923,518,6265,Alpha,,8211,,,2024-04-30 07:45:00,3228,9770,Other,Beta,Beta,TAG-2559,4230,6148,336,9282,8680,Standard,2026-01-03 20:30:00,2175,2977,Delta,Gamma,Beta,REF-7075,6503,5015,356,8620,5482,Standard,,,,,,,,,,,,,,2025-03-25,3451,1279,Other,,SKU-1800,TAG-3406,2865,,5852,5840,,Delta,2026-01-14,,,,,,,,,,,,,2025-02-08,1336,,,SKU-8933,,,9590,,,4100,,Gamma,Followed up on the open items from last week.
100667,Relay User,101020,yara.silva@examplecorp.test,Riley Blake,2023-02-13 04:12:00,casey.mensah@acme-fake.test,Nina Cohen,2023-03-03 23:47:00,Gamma,,2026-01-05 08:47:00,,,,Y,SKU-9127,5691,Beta,5092,6685,7493,SKU-3687,Alpha,100208,100192,REF-3954,9728,Other,3805,,457,SKU-1781,Delta,100532,100749,100530,100245,100738,100646,100267,100686,,100596,100280,100232,100275,,,,4810,,,,LOT-1842,100479,,,100070,,,100171,Casey Silva,,,Arjun Nguyen,LOT-7240,Casey S.,Liam Larsson,TAG-4258,Placed but Available,REF-1672,REF-4382,,REF-4373,Standard,,Liam Silva,Other,emerson.vance@sampleco.test,Individual Contributor,Part-Time,Northwind Foods Corp,Junior,Marco Patel,Non-binary,SKU-7469,REF-3562,2249,N,TAG-3428,Avery Costa,Jamie Dorsey,,Riley Dorsey,,Toronto,Philippines,,Alpha,,9639,chen.mensah@demomail.test,Priya Nguyen,Sales,,Gamma,,REF-2067,,,Discussed timeline and next steps with the account.,London,US Day,Standard,Marketing Coordinator,Jordan Okafor,TAG-9841,,Delta,Delta,LOT-4449,Active,Gamma,,,,3633,,3803,9976,1370,Other,986,9477,6058,,2023-07-17 23:22:00,4136,7117,Delta,Beta,Standard,TAG-8773,8751,1007,7801,7922,4945,Beta,2023-03-15 10:23:00,5009,135,Standard,Other,Other,REF-8686,7196,5870,6903,8282,7650,Delta,,,,,,,,,,,,,,2026-03-19,8404,1201,Delta,REF-2176,,REF-4602,7852,3482,3060,8077,9839,Other,2024-08-06,,,,,,,,,,,,,2023-10-31,654,2962,,,,SKU-7243,6267,,,,7941,,Followed up on the open items from last week.
100704,Relay User,101021,drew.garcia@examplecorp.test,Priya Kim,2025-12-08 13:02:00,nina.silva@sampleco.test,Mei Vance,2024-07-02 09:34:00,Beta,,2024-08-23 08:06:00,,,,Y,LOT-4896,9754,Gamma,3117,6467,951,LOT-7882,Beta,100720,100511,TAG-8718,,Beta,499,,534,TAG-5866,,100705,100182,100229,100587,100459,100487,100086,100040,,,,100598,100522,,,Alpha,,,,SKU-5279,TAG-1076,100285,100370,100255,100340,100151,,100111,Omar Larsson,,,Skyler Costa,TAG-6034,Omar L.,Morgan Mensah,,Not Available,SKU-7611,,,SKU-5048,Beta,,Quinn Mercer,Delta,rowan.ashby@sampleco.test,Manager,Full-Time,Lakeside Energy Corp,Junior,Drew Costa,Prefer not to say,REF-4212,LOT-4748,,Y,REF-1702,Rahul Mensah,Casey Cohen,,,"32,888",Denver,United Kingdom,Other,Alpha,,,priya.whitfield@sampleco.test,Taylor Dorsey,Data & Analytics,,Beta,,TAG-2575,,,Discussed timeline and next steps with the account.,Mumbai,Flexible,Delta,Project Manager,Jamie Kim,,,,Alpha,SKU-5624,Active,Standard,,,,,,7059,3840,9188,Gamma,230,2471,7745,Beta,2026-03-18 00:08:00,6589,3723,Alpha,Other,Other,LOT-5029,5193,3113,3756,206,2243,Delta,2024-06-12 22:35:00,4289,8239,Gamma,Delta,Delta,SKU-7503,2761,2391,6247,7604,4008,Standard,,,,,,,,,,,,,,2023-11-07,5255,4147,Alpha,LOT-5609,,TAG-8578,8504,4709,,,,,2022-10-18,,,,,,,,,,,,,2026-06-13,626,,Alpha,,,LOT-7851,,942,,,9349,Delta,Reviewed performance and gathered feedback.
100658,Relay User,101024,noah.calder@acme-fake.test,Priya Okafor,2025-07-05 07:08:00,diego.vance@examplecorp.test,Avery Okafor,2024-09-24 05:24:00,Gamma,Mei Ashby,2025-05-21 11:00:00,,,,Y,SKU-5861,1682,Standard,6773,6701,8665,SKU-5731,Other,100136,100313,SKU-2272,2497,Beta,7846,7967,8530,,Gamma,100269,100060,100565,100313,100497,100792,100049,100005,100473,100368,100030,100767,100111,REF-7923,110,Other,1488,,,,,100551,100255,100464,,100420,100468,100281,Rahul Calder,,,Skyler Nguyen,TAG-7596,Rahul C.,,SKU-4932,Placed,SKU-3963,,,REF-6574,Other,,Reese Haddad,Other,liam.mercer@acme-fake.test,Team Lead,Intern,Evergreen Partners Ltd,Senior,Alex Whitfield,Non-binary,REF-8078,LOT-6781,5866,N,,,Omar Patel,,,"202,317",Dallas,India,Gamma,Gamma,,5635,fatima.blake@demomail.test,Rahul Ford,Marketing,,Standard,,REF-4133,,,,Seattle,US Night,Gamma,Data Analyst,Avery Garcia,,,,Beta,SKU-3957,Active,Alpha,,,211,,Other,4822,2019,6790,Other,5604,4119,1663,Other,2023-08-16 01:32:00,6952,9175,Delta,Gamma,Gamma,SKU-8990,5486,6578,3672,4658,1507,Delta,2023-10-22 21:05:00,6031,3573,Other,Delta,Beta,TAG-5568,1543,1729,6129,9830,4690,Beta,,,,,,,,,,,,,,2025-09-22,,3000,Gamma,REF-7323,REF-7804,SKU-6721,3788,9493,1617,7066,,,2025-11-29,,,,,,,,,,,,,2026-06-24,1936,,,TAG-3134,,TAG-2079,,,,4565,1923,Beta,Discussed timeline and next steps with the account.
100712,Relay User,101027,casey.kim@acme-fake.test,Arjun Brooks,2023-08-28 06:29:00,marco.larsson@sampleco.test,Nina Okafor,2025-10-03 05:49:00,Delta,,2024-06-09 16:20:00,,,,N,LOT-2228,8159,Delta,9263,1618,3490,TAG-9172,Gamma,,100799,TAG-8506,4772,Delta,1059,7133,9897,LOT-6338,Other,100720,100656,100217,100080,100309,100437,100128,100513,100215,100789,100280,100603,100593,TAG-7565,,,,3429,,,,100056,100370,100746,100030,100516,,100652,Noah Nguyen,,,,,Noah N.,Taylor Silva,,Placed,LOT-1486,,,LOT-7017,,,Fatima Sloan,Alpha,skyler.mensah@sampleco.test,Team Lead,Contractor,Atlas Partners Ltd,Entry,Reese Costa,Male,TAG-7917,LOT-1930,4917,Y,LOT-3952,Jamie Calder,Sofia Mercer,TAG-2366,,"155,331",Manila,United Kingdom,,Other,Discussed timeline and next steps with the account.,3218,rowan.costa@sampleco.test,Drew Okafor,Marketing,Omar Costa,Gamma,,LOT-5820,TAG-5293,,Noted a concern to revisit at the next sync.,Toronto,US Evening,Standard,Recruiter,Jamie Reyes,,,,Alpha,TAG-1737,Active,Delta,,,5401,6091,,8133,7065,2500,Other,1444,,9871,,2025-06-11 14:01:00,4847,7893,Alpha,Other,Alpha,SKU-7918,9028,1634,2404,2271,2098,Alpha,2023-07-26 19:11:00,9088,4081,Alpha,Beta,Other,LOT-9052,1441,6759,7801,1110,1150,Beta,,,,,,,,,,,,,,2022-10-12,2218,,Standard,TAG-5730,,TAG-1395,4721,6453,,5884,987,Standard,2026-05-18,,,,,,,,,,3320,,,2023-04-16,6128,,,,,TAG-5048,7664,,,274,,,Resolved the outstanding question about scope.
100377,Relay User,101029,diego.rossi@sampleco.test,Rahul Ashby,2025-06-19 23:42:00,fatima.cohen@sampleco.test,Casey Nguyen,2023-10-15 06:56:00,Alpha,Riley Nguyen,2024-02-25 15:45:00,,,,Y,REF-9436,6286,Gamma,1256,1981,1089,REF-4646,Standard,100500,100527,REF-5716,3387,,,8966,3351,,Delta,100559,100309,100151,100709,100083,100520,100389,100573,100738,100699,100482,,100400,REF-5457,,Beta,,,1241,,LOT-1035,100667,100076,100610,100285,,,100576,Avery Costa,,,Elena Reyes,REF-3345,Avery C.,Rowan Ford,,Not Available,REF-7764,TAG-1686,,LOT-9495,,,Rowan Vance,Beta,taylor.silva@acme-fake.test,Team Lead,Part-Time,Harbor Solutions Ltd,Lead,Mei Costa,Male,LOT-8650,SKU-5265,4615,Y,REF-4873,Arjun Calder,Fatima Ivanov,,,"172,444",Mumbai,Canada,Gamma,Delta,Shared the updated proposal for review.,5326,riley.whitfield@demomail.test,Yara Dorsey,Accounting,Riley Reyes,Alpha,,TAG-8391,,,Shared the updated proposal for review.,Austin,US Evening,Gamma,Financial Analyst,Marco Reyes,REF-9999,,,Beta,REF-6617,Active,Standard,Aligned on billing and renewal terms.,1535,,,,9311,4548,474,Alpha,1198,8120,2268,Beta,2023-06-29 11:14:00,4567,6160,Delta,Other,Gamma,REF-1643,4621,553,1792,4040,8014,Other,2024-06-26 01:28:00,2433,6834,Beta,Standard,Gamma,TAG-1152,6177,7976,7146,8563,1998,Other,,,,,,,,,,,,,,2024-01-31,7910,,,,LOT-8721,REF-4272,1046,2199,9532,8350,7513,Delta,2023-10-12,,,,,,,,,,,,,2023-08-23,,3577,Delta,TAG-4270,,,,6963,9294,,9420,,Scheduled a check-in for the coming month.
100171,Relay User,101031,jordan.kim@examplecorp.test,Diego Ashby,2025-10-11 16:03:00,arjun.dorsey@demomail.test,Yara Ivanov,2026-02-23 10:10:00,Standard,Aisha Calder,2023-02-18 01:56:00,,,,N,TAG-9405,940,Other,9007,560,9551,SKU-2257,Beta,100143,100638,REF-7138,,Beta,1115,6404,5345,TAG-7716,Beta,100238,100531,100366,100062,100617,100784,100447,100003,,100063,100073,,100333,,3561,Gamma,,,2462,TAG-6813,,,100454,100073,100793,,100800,100656,Alex Calder,,,Alex Mensah,SKU-5726,Alex C.,Sofia Garcia,,Placed but Available,TAG-2956,,REF-2184,REF-7390,,,Jordan Nguyen,Other,avery.cohen@acme-fake.test,Team Lead,Full-Time,Brightpath Solutions LLP,Entry,Taylor Sato,Non-binary,SKU-4175,TAG-1959,6745,N,,Sofia Garcia,Elena Silva,,,,Denver,Mexico,Gamma,Gamma,Followed up on the open items from last week.,,diego.kim@acme-fake.test,Mei Sato,Recruiting,Rahul Costa,Other,,LOT-7691,LOT-4976,Shared the updated proposal for review.,,Dallas,US Day,Standard,Marketing Coordinator,Emerson Cohen,LOT-3440,Voluntary Resignation,,Gamma,SKU-3358,Inactive,Delta,,,,,Beta,787,5671,203,Beta,7581,,4588,,2025-12-19 09:40:00,9825,3746,Gamma,Alpha,Other,LOT-8791,6352,6203,5933,5269,731,Standard,2026-01-19 03:43:00,9489,820,Gamma,Beta,Delta,LOT-1210,8047,1519,6587,9485,5568,Alpha,,,,,,,,,,,,,,2024-01-29,,3129,,LOT-8186,REF-9572,,5186,12,479,617,1381,Beta,2024-01-26,,,,,,,,,,,,,2025-06-05,,,,,,,,,6774,8854,5889,,Aligned on billing and renewal terms.
100617,Relay User,101032,nina.garcia@sampleco.test,Rowan Blake,2024-06-13 02:56:00,fatima.nguyen@examplecorp.test,Marco Mercer,2026-05-04 03:36:00,Other,Taylor Mercer,2024-08-14 12:30:00,,,,N,SKU-4421,9395,Gamma,9764,8273,9566,TAG-3700,Alpha,100631,100031,SKU-9802,2843,Standard,1825,9291,7958,,Alpha,100585,100403,100359,100309,100443,100388,,100658,100531,100141,100750,,100190,,,,3824,,4425,,TAG-3656,100418,100760,100403,100731,,100741,100126,Riley Ford,,,,REF-9766,Riley F.,Liam Dorsey,,Placed but Available,TAG-2845,REF-3857,,TAG-7736,Standard,,Riley Ford,Beta,sofia.haddad@demomail.test,Individual Contributor,Part-Time,Cardinal Foods Ltd,Entry,Priya Whitfield,Male,TAG-4133,SKU-7005,,N,LOT-1358,Marco Nguyen,Avery Patel,LOT-9355,Omar Ford,"105,709",Atlanta,India,Standard,Alpha,Aligned on billing and renewal terms.,48,alex.ivanov@sampleco.test,Yara Ford,Sales,,Delta,,TAG-7720,,,,Denver,Flexible,Standard,QA Engineer,Diego Ivanov,REF-4154,,Alpha,Gamma,TAG-6657,Active,Delta,,,5729,,,1755,6278,9689,Other,1131,9851,6635,Alpha,2024-07-27 14:45:00,9366,3594,Other,Alpha,Standard,SKU-8359,2626,5612,3501,1728,8254,Beta,2024-10-28 14:42:00,851,8254,Beta,Standard,Alpha,LOT-8063,9066,6312,8918,4493,5250,Alpha,,,,,,,,,,,,,,2025-02-10,5191,2693,Gamma,SKU-3477,SKU-2392,SKU-8127,,8630,4124,8506,616,Delta,2023-08-31,,,,,,,,,,,,,2025-01-30,,,,SKU-5025,,,,,3503,,,,Noted a concern to revisit at the next sync.
100132,Relay User,101035,yara.kim@demomail.test,Avery Mercer,2025-05-01 06:47:00,emerson.larsson@demomail.test,Elena Nguyen,2025-06-25 21:11:00,Beta,Elena Cohen,2024-01-02 15:35:00,,,,Y,SKU-6701,4544,Delta,2554,9452,549,TAG-1610,Beta,100272,100097,REF-1848,,Alpha,,8937,,SKU-5614,,100767,100026,100169,100456,100746,100117,100113,100418,100216,100113,100104,,100371,,,Beta,,9971,9727,,,100652,100417,100156,,,100685,100302,Arjun Reyes,,,Riley Ford,TAG-3108,Arjun R.,Aisha Calder,,N/A,REF-5507,TAG-1606,,TAG-1951,Beta,,Avery Okafor,Other,reese.reyes@demomail.test,Manager,Contractor,Falcon Partners LLP,Entry,Riley Cohen,Female,SKU-8931,REF-3272,4432,N,SKU-5202,Liam Silva,Drew Vance,,,"223,979",Mumbai,Canada,Gamma,Other,Shared the updated proposal for review.,9409,avery.brooks@examplecorp.test,Liam Ashby,Accounting,Reese Sloan,Gamma,,REF-7889,,Scheduled a check-in for the coming month.,,Mumbai,US Evening,Gamma,Software Developer,Reese Silva,,,,Beta,LOT-7447,Active,Standard,,,,4324,,9324,2888,3988,Beta,2413,7159,,,2024-11-18 01:20:00,9831,2208,Gamma,Beta,Gamma,SKU-1536,6407,6515,4078,2737,4742,Delta,2025-04-18 13:27:00,3770,8005,Alpha,Alpha,Gamma,SKU-5144,748,945,1967,2190,3412,Delta,,,,,,,,,,,,,,2025-03-12,2786,9863,Beta,SKU-8730,REF-2839,SKU-1542,2292,7814,,4010,6883,,2024-01-04,,,,,,,,,,,,,2022-12-27,,3743,,TAG-2261,,,783,1767,,6167,,,Noted a concern to revisit at the next sync.
100158,Relay User,101036,priya.reyes@acme-fake.test,Reese Kim,2026-01-02 07:44:00,liam.larsson@acme-fake.test,Mei Garcia,2025-03-09 16:09:00,Other,Jordan Silva,2023-08-03 11:28:00,,,,Y,REF-4769,6399,Standard,3009,2465,1954,SKU-7119,Standard,100200,100750,TAG-8609,,Delta,9904,8009,1126,,Beta,100654,100734,100506,100704,100517,100782,100420,100062,,100516,100328,,100543,LOT-5350,,,,,8826,,,100720,100083,100513,,,100736,100598,Avery Larsson,,,Drew Nguyen,SKU-5906,Avery L.,Casey Sloan,REF-3658,N/A,TAG-7042,,,TAG-1742,,,Alex Dorsey,Alpha,elena.brooks@examplecorp.test,Director,Full-Time,Atlas Foods Inc,Mid-Level,Jordan Costa,Prefer not to say,LOT-1117,TAG-6565,6803,Y,SKU-4519,Marco Garcia,Emerson Ashby,REF-6162,Taylor Sloan,"135,061",Seattle,Philippines,Alpha,Beta,,9303,aisha.mensah@examplecorp.test,Drew Nguyen,Customer Support,Elena Sloan,Delta,,REF-7483,,Noted a concern to revisit at the next sync.,Followed up on the open items from last week.,Manila,US Night,Other,Financial Analyst,Emerson Rossi,SKU-1782,,,Delta,TAG-2793,Active,Standard,,2936,9260,,,3909,8670,5949,Delta,6036,7294,,Delta,2026-02-05 02:59:00,4598,2129,Standard,Standard,Beta,SKU-1962,2925,3106,6771,2684,3447,Delta,2024-10-14 11:25:00,9174,5034,Alpha,Delta,Delta,REF-5970,2845,1315,6699,7176,3639,Beta,,,,,,,,,,,,,,2026-06-30,3273,9888,Delta,REF-1158,,TAG-9844,910,7139,4153,2072,2207,Delta,2024-05-23,,,,,,,,,,,,,2023-03-24,,6603,,,,,3264,,,,2842,,Followed up on the open items from last week.
100242,Relay User,101039,aisha.brooks@sampleco.test,Casey Okafor,2024-01-22 11:50:00,quinn.garcia@examplecorp.test,Yara Rossi,2026-02-06 18:35:00,,Casey Calder,2025-03-16 18:07:00,,,,Y,SKU-9651,7562,Standard,3434,4185,4468,LOT-6411,Gamma,,100722,TAG-4077,,Gamma,1978,2267,7149,SKU-7974,Beta,100223,100209,100298,100420,100420,100498,100726,100195,100044,,100664,100371,100101,SKU-3925,,,626,,4658,,,100352,100641,100037,100280,,100195,100115,Drew Larsson,,,Riley Nguyen,TAG-6702,Drew L.,Fatima Vance,,Available,,,SKU-3845,REF-5639,Gamma,,Fatima Okafor,Other,jordan.kim@sampleco.test,Manager,Part-Time,Redwood Dynamics Group,Mid-Level,Reese Costa,Female,LOT-2871,SKU-1450,672,Y,,Fatima Dorsey,Casey Larsson,,Diego Silva,,Phoenix,United Kingdom,Gamma,Beta,Shared the updated proposal for review.,,taylor.costa@sampleco.test,Morgan Nguyen,Software Engineering,,Delta,,LOT-5209,,,,Bengaluru,US Day,Gamma,Marketing Coordinator,Mei Larsson,SKU-2687,,,Standard,LOT-7468,Active,Delta,,,,,,5987,646,2782,Other,2651,,9184,Beta,2025-03-03 01:20:00,3066,1330,Gamma,Beta,Other,LOT-8816,1894,1425,3369,884,5950,Standard,2024-09-24 04:02:00,3580,9999,Delta,Beta,Alpha,REF-8565,910,9717,1250,6393,2634,Beta,,,,,,,,,,,,,,2024-07-23,2507,,Delta,TAG-9305,,SKU-7044,3034,6428,319,8147,9665,Gamma,2026-04-01,,,,,,,,,,,,,2025-09-29,,,Delta,,,,,242,,8762,3285,,Shared the updated proposal for review.
100209,Relay User,101041,omar.costa@sampleco.test,Drew Blake,2023-09-24 11:25:00,marco.brooks@demomail.test,Riley Ford,2023-08-16 16:42:00,Gamma,Aisha Sloan,2024-08-27 19:15:00,,,,N,LOT-6817,6913,Alpha,6516,7912,7185,LOT-3433,Beta,100356,100686,LOT-2398,,Alpha,4467,8162,,,Gamma,100153,100672,100262,100015,100452,100681,100613,100661,100694,,100395,100723,100658,,,,5405,,,,,100522,100520,100363,100164,,100593,100474,Rowan Reyes,,,Yara Sloan,LOT-1444,Rowan R.,,LOT-5804,N/A,REF-2204,SKU-2681,,REF-7433,Delta,,Riley Whitfield,Other,priya.haddad@demomail.test,Individual Contributor,Part-Time,Copper Robotics Inc,Junior,Emerson Mercer,Non-binary,LOT-3733,REF-7658,8819,Y,LOT-4199,Drew Larsson,Reese Costa,,Marco Okafor,,Denver,United States,Other,Alpha,Resolved the outstanding question about scope.,6213,arjun.ivanov@sampleco.test,Noah Mensah,Operations,Rahul Nguyen,Beta,,REF-7231,TAG-8074,,Scheduled a check-in for the coming month.,Manila,Flexible,Beta,HR Generalist,Chen Blake,LOT-6578,,,Standard,SKU-1249,Active,Other,Followed up on the open items from last week.,,3947,,,6325,1687,4893,Alpha,626,9083,6708,Alpha,2026-06-26 05:52:00,3374,7960,Standard,Alpha,Alpha,LOT-2704,9348,753,1677,7353,2145,Delta,2025-06-07 05:28:00,675,5761,Gamma,Gamma,Alpha,REF-7984,6615,6655,8167,6417,875,Gamma,,,,,,,,,,,,,,2023-07-08,187,256,Other,,LOT-9664,,7810,9345,7733,3488,,Beta,2025-07-08,,,,,,,,,,,,,2024-07-09,9653,,,,,TAG-9387,,,,2473,,Alpha,Aligned on billing and renewal terms.
100161,Relay User,101042,skyler.haddad@acme-fake.test,Jamie Ford,2024-04-25 16:00:00,rowan.ivanov@sampleco.test,Chen Blake,2024-07-07 03:30:00,Other,Mei Blake,2024-01-01 13:28:00,,,,Y,SKU-9084,1936,Beta,3213,497,3721,TAG-1670,Delta,100535,100598,TAG-5546,,,,6233,,REF-8042,Alpha,100053,100069,100280,100023,100117,100359,,100591,,,100213,100462,100591,,3181,,,4190,,,,100377,100642,100325,,,,100786,Rahul Mensah,,,,LOT-8857,Rahul M.,Drew Costa,,N/A,,LOT-2915,,SKU-6767,Standard,,Alex Calder,Delta,elena.silva@examplecorp.test,Director,Part-Time,Cardinal Group Co,Entry,Noah Mercer,Prefer not to say,TAG-5719,TAG-6775,8926,Y,LOT-1314,Chen Rossi,Fatima Blake,,Mei Dorsey,,Toronto,Australia,Standard,Delta,Scheduled a check-in for the coming month.,1655,emerson.rossi@examplecorp.test,Rowan Dorsey,Data & Analytics,Liam Reyes,Delta,,SKU-1586,,,,Dallas,US Night,Alpha,Project Manager,Jordan Sato,,,Delta,Gamma,SKU-4897,Active,Gamma,Resolved the outstanding question about scope.,3252,,,,7021,1002,4151,Other,,,170,Beta,2026-01-09 17:34:00,9294,2723,Other,Standard,Delta,SKU-3203,2535,2903,4905,2026,6194,Gamma,2025-11-21 09:47:00,1241,8828,Alpha,Beta,Standard,TAG-1196,6946,9461,7069,1728,9859,Alpha,,,,,,,,,,,,,,2024-08-18,,5629,Standard,,SKU-9516,TAG-7658,3979,6663,4179,9310,6154,Other,2022-10-19,,,,,,,,,5863,,,,2023-02-12,,156,,,SKU-4188,,1963,5332,,7723,,,Reviewed performance and gathered feedback.
100342,Relay User,101043,arjun.haddad@examplecorp.test,Priya Costa,2024-01-26 10:58:00,riley.kim@examplecorp.test,Jamie Patel,2024-07-29 20:06:00,Standard,,2023-11-14 23:17:00,,,,N,REF-3386,6529,Beta,8577,7172,4275,LOT-9415,Gamma,,100676,TAG-4859,1565,Other,5025,,55,SKU-7492,Alpha,100014,100269,100386,100314,100104,100053,,100582,100111,100593,100239,,100481,LOT-4761,,,,,,,,100302,,100119,,100206,100573,100281,Noah Whitfield,,,Omar Rossi,,Noah W.,Arjun Sloan,,Available,SKU-9346,REF-5060,REF-5383,REF-7554,,,Casey Ivanov,Alpha,rahul.mercer@sampleco.test,Manager,Full-Time,Beacon Holdings Group,Junior,Elena Ivanov,Male,REF-5708,TAG-5071,6371,Y,,Morgan Brooks,Drew Vance,,Avery Okafor,,Seattle,Philippines,Other,Gamma,,8101,skyler.nguyen@demomail.test,Elena Patel,Software Engineering,Liam Sloan,Standard,,SKU-4198,REF-2174,Scheduled a check-in for the coming month.,Aligned on billing and renewal terms.,Seattle,US Day,Beta,Customer Success Manager,Fatima Blake,REF-7914,,,Alpha,SKU-1070,Active,Standard,,,,,,2909,1439,4241,Delta,9618,9129,,Gamma,2026-06-15 17:55:00,3210,7390,Delta,Other,Delta,LOT-1109,3101,3655,4747,5149,2192,Gamma,2025-04-08 00:09:00,3092,7451,Standard,Delta,Other,SKU-4913,621,7354,5925,1760,7430,Delta,,,,,,,,,,,,,,2023-02-25,,1258,,LOT-4431,REF-2694,LOT-9017,4832,6096,8833,,,Standard,2026-01-18,,,,,,,,,,,,,2023-02-09,,,,,LOT-2138,LOT-9770,,7247,5959,8910,,,Reviewed performance and gathered feedback.
100699,Relay User,101044,casey.ford@sampleco.test,Diego Mensah,2024-05-01 22:23:00,aisha.ford@acme-fake.test,Liam Blake,2024-03-01 01:30:00,Other,Morgan Costa,2023-06-15 09:21:00,,,,Y,REF-1192,9309,Standard,7932,3118,3450,REF-9862,Other,100604,100765,TAG-2922,2510,Gamma,,,,TAG-5929,Gamma,100684,100192,100774,100213,100097,100388,100153,100368,100469,,100455,100434,100500,SKU-8519,,,,7701,679,,,100359,100182,100494,100103,100089,,100753,Drew Nguyen,,,Taylor Calder,REF-9581,Drew N.,,SKU-7124,Placed,REF-8792,,,SKU-1016,Standard,,Fatima Ivanov,Other,riley.rossi@sampleco.test,Individual Contributor,Full-Time,Vertex Textiles Group,Senior,Liam Vance,Prefer not to say,TAG-5625,REF-1632,9740,N,LOT-8394,Fatima Sato,Priya Calder,,Rowan Whitfield,"81,563",Bengaluru,United States,Alpha,Alpha,,359,nina.mensah@examplecorp.test,Aisha Calder,Human Resources,Riley Blake,Other,,LOT-1955,TAG-3814,,Resolved the outstanding question about scope.,Seattle,Flexible,,Financial Analyst,Riley Okafor,TAG-3932,,,Other,REF-1405,Active,Beta,,1112,,5459,Standard,3587,4751,9342,Gamma,8317,1885,8275,Alpha,2024-03-18 06:27:00,1308,7698,Alpha,Beta,Beta,TAG-5401,7731,6338,4832,713,4307,Alpha,2026-01-02 04:17:00,3485,7665,Alpha,Alpha,Standard,TAG-4633,3318,3161,3954,5050,5564,Alpha,,,,,,,,,,,,,,2024-06-13,7890,8312,Gamma,REF-2995,SKU-1319,LOT-3599,,1475,9877,3114,724,Other,2023-12-25,,,,,,,,,,,,,2022-11-28,,1438,,TAG-2433,,REF-7962,211,6590,,7969,9396,,Shared the updated proposal for review.
100340,Relay User,101045,liam.whitfield@demomail.test,Jordan Okafor,2024-07-15 04:42:00,chen.reyes@acme-fake.test,Taylor Ford,2026-02-26 08:39:00,Other,,2025-06-08 20:50:00,,,,N,LOT-9367,9282,Delta,6353,9366,5807,LOT-3401,Alpha,100784,100670,,3715,,,9433,2786,,Delta,100506,100535,100516,100332,100546,100340,,100517,,100511,100333,100188,100331,,,,,,,TAG-4626,,100238,100741,100344,100020,100313,100094,100437,Avery Ashby,,,Reese Silva,SKU-7606,Avery A.,Jamie Sato,,Placed,SKU-5242,,SKU-9669,SKU-1912,,,Mei Okafor,Gamma,rowan.ivanov@sampleco.test,Team Lead,Intern,Summit Media Group,Mid-Level,Quinn Haddad,Prefer not to say,SKU-9465,TAG-9373,6114,N,,Yara Okafor,Fatima Nguyen,TAG-8723,Quinn Ford,"84,212",Chicago,India,Gamma,Other,,605,reese.costa@examplecorp.test,Sofia Haddad,Marketing,Riley Mercer,Standard,,TAG-3922,REF-7203,,,Seattle,US Evening,Beta,Software Developer,Jordan Larsson,REF-7735,,,Delta,LOT-4661,Active,Gamma,Discussed timeline and next steps with the account.,,,,Alpha,5368,2745,5075,Other,862,3897,,Standard,2023-04-29 07:41:00,166,5713,Beta,Standard,Beta,SKU-7494,2963,8750,7524,5224,1078,Alpha,2023-01-15 19:27:00,8596,8520,Gamma,Beta,Delta,REF-3999,2052,2180,8755,1987,1089,Standard,,,,,,,,,,,,,,2022-10-04,2407,4748,Other,,LOT-4395,TAG-8994,7031,310,5299,1355,3150,,2024-12-29,,,,,,,,,,,,,2023-08-19,6365,,,,,TAG-1648,,,,834,4124,,Scheduled a check-in for the coming month.
100115,Relay User,101048,taylor.haddad@sampleco.test,Reese Ashby,2025-09-19 17:24:00,skyler.nguyen@acme-fake.test,Jamie Blake,2023-04-03 04:44:00,Beta,,2023-07-30 14:18:00,,,,Y,TAG-8456,2340,Standard,5941,1002,7311,LOT-4020,Other,100632,100257,REF-8649,6279,Alpha,9482,9142,6990,REF-3352,Delta,100705,100509,100447,100449,100656,100240,100696,100692,100479,100129,100513,100080,,LOT-9052,6488,Standard,4418,,,,,100622,100755,100031,,,100539,100459,Chen Ford,,,,LOT-1339,Chen F.,Yara Dorsey,,Coming Soon,,,,SKU-7024,,Gamma,Emerson Rossi,Delta,reese.silva@examplecorp.test,Individual Contributor,Contractor,Cardinal Labs Corp,Senior,Rahul Larsson,Female,TAG-9954,TAG-2144,3110,Y,REF-8258,Mei Sloan,Quinn Silva,,Alex Vance,"248,531",Atlanta,Mexico,,Alpha,Followed up on the open items from last week.,7784,elena.mensah@acme-fake.test,Avery Garcia,Recruiting,,Standard,,REF-1517,,,,Denver,Flexible,Beta,Accountant,Taylor Ashby,,,Standard,Other,REF-4696,Active,Beta,,4222,3544,,,2829,5811,5858,Standard,6997,,,,2023-01-08 16:34:00,6728,3402,Delta,Beta,Gamma,SKU-2570,3479,3980,2959,1679,2118,Beta,2025-03-17 22:32:00,885,3832,Alpha,Gamma,Gamma,LOT-4552,8738,4056,1022,3894,1014,Alpha,,,,,,,,,,,,,,2024-01-22,5111,2474,Standard,,LOT-1667,TAG-4802,2921,3236,2110,2469,3477,Other,2025-06-06,,,,,,,,,,,,,2025-09-10,,1815,,,,,,7168,,,,Standard,Aligned on billing and renewal terms.
100265,Relay User,101049,sofia.garcia@sampleco.test,Fatima Ashby,2024-11-16 19:29:00,jamie.sloan@sampleco.test,Riley Brooks,2023-08-04 14:06:00,Standard,Casey Whitfield,2025-05-27 10:28:00,,,,Y,LOT-6252,6608,Alpha,6450,4907,5812,SKU-2119,Other,100622,100094,LOT-4132,,,968,5060,9811,TAG-3413,,100139,100359,100079,100767,100073,100597,100720,100477,,100134,100467,,100115,,,,7090,,5619,,,100314,100437,100360,100455,,100153,100029,Noah Dorsey,,,Jamie Kim,TAG-1158,Noah D.,Jordan Sato,,Placed,REF-4299,,,REF-2978,,,Omar Sato,Gamma,jamie.vance@demomail.test,Team Lead,Contractor,Summit Retail Group,Lead,Fatima Mensah,Prefer not to say,LOT-6841,LOT-3412,7496,Y,LOT-8726,Casey Garcia,Riley Kim,,Noah Dorsey,"191,424",Atlanta,India,Beta,Alpha,Aligned on billing and renewal terms.,2598,morgan.garcia@acme-fake.test,Diego Whitfield,Human Resources,,Gamma,,LOT-9570,,,Reviewed performance and gathered feedback.,Seattle,US Night,Beta,Accountant,Mei Garcia,,,,Other,SKU-1265,Active,Standard,,,5486,,Alpha,7064,3912,1583,Standard,235,,485,Other,2025-12-08 03:53:00,5153,7217,Beta,Alpha,Other,REF-8504,8435,7956,9978,1637,9670,Beta,2026-04-26 12:24:00,6666,4324,Delta,Other,Other,LOT-7985,4949,9224,586,8273,585,Alpha,,,,,,,,,,,,,,2025-11-27,2946,,,SKU-1156,TAG-4824,SKU-7111,,1940,9633,9184,1233,Standard,2024-09-15,,,,,,,,1474,,,6296,Beta,2025-06-05,9344,,Other,SKU-7465,,,,,5573,313,5301,,Reviewed performance and gathered feedback.
100158,Relay User,101051,yara.reyes@acme-fake.test,Chen Whitfield,2024-06-23 00:53:00,reese.ford@demomail.test,Arjun Sloan,2025-02-28 01:57:00,Standard,Rowan Brooks,2025-05-30 07:49:00,,,,Y,LOT-1753,3058,Delta,8828,6841,8167,LOT-8819,Other,100343,100454,TAG-1261,9099,Other,80,3759,9038,LOT-7847,Gamma,100334,100049,100803,100513,100168,100026,100506,100688,,100153,100189,,100569,,8518,,4388,,630,,TAG-5689,100408,100332,100010,,,100742,100062,Nina Haddad,LOT-7500,,Aisha Nguyen,SKU-9178,Nina H.,Drew Mercer,,Placed but Available,,,,REF-1964,,,Alex Dorsey,Beta,yara.costa@sampleco.test,Director,Part-Time,Meridian Foods LLP,Junior,Rahul Kim,Prefer not to say,REF-3692,REF-7325,3132,N,,Sofia Blake,Aisha Costa,,,,Denver,Canada,,,,4059,omar.dorsey@demomail.test,Sofia Garcia,Human Resources,Fatima Mercer,Standard,,TAG-9734,REF-3988,Noted a concern to revisit at the next sync.,Followed up on the open items from last week.,Atlanta,US Day,Alpha,Project Manager,Rowan Larsson,TAG-1620,,,Delta,LOT-9469,Active,Alpha,Resolved the outstanding question about scope.,6962,9531,,,3892,938,9075,Other,5394,,8179,Alpha,2023-10-29 05:59:00,3031,4506,Standard,Beta,Gamma,SKU-2027,3363,910,7467,1898,8490,Other,2024-01-05 11:48:00,2118,3009,Delta,Other,Beta,LOT-6590,8284,4960,4439,2872,56,Beta,,,,,,,,,,,,,,2025-02-28,2553,6299,Beta,SKU-5898,SKU-3591,SKU-4837,,5365,4475,6108,,Other,2023-04-12,,,,Beta,,,,,,,,,2024-06-14,,3711,,,TAG-9299,,9820,,6341,,,Delta,Reviewed performance and gathered feedback.
100440,Relay User,101054,rowan.ashby@examplecorp.test,Alex Haddad,2024-08-23 21:04:00,taylor.ashby@demomail.test,Jordan Calder,2023-07-10 11:22:00,Alpha,,2023-07-08 00:20:00,,,,Y,REF-1306,89,Gamma,9619,7412,1099,REF-5201,Alpha,100368,100058,,2983,Other,8654,7208,2716,SKU-3261,Standard,100793,100620,100388,100470,100239,,100470,100295,,100180,100646,,100030,,,,,,,SKU-9930,,100344,100049,100627,100551,,100793,100070,Omar Ashby,,Emerson Mercer,Yara Ivanov,TAG-7564,Omar A.,Mei Reyes,,Placed,REF-9130,SKU-5308,,LOT-3510,,,Marco Okafor,Alpha,casey.silva@acme-fake.test,Director,Part-Time,Silverline Foods Ltd,Mid-Level,Taylor Haddad,Prefer not to say,LOT-5092,SKU-7061,3059,N,TAG-6670,Aisha Silva,Morgan Larsson,LOT-5637,Mei Ivanov,"186,046",Bengaluru,Mexico,Beta,Delta,,5844,yara.ashby@demomail.test,Omar Garcia,Software Engineering,,Delta,,LOT-5062,LOT-5023,,Aligned on billing and renewal terms.,Bengaluru,US Day,Beta,Operations Associate,Priya Mercer,TAG-5435,,,Other,TAG-8111,Active,Alpha,,,,,,2959,6903,2791,Beta,9497,,1350,,2025-02-04 19:26:00,4947,8771,Alpha,Beta,Gamma,LOT-7614,9004,3261,8037,2200,1188,Beta,2025-12-24 06:36:00,1863,7116,Beta,Delta,Other,REF-1012,3110,1135,9065,6675,5600,Beta,,,,,,,,,,,,,,2026-07-06,2061,,Other,SKU-7234,SKU-7862,REF-1297,,3519,,7378,5831,Delta,2022-10-12,,,,,,,,,,,,,2025-03-14,,,Alpha,REF-4040,,,,,,,,,Reviewed performance and gathered feedback.
100329,Relay User,101056,diego.dorsey@sampleco.test,Quinn Silva,2025-01-28 08:50:00,aisha.calder@sampleco.test,Sofia Ivanov,2025-09-15 03:08:00,Other,Morgan Brooks,2022-12-08 07:10:00,,,,N,TAG-6222,1096,Beta,7369,5066,7924,LOT-5025,Alpha,100479,100543,LOT-6510,5376,Beta,,1376,7507,,,100654,100681,100654,100129,100014,100793,100555,100239,100690,100738,,,,,,,,,5807,,SKU-6867,100420,100234,100685,100516,100040,100459,100786,Casey Larsson,,,Nina Reyes,,Casey L.,Reese Mercer,,Placed,SKU-8987,,LOT-8907,REF-3140,Alpha,,Liam Sato,Standard,mei.ivanov@demomail.test,Director,Full-Time,Delta Group Ltd,Junior,Marco Cohen,Non-binary,SKU-4198,LOT-6489,7550,Y,,Noah Silva,Yara Calder,,Liam Sloan,"62,372",London,United States,Other,Beta,Scheduled a check-in for the coming month.,,riley.garcia@sampleco.test,Rowan Mensah,Sales,,Standard,,LOT-7432,,,,Manila,US Night,Alpha,Customer Success Manager,Jordan Cohen,SKU-5282,,,Gamma,LOT-5161,Active,Alpha,,,,2379,Delta,9974,6332,9616,Alpha,3284,9173,3034,Alpha,2025-09-20 14:23:00,7434,4299,Alpha,Standard,Alpha,TAG-7669,8967,9732,1697,1994,1834,Standard,2025-05-13 06:44:00,1232,6841,Standard,Beta,Alpha,SKU-4682,7897,6114,4831,687,3897,Other,,,,,,,,,,,,,,2026-05-11,5415,7193,Other,,LOT-6457,REF-6071,181,2569,283,1399,4047,Delta,2023-02-13,,,,,,,,,,,,,2024-01-11,,795,Delta,LOT-8541,,,,1601,,,9367,,Discussed timeline and next steps with the account.
100551,Relay User,101058,emerson.sloan@sampleco.test,Drew Ivanov,2026-06-21 09:45:00,sofia.patel@demomail.test,Sofia Cohen,2024-07-06 14:06:00,Standard,,2025-03-29 04:00:00,,,,Y,SKU-5376,2396,Beta,4844,4436,8114,TAG-3429,Other,100153,100083,SKU-7164,6829,,2456,5667,1973,LOT-9169,Alpha,100016,100200,100532,100767,100652,100539,,100285,100288,100254,100339,,100786,,2311,,122,,,,,100503,100153,100232,,100709,,100041,Taylor Patel,,,Arjun Calder,REF-9234,Taylor P.,Quinn Blake,SKU-7604,Placed,TAG-5625,,,REF-7479,Delta,,Avery Dorsey,Gamma,jamie.ford@demomail.test,Individual Contributor,Contractor,Copper Logistics LLP,Junior,Aisha Garcia,Female,SKU-2146,REF-5139,8581,N,,Nina Brooks,Chen Rossi,REF-7740,,"208,740",Mumbai,United Kingdom,,Alpha,Aligned on billing and renewal terms.,,riley.vance@examplecorp.test,Reese Sato,Sales,Liam Dorsey,Beta,,LOT-5899,TAG-6352,,,Dallas,Flexible,Alpha,Financial Analyst,Morgan Mercer,REF-2017,,,Standard,SKU-1797,Active,Delta,,,,,Standard,8942,1016,2399,Beta,,,9524,Delta,2025-05-08 13:33:00,2547,3030,Gamma,Other,Standard,SKU-3390,4585,1383,2119,6427,5647,Beta,2023-01-16 13:01:00,4231,4726,Beta,Gamma,Delta,REF-8920,9380,96,8290,450,9617,Delta,,,,,,,,,,,,,,2025-09-13,2523,,Standard,SKU-2890,TAG-8577,REF-8528,1516,6776,8350,7954,2085,,2024-07-14,,,,,,,,,,,,,2024-02-09,4689,8057,Gamma,LOT-1345,SKU-5078,,9098,,,,,,Reviewed performance and gathered feedback.
100086,Relay User,101061,diego.ford@examplecorp.test,Aisha Brooks,2023-05-11 07:49:00,reese.dorsey@acme-fake.test,Marco Sato,2024-06-19 02:45:00,Standard,Quinn Ashby,2025-12-14 08:54:00,,,,Y,REF-3792,8986,Other,497,6613,9364,REF-7422,Other,100189,100686,SKU-7125,,Alpha,1003,418,3630,,,100750,100089,100012,100688,100538,100197,,100058,100558,,100531,100086,100333,,,Alpha,,,4559,,TAG-4019,100526,100277,100720,,100119,,100494,Noah Okafor,,,Avery Nguyen,,Noah O.,Taylor Brooks,,Placed,,REF-1799,SKU-3004,SKU-6632,Delta,,Liam Mercer,Beta,marco.vance@sampleco.test,Team Lead,Intern,Beacon Media Group,Mid-Level,Rahul Haddad,Prefer not to say,LOT-2612,SKU-4956,9860,N,,Skyler Rossi,Aisha Cohen,,Avery Nguyen,,Seattle,Canada,Other,Delta,Followed up on the open items from last week.,186,alex.calder@demomail.test,Rowan Ashby,Software Engineering,Noah Cohen,Delta,,TAG-6123,,,,Austin,US Night,Gamma,Support Specialist,Emerson Costa,,,,Beta,REF-9771,Active,Alpha,,,9495,4182,Gamma,7739,2857,4825,Beta,,8887,543,Beta,2026-03-06 22:39:00,7047,218,Other,Delta,Other,REF-1518,3724,808,5515,5433,4060,Delta,2025-05-27 10:38:00,7507,7379,Standard,Beta,Gamma,REF-8010,280,2319,1269,6163,9182,Other,,,,,,,,,,,,,,2023-09-16,9044,,Alpha,SKU-9210,,SKU-4178,3394,4952,1432,2981,5899,Other,2024-09-26,,,,,,,,,,,,,2023-11-10,,,Gamma,,,LOT-3770,6778,8845,,3563,,Standard,Followed up on the open items from last week.
100015,Relay User,101063,chen.calder@demomail.test,Quinn Kim,2025-01-21 04:44:00,taylor.sato@demomail.test,Quinn Vance,2024-12-10 16:32:00,,Skyler Reyes,2024-03-07 21:45:00,,,,Y,SKU-8819,3381,Other,2989,540,7974,TAG-8663,Gamma,100132,100389,TAG-7629,6210,Alpha,4782,6926,,SKU-6551,Beta,100360,100254,100345,100459,100705,100763,,100760,,,100712,100353,100056,SKU-8388,,Standard,5788,,,REF-3506,,100393,100405,100486,,,100799,100652,Casey Reyes,,,Priya Kim,REF-5658,Casey R.,Diego Haddad,,N/A,SKU-7678,SKU-9290,,LOT-9967,,,Elena Nguyen,Other,aisha.okafor@examplecorp.test,Director,Intern,Ironwood Networks Group,Senior,Taylor Sato,Male,TAG-5362,SKU-9570,4246,N,LOT-9888,Morgan Brooks,Riley Costa,REF-2659,Priya Reyes,,London,Philippines,Other,Gamma,Reviewed performance and gathered feedback.,5707,rowan.patel@demomail.test,Arjun Mercer,Data & Analytics,Aisha Calder,Beta,,SKU-6382,,,,Mumbai,US Evening,,QA Engineer,Mei Vance,,,,Alpha,SKU-9541,Active,Standard,,6318,4757,,Gamma,9643,8245,3845,Standard,1667,15,,Alpha,2023-03-20 08:57:00,7288,686,Beta,Other,Alpha,REF-6795,3630,2257,1182,4773,8963,Other,2026-02-02 23:06:00,4612,7397,Gamma,Delta,Alpha,TAG-9453,9076,8016,2187,5334,9557,Gamma,,,,,,,,,,,,,,2023-03-11,631,,,REF-1403,SKU-9146,LOT-9831,1226,4012,,2766,8805,Standard,2024-06-03,,,,,,,,,,,,,2025-08-25,702,798,Gamma,REF-1748,,TAG-7631,,,,,,,Resolved the outstanding question about scope.
100464,Relay User,101065,mei.sato@sampleco.test,Mei Reyes,2023-02-21 07:06:00,priya.ivanov@acme-fake.test,Alex Sloan,2023-07-31 08:59:00,Delta,,2025-09-07 13:02:00,,,,N,REF-4613,788,Delta,5684,77,3097,SKU-7477,Delta,100601,100526,TAG-1342,,Standard,8996,7315,5283,,Standard,100136,100190,100454,100189,100298,100527,100224,100459,100171,100134,100796,,100316,,4168,,,5144,,SKU-2131,REF-4556,100012,100652,,100799,100359,100229,100462,Rowan Dorsey,,,Elena Nguyen,LOT-9687,Rowan D.,Arjun Nguyen,,Placed,REF-5264,TAG-7584,,SKU-1665,,,Chen Sato,Alpha,riley.nguyen@demomail.test,Team Lead,Intern,Meridian Robotics Inc,Senior,Nina Blake,Prefer not to say,TAG-8796,TAG-2748,,Y,SKU-7003,Aisha Rossi,Rahul Vance,,Quinn Ford,"67,979",Phoenix,United States,Standard,Beta,,8042,marco.whitfield@examplecorp.test,Drew Sato,Accounting,,Other,,SKU-6944,REF-4060,Reviewed performance and gathered feedback.,Aligned on billing and renewal terms.,Atlanta,US Evening,Gamma,Financial Analyst,Reese Patel,,,,Delta,LOT-2604,Active,Standard,,,,,,8292,1289,9923,Other,9216,9053,2424,Standard,2023-09-14 07:42:00,5657,5185,Other,Delta,Delta,SKU-6129,640,2779,2110,9985,1388,Standard,2023-02-18 03:00:00,1681,868,Other,Beta,Alpha,REF-8369,8710,8512,4559,3800,8685,Standard,,,,,,,,,,,,,,2025-06-07,8161,3413,Other,SKU-1266,REF-4347,LOT-3076,,2312,3893,8453,507,Alpha,2025-04-27,,,,,,,,,,,,,2025-05-04,4691,,,TAG-8492,REF-1565,,,,1202,4743,,Standard,Resolved the outstanding question about scope.
100104,Relay User,101068,quinn.mercer@examplecorp.test,Elena Nguyen,2026-07-04 04:04:00,quinn.larsson@demomail.test,Liam Sato,2024-03-18 22:57:00,Delta,,2023-09-09 07:27:00,,,,Y,LOT-1161,6237,Standard,6367,7097,4806,REF-1014,Delta,100344,100617,SKU-4550,,,8193,,,,,100309,100197,100440,100331,100506,100765,100101,100195,100377,100169,100141,,,,,,,,3171,TAG-2769,,100654,100008,100017,100539,100531,100799,100316,Arjun Costa,,,Riley Patel,SKU-8518,Arjun C.,,,Placed,,,,LOT-7516,,,Avery Ford,Gamma,rahul.reyes@demomail.test,Individual Contributor,Part-Time,Beacon Foods Group,Junior,Avery Ashby,Prefer not to say,TAG-2205,TAG-2132,2751,Y,,Rahul Garcia,Priya Garcia,,,"127,484",Phoenix,Australia,Gamma,Delta,,7820,emerson.cohen@sampleco.test,Chen Nguyen,Recruiting,Taylor Brooks,Other,,REF-9804,TAG-7783,,,Atlanta,US Evening,Gamma,Customer Success Manager,Arjun Costa,TAG-1650,,,Delta,REF-2540,Active,Standard,,,7489,,,1075,5149,4162,Gamma,2939,8406,1411,Standard,2026-02-25 23:46:00,4626,1080,Gamma,Delta,Alpha,SKU-9747,3427,9157,7243,9902,8284,Gamma,2025-09-11 03:56:00,1873,6335,Alpha,Standard,Gamma,TAG-2890,3926,1526,4641,878,853,Standard,,,,,,,,,,,,,,2025-09-16,3926,3910,Alpha,REF-3901,,TAG-2319,6040,1604,8708,5238,4681,Beta,2024-10-23,,,,,,,,,,,,,2025-07-20,,2875,,TAG-4374,TAG-3195,LOT-6750,,,3993,3804,,,Scheduled a check-in for the coming month.
100371,Relay User,101071,elena.vance@demomail.test,Riley Mercer,2022-12-29 05:47:00,casey.sato@examplecorp.test,Yara Ashby,2023-08-07 08:45:00,Other,,2025-08-07 07:51:00,,,,N,REF-9286,4491,Standard,9108,4068,7498,TAG-1210,Alpha,100498,100664,REF-8323,,Other,,1999,,,Delta,100555,100617,100579,100281,100243,100220,100649,100223,100420,100188,100758,,100459,,,,,,5057,SKU-9766,REF-8855,100685,100099,100574,,,100620,100796,Arjun Blake,,,Sofia Sloan,SKU-2137,Arjun B.,Liam Kim,,N/A,,,,REF-4189,,,Rahul Vance,Delta,rahul.mercer@examplecorp.test,Director,Contractor,Cobalt Partners LLP,Junior,Quinn Mercer,Female,LOT-5679,REF-5242,6968,Y,TAG-5353,Emerson Reyes,Drew Mensah,,Taylor Vance,,Dallas,Canada,Alpha,Delta,Shared the updated proposal for review.,,riley.ford@examplecorp.test,Taylor Mercer,Software Engineering,Riley Blake,Alpha,,LOT-3496,,,Followed up on the open items from last week.,Toronto,US Night,Beta,Data Analyst,Rowan Reyes,,,,Other,LOT-9539,Active,Delta,,,8588,,Gamma,8021,5795,2638,Delta,,9237,3958,,2026-07-10 19:17:00,2034,5298,Beta,Gamma,Standard,SKU-5001,8489,4195,1184,6328,8253,Beta,2026-01-10 10:11:00,3423,6835,Beta,Alpha,Alpha,LOT-9688,3674,7619,3423,9399,6453,Alpha,,,,,,,,,,,,,,2026-02-18,7825,,Beta,SKU-7168,SKU-3708,,3045,3396,3584,3677,,Standard,2023-05-03,,,,,,,,,,,,,2024-05-09,,2807,Other,,LOT-7249,,5086,4497,,8949,,,Shared the updated proposal for review.
100535,Relay User,101072,skyler.calder@acme-fake.test,Elena Rossi,2025-12-07 12:42:00,chen.sloan@demomail.test,Mei Vance,2025-12-23 05:47:00,Delta,,2023-03-06 10:54:00,,,,N,LOT-6529,4758,Beta,352,4521,8945,REF-3003,Gamma,100178,100305,,5030,,,2916,,,Gamma,100275,100684,100408,100313,100313,100171,100113,100026,100374,100620,100793,100322,100408,REF-3264,,,,,,,REF-7497,100223,100227,100005,100017,,100672,100070,Skyler Reyes,,,,SKU-3261,Skyler R.,,LOT-5570,Available,TAG-7219,,,LOT-8918,Alpha,,Omar Patel,Delta,chen.mensah@demomail.test,Individual Contributor,Part-Time,Meridian Foods Group,Senior,Priya Larsson,Prefer not to say,REF-6377,TAG-9633,8526,Y,TAG-4660,,Aisha Cohen,,Liam Ashby,"56,891",Toronto,Australia,Standard,Beta,,5304,aisha.haddad@examplecorp.test,Reese Okafor,Software Engineering,Jamie Garcia,Beta,,LOT-2479,,,Reviewed performance and gathered feedback.,Atlanta,Flexible,,Recruiter,Priya Kim,SKU-4374,,,Gamma,REF-7901,Active,Alpha,Shared the updated proposal for review.,,1829,,Beta,6016,8362,825,Other,5038,6371,,Beta,2024-08-06 19:37:00,8919,1672,Beta,Delta,Alpha,REF-2619,4620,2246,9837,7461,5919,Alpha,2024-04-26 15:53:00,7402,8890,Alpha,Delta,Other,SKU-6574,6896,7553,7895,1827,3491,Beta,,,,,,,,,,,,,,2024-10-11,6165,5611,Standard,TAG-8841,REF-7968,SKU-4451,5067,,,1623,5451,,2024-07-31,,,,,,,,,,,,,2025-05-29,2886,997,Beta,,,,,4295,1177,9288,,Beta,Shared the updated proposal for review.
100702,Relay User,101073,chen.mensah@demomail.test,Jamie Calder,2026-07-04 15:58:00,omar.larsson@demomail.test,Alex Nguyen,2026-04-14 14:23:00,Alpha,,2026-06-15 21:23:00,,,,Y,SKU-9120,4770,Beta,6229,5252,4559,SKU-3617,Standard,100391,100376,,2222,Delta,4711,,,,Delta,100601,100746,100189,100688,100014,100712,,100686,100030,100539,,100120,100192,TAG-5575,,,,,,,TAG-2361,100345,100518,100097,,100042,100617,100205,Mei Nguyen,,,,LOT-2025,Mei N.,Skyler Blake,,Placed,,TAG-2471,,SKU-1397,,,Fatima Mensah,Standard,sofia.cohen@sampleco.test,Manager,Intern,Blue Ridge Labs Ltd,Senior,Riley Sloan,Female,REF-3252,SKU-2490,2474,N,SKU-9055,Priya Mensah,Diego Sato,,Fatima Sato,"242,547",Phoenix,Mexico,,Other,,9069,diego.ashby@acme-fake.test,Reese Dorsey,Finance,,Other,N,REF-8735,SKU-5523,,Noted a concern to revisit at the next sync.,Austin,US Evening,,Software Developer,Omar Silva,SKU-6839,Restructuring,,Delta,LOT-5681,Inactive,Alpha,,6433,,,,3823,5371,4962,Gamma,4327,6112,6586,,2025-06-23 13:33:00,7228,1276,Beta,Other,Other,REF-2762,3685,1937,8798,8067,1646,Gamma,2025-01-10 04:42:00,9416,2183,Standard,Gamma,Beta,LOT-9883,9711,8935,7184,7085,9365,Gamma,,,,,,,,,,,,,,2023-01-20,3212,4962,Alpha,REF-9726,REF-9920,,5266,9266,8685,3870,3743,Gamma,2026-04-03,,,,,,,,,,,,,2024-06-14,,2873,Beta,,,,,,,,1527,Delta,Followed up on the open items from last week.
100104,Relay User,101075,casey.dorsey@examplecorp.test,Omar Okafor,2023-03-11 08:45:00,liam.reyes@sampleco.test,Morgan Vance,2023-05-21 01:07:00,Standard,,2025-06-01 17:42:00,,,,N,TAG-8259,1416,Other,3333,5535,9524,TAG-9870,Other,,100008,TAG-9226,,Beta,1910,1322,,LOT-9127,Delta,100117,100010,100234,100143,100333,100016,100568,100667,100334,100531,100031,,100506,,,,,,8495,,,100457,100755,100010,100360,,100269,100705,Elena Sato,,,Avery Vance,TAG-1388,Elena S.,Riley Larsson,,Coming Soon,LOT-7422,,REF-9327,TAG-8885,,,Emerson Vance,Delta,jamie.costa@acme-fake.test,Individual Contributor,Intern,Lakeside Labs Ltd,Mid-Level,Elena Ivanov,Female,SKU-3379,TAG-1674,8283,Y,TAG-4322,Emerson Reyes,Jamie Haddad,,Casey Whitfield,,Atlanta,Germany,Delta,Alpha,Followed up on the open items from last week.,1564,taylor.nguyen@acme-fake.test,Marco Mercer,Accounting,Yara Nguyen,Alpha,,LOT-7481,REF-6898,Followed up on the open items from last week.,Scheduled a check-in for the coming month.,Chicago,US Evening,Alpha,Financial Analyst,Elena Costa,,,Beta,Standard,REF-5568,Active,Delta,,,,,Other,8,7713,2330,Other,8270,3062,3540,Delta,2023-11-16 20:02:00,4000,8132,Gamma,Standard,Standard,TAG-8229,4427,6525,7891,3008,3346,Beta,2023-12-28 04:16:00,3806,2764,Alpha,Delta,Delta,REF-8480,2435,9225,5491,9076,6345,Other,,,,,,,,,,,,,,2026-06-05,,,Gamma,REF-2686,SKU-8527,REF-6173,3182,3499,3954,7619,6109,,2025-09-09,,,,,,,,,,,,,2023-11-16,,822,Alpha,SKU-7716,SKU-1612,LOT-3944,,,5221,,,,Followed up on the open items from last week.
100793,Relay User,101077,rahul.silva@sampleco.test,Quinn Mercer,2023-09-08 01:34:00,diego.haddad@acme-fake.test,Elena Reyes,2026-01-11 17:41:00,Beta,Mei Sloan,2025-08-02 22:52:00,,,,Y,TAG-7939,4538,Delta,5695,1031,6313,SKU-6214,Alpha,100563,100400,,5676,Other,,,3583,,,100486,100388,100241,100516,100449,100393,100366,100267,100587,100523,100582,100708,100696,,,,,,,SKU-5869,,100620,100075,100415,,,100531,100139,Sofia Calder,,,Chen Costa,,Sofia C.,Taylor Nguyen,,Coming Soon,REF-4854,,SKU-4401,LOT-4617,,,Chen Ivanov,Gamma,quinn.reyes@examplecorp.test,Director,Part-Time,Delta Ventures Inc,Lead,Liam Patel,Male,LOT-9410,TAG-5579,4738,N,,Rowan Kim,Skyler Nguyen,SKU-5984,Morgan Okafor,,Phoenix,Germany,Beta,Delta,,5457,mei.sloan@examplecorp.test,Aisha Cohen,Accounting,Priya Blake,Gamma,,SKU-6426,,,Discussed timeline and next steps with the account.,Mumbai,US Day,Delta,Financial Analyst,Taylor Cohen,SKU-6511,End of Contract,,Alpha,LOT-1700,Inactive,Gamma,,,,9338,Other,7264,7214,2860,Other,,6535,,Delta,2023-10-30 20:59:00,2625,4650,Alpha,Delta,Other,REF-3897,7482,8366,1092,5607,6589,Alpha,2023-06-20 15:10:00,3621,39,Other,Alpha,Other,REF-3543,2098,7845,4375,171,8929,Gamma,,,,,,,,,,,,,,2025-04-18,9536,6537,Alpha,TAG-7745,LOT-2414,SKU-2395,2226,5165,954,,7022,Other,2025-02-04,,,,,,,,,,,,,2024-10-14,3378,8385,,TAG-8008,,,7542,2988,,,9324,Alpha,Discussed timeline and next steps with the account.
100563,Relay User,101078,yara.haddad@acme-fake.test,Alex Rossi,2024-05-28 06:16:00,skyler.okafor@examplecorp.test,Casey Haddad,2024-10-29 16:05:00,Alpha,,2023-04-25 00:40:00,,,,Y,TAG-3871,6544,Delta,509,5071,8127,TAG-7723,Standard,100370,100477,SKU-5423,2111,,9265,7554,5640,,Beta,100229,100058,100186,100705,100741,,100734,100313,100601,100516,,100690,100484,,,,,4974,2570,SKU-4165,REF-9298,,100291,100735,100734,100652,100620,100627,Quinn Cohen,SKU-4668,,Quinn Cohen,LOT-6212,Quinn C.,Casey Garcia,SKU-7339,Available,,LOT-6047,,SKU-5580,,,Morgan Larsson,Alpha,morgan.patel@acme-fake.test,Individual Contributor,Intern,Northwind Energy Co,Senior,Skyler Reyes,Female,TAG-2021,LOT-1106,7204,Y,SKU-1867,Avery Rossi,Yara Patel,SKU-9879,Skyler Brooks,,Manila,Mexico,Beta,Beta,,2548,jordan.ford@examplecorp.test,Omar Sato,Marketing,Avery Kim,Gamma,,TAG-9901,SKU-8099,,,Seattle,US Day,Beta,Operations Associate,Yara Mercer,LOT-2496,Restructuring,Delta,Alpha,SKU-6846,Inactive,Beta,,,6682,3032,,6676,2729,7336,Gamma,7765,3587,6773,,2023-03-08 02:53:00,9042,84,Gamma,Delta,Delta,SKU-6498,9826,8968,1583,5702,8288,Standard,2025-12-15 20:09:00,8900,6260,Gamma,Delta,Beta,SKU-7491,8735,6578,8931,1206,3811,Delta,,,,,,,,,,,,,,2024-01-15,,3871,Alpha,SKU-8493,REF-4967,SKU-1176,1451,2073,5520,7638,9876,Delta,2023-03-29,,,,,,,,,,9288,,,2024-12-28,,,,REF-9317,LOT-8292,,3257,,9362,,,,Discussed timeline and next steps with the account.
100494,Relay User,101081,marco.vance@examplecorp.test,Morgan Costa,2023-08-20 05:31:00,aisha.vance@acme-fake.test,Nina Mercer,2024-09-22 08:48:00,Alpha,Quinn Nguyen,2024-07-10 08:45:00,,,,Y,SKU-7417,7968,Other,5812,6429,4246,REF-9726,Gamma,100016,100192,,,Standard,426,,5001,LOT-5498,,100366,100408,100281,100484,100455,100696,100190,100709,,,100073,100417,100398,SKU-9164,,,,,2398,,,100484,100356,100429,100382,100568,,100158,Jordan Rossi,REF-3943,,Noah Garcia,TAG-6735,Jordan R.,Fatima Nguyen,,N/A,,,,SKU-2256,Delta,,Diego Ivanov,Standard,taylor.ashby@sampleco.test,Manager,Contractor,Copper Labs Ltd,Senior,Emerson Rossi,Female,SKU-9512,REF-2458,1318,N,LOT-6706,Elena Whitfield,Jamie Rossi,LOT-8163,Reese Sloan,,Toronto,India,Alpha,Beta,,9371,alex.sato@demomail.test,Chen Kim,Recruiting,Elena Silva,Beta,,SKU-9884,,,,Manila,US Evening,Standard,Support Specialist,Fatima Rossi,SKU-6909,,Beta,Alpha,LOT-5607,Active,Alpha,,1090,,,,738,8021,9514,Delta,8777,,6509,Alpha,2023-01-20 04:43:00,4505,7554,Standard,Gamma,Other,LOT-8658,708,9000,5215,4928,2054,Delta,2026-01-28 13:23:00,8923,1771,Gamma,Delta,Beta,TAG-5545,8992,8844,6171,4613,8194,Delta,,,,,,,,,,,,,,2022-10-16,,708,Alpha,SKU-3188,SKU-4626,SKU-6922,6343,8258,6704,6859,4883,,2023-07-30,,,,,,,,,,,,,2024-11-02,6201,6419,Alpha,TAG-7612,,,,3973,,,3209,,Scheduled a check-in for the coming month.
100192,Relay User,101083,aisha.vance@acme-fake.test,Chen Blake,2025-06-10 06:14:00,fatima.sato@examplecorp.test,Casey Ashby,2022-12-06 10:33:00,Delta,Noah Larsson,2025-11-15 07:55:00,,,,Y,TAG-1400,2442,Standard,1274,1563,9728,TAG-1073,Alpha,100410,100443,,1892,Beta,5027,,770,,,100370,100141,100656,100197,100628,100456,100746,100632,100593,100744,100770,,100186,,,,,1461,,,,100565,100753,100494,100408,100632,,100053,Omar Nguyen,,,,TAG-6109,Omar N.,Nina Dorsey,,Placed but Available,REF-2118,SKU-5787,,TAG-4305,Delta,,Reese Cohen,Alpha,elena.cohen@sampleco.test,Director,Full-Time,Ironwood Partners LLC,Senior,Arjun Mercer,Male,REF-5003,SKU-4053,,N,TAG-6823,Skyler Reyes,Nina Dorsey,REF-9186,Sofia Nguyen,"100,599",Austin,Germany,Delta,Delta,,6037,fatima.calder@demomail.test,Casey Mensah,Accounting,Drew Okafor,Standard,,LOT-1976,,,Scheduled a check-in for the coming month.,Seattle,US Night,Standard,Accountant,Nina Blake,SKU-7844,,,Gamma,TAG-9393,Active,Standard,Reviewed performance and gathered feedback.,,,,,1086,9441,3136,Delta,6844,6138,2519,,2024-07-31 03:51:00,9509,6993,Alpha,Gamma,Other,TAG-9538,9325,9066,4223,7660,8796,Beta,2023-06-10 06:12:00,5411,5027,Delta,Other,Delta,REF-2520,9293,4601,1802,6078,5550,Gamma,,,,,,,,,,,,,,2024-08-22,7167,,Delta,REF-1780,TAG-7359,,5367,2265,2949,,,,2023-04-23,,3525,,,,,,,,,,,2026-02-28,8928,,Gamma,,,,7002,1416,8921,3336,7536,,Followed up on the open items from last week.
100765,Relay User,101085,emerson.okafor@sampleco.test,Casey Dorsey,2024-11-23 14:15:00,nina.haddad@acme-fake.test,Fatima Haddad,2023-08-01 07:32:00,Alpha,Morgan Ivanov,2025-01-27 19:11:00,,,,Y,TAG-8483,7126,Beta,4119,8529,3428,REF-4058,Beta,100014,,LOT-7038,8572,Alpha,7482,2118,2910,,,100620,100587,100576,100290,100285,100690,100798,100178,100654,100058,100104,,100490,,,Beta,,,,TAG-7281,SKU-3190,100180,100034,100009,,100123,,100551,Casey Haddad,,,,SKU-9868,Casey H.,,,Placed,LOT-6439,,,LOT-5445,Delta,,Marco Kim,Alpha,fatima.vance@demomail.test,Individual Contributor,Part-Time,Redwood Energy LLP,Lead,Liam Sato,Prefer not to say,REF-8303,TAG-9375,576,Y,LOT-1616,Noah Mercer,Emerson Calder,,Yara Rossi,"83,340",Seattle,Mexico,Gamma,Standard,,6551,rowan.ashby@sampleco.test,Emerson Cohen,Software Engineering,Chen Blake,Alpha,,TAG-7291,,,,Denver,US Evening,Gamma,Recruiter,Emerson Sato,LOT-6434,,,Alpha,REF-4180,Active,Alpha,,,,,Alpha,9062,2656,9568,Alpha,6904,2839,1385,Delta,2025-10-03 17:03:00,1744,3699,Beta,Alpha,Gamma,TAG-8917,4173,7635,1224,3566,287,Standard,2026-03-05 15:33:00,4650,3321,Beta,Other,Delta,SKU-8447,3970,2818,5474,4543,7007,Delta,,,,,,,,,,,,,,2023-08-13,7653,9886,Alpha,TAG-3034,,REF-8495,1344,5939,5776,7032,2738,,2026-01-05,,,,,,,,,,,,,2023-01-08,,,Gamma,TAG-9014,TAG-5965,,,,,6707,,,Aligned on billing and renewal terms.
100386,Relay User,101086,skyler.ivanov@sampleco.test,Riley Ford,2026-04-14 00:06:00,riley.okafor@examplecorp.test,Drew Blake,2023-12-12 21:33:00,Standard,Rowan Cohen,2025-07-27 19:23:00,,,,Y,LOT-7616,2596,Gamma,3543,5489,1256,REF-5970,Gamma,100410,100070,TAG-5721,5535,Delta,2774,461,4114,,Beta,100309,100753,100267,100613,100638,,,100029,,100539,100180,,,,,,,,,,TAG-1225,100352,100464,100434,100380,,,100023,Mei Whitfield,,,Yara Vance,REF-4871,Mei W.,Noah Mercer,LOT-9313,Available,,,TAG-1341,REF-1179,,,Noah Calder,Beta,omar.calder@demomail.test,Director,Full-Time,Horizon Networks LLP,Entry,Riley Ashby,Male,TAG-6167,SKU-3962,36,Y,LOT-2421,Omar Patel,Quinn Nguyen,,Sofia Sloan,"158,635",London,United Kingdom,Beta,Delta,,,skyler.blake@demomail.test,Avery Okafor,Finance,Taylor Garcia,Alpha,,REF-2757,SKU-7137,,,Mumbai,US Evening,,Software Developer,Quinn Larsson,,,,Alpha,REF-5281,Active,Standard,,,3265,,Alpha,3291,8639,1388,Gamma,,2183,,,2025-11-14 02:31:00,7864,1522,Alpha,Alpha,Other,LOT-5150,1317,791,3759,510,7867,Standard,2023-12-22 12:30:00,9886,1849,Beta,Beta,Beta,REF-9038,9413,4014,4442,977,7814,Other,,,,,,,,,,,,,,2023-02-09,,343,Standard,SKU-5020,TAG-9155,TAG-4762,1461,9944,6047,5971,112,Beta,2025-01-18,,,,,,,,,,,,,2025-10-08,,,,LOT-4725,,,6287,74,8050,8574,8751,,Resolved the outstanding question about scope.
100546,Relay User,101089,jordan.ivanov@acme-fake.test,Emerson Mercer,2024-07-01 19:17:00,liam.nguyen@demomail.test,Priya Costa,2025-11-13 14:14:00,Delta,Riley Cohen,2023-03-25 21:29:00,,,,N,TAG-8019,4999,Standard,1345,43,409,SKU-6385,Other,100767,100026,REF-5758,144,Beta,,1029,9439,TAG-8668,Other,100803,100527,100793,100667,100037,100539,100593,100075,100658,100788,100280,,100329,,2186,Delta,,,,TAG-8683,,100305,100753,100723,100497,,100328,100041,Nina Larsson,,,Casey Calder,REF-6159,Nina L.,Mei Rossi,REF-3023,Placed,,,,SKU-4271,Delta,,Priya Mensah,Other,aisha.ashby@acme-fake.test,Manager,Part-Time,Horizon Manufacturing Inc,Junior,Riley Okafor,Female,LOT-2548,SKU-2642,9179,Y,TAG-9999,Fatima Larsson,Liam Nguyen,,Emerson Calder,"177,877",Austin,India,,Delta,,4256,quinn.nguyen@demomail.test,Sofia Patel,Recruiting,Skyler Cohen,Standard,,LOT-1183,,,,Seattle,US Day,Delta,Recruiter,Rahul Costa,,,,Other,LOT-6443,Active,Standard,,,,3766,,7055,2035,8316,Alpha,5440,9274,9256,,2024-06-08 05:05:00,2801,4374,Alpha,Alpha,Gamma,TAG-3934,5381,6340,3828,6396,736,Other,2022-11-27 06:56:00,3802,7851,Delta,Alpha,Standard,REF-2134,1257,9061,1507,6849,8349,Standard,,,,,,,,,,,,,,2023-04-25,424,2536,,REF-8437,REF-6940,REF-5533,4364,,2307,3845,1171,,2024-08-21,,,,,,,,,,,,,2025-04-28,,8452,Delta,,,LOT-6798,,,,9478,518,,Discussed timeline and next steps with the account.
100062,Relay User,101091,rowan.blake@demomail.test,Marco Mercer,2022-11-29 21:26:00,jamie.ashby@acme-fake.test,Jordan Blake,2024-07-24 17:26:00,,Avery Sato,2023-11-03 10:41:00,,,,Y,REF-3493,1100,Standard,362,1953,7968,REF-5681,Alpha,100248,100325,REF-2488,3134,,2945,2164,152,,Standard,100670,100673,100696,100400,100172,100083,100158,100168,,100685,100169,100532,100223,,9678,,,,1168,,LOT-4058,100012,100506,100012,100281,100182,100518,100432,Drew Ivanov,,,Fatima Ivanov,REF-8113,Drew I.,Marco Mercer,,Available,SKU-4704,,,LOT-5664,Alpha,,Chen Dorsey,Delta,mei.calder@demomail.test,Team Lead,Part-Time,Harbor Health Inc,Junior,Sofia Calder,Female,SKU-2749,LOT-8952,,Y,,Jordan Vance,Omar Haddad,TAG-2622,Alex Haddad,,Dallas,United Kingdom,Gamma,Other,,5479,taylor.rossi@acme-fake.test,Morgan Nguyen,Data & Analytics,,Beta,,REF-4734,LOT-1582,,Resolved the outstanding question about scope.,Mumbai,Flexible,,QA Engineer,Quinn Whitfield,,,,Alpha,LOT-8497,Active,Delta,,1782,8137,8766,,4983,1327,1945,Other,3841,6805,,Other,2025-11-20 02:29:00,2900,5235,Delta,Beta,Alpha,REF-7386,6424,3014,8501,8556,146,Alpha,2023-12-16 03:48:00,5796,1178,Gamma,Standard,Other,SKU-3467,6607,6968,8545,7511,6460,Standard,,,,,,,,,,,,,,2025-09-03,7413,5393,Alpha,,LOT-4539,,5734,4369,,,7386,Gamma,2026-01-22,,,,,,,,,,,,,2023-01-05,,,Alpha,TAG-8229,,REF-5811,254,,,,3806,Alpha,Resolved the outstanding question about scope.
100753,Relay User,101093,fatima.dorsey@demomail.test,Casey Silva,2023-10-16 00:17:00,emerson.patel@sampleco.test,Jordan Costa,2024-11-17 10:07:00,Other,Omar Dorsey,2023-11-14 16:22:00,,,,N,SKU-9634,7886,Gamma,4952,4892,4337,REF-3741,Standard,,100075,REF-3531,5315,,4860,9042,,,Beta,100786,100197,100424,100645,100044,,100129,100705,,100143,100126,100015,100681,,,,4210,,9334,,,100417,100003,100302,,100223,,100734,Marco Kim,,,,,Marco K.,,TAG-2757,Not Available,REF-1270,,,SKU-4783,,,Jamie Vance,Standard,nina.reyes@examplecorp.test,Individual Contributor,Contractor,Everest Textiles,Entry,Reese Whitfield,Prefer not to say,REF-5879,TAG-8656,5339,Y,,Reese Blake,Rowan Vance,,Avery Haddad,"70,761",Denver,Philippines,Beta,Delta,,9062,taylor.mensah@examplecorp.test,Sofia Whitfield,Marketing,Nina Garcia,Standard,,REF-9110,REF-7717,,,Seattle,US Night,Alpha,Accountant,Jamie Ashby,,,,Alpha,TAG-7184,Active,Standard,,,,,Delta,895,9065,7128,Gamma,4220,,8066,Standard,2023-10-16 03:55:00,3908,480,Delta,Standard,Beta,LOT-5442,7157,4391,7079,627,3314,Delta,2025-07-16 23:22:00,6776,5631,Standard,Alpha,Other,TAG-8853,7719,9383,667,9717,6561,Gamma,,,,,,,,,,,,,,2026-02-07,7464,6385,Alpha,SKU-9859,TAG-2576,LOT-8296,7919,2334,9405,6651,8363,Delta,2026-02-23,,,,,,,,,,,,,2024-07-02,8332,2855,,,,,1290,855,,7281,5211,Alpha,Resolved the outstanding question about scope.
100280,Relay User,101094,elena.nguyen@demomail.test,Sofia Haddad,2025-09-25 11:34:00,reese.haddad@acme-fake.test,Yara Brooks,2025-03-06 23:53:00,Delta,Riley Silva,2026-04-15 19:07:00,,,,Y,LOT-5147,7575,Delta,4843,8596,7459,SKU-4716,Gamma,100259,100208,TAG-4698,3962,,96,5292,4630,SKU-7093,Gamma,100573,100574,100469,100417,100097,100511,,100111,,100516,,,100576,,3924,Alpha,523,,,SKU-2349,,100272,100151,100383,100248,100694,100551,100569,Alex Ivanov,,,Rahul Kim,SKU-4059,Alex I.,,REF-4944,Placed,SKU-4197,,,REF-4969,,,Quinn Vance,Beta,morgan.larsson@acme-fake.test,Team Lead,Contractor,Keystone Networks,Mid-Level,Marco Reyes,Female,REF-8593,REF-3962,4061,N,SKU-1898,Yara Ashby,Arjun Larsson,REF-6340,Marco Okafor,,Manila,Australia,Delta,Alpha,,872,noah.patel@sampleco.test,Diego Brooks,Customer Support,Yara Garcia,Gamma,,SKU-8031,,,Followed up on the open items from last week.,Phoenix,US Evening,Delta,Operations Associate,Chen Silva,,,,Alpha,TAG-5388,Active,Gamma,,1358,,2175,,7416,4590,9953,Gamma,8506,1362,4555,Delta,2023-09-21 13:05:00,7509,8635,Alpha,Gamma,Gamma,TAG-4778,2658,875,2331,1271,6578,Gamma,2024-07-04 12:58:00,9695,4455,Delta,Alpha,Beta,REF-5938,7031,5804,8952,5821,3845,Standard,,,,,,,,,,,,,,2022-12-05,1799,8717,Beta,TAG-5164,,TAG-7505,,1900,3638,4207,9950,Delta,2023-07-03,,,,,,,,,,,,,2025-12-26,,4748,,,,,,,,,4944,Beta,Aligned on billing and renewal terms.
100607,Relay User,101096,elena.mercer@demomail.test,Skyler Haddad,2023-08-08 18:20:00,rahul.calder@sampleco.test,Skyler Patel,2024-02-10 19:22:00,Other,,2025-01-07 09:42:00,,,,Y,REF-9083,1356,Beta,9700,2241,258,LOT-7589,Beta,100582,100220,SKU-9179,566,,5010,7657,7674,REF-8921,Beta,100310,100332,100091,100277,100616,100485,100685,100223,100332,100456,100591,100398,100543,,,,,,,TAG-2150,,100360,100309,100234,100280,100323,100203,100213,Sofia Costa,,Yara Vance,,REF-8597,Sofia C.,Diego Whitfield,,N/A,LOT-1401,,,REF-6275,Alpha,,Skyler Dorsey,Standard,skyler.blake@acme-fake.test,Manager,Intern,Horizon Partners Co,Mid-Level,Taylor Ford,Non-binary,REF-3764,SKU-9226,1453,Y,TAG-4656,Liam Nguyen,Chen Calder,,Mei Blake,,Manila,Australia,Delta,Other,,9052,rowan.brooks@acme-fake.test,Jordan Blake,Accounting,Drew Sloan,Other,,REF-7256,SKU-7842,,,Manila,Flexible,Delta,QA Engineer,Noah Ashby,,,,Gamma,TAG-7731,Active,Beta,Resolved the outstanding question about scope.,,,,,526,3828,7475,Standard,,,2681,,2025-10-03 06:29:00,1231,5995,Beta,Other,Delta,LOT-1432,6322,6554,6167,3197,1457,Beta,2024-04-08 01:00:00,533,514,Alpha,Other,Other,REF-3491,64,4797,864,6669,2774,Alpha,,,,,,,,,,,,,,2023-07-26,8432,1967,Delta,LOT-2647,SKU-2146,LOT-4866,8491,6438,1302,1662,,Delta,2026-04-21,,,,,,,,,,,,,2023-01-11,1866,6645,,TAG-2825,,,1932,4531,1406,,,,Reviewed performance and gathered feedback.
100792,Relay User,101097,alex.whitfield@examplecorp.test,Liam Haddad,2026-03-29 16:49:00,rowan.haddad@sampleco.test,Alex Rossi,2025-11-16 06:22:00,Gamma,Fatima Rossi,2025-12-13 13:05:00,,,,N,LOT-5432,9968,Standard,5992,4018,664,REF-7136,Beta,100426,100497,SKU-1968,4406,Gamma,,,,SKU-2878,Alpha,100531,100579,100062,100169,100554,100005,100178,100026,100729,100765,,,100699,,7533,,2621,,8573,,TAG-5050,100462,100696,100673,,,,100186,Arjun Sloan,,,,LOT-5385,Arjun S.,Chen Blake,,Not Available,,LOT-5017,REF-3915,TAG-7692,,,Omar Ivanov,Beta,skyler.garcia@acme-fake.test,Manager,Contractor,Meridian Labs LLP,Lead,Mei Silva,Prefer not to say,TAG-1342,SKU-7653,5772,N,TAG-5136,Omar Silva,Marco Vance,,,,Toronto,Canada,Delta,Standard,,5029,marco.ivanov@demomail.test,Marco Sato,Data & Analytics,Elena Vance,Delta,,REF-9930,,,Resolved the outstanding question about scope.,Atlanta,US Night,Gamma,Marketing Coordinator,Sofia Mercer,REF-9338,,,Gamma,LOT-2453,Active,Delta,,,,8894,,6363,301,4117,Gamma,4834,9027,4856,Alpha,2023-10-20 11:32:00,3838,6178,Delta,Standard,Gamma,SKU-6681,7750,8614,7391,1284,573,Delta,2026-06-30 16:29:00,9497,45,Alpha,Beta,Alpha,TAG-3542,6370,3596,5077,1613,3615,Alpha,,,,,,,,,,,,,,2024-10-17,7588,386,,LOT-3336,TAG-8468,,6324,5051,8303,2254,1099,Gamma,2022-12-05,,,,,,,,,,,,,2023-03-08,1778,,,SKU-3136,TAG-3515,REF-9925,,6517,1363,,,,Aligned on billing and renewal terms.
100421,Relay User,101098,jamie.patel@sampleco.test,Aisha Garcia,2024-10-26 01:42:00,chen.mensah@acme-fake.test,Quinn Vance,2024-01-25 19:35:00,Other,Noah Mensah,2024-01-14 12:12:00,,,,Y,TAG-5347,3279,Standard,9542,1325,7290,TAG-5166,Gamma,100120,100076,,8790,Alpha,,,,SKU-6233,Delta,100329,100178,100788,100286,100005,100429,100142,100558,100015,100498,100220,100212,100734,,,,6813,,,,,100113,100359,100613,100008,,,100009,Liam Reyes,TAG-4047,,Diego Okafor,LOT-3955,Liam R.,Elena Brooks,,Placed,TAG-8614,SKU-2012,,LOT-6450,Other,,Liam Ivanov,Gamma,sofia.costa@demomail.test,Director,Contractor,Ironwood Networks,Mid-Level,Casey Mercer,Prefer not to say,REF-7990,LOT-7959,4555,Y,REF-1483,Elena Mensah,Rowan Silva,,,,Chicago,Philippines,Standard,Standard,,1809,morgan.calder@demomail.test,Mei Sloan,Marketing,Rowan Garcia,Beta,,TAG-3855,,Discussed timeline and next steps with the account.,Shared the updated proposal for review.,Phoenix,US Evening,Beta,Accountant,Reese Larsson,,Restructuring,,Other,SKU-3187,Inactive,Standard,Followed up on the open items from last week.,4313,5982,,,4998,3106,2984,Gamma,397,,3598,Delta,2024-01-03 15:13:00,7222,4984,Delta,Alpha,Other,SKU-3641,649,3000,3808,6583,6838,Alpha,2023-08-31 05:28:00,2994,6917,Gamma,Other,Other,TAG-2514,4709,5862,4447,8,9836,Standard,,,,,,,,,,,,,,2025-08-31,1780,3189,Gamma,REF-9633,LOT-7753,REF-2990,,4796,108,2941,1763,Delta,2026-03-15,,,,,,,,,,,,,2025-03-02,1181,,,LOT-1432,REF-9105,,,,,,,,Resolved the outstanding question about scope.
100481,Relay User,101101,rowan.reyes@sampleco.test,Chen Sato,2026-04-12 06:59:00,mei.ivanov@sampleco.test,Sofia Kim,2025-08-02 11:49:00,Gamma,Liam Whitfield,2025-12-22 09:54:00,,,,Y,REF-8130,8854,Gamma,5214,4940,2202,TAG-7422,Alpha,100459,100532,SKU-7539,,Alpha,6737,2606,,SKU-6453,Beta,100308,100363,100796,100169,100277,100588,100457,100429,100329,100073,,100726,100632,,,Other,,,,,,100272,100616,100694,,100729,100293,100607,Drew Costa,,,Priya Vance,TAG-7251,Drew C.,Aisha Nguyen,REF-9663,Placed,REF-3149,,LOT-5464,TAG-1744,,,Fatima Mercer,Other,alex.cohen@acme-fake.test,Director,Intern,Falcon Manufacturing Inc,Mid-Level,Jordan Silva,Non-binary,LOT-5376,TAG-4721,5589,Y,,Emerson Calder,Fatima Sato,,,"189,292",Chicago,India,,Standard,,8335,morgan.rossi@sampleco.test,Priya Okafor,Sales,Riley Costa,Delta,,REF-6614,TAG-9011,,,London,US Day,,Software Developer,Aisha Mensah,,,,Standard,TAG-4015,Active,Beta,Reviewed performance and gathered feedback.,,,5809,,1006,2942,6256,Delta,8294,5738,,Standard,2023-12-20 09:52:00,7268,6054,Beta,Standard,Standard,SKU-7090,1976,1059,1730,1979,1929,Standard,2023-06-08 11:28:00,7229,9927,Standard,Gamma,Beta,LOT-7961,3759,1003,1151,9696,1436,Standard,,,,,,,,,,,,,,2026-01-30,1124,8918,,SKU-7516,LOT-3494,SKU-6190,,9944,8578,2676,2443,Alpha,2025-10-23,,,,,,,,,,,,,2026-06-20,4433,8789,,SKU-9223,SKU-3583,,,,,,2988,Beta,Followed up on the open items from last week.
100646,Relay User,101104,liam.sloan@examplecorp.test,Diego Cohen,2024-03-02 18:39:00,elena.ashby@demomail.test,Arjun Nguyen,2025-10-16 19:04:00,Alpha,Avery Dorsey,2024-06-18 14:41:00,,,,Y,LOT-2877,8797,Standard,9856,6044,8864,LOT-4708,Other,100171,100332,REF-3032,8507,Standard,1524,9079,,,Gamma,100242,100403,100113,100205,100332,100192,100301,100026,100386,100313,100469,,100616,,,,,,,SKU-5725,,,100212,100151,,100298,100217,100771,Yara Costa,,,,LOT-4627,Yara C.,Yara Silva,,Placed,SKU-5607,,,REF-2618,,,Marco Cohen,Standard,reese.sloan@demomail.test,Individual Contributor,Full-Time,Beacon Manufacturing Ltd,Junior,Fatima Whitfield,Non-binary,TAG-3001,REF-7883,153,Y,,Jamie Dorsey,Aisha Nguyen,,Morgan Garcia,"107,976",Austin,Philippines,Other,Alpha,Reviewed performance and gathered feedback.,431,sofia.whitfield@examplecorp.test,Jordan Mercer,Finance,Noah Costa,Beta,,TAG-4431,TAG-8353,,Discussed timeline and next steps with the account.,Manila,US Day,Beta,Support Specialist,Quinn Nguyen,,Performance,,Other,TAG-8931,Inactive,Beta,,,2516,1400,Standard,6379,6255,9091,Delta,218,,3106,Alpha,2024-06-07 03:17:00,7215,465,Alpha,Delta,Beta,TAG-5454,6581,9370,5723,5128,7213,Other,2024-07-09 14:57:00,7521,1834,Delta,Other,Alpha,REF-8257,6872,5753,929,5568,1966,Beta,,,,,,,,,,,,,,2024-04-22,,8494,,TAG-2883,REF-1297,TAG-9934,9595,9988,7242,,449,Other,2025-06-03,,,,,,,,,,,,,2022-12-30,942,1965,,,,,,9041,,4374,,Other,Scheduled a check-in for the coming month.
100571,Relay User,101106,avery.okafor@sampleco.test,Drew Calder,2025-06-10 08:46:00,chen.silva@acme-fake.test,Morgan Garcia,2022-10-12 10:09:00,,Marco Mensah,2023-09-24 08:34:00,,,,Y,SKU-9848,5673,Gamma,290,7741,2808,REF-8767,Standard,100190,100603,,8677,Other,2667,6292,7691,,,100012,100683,100238,100217,100389,100139,,100559,100161,100056,100275,100532,100382,LOT-3134,,,,8309,,REF-7636,LOT-6805,100702,100069,100670,100454,100664,100631,100301,Sofia Rossi,,,Rahul Nguyen,TAG-7390,Sofia R.,,,Placed,,TAG-5771,,REF-3502,,,Omar Mercer,Alpha,fatima.sloan@sampleco.test,Director,Contractor,Beacon Holdings Group,Senior,Chen Reyes,Female,TAG-9779,TAG-4572,3809,N,,Avery Silva,Diego Okafor,SKU-5957,Rowan Silva,"58,116",Bengaluru,United Kingdom,,Beta,Noted a concern to revisit at the next sync.,9832,aisha.larsson@sampleco.test,Arjun Ivanov,Data & Analytics,Riley Mercer,Standard,,LOT-2484,,,Reviewed performance and gathered feedback.,Chicago,US Day,Standard,Financial Analyst,Riley Kim,REF-1427,,,Gamma,LOT-8033,Active,Gamma,,,,,,8023,6333,1372,Standard,1182,,8703,,2024-06-15 01:22:00,5641,5428,Standard,Other,Delta,TAG-9999,5401,1844,2359,3879,4773,Standard,2025-05-29 18:37:00,3014,866,Standard,Delta,Gamma,TAG-1999,4351,1711,3547,6198,837,Gamma,,,,,,,,,,,,,,2023-10-11,579,176,,,,LOT-2761,6458,3217,3768,9224,4218,Alpha,2022-12-29,,,,,,,,,,,,,2026-05-27,3835,,Standard,REF-6896,SKU-6068,,5755,,,7744,3906,,Resolved the outstanding question about scope.
100622,Relay User,101107,emerson.brooks@sampleco.test,Drew Whitfield,2024-06-01 15:42:00,diego.ivanov@examplecorp.test,Nina Brooks,2022-12-02 19:03:00,Other,Alex Ashby,2022-10-14 11:03:00,,,,N,SKU-2079,3664,Gamma,5967,4782,524,SKU-1823,Beta,100704,100542,LOT-2005,3986,Standard,,,,,Beta,100486,100758,100348,100452,100106,100649,,100777,100376,100224,100272,100788,100232,,,Standard,7163,4501,,SKU-9733,TAG-1751,100153,100597,100328,,100627,100417,100363,Noah Cohen,,,Morgan Whitfield,LOT-7605,Noah C.,Mei Mensah,TAG-9371,Placed,,SKU-3380,,TAG-6567,,,Chen Garcia,Alpha,casey.nguyen@acme-fake.test,Team Lead,Part-Time,Lakeside Holdings Co,Junior,Riley Blake,Non-binary,SKU-3520,TAG-5789,8838,Y,,Morgan Garcia,Priya Cohen,,,"221,810",Atlanta,United States,Gamma,Delta,Aligned on billing and renewal terms.,,morgan.patel@acme-fake.test,Arjun Calder,Sales,Fatima Kim,Beta,,REF-5573,SKU-8264,,,Chicago,US Evening,Delta,Data Analyst,Drew Ashby,TAG-1110,,Alpha,Alpha,TAG-4069,Active,Delta,Followed up on the open items from last week.,,,7131,Standard,7899,54,2416,Gamma,,9998,1438,Beta,2023-02-04 04:19:00,1594,5125,Standard,Gamma,Beta,LOT-7277,3442,8520,9596,7704,3248,Standard,2024-04-25 15:23:00,7084,6644,Delta,Other,Beta,REF-4758,5965,6167,4939,2850,7201,Standard,,,,,,,,,,,,,,2025-08-17,9932,6538,Delta,LOT-6595,,REF-6805,7829,,7975,8088,7388,Standard,2026-04-01,,,,,,,,,,,,,2026-03-27,,,,REF-5432,,LOT-5388,,,5974,6874,4366,Alpha,Reviewed performance and gathered feedback.
100173,Relay User,101110,skyler.kim@demomail.test,Jordan Rossi,2025-07-31 16:13:00,sofia.garcia@examplecorp.test,Fatima Costa,2024-08-18 09:14:00,Standard,Emerson Whitfield,2023-12-09 11:22:00,,,,N,SKU-5531,1474,Alpha,5092,4472,888,SKU-8982,Alpha,100607,100610,SKU-1020,,,,,3010,,,100777,100459,100750,100429,100259,100173,100239,100080,100426,100702,100103,,100443,REF-2749,,,6114,,5020,,,100464,100368,100667,100492,100058,100424,100208,Emerson Vance,,,Skyler Ashby,TAG-2900,Emerson V.,Aisha Ashby,,N/A,TAG-7037,REF-1178,,TAG-5719,Other,,Jamie Nguyen,Standard,avery.ashby@sampleco.test,Team Lead,Full-Time,Copper Robotics Ltd,Senior,Skyler Mercer,Prefer not to say,REF-3668,TAG-9046,6132,N,SKU-9029,Casey Mensah,Elena Calder,LOT-2689,Liam Sato,"2,206",Denver,United Kingdom,Alpha,,,6231,rahul.ashby@acme-fake.test,Aisha Cohen,Operations,,Gamma,,REF-5523,SKU-2982,,,Bengaluru,US Evening,,Support Specialist,Priya Silva,SKU-9301,,Standard,Standard,TAG-5963,Active,Standard,,,,,,9714,2831,7877,Alpha,6791,7939,,Other,2024-04-29 11:14:00,162,9262,Gamma,Gamma,Gamma,SKU-2206,5161,1607,2358,2808,886,Delta,2023-04-04 16:24:00,761,1198,Beta,Standard,Alpha,TAG-3118,3342,9362,6262,9860,3015,Other,,,,,,,,,,,,,,2024-06-25,9865,3116,,SKU-2626,REF-5376,SKU-1952,,3700,5100,635,665,Standard,2026-07-13,,,,,,,,,,,,,2025-12-27,8801,2261,,TAG-7856,,SKU-3161,8070,,,,8332,,Shared the updated proposal for review.
100080,Relay User,101112,elena.ivanov@examplecorp.test,Alex Larsson,2025-10-09 02:20:00,casey.kim@sampleco.test,Emerson Silva,2024-10-19 03:16:00,Delta,Priya Sato,2025-01-26 15:27:00,,,,N,TAG-3161,3653,Delta,1096,5948,3648,SKU-2669,Delta,100070,,LOT-7077,9792,Alpha,,,,SKU-6724,Other,100413,100789,100415,100735,100786,100610,100395,100800,,,,100251,100496,,,,5950,,4623,,,100173,100143,100624,100565,100197,,100799,Sofia Blake,,,Jamie Costa,SKU-9118,Sofia B.,Yara Rossi,,N/A,LOT-6355,REF-8542,TAG-8100,REF-1917,,,Avery Garcia,Delta,mei.silva@demomail.test,Individual Contributor,Part-Time,Meridian Health Group,Senior,Chen Mensah,Male,LOT-4299,LOT-4589,,N,,Nina Whitfield,Mei Ivanov,,Jordan Garcia,,Denver,Canada,Beta,Alpha,,6199,elena.mercer@sampleco.test,Riley Sloan,Customer Support,Elena Dorsey,Gamma,,TAG-7943,,,,Atlanta,US Night,Standard,Accountant,Sofia Costa,,,,Other,REF-3816,Active,Beta,Reviewed performance and gathered feedback.,,,5128,,1044,1878,2860,Delta,9271,8472,,Delta,2024-10-29 15:17:00,4918,8998,Delta,Alpha,Delta,REF-6770,3250,4395,441,7311,7096,Beta,2023-11-07 22:45:00,7568,1807,Delta,Alpha,Alpha,REF-7029,5255,1730,5640,4201,9297,Beta,,,,,,,,,,,,,,2024-11-30,,1603,Beta,REF-9802,,LOT-5335,,5023,6376,8533,6848,Delta,2024-12-09,,,,,,,,,,,,,2026-07-22,6591,,Delta,,LOT-5912,,9851,,5925,,,,Noted a concern to revisit at the next sync.
100086,Relay User,101113,emerson.sloan@sampleco.test,Chen Garcia,2023-08-31 13:44:00,noah.patel@sampleco.test,Diego Silva,2024-11-27 23:09:00,Alpha,Chen Reyes,2023-12-22 02:04:00,,,,Y,LOT-4256,5256,Other,3547,3436,3519,LOT-9243,Delta,100254,100403,TAG-6135,9837,,,,,SKU-4004,,100498,100654,100205,100023,100371,100265,,100624,,100076,100037,,100156,,,,4282,,219,LOT-2056,,100172,100014,100527,100597,,,100421,Morgan Whitfield,,,Avery Blake,SKU-9545,Morgan W.,Arjun Costa,,Placed,SKU-3008,,LOT-6254,SKU-3327,Other,,Riley Calder,Beta,liam.vance@acme-fake.test,Team Lead,Contractor,Delta Health LLP,Lead,Alex Okafor,Female,SKU-9352,SKU-5747,5796,N,SKU-5444,Nina Garcia,Avery Dorsey,SKU-1692,Jordan Rossi,,Atlanta,Australia,Alpha,Gamma,,6542,reese.costa@acme-fake.test,Alex Mercer,Accounting,Priya Calder,Standard,,SKU-3880,,,,Bengaluru,US Evening,Alpha,Marketing Coordinator,Diego Costa,TAG-9477,,,Gamma,REF-6627,Active,Other,,5965,,2195,,6928,8316,6161,Delta,6383,4048,,Gamma,2025-01-14 08:36:00,42,578,Standard,Other,Standard,REF-8021,7457,9563,7189,5432,9876,Standard,2023-03-08 22:18:00,6443,7378,Beta,Alpha,Beta,REF-8165,8362,9596,7105,1119,925,Standard,,,,,,,,,,,,,,2023-01-14,287,5657,Other,SKU-4700,TAG-9109,,2843,6768,9683,4219,991,Other,2024-06-16,,,,,,,,,,,,,2025-10-22,,,Delta,TAG-6545,,TAG-2578,4324,2205,1038,9660,1977,,Noted a concern to revisit at the next sync.
100424,Relay User,101115,emerson.larsson@acme-fake.test,Emerson Ivanov,2023-10-16 11:35:00,jamie.blake@acme-fake.test,Marco Mensah,2025-12-31 05:28:00,Alpha,Yara Garcia,2023-03-19 10:07:00,,,,Y,SKU-6022,8567,Alpha,3121,4726,9170,SKU-6485,Alpha,100224,100371,,8202,Delta,290,9034,2977,REF-9134,,100543,100780,100026,100395,100188,,100503,100620,,100020,100128,100285,100542,,,,2388,,6116,,TAG-1539,100445,100782,100345,,100571,100343,100574,Marco Haddad,,,,TAG-5357,Marco H.,,TAG-8989,Placed,,REF-5454,,TAG-9869,Standard,,Jamie Reyes,Standard,chen.reyes@examplecorp.test,Team Lead,Intern,Cobalt Textiles Ltd,Lead,Drew Calder,Non-binary,TAG-1120,SKU-3221,9147,N,,Casey Haddad,Yara Sloan,,Noah Brooks,"135,986",Toronto,Mexico,Beta,Delta,,4095,nina.blake@acme-fake.test,Aisha Patel,Accounting,Drew Larsson,Beta,,LOT-2142,,Resolved the outstanding question about scope.,,Chicago,US Evening,Delta,Data Analyst,Liam Blake,,End of Contract,,Standard,REF-6749,Inactive,Delta,,,4746,,,2465,6801,1997,Beta,9565,8859,,Delta,2024-07-26 23:46:00,3308,5087,Gamma,Alpha,Delta,TAG-3566,2466,7233,1167,9449,8718,Other,2024-10-16 12:59:00,8022,7105,Beta,Standard,Alpha,REF-5947,3394,8276,9824,4395,2848,Gamma,,,,,,,,,,,,,,2023-01-21,370,8899,Delta,REF-7279,REF-8436,,3512,9551,1981,,8450,Beta,2026-02-23,,,,,,,,,,,,,2022-11-06,5650,,Standard,SKU-8988,,,6055,,8480,1886,,,Resolved the outstanding question about scope.
100212,Relay User,101116,rahul.ivanov@demomail.test,Reese Haddad,2024-06-13 08:27:00,rowan.costa@acme-fake.test,Riley Vance,2023-05-03 09:50:00,Delta,Sofia Cohen,2026-05-16 10:46:00,,,,N,TAG-5179,4627,Other,5593,1172,3097,REF-5559,Standard,100111,100267,SKU-9801,550,Gamma,,6192,,SKU-2065,Gamma,100331,100670,100705,100765,100591,,100370,100638,,100062,100380,100568,100688,REF-1456,,,1334,9696,610,,,100203,100310,100356,,100729,,100235,Casey Nguyen,,,,TAG-5706,Casey N.,,,N/A,,SKU-4452,,SKU-5117,,,Priya Sato,Beta,quinn.sloan@demomail.test,Team Lead,Intern,Pioneer Foods Ltd,Junior,Yara Silva,Non-binary,REF-4909,SKU-2427,,Y,SKU-3905,Rahul Brooks,Nina Silva,SKU-2756,Nina Whitfield,,Bengaluru,Australia,Other,Standard,,9604,taylor.mensah@sampleco.test,Nina Okafor,Software Engineering,Rowan Mercer,Alpha,,SKU-4842,REF-5118,,Aligned on billing and renewal terms.,Chicago,US Evening,,HR Generalist,Jordan Ashby,SKU-6972,,,Delta,TAG-7842,Active,Gamma,Reviewed performance and gathered feedback.,,,376,,6537,9061,767,Delta,7805,881,,Other,2023-12-05 12:23:00,9664,5756,Beta,Delta,Delta,LOT-7294,5313,5237,2950,7849,3572,Delta,2022-11-03 15:02:00,1948,601,Beta,Beta,Standard,LOT-9281,6053,8564,9249,7597,6331,Standard,,,,,,,,,,,,,,2023-05-30,9091,,Standard,TAG-2423,REF-4055,REF-6625,,1818,658,,2751,Beta,2024-04-20,,,,,,,,,,,,,2025-12-28,,4634,Beta,LOT-9382,TAG-7512,SKU-7683,,7366,,,9582,,Noted a concern to revisit at the next sync.
100520,Relay User,101119,riley.nguyen@examplecorp.test,Priya Mensah,2024-02-08 10:28:00,liam.ford@sampleco.test,Sofia Ashby,2024-06-20 22:27:00,Other,Mei Vance,2025-12-29 16:23:00,,,,N,TAG-6077,5213,Standard,3969,516,8436,REF-9044,Gamma,100555,100464,TAG-8355,,Beta,4650,6099,,,Other,100468,100546,100445,100398,100467,100251,100729,100265,,100692,100076,100403,100056,,,,,3041,,,,100735,100290,100090,100494,100744,,100302,Mei Sato,,,Aisha Ivanov,SKU-5204,Mei S.,Morgan Silva,,Not Available,SKU-1522,,SKU-9607,REF-1123,Alpha,,Rahul Costa,Alpha,yara.mensah@demomail.test,Manager,Contractor,Summit Financial Ltd,Senior,Reese Haddad,Prefer not to say,SKU-2385,SKU-8563,7779,Y,TAG-3752,,Quinn Sato,REF-2042,Avery Mensah,"36,689",Austin,Australia,Alpha,Beta,Noted a concern to revisit at the next sync.,5012,jamie.mensah@demomail.test,Arjun Ford,Data & Analytics,Arjun Calder,Other,,SKU-8908,,,Discussed timeline and next steps with the account.,London,US Evening,Standard,Operations Associate,Elena Okafor,SKU-6645,,,Delta,SKU-8609,Active,Other,Scheduled a check-in for the coming month.,4543,,,,6201,2504,4957,Beta,9986,5055,5210,Other,2024-07-04 19:57:00,9519,4817,Beta,Other,Other,LOT-2103,382,5908,9938,5303,6210,Other,2024-09-28 19:02:00,3912,680,Standard,Standard,Standard,SKU-1879,9941,5835,5333,3150,8889,Alpha,,,,,,,,,,,,,,2024-10-07,963,4072,Standard,TAG-8727,REF-5935,SKU-9324,,9726,1842,9621,2402,Standard,2025-09-24,,,,,,,,,,,,,2024-01-02,,,,,SKU-4155,,,7535,,285,,Alpha,Noted a concern to revisit at the next sync.
100705,Relay User,101121,aisha.rossi@demomail.test,Diego Mensah,2026-04-24 18:38:00,rowan.larsson@sampleco.test,Rowan Ivanov,2025-04-20 18:36:00,Alpha,Reese Calder,2024-05-20 05:19:00,,,,N,SKU-4134,9448,Delta,5792,551,6571,LOT-1685,Other,100336,100255,SKU-7538,3560,,7501,1413,,,Standard,100079,100526,100679,100316,100604,,100494,100265,,100153,,100749,,,3674,,,,,TAG-2429,,100316,100490,100314,100070,100506,100731,100475,Quinn Nguyen,,Priya Ashby,Elena Patel,LOT-1242,Quinn N.,Rahul Sloan,SKU-5073,Placed,SKU-3225,TAG-7988,SKU-8528,TAG-7859,Beta,,Riley Costa,Beta,rahul.mercer@examplecorp.test,Manager,Intern,Falcon Industries,Junior,Omar Mercer,Non-binary,REF-3964,SKU-8141,4279,N,,Liam Garcia,Marco Sloan,,Quinn Mercer,,London,Australia,Standard,Standard,Scheduled a check-in for the coming month.,5177,jordan.ford@examplecorp.test,Rowan Nguyen,Sales,Liam Kim,Beta,,REF-5656,,,Aligned on billing and renewal terms.,Chicago,US Evening,Alpha,Support Specialist,Quinn Costa,REF-7197,Relocation,Standard,Beta,LOT-9196,Inactive,Beta,Noted a concern to revisit at the next sync.,,9095,,Alpha,3240,2930,5596,Beta,,,1886,Other,2022-10-24 08:47:00,9698,4748,Beta,Other,Other,TAG-7854,4429,2670,7871,1414,5072,Delta,2023-02-12 21:26:00,5265,6792,Alpha,Standard,Delta,SKU-3996,1257,1801,9235,9646,5290,Delta,,,,,,,,,,,,,,2025-05-22,4791,8176,Beta,SKU-3346,LOT-4711,LOT-5218,550,,4056,5815,1233,Other,2023-11-11,,,,,,,,,,,,,2023-05-29,,,,,SKU-8084,,8314,9328,,,3181,Beta,Followed up on the open items from last week.
100798,Relay User,101123,diego.calder@acme-fake.test,Marco Ashby,2022-10-07 18:19:00,drew.reyes@demomail.test,Rahul Cohen,2024-09-08 07:07:00,Other,Taylor Costa,2023-04-01 05:29:00,,,,Y,LOT-3718,6163,Beta,7756,1382,3634,REF-6810,Other,100587,100709,,6207,Gamma,9552,2006,1139,,,100468,100582,100010,100223,100290,100240,100329,100111,100702,,100684,,,,1278,Alpha,,3137,,REF-7846,,100236,100744,100281,100535,,100178,100753,Jamie Blake,SKU-2877,,Quinn Kim,SKU-7130,Jamie B.,Marco Reyes,,Placed,REF-8610,,LOT-4846,SKU-7722,Standard,,Diego Brooks,Standard,reese.vance@sampleco.test,Manager,Intern,Horizon Systems LLP,Entry,Emerson Rossi,Female,TAG-8031,REF-7175,1047,N,,Fatima Blake,Avery Vance,,Casey Okafor,,Austin,Australia,,Delta,,7563,liam.sloan@demomail.test,Taylor Mercer,Operations,,Gamma,,TAG-7261,REF-5871,,,Austin,US Night,,QA Engineer,Omar Larsson,,,Standard,Delta,LOT-2710,Active,Gamma,,,6802,,,1331,3417,7559,Gamma,3951,234,269,,2025-02-14 07:22:00,3933,1101,Standard,Alpha,Standard,TAG-6972,8802,3918,6463,7279,363,Other,2023-10-22 15:23:00,9811,1385,Gamma,Gamma,Standard,REF-5129,2196,9966,8894,4449,2439,Beta,,,,,,,,,,,,,,2024-01-26,2453,652,Other,REF-2182,,REF-8684,,2387,,7270,,Standard,2024-09-23,,,,,,,,,,,,,2024-07-03,,4801,Alpha,,,SKU-9297,,36,,,442,,Scheduled a check-in for the coming month.
100667,Relay User,101124,skyler.garcia@acme-fake.test,Yara Mercer,2026-01-10 15:34:00,noah.ivanov@demomail.test,Arjun Rossi,2024-02-25 00:18:00,,Rowan Kim,2023-03-20 15:18:00,,,,Y,REF-9107,6861,Other,8812,3175,1267,LOT-5789,Beta,100382,100684,TAG-7598,4654,,,8912,7045,REF-2647,Alpha,100520,100062,100235,100736,100558,100203,,100786,100110,100359,100492,,100216,,,,,5346,,REF-5675,SKU-2676,100624,100457,100459,,100784,100750,100552,Rahul Okafor,,,Fatima Vance,SKU-7765,Rahul O.,Arjun Mensah,,Not Available,REF-6937,,SKU-5163,TAG-1320,,,Casey Cohen,Standard,priya.cohen@acme-fake.test,Manager,Contractor,Redwood Dynamics Corp,Entry,Jamie Patel,Female,REF-8539,TAG-6553,5672,N,REF-8483,Diego Haddad,Reese Ivanov,,Taylor Calder,,Bengaluru,Mexico,Delta,Other,Aligned on billing and renewal terms.,3032,liam.costa@examplecorp.test,Quinn Silva,Marketing,Liam Blake,Gamma,,REF-6362,,,Noted a concern to revisit at the next sync.,Dallas,US Day,,Recruiter,Yara Dorsey,,,Beta,Other,TAG-5400,Active,Alpha,Reviewed performance and gathered feedback.,,,7048,Beta,190,1151,1540,Gamma,,5051,28,Beta,2022-12-27 07:52:00,5496,4441,Delta,Other,Gamma,SKU-3056,9691,2441,7980,5399,169,Other,2023-11-25 09:17:00,6813,25,Beta,Standard,Beta,SKU-1056,3318,4375,761,7543,8227,Delta,,,,,,,,,,,,,,2024-09-05,1431,6865,Gamma,,SKU-9623,REF-9907,5043,,6814,,1326,Delta,2025-03-26,,,,,,,,,,,,,2023-07-23,5834,5084,Beta,,,REF-4881,3592,,,,,,Aligned on billing and renewal terms.
100470,Relay User,101127,elena.garcia@acme-fake.test,Priya Garcia,2026-04-22 13:28:00,jordan.calder@demomail.test,Morgan Ashby,2024-04-18 16:49:00,Beta,Quinn Okafor,2025-07-10 05:32:00,,,,N,SKU-8436,5448,Gamma,8873,6194,5100,REF-4680,Delta,100482,,TAG-1603,5608,Beta,,,,REF-4196,,100285,100205,100208,100696,100178,100079,100772,100062,,,100585,100742,100334,TAG-9190,1915,Beta,4551,9075,,REF-3907,,100601,100395,100178,,100603,,100117,Marco Okafor,,,Reese Whitfield,SKU-6566,Marco O.,Riley Nguyen,,Not Available,,LOT-5139,,LOT-7440,,,Priya Costa,Gamma,rahul.reyes@acme-fake.test,Team Lead,Full-Time,Atlas Solutions LLP,Entry,Drew Vance,Non-binary,TAG-2170,LOT-9595,2952,Y,SKU-7332,Jordan Ivanov,Alex Okafor,TAG-9150,Emerson Haddad,"222,513",Manila,Philippines,Beta,Other,Reviewed performance and gathered feedback.,7202,marco.larsson@examplecorp.test,Drew Mensah,Customer Support,Yara Reyes,Delta,,REF-2365,,Noted a concern to revisit at the next sync.,,Mumbai,Flexible,Gamma,Software Developer,Marco Brooks,,,,Gamma,LOT-5338,Active,Standard,Noted a concern to revisit at the next sync.,,,,,542,8424,7586,Gamma,4521,,8810,Standard,2024-03-09 18:26:00,6612,5649,Other,Other,Gamma,TAG-2295,5363,1436,2688,4884,9754,Standard,2025-01-03 20:20:00,1627,4015,Other,Gamma,Alpha,LOT-6261,6480,7443,1912,6262,8426,Delta,,,,,,,,,,,,,,2023-10-09,89,,Delta,LOT-1184,,LOT-8836,2302,6474,3594,7620,7881,Beta,2026-05-20,,,,,,,,,,,,,2023-03-25,7254,,,,,,,,,,6313,Gamma,Aligned on billing and renewal terms.
100765,Relay User,101130,riley.nguyen@examplecorp.test,Jordan Whitfield,2024-08-02 03:00:00,marco.sato@examplecorp.test,Chen Okafor,2023-03-22 03:46:00,Delta,,2025-03-23 23:26:00,,,,Y,REF-4547,1734,Standard,8285,9459,4186,SKU-6857,Standard,100520,,LOT-3290,3168,Other,3797,359,6936,,Gamma,100343,100323,100229,100403,100241,100784,,100799,100119,100492,100075,100462,,,,,5459,,560,,LOT-6548,100239,100281,100086,,,100008,100290,Taylor Patel,,,Morgan Kim,,Taylor P.,,,Placed,SKU-8763,,,TAG-5538,Delta,,Morgan Haddad,Other,liam.reyes@examplecorp.test,Team Lead,Intern,Keystone Manufacturing Group,Entry,Arjun Garcia,Male,TAG-2503,SKU-4126,,N,,,Skyler Ashby,TAG-6417,Avery Okafor,"192,380",Dallas,India,Gamma,Beta,,2237,skyler.vance@demomail.test,Skyler Calder,Finance,,Standard,,REF-9172,TAG-8503,,Reviewed performance and gathered feedback.,Phoenix,US Day,Delta,Customer Success Manager,Sofia Whitfield,LOT-2749,,,Other,LOT-4541,Active,Other,,7154,,,,4859,5361,6271,Beta,,,741,Other,2023-08-08 03:29:00,4427,4213,Standard,Alpha,Alpha,LOT-6684,6907,8188,4782,1892,53,Other,2024-02-21 22:25:00,2908,9272,Delta,Other,Gamma,REF-3205,2281,2971,3325,3945,3063,Other,,,,,,,,,,,,,,2026-04-12,,5453,Beta,SKU-5599,LOT-8693,TAG-7559,2244,1493,4041,8644,2622,,2023-12-16,,,,,,,,,,,,,2023-03-30,5618,7656,Standard,,,,856,,6831,6198,6360,,Aligned on billing and renewal terms.
100251,Relay User,101133,diego.whitfield@sampleco.test,Drew Kim,2022-12-22 23:57:00,reese.mercer@demomail.test,Riley Silva,2026-06-16 08:09:00,Alpha,Reese Silva,2023-05-30 18:12:00,,,,N,SKU-3489,8452,Beta,9656,1798,7072,REF-9207,Beta,100136,,TAG-3228,7547,Beta,5129,,2509,TAG-8223,,100280,100062,100447,100750,100120,100005,100182,100645,100342,100111,,100177,100016,TAG-7528,4513,,,,1066,,,100376,100679,100041,,,100368,100309,Skyler Brooks,,,Omar Calder,LOT-9770,Skyler B.,Chen Ashby,,Not Available,REF-4888,LOT-6416,SKU-9085,REF-1725,,,Arjun Kim,Delta,marco.okafor@acme-fake.test,Team Lead,Contractor,Pioneer Robotics LLC,Senior,Quinn Calder,Non-binary,REF-9568,TAG-9021,3481,Y,,Mei Haddad,Sofia Haddad,TAG-6006,Casey Ashby,,Bengaluru,Germany,Other,Alpha,Resolved the outstanding question about scope.,4765,casey.blake@examplecorp.test,Reese Garcia,Sales,Casey Whitfield,Delta,,SKU-9473,,,Shared the updated proposal for review.,Denver,US Night,Delta,Marketing Coordinator,Liam Blake,REF-1012,,,Delta,LOT-1499,Active,Delta,Resolved the outstanding question about scope.,,,5262,Standard,4580,9804,3360,Delta,,,8055,,2023-07-26 04:04:00,3818,8875,Standard,Other,Other,LOT-5205,5605,2114,1237,3145,8713,Beta,2026-06-28 14:10:00,2553,5503,Beta,Gamma,Gamma,TAG-7577,4674,3664,64,4003,5193,Standard,,,,,,,,,,,,,,2025-04-08,4062,3611,Standard,,REF-8153,SKU-1021,8149,3815,7428,5913,,,2025-11-21,,,,,,,,,,,,,2025-11-10,1087,,,,,LOT-4196,3801,4616,791,,,Standard,Resolved the outstanding question about scope.
100236,Relay User,101134,taylor.whitfield@sampleco.test,Nina Ivanov,2023-02-10 11:27:00,rowan.haddad@sampleco.test,Rowan Patel,2024-06-07 08:52:00,Other,,2025-02-05 06:11:00,,,,N,REF-8719,114,Alpha,6558,2433,6729,REF-9747,Other,100111,100076,SKU-1406,,Delta,3882,,,TAG-4987,Standard,100190,100559,100481,100066,100692,100132,100679,100227,,100784,100227,100661,100205,,,,,,3301,,,100023,,100242,100325,100323,100117,100603,Nina Costa,REF-9226,,Quinn Brooks,LOT-8560,Nina C.,,REF-7596,Placed,LOT-6822,SKU-3209,TAG-8005,TAG-8189,Delta,,Priya Calder,Other,marco.okafor@sampleco.test,Director,Part-Time,Evergreen Industries Corp,Junior,Emerson Cohen,Male,TAG-2459,REF-2957,7828,Y,TAG-1005,Rahul Haddad,Rahul Okafor,,Diego Costa,"51,663",Chicago,Canada,Delta,Other,Resolved the outstanding question about scope.,6842,sofia.sloan@acme-fake.test,Priya Brooks,Software Engineering,Quinn Garcia,Delta,,SKU-6512,REF-4661,,,Denver,US Day,Delta,Customer Success Manager,Mei Sloan,SKU-5106,,,Delta,LOT-7390,Active,Delta,,5047,,4287,,7659,5258,4658,Other,5723,8169,63,Alpha,2025-11-11 21:56:00,7397,4751,Delta,Gamma,Alpha,SKU-9229,215,237,2533,8660,4811,Alpha,2026-04-18 07:32:00,4060,238,Beta,Other,Beta,SKU-4228,9943,2714,9822,851,4703,Gamma,,,,,,,,,,,,,,2024-01-23,5393,7889,Alpha,SKU-8406,,TAG-3846,7633,4206,523,270,,Beta,2024-02-23,,,,,,,,,,,,,2024-06-23,6448,,Standard,TAG-2692,,,5932,,,,1270,Delta,Resolved the outstanding question about scope.
100363,Relay User,101135,morgan.costa@sampleco.test,Casey Reyes,2024-07-22 23:34:00,taylor.haddad@acme-fake.test,Fatima Nguyen,2023-01-21 14:56:00,Standard,Yara Haddad,2023-08-13 04:42:00,,,,N,LOT-2321,347,Alpha,7060,901,8104,TAG-3670,Gamma,100176,100494,SKU-9973,,Alpha,,3408,8690,LOT-7648,Beta,100772,100473,100323,100169,100212,100281,100681,100522,100475,100308,100560,100037,100555,,,Other,5395,9545,,,,100190,100216,100699,,100410,100443,100070,Liam Blake,,,Avery Cohen,SKU-4178,Liam B.,Taylor Mercer,SKU-9575,Placed,LOT-1022,,LOT-7083,TAG-5143,,,Omar Ivanov,Alpha,aisha.cohen@acme-fake.test,Individual Contributor,Full-Time,Falcon Textiles Ltd,Junior,Mei Reyes,Non-binary,REF-9686,SKU-4465,4360,N,LOT-1206,Aisha Mensah,Quinn Reyes,,Noah Whitfield,"66,395",Chicago,India,Alpha,Other,Shared the updated proposal for review.,5244,rahul.haddad@demomail.test,Omar Nguyen,Software Engineering,Priya Larsson,Beta,,LOT-4761,,,,Manila,Flexible,Gamma,Executive Assistant,Quinn Rossi,REF-4612,Relocation,,Alpha,REF-8166,Inactive,Delta,,3397,,,Alpha,9237,352,7398,Alpha,2731,,2916,Delta,2024-03-16 10:32:00,8815,1566,Other,Delta,Alpha,REF-9686,329,8639,8314,3757,1390,Beta,2023-03-31 22:22:00,5862,3323,Other,Alpha,Delta,TAG-6367,9085,5367,8112,5544,6761,Alpha,,,,,,,,,,,,,,2023-03-18,8512,3652,Delta,,LOT-2898,SKU-1808,5054,6201,4945,3807,1786,Gamma,2024-01-25,,,,,,,,,,,,,2023-04-22,,,Delta,REF-3684,,REF-4814,,6219,,5091,,Gamma,Scheduled a check-in for the coming month.
100420,Relay User,101137,drew.garcia@examplecorp.test,Morgan Cohen,2023-06-20 00:00:00,sofia.brooks@examplecorp.test,Marco Patel,2023-01-23 01:49:00,Beta,Rahul Reyes,2024-01-02 02:02:00,,,,Y,LOT-8202,1466,Alpha,8709,6188,4232,LOT-9066,Beta,100368,100479,SKU-9850,,,6695,1618,7064,,,100523,100523,100234,100574,100168,100017,100251,100800,100176,100624,,100494,100083,,,Delta,,,,,SKU-2532,100588,100469,100382,,100440,100405,100690,Arjun Sato,,,,SKU-5217,Arjun S.,,LOT-8263,Not Available,LOT-1605,LOT-4646,,TAG-5200,Alpha,,Omar Rossi,Other,rowan.dorsey@examplecorp.test,Manager,Intern,Pioneer Robotics LLC,Senior,Casey Mensah,Non-binary,TAG-9125,LOT-9484,,N,SKU-2495,Sofia Vance,Yara Nguyen,,Riley Nguyen,"55,307",Austin,Australia,,Beta,,2863,aisha.larsson@demomail.test,Diego Calder,Marketing,Mei Vance,Alpha,,SKU-9883,,Reviewed performance and gathered feedback.,Scheduled a check-in for the coming month.,London,US Night,,Executive Assistant,Reese Costa,,End of Contract,Delta,Beta,TAG-8209,Inactive,Standard,,,,6906,,2353,7751,6472,Other,4571,8486,5302,Beta,2022-12-13 21:56:00,5744,4875,Delta,Delta,Alpha,LOT-1727,8078,5190,974,9250,1029,Standard,2023-03-21 04:19:00,3940,4256,Alpha,Beta,Beta,SKU-4840,1134,5619,1532,6993,1248,Gamma,,,,,,,,,,,,,,2023-12-04,2050,8919,Delta,TAG-7336,,LOT-6969,9090,545,,1721,3048,Alpha,2024-01-14,,,,,,,,,,,,,2023-07-08,5412,2322,,,,LOT-8082,6836,8215,1170,,,,Noted a concern to revisit at the next sync.
100049,Relay User,101138,elena.mercer@examplecorp.test,Elena Dorsey,2023-11-27 07:59:00,arjun.sato@demomail.test,Rowan Ford,2024-05-10 12:15:00,Gamma,,2023-02-06 18:02:00,,,,N,REF-3006,6532,Other,8591,2225,598,LOT-9538,Gamma,100293,100094,REF-4774,,,7273,280,4444,REF-5044,,100238,100532,100571,100080,100587,100400,100661,100241,,100122,100638,100236,100305,SKU-6764,,Delta,8483,8091,499,,,100569,100569,100627,,100091,,100552,Drew Silva,,,Skyler Sato,SKU-9230,Drew S.,Elena Brooks,LOT-4676,Available,REF-6372,,,SKU-7989,,,Yara Ashby,Gamma,aisha.garcia@examplecorp.test,Individual Contributor,Full-Time,Delta Partners Corp,Entry,Diego Whitfield,Non-binary,REF-1152,TAG-5961,746,Y,,Nina Ashby,Jamie Patel,,Casey Mensah,"218,635",Austin,Canada,,Gamma,Noted a concern to revisit at the next sync.,5115,sofia.costa@examplecorp.test,Fatima Ashby,Marketing,Emerson Reyes,Beta,,LOT-7969,,,,Chicago,US Evening,Gamma,Support Specialist,Quinn Ford,TAG-5702,,,Alpha,SKU-5098,Active,Gamma,,,2753,18,Other,3718,4154,1445,Alpha,,9398,9061,Alpha,2023-10-06 12:13:00,3795,2504,Gamma,Alpha,Beta,LOT-6484,1837,441,454,6418,2484,Beta,2024-09-09 12:14:00,7901,4875,Beta,Standard,Delta,TAG-3242,9672,7223,7452,7158,4031,Alpha,,,,,,,,,,,,,,2024-12-14,2692,8046,Beta,TAG-6523,SKU-9944,SKU-3112,8009,,,7393,5369,Beta,2023-02-28,,,,,,,,,,,,,2026-05-21,4474,,,,,SKU-9619,,3544,,,,,Resolved the outstanding question about scope.
100110,Relay User,101139,taylor.larsson@demomail.test,Diego Dorsey,2025-12-28 23:03:00,marco.rossi@sampleco.test,Alex Whitfield,2025-01-02 03:54:00,Standard,,2024-07-07 20:34:00,,,,Y,SKU-2083,7034,Standard,1914,521,9111,REF-5793,Standard,,100328,TAG-7494,6295,,1206,8927,2500,TAG-7970,Standard,100030,100094,100255,100516,100343,100696,,100366,100123,,100688,100308,100334,,,,,6428,,,,100229,100598,100429,100010,,,100051,Elena Calder,,,Arjun Larsson,REF-5929,Elena C.,Rahul Calder,,Not Available,SKU-9628,,TAG-4130,SKU-9589,Alpha,,Jordan Rossi,Delta,fatima.haddad@examplecorp.test,Team Lead,Full-Time,Lakeside Capital Inc,Mid-Level,Alex Vance,Male,TAG-8928,SKU-8240,127,N,LOT-2934,Alex Blake,Mei Blake,,,"143,710",Atlanta,India,Other,Beta,,6569,noah.blake@sampleco.test,Skyler Nguyen,Accounting,,Delta,,REF-4393,REF-4405,,Discussed timeline and next steps with the account.,Dallas,Flexible,Alpha,HR Generalist,Morgan Vance,REF-9868,End of Contract,Gamma,Beta,REF-7184,Inactive,Delta,Reviewed performance and gathered feedback.,896,,1921,,4336,1293,7785,Delta,7805,,,Standard,2023-09-02 19:21:00,7169,3443,Standard,Alpha,Gamma,REF-7714,8831,5685,1750,7108,3443,Other,2023-05-07 15:37:00,4939,4434,Delta,Beta,Delta,LOT-5287,3690,6772,5550,4602,2252,Alpha,,,,,,,,,,,,,,2025-08-14,1220,9533,Alpha,REF-2181,LOT-4126,,4253,2197,,3214,7022,Other,2022-12-27,,,,,,,,2814,,,,,2025-12-14,,,,,LOT-6140,,,,1663,2159,,,Discussed timeline and next steps with the account.
100113,Relay User,101141,drew.nguyen@demomail.test,Rahul Kim,2024-05-29 02:36:00,drew.mensah@acme-fake.test,Fatima Okafor,2023-08-02 07:57:00,Standard,,2024-12-24 22:08:00,,,,N,SKU-9248,2723,Standard,6094,7231,4897,LOT-4091,Delta,100308,100506,REF-1526,,Other,6889,8916,,SKU-1905,,100670,100530,100418,100070,100560,100421,100462,100325,100649,100069,100642,,100702,,1117,,4128,423,,,,100363,100543,100492,100585,,100086,100591,Avery Mensah,REF-1795,,Riley Costa,TAG-1246,Avery M.,Arjun Dorsey,REF-5774,Placed,SKU-9644,,,SKU-7082,,,Marco Mercer,Delta,morgan.garcia@examplecorp.test,Manager,Full-Time,Northwind Foods LLC,Senior,Riley Mercer,Male,TAG-9513,LOT-2831,2608,Y,,Liam Okafor,Yara Mercer,,Arjun Okafor,"62,817",Toronto,Australia,Alpha,Gamma,Scheduled a check-in for the coming month.,,rowan.okafor@demomail.test,Priya Ivanov,Marketing,Quinn Ashby,Other,,SKU-3727,,,,Mumbai,US Day,Beta,Recruiter,Omar Ashby,TAG-3519,,,Other,LOT-6352,Active,Gamma,,,,8831,,1976,9528,4400,Standard,,8232,8296,,2026-03-16 13:57:00,8627,809,Alpha,Beta,Alpha,TAG-3998,3967,5420,8840,4619,6788,Other,2024-10-05 09:06:00,2658,4671,Alpha,Gamma,Alpha,REF-6100,3943,8913,6661,5,5279,Standard,,,,,,,,,,,,,,2026-01-01,9235,60,Beta,SKU-2667,,LOT-7972,9966,9964,8698,8140,3589,,2024-01-18,,,,,,,,,,,,,2024-01-02,8678,,,SKU-8619,REF-8302,REF-1198,2773,,,,7527,,Reviewed performance and gathered feedback.
100370,Relay User,101143,noah.blake@acme-fake.test,Priya Blake,2025-06-04 15:58:00,morgan.cohen@demomail.test,Alex Reyes,2022-12-21 18:49:00,Gamma,Jamie Blake,2025-06-07 15:45:00,,,,N,TAG-7341,183,Other,4153,8276,2771,TAG-8181,Other,100758,100240,TAG-3968,3140,Alpha,3033,,8586,LOT-2472,,100744,100286,100363,100285,100734,100518,100386,100736,100359,100634,100012,100772,100176,,5569,,,,,,,100331,100571,100161,,,100420,100473,Aisha Ivanov,,,Arjun Sloan,SKU-9434,Aisha I.,Fatima Ford,,Placed,REF-6227,,,LOT-6605,,,Casey Costa,Standard,yara.garcia@sampleco.test,Director,Part-Time,Brightpath Group Inc,Lead,Sofia Costa,Non-binary,TAG-8205,TAG-2056,9963,N,SKU-5980,Emerson Reyes,Reese Blake,,Chen Ivanov,"72,772",Austin,Germany,Alpha,Alpha,,9360,alex.calder@sampleco.test,Riley Okafor,Software Engineering,,Beta,,LOT-5161,REF-7402,,Noted a concern to revisit at the next sync.,Chicago,US Day,Alpha,Project Manager,Yara Haddad,TAG-6168,,,Alpha,REF-3348,Active,Standard,,,,,,9915,1024,6411,Delta,,6,3436,Alpha,2023-04-15 03:27:00,6006,3976,Delta,Beta,Alpha,SKU-4388,5803,4577,417,6588,9262,Gamma,2025-12-22 19:02:00,1756,6003,Beta,Gamma,Gamma,SKU-7564,7585,4640,6850,3560,4408,Standard,,,,,,,,,,,,,,2025-11-17,6557,,Delta,LOT-1210,,,8952,7613,,9553,,Standard,2025-05-14,,,,,,,,,,,,,2023-06-23,,9705,,,,,460,,,250,2390,,Followed up on the open items from last week.
100029,Relay User,101146,avery.sloan@acme-fake.test,Emerson Ashby,2025-01-14 11:58:00,jamie.costa@examplecorp.test,Omar Dorsey,2024-05-29 08:42:00,Standard,Taylor Whitfield,2022-12-24 00:10:00,,,,Y,LOT-5995,7441,Standard,7189,3416,5889,REF-9385,Delta,,100559,,6989,Delta,4613,6791,6523,LOT-4529,,100316,100192,100049,100158,100546,100298,100615,100686,,100615,100742,100359,100091,SKU-2388,,Standard,,,,TAG-9722,,100259,100037,100645,,100530,,100224,Noah Sloan,,,Arjun Larsson,TAG-8494,Noah S.,Avery Sato,,Available,SKU-7847,,,SKU-8047,,,Fatima Kim,Gamma,yara.larsson@acme-fake.test,Director,Contractor,Evergreen Manufacturing Ltd,Junior,Casey Vance,Male,TAG-5358,TAG-1280,,N,SKU-6665,Avery Whitfield,Elena Calder,,Omar Ford,,Atlanta,Philippines,Gamma,Delta,,8490,casey.brooks@sampleco.test,Skyler Reyes,Sales,,Standard,,SKU-3712,,,Noted a concern to revisit at the next sync.,Denver,Flexible,Delta,Support Specialist,Chen Ashby,,,,Gamma,SKU-1990,Active,Standard,,,,,,544,571,8666,Standard,928,4316,2630,Standard,2023-04-02 13:11:00,3692,438,Alpha,Gamma,Gamma,LOT-4525,3732,6222,2408,3953,8569,Standard,2025-12-01 22:32:00,7342,3037,Standard,Other,Gamma,TAG-8759,2456,7348,1766,1990,717,Gamma,,,,,,,,,,,,,,2024-04-05,,3618,,SKU-1891,TAG-8388,TAG-1773,3283,7282,3561,,1033,Other,2025-06-13,,,,,,,,,,,,Delta,2026-07-11,,,,,REF-7117,LOT-2291,21,,,,,Beta,Aligned on billing and renewal terms.
100025,Relay User,101148,rowan.costa@acme-fake.test,Marco Larsson,2023-01-27 07:38:00,jamie.okafor@sampleco.test,Arjun Dorsey,2025-07-28 15:16:00,Standard,Drew Sato,2023-07-21 19:38:00,,,,N,TAG-4451,9254,Gamma,1087,9522,7870,TAG-6978,Delta,100685,100083,SKU-7798,8449,Beta,,1119,1301,TAG-7310,,100679,100539,100374,100452,100646,100646,,100089,100066,100574,100667,,100017,,,,2798,,,,,100257,100492,100672,100696,,100025,100240,Liam Mensah,,,Diego Okafor,,Liam M.,,,N/A,SKU-5278,SKU-2872,,REF-9557,,,Priya Sloan,Delta,morgan.dorsey@demomail.test,Team Lead,Full-Time,Beacon Labs Co,Senior,Yara Brooks,Prefer not to say,SKU-9710,LOT-3632,5155,Y,TAG-5662,Alex Larsson,Emerson Dorsey,,Taylor Cohen,"214,665",Phoenix,Mexico,,Other,,9767,rowan.reyes@acme-fake.test,Casey Ford,Software Engineering,Noah Brooks,Delta,,SKU-8770,TAG-2877,,Noted a concern to revisit at the next sync.,Manila,US Evening,Other,Data Analyst,Reese Brooks,SKU-5097,,Delta,Alpha,REF-4861,Active,Gamma,Resolved the outstanding question about scope.,,3680,375,Gamma,8707,227,7039,Other,3841,5840,,Delta,2024-12-04 11:56:00,3177,9357,Alpha,Delta,Standard,REF-1504,1041,8395,2870,916,1776,Other,2024-04-30 05:56:00,1568,2296,Alpha,Delta,Other,LOT-2152,7759,2123,9072,2679,1049,Standard,,,,,,,,,,,,,,2024-12-12,,384,Delta,SKU-2571,REF-5039,REF-1755,2067,342,2676,924,7275,Alpha,2022-12-26,,,,,,,,,,,,,2024-12-14,2256,,,,,TAG-9812,,,,,,Standard,Scheduled a check-in for the coming month.
100148,Relay User,101150,aisha.calder@sampleco.test,Emerson Reyes,2025-12-29 17:25:00,mei.larsson@examplecorp.test,Omar Costa,2024-11-24 17:29:00,Gamma,,2024-09-25 07:33:00,,,,Y,TAG-9446,5856,Standard,2653,5907,7993,TAG-2367,Beta,100784,,REF-2095,4321,Gamma,524,1631,,LOT-9692,Beta,100799,100017,100741,100323,100642,100661,100798,100679,100523,100738,100548,,100313,,9063,,6485,,,,TAG-3376,100288,100429,100403,100418,100646,100110,100731,Nina Kim,,,,,Nina K.,Rowan Costa,,Available,SKU-5751,,,REF-1314,Delta,Delta,Emerson Ford,Gamma,alex.rossi@examplecorp.test,Individual Contributor,Full-Time,Lakeside Foods Inc,Senior,Fatima Vance,Female,TAG-8148,REF-9970,496,Y,LOT-1590,Elena Rossi,Diego Brooks,,,"248,792",Atlanta,Philippines,,Alpha,Shared the updated proposal for review.,,liam.vance@demomail.test,Yara Cohen,Finance,Arjun Larsson,Alpha,,SKU-8420,,Noted a concern to revisit at the next sync.,,Atlanta,US Night,Gamma,Data Analyst,Emerson Rossi,REF-8148,,,Gamma,SKU-2272,Active,Beta,Noted a concern to revisit at the next sync.,,,,,7934,8482,253,Gamma,6539,1245,115,Delta,2025-10-30 18:45:00,7744,4776,Delta,Standard,Alpha,REF-1208,9467,1552,2802,5104,3180,Beta,2023-08-22 16:04:00,6291,5814,Delta,Beta,Beta,LOT-6505,9289,7759,7209,9690,715,Gamma,,,,,,,,,,,,,,2024-12-23,9609,3315,Alpha,TAG-5904,REF-1810,REF-1848,,,270,1430,1360,Delta,2025-02-06,,,,,,,,,,,,,2026-02-07,,9230,,,,SKU-5122,4336,,,,,Gamma,Discussed timeline and next steps with the account.
100120,Relay User,101152,diego.costa@sampleco.test,Morgan Okafor,2023-05-17 15:16:00,morgan.okafor@sampleco.test,Noah Cohen,2023-05-14 09:43:00,Alpha,,2022-12-16 18:17:00,,,,Y,TAG-8711,6396,Gamma,4734,8767,1154,TAG-6494,Standard,100227,100103,,,,9087,168,3367,,,100332,100340,100720,100535,100026,100398,100042,100254,100576,100699,100076,100560,100023,,,,,,,,,100772,100685,100111,100161,100696,100091,100494,Taylor Vance,,,Casey Larsson,LOT-1757,Taylor V.,Liam Costa,,Available,,,,TAG-4852,Beta,,Aisha Ivanov,Beta,yara.dorsey@sampleco.test,Individual Contributor,Intern,Keystone Ventures,Mid-Level,Emerson Ashby,Female,SKU-2782,TAG-4795,,Y,REF-2957,Marco Nguyen,Aisha Haddad,,,,Mumbai,Philippines,Alpha,Standard,,8976,taylor.larsson@demomail.test,Alex Mercer,Accounting,,Beta,,TAG-6910,REF-4976,,,Mumbai,US Evening,Delta,Project Manager,Jordan Mensah,,,,Gamma,LOT-9115,Active,Beta,,,,2090,,1882,1587,3896,Delta,,6804,137,Alpha,2023-08-15 03:00:00,5949,3283,Delta,Other,Standard,REF-2900,6017,1899,1744,549,8470,Beta,2024-09-02 05:56:00,9732,1325,Delta,Standard,Delta,TAG-8949,3058,5950,6242,6646,889,Alpha,,,,,,,,,,,,,,2026-07-01,,,,REF-1495,REF-9763,REF-1324,,4749,6195,2972,1365,Beta,2023-11-23,,,,,,,,,,,,,2023-10-01,4716,,Gamma,REF-3256,LOT-9173,,,724,4139,499,,,Reviewed performance and gathered feedback.
100664,Relay User,101153,rowan.dorsey@acme-fake.test,Reese Sloan,2025-05-07 20:46:00,sofia.rossi@examplecorp.test,Rowan Reyes,2026-04-18 20:57:00,,Morgan Garcia,2025-10-29 05:35:00,,,,Y,REF-3148,8646,Gamma,4650,3779,2732,TAG-1809,Other,100487,100449,LOT-4044,7277,,8192,,,,Alpha,100715,100094,100789,100398,100389,100793,100106,100789,,,100712,100389,100391,,,,,,6835,,,100190,100642,100243,100625,,,100792,Nina Blake,,,,,Nina B.,,,N/A,TAG-2476,,,SKU-5791,,,Rahul Ashby,Alpha,fatima.silva@examplecorp.test,Team Lead,Part-Time,Northwind Industries Ltd,Lead,Chen Nguyen,Female,LOT-4401,TAG-2519,8173,N,,Avery Calder,Fatima Rossi,REF-2678,Sofia Ivanov,,Seattle,Canada,Other,Alpha,,,chen.whitfield@demomail.test,Priya Mercer,Software Engineering,Alex Reyes,Delta,,LOT-6880,REF-5995,,,Manila,US Night,Beta,HR Generalist,Mei Vance,,,,Alpha,LOT-8299,Active,Alpha,,4325,,,Delta,4716,915,86,Delta,7529,,6718,Delta,2025-03-05 17:35:00,6144,2467,Other,Beta,Beta,REF-6498,2987,8463,9480,5929,7937,Other,2023-07-29 10:54:00,3112,30,Other,Alpha,Alpha,REF-6982,6083,9256,2199,9008,6857,Gamma,,,,,,,,,,,,,,2023-08-15,8636,,Beta,LOT-5124,SKU-2624,TAG-8413,,4461,,9786,,Alpha,2025-07-28,,,,,,,,,,,,,2025-04-18,,,Other,,,REF-1527,5835,,,8703,9939,,Aligned on billing and renewal terms.
100146,Relay User,101154,sofia.sloan@demomail.test,Diego Costa,2025-12-25 23:14:00,rowan.patel@demomail.test,Jordan Costa,2024-10-12 01:32:00,Alpha,,2024-01-20 12:56:00,,,,N,TAG-9604,1509,Delta,4577,4286,2054,REF-6890,Gamma,100235,100726,REF-7748,3679,,6194,1404,,LOT-2635,Standard,100080,100800,100212,100340,100574,,100110,100569,100494,100708,100759,,100440,,3851,Delta,,,6915,TAG-7334,TAG-7589,100475,100356,100192,100582,100482,,100607,Sofia Larsson,,,,SKU-9134,Sofia L.,Diego Kim,,Placed,REF-2121,SKU-3434,REF-9715,LOT-4434,Delta,,Rowan Patel,Beta,yara.rossi@examplecorp.test,Team Lead,Full-Time,Cobalt Manufacturing,Senior,Jordan Ashby,Male,REF-5745,REF-9632,1873,Y,SKU-4809,Liam Silva,Sofia Ivanov,SKU-3852,Chen Blake,"77,584",Denver,United Kingdom,Standard,Delta,,6671,priya.reyes@sampleco.test,Liam Patel,Sales,Diego Haddad,Standard,,REF-7710,SKU-3297,,,Chicago,US Night,Gamma,Customer Success Manager,Diego Okafor,LOT-3347,,Standard,Delta,LOT-9700,Active,Gamma,Noted a concern to revisit at the next sync.,2258,,6165,,8151,5162,6746,Standard,7274,2135,7312,,2025-04-27 02:15:00,5263,1759,Alpha,Standard,Standard,LOT-6846,767,8153,9545,9990,7513,Standard,2023-08-16 17:57:00,6517,1308,Delta,Other,Other,REF-1051,2766,8524,7123,4724,9341,Delta,,,,,,,,,,,,,,2026-03-17,3697,,Gamma,LOT-7236,SKU-3369,TAG-1015,4026,,,218,6823,Other,2023-01-03,,,,,,,,,,,,,2024-02-08,,8533,Alpha,REF-3420,REF-9392,LOT-7043,,2068,,,,,Followed up on the open items from last week.
100242,Relay User,101157,rowan.sloan@acme-fake.test,Yara Ford,2025-02-19 22:58:00,aisha.haddad@acme-fake.test,Emerson Costa,2025-02-10 06:34:00,Other,Reese Ford,2023-10-12 11:47:00,,,,Y,TAG-3008,3400,Gamma,3965,7925,7400,SKU-7593,Delta,100285,100749,REF-2682,6576,Delta,1522,1146,1191,LOT-7027,Standard,100771,100694,100353,100220,100631,100215,100522,100496,,100604,,100165,100645,,3800,,,,9845,SKU-2205,SKU-5834,100555,100391,100331,,,100789,100563,Reese Nguyen,,,Jordan Reyes,TAG-9196,Reese N.,Skyler Ford,REF-9094,Not Available,SKU-5409,,,SKU-5248,Delta,,Taylor Rossi,Standard,marco.okafor@sampleco.test,Manager,Part-Time,Lakeside Media Co,Senior,Drew Cohen,Prefer not to say,TAG-9842,TAG-6801,4923,Y,,Emerson Whitfield,Elena Dorsey,,,"85,988",Bengaluru,United States,Delta,Standard,Scheduled a check-in for the coming month.,7672,nina.haddad@acme-fake.test,Arjun Garcia,Marketing,Elena Larsson,Beta,,LOT-1950,TAG-5631,,,Toronto,Flexible,,Data Analyst,Rowan Garcia,,Performance,,Standard,TAG-2554,Inactive,Gamma,Scheduled a check-in for the coming month.,1062,,8377,,6002,1175,3485,Standard,147,,,Gamma,2023-07-21 12:28:00,4106,9716,Alpha,Other,Alpha,TAG-8403,7252,465,2991,9081,7330,Other,2024-03-12 23:46:00,8763,7948,Beta,Delta,Delta,SKU-7070,7243,5253,108,1068,443,Other,,,,,,,,,,,,,,2024-03-20,8986,724,Gamma,,LOT-9592,REF-3553,9852,4948,1555,6063,,Gamma,2024-07-12,,,,,,,,,,,,,2024-05-07,1879,,,,TAG-8128,,,,,,,Standard,Discussed timeline and next steps with the account.
100280,Relay User,101159,yara.cohen@acme-fake.test,Marco Dorsey,2024-10-05 15:15:00,mei.mercer@examplecorp.test,Quinn Blake,2026-02-18 13:41:00,Standard,Diego Vance,2024-05-31 14:19:00,,,,N,SKU-1565,8735,Beta,5206,6311,4401,REF-8411,Delta,100099,100235,SKU-8929,657,Gamma,,7401,1163,TAG-3660,Other,100275,100418,100374,100388,100030,100585,100803,100593,,100613,,,100223,REF-2928,6008,,,,,TAG-9098,,100690,100319,100099,,100477,100788,100424,Quinn Costa,,,,TAG-5268,Quinn C.,,,Placed,,LOT-7953,SKU-3538,LOT-9176,Gamma,,Quinn Rossi,Other,riley.larsson@examplecorp.test,Individual Contributor,Contractor,Lakeside Foods LLP,Entry,Sofia Okafor,Female,TAG-8317,REF-8922,518,Y,REF-4663,Aisha Mercer,Arjun Nguyen,LOT-6392,,,Austin,United Kingdom,Delta,Delta,,3753,morgan.kim@demomail.test,Jordan Costa,Accounting,Skyler Ashby,Delta,,LOT-2596,LOT-4759,,,Toronto,US Day,Other,Accountant,Yara Mensah,LOT-8243,,,Standard,LOT-1624,Active,Alpha,Noted a concern to revisit at the next sync.,,,3148,Beta,4383,1755,4762,Other,6692,2462,5559,Other,2023-01-16 16:33:00,4523,7433,Gamma,Delta,Standard,LOT-8583,7361,8214,1202,5,9270,Beta,2025-05-04 01:58:00,6541,1991,Delta,Alpha,Gamma,TAG-2712,5975,6279,3571,1219,738,Alpha,,,,,,,,,,,,,,2025-04-23,1948,,,,LOT-2535,LOT-1299,3763,7274,6957,8018,,Gamma,2025-11-20,,,,,,,,,,,,,2025-05-24,,3978,,,SKU-4712,TAG-1286,,,,8753,1192,,Followed up on the open items from last week.
100122,Relay User,101161,casey.whitfield@examplecorp.test,Quinn Larsson,2026-02-16 12:55:00,quinn.dorsey@acme-fake.test,Rowan Silva,2023-11-18 07:29:00,Other,Marco Garcia,2022-10-29 01:18:00,,,,N,LOT-1135,6189,Beta,2211,4318,593,SKU-1763,Beta,100603,100241,SKU-4987,8982,Beta,6085,2083,8590,,Alpha,100342,100569,100758,100543,100356,,100500,100415,,100481,100456,,100447,,1403,,,,656,,,100494,100627,100624,100323,100408,,100232,Taylor Sato,,,Emerson Mensah,REF-5590,Taylor S.,Alex Mensah,,Placed,LOT-8420,,,REF-2559,Alpha,,Avery Rossi,Beta,rowan.nguyen@sampleco.test,Team Lead,Contractor,Granite Ventures Inc,Senior,Taylor Brooks,Male,TAG-3594,REF-3431,4739,Y,LOT-7562,Reese Mensah,Reese Garcia,,Avery Whitfield,"241,663",Austin,Mexico,Standard,Delta,,7160,skyler.ashby@examplecorp.test,Liam Reyes,Customer Support,Noah Blake,Standard,,TAG-9340,,,,Austin,US Night,Gamma,Support Specialist,Yara Ashby,SKU-4552,,,Gamma,TAG-2135,Active,Beta,,5113,5336,,,3077,2775,7636,Delta,474,5820,9493,Delta,2025-03-21 09:42:00,6925,3539,Delta,Gamma,Delta,REF-8702,3957,9691,6523,2692,301,Standard,2024-05-31 10:12:00,8607,5968,Alpha,Delta,Alpha,LOT-5825,9233,3943,8707,3518,3090,Delta,,,,,,,,,,,,,,2023-06-19,9356,6084,Delta,REF-7702,,,9772,,,234,,Gamma,2025-12-30,,,,,,,,,,,,,2024-04-06,,8754,Gamma,,,,,878,2972,,,,Discussed timeline and next steps with the account.
100161,Relay User,101164,skyler.larsson@acme-fake.test,Aisha Patel,2023-04-06 09:37:00,elena.mercer@demomail.test,Chen Cohen,2024-06-16 17:41:00,Standard,Skyler Rossi,2026-07-24 14:44:00,,,,Y,LOT-8577,8873,Other,8273,5738,7529,SKU-9732,Gamma,,100224,REF-6086,,,2884,3379,4796,,Beta,100180,100798,100485,100037,100220,100113,100552,100259,100334,100628,100079,100184,100236,,,,,,,,,100209,100686,100241,100685,100106,100531,100046,Chen Sato,REF-1517,,,SKU-7977,Chen S.,,,Available,TAG-7424,TAG-4951,LOT-5499,SKU-4907,,,Drew Haddad,Standard,diego.patel@demomail.test,Team Lead,Intern,Keystone Financial Corp,Senior,Arjun Silva,Male,TAG-6926,REF-6221,7621,N,,Noah Sato,Rowan Ivanov,,Chen Silva,"244,190",Atlanta,United States,Gamma,Delta,,4723,riley.dorsey@acme-fake.test,Avery Cohen,Sales,,Other,,SKU-2658,LOT-5478,,,Austin,US Night,Other,QA Engineer,Diego Calder,REF-8947,,,Gamma,SKU-2466,Active,Alpha,,4685,,4454,,7469,2971,8641,Alpha,,1040,,,2023-11-07 17:18:00,8778,7735,Alpha,Gamma,Gamma,REF-2595,5981,4206,8648,4448,1709,Delta,2024-11-18 02:06:00,6577,951,Standard,Alpha,Other,TAG-7194,6418,3038,2497,8591,8169,Gamma,,,,,,,,,,,,,,2023-04-28,8278,,,LOT-4004,REF-1299,,,1347,5370,3616,1526,Alpha,2025-12-31,,,,,,,,,,,,,2025-06-26,,2108,Standard,REF-8743,REF-3986,,8020,4033,9734,,,,Followed up on the open items from last week.
100658,Relay User,101166,drew.whitfield@demomail.test,Nina Ivanov,2025-07-02 16:28:00,casey.calder@demomail.test,Drew Okafor,2025-06-07 21:16:00,Beta,Reese Haddad,2025-05-23 08:49:00,,,,N,LOT-8706,9076,Standard,9646,4201,9212,SKU-7247,Gamma,100331,100522,TAG-7056,346,Delta,3561,3518,3165,TAG-3870,Standard,100664,100386,100227,100500,100681,100374,100216,100119,100079,100025,100420,100694,100352,,1659,,,,,,SKU-3384,100090,100063,100290,,100702,,100652,Jamie Calder,,,Riley Nguyen,TAG-3813,Jamie C.,Elena Ford,,Placed but Available,REF-4842,TAG-7884,,REF-9677,Beta,,Drew Calder,Beta,liam.haddad@examplecorp.test,Director,Part-Time,Granite Logistics Corp,Lead,Reese Reyes,Male,LOT-1651,REF-6597,7308,N,REF-9355,Taylor Patel,Riley Calder,REF-8707,Riley Whitfield,"154,383",Chicago,United States,Alpha,Other,,4428,yara.dorsey@acme-fake.test,Jamie Dorsey,Operations,,Gamma,,SKU-2829,,,,Mumbai,US Day,Other,Recruiter,Elena Nguyen,LOT-7879,Performance,,Alpha,TAG-3152,Inactive,Beta,,,1629,,,8467,8222,2062,Beta,9483,4205,2478,Alpha,2024-07-17 21:45:00,7602,6547,Delta,Beta,Standard,TAG-7741,948,448,9919,7245,8393,Standard,2025-11-03 05:59:00,4116,4528,Alpha,Alpha,Beta,REF-6972,9467,1270,6360,3548,7206,Other,,,,,,,,,,,,,,2024-03-05,4285,2500,Delta,REF-7157,LOT-5064,TAG-8014,,4306,2144,,3463,,2023-04-08,,,,,,,,,,,,,2024-02-11,1434,,Standard,,TAG-2075,TAG-3873,6833,,737,,,Beta,Reviewed performance and gathered feedback.
100667,Relay User,101167,fatima.cohen@demomail.test,Omar Dorsey,2024-05-07 09:36:00,morgan.calder@examplecorp.test,Drew Larsson,2025-08-20 18:34:00,Alpha,Morgan Mensah,2023-02-15 12:10:00,,,,Y,TAG-9968,9502,Other,5298,2887,9211,TAG-9065,Beta,100328,100535,,2927,Beta,6585,1130,7299,SKU-6276,,100593,100168,100265,100053,100156,100627,100452,100331,100339,100280,100720,,100498,SKU-3888,,Beta,,3956,,,,100656,100069,100395,,,100254,100625,Marco Silva,LOT-9882,,,TAG-1363,Marco S.,Morgan Kim,,Placed,SKU-5518,REF-7103,SKU-9880,LOT-1291,Delta,,Emerson Rossi,Beta,noah.haddad@acme-fake.test,Team Lead,Full-Time,Northwind Financial Inc,Junior,Emerson Ivanov,Prefer not to say,TAG-7854,TAG-7061,,N,,,Reese Dorsey,,Chen Larsson,,London,Canada,Beta,Gamma,Shared the updated proposal for review.,6324,skyler.mercer@examplecorp.test,Taylor Ivanov,Human Resources,Jamie Dorsey,Alpha,,REF-6914,,,Scheduled a check-in for the coming month.,Denver,US Day,Beta,Software Developer,Priya Ashby,,,,Beta,REF-3438,Active,Delta,Noted a concern to revisit at the next sync.,,,,,7836,4073,4668,Standard,,5631,3642,,2026-03-07 05:22:00,1151,2877,Standard,Other,Alpha,LOT-6179,5595,5083,2352,4274,993,Alpha,2026-01-17 18:33:00,3922,1546,Beta,Standard,Alpha,SKU-3108,3833,1959,4613,6190,2915,Alpha,,,,,,,,,,,,,,2025-11-01,7054,5220,Gamma,LOT-5617,,LOT-6097,9575,1329,7836,8598,,Alpha,2025-09-28,,,,,,,,,,,,,2026-02-07,,,,SKU-9960,REF-4744,REF-4823,,5982,,,3097,,Shared the updated proposal for review.
100169,Relay User,101168,yara.silva@demomail.test,Elena Larsson,2025-06-13 18:33:00,aisha.haddad@sampleco.test,Avery Kim,2022-10-05 02:20:00,Standard,,2023-07-19 07:07:00,,,,N,SKU-5998,1829,Gamma,3694,9115,3511,LOT-2993,Gamma,100216,100793,LOT-7633,7713,,4108,4632,,,Beta,100759,100066,100322,100492,100257,100473,100171,100386,100726,100080,100332,100281,,,8610,,23,,,,TAG-9685,100715,100729,100104,100654,100788,,100445,Yara Dorsey,REF-5801,,,REF-7916,Yara D.,,,Placed,,,REF-3453,REF-2451,Gamma,,Reese Sato,Delta,avery.vance@acme-fake.test,Team Lead,Contractor,Evergreen Media LLP,Entry,Noah Larsson,Female,TAG-5698,LOT-2945,2511,N,,Jamie Ford,Diego Patel,SKU-5903,Aisha Costa,"240,815",Atlanta,Canada,Delta,Standard,Noted a concern to revisit at the next sync.,8195,taylor.cohen@examplecorp.test,Reese Costa,Human Resources,Yara Larsson,Other,,TAG-8416,,,Resolved the outstanding question about scope.,London,US Night,Alpha,Bookkeeper,Emerson Blake,LOT-4495,,Delta,Alpha,REF-6293,Active,Gamma,Noted a concern to revisit at the next sync.,,,,,3219,9291,8410,Standard,37,,5185,,2024-08-14 09:07:00,6658,9025,Alpha,Beta,Delta,LOT-5165,506,4734,8332,7969,9881,Beta,2023-02-08 14:13:00,52,5377,Beta,Other,Other,SKU-6659,7890,118,5211,184,7970,Other,,,,,,,,,,,,,,2026-06-06,3898,7187,,LOT-5397,TAG-3068,LOT-2774,6460,991,,,5489,Alpha,2024-03-12,,,,,,,,,,,,,2025-03-03,,4889,,,,SKU-3304,397,,9829,,,Delta,Scheduled a check-in for the coming month.
100359,Relay User,101171,noah.nguyen@examplecorp.test,Morgan Sato,2023-05-11 12:26:00,drew.sato@sampleco.test,Drew Cohen,2025-03-05 06:45:00,Gamma,Yara Sato,2024-01-17 03:16:00,,,,Y,REF-5281,7030,Other,5587,2260,8468,TAG-7527,Beta,100475,100259,,2673,,,8493,5963,SKU-1325,Delta,100216,100452,100153,100328,100075,100798,,100168,,100588,100290,,100539,,,,,6688,,LOT-6372,,100694,100243,100295,100308,100265,,100070,Arjun Sato,,,Liam Ashby,,Arjun S.,Taylor Calder,,Available,LOT-8334,REF-5770,LOT-5012,TAG-1789,Alpha,,Nina Larsson,Beta,drew.sato@examplecorp.test,Individual Contributor,Part-Time,Brightpath Robotics,Entry,Chen Costa,Male,REF-7068,TAG-5126,9464,N,TAG-8258,Drew Costa,Diego Patel,LOT-7803,Marco Kim,"214,232",Toronto,Canada,Beta,Other,,7798,yara.whitfield@acme-fake.test,Noah Garcia,Recruiting,,Gamma,,REF-6134,,Aligned on billing and renewal terms.,,London,US Night,Alpha,Marketing Coordinator,Priya Ashby,SKU-4378,,Other,Alpha,REF-9726,Active,Alpha,,,,,,640,6208,4688,Standard,,,1290,Standard,2023-07-24 01:44:00,8298,2877,Standard,Alpha,Standard,TAG-4750,390,4351,978,6085,6122,Beta,2023-11-25 21:44:00,1998,2687,Other,Alpha,Other,SKU-3211,9905,2269,5470,4391,9161,Alpha,,,,,,,,,,,,,,2023-08-15,7198,7056,Beta,,TAG-8562,TAG-5556,8048,3618,505,1910,,,2025-04-18,2469,,,,,,,,,,,,2023-11-03,,,Delta,,LOT-1433,,,2183,4278,,5063,,Discussed timeline and next steps with the account.
100238,Relay User,101172,riley.calder@demomail.test,Rahul Nguyen,2024-07-01 13:49:00,diego.dorsey@acme-fake.test,Mei Cohen,2023-06-17 01:40:00,Delta,Jordan Garcia,2024-03-01 09:17:00,,,,Y,REF-4043,2939,Other,6628,228,4710,TAG-5968,Gamma,100616,100314,,7177,Standard,148,,3802,REF-2327,Standard,100277,100132,100079,100443,100434,,,100477,,100467,100094,,100656,,,Delta,,3381,,LOT-1880,,100613,100063,100770,100366,100046,100699,100552,Rahul Ashby,,,Skyler Nguyen,,Rahul A.,Chen Dorsey,,Placed,SKU-2457,LOT-4452,LOT-3570,LOT-2046,,,Chen Mensah,Alpha,nina.brooks@demomail.test,Director,Intern,Delta Networks Ltd,Senior,Nina Costa,Prefer not to say,LOT-5959,LOT-3612,9723,Y,,Diego Reyes,Emerson Patel,REF-8150,,,Chicago,Australia,,Delta,Discussed timeline and next steps with the account.,959,sofia.ivanov@acme-fake.test,Drew Ashby,Operations,Taylor Mensah,Beta,,REF-3176,SKU-2645,,,Toronto,US Day,,HR Generalist,Omar Ivanov,,,,Standard,LOT-3385,Active,Gamma,,,,,,3585,4271,1211,Gamma,1102,1379,,Alpha,2025-01-28 00:21:00,4475,2529,Other,Delta,Beta,LOT-5876,3766,7108,3543,1654,6580,Standard,2022-11-13 18:37:00,7148,4154,Standard,Other,Standard,LOT-6566,6460,787,9437,6206,231,Beta,,,,,,,,,,,,,,2024-01-02,7558,6126,Delta,TAG-9541,SKU-6960,REF-7561,,,,,,Delta,2024-04-05,,,,,,,,,,,,,2024-12-26,1118,2136,Gamma,,LOT-7692,SKU-4957,,,,,,,Followed up on the open items from last week.
100413,Relay User,101174,mei.garcia@sampleco.test,Avery Brooks,2023-05-21 17:34:00,skyler.kim@sampleco.test,Casey Brooks,2025-12-31 13:52:00,Gamma,Casey Mensah,2026-01-31 08:49:00,,,,Y,TAG-5803,6766,Standard,7091,9710,6675,REF-7959,Alpha,100494,100568,,2117,Alpha,,,,LOT-5438,Gamma,100322,100777,100696,100229,100447,100690,,100523,100025,100344,100481,,100184,,,Beta,,,7340,REF-4639,TAG-2425,100497,100673,100593,100129,,100053,100158,Priya Garcia,,,Morgan Patel,TAG-1641,Priya G.,Morgan Ashby,,Not Available,LOT-2997,,,SKU-5924,,,Jamie Cohen,Gamma,quinn.kim@acme-fake.test,Individual Contributor,Intern,Brightpath Group Ltd,Lead,Emerson Rossi,Male,TAG-8001,LOT-5233,3308,Y,LOT-9693,Taylor Garcia,Nina Sloan,LOT-7970,Reese Larsson,,London,Mexico,Standard,Gamma,,2442,liam.calder@acme-fake.test,Avery Ashby,Customer Support,,Delta,,REF-7853,,,Aligned on billing and renewal terms.,Toronto,US Night,,Support Specialist,Jamie Rossi,,,,Beta,REF-4018,Active,Standard,,,,,,5276,968,6846,Delta,4882,4403,7673,Standard,2024-01-22 07:53:00,5266,5330,Gamma,Alpha,Gamma,TAG-3050,536,1084,1424,114,5718,Beta,2026-03-10 13:37:00,4718,9434,Alpha,Standard,Gamma,LOT-9678,3418,4987,1780,6231,8988,Beta,,,,,,,,,,,,,,2023-12-31,4750,4324,Alpha,SKU-6842,REF-2693,REF-7186,,,,5454,2831,Standard,2025-12-24,,,,,,,,,,,,,2026-01-08,6111,,Standard,,,,5185,,,,,Gamma,Shared the updated proposal for review.
100298,Relay User,101176,riley.cohen@sampleco.test,Elena Mensah,2024-09-26 06:27:00,priya.silva@demomail.test,Alex Vance,2022-10-03 21:21:00,Delta,,2023-11-21 10:52:00,,,,N,LOT-8608,2451,Delta,2931,8775,4566,SKU-3804,Beta,100477,100272,SKU-3327,1450,,993,,7399,REF-6193,,100171,100656,100009,100063,100717,100417,,100353,,100153,100275,,100771,,,Alpha,,2256,,TAG-4310,LOT-9131,100342,100290,100646,,100200,100509,100086,Chen Nguyen,,,,,Chen N.,,REF-8062,Coming Soon,LOT-1996,,,SKU-8376,Alpha,,Sofia Reyes,Alpha,avery.larsson@acme-fake.test,Director,Part-Time,Redwood Logistics Corp,Senior,Liam Silva,Female,TAG-9872,TAG-5398,1144,Y,SKU-5603,Skyler Ivanov,Taylor Ford,LOT-3960,Nina Mensah,"229,186",Bengaluru,Germany,Gamma,Alpha,,3362,mei.ivanov@sampleco.test,Morgan Vance,Marketing,Fatima Garcia,Gamma,,REF-6202,,Discussed timeline and next steps with the account.,,Phoenix,US Evening,Beta,HR Generalist,Arjun Dorsey,REF-4841,,,Standard,SKU-7978,Active,Gamma,,6867,,,,4973,6578,3343,Alpha,693,,3249,Standard,2022-11-24 17:22:00,2680,6790,Standard,Gamma,Alpha,LOT-5520,9484,4852,5831,2482,1443,Beta,2024-08-29 17:34:00,6313,2757,Delta,Beta,Other,REF-7640,709,9345,9887,6353,5349,Gamma,,,,,,,,,,,,,,2025-03-01,3380,,Gamma,REF-4149,REF-6136,TAG-9624,4443,9074,1634,1507,602,Other,2023-01-07,,,,,,,,,,,,,2023-07-11,288,,Delta,TAG-7835,TAG-4761,,619,7473,6609,,,,Discussed timeline and next steps with the account.
100520,Relay User,101178,omar.rossi@demomail.test,Omar Ashby,2024-03-02 00:30:00,avery.ivanov@examplecorp.test,Aisha Cohen,2023-11-19 21:13:00,Standard,Nina Sato,2023-02-27 05:57:00,,,,Y,SKU-5150,8138,Gamma,7172,644,1322,SKU-1938,Beta,100356,100597,TAG-5254,4196,Alpha,7788,9581,,,Beta,100613,100308,100333,100040,100634,100395,100062,100037,,100424,100366,,100782,,1854,,,,,,,100020,,100664,,100132,,100712,Rowan Sloan,,,Mei Okafor,TAG-9927,Rowan S.,,,Available,LOT-9197,SKU-4728,,REF-3488,,,Avery Larsson,Beta,nina.rossi@demomail.test,Manager,Part-Time,Ironwood Manufacturing LLP,Junior,Diego Kim,Female,TAG-8940,TAG-8906,2585,Y,SKU-4885,Reese Whitfield,Noah Patel,,Noah Dorsey,"2,375",Manila,Philippines,Delta,Alpha,,5767,fatima.cohen@acme-fake.test,Emerson Larsson,Finance,Yara Costa,Alpha,,SKU-6791,,,,Bengaluru,US Day,Delta,Financial Analyst,Avery Garcia,TAG-8856,Client Request,Other,Gamma,LOT-5130,Inactive,Alpha,,,,,,204,2428,926,Delta,1861,5307,2527,Alpha,2024-07-29 18:50:00,2733,9834,Gamma,Delta,Other,REF-1035,4371,8848,9904,9777,2792,Beta,2023-06-10 21:36:00,6554,1477,Delta,Other,Alpha,TAG-7669,4954,6926,7864,1109,4953,Gamma,,,,,,,,,,,,,,2026-07-04,9146,4030,Alpha,,,TAG-3258,813,6868,,1539,8353,Standard,2022-11-12,,,,,,,,,,,,,2025-04-06,1684,,,,,,,,5019,,,,Noted a concern to revisit at the next sync.
100492,Relay User,101180,omar.garcia@examplecorp.test,Yara Costa,2023-04-01 08:37:00,taylor.sloan@examplecorp.test,Alex Vance,2025-03-09 19:54:00,Standard,,2022-10-06 12:37:00,,,,N,SKU-3204,6085,Standard,7985,8985,1324,TAG-4571,Delta,100607,100168,,4158,Standard,,5843,453,,,100277,100391,100726,100186,100558,100780,100789,100393,100723,100216,100353,100479,100079,LOT-4074,1734,,6614,2964,,REF-1350,,100421,100142,100673,100620,,100239,100443,Jamie Okafor,,,,TAG-6817,Jamie O.,,,Placed,,REF-9488,,SKU-1624,,,Fatima Cohen,Gamma,chen.reyes@sampleco.test,Team Lead,Full-Time,Cobalt Robotics Inc,Lead,Priya Ivanov,Non-binary,LOT-6687,REF-4941,4012,N,,,Reese Mercer,SKU-8791,Jordan Garcia,"134,249",Seattle,United States,Delta,Other,Followed up on the open items from last week.,3364,quinn.dorsey@demomail.test,Emerson Mercer,Sales,Elena Whitfield,Standard,,LOT-4821,,,,Toronto,US Night,,Bookkeeper,Aisha Haddad,REF-7999,,,Alpha,LOT-2675,Active,Standard,Scheduled a check-in for the coming month.,,,,,1444,7410,8855,Alpha,,3374,,Alpha,2024-04-17 03:17:00,2975,7911,Gamma,Other,Standard,REF-9851,1388,6424,3415,7070,2178,Alpha,2024-03-14 14:01:00,2636,6825,Standard,Delta,Delta,TAG-2508,6584,9034,8060,2987,607,Standard,,,,,,,,,,,,,,2024-05-11,1443,5425,,REF-3592,LOT-6597,SKU-9784,3367,,4677,980,9259,Standard,2026-04-20,,,,,,,,,,,,,2024-05-27,5326,,,,SKU-5524,TAG-6058,,,,6922,4831,,Reviewed performance and gathered feedback.
100400,Relay User,101183,chen.larsson@demomail.test,Fatima Kim,2024-11-09 03:27:00,taylor.garcia@acme-fake.test,Alex Sato,2024-12-22 22:07:00,Standard,Diego Patel,2022-11-03 19:18:00,,,,N,REF-5678,4206,Other,1126,2781,3597,REF-3349,Gamma,100617,100426,REF-2874,8126,Gamma,7316,5771,,,,100481,100215,100240,100571,100481,100694,,100673,100262,100380,100370,100351,100454,LOT-4423,5323,Alpha,,,,,SKU-9194,100523,100336,100546,,100473,100604,100496,Noah Reyes,,,Arjun Rossi,REF-8915,Noah R.,Riley Patel,SKU-6155,Placed,TAG-3257,,,LOT-8727,Gamma,,Quinn Ivanov,Standard,elena.silva@sampleco.test,Manager,Full-Time,Silverline Energy Group,Senior,Liam Ford,Prefer not to say,TAG-5957,TAG-4430,,Y,SKU-7667,Elena Cohen,Reese Brooks,,Elena Whitfield,"42,413",Toronto,United Kingdom,Beta,Standard,,472,diego.sloan@examplecorp.test,Nina Mercer,Sales,Jordan Reyes,Alpha,,LOT-2708,TAG-6638,,,Dallas,US Day,Alpha,Customer Success Manager,Taylor Patel,SKU-3469,,,Delta,SKU-9425,Active,Beta,Aligned on billing and renewal terms.,,,3044,Gamma,8740,7383,4409,Alpha,351,9326,1513,Delta,2023-02-04 13:11:00,5395,2370,Other,Standard,Gamma,LOT-8669,7989,3072,820,551,738,Other,2022-11-07 18:37:00,4311,9774,Other,Gamma,Delta,TAG-2461,8372,2756,4603,4527,9673,Other,,,,,,,,,,,,,,2024-10-17,8019,9099,Standard,TAG-8917,REF-1729,SKU-4294,,,3538,1652,2273,Standard,2025-03-13,,,,,,,,,,,,,2025-08-04,,929,,REF-6106,,,5327,,2856,7117,,,Discussed timeline and next steps with the account.
100496,Relay User,101184,taylor.garcia@demomail.test,Quinn Blake,2023-12-08 00:39:00,riley.cohen@examplecorp.test,Omar Okafor,2025-04-01 10:42:00,Other,Liam Larsson,2025-06-13 23:20:00,,,,Y,SKU-4366,5772,Other,3843,766,1574,REF-4485,Gamma,100763,100185,LOT-9767,1380,Delta,9593,,,REF-5575,Other,100398,100099,100314,100132,100229,100173,,100503,100110,100667,100031,,100686,,,,,,,TAG-8537,,100070,100395,100755,100267,,100322,100777,Morgan Ivanov,,,Elena Sloan,REF-1724,Morgan I.,Rahul Rossi,,Placed,LOT-3872,,,LOT-9673,,,Morgan Ashby,Other,drew.larsson@demomail.test,Director,Intern,Harbor Media,Lead,Skyler Haddad,Male,LOT-2631,REF-6508,6483,Y,SKU-2883,Mei Calder,Avery Cohen,,,,Mumbai,Mexico,Other,Alpha,,8593,taylor.vance@sampleco.test,Diego Larsson,Sales,Mei Ivanov,Gamma,,TAG-7226,,,,Manila,Flexible,Gamma,Operations Associate,Jordan Ivanov,REF-4778,,,Beta,TAG-2773,Active,Other,,,8129,,,4655,7403,6653,Delta,8905,,1789,Beta,2025-11-09 14:37:00,3879,2978,Delta,Other,Beta,SKU-8168,5782,5440,6500,4609,9272,Alpha,2024-04-19 19:36:00,6739,1041,Delta,Gamma,Other,TAG-2870,8508,4500,4732,2644,7430,Delta,,,,,,,,,,,,,,2025-03-01,2017,,Delta,REF-3939,SKU-2821,,,,9614,8500,6806,Delta,2023-01-29,,,,Other,,,,,,,,,2023-09-29,,,,,,,1021,,,,,,Scheduled a check-in for the coming month.
100729,Relay User,101186,emerson.rossi@demomail.test,Elena Calder,2026-07-11 19:58:00,rahul.sloan@examplecorp.test,Jordan Ashby,2023-01-27 01:09:00,Beta,,2024-10-05 14:49:00,,,,Y,SKU-8985,6323,Beta,6600,2069,8054,LOT-8513,Gamma,100694,100736,TAG-9159,,,2237,,3751,,Standard,100275,100615,100282,100200,100596,100445,100631,100029,100708,100736,100301,,100153,,,Other,,670,,,,100426,100110,100500,,100685,,100295,Elena Rossi,,,Nina Kim,TAG-6164,Elena R.,Priya Kim,,Placed,,,TAG-5837,TAG-7696,,,Casey Haddad,Gamma,arjun.vance@examplecorp.test,Team Lead,Part-Time,Evergreen Media Group,Entry,Skyler Okafor,Female,REF-6875,TAG-8653,,N,SKU-8269,Casey Dorsey,Yara Brooks,REF-4644,Liam Blake,,London,Australia,Other,Delta,,6723,elena.vance@examplecorp.test,Aisha Calder,Recruiting,,Delta,,TAG-2398,,,,Manila,US Evening,Beta,Accountant,Priya Dorsey,REF-7751,Voluntary Resignation,,Delta,REF-7082,Inactive,Alpha,Resolved the outstanding question about scope.,8653,,9335,,7384,6505,3645,Alpha,1246,5298,748,Standard,2023-09-23 18:25:00,4547,8416,Delta,Gamma,Delta,LOT-3113,8231,6835,4361,465,452,Gamma,2025-05-07 23:56:00,6327,8359,Delta,Alpha,Delta,SKU-6140,9081,5714,5432,1223,4202,Standard,,,,,,,,,,,,,,2025-03-04,,9414,,,REF-4280,LOT-7180,7646,,4438,3015,6256,,2025-05-31,,,,,,,,,,,,,2024-09-29,,,Alpha,TAG-9174,,LOT-6380,4730,,,,4986,Beta,Discussed timeline and next steps with the account.
100742,Relay User,101187,fatima.silva@demomail.test,Drew Calder,2024-05-18 04:38:00,rahul.larsson@acme-fake.test,Emerson Blake,2023-08-10 00:55:00,Delta,Rowan Ivanov,2024-11-13 03:14:00,,,,Y,REF-4814,6896,Standard,4467,3916,7945,SKU-6548,Beta,100386,100690,REF-9375,1562,Gamma,1490,3784,,TAG-5833,Gamma,100359,100305,100555,100696,100774,100080,100172,100248,100579,100652,100571,100597,100604,,,Standard,,,,TAG-8189,,100624,,100329,,,100126,100543,Chen Brooks,,,Riley Sato,TAG-3388,Chen B.,Marco Mercer,SKU-5602,Placed,SKU-5538,,,LOT-8187,Standard,,Skyler Silva,Delta,noah.ivanov@demomail.test,Individual Contributor,Full-Time,Blue Ridge Ventures Co,Mid-Level,Priya Vance,Female,TAG-3099,TAG-7883,1442,Y,SKU-6598,Elena Costa,Omar Mensah,,Priya Mercer,,Manila,Australia,Other,Standard,,2415,rowan.sato@demomail.test,Jordan Dorsey,Operations,Alex Blake,Alpha,,TAG-4681,SKU-1150,Followed up on the open items from last week.,,Toronto,Flexible,Beta,Bookkeeper,Priya Dorsey,SKU-2724,,,Alpha,LOT-7804,Active,Beta,,,,,Delta,5148,2954,7760,Alpha,7211,,,Delta,2024-09-20 01:03:00,5544,611,Other,Gamma,Gamma,REF-6782,8777,1451,7835,8668,166,Beta,2022-10-30 22:24:00,7207,1831,Standard,Standard,Beta,TAG-1237,7229,4615,1156,2367,1201,Beta,,,,,,,,,,,,,,2026-03-20,9788,2815,Beta,REF-1797,REF-6057,REF-2533,5699,2624,,8587,5766,Gamma,2025-03-03,,,,,,,,,,,,,2025-08-11,5694,6864,,,,,,6086,,,,Beta,Noted a concern to revisit at the next sync.
100348,Relay User,101188,fatima.sloan@demomail.test,Jordan Ashby,2026-05-26 06:14:00,nina.ivanov@acme-fake.test,Casey Ivanov,2023-03-20 18:42:00,Other,,2023-07-21 05:12:00,,,,N,TAG-6069,5512,Other,7804,6206,90,LOT-1282,Standard,100086,100200,LOT-3323,,Standard,3231,3054,3528,SKU-4859,Standard,100308,100573,100477,100587,100800,100587,,100235,100681,100086,,,100370,,3165,Beta,,,,,,100498,100490,100688,100301,100426,100134,100393,Chen Dorsey,,,,SKU-4196,Chen D.,Quinn Blake,,Not Available,,SKU-1956,,TAG-5624,,,Emerson Dorsey,Standard,liam.whitfield@sampleco.test,Individual Contributor,Intern,Silverline Holdings Corp,Junior,Quinn Haddad,Female,SKU-3544,SKU-2094,,N,,Priya Sloan,Nina Haddad,SKU-9422,Aisha Okafor,,Austin,Philippines,Alpha,Gamma,,2601,fatima.okafor@acme-fake.test,Jamie Dorsey,Sales,Priya Garcia,Alpha,,TAG-3269,,,,Chicago,US Day,Standard,Data Analyst,Fatima Nguyen,,,Delta,Beta,SKU-6367,Active,Delta,Reviewed performance and gathered feedback.,,,,,1117,9214,9829,Alpha,9121,985,1442,Delta,2024-06-11 05:31:00,3087,8796,Beta,Other,Beta,LOT-7142,8241,6730,2710,1893,4737,Gamma,2026-06-16 07:05:00,3425,7575,Standard,Delta,Alpha,SKU-1432,9341,161,1311,5353,6994,Beta,,,,,,,,,,,,,,2026-04-21,,,Standard,LOT-3139,,LOT-4482,1245,,4213,,,Other,2026-07-12,,,,,,,,,,,,,2022-12-11,,,,,,,6893,777,,,,,Discussed timeline and next steps with the account.
100132,Relay User,101190,fatima.okafor@acme-fake.test,Drew Mercer,2026-01-16 22:04:00,avery.calder@acme-fake.test,Yara Garcia,2024-01-16 10:51:00,Standard,Rahul Garcia,2026-04-03 09:20:00,,,,Y,REF-3522,5252,Beta,3889,1389,9367,LOT-2783,Beta,100610,100079,LOT-6648,,Beta,,4942,6733,TAG-3072,Gamma,100044,100681,100526,100539,100518,100136,100336,100543,100708,100031,100336,100161,100522,SKU-6775,1835,,,3081,,,LOT-1074,100348,100063,100254,,,100216,100517,Marco Patel,,,,SKU-3172,Marco P.,Mei Brooks,,Placed,SKU-6261,,,LOT-1457,Beta,,Avery Sato,Standard,aisha.okafor@sampleco.test,Team Lead,Contractor,Silverline Retail Ltd,Mid-Level,Diego Sloan,Female,TAG-8201,SKU-5068,5535,Y,TAG-3571,Omar Sato,Jamie Calder,,Aisha Ashby,"202,401",Chicago,Canada,Gamma,Delta,Scheduled a check-in for the coming month.,,mei.mensah@acme-fake.test,Aisha Rossi,Finance,,Alpha,,TAG-3811,,,Discussed timeline and next steps with the account.,Dallas,Flexible,,HR Generalist,Rahul Haddad,,,,Gamma,SKU-4226,Active,Standard,Resolved the outstanding question about scope.,,9364,7261,,4562,3668,7748,Beta,5070,336,,Alpha,2023-05-31 05:23:00,4310,7223,Gamma,Other,Standard,SKU-1334,7702,3542,8953,3294,2091,Delta,2025-01-11 09:21:00,2555,6213,Other,Alpha,Beta,LOT-9670,7056,5227,6275,2552,2865,Alpha,,,,,,,,,,,,,,2026-07-30,675,8025,Beta,REF-9682,SKU-7440,TAG-3071,1026,6036,8213,,5438,Beta,2022-10-13,,,,,,,,,,,,,2025-04-03,,,Beta,TAG-9188,,,,1394,,,,Alpha,Discussed timeline and next steps with the account.
100591,Relay User,101191,fatima.ford@acme-fake.test,Skyler Brooks,2024-02-17 08:10:00,quinn.blake@acme-fake.test,Riley Garcia,2023-03-30 08:17:00,Other,Noah Mensah,2023-10-30 05:43:00,,,,Y,LOT-5132,2597,Gamma,7983,545,265,REF-9261,Other,100132,100177,,1709,Delta,9459,3995,2557,LOT-2463,Other,100151,100522,100676,100262,100190,100753,,100136,100784,100301,100681,100720,,REF-7422,,Gamma,4219,,1176,,,100344,100220,100803,100526,,100031,100301,Aisha Cohen,,,,REF-4036,Aisha C.,Skyler Haddad,,Placed,REF-7398,TAG-4438,TAG-8223,LOT-2814,,,Priya Nguyen,Other,yara.cohen@examplecorp.test,Director,Part-Time,Copper Analytics Inc,Lead,Quinn Reyes,Non-binary,TAG-2975,LOT-5544,4931,Y,TAG-9557,Quinn Mercer,Priya Mercer,TAG-8528,,"165,975",Dallas,United Kingdom,Other,Alpha,,3568,rahul.rossi@sampleco.test,Riley Ivanov,Recruiting,Aisha Ivanov,Gamma,,SKU-5306,,,,Manila,Flexible,Beta,Support Specialist,Jordan Larsson,REF-5119,,,Standard,TAG-7872,Active,Delta,,,,,,8414,4217,3468,Gamma,7054,4413,1332,Delta,2023-09-25 13:14:00,1699,7912,Alpha,Delta,Delta,REF-5828,7061,2410,414,5637,289,Gamma,2023-08-30 17:30:00,6358,3435,Beta,Delta,Other,REF-3056,4254,561,3241,7703,7812,Gamma,,,,,,,,,,,,,,2024-04-07,,7023,Delta,,,TAG-9950,,9732,9118,5451,8051,Gamma,2025-04-08,,,,,,,,,,,,,2023-08-09,,,,REF-3448,LOT-3326,,7422,6324,1835,,,,Discussed timeline and next steps with the account.
100527,Relay User,101194,fatima.ashby@sampleco.test,Elena Garcia,2025-07-30 03:53:00,omar.kim@demomail.test,Marco Sloan,2023-11-12 23:33:00,Delta,Yara Okafor,2022-12-01 11:25:00,,,,Y,REF-6421,734,Alpha,4448,9106,1458,REF-2700,Other,100164,100322,LOT-6036,3113,Alpha,4184,2127,217,LOT-8817,Delta,100208,100771,100005,100383,100243,100538,100115,100073,,100139,100014,100490,100176,,,,,4806,,SKU-4512,SKU-3180,100702,100029,100511,100143,,100798,100034,Rowan Costa,,,Taylor Ivanov,LOT-4884,Rowan C.,Rahul Larsson,SKU-2602,Placed,LOT-5289,,,SKU-4820,Beta,,Marco Blake,Delta,rahul.cohen@sampleco.test,Team Lead,Part-Time,Redwood Holdings LLC,Lead,Aisha Blake,Prefer not to say,SKU-4743,LOT-1179,8297,Y,TAG-5095,Skyler Sato,Aisha Brooks,REF-8869,,"247,416",Atlanta,United States,,Alpha,Discussed timeline and next steps with the account.,,elena.reyes@examplecorp.test,Fatima Mercer,Customer Support,,Delta,,REF-1916,,,,Mumbai,US Evening,Beta,Recruiter,Jordan Rossi,TAG-1459,,Beta,Other,TAG-3071,Active,Other,Reviewed performance and gathered feedback.,,,7605,Alpha,1603,4202,5638,Delta,,,2453,Standard,2026-07-04 15:11:00,4662,8006,Beta,Alpha,Beta,SKU-8181,6340,5214,5787,7675,7336,Alpha,2025-06-15 14:54:00,7748,4038,Delta,Standard,Standard,SKU-4030,5400,3997,9248,7198,3139,Alpha,,,,,,,,,,,,,,2025-05-29,,756,Other,,REF-4046,TAG-6126,5061,3188,7404,,2146,,2023-08-02,,,,,,,,,,,,,2025-06-08,8527,,,,REF-6483,,4536,,3564,,,Beta,Followed up on the open items from last week.
100042,Relay User,101196,fatima.brooks@demomail.test,Alex Sloan,2023-07-23 02:54:00,diego.reyes@sampleco.test,Rahul Brooks,2026-03-31 08:14:00,Beta,,2022-11-26 02:31:00,,,,N,LOT-8947,5855,Gamma,4646,9270,9618,LOT-4341,Alpha,100097,100548,,,Alpha,,,4130,TAG-9788,,100224,100186,100063,100723,100800,,100539,100530,,100104,,100554,100053,,,,1111,3154,7932,LOT-5879,,100329,100443,100546,100686,100063,,100329,Arjun Cohen,,,Chen Cohen,SKU-1251,Arjun C.,Mei Okafor,,N/A,,,,LOT-9289,Beta,,Elena Sloan,Other,casey.rossi@examplecorp.test,Manager,Part-Time,Pioneer Partners Co,Senior,Omar Nguyen,Female,REF-6579,LOT-7332,5918,N,,Priya Dorsey,Avery Costa,,Rowan Dorsey,"226,184",Mumbai,Germany,Beta,Alpha,,,taylor.larsson@sampleco.test,Casey Sato,Software Engineering,,Beta,,SKU-6593,,,,Manila,US Day,Alpha,Project Manager,Morgan Garcia,TAG-8673,,,Standard,REF-5820,Active,Other,,,,,Other,7138,3721,1745,Alpha,,,,Standard,2024-08-27 22:45:00,1647,3259,Standard,Gamma,Standard,LOT-8841,3103,7664,7661,8515,9452,Gamma,2025-06-06 07:47:00,1349,6300,Other,Beta,Gamma,SKU-1809,1997,1210,7618,7953,7012,Beta,,,,,,,,,,,,,,2026-06-15,7667,1299,Gamma,SKU-8468,LOT-4118,TAG-7665,8624,9859,6319,,5658,Standard,2026-05-01,,,,,,,,,,1159,,,2026-05-28,,,,,,,,,,,,,Scheduled a check-in for the coming month.
100490,Relay User,101198,skyler.kim@examplecorp.test,Omar Ford,2023-05-24 08:11:00,aisha.nguyen@acme-fake.test,Taylor Mercer,2022-11-13 03:19:00,Beta,,2023-10-17 23:38:00,,,,N,LOT-6945,3154,Other,4907,5055,9426,LOT-3748,Alpha,100329,100615,SKU-5081,8813,Standard,8912,,7373,TAG-2130,Delta,100696,100500,100025,100454,100042,100496,100607,100720,,,100563,100696,100197,,,,5538,,,,,100290,100548,100543,,100293,100015,100025,Omar Cohen,,,Skyler Sloan,REF-1924,Omar C.,Taylor Patel,SKU-6858,Coming Soon,SKU-2250,,TAG-7884,REF-5803,Other,,Avery Vance,Standard,nina.haddad@examplecorp.test,Manager,Intern,Harbor Partners Co,Lead,Arjun Ivanov,Non-binary,REF-1473,REF-2592,,N,,Fatima Dorsey,Alex Ashby,LOT-8899,Emerson Patel,"101,981",Mumbai,Germany,Delta,Alpha,,8714,chen.brooks@examplecorp.test,Sofia Okafor,Customer Support,Elena Okafor,Beta,,LOT-1272,,,Scheduled a check-in for the coming month.,Austin,US Day,Standard,Support Specialist,Omar Blake,TAG-2487,,,Standard,SKU-1213,Active,Delta,,,7405,,,9095,4217,4123,Gamma,,9101,,,2023-08-26 01:39:00,1170,7982,Other,Gamma,Alpha,TAG-4457,8650,6889,7940,4686,9513,Beta,2026-01-15 02:00:00,1171,8665,Gamma,Other,Gamma,LOT-2111,3879,5561,4509,3562,8912,Gamma,,,,,,,,,,,,,,2026-03-15,3892,1121,Gamma,SKU-1706,REF-7882,,5605,8875,3796,2728,2991,,2025-07-24,,,,,,,,,,,,,2025-01-09,9228,1712,Standard,,REF-6986,,3602,,7843,6936,,,Shared the updated proposal for review.
100213,Relay User,101200,sofia.calder@sampleco.test,Skyler Garcia,2023-07-02 17:31:00,jamie.silva@sampleco.test,Nina Blake,2025-11-12 21:15:00,,,2023-07-13 04:09:00,,,,Y,REF-5047,6447,Gamma,4585,3339,3179,TAG-5360,Alpha,100641,100485,,8826,Beta,5216,8693,3062,LOT-7227,Gamma,100538,100223,100336,100339,100767,100009,,100248,,100344,,,100676,,2168,,,,5282,,,100248,100496,100376,,,100314,100457,Jamie Silva,,,Marco Dorsey,REF-1590,Jamie S.,Sofia Brooks,,Placed,REF-1193,,,LOT-5781,,,Rahul Ashby,Beta,yara.garcia@examplecorp.test,Team Lead,Full-Time,Evergreen Energy Inc,Entry,Riley Garcia,Male,SKU-6599,SKU-2687,1130,Y,,Nina Brooks,Marco Okafor,,,,Manila,Canada,Gamma,Delta,,9531,casey.ivanov@sampleco.test,Yara Larsson,Finance,Reese Mercer,Gamma,,SKU-1033,REF-4454,,Discussed timeline and next steps with the account.,Phoenix,US Day,,Software Developer,Avery Blake,SKU-8072,,,Standard,TAG-1274,Active,Alpha,,,,,,7238,9965,6644,Other,9846,9895,,Beta,2025-03-01 13:11:00,6871,6137,Standard,Delta,Other,LOT-2472,1291,6681,6391,8896,8468,Delta,2023-12-28 17:41:00,6921,8484,Other,Delta,Alpha,SKU-4558,4901,5677,4905,6284,623,Delta,,,,,,,,,,,,,,2025-12-19,4523,,,SKU-5714,,SKU-6120,,3544,9852,5530,5487,Delta,2025-12-05,,,,,,,,,,,,,2023-04-05,,,,LOT-1872,,,,2199,,,,,Noted a concern to revisit at the next sync.
100582,Relay User,101203,sofia.ashby@sampleco.test,Elena Ivanov,2025-11-18 18:26:00,diego.ford@examplecorp.test,Mei Rossi,2023-01-19 06:07:00,Beta,Fatima Whitfield,2025-08-18 21:40:00,,,,Y,LOT-8816,7653,Alpha,4095,6503,1301,TAG-1959,Alpha,100066,100119,SKU-6157,5833,Alpha,6283,2300,3394,REF-5345,Beta,100568,100417,100177,100025,100539,100593,100784,100301,100189,100366,100075,,100526,SKU-1468,,,,,8202,,,100522,100638,100452,100189,,100056,100482,Liam Silva,,,Skyler Mensah,REF-1943,Liam S.,Emerson Reyes,,Not Available,SKU-4132,,SKU-1596,REF-5447,,,Rahul Ford,Alpha,rahul.mercer@acme-fake.test,Manager,Full-Time,Silverline Logistics LLP,Mid-Level,Drew Vance,Female,REF-7064,SKU-5152,3379,Y,LOT-8894,Chen Whitfield,Marco Vance,,Reese Larsson,"135,040",Mumbai,Germany,Gamma,Other,,490,emerson.haddad@sampleco.test,Sofia Mensah,Finance,Avery Haddad,Other,,REF-5302,,,Discussed timeline and next steps with the account.,Toronto,US Night,Delta,QA Engineer,Aisha Calder,SKU-7573,,,Beta,LOT-1238,Active,Alpha,Resolved the outstanding question about scope.,,,,,307,4195,8174,Delta,6484,6344,9393,Beta,2025-10-29 00:41:00,2515,6569,Standard,Alpha,Delta,REF-5003,2933,2367,8513,9759,1177,Delta,2024-08-31 15:17:00,9552,9385,Beta,Other,Delta,TAG-4720,4170,747,778,6229,4595,Delta,,,,,,,,,,,,,,2022-11-23,9077,8799,,SKU-4786,LOT-1040,LOT-1285,7775,7705,,285,7923,Other,2026-07-17,,,,,,,,,,,,,2025-01-19,,754,Standard,REF-5337,REF-3766,LOT-9860,,,,,205,,Scheduled a check-in for the coming month.
100631,Relay User,101205,rowan.calder@acme-fake.test,Nina Whitfield,2023-05-03 07:23:00,yara.silva@examplecorp.test,Rahul Costa,2026-06-28 17:58:00,Standard,Aisha Calder,2023-09-16 23:33:00,,,,N,LOT-8913,8593,Standard,8255,3609,3824,SKU-1984,Alpha,100336,,SKU-7249,3958,Beta,7804,,9988,TAG-2576,,100227,100585,100552,100498,100641,100426,,100424,100255,100457,100717,100490,100734,,,Alpha,7223,,3554,,TAG-5305,100242,100708,,,,100400,100568,Aisha Okafor,,,,SKU-8895,Aisha O.,,,Placed,SKU-7155,,,SKU-3202,,,Yara Patel,Standard,diego.mercer@sampleco.test,Individual Contributor,Full-Time,Keystone Group Co,Senior,Elena Sato,Male,TAG-5169,REF-2332,,Y,TAG-9404,Alex Whitfield,Diego Larsson,REF-7547,Yara Mensah,"237,393",Atlanta,India,Gamma,Alpha,Noted a concern to revisit at the next sync.,9622,noah.calder@sampleco.test,Chen Vance,Data & Analytics,Nina Ashby,Other,,TAG-7116,,,,Atlanta,Flexible,Standard,Customer Success Manager,Taylor Kim,,End of Contract,,Gamma,SKU-2114,Inactive,Other,,9058,,,Alpha,6262,3752,8719,Gamma,3373,1605,,,2025-06-18 21:05:00,1490,7904,Alpha,Gamma,Other,SKU-1110,3081,5959,2758,4742,9642,Beta,2023-12-24 22:14:00,5538,2199,Other,Delta,Delta,TAG-3941,2709,2503,8565,5368,4484,Alpha,,,,,,,,,,,,,,2026-06-24,,4067,,TAG-6519,REF-6245,LOT-5433,9664,8625,,4368,6512,Beta,2023-02-09,,,,,,,,,,,,,2023-08-20,,,,SKU-4984,LOT-4108,LOT-4631,7448,,,,,,Aligned on billing and renewal terms.
100417,Relay User,101207,casey.rossi@sampleco.test,Alex Rossi,2026-06-12 20:09:00,aisha.ford@examplecorp.test,Liam Haddad,2026-02-06 14:53:00,Gamma,,2026-06-23 21:16:00,,,,N,LOT-5005,7760,Beta,5148,1998,8781,LOT-5438,Beta,100786,100176,,,Delta,,8730,9219,SKU-9324,,100560,100325,100429,100189,100360,100291,100368,100120,100604,100738,100607,100265,100360,SKU-7558,,,,,7690,,,100182,100079,,,,100171,100542,Taylor Ivanov,,,Morgan Larsson,LOT-1945,Taylor I.,Morgan Ford,,Placed,REF-7025,,,REF-4718,Other,,Priya Sato,Other,morgan.larsson@acme-fake.test,Team Lead,Full-Time,Cardinal Health Group,Junior,Diego Vance,Female,LOT-8949,REF-4432,6604,Y,,Sofia Costa,Taylor Kim,,Elena Haddad,"146,341",London,Canada,Standard,Standard,,2403,yara.dorsey@examplecorp.test,Arjun Larsson,Sales,,Beta,,SKU-3038,REF-3213,,,London,US Evening,Gamma,Customer Success Manager,Priya Calder,SKU-6123,Relocation,,Other,LOT-5640,Inactive,Gamma,,,,,,1818,9453,3454,Alpha,,9536,,Standard,2024-06-01 06:05:00,7999,9562,Standard,Delta,Gamma,SKU-1577,3591,8753,7828,3580,9723,Gamma,2023-11-03 20:42:00,6880,7506,Gamma,Alpha,Standard,LOT-1223,4411,8172,9139,117,3175,Standard,,,,,,,,,,,,,,2024-05-23,5436,2680,Other,TAG-9637,REF-8529,,3294,641,1441,2087,3088,Standard,2026-07-09,,,,,,,,,,,,,2024-03-25,9994,6905,Beta,,,TAG-2240,,,,,5546,Delta,Scheduled a check-in for the coming month.
100115,Relay User,101209,jordan.ivanov@acme-fake.test,Reese Sloan,2025-12-29 00:10:00,yara.rossi@acme-fake.test,Avery Sloan,2023-11-18 17:34:00,Beta,,2024-06-19 11:47:00,,,,N,SKU-8826,4171,Gamma,6459,9496,559,LOT-5938,Beta,100172,100485,SKU-9249,4328,,3159,7195,858,SKU-7854,Beta,100220,100543,100490,100560,100741,100334,100275,100789,100477,100403,100073,100010,100798,,3991,Other,,,860,,,,100487,100723,,100554,100146,100332,Skyler Okafor,,,,LOT-6453,Skyler O.,Noah Costa,,Placed,TAG-7115,,,SKU-4183,Standard,,Fatima Silva,Gamma,omar.okafor@demomail.test,Director,Contractor,Redwood Holdings LLC,Junior,Omar Ivanov,Prefer not to say,REF-4466,SKU-9498,9576,Y,,Skyler Rossi,Jordan Sato,,Jamie Haddad,,Atlanta,Australia,Standard,Standard,Shared the updated proposal for review.,465,priya.reyes@acme-fake.test,Liam Mensah,Human Resources,Chen Kim,Gamma,,REF-7426,REF-5665,,Aligned on billing and renewal terms.,Atlanta,US Day,Delta,Payroll Specialist,Rowan Larsson,REF-8149,,,Gamma,SKU-3553,Active,Beta,,,,7901,Alpha,2855,3844,3796,Alpha,,7101,,Delta,2022-10-19 14:18:00,5304,9811,Alpha,Other,Other,LOT-2085,4111,5674,8564,8376,8047,Other,2023-05-21 20:19:00,148,4132,Alpha,Other,Standard,TAG-3315,8782,7232,8481,6002,5237,Beta,,,,,,,,,,,,,,2025-02-28,8114,5128,Gamma,TAG-1233,TAG-9103,TAG-9226,8833,3611,9189,7734,8061,Delta,2024-06-19,,,,,,,,,,,,,2023-03-06,812,9463,Beta,,SKU-6597,,,7611,,6043,8971,,Reviewed performance and gathered feedback.
100786,Relay User,101212,priya.rossi@demomail.test,Jamie Patel,2024-02-27 15:35:00,rowan.ashby@demomail.test,Liam Whitfield,2023-06-12 08:50:00,Delta,,2024-06-19 23:48:00,,,,N,LOT-7451,4687,Alpha,4273,7660,4905,SKU-8812,Delta,100571,,LOT-5800,9048,Other,,,8463,,Alpha,100325,100209,100704,100029,100736,100539,100424,100352,100620,,100613,100535,100462,,,Delta,,,1311,,,100063,100800,100139,100601,100708,100720,100368,Yara Patel,,,Fatima Ivanov,,Yara P.,Priya Kim,,Available,,,,LOT-2153,Other,,Diego Whitfield,Gamma,taylor.blake@acme-fake.test,Director,Intern,Cardinal Manufacturing Corp,Junior,Priya Ivanov,Male,TAG-4190,TAG-8016,8190,N,,Emerson Whitfield,Quinn Okafor,,Casey Okafor,,London,United Kingdom,Delta,Delta,,7302,sofia.brooks@examplecorp.test,Elena Rossi,Marketing,Reese Sloan,Other,,SKU-4798,,,Discussed timeline and next steps with the account.,Seattle,US Night,Delta,Software Developer,Yara Calder,TAG-9432,,,Gamma,LOT-7365,Active,Delta,,,,,,1277,5626,2544,Alpha,6421,6895,,Alpha,2026-01-05 04:46:00,2373,2045,Beta,Alpha,Beta,TAG-3187,2953,949,3076,7113,9772,Beta,2024-02-15 12:18:00,7122,1587,Beta,Delta,Delta,LOT-4106,7065,648,1803,3663,7868,Other,,,,,,,,,,,,,,2024-07-07,7453,8566,Beta,LOT-1658,REF-9119,SKU-7139,6293,7804,7738,3905,7635,Delta,2023-03-25,,,,,,,,,,,,,2026-06-20,,7908,Gamma,,TAG-7956,,,,507,,,,Resolved the outstanding question about scope.
100334,Relay User,101215,skyler.rossi@examplecorp.test,Noah Costa,2025-06-07 12:53:00,rowan.vance@examplecorp.test,Yara Calder,2024-10-15 19:11:00,Delta,,2024-12-08 03:37:00,,,,N,TAG-6357,8643,Delta,6082,2555,5022,REF-4959,Standard,100034,100386,SKU-5963,3119,,1619,2227,,,Delta,100517,100637,100688,100625,100413,100731,100437,100604,,100042,100322,,100552,LOT-9233,,,,,,,,100774,100104,100426,100164,100288,100164,100649,Marco Silva,,,Liam Blake,LOT-2876,Marco S.,Noah Sloan,,Not Available,SKU-5061,,,TAG-2890,Other,,Morgan Reyes,Beta,avery.silva@acme-fake.test,Team Lead,Intern,Atlas Systems,Mid-Level,Taylor Okafor,Female,LOT-1109,LOT-7830,5912,Y,REF-7151,,Noah Okafor,,Elena Brooks,,Austin,Australia,Standard,Other,Followed up on the open items from last week.,3703,avery.reyes@examplecorp.test,Rahul Mensah,Data & Analytics,Aisha Mensah,Beta,,SKU-7277,,,Discussed timeline and next steps with the account.,Seattle,US Day,Standard,QA Engineer,Nina Blake,TAG-3506,,,Standard,REF-4793,Active,Other,Followed up on the open items from last week.,,,,Beta,851,8250,1377,Alpha,9433,,,Delta,2024-12-07 17:39:00,618,4714,Beta,Beta,Gamma,TAG-3754,7802,2980,3777,7725,4735,Delta,2023-10-15 18:20:00,4010,3803,Beta,Other,Beta,SKU-8964,480,9093,3938,3245,3581,Other,,,,,,,,,,,,,,2026-05-06,,3800,Other,LOT-5294,,LOT-8316,9443,,3508,8473,2453,Standard,2023-07-03,,,,,,,,,,,,,2024-09-22,,,,,,,574,,8785,,,,Shared the updated proposal for review.
100075,Relay User,101216,skyler.sloan@acme-fake.test,Quinn Sloan,2026-07-16 22:28:00,avery.blake@demomail.test,Noah Garcia,2023-10-20 02:41:00,Alpha,,2025-04-22 21:25:00,,,,N,REF-1874,9530,Gamma,1447,7145,6026,REF-6191,Other,100447,100101,REF-3466,,Standard,3800,8940,,,Delta,100040,100637,100492,100429,100610,100309,100325,100164,,100582,100374,,100213,SKU-3686,382,,6831,,,,,100040,100224,100393,,100597,,100164,Nina Mercer,,,,,Nina M.,Fatima Larsson,,Not Available,,,REF-7006,REF-8080,,,Fatima Brooks,Other,sofia.haddad@demomail.test,Individual Contributor,Intern,Beacon Retail Corp,Junior,Sofia Blake,Male,SKU-3302,LOT-1483,3088,Y,,Jamie Sloan,Liam Reyes,,,"162,172",Denver,Canada,Gamma,Standard,Reviewed performance and gathered feedback.,2111,quinn.kim@examplecorp.test,Emerson Costa,Marketing,Sofia Calder,Gamma,,TAG-5030,LOT-4412,,Aligned on billing and renewal terms.,Manila,US Day,Other,Payroll Specialist,Priya Rossi,,,Other,Gamma,SKU-5879,Active,Alpha,Noted a concern to revisit at the next sync.,,3394,,Standard,1395,8979,7921,Standard,8482,,9975,Delta,2026-03-31 20:24:00,3073,8582,Beta,Beta,Delta,SKU-8877,5347,1312,127,3577,7086,Standard,2023-07-27 23:33:00,4953,1050,Alpha,Alpha,Alpha,TAG-3551,1582,7465,5082,3321,8558,Beta,,,,,,,,,,,,,,2023-06-27,6642,,Standard,LOT-8195,LOT-1823,,5992,4995,6534,1847,5717,Standard,2026-06-05,,,,,,,,,,,,,2025-04-17,2312,,Alpha,,,,,,3761,,,,Noted a concern to revisit at the next sync.
100410,Relay User,101217,chen.cohen@sampleco.test,Aisha Rossi,2025-10-29 17:00:00,omar.brooks@sampleco.test,Nina Ford,2026-03-20 00:17:00,Delta,Skyler Blake,2023-08-15 08:59:00,,,,N,TAG-6901,6866,Standard,2503,8560,8784,SKU-3529,Standard,100165,100616,SKU-3354,6781,,,623,,,,100164,100122,100017,100400,100741,100267,100780,100158,100741,100142,,,100760,LOT-9132,,Standard,5970,,8739,SKU-1996,,,100449,100353,100333,,100288,100532,Mei Kim,,,Casey Brooks,REF-2793,Mei K.,,REF-4323,Placed but Available,,,LOT-6699,LOT-6617,Beta,,Omar Sloan,Delta,arjun.ford@demomail.test,Manager,Contractor,Silverline Holdings Co,Lead,Emerson Reyes,Prefer not to say,SKU-8654,SKU-4198,,Y,TAG-8832,Reese Ivanov,Fatima Dorsey,,Noah Cohen,,Chicago,Australia,,Beta,,9762,casey.ivanov@examplecorp.test,Taylor Blake,Software Engineering,Chen Whitfield,Standard,,LOT-2162,,,,Phoenix,Flexible,,Bookkeeper,Diego Costa,SKU-3130,,,Standard,LOT-2277,Active,Other,Aligned on billing and renewal terms.,4824,6705,,,2579,4091,1913,Beta,,9085,,Standard,2024-05-26 04:33:00,6360,6150,Other,Beta,Alpha,LOT-5699,5283,8189,1902,7101,2362,Alpha,2023-07-29 11:47:00,1032,9817,Gamma,Standard,Delta,LOT-1699,4667,229,9487,4946,1364,Alpha,,,,,,,,,,,,,,2024-06-11,5455,2174,Delta,,SKU-2206,TAG-5488,221,313,4832,1802,6332,,2026-01-27,,,,,,,,,,,,,2023-04-16,3357,9736,Gamma,SKU-1776,,,5185,,2346,,,,Noted a concern to revisit at the next sync.
100070,Relay User,101220,alex.calder@demomail.test,Chen Reyes,2023-01-31 02:21:00,noah.sloan@demomail.test,Noah Calder,2024-01-20 08:17:00,Standard,,2022-11-25 00:35:00,,,,Y,TAG-3492,9601,Gamma,5423,5649,1135,REF-3019,Beta,100535,100275,SKU-9143,9382,Gamma,4444,,2269,,Alpha,100526,100597,100340,100242,100413,100799,,100415,100212,100370,,,100080,,,,7668,,,LOT-5430,,100799,100389,100103,100209,,100464,100487,Chen Sato,,,Yara Okafor,REF-7833,Chen S.,,,Not Available,,,,TAG-6448,,,Arjun Brooks,Other,aisha.brooks@demomail.test,Director,Intern,Summit Industries Inc,Lead,Yara Blake,Prefer not to say,REF-9630,LOT-7953,5928,Y,,Arjun Silva,Jamie Kim,,Drew Rossi,,Bengaluru,Canada,Gamma,Alpha,Scheduled a check-in for the coming month.,3699,mei.ashby@acme-fake.test,Omar Whitfield,Marketing,,Other,,SKU-5236,REF-6595,,,Toronto,US Evening,Alpha,Support Specialist,Fatima Silva,LOT-2831,,,Beta,LOT-3720,Active,Delta,,,,,,5748,6536,2919,Beta,8693,,4553,,2023-08-08 18:06:00,3639,7334,Standard,Gamma,Other,REF-9133,3515,4160,8006,5004,9769,Standard,2023-02-20 15:45:00,6449,717,Other,Gamma,Alpha,TAG-2503,4243,3477,2229,1044,5088,Delta,,,,,,,,,,,,,,2026-05-04,7481,3775,Beta,REF-1153,LOT-6016,TAG-8843,5273,6079,6518,4868,,Beta,2026-01-25,,,,,,,,,,,,,2024-11-19,,,Other,,,,8708,4459,,,,,Followed up on the open items from last week.
100208,Relay User,101221,yara.blake@sampleco.test,Priya Whitfield,2024-02-27 11:55:00,jamie.cohen@acme-fake.test,Alex Sloan,2022-12-16 08:35:00,Alpha,Marco Reyes,2025-12-13 03:45:00,,,,Y,TAG-8777,5865,Beta,8462,6779,1811,REF-2172,Alpha,100443,100040,,8977,Beta,8792,,,TAG-8353,,100652,100070,100784,100782,100295,100380,100382,100352,100380,100475,100192,100161,100421,,2370,,,,,,LOT-5658,100587,100432,100496,100197,,100323,100726,Mei Dorsey,,,Rowan Nguyen,SKU-1192,Mei D.,Morgan Blake,LOT-4596,N/A,,,,REF-9659,,,Emerson Silva,Standard,diego.mensah@sampleco.test,Manager,Full-Time,Vertex Ventures,Senior,Taylor Sato,Male,REF-5079,TAG-5163,549,N,TAG-3490,Marco Ford,Fatima Sato,,Yara Vance,"142,348",Toronto,United States,Delta,Beta,,,noah.dorsey@acme-fake.test,Mei Silva,Customer Support,Alex Rossi,Standard,,TAG-6017,TAG-8517,,,Denver,US Night,Standard,Recruiter,Sofia Ivanov,,,,Other,LOT-3796,Active,Standard,,,3727,,Standard,7975,910,6859,Gamma,,1987,4694,Standard,2026-06-09 19:45:00,1092,7247,Delta,Alpha,Delta,REF-1368,6418,6336,3407,5168,3674,Gamma,2024-04-02 05:36:00,5978,5788,Standard,Standard,Other,REF-8380,5652,5241,7605,5184,6896,Gamma,,,,,,,,,,,,,,2023-01-05,9557,7307,Delta,TAG-9097,LOT-5008,REF-5122,1641,1019,8517,2101,1828,Other,2025-09-15,,,,,,,,,,,,,2024-07-14,,,,,REF-5203,LOT-8709,,1792,,6285,,,Shared the updated proposal for review.
100786,Relay User,101222,marco.sloan@acme-fake.test,Aisha Silva,2024-04-04 22:39:00,elena.vance@demomail.test,Morgan Brooks,2024-01-07 02:28:00,Delta,Reese Reyes,2024-05-17 23:45:00,,,,N,REF-8766,3825,Other,6475,4365,1978,SKU-9954,Standard,100305,100316,,1067,Alpha,7625,8010,2509,,Alpha,100413,100272,100511,100734,100475,100151,100029,100238,,100526,,,100142,,,,173,878,,,SKU-1966,100615,100238,100281,,100356,,100148,Jordan Sato,,,,TAG-2656,Jordan S.,,,N/A,TAG-8946,,,LOT-3042,Delta,,Emerson Haddad,Other,aisha.ford@sampleco.test,Individual Contributor,Full-Time,Keystone Holdings,Mid-Level,Quinn Cohen,Non-binary,REF-6406,LOT-5594,,N,,Liam Silva,Avery Silva,,,,Manila,United States,Delta,Beta,,7904,nina.ivanov@acme-fake.test,Drew Kim,Sales,Fatima Costa,Alpha,,SKU-8257,SKU-3875,,,Toronto,US Day,Standard,Project Manager,Skyler Patel,TAG-5058,,,Delta,TAG-3388,Active,Delta,Reviewed performance and gathered feedback.,,,5817,,3525,386,9543,Other,8393,4434,6343,Gamma,2024-01-11 05:08:00,1636,6520,Standard,Other,Beta,TAG-8281,8266,9385,2628,7335,1101,Gamma,2024-02-16 23:38:00,9643,756,Other,Beta,Gamma,TAG-4076,7160,2907,2652,2975,5426,Gamma,,,,,,,,,,,,,,2025-02-01,3819,3951,Standard,TAG-3938,REF-3146,SKU-3906,,5972,,,,,2024-12-20,,,,,,,,,,,,,2023-06-28,,3424,,,,,,,,2909,,Other,Followed up on the open items from last week.
100610,Relay User,101223,morgan.larsson@acme-fake.test,Diego Ashby,2024-12-30 12:22:00,marco.brooks@sampleco.test,Noah Reyes,2023-09-04 03:15:00,Other,Mei Reyes,2023-08-28 07:14:00,,,,Y,SKU-4192,9021,Other,5440,8093,4992,SKU-5953,Gamma,100051,100620,TAG-8301,8204,Other,422,916,6009,LOT-2817,Delta,100051,100272,100331,100169,100313,100475,,100452,100153,100069,100215,,100313,REF-8135,,,6355,9822,,,REF-9437,100272,100277,100301,,,100272,100468,Jamie Reyes,,,Alex Whitfield,REF-6433,Jamie R.,,,Coming Soon,TAG-1687,REF-7544,,SKU-7346,Other,,Aisha Brooks,Standard,skyler.ivanov@examplecorp.test,Team Lead,Part-Time,Cardinal Holdings Inc,Lead,Jordan Mercer,Prefer not to say,REF-3422,SKU-1410,2043,Y,,Sofia Patel,Arjun Patel,,,"83,210",Manila,Mexico,Alpha,Delta,Discussed timeline and next steps with the account.,8223,elena.vance@sampleco.test,Elena Dorsey,Accounting,Marco Brooks,Standard,,TAG-1511,LOT-2279,,,Bengaluru,US Night,Alpha,Support Specialist,Emerson Dorsey,,,,Beta,SKU-8131,Active,Other,,,,,,6820,8285,8358,Delta,,,,Standard,2024-06-03 04:01:00,6066,1591,Standard,Other,Beta,LOT-7844,4167,2045,8615,9740,9002,Beta,2026-06-14 23:35:00,6397,2694,Standard,Beta,Other,LOT-4999,5395,4521,9676,1699,4412,Alpha,,,,,,,,,,,,,,2022-11-02,1021,,Alpha,LOT-8029,REF-2360,,819,1628,756,,1371,Delta,2024-04-08,,,,,,,,,,,,,2023-02-05,,1063,Beta,LOT-4803,,,,7879,7039,,,Delta,Followed up on the open items from last week.
100281,Relay User,101226,skyler.dorsey@acme-fake.test,Rahul Ivanov,2024-10-25 12:39:00,aisha.okafor@examplecorp.test,Mei Larsson,2026-06-21 05:55:00,,Priya Cohen,2022-11-13 10:57:00,,,,Y,TAG-9082,3827,Standard,6739,4339,6064,TAG-5202,Gamma,100091,100481,SKU-4747,7152,,2508,5598,5875,SKU-3667,Alpha,100616,100083,100141,100432,100281,100789,100325,100370,100731,,100251,,100482,SKU-6072,,Delta,,,,LOT-3544,,100731,100310,100535,100432,100690,,100009,Marco Patel,,,Riley Ivanov,REF-7809,Marco P.,Drew Blake,,Coming Soon,,LOT-6401,LOT-1264,REF-8385,,,Reese Garcia,Other,taylor.garcia@examplecorp.test,Team Lead,Intern,Ironwood Partners Inc,Entry,Fatima Patel,Non-binary,LOT-2711,SKU-5039,7645,Y,LOT-5637,Yara Larsson,Aisha Larsson,,Quinn Dorsey,"234,533",Phoenix,Australia,Delta,Gamma,,1714,avery.whitfield@examplecorp.test,Marco Silva,Marketing,Quinn Ford,Standard,,TAG-2154,SKU-2731,,,Toronto,US Day,Alpha,HR Generalist,Chen Garcia,SKU-9505,,,Gamma,TAG-2855,Active,Alpha,,,,1627,Beta,7352,2697,3098,Alpha,9761,9171,1195,Alpha,2024-09-29 03:55:00,7785,8255,Gamma,Delta,Standard,LOT-3230,8380,2447,4577,3077,2518,Gamma,2024-06-28 01:22:00,340,1271,Standard,Other,Alpha,LOT-6655,8265,5100,7118,9529,5246,Other,,,,,,,,,,,,,,2024-05-20,6954,7359,,SKU-4881,TAG-1393,,,408,,,7741,,2023-06-13,,,,,,,,,,,,,2025-07-07,,6276,Delta,,REF-3172,SKU-4328,,,9411,,,Alpha,Noted a concern to revisit at the next sync.
100177,Relay User,101228,omar.mercer@sampleco.test,Quinn Costa,2024-02-11 03:37:00,arjun.silva@sampleco.test,Elena Calder,2023-11-15 19:34:00,Other,,2024-09-01 05:41:00,,,,N,TAG-2848,9435,Other,398,7895,4161,LOT-7266,Alpha,100117,100571,SKU-9519,,,249,,9968,SKU-4331,,100734,100062,100654,100715,100494,100213,100272,100692,100496,100631,100722,,100240,,,,,3107,,SKU-3743,LOT-3009,100746,100712,100129,100217,,,100742,Elena Ivanov,,,Casey Garcia,SKU-7749,Elena I.,,SKU-9328,Placed,,,,REF-1897,,,Omar Okafor,Beta,emerson.whitfield@acme-fake.test,Team Lead,Contractor,Summit Dynamics Corp,Mid-Level,Omar Brooks,Female,SKU-9055,TAG-1972,2813,N,SKU-1719,Casey Blake,Noah Costa,SKU-6682,Drew Sloan,"184,168",Toronto,India,Alpha,Delta,Discussed timeline and next steps with the account.,5972,drew.larsson@acme-fake.test,Liam Garcia,Data & Analytics,Rowan Silva,Alpha,,SKU-9605,,,,Chicago,US Day,,Data Analyst,Rahul Brooks,TAG-1329,,,Standard,TAG-2564,Active,Other,Reviewed performance and gathered feedback.,,,,,8408,1134,5546,Standard,9077,6096,2339,Delta,2023-06-05 00:07:00,2305,24,Beta,Delta,Delta,TAG-5210,3253,8527,9669,7297,7713,Delta,2025-12-01 05:33:00,5593,9027,Delta,Beta,Delta,SKU-2023,6317,2626,2490,4369,1149,Beta,,,,,,,,,,,,,,2024-04-03,4624,4281,Alpha,TAG-2739,,REF-4231,5838,6047,4799,2969,2598,Alpha,2024-06-12,,,,,,,,,,,,,2025-03-04,,4428,,,TAG-3457,,,,4114,,,,Shared the updated proposal for review.
100771,Relay User,101229,casey.patel@examplecorp.test,Mei Nguyen,2023-03-22 19:42:00,quinn.ford@demomail.test,Yara Ashby,2024-05-05 14:25:00,Beta,Noah Haddad,2023-06-27 23:56:00,,,,Y,SKU-3667,57,Beta,1352,5482,497,LOT-9676,Beta,100704,100010,LOT-6879,7929,,8272,,,,,100685,100473,100005,100192,100694,100089,,100110,100255,,100248,,100195,REF-8381,,Alpha,157,,,,SKU-1391,100765,100789,100551,100156,100469,,100591,Jamie Blake,,,Diego Dorsey,SKU-5975,Jamie B.,Liam Ashby,,Placed,SKU-1909,LOT-9626,,SKU-1154,Other,,Casey Mensah,Gamma,mei.costa@examplecorp.test,Individual Contributor,Intern,Redwood Networks Corp,Senior,Alex Vance,Prefer not to say,SKU-3182,REF-7022,5636,Y,,Aisha Costa,Marco Larsson,LOT-5987,,"30,193",Toronto,Mexico,Standard,Other,Shared the updated proposal for review.,,yara.silva@sampleco.test,Aisha Sato,Data & Analytics,Drew Dorsey,Gamma,,LOT-1078,LOT-2106,,,Bengaluru,Flexible,Delta,Financial Analyst,Noah Calder,,,,Delta,TAG-7184,Active,Alpha,Followed up on the open items from last week.,,,,,9552,1181,3698,Gamma,6820,,5461,Delta,2025-11-16 23:07:00,9774,1011,Standard,Beta,Alpha,REF-1859,6836,1608,4680,6804,3473,Other,2023-08-25 23:20:00,8165,971,Other,Alpha,Alpha,TAG-1953,7302,5217,1684,5636,4282,Gamma,,,,,,,,,,,,,,2024-05-15,5760,6343,,TAG-5584,,SKU-2933,6738,7545,8410,,,Gamma,2025-07-22,,,,,,,,,,,,,2025-04-16,,,,,,LOT-7755,507,3346,,3099,9036,,Noted a concern to revisit at the next sync.
100683,Relay User,101231,skyler.nguyen@demomail.test,Sofia Ford,2024-04-12 05:54:00,noah.whitfield@demomail.test,Chen Dorsey,2022-10-17 03:19:00,Delta,Drew Ivanov,2023-07-05 05:43:00,,,,N,LOT-2205,4720,Other,921,4887,4954,SKU-1965,Alpha,100753,100197,TAG-6947,2967,Beta,1440,8579,8321,LOT-4241,Alpha,100374,100424,100738,100455,100628,100248,100753,100285,100398,100538,100473,,100468,,,Other,,,,TAG-9554,,100232,100120,100440,,,100685,100360,Sofia Mensah,,,Diego Okafor,SKU-9754,Sofia M.,Liam Mensah,,N/A,,,,SKU-2194,,,Noah Costa,Delta,priya.larsson@acme-fake.test,Team Lead,Contractor,Meridian Systems Co,Mid-Level,Emerson Reyes,Non-binary,TAG-5187,REF-8221,1630,Y,,Emerson Dorsey,Alex Haddad,,Marco Reyes,,Manila,United Kingdom,Gamma,Alpha,,,fatima.ford@sampleco.test,Elena Ford,Customer Support,,Standard,,TAG-3447,,,,Mumbai,US Evening,Gamma,Executive Assistant,Nina Nguyen,REF-2850,,,Other,TAG-2778,Active,Alpha,Followed up on the open items from last week.,,,,Standard,4731,5000,379,Standard,2936,7906,5895,Alpha,2024-10-27 23:13:00,7717,5881,Other,Alpha,Alpha,REF-1152,3279,4623,4355,8118,7968,Other,2023-06-29 22:00:00,8722,5805,Beta,Other,Other,LOT-6040,2284,7378,1340,7003,2369,Other,,,,,,,,,,,,,,2025-03-16,,1342,,,TAG-3061,REF-9112,5396,,7884,3485,3468,,2025-01-06,,,,,,,,,,5503,,,2025-01-09,,,Gamma,TAG-7157,,,,3597,,,,,Aligned on billing and renewal terms.
100363,Relay User,101232,priya.silva@sampleco.test,Yara Ivanov,2024-10-19 18:47:00,skyler.mensah@demomail.test,Aisha Rossi,2024-06-25 07:00:00,Other,,2024-06-24 09:16:00,,,,Y,LOT-4493,9551,Gamma,4427,5887,2671,LOT-8172,Beta,100400,100746,,,Other,8076,4231,4216,TAG-9493,,100456,100120,100789,100063,100190,100705,100496,100673,100440,,100726,,100485,,,,4271,,1355,SKU-5605,,100686,100156,100178,,100792,,100275,Noah Garcia,,,Skyler Okafor,TAG-7723,Noah G.,Fatima Brooks,,Placed,,LOT-3814,,TAG-8190,,,Emerson Vance,Delta,noah.reyes@demomail.test,Team Lead,Intern,Delta Media Corp,Entry,Avery Patel,Male,TAG-2931,TAG-2466,6151,Y,LOT-2543,Drew Vance,Elena Garcia,,Omar Whitfield,"172,381",Mumbai,Mexico,Alpha,Alpha,,1483,alex.costa@sampleco.test,Reese Patel,Finance,Elena Brooks,Standard,,REF-4514,,,,Phoenix,US Night,Other,Executive Assistant,Nina Blake,SKU-1893,,,Standard,LOT-9517,Active,Gamma,,7820,,,,4509,3071,3440,Other,6881,3863,,Beta,2025-08-30 10:53:00,7063,2651,Gamma,Beta,Standard,LOT-1901,9018,4434,9296,2676,2699,Other,2026-01-14 09:40:00,5984,7479,Other,Standard,Gamma,SKU-6223,1096,4758,907,2673,1594,Standard,,,,,,,,,,,,,,2025-07-20,,,Standard,,SKU-4063,TAG-4613,8217,7464,1969,688,,Gamma,2024-01-15,,,,,,,,,,,,,2025-11-28,9396,8036,Standard,TAG-7065,,REF-9088,,6384,,4216,,,Scheduled a check-in for the coming month.
100395,Relay User,101233,noah.ford@demomail.test,Drew Costa,2025-03-27 11:32:00,quinn.mensah@sampleco.test,Aisha Sato,2024-04-27 06:12:00,Delta,Riley Mercer,2024-04-22 21:35:00,,,,N,TAG-4241,8535,Other,3507,9591,2970,TAG-1592,Beta,100758,100468,REF-4057,,Standard,,5639,9462,SKU-6619,Other,100101,100223,100763,100771,100587,100309,,100110,,100305,,,100579,,608,,,,5904,,,100539,100459,100239,100010,,,100717,Jamie Ford,,,Rahul Okafor,TAG-5578,Jamie F.,Chen Blake,,Placed,REF-3024,,TAG-5863,LOT-4217,Other,,Reese Ford,Other,jamie.nguyen@examplecorp.test,Individual Contributor,Full-Time,Northwind Networks Group,Senior,Rowan Patel,Prefer not to say,TAG-4926,SKU-4440,3413,N,TAG-4206,Alex Reyes,Rahul Ford,,,,Toronto,Germany,Gamma,Beta,,8630,casey.calder@acme-fake.test,Jordan Mensah,Data & Analytics,Nina Sloan,Alpha,,LOT-8415,,,Reviewed performance and gathered feedback.,London,Flexible,Other,Payroll Specialist,Jordan Rossi,,,,Alpha,REF-3353,Active,Alpha,,,,,Alpha,638,6487,5763,Beta,6195,825,5912,,2022-11-19 07:59:00,3155,4162,Beta,Beta,Gamma,TAG-6927,1891,9926,4275,460,3071,Standard,2025-03-12 01:18:00,3369,544,Other,Standard,Gamma,SKU-1325,4384,2824,627,273,241,Delta,,,,,,,,,,,,,,2023-07-30,2996,6997,Gamma,LOT-9064,TAG-2347,,,2811,7749,6661,4608,Delta,2024-08-15,,,,,,,,,,,,,2023-12-26,671,,Beta,LOT-5966,SKU-7884,TAG-6685,6080,9357,,3703,7315,,Scheduled a check-in for the coming month.
100548,Relay User,101234,rowan.vance@sampleco.test,Sofia Blake,2026-03-20 23:54:00,noah.calder@demomail.test,Drew Whitfield,2023-09-23 11:06:00,Beta,Aisha Whitfield,2023-08-17 23:24:00,,,,N,REF-6194,3502,Alpha,9750,6383,1961,REF-9292,Delta,100735,100146,,8024,Beta,8411,,4805,SKU-1032,Gamma,100368,100314,100616,100793,100342,100200,100667,100477,100232,100017,100370,100117,100293,,2532,,,4248,,,,100203,100325,,100560,,100408,100111,Jordan Nguyen,,,Morgan Whitfield,SKU-8933,Jordan N.,Emerson Calder,,Placed,REF-2167,LOT-7206,,SKU-6966,Alpha,,Yara Blake,Beta,drew.patel@sampleco.test,Team Lead,Part-Time,Keystone Analytics Inc,Entry,Riley Ashby,Female,SKU-3719,REF-2290,7851,Y,,Riley Vance,Quinn Brooks,LOT-8004,Arjun Mercer,"24,811",Austin,Mexico,Beta,Gamma,Resolved the outstanding question about scope.,,emerson.rossi@demomail.test,Aisha Brooks,Human Resources,Casey Cohen,Alpha,,LOT-1826,,,,Phoenix,US Evening,Other,Payroll Specialist,Reese Costa,REF-2262,,,Gamma,TAG-3259,Active,Other,,8539,6891,1896,,8945,5338,5030,Gamma,,597,1749,Delta,2024-10-08 08:37:00,1802,8662,Standard,Other,Alpha,TAG-6419,7053,7831,5701,4210,1249,Gamma,2026-06-02 07:17:00,7321,5533,Other,Delta,Delta,REF-1711,8140,4425,151,2423,9882,Standard,,,,,,,,,,,,,,2026-06-14,,3806,Alpha,,REF-2910,SKU-7936,8793,5458,9144,4110,4385,Standard,2025-07-11,,,,,,,,,,,,,2024-06-06,8333,,Other,,,,406,,,,,,Followed up on the open items from last week.
100538,Relay User,101236,emerson.blake@acme-fake.test,Fatima Blake,2024-12-12 21:37:00,liam.costa@demomail.test,Taylor Patel,2024-02-13 13:11:00,Beta,Emerson Cohen,2024-08-05 00:52:00,,,,Y,LOT-1968,5947,Alpha,5025,2798,1213,LOT-7678,Alpha,100234,100319,LOT-3342,7183,,,1641,,REF-6878,Other,100113,100014,100005,100178,100040,100571,100322,100075,100331,,100235,100452,100518,REF-2251,,,,,,TAG-6811,REF-4674,100555,,100115,,100437,100269,100712,Emerson Costa,,,,LOT-5701,Emerson C.,Arjun Haddad,LOT-6878,Not Available,LOT-9667,,TAG-4330,REF-8974,Gamma,,Yara Sato,Delta,rahul.haddad@sampleco.test,Director,Contractor,Pioneer Capital Corp,Mid-Level,Fatima Costa,Prefer not to say,TAG-9246,REF-7846,4523,N,SKU-8430,Aisha Ashby,Diego Mensah,,Fatima Vance,,Manila,Philippines,Alpha,Gamma,,5115,liam.sloan@sampleco.test,Aisha Nguyen,Customer Support,Reese Sato,Beta,,LOT-7357,,,,Austin,Flexible,Beta,Financial Analyst,Arjun Ivanov,TAG-2308,,,Alpha,REF-5971,Active,Gamma,Resolved the outstanding question about scope.,,8492,,,8258,4249,2590,Gamma,9128,9295,1489,Delta,2024-02-05 13:47:00,7106,63,Standard,Beta,Gamma,REF-6511,3629,7603,1704,2628,5720,Other,2023-02-07 12:39:00,1166,5966,Standard,Other,Gamma,SKU-1591,1845,6728,4950,8440,848,Alpha,,,,,,,,,,,,,,2022-11-11,,2147,Alpha,TAG-1187,SKU-1448,,5182,7222,5228,,5177,Beta,2022-10-15,,,,,,,,,,,,,2024-11-28,,5445,,,,TAG-3974,9996,6676,,4853,8963,,Shared the updated proposal for review.
100122,Relay User,101238,alex.vance@demomail.test,Noah Nguyen,2026-02-13 00:05:00,jamie.nguyen@sampleco.test,Omar Okafor,2024-07-04 15:01:00,Delta,,2026-05-20 01:20:00,,,,Y,TAG-5615,1757,Gamma,2919,8252,2285,REF-8774,Delta,100106,100146,SKU-8020,4273,Standard,,4540,9372,LOT-1122,Beta,100119,100342,100538,100308,100746,100286,,100500,100398,100741,,100275,,REF-6477,8004,,7767,,1444,,,100722,100506,100437,100090,,100104,100625,Riley Cohen,,,Sofia Mensah,REF-4525,Riley C.,,SKU-2523,Placed,REF-2880,,,TAG-6230,Standard,,Diego Mensah,Gamma,rowan.whitfield@examplecorp.test,Team Lead,Contractor,Northwind Holdings Co,Mid-Level,Rowan Reyes,Non-binary,SKU-6312,LOT-3162,322,Y,TAG-6100,Taylor Sato,Emerson Whitfield,,Avery Blake,"78,808",London,India,Other,Alpha,Resolved the outstanding question about scope.,2667,arjun.sato@examplecorp.test,Taylor Sloan,Accounting,Omar Kim,Gamma,,TAG-8803,TAG-9745,,,Mumbai,Flexible,Beta,Financial Analyst,Diego Haddad,,,,Standard,LOT-4091,Active,Gamma,Followed up on the open items from last week.,390,4885,,,5255,6908,2653,Gamma,6609,,7728,Gamma,2024-11-16 02:35:00,762,8451,Gamma,Delta,Standard,REF-3121,4664,9966,9827,5772,8018,Other,2025-08-02 15:08:00,7144,257,Standard,Delta,Gamma,REF-1429,7384,3808,1392,1340,4229,Alpha,,,,,,,,,,,,,,2024-11-02,5176,9171,Other,LOT-5857,TAG-6303,LOT-4823,6395,4333,,8596,9791,Delta,2025-10-09,1223,,,,,,,,,,,,2023-10-15,7698,,Alpha,,SKU-2980,,,,,756,,,Resolved the outstanding question about scope.
100486,Relay User,101239,priya.silva@demomail.test,Sofia Blake,2022-11-07 00:12:00,elena.reyes@demomail.test,Drew Reyes,2024-05-15 15:48:00,Other,,2026-03-31 15:26:00,,,,N,TAG-3262,9404,Other,2404,7878,4894,LOT-7977,Beta,100227,100690,LOT-7387,,Alpha,9148,4928,3819,,Delta,100717,100758,100538,100351,100208,100652,,100016,100344,,,100014,100189,,,Beta,3783,,,,,100658,100156,100560,100782,100200,100560,100429,Arjun Mensah,,,Reese Patel,SKU-6704,Arjun M.,Drew Silva,,Placed,TAG-3082,,TAG-1688,LOT-8831,Delta,,Yara Blake,Delta,elena.reyes@acme-fake.test,Director,Intern,Beacon Robotics Inc,Lead,Alex Brooks,Male,REF-4876,SKU-4945,6767,Y,REF-4679,Fatima Reyes,Priya Ashby,,Skyler Ivanov,,Dallas,India,Beta,Other,,4443,sofia.brooks@demomail.test,Diego Reyes,Operations,,Beta,,TAG-9997,,,,Denver,Flexible,Standard,Payroll Specialist,Elena Mensah,LOT-2190,,,Alpha,REF-7888,Active,Beta,,,,,,9500,9015,9641,Delta,8680,,329,Delta,2023-01-14 08:28:00,5854,6947,Standard,Gamma,Delta,REF-2128,1386,8775,6588,5938,5600,Other,2023-01-01 01:50:00,8758,3212,Delta,Beta,Standard,SKU-6798,8866,6783,8115,8084,8280,Beta,,,,,,,,,,,,,,2024-11-10,2457,3411,Delta,TAG-4634,REF-6524,,3041,9366,8776,9239,7493,Other,2025-09-04,,,,,,,,,,,,,2024-09-11,,,,,TAG-4378,,,7477,3745,,4329,Gamma,Followed up on the open items from last week.
100080,Relay User,101242,riley.kim@demomail.test,Skyler Brooks,2023-08-16 04:09:00,jordan.ashby@examplecorp.test,Mei Sato,2024-04-05 10:57:00,Delta,Skyler Ivanov,2024-06-02 08:31:00,,,,Y,LOT-7634,2151,Alpha,2933,8452,6444,LOT-2163,Standard,100030,100672,TAG-1468,3261,Standard,,,2151,,Gamma,100487,100388,100462,100345,100634,100410,100410,100070,100075,100800,100217,100143,100601,SKU-7147,,,,,,TAG-3019,,100738,100277,100322,100772,,100113,100771,Nina Blake,,,,REF-5665,Nina B.,Emerson Cohen,,Not Available,LOT-6286,REF-7395,LOT-5680,LOT-5721,Other,,Nina Blake,Delta,reese.mensah@examplecorp.test,Team Lead,Part-Time,Horizon Manufacturing Co,Senior,Noah Mensah,Male,SKU-7327,SKU-2175,,N,,Rahul Ashby,Alex Sato,,Noah Blake,"185,088",Mumbai,Germany,Delta,Beta,Aligned on billing and renewal terms.,3961,morgan.okafor@acme-fake.test,Morgan Blake,Sales,Elena Brooks,Alpha,,SKU-3588,LOT-1377,,,Dallas,US Day,Beta,Bookkeeper,Arjun Cohen,,,,Alpha,SKU-5502,Active,Gamma,,6319,,,,2528,9420,4789,Other,,4821,6750,Other,2023-07-22 06:23:00,8369,7755,Gamma,Delta,Delta,REF-5705,2265,4,8017,8850,198,Gamma,2024-07-07 15:10:00,3406,5819,Delta,Other,Standard,SKU-6509,9787,7554,3313,5379,8551,Alpha,,,,,,,,,,,,,,2025-01-03,2026,5377,,LOT-9556,REF-9390,REF-2733,,,4245,2549,9442,Delta,2024-12-11,,,,,,,,,,,,,2026-07-23,8135,,,LOT-3057,,,918,4915,,,,,Noted a concern to revisit at the next sync.
100683,Relay User,101245,drew.mensah@examplecorp.test,Taylor Whitfield,2023-06-16 06:24:00,rowan.reyes@examplecorp.test,Nina Sato,2025-10-21 12:21:00,Beta,Emerson Mensah,2023-08-17 11:44:00,,,,Y,LOT-1347,3924,Alpha,451,1196,8817,SKU-5186,Delta,100205,100063,SKU-4690,757,,2823,9866,,,,100060,100642,100538,100277,100736,100383,,100456,,100062,100075,,100217,,,,9704,,,,,,100238,100235,100511,100759,100530,100224,Nina Mensah,,,Avery Silva,TAG-1829,Nina M.,,,Not Available,LOT-1298,LOT-8850,,LOT-1958,,,Noah Silva,Standard,avery.garcia@sampleco.test,Individual Contributor,Contractor,Cardinal Financial,Mid-Level,Jamie Sloan,Male,LOT-9640,REF-2403,9704,N,REF-8304,Nina Ivanov,Yara Mensah,,,"74,822",Denver,Germany,Alpha,Beta,Noted a concern to revisit at the next sync.,9231,noah.rossi@demomail.test,Casey Mensah,Recruiting,Fatima Blake,Beta,,TAG-6423,,,,Austin,US Evening,Beta,Recruiter,Avery Whitfield,LOT-1704,,,Alpha,LOT-6949,Active,Standard,,,8830,,,5100,3997,3117,Delta,,6131,,,2025-09-04 18:09:00,1225,4500,Other,Standard,Gamma,REF-4185,6346,5516,3459,5114,6998,Gamma,2025-09-25 08:27:00,272,4272,Delta,Other,Standard,REF-8126,9180,5037,5407,2986,362,Other,,,,,,,,,,,,,,2023-12-13,8114,8095,Beta,,REF-7148,REF-2037,1108,3592,9471,,6943,Alpha,2026-03-18,,,,,,,,,,,,,2025-11-01,878,,Delta,LOT-4955,,,,,,,9668,Standard,Scheduled a check-in for the coming month.
100129,Relay User,101247,taylor.ashby@acme-fake.test,Morgan Kim,2026-05-28 05:25:00,elena.brooks@examplecorp.test,Skyler Dorsey,2024-05-02 20:21:00,Standard,,2026-01-25 11:43:00,,,,Y,LOT-6364,7863,Other,9489,3973,6810,REF-2109,Beta,100280,100016,,8836,Delta,8965,2302,,,Alpha,100398,100712,100395,100148,100539,100405,,100328,100604,100715,100382,,100282,,8248,,,182,7436,TAG-5299,SKU-6372,100624,100649,100708,100290,,,100290,Arjun Ashby,,,Jamie Mercer,SKU-6612,Arjun A.,Avery Blake,TAG-2672,N/A,LOT-4581,,,TAG-6031,Delta,,Marco Patel,Delta,marco.cohen@acme-fake.test,Manager,Contractor,Keystone Labs LLP,Mid-Level,Riley Sloan,Prefer not to say,TAG-1484,REF-8356,3457,Y,REF-3352,Rowan Vance,Emerson Larsson,,Mei Cohen,"160,189",Bengaluru,United Kingdom,,Delta,,8961,yara.ford@sampleco.test,Aisha Sloan,Sales,Mei Dorsey,Alpha,,SKU-2088,TAG-3578,,,Toronto,US Evening,Alpha,Data Analyst,Noah Mercer,,Relocation,,Alpha,LOT-7502,Inactive,Alpha,,,,,,4925,6630,5673,Alpha,3411,,,Standard,2023-09-25 13:46:00,7868,9005,Other,Alpha,Standard,LOT-8927,6629,2083,9314,7375,5718,Standard,2024-06-22 00:29:00,8145,2112,Alpha,Beta,Standard,REF-4541,1138,3244,3507,4259,977,Delta,,,,,,,,,,,,,,2026-07-25,4481,8431,,SKU-8308,REF-6875,SKU-5178,3323,2125,7393,2651,9031,Standard,2023-11-27,,,,,,,,,,,,,2024-11-10,,7647,Beta,,,,,5284,,2041,,,Reviewed performance and gathered feedback.
100587,Relay User,101249,jordan.sloan@sampleco.test,Liam Reyes,2026-01-08 06:12:00,reese.blake@sampleco.test,Sofia Larsson,2025-10-04 16:00:00,Beta,,2022-12-27 14:07:00,,,,Y,SKU-3261,3147,Beta,635,4275,2027,TAG-5001,Other,100628,100132,,7206,Other,7726,,3626,,Alpha,100352,100395,100552,100371,100277,100405,100122,100377,,100734,100281,,100469,SKU-2612,,Alpha,,,,,,100474,100485,100646,,,,100220,Priya Dorsey,,,Mei Dorsey,REF-2404,Priya D.,Aisha Calder,LOT-6174,Placed,LOT-6645,TAG-3188,,REF-1550,,,Reese Cohen,Other,elena.patel@demomail.test,Team Lead,Contractor,Ironwood Health Group,Junior,Chen Mensah,Male,REF-5721,TAG-9410,6478,Y,,Taylor Calder,Nina Whitfield,,,,Austin,United States,Other,Other,Noted a concern to revisit at the next sync.,7317,fatima.patel@examplecorp.test,Elena Calder,Software Engineering,Jordan Patel,Other,,REF-6810,SKU-8449,Discussed timeline and next steps with the account.,,Austin,US Night,Standard,Executive Assistant,Drew Garcia,,,,Standard,TAG-1069,Active,Delta,,,,,,8151,1034,7781,Beta,1455,4834,2750,Other,2025-05-02 19:52:00,7442,857,Beta,Alpha,Alpha,LOT-9720,2176,7958,521,3193,2810,Standard,2023-12-07 15:17:00,2335,9694,Gamma,Beta,Standard,SKU-1172,8448,5624,6269,6637,3590,Other,,,,,,,,,,,,,,2026-01-06,7138,732,Other,LOT-6424,REF-7792,LOT-2633,9379,6709,1880,7572,9084,Beta,2022-12-14,,,,,,,,,,,,,2026-01-14,,1792,Gamma,,,LOT-6057,,4544,,5927,,,Aligned on billing and renewal terms.
100620,Relay User,101251,avery.garcia@demomail.test,Jamie Rossi,2025-12-11 17:40:00,morgan.haddad@acme-fake.test,Noah Garcia,2025-05-10 17:53:00,Standard,Nina Whitfield,2023-05-10 06:53:00,,,,Y,SKU-3284,8940,Alpha,6558,1496,6493,TAG-8433,Alpha,100616,100672,,8723,Delta,,,9066,TAG-5419,Beta,100522,100560,100037,100746,100240,100434,100313,100520,100332,,100245,100042,100178,,,,,,,,,,100413,100734,100398,100699,,100164,Arjun Calder,,,Chen Ashby,LOT-3756,Arjun C.,Avery Costa,,Placed,TAG-8249,SKU-2719,,TAG-6353,,,Casey Haddad,Standard,riley.dorsey@acme-fake.test,Manager,Contractor,Meridian Financial LLC,Senior,Marco Larsson,Prefer not to say,REF-9729,SKU-7300,5207,N,TAG-5590,Priya Nguyen,Mei Nguyen,,Fatima Silva,,Bengaluru,Mexico,Standard,Other,Reviewed performance and gathered feedback.,5827,priya.dorsey@acme-fake.test,Elena Blake,Accounting,Diego Reyes,Alpha,,TAG-3167,REF-1212,,,Bengaluru,US Evening,Beta,Executive Assistant,Arjun Ford,,Voluntary Resignation,,Delta,TAG-4697,Inactive,Beta,,,,9343,,138,3433,9938,Alpha,,476,1146,Standard,2025-06-23 08:05:00,2219,9263,Gamma,Delta,Alpha,REF-8835,2598,490,1697,672,3628,Other,2022-10-15 19:00:00,9437,9735,Delta,Beta,Gamma,TAG-6878,5087,4789,635,168,7805,Delta,,,,,,,,,,,,,,2024-10-24,2316,,Other,TAG-5452,REF-1449,TAG-7045,,270,6129,1564,3014,,2023-10-28,,,,,,,,,,,,,2025-06-02,,,,,TAG-9211,SKU-5206,,,,,6477,,Shared the updated proposal for review.
100197,Relay User,101254,marco.garcia@demomail.test,Arjun Calder,2025-11-14 04:52:00,chen.ivanov@acme-fake.test,Casey Nguyen,2024-07-29 00:27:00,Gamma,Nina Larsson,2025-04-22 06:40:00,,,,N,TAG-5283,9690,Delta,3532,4581,8457,REF-3352,Gamma,100005,100513,TAG-8142,6522,Gamma,6997,1739,9044,,Standard,100543,100613,100217,100164,100496,,,100353,100452,100664,100622,100185,100479,,,,6648,5470,,TAG-6237,,100208,100497,100086,,100760,,100789,Jordan Ford,,,Arjun Mercer,SKU-9964,Jordan F.,,,Placed but Available,SKU-3996,TAG-5077,REF-8830,REF-9285,Gamma,,Avery Ivanov,Alpha,liam.okafor@acme-fake.test,Team Lead,Intern,Horizon Ventures,Mid-Level,Alex Larsson,Prefer not to say,REF-3692,TAG-3745,6098,N,,Morgan Garcia,Chen Larsson,REF-3122,Jordan Patel,"226,986",London,United Kingdom,Gamma,Delta,Noted a concern to revisit at the next sync.,7777,rowan.whitfield@acme-fake.test,Jordan Larsson,Software Engineering,Yara Rossi,Standard,,SKU-3340,REF-3067,,,London,US Night,Alpha,Customer Success Manager,Rahul Haddad,LOT-7915,,Beta,Other,TAG-6835,Active,Alpha,,,1414,,,8246,8881,8531,Alpha,9940,,,Gamma,2024-06-12 14:11:00,7477,5012,Alpha,Other,Gamma,TAG-8644,3777,6708,5931,3834,8687,Alpha,2023-06-20 15:19:00,5054,3098,Beta,Delta,Beta,REF-3429,2035,1375,4221,7494,2854,Standard,,,,,,,,,,,,,,2026-02-03,8047,7495,,TAG-3501,REF-2854,REF-9704,8727,9748,4713,2470,8905,Gamma,2024-01-02,,,,,,,,,,,,,2023-02-13,,,Gamma,,,LOT-4343,4888,9025,23,,,,Scheduled a check-in for the coming month.
100676,Relay User,101257,mei.ashby@demomail.test,Taylor Vance,2023-05-01 19:55:00,arjun.vance@acme-fake.test,Reese Haddad,2026-01-08 20:28:00,Alpha,Aisha Garcia,2022-10-30 10:18:00,,,,Y,SKU-4125,9675,Delta,3337,5996,3367,REF-7272,Alpha,100345,100722,,8837,Standard,6666,2026,3802,,,100672,100259,100091,100760,100286,100741,100485,100345,,100115,,100535,100588,SKU-1441,,,7896,5955,2683,,REF-6831,100010,100209,100148,100582,,100400,100141,Alex Ford,,,,LOT-2366,Alex F.,Chen Ford,,Placed but Available,SKU-4681,TAG-1177,,REF-2177,Delta,,Diego Costa,Other,quinn.rossi@acme-fake.test,Director,Part-Time,Northwind Networks Inc,Entry,Nina Dorsey,Female,SKU-5658,SKU-6563,6876,Y,REF-5527,Omar Sato,Diego Sato,LOT-8897,Priya Calder,"173,623",Seattle,Germany,Delta,Alpha,Resolved the outstanding question about scope.,,quinn.vance@demomail.test,Noah Patel,Human Resources,Liam Sato,Gamma,,REF-5541,,,Discussed timeline and next steps with the account.,Dallas,US Night,Gamma,Accountant,Arjun Kim,TAG-3367,,Delta,Alpha,SKU-5757,Active,Standard,,,,7313,,435,3915,7038,Other,1277,82,,Standard,2024-08-05 18:05:00,2293,6797,Gamma,Beta,Other,SKU-9631,6451,7011,773,8811,3278,Standard,2026-01-17 19:55:00,9917,2068,Other,Gamma,Standard,TAG-4692,7215,4607,9924,3852,7211,Delta,,,,,,,,,,,,,,2023-04-26,2801,1876,Other,REF-6412,REF-1043,SKU-3443,5090,6073,4702,8937,2080,Standard,2022-11-02,,,,,,,,,,,,,2024-01-13,7546,2394,,SKU-4813,,,,,,6357,,,Reviewed performance and gathered feedback.
100482,Relay User,101260,alex.ivanov@sampleco.test,Liam Mensah,2025-11-19 01:17:00,mei.costa@sampleco.test,Alex Larsson,2023-01-09 01:16:00,Alpha,,2024-02-09 06:31:00,,,,Y,TAG-1516,4322,Alpha,747,2418,9155,REF-9798,Other,100798,100492,,,Delta,,,9163,TAG-3115,Beta,100546,100192,100161,100403,100132,100587,100336,100777,100755,100459,,100482,,TAG-5176,,,,,9643,,,100232,100034,100749,,100075,,100101,Rowan Patel,,,Aisha Mercer,SKU-4847,Rowan P.,Nina Ivanov,,Placed,,,TAG-6182,REF-6763,Standard,,Casey Okafor,Gamma,arjun.mercer@acme-fake.test,Individual Contributor,Part-Time,Granite Group,Entry,Yara Patel,Prefer not to say,SKU-6673,TAG-4991,1061,Y,LOT-2913,Casey Rossi,Rahul Silva,,Omar Cohen,,Chicago,Philippines,Other,Other,,1882,rahul.vance@examplecorp.test,Fatima Rossi,Finance,Yara Sloan,Standard,,LOT-4132,LOT-3382,,Discussed timeline and next steps with the account.,Seattle,US Night,Delta,Marketing Coordinator,Elena Reyes,,,,Gamma,LOT-7893,Active,Alpha,,,,3986,,1707,451,6282,Alpha,3987,532,,,2025-03-21 19:55:00,441,4151,Delta,Alpha,Alpha,REF-7765,7719,8323,3997,7833,670,Delta,2023-08-08 20:33:00,921,2923,Gamma,Beta,Gamma,TAG-7103,3620,5111,3793,4811,7321,Alpha,,,,,,,,,,,,,,2024-07-17,,7194,Delta,TAG-5794,LOT-2741,SKU-9209,,7358,2680,826,,Standard,2023-03-09,,,,,,,,,,,,,2025-03-01,,,,,,,1647,,8688,3000,,,Followed up on the open items from last week.
100753,Relay User,101263,rahul.sloan@demomail.test,Omar Patel,2023-07-24 06:03:00,arjun.mercer@acme-fake.test,Priya Nguyen,2026-04-13 20:47:00,Standard,,2023-05-27 23:23:00,,,,Y,SKU-6541,7271,Delta,5605,7975,657,REF-9144,Delta,100750,100370,,1429,Other,,9843,5016,SKU-9952,,100681,100658,100518,100314,100440,100295,100371,100591,,100554,100642,,,,,,5345,,,,,100709,100786,100141,100344,100345,100282,100490,Casey Brooks,,,Avery Calder,REF-6546,Casey B.,Casey Okafor,,N/A,REF-2130,,TAG-5617,LOT-5939,Alpha,,Elena Ashby,Standard,emerson.kim@examplecorp.test,Individual Contributor,Contractor,Cobalt Solutions Ltd,Lead,Skyler Calder,Male,SKU-9985,TAG-9338,5281,Y,LOT-4824,Priya Garcia,Rowan Brooks,SKU-6654,,"219,412",Seattle,India,Delta,Delta,,7993,nina.garcia@acme-fake.test,Nina Reyes,Software Engineering,Noah Brooks,Gamma,,LOT-7841,,,,Seattle,US Evening,Standard,Bookkeeper,Aisha Calder,TAG-6311,,Alpha,Alpha,LOT-6696,Active,Delta,,,9157,,Beta,5748,3453,236,Gamma,8116,,8769,Delta,2022-10-06 23:20:00,2712,6363,Standard,Standard,Standard,SKU-5759,4838,9296,9006,2362,5406,Alpha,2026-02-14 11:46:00,1584,1854,Beta,Beta,Gamma,SKU-3387,9127,2642,8701,7921,8924,Gamma,,,,,,,,,,,,,,2026-06-09,3381,1897,Alpha,SKU-6658,SKU-9236,REF-4283,,7830,702,4810,2728,Other,2023-11-26,,,,,,,,,,,,,2022-10-20,,,Gamma,,,,,,7676,1994,,,Noted a concern to revisit at the next sync.
100468,Relay User,101266,alex.whitfield@sampleco.test,Quinn Haddad,2025-11-15 22:05:00,aisha.larsson@demomail.test,Elena Dorsey,2023-12-11 00:53:00,Beta,,2024-04-25 08:33:00,,,,Y,TAG-8049,2567,Other,6478,904,5516,TAG-2502,Alpha,100574,100486,LOT-6549,8573,Alpha,7500,,2716,REF-1798,,100251,100336,100388,100597,100322,100579,,100627,,100241,100511,100069,100122,,,Alpha,,,,REF-3404,,100107,100667,100126,,100654,100197,100601,Riley Ford,,,Fatima Calder,LOT-6604,Riley F.,Alex Ivanov,,Placed,REF-2444,TAG-9732,,TAG-3276,Standard,,Alex Haddad,Delta,rahul.ford@examplecorp.test,Manager,Full-Time,Falcon Textiles LLP,Senior,Priya Ivanov,Non-binary,TAG-7611,REF-2705,,N,TAG-7523,Quinn Okafor,Morgan Cohen,,Fatima Blake,,Denver,Canada,Alpha,Delta,Scheduled a check-in for the coming month.,2683,rowan.reyes@acme-fake.test,Drew Whitfield,Accounting,Noah Dorsey,Standard,,LOT-5089,,,Resolved the outstanding question about scope.,Denver,US Day,Alpha,Project Manager,Rahul Kim,,,,Delta,LOT-3054,Active,Delta,,,,,Delta,4775,3633,8868,Other,,1222,,,2023-05-01 17:14:00,7731,4472,Alpha,Gamma,Delta,LOT-4258,6545,4133,2734,380,5291,Beta,2026-05-02 04:09:00,788,9887,Standard,Other,Delta,LOT-4929,4325,9777,517,8361,1529,Standard,,,,,,,,,,,,,,2024-04-25,,5029,Alpha,SKU-5239,TAG-5282,SKU-9958,3818,5096,5908,4077,2313,Gamma,2024-03-15,,,,,,,,,,,,,2026-06-10,,,Standard,,,,,1600,5147,,753,,Aligned on billing and renewal terms.
100749,Relay User,101269,emerson.dorsey@examplecorp.test,Riley Larsson,2023-05-12 18:32:00,rowan.vance@sampleco.test,Chen Sato,2023-10-11 10:47:00,Standard,,2023-11-04 16:50:00,,,,N,LOT-3124,4310,Standard,1790,9723,4912,SKU-5284,Standard,100103,100624,LOT-3660,7377,,192,,6577,TAG-3352,Beta,100343,100755,100763,100309,100310,100656,,100637,,,100538,100051,100432,,,,,,3959,SKU-9854,,100579,100352,100628,100704,100667,,100298,Mei Sloan,,,Omar Ford,REF-4272,Mei S.,Skyler Kim,,N/A,REF-9907,,,SKU-4435,,,Yara Kim,Delta,skyler.larsson@acme-fake.test,Director,Part-Time,Summit Labs,Entry,Reese Mensah,Female,REF-3715,LOT-6506,,N,TAG-4069,Priya Blake,Fatima Whitfield,LOT-2167,Jamie Ivanov,,Seattle,United States,Gamma,Standard,,7240,liam.ford@examplecorp.test,Chen Ashby,Finance,,Standard,,TAG-1601,,,,Austin,Flexible,Beta,Marketing Coordinator,Chen Cohen,REF-8624,,,Delta,SKU-4142,Active,Other,,,,,Beta,586,1504,5047,Beta,,323,4518,Beta,2024-04-20 04:53:00,3176,3427,Beta,Alpha,Delta,LOT-2808,9309,8675,8730,2936,4576,Beta,2025-08-02 09:06:00,5169,6079,Standard,Other,Gamma,LOT-4911,7119,3748,6518,8001,1182,Alpha,,,,,,,,,,,,,,2025-02-07,,344,Beta,REF-8307,LOT-7462,LOT-1991,8826,5045,2561,631,6424,Gamma,2025-03-31,,,,,,,,,,,,,2025-03-17,,8845,,,,REF-7390,2764,,3078,4194,816,,Shared the updated proposal for review.
100363,Relay User,101271,emerson.ivanov@examplecorp.test,Omar Ivanov,2024-04-24 05:27:00,yara.costa@demomail.test,Arjun Sloan,2026-07-30 17:30:00,Beta,,2023-09-18 09:26:00,,,,Y,REF-9962,6365,Standard,7439,2549,6431,TAG-4099,Alpha,100132,100729,,2507,Gamma,,4027,,TAG-2631,Beta,100432,100704,100005,100738,100308,100190,100107,100062,100417,100343,100308,100723,100683,,,,,,4174,,,100535,100298,,,100704,100374,100143,Mei Whitfield,,Emerson Sato,Priya Calder,REF-8486,Mei W.,Priya Calder,,N/A,LOT-7883,,,SKU-7964,,,Marco Whitfield,Other,elena.nguyen@sampleco.test,Manager,Intern,Beacon Robotics Co,Senior,Yara Whitfield,Male,TAG-3806,TAG-7818,4926,Y,LOT-7165,Sofia Silva,Elena Costa,LOT-4225,Omar Blake,"219,316",Atlanta,India,Gamma,Other,,106,casey.brooks@acme-fake.test,Aisha Blake,Customer Support,,Beta,,LOT-3508,REF-7470,Reviewed performance and gathered feedback.,,Mumbai,Flexible,Standard,Marketing Coordinator,Arjun Sloan,REF-9876,,,Alpha,REF-3569,Active,Delta,,8338,4949,5032,,2782,5007,1570,Beta,,7918,8432,,2024-09-05 20:09:00,3930,1076,Gamma,Beta,Other,REF-9394,829,7126,3943,8398,8707,Alpha,2023-09-25 12:32:00,508,771,Delta,Gamma,Gamma,REF-5154,2329,3908,3368,2987,4570,Gamma,,,,,,,,,,,,,,2025-09-11,6104,,Gamma,,LOT-2761,LOT-6142,8919,,,7220,,Alpha,2025-03-03,,,,,,,,,,,,,2024-08-06,,3503,,,SKU-8075,,,255,,,7486,,Scheduled a check-in for the coming month.
100120,Relay User,101273,diego.mercer@sampleco.test,Yara Haddad,2024-05-26 18:36:00,jamie.haddad@examplecorp.test,Diego Ford,2025-05-05 09:23:00,Alpha,Aisha Cohen,2026-05-27 07:14:00,,,,Y,SKU-4367,7168,Beta,9802,5354,4927,LOT-8765,Alpha,100473,100470,,8394,Standard,2366,9697,939,LOT-3572,Alpha,100604,100056,100301,100746,100029,100353,100569,100755,100482,100596,100408,,,,,Alpha,,,2336,REF-3070,SKU-4401,100242,100469,100475,,100290,,100023,Quinn Ivanov,,,,TAG-5523,Quinn I.,,LOT-5259,Placed,REF-7708,,,SKU-4422,Other,,Aisha Patel,Standard,marco.sato@examplecorp.test,Director,Contractor,Granite Systems Co,Lead,Arjun Dorsey,Non-binary,REF-7341,SKU-7188,8031,Y,LOT-8860,Sofia Sloan,Marco Whitfield,,Emerson Whitfield,"189,202",Seattle,United Kingdom,,Other,Followed up on the open items from last week.,9969,arjun.kim@acme-fake.test,Reese Ashby,Recruiting,Rahul Whitfield,Beta,,LOT-1946,LOT-4164,,,Denver,US Night,Gamma,Executive Assistant,Diego Ashby,,,,Standard,REF-6992,Active,Delta,,2446,,,Delta,7237,8421,4089,Other,,2127,942,Other,2024-03-18 21:45:00,7816,5793,Standard,Beta,Standard,LOT-9367,1199,9719,1813,9859,9411,Delta,2023-12-10 04:58:00,614,3231,Beta,Other,Standard,LOT-8483,3735,7765,7916,3443,8973,Alpha,,,,,,,,,,,,,,2024-06-09,,4376,Delta,REF-6180,SKU-3596,REF-9563,483,7967,5589,992,4657,,2024-06-14,,,,,,,,,,,,,2023-01-04,,6062,Delta,REF-3824,,REF-2343,,,,,,,Scheduled a check-in for the coming month.
100156,Relay User,101274,diego.nguyen@demomail.test,Arjun Haddad,2022-12-31 02:33:00,rahul.garcia@sampleco.test,Chen Sato,2023-04-28 00:40:00,Beta,Alex Haddad,2022-11-17 17:03:00,,,,Y,SKU-8033,6181,Beta,3983,817,3400,SKU-3483,Alpha,100530,100223,REF-7100,,Alpha,,6878,7934,,,100661,100200,100190,100803,100079,100333,,100509,100798,100685,100486,100798,100546,,7872,,,,,,,100255,100241,100333,100380,100386,100772,100332,Liam Nguyen,,,Avery Kim,REF-1335,Liam N.,Elena Blake,LOT-7030,N/A,SKU-8081,,REF-6450,REF-2989,Beta,,Jordan Patel,Alpha,omar.ford@demomail.test,Team Lead,Part-Time,Summit Solutions LLC,Junior,Fatima Mercer,Prefer not to say,SKU-3445,REF-7431,,Y,TAG-9627,Mei Haddad,Avery Garcia,SKU-8296,,"69,462",Bengaluru,Mexico,Standard,Gamma,Resolved the outstanding question about scope.,,reese.patel@acme-fake.test,Quinn Ford,Operations,Jamie Patel,Standard,,SKU-8384,,,Shared the updated proposal for review.,Mumbai,US Day,Beta,Data Analyst,Priya Calder,SKU-3663,,,Standard,TAG-4275,Active,Other,,,8197,3894,,7987,895,5262,Gamma,,3794,5214,,2022-12-06 14:45:00,4846,8802,Other,Other,Standard,LOT-3802,3605,3208,7380,3545,1701,Standard,2024-12-13 19:10:00,9914,347,Alpha,Beta,Gamma,SKU-2418,89,755,3317,891,748,Delta,,,,,,,,,,,,,,2025-06-06,,6952,Standard,TAG-5970,REF-7375,,9524,2565,596,6490,3004,Other,2026-05-09,,,,,,,,,,,,,2025-12-16,,,,REF-4306,,,,3681,,,,Gamma,Followed up on the open items from last week.
100223,Relay User,101275,fatima.okafor@examplecorp.test,Jordan Nguyen,2024-05-07 02:32:00,skyler.reyes@acme-fake.test,Quinn Garcia,2024-11-09 09:46:00,Beta,Liam Ashby,2024-06-20 16:39:00,,,,N,LOT-5484,9717,Delta,1676,6588,2022,REF-6874,Gamma,100332,100487,LOT-9406,,Standard,308,,7911,SKU-3650,Standard,100593,100625,100026,100558,100485,100076,100539,100243,,100574,100736,,100760,,,Other,,,,,,100563,100744,100386,100148,,,100470,Omar Sloan,,,Casey Cohen,REF-3783,Omar S.,,LOT-7520,N/A,,LOT-3117,,TAG-1784,,,Arjun Larsson,Beta,aisha.kim@examplecorp.test,Individual Contributor,Intern,Blue Ridge Holdings LLC,Lead,Arjun Haddad,Male,REF-1948,TAG-9315,9543,N,SKU-7965,Taylor Brooks,Jamie Dorsey,,Sofia Mensah,,Seattle,Mexico,Alpha,Standard,,9031,fatima.sloan@sampleco.test,Chen Garcia,Finance,,Other,,SKU-7496,TAG-7712,Reviewed performance and gathered feedback.,,Atlanta,US Night,Beta,Data Analyst,Reese Costa,REF-8556,Voluntary Resignation,,Standard,SKU-7971,Inactive,Alpha,,,,,Standard,7835,5947,7125,Alpha,9716,1825,,Delta,2024-06-21 05:01:00,8794,4788,Delta,Delta,Alpha,TAG-5091,8539,4250,1753,9929,4892,Standard,2024-05-29 23:14:00,6926,8441,Alpha,Gamma,Beta,LOT-3319,1683,1514,7472,8178,3228,Beta,,,,,,,,,,,,,,2025-08-27,7016,3228,,LOT-1208,SKU-7529,SKU-3731,,2678,7637,285,7437,Beta,2023-12-10,,,,,,,,,,,,,2026-01-23,,784,,TAG-7346,,TAG-3973,3406,4380,,,7841,Gamma,Aligned on billing and renewal terms.
100376,Relay User,101278,arjun.sato@sampleco.test,Omar Ivanov,2023-08-11 19:54:00,quinn.larsson@sampleco.test,Marco Cohen,2024-06-30 23:45:00,Beta,Casey Blake,2022-12-10 18:29:00,,,,Y,SKU-7653,8965,Alpha,4002,1451,7336,SKU-5934,Standard,100332,100750,LOT-1196,,Standard,6873,2792,,TAG-8651,Alpha,100712,100477,100360,100168,100784,100749,100686,100301,,100113,100156,100616,100490,,,,,,,,,100020,100418,100171,100746,100120,100774,100777,Reese Silva,,,Omar Reyes,TAG-2381,Reese S.,Skyler Mercer,,Available,SKU-8180,,,TAG-2597,,,Omar Rossi,Beta,riley.calder@sampleco.test,Manager,Contractor,Atlas Energy Ltd,Mid-Level,Omar Garcia,Female,TAG-2697,TAG-2675,5630,N,,Emerson Okafor,Skyler Rossi,,,"220,829",Atlanta,United States,Gamma,Delta,,5154,noah.reyes@demomail.test,Jordan Rossi,Operations,Alex Ford,Gamma,,REF-3570,,Aligned on billing and renewal terms.,,Toronto,Flexible,Gamma,QA Engineer,Reese Patel,LOT-2648,Performance,,Gamma,LOT-4017,Inactive,Gamma,Noted a concern to revisit at the next sync.,,,,Standard,7817,7990,7837,Beta,8989,512,4504,,2024-04-02 04:49:00,7897,4055,Standard,Standard,Other,TAG-2938,948,4859,7901,4766,8634,Alpha,2025-09-26 20:30:00,5664,7392,Beta,Alpha,Delta,TAG-4665,7885,1901,5355,7012,7843,Alpha,,,,,,,,,,,,,,2023-02-09,,3904,,,LOT-6567,LOT-7372,,7921,2568,,,Beta,2025-01-01,,,,,,,,,,,,,2022-10-07,,,,,SKU-2171,SKU-7859,3124,,,,7298,,Discussed timeline and next steps with the account.
100171,Relay User,101281,sofia.silva@sampleco.test,Mei Mensah,2025-11-27 11:43:00,aisha.cohen@sampleco.test,Nina Calder,2025-01-26 13:10:00,Standard,Jamie Patel,2024-01-27 14:05:00,,,,N,REF-4199,1902,Delta,4711,5089,460,LOT-7213,Alpha,100749,100742,SKU-3728,6673,Delta,,6890,6887,,,100010,100192,100386,100447,100123,100741,,100034,100031,100772,100434,100771,100076,,,,,,,,,100305,100652,100421,,,100030,100464,Casey Patel,,,Rahul Mercer,SKU-1035,Casey P.,Mei Mensah,,Placed,TAG-8808,SKU-1969,,TAG-1406,,,Avery Vance,Alpha,fatima.blake@examplecorp.test,Team Lead,Contractor,Everest Analytics,Senior,Morgan Costa,Male,TAG-4638,LOT-6137,5757,N,REF-5788,Jordan Mercer,Yara Mensah,SKU-3542,Chen Garcia,,London,United States,Beta,Delta,,2959,chen.cohen@demomail.test,Riley Kim,Software Engineering,Mei Mercer,Standard,,REF-2964,LOT-8964,,,Atlanta,US Evening,Standard,Customer Success Manager,Jordan Reyes,SKU-7947,,Beta,Alpha,LOT-1311,Active,Alpha,,,,,Alpha,6175,2568,1282,Other,2429,5378,1269,Other,2023-06-14 09:46:00,9589,2526,Beta,Gamma,Delta,REF-5477,9246,9541,5544,4643,5981,Other,2024-11-27 01:08:00,2130,7234,Standard,Other,Gamma,SKU-4696,8096,3912,3629,2008,2630,Beta,,,,,,,,,,,,,,2025-12-06,,,Beta,LOT-8295,,TAG-8706,5562,9575,1306,7298,544,,2023-10-21,,,,,,,,,,,,,2026-03-27,2199,6618,,LOT-4959,TAG-6157,LOT-3149,4355,,,6225,,,Resolved the outstanding question about scope.
100132,Relay User,101283,reese.sloan@demomail.test,Aisha Garcia,2026-01-30 23:09:00,priya.reyes@acme-fake.test,Noah Ashby,2025-12-18 14:04:00,Gamma,Fatima Mercer,2024-12-04 06:11:00,,,,Y,SKU-4665,2080,Beta,9996,8029,5262,SKU-3601,Delta,100012,100546,TAG-4289,,,7992,4212,5212,LOT-1652,Beta,100302,100799,100673,100637,100388,100598,100449,100089,,100213,100254,100049,,,,Standard,,,1106,SKU-6684,,100063,100723,100186,100405,100788,100066,100699,Omar Calder,,,Yara Kim,TAG-5139,Omar C.,Rowan Garcia,REF-3357,N/A,,,,LOT-6725,Other,,Elena Nguyen,Standard,arjun.costa@examplecorp.test,Manager,Full-Time,Granite Logistics Corp,Junior,Avery Ivanov,Non-binary,SKU-3916,REF-6104,1280,Y,,Diego Dorsey,Fatima Silva,SKU-8037,Noah Vance,"214,349",London,United Kingdom,Alpha,Alpha,,2243,taylor.rossi@acme-fake.test,Yara Costa,Sales,Nina Silva,Beta,,LOT-1516,,,Discussed timeline and next steps with the account.,Manila,US Day,Alpha,Customer Success Manager,Quinn Rossi,,,,Gamma,TAG-6475,Active,Delta,,3040,5911,,,4765,7397,3098,Delta,6886,5947,2722,,2024-06-21 01:27:00,9290,3553,Other,Delta,Other,SKU-6450,5512,5875,5110,3986,6265,Standard,2024-12-07 02:08:00,9306,5751,Other,Gamma,Gamma,LOT-5252,7513,8328,1555,4392,7148,Gamma,,,,,,,,,,,,,,2022-10-15,,,Alpha,LOT-4265,,SKU-1327,,7735,5655,5367,6997,Alpha,2023-11-01,,,,,,,,,,,,,2025-05-13,,,,REF-6431,REF-3501,,2626,8520,,2131,,,Discussed timeline and next steps with the account.
100110,Relay User,101284,chen.vance@acme-fake.test,Arjun Dorsey,2024-08-12 05:32:00,priya.costa@examplecorp.test,Rahul Sloan,2025-02-26 10:44:00,Beta,Yara Brooks,2023-01-03 21:40:00,,,,N,LOT-7096,9999,Standard,9150,8375,4232,LOT-5635,Delta,100786,,REF-2196,,,,8236,316,TAG-3247,Beta,100206,100758,100454,100322,100652,100086,100143,100625,100101,100613,100281,100151,100153,,,,,,,SKU-8041,,100800,100003,100080,100772,100025,100634,100257,Priya Larsson,,,Arjun Whitfield,,Priya L.,Chen Rossi,,Placed,LOT-6177,,TAG-9919,LOT-1770,Gamma,,Diego Ford,Gamma,alex.reyes@sampleco.test,Director,Intern,Granite Partners Ltd,Lead,Riley Mercer,Male,SKU-5033,SKU-3103,4394,N,LOT-6187,Yara Costa,Casey Ashby,,,"8,026",Seattle,Philippines,,Beta,,9446,aisha.costa@sampleco.test,Reese Calder,Finance,Alex Reyes,Delta,,SKU-3196,,,Shared the updated proposal for review.,Chicago,US Evening,Alpha,Bookkeeper,Avery Ford,TAG-6363,,,Delta,LOT-8465,Active,Alpha,Shared the updated proposal for review.,,9061,,,6744,6314,2113,Standard,9504,7490,4959,,2026-02-17 23:04:00,9661,3319,Other,Other,Standard,TAG-7659,3976,8324,6595,3047,2736,Other,2024-01-11 12:33:00,6645,4982,Standard,Beta,Gamma,TAG-4635,1929,1062,7971,4987,8825,Alpha,,,,,,,,,,,,,,2023-04-27,385,8515,Delta,SKU-1547,REF-7847,LOT-9485,,9291,8218,629,,,2024-02-10,,,,,,,,,,,,,2025-10-17,,,Beta,,REF-6013,SKU-8914,4605,,1499,,,,Reviewed performance and gathered feedback.
100308,Relay User,101286,rowan.costa@sampleco.test,Priya Cohen,2024-05-12 08:02:00,jamie.reyes@sampleco.test,Nina Mercer,2023-01-01 06:54:00,Other,,2022-11-11 05:17:00,,,,Y,LOT-7959,808,Other,1093,7064,8227,TAG-1514,Other,100467,100386,SKU-2722,,Gamma,3280,4341,,,Gamma,100073,100106,100576,100622,100223,100009,100351,100282,100368,100568,100405,100310,,,,Standard,7684,,7597,,,100576,100548,100023,,,,100799,Avery Nguyen,,,Jamie Dorsey,REF-4730,Avery N.,Sofia Mercer,LOT-6153,N/A,LOT-3374,,LOT-1669,TAG-2041,Alpha,,Arjun Garcia,Gamma,rowan.okafor@sampleco.test,Individual Contributor,Contractor,Harbor Textiles Group,Senior,Morgan Kim,Non-binary,REF-9197,TAG-3897,,N,,Chen Ford,Mei Silva,,Fatima Blake,"160,542",Toronto,Canada,,Other,,9518,reese.blake@demomail.test,Liam Garcia,Data & Analytics,,Beta,,LOT-5099,,,,Dallas,US Evening,Beta,Bookkeeper,Riley Patel,REF-4631,Client Request,,Standard,TAG-1653,Inactive,Beta,,,,,,8366,8659,7232,Delta,4822,2415,8456,Alpha,2023-10-07 12:27:00,479,2997,Beta,Gamma,Other,REF-8133,6744,5180,6191,7445,4456,Delta,2025-04-03 13:49:00,8863,3287,Gamma,Standard,Gamma,SKU-4223,3678,1417,1825,1066,4250,Other,,,,,,,,,,,,,,2025-07-10,9924,6077,Delta,,SKU-3559,REF-1693,,4899,3921,8326,,,2023-02-09,,,,,,,,,,,,,2025-12-12,6835,,,REF-2488,,,,4993,7966,,6130,,Discussed timeline and next steps with the account.
100046,Relay User,101288,omar.reyes@sampleco.test,Chen Brooks,2024-06-19 16:04:00,priya.kim@sampleco.test,Fatima Sato,2025-03-07 11:50:00,Gamma,,2026-03-23 08:41:00,,,,Y,REF-4948,6659,Delta,5712,76,9409,SKU-8701,Gamma,,100079,LOT-8370,9299,Gamma,521,7082,2397,TAG-2088,Beta,100020,100119,100417,100148,100295,100527,,100735,,100383,100051,100729,100302,REF-7997,,,,,,,SKU-6993,100767,100624,100686,100343,100601,100750,100340,Jordan Calder,,,,REF-3748,Jordan C.,Arjun Brooks,TAG-8989,Placed,,TAG-1230,,LOT-9457,Beta,,Casey Kim,Other,reese.okafor@demomail.test,Manager,Part-Time,Lakeside Foods Inc,Mid-Level,Jordan Cohen,Female,REF-1044,LOT-3878,2303,N,,Priya Vance,Skyler Mercer,,Taylor Mercer,"102,069",Phoenix,Germany,,Delta,Shared the updated proposal for review.,7203,taylor.larsson@sampleco.test,Fatima Silva,Data & Analytics,,Delta,,SKU-3360,,Noted a concern to revisit at the next sync.,Aligned on billing and renewal terms.,Seattle,US Night,Delta,Recruiter,Marco Garcia,LOT-6716,,,Gamma,TAG-9325,Active,Gamma,Resolved the outstanding question about scope.,5296,,3810,,6278,8929,6569,Delta,1636,4221,,Other,2026-01-30 02:00:00,8678,9207,Beta,Gamma,Gamma,SKU-1357,8650,7975,1407,7757,115,Standard,2025-07-04 20:41:00,4901,6123,Delta,Delta,Gamma,TAG-9094,49,5157,9921,245,6395,Gamma,,,,,,,,,,,,,,2025-10-09,,722,Gamma,,LOT-1680,REF-5977,,7824,9814,1827,7959,,2024-03-25,,,,,,,,,,,,Other,2023-06-17,2931,,,,,,,2795,,,3010,,Scheduled a check-in for the coming month.
100139,Relay User,101290,riley.garcia@acme-fake.test,Fatima Dorsey,2025-12-23 09:55:00,drew.haddad@sampleco.test,Rahul Vance,2024-02-04 04:33:00,Other,Fatima Patel,2024-12-26 10:21:00,,,,Y,SKU-3140,8303,Gamma,6309,492,3299,LOT-2207,Standard,100034,100560,TAG-1430,,,6392,9026,964,REF-9009,Standard,100115,100793,100470,100272,100418,100715,100782,100617,100475,100209,100291,100083,100585,,,Alpha,113,8128,4453,,SKU-1042,,100597,100189,,100497,100046,100593,Sofia Kim,,,Rowan Mensah,LOT-2327,Sofia K.,Morgan Sloan,,Coming Soon,SKU-4025,,SKU-6843,SKU-6980,,,Rowan Garcia,Gamma,noah.rossi@sampleco.test,Director,Part-Time,Redwood Health Co,Junior,Reese Dorsey,Male,SKU-8634,REF-6791,3982,N,,Riley Sloan,Taylor Cohen,,Taylor Whitfield,"138,231",Phoenix,United States,Standard,Standard,,7980,taylor.cohen@sampleco.test,Rowan Vance,Sales,Omar Kim,Beta,,LOT-8079,LOT-9841,,Shared the updated proposal for review.,Bengaluru,US Night,Other,Financial Analyst,Alex Reyes,SKU-5622,,,Beta,REF-1797,Active,Delta,Aligned on billing and renewal terms.,,,,,8352,8360,2492,Standard,,2120,,Standard,2022-12-23 07:36:00,8046,8303,Alpha,Delta,Standard,SKU-4357,3632,9071,6655,1300,7333,Standard,2022-12-13 15:51:00,4747,8084,Other,Alpha,Standard,LOT-1580,320,4300,9658,7459,5243,Beta,,,,,,,,,,,,,,2023-07-30,,,Other,SKU-6617,REF-3399,REF-1285,4963,7636,3068,,7952,Gamma,2023-08-28,9663,,,,,,,,,,,,2024-09-14,,,Delta,,SKU-4617,,,,,,4106,Alpha,Aligned on billing and renewal terms.
100333,Relay User,101292,rowan.ford@demomail.test,Morgan Garcia,2025-05-24 06:35:00,nina.nguyen@acme-fake.test,Arjun Mercer,2025-05-11 06:17:00,Beta,Jamie Rossi,2023-03-13 05:27:00,,,,Y,TAG-7900,8082,Beta,8664,3374,3090,LOT-5847,Delta,100288,100506,LOT-7188,8505,Standard,1450,2329,9621,TAG-6198,Delta,100597,100597,100251,100316,100398,,,100046,100746,,100473,100134,100023,,,,,,2917,,SKU-3028,100702,100123,100591,,100759,,100376,Taylor Sato,,,Jordan Patel,LOT-4361,Taylor S.,Diego Brooks,,Available,REF-3384,,,SKU-4863,Gamma,,Aisha Blake,Gamma,marco.reyes@examplecorp.test,Individual Contributor,Intern,Lakeside Systems,Junior,Morgan Whitfield,Female,SKU-3479,SKU-3250,7380,N,SKU-5211,Jordan Patel,Marco Blake,SKU-4039,,"165,664",Seattle,United Kingdom,Delta,Delta,Resolved the outstanding question about scope.,1451,fatima.patel@sampleco.test,Alex Mensah,Finance,,Beta,,LOT-8345,REF-7918,Scheduled a check-in for the coming month.,,Dallas,US Evening,,Bookkeeper,Avery Nguyen,REF-7778,Relocation,Other,Beta,REF-2179,Inactive,Delta,Shared the updated proposal for review.,,6092,2023,Delta,6271,7501,5463,Beta,3892,7302,,,2024-02-22 11:50:00,4299,7856,Delta,Other,Gamma,LOT-3210,6599,949,3030,8199,3002,Other,2023-05-07 06:51:00,3655,1280,Other,Beta,Gamma,SKU-8752,8738,2852,6223,1789,6992,Other,,,,,,,,,,,,,,2026-04-25,9597,2203,Alpha,TAG-9159,SKU-8862,REF-5387,,9918,2515,,335,,2026-01-04,,,,,,,,,,,,,2025-04-09,,,Standard,,LOT-4924,REF-4741,,,7239,,,Beta,Discussed timeline and next steps with the account.
100339,Relay User,101293,aisha.sato@examplecorp.test,Taylor Vance,2023-02-01 20:30:00,avery.haddad@sampleco.test,Rowan Reyes,2024-09-15 01:42:00,Alpha,,2023-05-19 04:30:00,,,,Y,LOT-6364,7292,Other,1642,3580,4708,REF-1758,Beta,100051,100063,SKU-1392,,Gamma,,,3739,TAG-3692,Standard,100486,100232,100506,100632,100343,100588,100774,100075,100366,,100574,100485,100667,,,Other,7182,,5292,SKU-8679,,100282,100070,100509,,,100298,100486,Alex Silva,,Fatima Patel,Marco Rossi,LOT-1584,Alex S.,Priya Blake,,Not Available,TAG-1308,REF-7995,,LOT-8385,Alpha,,Nina Vance,Beta,elena.mercer@examplecorp.test,Manager,Intern,Ironwood Manufacturing Co,Lead,Casey Reyes,Prefer not to say,LOT-5443,REF-7422,4189,Y,REF-4793,Mei Reyes,Quinn Patel,,,,Toronto,United Kingdom,Gamma,Standard,,4859,riley.calder@examplecorp.test,Elena Patel,Marketing,,Gamma,,REF-9959,,,,Mumbai,US Night,Gamma,Project Manager,Fatima Ashby,,,,Standard,SKU-8561,Active,Delta,,8141,,,Other,2672,3252,4241,Standard,,5508,6336,,2022-10-26 16:08:00,1793,1795,Delta,Alpha,Standard,SKU-3995,5973,6453,4548,6380,5718,Delta,2026-03-06 12:09:00,4265,3842,Beta,Other,Gamma,SKU-4621,6708,8206,8227,8710,9858,Beta,,,,,,,,,,,,,,2025-04-23,8449,6859,Gamma,REF-1338,LOT-2666,SKU-9515,3101,2322,8170,2931,8029,Delta,2025-07-21,,,,,,,,,,,,,2023-05-10,4624,2397,,REF-4586,TAG-6697,LOT-5236,,7659,,4115,4765,Standard,Aligned on billing and renewal terms.
100708,Relay User,101295,riley.reyes@examplecorp.test,Priya Garcia,2022-12-02 20:27:00,elena.whitfield@examplecorp.test,Emerson Vance,2025-10-22 17:50:00,Other,Reese Okafor,2026-03-26 02:11:00,,,,N,REF-9560,5620,Alpha,8645,86,9098,TAG-4083,Standard,100758,100482,LOT-5555,,Gamma,,6729,,REF-8629,,100229,100377,100197,100103,100342,100115,100789,100468,100437,,100099,100063,100638,TAG-7301,,Standard,287,,8528,SKU-1209,,100542,100538,100186,100106,100066,100532,100464,Skyler Blake,,,Reese Calder,LOT-1577,Skyler B.,Priya Whitfield,,Available,REF-9477,,,TAG-5485,,,Sofia Nguyen,Standard,liam.ashby@sampleco.test,Individual Contributor,Contractor,Falcon Media Corp,Senior,Fatima Vance,Prefer not to say,LOT-8519,TAG-2833,8799,N,,Jamie Ashby,Elena Ivanov,REF-4233,,"84,232",Chicago,Mexico,Standard,Beta,,8423,morgan.mercer@acme-fake.test,Omar Larsson,Marketing,,Standard,,REF-7676,,,Shared the updated proposal for review.,Phoenix,US Evening,,Operations Associate,Jordan Silva,,,,Standard,REF-9823,Active,Delta,,9509,5722,,,272,5594,1990,Delta,,,5418,Standard,2025-01-22 23:29:00,587,5274,Other,Beta,Alpha,REF-7829,8464,1252,2280,4277,3464,Delta,2024-11-19 02:12:00,2082,6028,Delta,Other,Standard,REF-9162,6881,3201,7767,857,1233,Gamma,,,,,,,,,,,,,,2023-04-11,9136,6119,,LOT-8956,REF-9945,REF-8183,4219,6073,106,3918,,Delta,2023-04-01,,,,,,,,,,,,,2026-07-04,9784,8845,Gamma,LOT-8482,,,,,6817,43,7856,Alpha,Reviewed performance and gathered feedback.
100168,Relay User,101296,drew.calder@examplecorp.test,Chen Rossi,2023-04-28 18:08:00,arjun.ashby@demomail.test,Jamie Cohen,2025-12-12 03:46:00,Delta,Mei Ivanov,2025-09-27 16:15:00,,,,Y,REF-1413,1572,Alpha,7238,2223,8137,REF-8752,Gamma,100454,100075,LOT-7872,8990,Beta,,,7766,SKU-3116,,100388,100332,100459,100044,100603,100649,100182,100009,100620,100782,,100189,100664,,195,,4747,3436,9368,,LOT-7719,100398,100136,100242,100129,100413,100637,100051,Jordan Sato,,,Priya Reyes,REF-7537,Jordan S.,,,Not Available,,,,SKU-6509,Standard,,Diego Rossi,Gamma,casey.cohen@examplecorp.test,Individual Contributor,Intern,Summit Solutions Co,Mid-Level,Drew Garcia,Non-binary,REF-6921,REF-6211,2841,N,,,Skyler Vance,,,"192,446",Denver,India,,Alpha,,1947,skyler.sloan@demomail.test,Arjun Sato,Finance,Noah Dorsey,Other,,LOT-6986,,Discussed timeline and next steps with the account.,Shared the updated proposal for review.,Seattle,US Evening,,Software Developer,Nina Ivanov,,,,Other,TAG-9743,Active,Delta,,,,,,2197,8842,3862,Gamma,,,8157,Beta,2026-04-23 23:44:00,7925,4616,Alpha,Gamma,Other,SKU-7500,3788,4211,8923,7367,5715,Standard,2025-04-09 10:32:00,6420,2889,Standard,Alpha,Beta,LOT-8508,5706,1485,4509,2386,5906,Standard,,,,,,,,,,,,,,2024-08-13,8490,,Beta,REF-5886,LOT-9264,,5013,8729,3425,2077,7091,Gamma,2023-06-23,,,,,,,,,,,,,2023-01-10,3009,,Beta,,REF-6463,,5643,,,,,,Shared the updated proposal for review.
100723,Relay User,101298,rowan.mercer@examplecorp.test,Omar Patel,2025-01-09 00:12:00,riley.dorsey@examplecorp.test,Sofia Haddad,2023-06-30 05:00:00,Other,Priya Cohen,2024-11-20 10:43:00,,,,N,TAG-6324,3589,Alpha,5634,1579,5391,REF-7204,Alpha,100336,100189,SKU-7417,7879,Beta,7015,3856,7020,,,100308,100101,100485,100546,100803,100128,100245,100673,100192,100099,100749,100132,,,,,,,,,REF-8876,100456,100148,100726,,100037,,100041,Liam Ford,,,Skyler Ivanov,REF-5237,Liam F.,Fatima Ivanov,,Placed,,,LOT-1552,REF-8446,,,Drew Nguyen,Gamma,quinn.patel@demomail.test,Team Lead,Intern,Beacon Media Co,Lead,Noah Ashby,Prefer not to say,SKU-2864,SKU-3706,1260,Y,REF-5001,,Yara Brooks,,Noah Cohen,,Manila,India,,Delta,,4615,chen.garcia@examplecorp.test,Morgan Silva,Finance,,Standard,,TAG-2869,,,,Atlanta,US Day,Alpha,Customer Success Manager,Aisha Blake,,,Gamma,Other,SKU-5628,Active,Other,,,,,,527,8347,2902,Gamma,981,5181,,Standard,2025-03-13 03:24:00,3849,8736,Delta,Standard,Alpha,TAG-5532,1795,3846,4040,430,3591,Standard,2025-11-08 07:58:00,6146,2289,Gamma,Standard,Alpha,TAG-4188,883,8588,5553,763,7598,Other,,,,,,,,,,,,,,2023-08-07,2061,4726,Beta,TAG-2639,LOT-7523,TAG-4133,6352,4296,9866,4914,9014,Gamma,2022-11-14,,,,,,,,,,,,,2026-06-15,,,Alpha,,,,6376,,,,5641,,Noted a concern to revisit at the next sync.
100726,Relay User,101299,yara.mercer@demomail.test,Morgan Dorsey,2024-06-23 12:27:00,yara.cohen@acme-fake.test,Riley Costa,2024-02-20 08:09:00,Other,,2023-11-09 14:21:00,,,,Y,TAG-3151,1173,Other,9935,4172,4649,REF-2294,Delta,100107,100459,SKU-5264,,Other,6335,4361,,LOT-9353,Alpha,100571,100298,100336,100696,100111,100654,,100741,100686,100632,,100005,100188,,6969,Alpha,6235,4346,6382,REF-9905,,100400,100275,100734,,100464,100363,100679,Alex Ivanov,,,Emerson Sato,LOT-8991,Alex I.,Alex Haddad,,Not Available,TAG-4031,,LOT-7756,REF-2544,Alpha,,Nina Ivanov,Gamma,riley.reyes@sampleco.test,Team Lead,Intern,Atlas Retail LLC,Mid-Level,Diego Ivanov,Prefer not to say,SKU-4998,SKU-5634,,Y,LOT-5699,Elena Reyes,Taylor Ford,,Fatima Silva,,Atlanta,United Kingdom,Delta,Beta,Followed up on the open items from last week.,272,elena.reyes@acme-fake.test,Yara Ford,Operations,Omar Silva,Standard,,REF-4038,,Followed up on the open items from last week.,,Seattle,US Day,Other,Bookkeeper,Rahul Okafor,,,,Delta,REF-8314,Active,Standard,,,,3094,,4446,367,7170,Other,3811,1819,8579,,2024-11-10 19:28:00,8442,5719,Standard,Gamma,Gamma,LOT-9329,2827,2090,2690,1514,5360,Delta,2023-11-05 05:44:00,7246,8401,Gamma,Gamma,Alpha,SKU-7209,3628,5185,235,1997,7017,Other,,,,,,,,,,,,,,2022-12-06,5157,6368,,,TAG-4261,,9930,9172,1645,,8580,Delta,2023-09-08,,,,,,,,,,,,,2022-11-30,,,,,,REF-9325,,,9471,,,Delta,Noted a concern to revisit at the next sync.
100598,Relay User,101302,rowan.whitfield@examplecorp.test,Taylor Cohen,2026-07-19 06:42:00,quinn.cohen@examplecorp.test,Emerson Calder,2022-11-02 23:08:00,Beta,Rowan Patel,2024-10-19 07:19:00,,,,Y,SKU-4384,3018,Delta,9405,9278,8281,SKU-4593,Beta,100560,100774,TAG-3147,,Beta,4910,3523,7159,REF-8401,,100393,100440,100141,100788,100664,100539,,100216,,100604,100722,,100113,,,,,4932,,LOT-6249,,100576,100389,100782,100596,100496,100774,100353,Taylor Vance,,,Emerson Nguyen,SKU-9029,Taylor V.,Mei Patel,SKU-6635,Placed,SKU-9153,,SKU-3184,REF-4422,Gamma,,Casey Vance,Standard,taylor.rossi@sampleco.test,Director,Full-Time,Delta Health Corp,Entry,Arjun Vance,Female,REF-3787,TAG-2213,95,Y,REF-9360,Taylor Brooks,Jordan Vance,,Marco Dorsey,,Chicago,United States,Delta,Gamma,Reviewed performance and gathered feedback.,688,marco.ivanov@demomail.test,Emerson Okafor,Recruiting,Avery Mensah,Other,,SKU-6087,,,Scheduled a check-in for the coming month.,Mumbai,US Day,Gamma,Operations Associate,Priya Brooks,LOT-5486,,,Beta,SKU-8852,Active,Gamma,,,,7811,,2171,6724,3610,Standard,,,,,2025-09-29 09:52:00,4728,7060,Alpha,Beta,Standard,SKU-3217,900,6491,1563,2134,4821,Standard,2023-02-05 23:53:00,2272,6311,Gamma,Gamma,Delta,TAG-6530,152,7660,390,2783,9867,Delta,,,,,,,,,,,,,,2024-09-11,9523,5107,Other,LOT-5709,,LOT-9073,8037,2886,4836,5314,,,2023-06-27,,,,,,,,,,,,,2023-05-16,,,,TAG-2370,,LOT-9213,,,,,8917,Gamma,Reviewed performance and gathered feedback.
100275,Relay User,101303,riley.sloan@acme-fake.test,Drew Brooks,2024-11-05 16:38:00,priya.kim@examplecorp.test,Avery Cohen,2023-11-07 23:10:00,Standard,,2024-08-19 05:25:00,,,,Y,TAG-5406,2846,Gamma,4954,2606,9601,LOT-5033,Alpha,,100251,LOT-1758,940,,6883,,1379,TAG-7364,Alpha,100624,100516,100462,100654,100676,100607,100212,100190,100015,100760,,,,,2254,,6868,4129,3041,SKU-9160,,100156,100151,100702,100151,,100254,100638,Marco Cohen,,,,SKU-1073,Marco C.,Nina Cohen,LOT-2651,Available,LOT-1470,,,LOT-6808,,,Mei Mensah,Beta,fatima.patel@acme-fake.test,Team Lead,Contractor,Atlas Health,Entry,Chen Nguyen,Prefer not to say,LOT-5167,SKU-3849,8024,Y,,Jordan Mensah,Liam Calder,,,"118,396",Toronto,Canada,Beta,,,6856,quinn.calder@demomail.test,Riley Mercer,Accounting,Morgan Blake,Standard,,SKU-6229,LOT-4276,,,Phoenix,US Evening,Standard,Recruiter,Yara Ashby,LOT-3318,,,Beta,LOT-4822,Active,Gamma,,9788,2542,,,4166,5286,6999,Standard,3111,,5344,Delta,2025-05-18 07:45:00,9533,7190,Standard,Gamma,Gamma,TAG-6820,5203,6348,1918,7157,2479,Gamma,2024-08-10 20:00:00,1329,3040,Alpha,Gamma,Delta,TAG-3360,7077,454,6677,2770,8862,Delta,,,,,,,,,,,,,,2025-04-11,9987,6362,Gamma,SKU-3556,SKU-3715,,7858,878,,,9895,,2024-07-23,,,,,,,,,,,,,2026-02-21,,,,REF-7618,REF-1646,REF-6361,7820,6856,669,,2637,,Resolved the outstanding question about scope.
100003,Relay User,101305,drew.blake@examplecorp.test,Emerson Silva,2024-05-16 02:12:00,rahul.reyes@sampleco.test,Jordan Sato,2024-06-11 13:56:00,Beta,,2025-12-16 10:04:00,,,,Y,LOT-4551,1257,Other,8192,4397,626,LOT-6697,Beta,100574,100530,,4144,Alpha,3944,5052,,TAG-2377,Delta,100293,100262,100188,100679,100185,100049,100771,100005,100236,100616,100063,100235,100603,TAG-3410,1813,,,3265,,,SKU-4672,100736,100176,100269,100509,100573,100552,100302,Skyler Costa,,,Avery Sloan,TAG-1331,Skyler C.,Morgan Patel,,Placed,SKU-8793,SKU-2322,,REF-4630,Gamma,,Omar Ford,Delta,drew.silva@demomail.test,Team Lead,Part-Time,Cobalt Retail Group,Mid-Level,Riley Ivanov,Female,TAG-6333,REF-6138,5726,Y,SKU-3413,Mei Ashby,Quinn Rossi,SKU-4973,Casey Calder,"191,818",Chicago,United Kingdom,Delta,Beta,,,arjun.sato@acme-fake.test,Sofia Dorsey,Accounting,Avery Ashby,Standard,,TAG-5833,,,Resolved the outstanding question about scope.,Dallas,US Day,Delta,HR Generalist,Chen Whitfield,REF-9261,,,Gamma,REF-9797,Active,Other,,3503,,,Beta,8364,3453,6954,Delta,1203,9881,3128,,2024-01-26 02:10:00,8931,6307,Other,Delta,Gamma,LOT-9285,5339,2414,7762,7127,7040,Beta,2023-12-31 09:49:00,5913,2687,Beta,Gamma,Other,TAG-9948,6511,3518,3322,9356,5469,Alpha,,,,,,,,,,,,,,2024-11-26,9008,6870,Alpha,SKU-6577,REF-5517,LOT-5647,1077,147,6893,4856,257,Other,2023-09-10,,,,,,,,,7427,,,,2026-03-01,,,,,,REF-5092,4817,,,,,,Followed up on the open items from last week.
100638,Relay User,101306,jordan.mercer@sampleco.test,Aisha Calder,2025-02-24 20:14:00,priya.calder@acme-fake.test,Yara Mensah,2024-08-26 17:13:00,Gamma,,2025-10-09 21:54:00,,,,N,TAG-5917,5370,Delta,7210,178,6038,LOT-6210,Beta,,100319,SKU-9460,,Alpha,6544,5805,,,Beta,100240,100086,100030,100200,100551,100171,100579,100016,,100523,100449,100363,100686,SKU-3490,,,,,7673,,TAG-9355,,100003,100348,100206,,100254,100165,Avery Cohen,,,Rowan Mensah,SKU-6774,Avery C.,Noah Haddad,REF-7577,Placed,LOT-1801,,LOT-2544,SKU-6948,,,Nina Sato,Other,arjun.nguyen@examplecorp.test,Team Lead,Part-Time,Cardinal Financial LLP,Junior,Aisha Costa,Female,TAG-5029,REF-7357,359,N,,Skyler Silva,Yara Patel,SKU-8908,,"98,932",Phoenix,Germany,Delta,Gamma,,5411,skyler.mensah@demomail.test,Avery Calder,Sales,Chen Nguyen,Beta,,LOT-2088,,,,Toronto,Flexible,Gamma,Financial Analyst,Noah Sato,SKU-6999,Relocation,,Beta,REF-8216,Inactive,Beta,,7604,,,Gamma,6293,9465,1843,Alpha,,,2546,Other,2025-06-29 15:52:00,3711,9393,Beta,Alpha,Other,SKU-9344,1506,2632,5045,1673,9247,Other,2025-10-20 10:07:00,8249,1431,Standard,Delta,Other,SKU-9078,7988,7558,518,7382,761,Alpha,,,,,,,,,,,,,,2024-09-09,,2360,Beta,REF-3204,TAG-7634,LOT-1953,7523,598,8630,7914,4380,Delta,2025-11-09,,,,,,,,,,,,,2025-09-13,,,,REF-4308,,,,7665,,1543,357,,Shared the updated proposal for review.
100712,Relay User,101309,quinn.cohen@examplecorp.test,Yara Okafor,2023-11-13 22:34:00,emerson.cohen@acme-fake.test,Riley Blake,2022-10-31 23:14:00,Delta,,2023-09-26 23:16:00,,,,Y,LOT-1725,1188,Alpha,7377,8504,1740,SKU-6723,Delta,100455,100484,,9844,Other,,46,8137,REF-7126,Delta,100413,100262,100031,100254,100075,,100060,100485,,100670,100771,100339,100582,,,Alpha,,6248,,LOT-4013,TAG-4931,100248,100386,100398,100213,100037,,100056,Arjun Ivanov,SKU-4448,,Nina Ashby,TAG-8689,Arjun I.,Jordan Mercer,LOT-6486,Placed,,SKU-6449,,LOT-9481,Alpha,,Taylor Okafor,Gamma,casey.reyes@sampleco.test,Individual Contributor,Contractor,Redwood Analytics Co,Junior,Avery Ford,Prefer not to say,LOT-7742,REF-9482,2228,Y,TAG-6374,Omar Mensah,Chen Larsson,LOT-9070,Nina Calder,,Seattle,United States,Delta,Gamma,,4,sofia.whitfield@sampleco.test,Sofia Ivanov,Sales,Arjun Dorsey,Standard,,LOT-9943,,,,Toronto,US Night,Beta,Payroll Specialist,Elena Sloan,,Client Request,Delta,Alpha,REF-7252,Inactive,Delta,Noted a concern to revisit at the next sync.,6363,,,,3910,1295,5669,Delta,1525,4404,3329,Alpha,2022-12-13 16:53:00,7907,6572,Beta,Standard,Delta,TAG-5673,1437,9059,7463,1307,4294,Delta,2025-06-25 22:51:00,9909,1999,Delta,Gamma,Other,SKU-3254,6429,2475,5647,3853,756,Alpha,,,,,,,,,,,,,,2023-01-21,16,7120,Alpha,SKU-1866,LOT-5369,TAG-8764,894,9356,2271,,2557,,2024-05-27,,,,,,,,,,,,,2024-04-11,,,Other,LOT-4332,,,,7061,,,,Standard,Aligned on billing and renewal terms.
100487,Relay User,101311,noah.cohen@acme-fake.test,Elena Costa,2023-03-24 03:15:00,noah.ashby@demomail.test,Emerson Ivanov,2023-12-25 03:23:00,Standard,,2025-07-31 23:39:00,,,,N,LOT-6576,8270,Beta,4086,4469,7591,REF-2462,Standard,100351,100156,SKU-1000,4568,,824,2498,,TAG-3506,Alpha,100617,100548,100080,100029,100342,100415,100470,100628,100579,100786,100482,,100188,,5110,,4260,,,,,100217,100142,100607,,,,100316,Liam Ivanov,,,,LOT-3387,Liam I.,Priya Rossi,,Placed,REF-3802,LOT-4901,,SKU-6785,,,Skyler Garcia,Other,nina.ford@acme-fake.test,Team Lead,Full-Time,Lakeside Logistics,Entry,Aisha Garcia,Male,LOT-8969,LOT-1109,1899,N,,Sofia Dorsey,Morgan Calder,,,,Manila,Germany,,Delta,,,quinn.calder@examplecorp.test,Skyler Haddad,Sales,Alex Blake,Gamma,,REF-6783,,,,Atlanta,US Day,,QA Engineer,Jordan Reyes,,,,Alpha,REF-1574,Active,Beta,,9734,,,,743,6238,6065,Alpha,9107,,,,2023-07-07 17:54:00,915,8986,Gamma,Other,Beta,LOT-4498,7856,6037,9593,4624,4966,Alpha,2023-11-19 09:40:00,9017,6127,Other,Standard,Alpha,SKU-8981,343,9650,2768,6177,2538,Standard,,,,,,,,,,,,,,2025-06-14,,6637,Alpha,REF-1413,SKU-8392,TAG-2823,8827,3858,1011,5313,7203,,2023-02-21,,,,,,,,,,,,,2025-03-21,,,,,,LOT-8114,,,886,,,Other,Noted a concern to revisit at the next sync.
100290,Relay User,101312,casey.ivanov@acme-fake.test,Morgan Cohen,2023-08-05 19:46:00,liam.sato@acme-fake.test,Priya Brooks,2022-12-30 00:48:00,Gamma,,2024-08-19 09:18:00,,,,N,REF-9865,8693,Delta,3632,9380,8708,SKU-4810,Other,100126,100455,SKU-8313,6491,Gamma,,4544,2509,SKU-7715,,100308,100676,100792,100344,100497,,100302,100110,100763,100189,,,100712,TAG-5283,2893,,,7132,,,REF-3495,100542,,100447,100172,100343,,100620,Taylor Haddad,,,,TAG-7377,Taylor H.,Chen Silva,,Coming Soon,TAG-1809,REF-6619,REF-2914,SKU-1616,Alpha,,Avery Ford,Standard,jamie.reyes@acme-fake.test,Manager,Intern,Falcon Media LLC,Mid-Level,Rahul Rossi,Non-binary,REF-6964,LOT-2952,2674,N,SKU-3229,,Elena Haddad,TAG-3020,,,Austin,Philippines,,Alpha,,803,casey.sloan@sampleco.test,Drew Vance,Data & Analytics,,Delta,,TAG-5080,REF-1856,,Scheduled a check-in for the coming month.,Phoenix,US Night,Delta,Accountant,Arjun Sato,LOT-7004,,,Gamma,REF-8591,Active,Delta,,,,,Gamma,7836,2190,5911,Beta,9614,,,Standard,2024-06-24 22:44:00,4145,3635,Beta,Beta,Standard,LOT-3794,9819,4055,5935,7420,9856,Alpha,2022-11-28 06:18:00,6192,9198,Standard,Gamma,Gamma,TAG-3599,9579,1249,459,8871,6478,Delta,,,,,,,,,,,,,,2023-09-04,770,6249,Delta,LOT-5871,,,2248,8608,4388,,,Alpha,2024-10-26,,,,,,,,,548,,,,2025-04-01,8988,,,,,SKU-2476,,,,,,,Followed up on the open items from last week.
100146,Relay User,101315,arjun.rossi@demomail.test,Nina Sloan,2023-10-29 23:11:00,priya.silva@acme-fake.test,Fatima Brooks,2025-07-12 15:47:00,Alpha,Emerson Sloan,2023-11-06 09:19:00,,,,N,LOT-7613,1741,Alpha,1885,1130,4419,SKU-9528,Delta,100122,100792,TAG-1975,9906,Alpha,4655,8048,,,Delta,100484,100185,100498,100106,100654,100206,100310,100443,,100343,100037,100652,,REF-8773,,,6824,8643,,REF-9464,,100803,100216,100251,100723,100513,100099,100037,Chen Haddad,,Jordan Sloan,,REF-8154,Chen H.,Arjun Blake,SKU-4124,Placed,TAG-6747,LOT-9590,REF-8838,SKU-2683,Gamma,,Marco Rossi,Other,jamie.larsson@demomail.test,Director,Intern,Brightpath Foods,Entry,Arjun Mensah,Non-binary,REF-4252,SKU-1274,2549,Y,SKU-8639,Rahul Mercer,Rowan Ford,,Sofia Haddad,,Seattle,Australia,,Other,Followed up on the open items from last week.,2195,rahul.ford@examplecorp.test,Rowan Mensah,Software Engineering,,Alpha,,SKU-8960,TAG-3193,,,Mumbai,US Evening,Standard,Payroll Specialist,Nina Brooks,REF-2441,,,Delta,LOT-3544,Active,Alpha,Discussed timeline and next steps with the account.,,1556,,,4034,3971,1819,Alpha,2582,7886,,Alpha,2025-10-05 12:07:00,9936,2965,Delta,Beta,Gamma,TAG-7102,1695,5272,361,4754,1346,Delta,2024-07-05 06:45:00,5014,2666,Delta,Other,Alpha,LOT-6218,6280,8374,7160,2034,8415,Other,,,,,,,,,,,,,,2025-06-06,9819,,Gamma,LOT-8289,REF-3420,TAG-4272,,,,7615,8467,,2024-11-21,,,,,,,,,,,,,2024-10-14,,,,REF-4333,TAG-7770,,3852,2856,,,4470,,Scheduled a check-in for the coming month.
100322,Relay User,101318,omar.sloan@acme-fake.test,Diego Larsson,2024-03-27 08:05:00,omar.mercer@examplecorp.test,Rahul Ivanov,2026-06-15 04:35:00,Other,,2025-04-07 06:08:00,,,,Y,LOT-1400,7948,Standard,3977,9389,792,TAG-9143,Alpha,100652,100239,LOT-6219,2715,Gamma,4746,489,,SKU-9044,,100796,100290,100454,100696,100069,100551,100765,100141,,100322,100117,100777,100449,,,,,,187,SKU-9860,,100280,100031,100212,100123,,,100474,Arjun Sato,,,Marco Rossi,,Arjun S.,Jordan Mensah,,Placed,LOT-3628,,,REF-5836,Gamma,,Jordan Sato,Delta,omar.ford@demomail.test,Team Lead,Full-Time,Atlas Financial LLP,Junior,Yara Dorsey,Non-binary,LOT-8564,TAG-7359,8491,Y,REF-2877,Casey Ivanov,Taylor Nguyen,SKU-4596,,"156,603",Dallas,India,Delta,Other,,266,jamie.haddad@demomail.test,Drew Rossi,Accounting,Riley Dorsey,Beta,,REF-9324,,,Followed up on the open items from last week.,Seattle,Flexible,Other,Software Developer,Priya Rossi,LOT-4238,,,Gamma,SKU-4592,Active,Standard,,,,,,8455,3267,4888,Delta,206,9918,,Standard,2026-07-23 19:36:00,8584,3240,Delta,Delta,Standard,LOT-2206,5015,5502,1264,8095,3084,Alpha,2025-07-19 10:00:00,8166,9508,Delta,Gamma,Alpha,REF-1343,397,5600,5212,7937,3414,Gamma,,,,,,,,,,,,,,2024-05-14,6402,4309,,SKU-9048,REF-9441,LOT-4884,5265,1931,,,6925,Alpha,2024-03-07,,,,,,,,,,,,,2024-03-24,,,Standard,,,,,3267,8753,,,,Shared the updated proposal for review.
100509,Relay User,101319,liam.mensah@acme-fake.test,Mei Sloan,2025-06-12 14:18:00,liam.sloan@sampleco.test,Emerson Sloan,2025-10-17 01:40:00,,,2024-08-31 15:50:00,,,,N,TAG-7375,6964,Gamma,8279,5379,9809,TAG-9583,Other,100702,100051,REF-9774,6837,,,991,,SKU-1711,Other,100509,100654,100684,100434,100031,100217,,100189,100288,100308,100705,100424,100029,,,Delta,,5655,,REF-2942,,100267,100176,100523,100101,,,100597,Liam Okafor,,,Jamie Mercer,SKU-1650,Liam O.,Emerson Reyes,,Not Available,TAG-3365,,TAG-7633,LOT-8936,Alpha,,Fatima Ivanov,Standard,liam.okafor@demomail.test,Director,Full-Time,Silverline Retail Corp,Junior,Chen Rossi,Male,TAG-6183,TAG-3305,2121,Y,TAG-6567,Noah Reyes,Elena Patel,,Reese Reyes,,Seattle,United Kingdom,Delta,Delta,,450,morgan.calder@sampleco.test,Quinn Nguyen,Recruiting,Rowan Whitfield,Alpha,,REF-4480,TAG-6596,,,Manila,US Evening,Beta,QA Engineer,Omar Rossi,SKU-5197,,,Gamma,LOT-8252,Active,Alpha,,7183,,3593,,7008,5593,4489,Gamma,,3047,492,Gamma,2024-01-14 08:32:00,2470,4937,Other,Gamma,Standard,TAG-4107,7779,6269,1616,9447,4232,Beta,2026-05-28 07:58:00,5424,7985,Standard,Beta,Alpha,LOT-2631,7795,590,4317,4857,7794,Delta,,,,,,,,,,,,,,2024-09-18,2005,4898,Delta,LOT-4846,SKU-1074,SKU-8280,5593,,1352,6991,,Gamma,2026-01-30,,,,,,,,,,,,,2024-03-26,,7439,Delta,SKU-7479,,,,,,,460,Standard,Followed up on the open items from last week.
100046,Relay User,101320,reese.sloan@sampleco.test,Chen Sato,2023-07-07 08:05:00,nina.kim@examplecorp.test,Reese Sloan,2023-01-22 08:46:00,Alpha,Elena Reyes,2023-12-05 18:56:00,,,,Y,TAG-9984,8491,Standard,7607,4457,2512,TAG-4661,Standard,100005,100517,SKU-4242,8806,Beta,4690,6487,,REF-2326,,100205,100325,100479,100234,100044,100245,100220,100539,,,100232,100009,100477,,,,6728,,9492,,SKU-5346,100223,100543,100037,,,,100469,Jamie Vance,,Taylor Brooks,,TAG-2981,Jamie V.,Arjun Garcia,SKU-2455,Placed,,,TAG-1759,SKU-9661,Beta,,Casey Mercer,Gamma,quinn.patel@acme-fake.test,Individual Contributor,Intern,Keystone Analytics Inc,Mid-Level,Casey Larsson,Male,LOT-6661,TAG-1173,,Y,SKU-8194,Liam Costa,Arjun Okafor,,Diego Nguyen,"196,002",Chicago,Australia,Other,Gamma,,8025,casey.ashby@acme-fake.test,Nina Blake,Recruiting,Drew Nguyen,Beta,,TAG-7485,,,Noted a concern to revisit at the next sync.,Dallas,Flexible,Gamma,Accountant,Riley Whitfield,,,,Delta,TAG-4272,Active,Standard,,,,,,4298,9894,6695,Standard,3021,1388,6561,Gamma,2025-12-27 17:03:00,8474,781,Standard,Beta,Standard,TAG-1969,1426,8680,3122,2597,5458,Gamma,2024-03-14 03:09:00,6193,8311,Gamma,Alpha,Gamma,SKU-1358,2668,2070,7538,659,8938,Beta,,,,,,,,,,,,,,2024-09-26,1298,575,Gamma,SKU-9664,REF-3246,REF-1727,1450,5000,445,4897,9014,Alpha,2024-09-03,,,,,,,,,,,,,2025-02-19,,,Gamma,,,,6355,8724,282,,5929,,Noted a concern to revisit at the next sync.
100329,Relay User,101323,casey.silva@sampleco.test,Drew Kim,2026-06-08 00:07:00,avery.silva@acme-fake.test,Sofia Mensah,2024-05-23 11:15:00,Alpha,Diego Silva,2024-03-11 11:54:00,,,,N,TAG-5265,5466,Other,5461,3014,4671,SKU-8381,Beta,100670,100670,SKU-6342,,Other,4434,126,,LOT-6980,Other,100479,100705,100216,100232,100146,100171,,100712,100726,100334,,,,,,Beta,,,7381,,,100604,100469,100290,,100736,,100132,Arjun Sato,,,Fatima Larsson,LOT-7010,Arjun S.,Taylor Silva,,Placed but Available,LOT-1075,,,REF-1309,Other,,Aisha Patel,Delta,casey.kim@sampleco.test,Individual Contributor,Contractor,Vertex Systems Group,Senior,Priya Sato,Male,SKU-1886,LOT-9928,9847,Y,,Skyler Mensah,Noah Silva,,,,Chicago,Canada,Gamma,Gamma,,4333,arjun.rossi@examplecorp.test,Nina Mercer,Data & Analytics,Fatima Dorsey,Beta,,REF-9131,LOT-4096,,Scheduled a check-in for the coming month.,London,US Night,Delta,QA Engineer,Arjun Dorsey,REF-4580,,,Other,TAG-9802,Active,Alpha,,,,92,Standard,9282,8571,924,Delta,4313,8344,,Beta,2023-05-10 02:43:00,4089,7405,Alpha,Other,Alpha,LOT-9102,8039,5229,5816,9790,8816,Delta,2026-06-01 16:21:00,8318,8302,Standard,Delta,Other,TAG-9339,3889,5102,6665,7107,8442,Beta,,,,,,,,,,,,,,2023-07-16,8491,8413,Alpha,TAG-3246,SKU-5438,SKU-1008,9370,6826,1092,9423,9322,Gamma,2024-04-23,,,,,Beta,,,,,,,,2024-10-23,,,Standard,REF-1112,,,217,8557,6799,,,Beta,Reviewed performance and gathered feedback.
100380,Relay User,101325,priya.mercer@examplecorp.test,Yara Sloan,2024-04-29 05:01:00,liam.ford@demomail.test,Sofia Okafor,2022-10-17 03:14:00,Other,Omar Ashby,2025-02-16 12:46:00,,,,Y,SKU-8198,8988,Standard,9060,2281,6596,TAG-2936,Alpha,100554,100332,REF-4607,1998,,,,,SKU-7111,Standard,100742,100774,100637,100009,100302,100473,100759,100559,,100168,100770,100206,100288,,,,,,,,,100044,100661,100280,100316,,,100455,Nina Haddad,,,,,Nina H.,,,Available,TAG-2693,,,REF-8448,Alpha,,Drew Okafor,Delta,avery.larsson@acme-fake.test,Director,Full-Time,Blue Ridge Foods Co,Lead,Mei Sato,Female,SKU-2687,TAG-4260,1671,N,LOT-1009,Mei Haddad,Noah Dorsey,REF-5800,Jamie Vance,"30,254",London,India,,Beta,,5660,sofia.mensah@demomail.test,Jordan Cohen,Finance,Reese Brooks,Other,,TAG-8125,,Resolved the outstanding question about scope.,,Bengaluru,US Night,Delta,Support Specialist,Yara Garcia,LOT-8511,,,Alpha,REF-9681,Active,Alpha,,,,,,3583,7062,7002,Standard,9972,7630,5279,Alpha,2023-05-23 00:35:00,1678,3819,Gamma,Delta,Delta,REF-7844,4706,7233,5310,4758,8502,Gamma,2023-08-23 20:21:00,6253,7820,Delta,Gamma,Gamma,SKU-6306,4323,9849,9704,2598,3043,Beta,,,,,,,,,,,,,,2022-10-04,1149,,,REF-1487,REF-8020,LOT-5446,5445,6205,,2609,3086,Beta,2024-07-06,,,,,,,,,,,,,2024-09-15,,1095,,,,,,1250,6509,3692,529,Alpha,Scheduled a check-in for the coming month.
100715,Relay User,101326,riley.brooks@demomail.test,Diego Whitfield,2022-12-22 13:26:00,reese.calder@acme-fake.test,Yara Sato,2024-04-09 09:54:00,Alpha,,2026-07-18 11:38:00,,,,N,TAG-6607,1047,Alpha,380,1409,3,TAG-3700,Delta,,100386,LOT-8232,9720,Delta,5040,,1847,REF-7288,Alpha,100624,100153,100593,100543,100328,100172,,100200,100242,100799,100683,100497,100051,,1942,Alpha,,,,,LOT-6379,100141,100723,100410,,100366,,100522,Skyler Reyes,,,Taylor Rossi,REF-1042,Skyler R.,Skyler Dorsey,,Placed,LOT-6932,,,TAG-5324,,,Rahul Whitfield,Other,quinn.whitfield@acme-fake.test,Team Lead,Contractor,Evergreen Capital LLC,Mid-Level,Riley Ford,Female,LOT-5353,SKU-5199,4164,N,,Quinn Reyes,Nina Cohen,TAG-6341,Fatima Okafor,,Bengaluru,United States,Alpha,Gamma,,5426,jordan.larsson@sampleco.test,Chen Costa,Customer Support,Emerson Larsson,Standard,,TAG-2495,,,,Dallas,US Night,Gamma,Payroll Specialist,Taylor Okafor,,Client Request,,Standard,LOT-6299,Inactive,Beta,,,,,Gamma,2869,2731,6719,Other,817,,,,2023-02-03 13:22:00,3057,2823,Delta,Beta,Alpha,REF-5603,6692,5030,1659,706,7254,Beta,2024-09-12 23:03:00,6334,2290,Standard,Gamma,Gamma,REF-5816,2925,1584,7586,2012,8713,Alpha,,,,,,,,,,,,,,2026-03-27,7280,,Gamma,,TAG-2645,TAG-6921,5433,362,,,613,Alpha,2026-06-13,,,,,,,,,,,,,2025-11-30,,4050,,,SKU-7062,,,6959,448,,,,Aligned on billing and renewal terms.
100148,Relay User,101327,fatima.cohen@demomail.test,Aisha Cohen,2025-09-29 16:21:00,quinn.ford@acme-fake.test,Marco Larsson,2023-09-21 18:29:00,Other,Aisha Rossi,2026-05-20 04:40:00,,,,Y,SKU-6491,3967,Alpha,7180,7257,2220,REF-4926,Other,100722,100215,,5763,Beta,,841,8641,,,100025,100234,100083,100339,100295,100370,100363,100359,100232,,100736,100291,100546,,2089,Standard,,,2693,,REF-8232,100617,100582,100497,,100282,,100164,Emerson Kim,,,Jamie Rossi,REF-8559,Emerson K.,Jordan Blake,,Placed but Available,LOT-5775,LOT-1259,,LOT-7259,,,Arjun Sloan,Gamma,drew.patel@sampleco.test,Team Lead,Full-Time,Brightpath Holdings Ltd,Mid-Level,Quinn Larsson,Non-binary,SKU-5503,TAG-5991,4575,N,LOT-6835,Rowan Sloan,Skyler Larsson,SKU-8540,,,Manila,Germany,Other,Other,,8060,omar.whitfield@acme-fake.test,Arjun Okafor,Customer Support,,Alpha,,REF-4786,,Reviewed performance and gathered feedback.,Shared the updated proposal for review.,Austin,US Night,Gamma,Data Analyst,Noah Ivanov,,,,Other,REF-8572,Active,Alpha,,,,,,7538,1123,1329,Other,4879,867,7439,Beta,2025-09-17 07:00:00,8898,5808,Other,Beta,Delta,REF-5781,2778,6408,6247,105,3096,Standard,2022-12-02 19:12:00,2991,5367,Standard,Gamma,Beta,SKU-5364,5817,6132,3019,1292,7451,Other,,,,,,,,,,,,,,2023-04-08,9625,3987,Other,REF-9721,TAG-4018,REF-8371,85,,7824,51,4975,Standard,2026-02-27,,,,,,,,,,,,,2026-05-31,9772,3918,Alpha,,,,,,,,4757,Beta,Shared the updated proposal for review.
100240,Relay User,101329,marco.rossi@examplecorp.test,Sofia Sato,2023-04-18 11:05:00,omar.kim@demomail.test,Riley Haddad,2025-02-11 21:56:00,Alpha,Mei Whitfield,2025-07-15 16:56:00,,,,Y,LOT-8433,4619,Standard,513,8413,5740,REF-5251,Alpha,100352,,REF-8151,2402,Standard,6308,884,8747,SKU-7446,Gamma,100452,100777,100616,100398,100487,100113,,100267,,100120,100192,100051,100184,REF-9665,1165,Beta,,2490,,,,100005,100177,100368,,100579,,100070,Riley Costa,,,Reese Patel,LOT-6304,Riley C.,Casey Nguyen,,Placed,SKU-5418,SKU-1925,,LOT-4851,Gamma,,Priya Ivanov,Delta,elena.ford@examplecorp.test,Manager,Full-Time,Everest Foods LLP,Mid-Level,Yara Larsson,Non-binary,SKU-5522,REF-3739,3412,Y,TAG-2793,Liam Costa,Priya Calder,REF-9613,Sofia Ivanov,"10,854",Seattle,India,Gamma,Delta,,641,yara.okafor@acme-fake.test,Omar Cohen,Finance,,Delta,,TAG-5798,,,Shared the updated proposal for review.,Seattle,US Day,Gamma,Accountant,Emerson Vance,,Voluntary Resignation,,Beta,SKU-3317,Inactive,Alpha,,,,,,8693,5809,3757,Alpha,9011,5822,,,2026-06-14 02:55:00,9174,2222,Delta,Standard,Gamma,LOT-3593,508,3234,493,6993,4409,Gamma,2026-01-07 00:19:00,2226,4930,Alpha,Standard,Standard,LOT-4290,239,2979,3895,833,8790,Alpha,,,,,,,,,,,,,,2026-01-30,4209,2945,,REF-8760,,SKU-7510,5804,8131,6474,,2889,Alpha,2025-07-13,,,,,,,,,,,,,2025-12-11,469,,Standard,,LOT-8653,,8683,,8992,,,,Resolved the outstanding question about scope.
100376,Relay User,101330,arjun.ivanov@sampleco.test,Skyler Patel,2024-03-23 14:33:00,aisha.sato@demomail.test,Omar Mensah,2026-04-11 14:23:00,Gamma,Chen Larsson,2024-04-11 07:46:00,,,,Y,SKU-3940,1365,Standard,5945,4843,931,LOT-6304,Other,100585,100742,,,,,6361,8816,SKU-2086,Beta,100770,100539,100661,100800,100180,100301,100573,100484,100658,100286,100654,100475,100405,,340,,452,,,,,100383,100241,100720,100558,,100628,100729,Fatima Silva,LOT-5023,,Avery Sato,SKU-4946,Fatima S.,Nina Nguyen,,N/A,SKU-6758,TAG-6594,,LOT-7389,Beta,,Emerson Okafor,Standard,yara.calder@acme-fake.test,Team Lead,Full-Time,Northwind Textiles,Entry,Aisha Haddad,Non-binary,LOT-1810,TAG-5471,8572,Y,LOT-3401,Arjun Blake,Aisha Brooks,,Avery Brooks,"154,507",Denver,Philippines,Standard,Other,,539,sofia.mensah@acme-fake.test,Morgan Kim,Customer Support,,Standard,,SKU-7587,,Shared the updated proposal for review.,Shared the updated proposal for review.,Austin,US Evening,Alpha,Marketing Coordinator,Casey Ivanov,TAG-2420,,Standard,Other,SKU-2476,Active,Delta,Aligned on billing and renewal terms.,9188,,,,7413,5722,6208,Other,,1167,2998,Beta,2025-11-24 21:21:00,6116,8119,Gamma,Gamma,Delta,LOT-8458,5227,251,6513,1529,6056,Alpha,2025-08-21 05:22:00,2593,8339,Other,Beta,Gamma,LOT-9873,9627,7054,6798,5291,5333,Other,,,,,,,,,,,,,,2024-03-03,9923,,,REF-8130,LOT-2168,SKU-4534,4633,,,1421,2521,Standard,2025-04-15,,,,,,,,,,,,,2026-05-08,,,Beta,,,REF-9390,,,3683,6714,,,Followed up on the open items from last week.
100348,Relay User,101332,noah.dorsey@acme-fake.test,Fatima Nguyen,2023-06-29 11:31:00,skyler.haddad@sampleco.test,Jordan Mercer,2026-01-07 04:15:00,Delta,Aisha Haddad,2024-09-10 03:21:00,,,,N,SKU-7046,379,Alpha,1692,3552,7538,TAG-4038,Gamma,100030,100690,REF-9618,,,2676,,7467,TAG-9535,,100452,100224,100786,100049,100627,100003,100238,100267,100122,100462,100400,,100076,,,,,3200,,,,100673,100080,100044,100308,100702,100332,100305,Riley Sloan,,,Avery Haddad,REF-9724,Riley S.,Noah Sloan,TAG-2802,Available,TAG-3707,TAG-9298,,TAG-7025,,,Chen Ford,Beta,yara.ashby@sampleco.test,Manager,Intern,Everest Textiles Ltd,Entry,Alex Sato,Female,SKU-3898,TAG-5613,1396,Y,SKU-7346,Mei Calder,Reese Blake,,Reese Reyes,"114,521",Mumbai,United Kingdom,,Delta,,4406,jamie.ivanov@examplecorp.test,Taylor Silva,Recruiting,Liam Reyes,Alpha,,LOT-1306,,,Reviewed performance and gathered feedback.,Phoenix,US Evening,,QA Engineer,Yara Ford,SKU-8439,,,Alpha,LOT-4109,Active,Alpha,,2133,,,,3765,4709,3392,Delta,2026,,,Beta,2024-12-14 13:08:00,4000,3249,Alpha,Other,Delta,REF-3291,7630,1249,3788,9272,8341,Beta,2026-03-05 13:35:00,3191,8856,Delta,Other,Gamma,LOT-4320,1086,1093,6555,9262,2732,Gamma,,,,,,,,,,,,,,2023-05-02,9776,5302,Alpha,REF-7634,SKU-6852,,9863,,7534,,3589,,2024-04-27,,,,,,,,,,,,,2025-11-27,,9320,Delta,,,TAG-2913,,9320,5364,,,,Scheduled a check-in for the coming month.
100511,Relay User,101334,nina.garcia@demomail.test,Jordan Costa,2025-12-27 22:20:00,emerson.mercer@examplecorp.test,Rowan Vance,2023-09-04 05:03:00,Delta,Diego Ashby,2024-03-17 07:27:00,,,,Y,REF-7300,3822,Other,4518,8985,5362,SKU-7097,Alpha,100359,100591,SKU-5800,,Gamma,7668,493,7754,TAG-6805,,100188,100197,100305,100094,100248,100597,100511,100765,100604,,100670,100462,100670,SKU-2622,,Standard,,,,,,100178,100457,100008,100031,,100291,100509,Elena Whitfield,,,,LOT-2299,Elena W.,,SKU-3675,Not Available,SKU-2639,,LOT-2175,SKU-6240,Delta,,Reese Calder,Beta,rahul.rossi@examplecorp.test,Team Lead,Contractor,Meridian Labs Group,Junior,Fatima Cohen,Female,REF-6843,TAG-3571,,N,,Emerson Blake,Priya Sloan,,,,Phoenix,United States,Beta,Beta,Aligned on billing and renewal terms.,,avery.patel@acme-fake.test,Elena Calder,Software Engineering,Quinn Blake,Alpha,,SKU-2914,TAG-1291,,,Austin,US Evening,Delta,Marketing Coordinator,Aisha Costa,SKU-4939,,,Other,LOT-5862,Active,Delta,,7504,,,,1173,2071,349,Gamma,5829,4372,,Gamma,2023-04-24 18:24:00,4894,5105,Delta,Standard,Gamma,LOT-2591,3881,4549,7358,3818,5319,Other,2024-10-10 05:39:00,5669,8867,Gamma,Other,Gamma,REF-7103,2294,7075,5484,6246,1273,Standard,,,,,,,,,,,,,,2026-03-31,5749,3747,,REF-6186,SKU-2446,TAG-5049,295,8463,,6933,,Alpha,2026-07-05,,,,,,,,,,,,,2023-02-24,2520,,Standard,,REF-6087,,3201,,6889,4076,,Gamma,Scheduled a check-in for the coming month.
100363,Relay User,101336,marco.whitfield@examplecorp.test,Omar Larsson,2023-07-27 23:22:00,morgan.brooks@acme-fake.test,Rahul Sloan,2024-10-11 04:05:00,,,2026-01-07 12:06:00,,,,N,TAG-5618,7879,Gamma,7525,4432,6319,REF-8192,Alpha,,100106,SKU-1173,5282,Other,,5545,9113,SKU-8378,Other,100760,100240,100708,100664,100792,100750,,100473,,100803,100203,100393,,TAG-6785,474,,,,,,,100576,100522,100559,,100800,100051,100498,Elena Dorsey,,,Jordan Sloan,SKU-7203,Elena D.,,,N/A,LOT-1199,,REF-8865,TAG-1568,Alpha,,Skyler Ashby,Gamma,diego.larsson@sampleco.test,Director,Contractor,Keystone Manufacturing LLP,Senior,Casey Cohen,Female,REF-5417,SKU-8812,5300,N,SKU-2394,Noah Vance,Chen Nguyen,,Mei Larsson,,London,United States,Delta,Standard,,6235,rowan.silva@acme-fake.test,Taylor Vance,Software Engineering,,Other,,LOT-5879,,Resolved the outstanding question about scope.,,London,Flexible,,Payroll Specialist,Yara Blake,REF-8449,,,Alpha,LOT-4533,Active,Delta,Scheduled a check-in for the coming month.,,,,,5029,9330,2217,Alpha,9135,6859,9093,Alpha,2023-10-12 23:13:00,4577,4877,Delta,Delta,Standard,SKU-6180,1239,6938,8093,8667,6874,Other,2023-12-04 10:56:00,2671,4679,Beta,Other,Other,TAG-2211,5598,3019,1496,2872,5569,Gamma,,,,,,,,,,,,,,2026-04-07,9016,7127,Gamma,SKU-6238,LOT-3821,LOT-2561,,1793,,,8040,Other,2023-11-06,,,,,Alpha,,,,,,,,2024-11-26,,,Gamma,,,LOT-6480,4675,9037,585,,2292,Delta,Scheduled a check-in for the coming month.
100632,Relay User,101338,riley.reyes@examplecorp.test,Emerson Mercer,2024-10-13 09:47:00,sofia.ford@acme-fake.test,Diego Whitfield,2024-03-31 06:36:00,,,2026-05-30 14:55:00,,,,Y,REF-3275,8658,Gamma,3837,4346,7578,TAG-2239,Alpha,100455,100654,REF-7964,,Other,,6075,7493,SKU-6531,,100420,100676,100295,100030,100217,100456,,100468,,100598,100314,100470,100060,,9702,,,,,,SKU-2797,100391,100634,100206,100344,100136,100277,100568,Chen Calder,,,Alex Okafor,TAG-3770,Chen C.,Arjun Sato,SKU-9920,Placed,TAG-9809,REF-4881,TAG-9881,SKU-7562,,,Aisha Haddad,Alpha,sofia.cohen@sampleco.test,Manager,Intern,Copper Retail Inc,Junior,Liam Larsson,Prefer not to say,TAG-1486,SKU-7200,,Y,,Chen Silva,Chen Reyes,REF-3237,,,Manila,India,Other,Gamma,Shared the updated proposal for review.,2537,riley.garcia@acme-fake.test,Liam Okafor,Marketing,Taylor Dorsey,Beta,,REF-6118,SKU-9349,,Reviewed performance and gathered feedback.,London,Flexible,Standard,HR Generalist,Aisha Dorsey,REF-6523,,,Other,REF-2394,Active,Beta,Scheduled a check-in for the coming month.,,8446,,,8258,1825,8479,Gamma,344,8311,7301,Delta,2026-03-04 07:06:00,472,9394,Standard,Beta,Delta,LOT-9814,9573,222,2682,2068,9515,Beta,2025-02-18 16:44:00,3723,6674,Delta,Other,Standard,LOT-7236,4004,9133,8596,3600,3492,Other,,,,,,,,,,,,,,2025-08-29,7694,,,TAG-5962,TAG-7715,,7559,2657,,4612,3778,Standard,2025-05-06,,,,,,,,,,,,,2022-12-13,,,,,,,7954,,,259,3785,Alpha,Resolved the outstanding question about scope.
100452,Relay User,101341,sofia.ford@sampleco.test,Alex Larsson,2024-09-16 20:10:00,nina.mercer@sampleco.test,Quinn Blake,2024-04-24 15:41:00,Delta,Diego Patel,2025-09-18 23:01:00,,,,Y,LOT-7591,5251,Beta,7265,7207,2554,LOT-2643,Standard,100099,100735,TAG-8204,9702,Gamma,,9064,3862,,,100661,100190,100107,100554,100374,100232,100771,100770,100696,100267,100209,100113,,,,Beta,,,4608,REF-2580,,100272,100236,100459,,,100770,100353,Marco Larsson,,,Yara Dorsey,,Marco L.,Skyler Mensah,,N/A,TAG-5392,,LOT-7996,REF-9631,,,Rahul Nguyen,Beta,mei.okafor@acme-fake.test,Director,Intern,Everest Health LLC,Senior,Taylor Mensah,Female,SKU-1786,REF-7859,4065,Y,,Chen Nguyen,Chen Sato,,Morgan Ford,,Atlanta,Canada,Standard,Delta,,1201,arjun.rossi@sampleco.test,Diego Sato,Data & Analytics,,Beta,,LOT-9691,,,Aligned on billing and renewal terms.,Seattle,US Evening,Alpha,Software Developer,Marco Haddad,REF-9707,,,Other,LOT-2523,Active,Other,,,7012,3159,,3105,2385,4469,Delta,7185,4981,,Delta,2025-09-16 23:21:00,9530,1451,Gamma,Other,Standard,LOT-7593,975,9543,4870,1472,9829,Other,2025-09-28 15:44:00,4781,8854,Alpha,Other,Alpha,LOT-9131,2827,9323,5686,7505,7039,Other,,,,,,,,,,,,,,2026-05-26,9421,5684,,REF-7166,SKU-3968,LOT-8682,6008,,3073,1937,1650,Gamma,2026-03-09,,,,,,,,,,,,,2024-07-28,,4445,,,TAG-6950,,5824,,,,,,Resolved the outstanding question about scope.
100056,Relay User,101342,yara.haddad@acme-fake.test,Rahul Larsson,2025-09-05 19:54:00,elena.blake@demomail.test,Quinn Ashby,2024-02-02 12:53:00,Gamma,Jordan Reyes,2022-10-31 07:23:00,,,,Y,REF-9431,4641,Delta,7669,8532,1085,REF-6257,Standard,100389,,SKU-8713,2139,Other,2174,6661,,,,100189,100374,100368,100705,100090,,,100101,,100558,100793,100026,,,,,,830,,,,100141,100518,100641,100316,100353,,100267,Yara Okafor,,,Noah Cohen,SKU-8196,Yara O.,Morgan Reyes,,Placed,,SKU-8539,,REF-9923,Delta,,Nina Brooks,Alpha,morgan.silva@acme-fake.test,Manager,Part-Time,Redwood Systems Group,Senior,Sofia Calder,Female,TAG-3042,SKU-4512,,Y,REF-2219,Chen Okafor,Reese Patel,,Mei Garcia,"177,961",Atlanta,Australia,Beta,Standard,Reviewed performance and gathered feedback.,241,taylor.silva@sampleco.test,Mei Ashby,Customer Support,Reese Cohen,Gamma,,LOT-2274,SKU-6591,Noted a concern to revisit at the next sync.,Scheduled a check-in for the coming month.,London,Flexible,Delta,Bookkeeper,Avery Haddad,LOT-3716,Voluntary Resignation,Alpha,Alpha,TAG-5536,Inactive,Alpha,,6783,,8697,,7867,6278,9855,Other,1413,1525,7839,,2025-08-24 07:18:00,5765,1280,Gamma,Standard,Delta,LOT-1284,1993,4732,8714,9633,7544,Delta,2022-11-15 17:59:00,2395,3806,Beta,Gamma,Gamma,TAG-2911,6870,564,5933,1442,8557,Alpha,,,,,,,,,,,,,,2026-01-18,5198,9606,Standard,REF-2090,,SKU-3586,,,6345,6328,4724,Beta,2023-02-18,,,,,,,,,,,,,2024-10-30,,,,,,,,,5794,,,,Noted a concern to revisit at the next sync.
100241,Relay User,101344,omar.brooks@examplecorp.test,Riley Sato,2025-07-24 17:38:00,yara.brooks@acme-fake.test,Alex Brooks,2023-07-18 09:55:00,Standard,Skyler Vance,2022-12-30 10:54:00,,,,Y,REF-4680,2290,Alpha,1790,8555,9697,SKU-4082,Delta,100672,100290,SKU-8152,6551,Alpha,7146,3864,9893,SKU-2262,,100798,100316,100063,100383,100408,100073,,100622,,100627,100437,100142,100513,TAG-1085,6241,,,,6162,,TAG-2808,100559,100646,100189,,,100151,100308,Morgan Rossi,,Liam Patel,Yara Reyes,,Morgan R.,Marco Reyes,REF-3377,Placed,LOT-1968,SKU-3398,,REF-5627,,,Noah Garcia,Alpha,liam.sato@examplecorp.test,Director,Contractor,Copper Logistics LLP,Entry,Casey Haddad,Male,LOT-3014,SKU-9836,3274,N,,Drew Calder,Chen Ivanov,,,"148,580",Toronto,United Kingdom,Delta,Other,Shared the updated proposal for review.,3644,rahul.haddad@sampleco.test,Jamie Silva,Sales,Drew Costa,Other,,TAG-5505,,,,Austin,US Day,,Support Specialist,Omar Kim,SKU-4176,Voluntary Resignation,,Other,REF-5890,Inactive,Standard,,1265,2735,,Other,2768,972,6875,Other,,9143,3772,,2024-02-04 11:13:00,2643,8756,Standard,Alpha,Other,REF-4196,9127,4059,9014,8122,4002,Delta,2022-12-25 11:36:00,4283,6887,Delta,Other,Delta,TAG-1628,1958,6287,6590,8659,8027,Gamma,,,,,,,,,,,,,,2022-11-15,,4994,,,TAG-3316,REF-8616,6429,6396,6840,5165,,,2023-12-21,,,,,,,,,,,,,2024-08-30,834,,,,,,,,8216,,9787,Alpha,Noted a concern to revisit at the next sync.
100531,Relay User,101347,casey.nguyen@demomail.test,Chen Sato,2026-04-27 13:31:00,emerson.cohen@examplecorp.test,Liam Ford,2026-06-11 08:38:00,Alpha,,2026-05-02 15:36:00,,,,N,LOT-1096,1653,Alpha,3213,2469,2057,LOT-4870,Other,100073,100063,REF-3741,7649,Delta,,7032,6129,,Alpha,100535,100522,100051,100462,100290,100227,,100049,,,,100208,100151,,,,,,,LOT-1516,SKU-4869,100248,100086,100164,100477,100717,100763,100132,Quinn Garcia,,,,LOT-5969,Quinn G.,Jordan Cohen,,N/A,,,,REF-2020,,,Fatima Garcia,Other,morgan.calder@acme-fake.test,Director,Intern,Summit Group Corp,Lead,Morgan Larsson,Female,LOT-8181,REF-5024,9194,N,REF-1440,,Yara Kim,TAG-3271,Marco Ford,,Bengaluru,Philippines,Gamma,Delta,,,aisha.garcia@examplecorp.test,Jamie Garcia,Operations,Jamie Haddad,Other,,TAG-3419,,,Scheduled a check-in for the coming month.,Phoenix,Flexible,Standard,Project Manager,Nina Calder,,,Delta,Delta,REF-2371,Active,Gamma,,2130,7070,,Beta,2619,9720,5937,Beta,5314,6300,9078,Beta,2024-07-27 08:45:00,6924,9440,Delta,Beta,Alpha,REF-9060,3320,5535,3584,5513,6767,Gamma,2025-07-05 18:59:00,786,1271,Beta,Beta,Alpha,LOT-6958,3596,8773,463,4426,8453,Beta,,,,,,,,,,,,,,2024-10-02,2198,,Delta,TAG-4674,REF-4271,TAG-7486,1853,8767,6891,8732,5399,Delta,2024-08-01,,,,,,,,,,,,,2026-01-24,1257,,Alpha,TAG-6091,LOT-3907,,,4984,,,,,Resolved the outstanding question about scope.
100171,Relay User,101350,mei.mercer@acme-fake.test,Arjun Haddad,2025-03-17 22:40:00,skyler.costa@demomail.test,Chen Whitfield,2023-06-30 16:41:00,Beta,Diego Mercer,2025-10-28 08:33:00,,,,N,SKU-8061,3151,Beta,1401,36,2746,REF-1232,Beta,100628,100280,SKU-7314,4877,Other,9805,,7092,,Beta,100543,100153,100005,100646,100490,100003,,100539,100395,100370,100482,100371,100568,,,,7882,5852,,,LOT-6821,100616,100119,100672,,100212,100596,100023,Omar Ivanov,,,Arjun Garcia,LOT-5664,Omar I.,Jordan Mercer,,Placed,REF-9916,,REF-6521,LOT-9209,Standard,,Aisha Sloan,Alpha,skyler.calder@demomail.test,Director,Contractor,Northwind Holdings LLP,Entry,Fatima Calder,Non-binary,LOT-7116,SKU-5347,3412,N,,Noah Costa,Taylor Silva,LOT-9094,,,Phoenix,Australia,Gamma,Alpha,Aligned on billing and renewal terms.,6938,taylor.kim@examplecorp.test,Nina Mercer,Sales,Skyler Okafor,Beta,,SKU-9973,,,Shared the updated proposal for review.,Seattle,US Day,Beta,Data Analyst,Fatima Blake,,,Delta,Gamma,LOT-6617,Active,Alpha,,,,8423,,7842,9475,6786,Delta,2617,,8972,Delta,2026-05-18 21:42:00,7223,625,Other,Beta,Gamma,TAG-6333,6446,3931,7115,2986,4803,Gamma,2026-03-13 23:39:00,3164,2962,Beta,Standard,Delta,SKU-3839,9896,1319,8786,1999,9162,Gamma,,,,,,,,,,,,,,2023-03-24,7629,,Standard,SKU-4301,,SKU-5282,5077,2347,1152,,3357,Gamma,2024-10-31,,,,,,,,,,,,,2025-11-12,2285,,Delta,LOT-7126,SKU-4108,,,122,,5031,,Other,Aligned on billing and renewal terms.
100223,Relay User,101353,rahul.vance@examplecorp.test,Alex Sloan,2022-11-13 11:57:00,liam.costa@sampleco.test,Yara Mercer,2024-10-09 00:43:00,Beta,,2023-06-15 07:54:00,,,,N,LOT-4992,7511,Delta,8244,7004,1394,TAG-3051,Beta,100259,100389,,,Gamma,7485,8172,,SKU-6864,,100398,100209,100437,100473,100539,100688,,100615,,100128,100308,100122,100123,,5940,,,,,,,100393,100037,100738,,,100585,100177,Morgan Nguyen,,,Elena Cohen,LOT-1385,Morgan N.,Arjun Haddad,TAG-7388,Not Available,REF-3974,,TAG-4926,REF-1248,Other,,Nina Mercer,Beta,chen.larsson@demomail.test,Individual Contributor,Contractor,Meridian Networks Group,Senior,Avery Dorsey,Prefer not to say,TAG-7794,REF-1198,,Y,,Reese Larsson,Chen Whitfield,,,,Denver,Mexico,Alpha,Other,Discussed timeline and next steps with the account.,9322,riley.ashby@sampleco.test,Diego Patel,Recruiting,Quinn Ford,Beta,,TAG-3828,,Reviewed performance and gathered feedback.,,Manila,US Day,Delta,Executive Assistant,Omar Reyes,REF-1928,,,Alpha,TAG-1012,Active,Standard,Resolved the outstanding question about scope.,7366,,,,7651,1105,7685,Delta,9715,,,Delta,2026-06-14 12:19:00,1028,2591,Delta,Delta,Other,LOT-5719,934,9106,2353,8496,3353,Delta,2025-03-11 20:49:00,7481,9591,Other,Other,Standard,LOT-5493,9643,4527,5186,9230,2023,Gamma,,,,,,,,,,,,,,2022-11-16,,9683,,,,REF-4585,8153,3472,9306,7157,7973,Other,2023-02-28,,,,,,,,,,,,,2025-03-06,9861,,,TAG-6908,,,,,1524,6636,,,Followed up on the open items from last week.
100641,Relay User,101355,jamie.vance@examplecorp.test,Morgan Whitfield,2024-01-23 02:18:00,drew.nguyen@examplecorp.test,Jordan Nguyen,2023-01-30 19:55:00,Alpha,,2023-02-11 19:04:00,,,,N,LOT-4586,4597,Gamma,6761,6285,1184,SKU-6301,Beta,100010,,REF-7400,6621,Other,4488,4498,2096,REF-9384,,100216,100259,100456,100455,100690,100020,100169,100316,100597,,100333,,100275,TAG-4860,8832,,,5266,2735,,REF-3573,100151,100342,100784,,,100481,100526,Skyler Nguyen,,,Elena Kim,SKU-3673,Skyler N.,,SKU-3318,Placed,,,,LOT-2499,Standard,,Jamie Sloan,Beta,fatima.haddad@sampleco.test,Director,Intern,Falcon Systems Ltd,Lead,Liam Rossi,Prefer not to say,LOT-5631,SKU-6819,,N,REF-2040,Reese Rossi,Nina Mercer,,Sofia Garcia,"244,767",Toronto,Australia,Alpha,Other,,9523,noah.ivanov@demomail.test,Drew Silva,Sales,Aisha Ashby,Other,,REF-6120,,,,Atlanta,US Night,Beta,Executive Assistant,Diego Mercer,SKU-8675,,,Beta,TAG-1302,Active,Standard,Reviewed performance and gathered feedback.,,6407,,Beta,8483,6865,7969,Standard,4467,8466,,Alpha,2026-05-03 00:12:00,7501,9048,Gamma,Alpha,Standard,TAG-7169,7288,7260,7560,6065,8038,Gamma,2024-07-25 19:35:00,7576,3838,Beta,Gamma,Standard,REF-8637,3424,7871,1968,8645,2416,Delta,,,,,,,,,,,,,,2022-10-05,,6590,Beta,REF-3263,TAG-9850,REF-1147,3169,725,8862,5472,,Gamma,2026-06-10,,,,,,,,,,,,,2026-05-11,7438,2721,,SKU-9142,,,3429,,,4327,7653,,Aligned on billing and renewal terms.
100339,Relay User,101356,mei.sato@demomail.test,Nina Silva,2025-10-02 22:10:00,fatima.garcia@sampleco.test,Sofia Mensah,2026-06-29 23:05:00,Other,,2024-12-08 10:11:00,,,,Y,SKU-2809,2233,Gamma,7669,7175,7137,REF-9349,Standard,100620,100223,,9379,Gamma,,,2292,TAG-8155,,100685,100148,100477,100206,100477,100106,100620,100005,,,100386,100310,100329,,,Delta,,,,,,100548,100083,100421,,100511,100031,100336,Elena Whitfield,,,Jamie Costa,,Elena W.,Skyler Calder,LOT-6519,Placed,TAG-1476,,,LOT-4047,Other,,Avery Sloan,Alpha,jamie.calder@sampleco.test,Manager,Contractor,Everest Labs LLP,Mid-Level,Taylor Sato,Female,SKU-7609,SKU-8804,5071,Y,SKU-8160,Sofia Haddad,Nina Haddad,,,"156,682",Bengaluru,Canada,Gamma,Alpha,,2276,taylor.patel@examplecorp.test,Emerson Okafor,Recruiting,Nina Ashby,Other,,REF-6911,TAG-3048,,Noted a concern to revisit at the next sync.,Phoenix,Flexible,Beta,Bookkeeper,Skyler Sato,SKU-2862,Relocation,,Alpha,REF-6317,Inactive,Alpha,,,,,,5606,9825,1965,Other,,5384,,Delta,2026-02-26 12:28:00,7302,5368,Other,Other,Alpha,TAG-1562,1942,8502,1237,3699,1998,Gamma,2025-05-28 13:40:00,7407,2427,Delta,Alpha,Standard,TAG-2770,6611,4075,1901,7515,3532,Delta,,,,,,,,,,,,,,2023-04-18,8238,,Standard,SKU-1220,LOT-6477,LOT-3978,,,1796,3905,,Gamma,2024-01-19,,,,,,,,,,,,,2023-04-29,,,Alpha,SKU-2058,,,,,3865,,,,Reviewed performance and gathered feedback.
100420,Relay User,101359,taylor.dorsey@sampleco.test,Aisha Okafor,2023-12-17 04:28:00,priya.sloan@acme-fake.test,Avery Sloan,2025-06-24 14:04:00,,Arjun Calder,2022-11-04 13:51:00,,,,N,REF-5266,976,Delta,248,4956,7760,TAG-9189,Beta,,100180,,6530,Delta,3079,4055,,TAG-7827,,100705,100615,100344,100302,100257,100177,100712,100344,100452,100142,100190,,100083,REF-7351,,,,1677,,,,,100498,100530,100767,,,100040,Omar Haddad,,,Avery Ivanov,TAG-4932,Omar H.,Drew Okafor,TAG-4096,N/A,LOT-4108,,,SKU-5027,Standard,,Drew Nguyen,Other,riley.reyes@sampleco.test,Director,Part-Time,Everest Retail LLC,Lead,Rahul Dorsey,Prefer not to say,SKU-6531,LOT-5278,6273,N,REF-6830,Marco Okafor,Rahul Haddad,REF-9445,,,Seattle,Mexico,Other,Gamma,,9291,rahul.larsson@demomail.test,Chen Garcia,Recruiting,Avery Garcia,Alpha,,SKU-1025,REF-3449,,,Bengaluru,US Night,Alpha,Operations Associate,Omar Costa,REF-6049,,,Gamma,LOT-5977,Active,Delta,,1852,,9208,Other,6345,5140,3380,Beta,6089,,,Beta,2023-12-20 13:52:00,8372,1048,Alpha,Gamma,Beta,LOT-6015,4447,6838,3932,3564,9459,Gamma,2023-10-27 05:54:00,4239,1903,Alpha,Other,Delta,REF-2394,746,1712,3840,2712,730,Delta,,,,,,,,,,,,,,2024-03-28,824,9096,Gamma,TAG-4758,LOT-2184,,,8612,245,,,Delta,2026-05-16,,,,,,,,,,,,,2022-10-23,,,Alpha,REF-6275,,,,4080,4751,,,Alpha,Discussed timeline and next steps with the account.
100189,Relay User,101362,emerson.dorsey@demomail.test,Liam Reyes,2023-06-21 14:26:00,priya.mensah@sampleco.test,Priya Cohen,2023-05-10 20:48:00,Beta,Skyler Blake,2026-02-01 01:48:00,,,,Y,SKU-6936,1327,Delta,7023,405,6782,SKU-8597,Alpha,100782,100079,SKU-1877,,,,692,3540,LOT-2974,Gamma,100793,100408,100672,100213,100532,100308,100681,100195,100086,100656,100782,100729,100486,,6851,,,,9180,,,100789,100336,100496,100415,100573,,100262,Skyler Cohen,SKU-2867,,Rowan Cohen,SKU-2836,Skyler C.,,,Available,,,,REF-5439,,,Marco Ashby,Beta,noah.calder@demomail.test,Individual Contributor,Full-Time,Brightpath Energy Ltd,Senior,Mei Nguyen,Non-binary,REF-1107,TAG-4607,4784,Y,SKU-4005,Arjun Patel,Drew Rossi,,Casey Ivanov,,Austin,Mexico,Alpha,Standard,,4278,noah.ford@acme-fake.test,Morgan Dorsey,Human Resources,Marco Reyes,Other,,SKU-9775,LOT-2683,,,Denver,US Day,Gamma,Recruiter,Omar Costa,LOT-7089,,Standard,Standard,TAG-5999,Active,Gamma,,,4017,8422,,4712,7328,8930,Alpha,,1768,,,2025-05-08 02:36:00,9531,3478,Beta,Standard,Other,SKU-3104,7920,5902,4779,3034,374,Beta,2026-02-06 01:22:00,2287,6639,Standard,Gamma,Delta,SKU-1865,3831,6070,3845,5455,9236,Beta,,,,,,,,,,,,,,2024-05-01,,8969,Alpha,LOT-8530,TAG-2785,,4205,1808,87,6652,8932,Beta,2023-06-17,,,,,,,,,,,,,2024-11-12,,,,,,,5473,,,,,Other,Noted a concern to revisit at the next sync.
100062,Relay User,101365,reese.ford@sampleco.test,Sofia Blake,2025-05-20 09:28:00,yara.patel@sampleco.test,Rahul Cohen,2023-11-16 08:23:00,Gamma,Arjun Dorsey,2024-07-21 01:29:00,,,,Y,LOT-7005,8456,Alpha,7279,2263,800,LOT-5283,Delta,100617,100527,,6732,Beta,7529,6012,1016,LOT-8530,,100262,100646,100449,100171,100803,100119,100759,100009,100269,100792,100356,,100429,,4450,Alpha,,,,,,,100094,100169,100616,100280,,100040,Jamie Rossi,,,Drew Mercer,TAG-1859,Jamie R.,Rowan Whitfield,,Placed,,LOT-1626,TAG-8022,REF-7514,Other,,Yara Silva,Alpha,skyler.reyes@sampleco.test,Director,Contractor,Keystone Holdings LLP,Entry,Noah Sato,Prefer not to say,LOT-2236,SKU-9238,,N,REF-9614,Morgan Dorsey,Liam Larsson,TAG-5858,,,Toronto,Germany,Other,,,5061,casey.brooks@demomail.test,Fatima Garcia,Recruiting,Priya Rossi,Beta,,LOT-1139,,Aligned on billing and renewal terms.,Aligned on billing and renewal terms.,Seattle,US Evening,Standard,Recruiter,Casey Ashby,TAG-2905,Restructuring,,Beta,TAG-1487,Inactive,Other,Followed up on the open items from last week.,,703,,Other,2202,6562,3677,Delta,,2519,209,,2024-08-27 22:35:00,3350,3134,Standard,Other,Standard,TAG-7756,5831,3356,9538,4452,9517,Beta,2024-02-16 09:00:00,5604,9622,Gamma,Other,Standard,LOT-1032,5015,8799,8370,3659,2871,Beta,,,,,,,,,,,,,,2024-11-11,7261,5966,Alpha,,SKU-9041,LOT-4109,,4349,1992,9128,885,Delta,2026-02-28,,,,,,,,,,,,,2025-07-02,2416,,,,,,,,6853,1058,,,Shared the updated proposal for review.
100251,Relay User,101368,liam.garcia@sampleco.test,Mei Patel,2022-12-02 16:40:00,arjun.larsson@acme-fake.test,Quinn Whitfield,2024-02-03 06:05:00,Alpha,Elena Blake,2025-12-20 03:12:00,,,,N,SKU-4352,2333,Standard,8047,5416,533,LOT-7694,Beta,100548,100771,SKU-7165,4401,Other,8689,,4314,LOT-3653,,100239,100777,100760,100136,100744,100610,100661,100026,,100336,100322,100620,,REF-8551,,,,,,,,100551,100070,100603,100736,,,100744,Diego Mercer,,,Omar Brooks,TAG-4314,Diego M.,Jamie Silva,,Placed,LOT-4346,REF-4244,TAG-2505,LOT-4371,Other,,Arjun Mercer,Delta,marco.mensah@demomail.test,Manager,Contractor,Vertex Foods LLP,Mid-Level,Avery Calder,Prefer not to say,TAG-7625,TAG-9637,5157,N,,Morgan Reyes,Chen Brooks,SKU-7124,Rowan Brooks,"73,572",Austin,Australia,Beta,Standard,,1059,omar.costa@demomail.test,Nina Calder,Software Engineering,,Gamma,,TAG-1136,,,Followed up on the open items from last week.,Dallas,Flexible,Standard,Support Specialist,Jordan Mercer,LOT-1784,,,Other,TAG-6887,Active,Beta,,,,7728,Standard,81,7499,8934,Other,,,8882,Other,2024-03-08 02:59:00,4412,7039,Other,Gamma,Alpha,TAG-9768,4211,3397,9124,6328,793,Gamma,2023-12-31 09:32:00,4713,6880,Standard,Gamma,Delta,REF-4643,5522,9870,3759,9018,3011,Other,,,,,,,,,,,,,,2026-02-05,3125,424,Beta,TAG-8611,REF-3112,TAG-1118,,2408,,8699,9039,,2025-04-01,,,,,,,,,,,,,2024-09-01,,,Gamma,,,,6334,2521,9553,,1966,,Followed up on the open items from last week.
100328,Relay User,101370,rowan.silva@demomail.test,Nina Kim,2022-11-22 19:43:00,elena.silva@demomail.test,Rahul Dorsey,2022-12-23 09:08:00,Delta,Arjun Okafor,2025-03-20 10:36:00,,,,Y,TAG-6486,515,Other,5555,4876,7401,REF-5148,Alpha,100593,100426,SKU-2082,,,3600,6843,6873,,Other,100070,100076,100645,100410,100437,,100758,100053,,100772,100310,100734,100688,,2815,Delta,9282,2262,,TAG-8296,,100597,100642,100030,100526,100089,100360,100558,Yara Ashby,,,Arjun Costa,SKU-8289,Yara A.,Liam Kim,,Placed,REF-6916,,REF-1928,SKU-9479,Delta,,Marco Mercer,Standard,emerson.sloan@demomail.test,Team Lead,Contractor,Evergreen Retail Ltd,Lead,Taylor Whitfield,Prefer not to say,SKU-1322,TAG-8827,2416,N,TAG-9703,Chen Vance,Fatima Ashby,,,"53,857",Atlanta,Mexico,Alpha,Standard,,1110,sofia.kim@acme-fake.test,Omar Patel,Accounting,Arjun Costa,Standard,,SKU-8673,,,Reviewed performance and gathered feedback.,London,US Evening,Alpha,Recruiter,Morgan Okafor,TAG-6849,Performance,,Beta,REF-2980,Inactive,Beta,,,,,Gamma,6859,9702,9945,Delta,4247,2939,,,2024-08-14 00:54:00,6512,2301,Gamma,Gamma,Delta,TAG-5326,404,1871,3467,2770,6925,Gamma,2024-09-23 00:39:00,1796,7734,Beta,Gamma,Standard,TAG-6777,781,9719,9170,9291,2231,Gamma,,,,,,,,,,,,,,2025-09-12,2799,6333,Other,TAG-1306,LOT-8262,SKU-9849,,1172,9427,8345,7570,Beta,2023-01-03,,,,,,,,,,,,,2024-12-11,,,Beta,REF-7612,TAG-3805,SKU-6142,9834,4770,,2394,,Beta,Noted a concern to revisit at the next sync.
100086,Relay User,101372,yara.ashby@acme-fake.test,Marco Garcia,2025-10-11 20:46:00,drew.dorsey@examplecorp.test,Drew Haddad,2023-03-14 17:07:00,Standard,Emerson Brooks,2024-08-05 13:22:00,,,,Y,SKU-6719,6257,Standard,2837,7354,2074,TAG-2509,Other,100679,100704,,3658,Alpha,6874,,,REF-8359,,100800,100474,100345,100243,100429,100091,100340,100195,100366,,100352,100604,,,8402,,,,812,,,100353,100486,100603,,100767,100601,100622,Jamie Haddad,,,Alex Sato,SKU-1952,Jamie H.,,,Available,,,REF-2988,SKU-2943,,,Taylor Ashby,Delta,nina.mensah@acme-fake.test,Director,Contractor,Everest Retail LLP,Entry,Emerson Vance,Non-binary,TAG-9638,LOT-3253,,Y,REF-1954,Emerson Sato,Noah Reyes,,,,London,Germany,Standard,Delta,,,rowan.whitfield@sampleco.test,Riley Calder,Operations,Marco Silva,Alpha,,REF-1082,,,,Mumbai,US Evening,Standard,Financial Analyst,Yara Ashby,TAG-9176,,Alpha,Standard,REF-7080,Active,Beta,,,,8347,,9301,7111,197,Delta,5435,2726,6008,Delta,2023-03-07 11:14:00,5504,411,Other,Other,Beta,REF-1283,5800,7547,2904,1658,5744,Standard,2022-11-06 04:56:00,7186,2025,Other,Beta,Gamma,SKU-4286,8380,6211,2403,808,9520,Other,,,,,,,,,,,,,,2025-09-12,9727,,,SKU-9705,,SKU-6359,,6317,5511,,2262,Alpha,2026-05-13,,,,,,,,,,,,,2024-10-26,,,Other,,SKU-2090,LOT-9522,4662,,,,8833,Standard,Reviewed performance and gathered feedback.
100329,Relay User,101374,avery.rossi@examplecorp.test,Diego Mensah,2024-06-22 06:05:00,quinn.silva@sampleco.test,Rahul Okafor,2025-06-16 14:32:00,,Rowan Mercer,2024-06-20 21:27:00,,,,Y,REF-5089,6098,Delta,6143,27,7496,REF-5780,Standard,100543,100645,TAG-4221,4023,,7568,9440,901,LOT-2095,Gamma,100340,100332,100642,100538,100683,100203,100638,100457,,100403,100734,,100313,SKU-6768,4776,Delta,,,2318,,SKU-1400,100530,100704,,,100637,,100497,Casey Haddad,SKU-2053,,,LOT-7484,Casey H.,Rowan Patel,,Placed,,TAG-2823,TAG-6300,SKU-6572,Delta,,Rahul Rossi,Other,riley.rossi@examplecorp.test,Team Lead,Contractor,Harbor Analytics Co,Mid-Level,Mei Sloan,Non-binary,LOT-7126,TAG-6766,3751,N,,Jordan Costa,Sofia Calder,,Arjun Haddad,"32,849",Bengaluru,Philippines,,Beta,,7848,yara.reyes@sampleco.test,Jordan Calder,Accounting,Alex Okafor,Delta,,LOT-5352,,,Noted a concern to revisit at the next sync.,Phoenix,US Night,Alpha,Customer Success Manager,Nina Ashby,REF-6564,,,Delta,TAG-2149,Active,Delta,,,,,Delta,4919,9389,7421,Standard,5973,,,Alpha,2023-07-10 20:26:00,2974,8136,Alpha,Delta,Standard,SKU-9195,3117,9465,3782,5844,6438,Gamma,2024-05-20 23:49:00,199,246,Alpha,Standard,Alpha,REF-5771,2422,2395,4315,7116,414,Delta,,,,,,,,,,,,,,2024-09-22,4220,2558,Gamma,,LOT-6800,TAG-2030,4331,,1460,2513,,Gamma,2025-03-03,,,,,,,,,,,,,2023-02-15,,9003,,SKU-5181,,,,,670,8772,1381,,Shared the updated proposal for review.
100146,Relay User,101375,alex.sloan@sampleco.test,Noah Dorsey,2025-01-20 09:49:00,rahul.brooks@acme-fake.test,Aisha Sato,2024-04-15 17:29:00,Alpha,,2024-03-05 09:38:00,,,,Y,REF-8876,2332,Delta,9410,4832,8141,TAG-2708,Beta,100129,100190,SKU-4673,813,Beta,,2036,6441,,Standard,100234,100389,100685,100413,100269,100617,100037,100213,100239,100265,100192,100391,,,,,,,5576,LOT-8558,SKU-8070,100715,100652,100456,,,100673,100110,Elena Patel,,,,,Elena P.,Omar Silva,,N/A,,,,REF-9641,Delta,,Omar Garcia,Delta,rahul.kim@demomail.test,Director,Full-Time,Pioneer Health Inc,Entry,Aisha Patel,Male,TAG-6980,LOT-9467,,N,,Fatima Garcia,Rahul Mercer,,Avery Sato,"57,313",Dallas,United Kingdom,Beta,Other,,630,marco.dorsey@sampleco.test,Quinn Larsson,Human Resources,Mei Cohen,Standard,,SKU-9693,,,,Denver,US Evening,Gamma,Accountant,Quinn Ford,TAG-2344,,Other,Other,SKU-2307,Active,Delta,,,,,,4137,1299,2696,Beta,2845,5863,501,,2025-08-21 06:50:00,5848,4021,Alpha,Gamma,Alpha,LOT-4187,1044,1811,7445,1178,2585,Gamma,2023-08-25 01:37:00,7771,9271,Gamma,Gamma,Alpha,TAG-5626,5870,7835,2842,8846,4965,Beta,,,,,,,,,,,,,,2024-05-28,3173,5465,Alpha,,TAG-7617,REF-1416,6750,7716,7712,9411,,Other,2023-10-11,,,,,,,,,,,,,2026-05-29,6512,5123,,,LOT-7108,,7369,,,4753,,Delta,Aligned on billing and renewal terms.
100139,Relay User,101378,casey.dorsey@sampleco.test,Sofia Silva,2024-10-16 03:24:00,sofia.vance@acme-fake.test,Mei Dorsey,2025-02-17 13:42:00,Other,Diego Dorsey,2023-02-20 18:59:00,,,,N,LOT-8218,9803,Standard,4740,4201,5756,LOT-6817,Other,100686,100780,SKU-8150,107,,6128,8575,,LOT-9348,Beta,100539,100470,100069,100053,100060,,100323,100161,,,100417,,100434,,6755,,,,,,SKU-2753,100383,100062,100424,100310,100638,100694,100593,Jamie Sato,,,Priya Rossi,SKU-5822,Jamie S.,Drew Haddad,TAG-4119,Coming Soon,LOT-4276,,SKU-7948,REF-6117,Gamma,,Liam Mensah,Other,taylor.rossi@sampleco.test,Director,Part-Time,Keystone Textiles Corp,Senior,Yara Garcia,Prefer not to say,TAG-5794,TAG-8922,7312,Y,SKU-8403,Elena Ashby,Emerson Ivanov,,Riley Kim,"47,873",Mumbai,Germany,Beta,Standard,,6517,fatima.ashby@demomail.test,Casey Kim,Accounting,Drew Okafor,Other,,SKU-4969,SKU-1461,,Reviewed performance and gathered feedback.,Phoenix,US Evening,Standard,Financial Analyst,Mei Larsson,TAG-2830,,,Alpha,REF-5403,Active,Standard,,,,4220,,8024,6648,6676,Delta,7849,,4583,Alpha,2026-01-11 05:15:00,9894,3352,Standard,Alpha,Standard,REF-3382,9893,6976,4554,985,2925,Delta,2024-04-26 04:23:00,9080,8159,Beta,Beta,Gamma,SKU-2134,1217,9270,9889,4133,4436,Alpha,,,,,,,,,,,,,,2026-07-27,6923,5368,,SKU-8805,,,,4091,1542,367,2213,Beta,2025-02-24,,,,,,,,,,,,,2026-04-14,9282,,Standard,,,LOT-8148,,,2776,2315,3131,,Discussed timeline and next steps with the account.
100176,Relay User,101381,yara.brooks@demomail.test,Riley Blake,2024-04-29 14:59:00,aisha.mercer@acme-fake.test,Jamie Patel,2023-12-08 10:54:00,Other,,2022-11-23 19:52:00,,,,Y,LOT-4882,527,Alpha,5524,795,7777,LOT-6942,Standard,100101,100056,TAG-6082,1908,Gamma,,4125,770,TAG-2098,,100432,100291,100111,100601,100254,100168,,100360,100487,100293,100376,100073,100220,LOT-4252,3988,,4098,,,,REF-8871,100705,100551,100195,100552,100738,100344,100445,Jordan Ford,,,Taylor Silva,LOT-6585,Jordan F.,Priya Ivanov,,N/A,REF-8801,LOT-7597,,TAG-8079,,,Chen Ivanov,Standard,drew.whitfield@sampleco.test,Team Lead,Part-Time,Delta Networks LLP,Lead,Rahul Haddad,Non-binary,LOT-3311,SKU-6823,4683,Y,SKU-8568,Skyler Ford,Drew Rossi,,,,Toronto,Mexico,Other,Standard,Scheduled a check-in for the coming month.,2035,sofia.okafor@demomail.test,Noah Cohen,Data & Analytics,,Delta,,REF-9234,TAG-6795,,Aligned on billing and renewal terms.,Toronto,US Night,Other,Financial Analyst,Riley Okafor,LOT-4030,,,Other,TAG-4745,Active,Beta,,8188,,,,8908,3027,5820,Standard,3602,,5386,,2026-02-25 06:05:00,7791,1619,Beta,Gamma,Other,SKU-5873,5857,9940,2361,4350,6521,Standard,2024-11-16 12:16:00,9772,212,Gamma,Standard,Standard,REF-3522,5841,5864,8285,3050,5328,Delta,,,,,,,,,,,,,,2024-08-28,9923,8959,Gamma,TAG-4688,TAG-4736,TAG-4952,3831,,4183,1739,2831,,2026-04-07,,,,,,,,,,,,,2023-08-28,,4319,,,,SKU-3952,,,,,,Other,Shared the updated proposal for review.
100058,Relay User,101384,avery.costa@examplecorp.test,Yara Brooks,2024-05-05 14:43:00,liam.rossi@examplecorp.test,Yara Patel,2026-04-29 23:10:00,Beta,Nina Ford,2022-10-01 19:37:00,,,,Y,SKU-6209,5715,Other,4964,761,467,LOT-3939,Beta,100203,100641,TAG-2450,3651,Beta,1514,,9706,REF-4183,Standard,100582,100484,100681,100308,100546,100134,100588,100366,,100205,100308,,100742,REF-3472,,,,,9557,TAG-1785,,100126,100799,,100076,,,100591,Arjun Okafor,,,Elena Patel,SKU-7256,Arjun O.,Quinn Calder,SKU-1760,Available,REF-3978,REF-3042,,LOT-5757,Standard,,Skyler Vance,Standard,casey.haddad@examplecorp.test,Manager,Full-Time,Pioneer Solutions Corp,Lead,Arjun Brooks,Non-binary,REF-6036,LOT-5085,6622,N,,Liam Ivanov,Marco Rossi,,Morgan Rossi,"54,007",Phoenix,Australia,Beta,,,3168,drew.brooks@examplecorp.test,Avery Mercer,Data & Analytics,Quinn Costa,Beta,,TAG-3700,,,,Atlanta,US Night,Delta,Operations Associate,Taylor Garcia,,,,Gamma,TAG-5506,Active,Other,Scheduled a check-in for the coming month.,,,5212,Delta,6136,1554,5065,Other,,,,Standard,2026-07-10 22:28:00,358,1032,Alpha,Delta,Beta,LOT-1958,6623,9707,4354,1081,2485,Beta,2025-10-03 20:16:00,7226,4458,Other,Standard,Other,REF-3718,8819,2177,7619,8787,1211,Alpha,,,,,,,,,,,,,,2024-09-27,5924,7657,Alpha,,REF-9996,,,3217,,5533,755,Alpha,2025-11-24,,,,,,,,,,,,,2025-04-12,4747,,Standard,SKU-9716,,REF-1115,7641,,,,5220,,Noted a concern to revisit at the next sync.
100443,Relay User,101387,taylor.dorsey@sampleco.test,Elena Nguyen,2025-03-31 00:16:00,liam.whitfield@demomail.test,Liam Sloan,2025-07-10 20:53:00,Alpha,,2023-02-20 17:42:00,,,,N,LOT-8681,6273,Standard,5968,9264,6334,TAG-6619,Other,100200,100142,SKU-4115,,Other,5598,1367,9576,SKU-7637,Delta,100325,100690,100715,100452,100029,100063,100132,100248,100415,100616,100649,100186,100455,,6746,,,6844,2214,LOT-6577,,100234,100290,100627,100188,,100742,100793,Jamie Sato,,,Alex Vance,,Jamie S.,Aisha Larsson,TAG-1287,Not Available,SKU-1344,,,TAG-1052,Delta,,Morgan Mensah,Delta,priya.mercer@demomail.test,Director,Part-Time,Evergreen Analytics,Senior,Arjun Costa,Non-binary,REF-7145,TAG-1182,7515,Y,,Emerson Blake,Avery Nguyen,,Morgan Nguyen,,Austin,Australia,Standard,Alpha,,372,nina.mercer@acme-fake.test,Yara Vance,Customer Support,Liam Cohen,Standard,,LOT-1814,,,,Seattle,Flexible,Beta,Payroll Specialist,Chen Brooks,TAG-2737,,,Beta,REF-6058,Active,Standard,,,,1535,Alpha,8916,8097,8182,Standard,7999,2760,7091,Beta,2026-03-27 06:55:00,5712,7884,Other,Gamma,Standard,REF-5691,2088,9960,5161,1728,5115,Standard,2023-10-10 10:22:00,4035,5891,Standard,Standard,Delta,REF-5541,3924,7010,3803,7,3971,Other,,,,,,,,,,,,,,2026-01-24,8969,9922,Gamma,TAG-2554,REF-1172,SKU-9602,394,6334,7257,7038,6949,Standard,2024-02-24,,,,,,,,,,,,,2024-12-02,,,Gamma,,,SKU-2433,,,,6712,,,Aligned on billing and renewal terms.
100280,Relay User,101388,diego.rossi@examplecorp.test,Omar Rossi,2024-03-30 13:30:00,rahul.haddad@examplecorp.test,Fatima Brooks,2023-12-03 10:51:00,Standard,,2023-02-06 09:26:00,,,,Y,TAG-7586,5941,Standard,9837,5,2885,LOT-6208,Beta,100285,100631,LOT-9733,441,Other,3875,3906,,TAG-4841,Standard,100185,100455,100546,100259,100738,100104,100591,100474,,100551,100731,,100091,,57,,,,,,,100275,100008,100513,,,100798,100683,Alex Vance,,,Jordan Kim,TAG-9256,Alex V.,Mei Mercer,,Placed,SKU-6621,TAG-2646,REF-2808,SKU-3477,,,Yara Haddad,Other,skyler.brooks@demomail.test,Director,Contractor,Cardinal Financial LLC,Entry,Liam Patel,Non-binary,TAG-9536,REF-7051,9607,N,REF-2631,Aisha Nguyen,Elena Nguyen,LOT-3718,,"165,831",Atlanta,United States,Beta,Standard,Reviewed performance and gathered feedback.,7511,reese.mensah@sampleco.test,Casey Sato,Customer Support,Casey Vance,Standard,,LOT-1814,,,Scheduled a check-in for the coming month.,Atlanta,US Evening,,HR Generalist,Morgan Sato,,,,Beta,SKU-2541,Active,Delta,,3489,,,,5111,457,5817,Delta,9663,9019,7624,,2025-11-21 04:32:00,5383,7350,Beta,Other,Delta,LOT-6267,84,1888,3978,4623,6567,Alpha,2025-02-18 22:30:00,4960,4697,Gamma,Standard,Delta,LOT-2529,9454,3206,9166,2498,774,Standard,,,,,,,,,,,,,,2022-12-29,2742,2966,,REF-9768,SKU-8891,LOT-1409,,6892,4225,,5380,Gamma,2024-01-08,,,,,,,,,,,,,2024-12-01,,,,,REF-1304,,,,1133,,,Other,Shared the updated proposal for review.
100156,Relay User,101391,rowan.okafor@sampleco.test,Arjun Rossi,2022-11-29 13:20:00,rowan.kim@sampleco.test,Sofia Silva,2023-12-01 19:31:00,Beta,Aisha Whitfield,2025-05-17 22:00:00,,,,Y,TAG-9239,2408,Other,3208,1063,4997,REF-2330,Alpha,100705,100543,REF-4493,7669,,466,,6538,REF-4951,Other,100025,100383,100418,100405,100134,100240,100622,100316,,,100731,100308,100126,,,,,4650,,,,,100229,100099,100532,100587,,100638,Yara Mensah,,,Jamie Ivanov,TAG-6572,Yara M.,Rahul Ashby,,Placed but Available,REF-6497,,,REF-2557,Other,,Rowan Reyes,Gamma,jordan.vance@demomail.test,Individual Contributor,Part-Time,Northwind Media Corp,Senior,Riley Brooks,Prefer not to say,SKU-8348,TAG-1353,2551,N,,Reese Cohen,Aisha Sato,TAG-1925,,"151,731",Denver,Canada,Delta,Standard,Shared the updated proposal for review.,2162,taylor.sloan@demomail.test,Riley Ivanov,Accounting,,Beta,,SKU-2773,SKU-5653,,,Bengaluru,US Day,Other,Financial Analyst,Drew Kim,TAG-8428,Client Request,,Other,REF-5745,Inactive,Beta,,,,,,8411,5172,3461,Delta,1559,,1453,Standard,2024-10-28 04:17:00,7963,4817,Other,Beta,Alpha,SKU-8503,7299,260,2931,6375,63,Beta,2025-12-15 17:26:00,2449,6119,Alpha,Other,Standard,LOT-3083,5927,5344,7665,6422,4530,Other,,,,,,,,,,,,,,2024-10-26,5259,,Standard,SKU-1306,REF-3871,SKU-9776,9165,5256,,2436,,Gamma,2025-07-10,,,,,,,,,,,,,2024-07-02,,,Beta,,,SKU-2004,3128,,3897,674,,,Shared the updated proposal for review.
100134,Relay User,101394,morgan.blake@demomail.test,Fatima Sloan,2024-10-18 00:40:00,quinn.larsson@examplecorp.test,Yara Rossi,2023-10-30 11:02:00,Delta,,2025-05-21 15:18:00,,,,N,SKU-9617,4372,Gamma,5140,4732,874,SKU-1086,Gamma,100469,100286,,4420,Alpha,2288,,8766,SKU-9307,Other,100129,100445,100429,100638,100485,100767,100786,100684,100742,100482,100588,100111,100076,,1273,Alpha,,676,,,,100282,100383,100240,100128,,100031,100282,Aisha Rossi,,,,LOT-4483,Aisha R.,,,N/A,,TAG-5358,,LOT-5684,,,Alex Whitfield,Gamma,liam.costa@examplecorp.test,Team Lead,Intern,Vertex Foods LLP,Junior,Skyler Nguyen,Non-binary,SKU-7380,LOT-5134,7560,N,,Rahul Haddad,Mei Calder,,Rahul Costa,,London,Philippines,Gamma,Beta,,7996,chen.sloan@examplecorp.test,Sofia Patel,Accounting,Omar Vance,Beta,,REF-6031,,,,Denver,US Day,Gamma,Customer Success Manager,Elena Sloan,,,,Gamma,SKU-6620,Active,Alpha,,773,,,,8885,2264,7319,Alpha,3463,3939,6019,,2025-03-18 22:31:00,6036,9868,Other,Standard,Standard,TAG-9986,5307,9839,3169,4274,2658,Standard,2026-03-08 00:24:00,2724,5591,Delta,Alpha,Delta,TAG-7897,2787,8201,4266,1310,369,Alpha,,,,,,,,,,,,,,2024-05-01,7709,,Gamma,TAG-7409,SKU-3739,TAG-6222,1921,9166,2588,6846,5414,Other,2023-07-19,,,,,,,,,,,,,2025-02-27,7174,,,,LOT-5067,,7781,,,,,Standard,Scheduled a check-in for the coming month.
100715,Relay User,101395,marco.blake@acme-fake.test,Yara Vance,2024-10-25 00:56:00,liam.ashby@acme-fake.test,Skyler Ashby,2024-11-19 22:47:00,Gamma,Sofia Ashby,2023-07-06 19:36:00,,,,N,LOT-3035,6460,Delta,5680,6890,5906,REF-8716,Gamma,100212,100571,LOT-6683,6307,,3225,1094,2169,LOT-1059,Alpha,100421,100192,100774,100182,100060,100180,100388,100582,100262,100257,100500,100171,,TAG-2739,,Alpha,,,3479,,,100104,100255,100208,100774,100197,100676,100182,Sofia Nguyen,,,Nina Cohen,TAG-1243,Sofia N.,Skyler Costa,,Placed,REF-1442,SKU-8342,,LOT-5485,Other,,Fatima Reyes,Beta,alex.larsson@acme-fake.test,Team Lead,Full-Time,Silverline Energy,Senior,Reese Garcia,Prefer not to say,TAG-6416,SKU-5727,1320,Y,TAG-2935,Nina Whitfield,Elena Reyes,,Nina Dorsey,"101,678",Manila,United Kingdom,Gamma,Beta,Aligned on billing and renewal terms.,6048,emerson.ashby@examplecorp.test,Avery Calder,Operations,Nina Garcia,Delta,N,REF-6670,,,Followed up on the open items from last week.,Atlanta,US Day,Standard,Data Analyst,Quinn Cohen,REF-9599,,,Delta,REF-2415,Active,Other,,,8285,,,5550,8576,7820,Gamma,9817,,,,2026-06-12 04:28:00,1168,2158,Delta,Other,Standard,LOT-2695,5489,9905,5400,7325,3985,Standard,2024-02-05 16:54:00,9647,954,Other,Beta,Beta,TAG-7912,5255,1603,3777,1091,2793,Gamma,,,,,,,,,,,,,,2024-05-25,7156,2099,Beta,,REF-4190,TAG-3741,9413,8597,,6013,8627,Other,2023-12-16,,,,,,,,,,,,,2025-09-10,,,Standard,,TAG-9838,TAG-7410,6285,,,,,Other,Noted a concern to revisit at the next sync.
100679,Relay User,101398,jamie.ford@demomail.test,Mei Ivanov,2022-12-02 09:35:00,morgan.silva@examplecorp.test,Reese Patel,2026-02-27 04:56:00,Delta,Reese Okafor,2025-09-13 20:44:00,,,,Y,TAG-7548,1027,Standard,6217,4186,6673,SKU-6368,Beta,100069,100051,REF-9515,4344,Alpha,2106,668,,REF-4179,Delta,100692,100143,100690,100455,100432,100654,100153,100464,100099,100477,100126,,100673,,,,8303,,,,,100596,100637,100359,100186,100053,,100645,Yara Nguyen,,,,TAG-8260,Yara N.,,,Placed,LOT-8284,,TAG-2177,TAG-9134,,,Taylor Whitfield,Gamma,jordan.kim@sampleco.test,Manager,Full-Time,Lakeside Partners LLP,Entry,Elena Garcia,Prefer not to say,REF-7208,TAG-1858,7313,N,REF-6756,Emerson Ford,Riley Kim,,Taylor Kim,"105,605",Atlanta,Australia,Standard,Delta,Resolved the outstanding question about scope.,5315,drew.kim@demomail.test,Elena Vance,Data & Analytics,Yara Dorsey,Gamma,,SKU-5703,,,Discussed timeline and next steps with the account.,Denver,US Evening,Beta,Marketing Coordinator,Liam Haddad,SKU-5386,,Standard,Beta,SKU-9236,Active,Alpha,Noted a concern to revisit at the next sync.,,,,Standard,4595,2603,989,Standard,,,9533,,2024-06-19 05:21:00,8401,3678,Gamma,Delta,Standard,LOT-8714,6294,2994,2812,6217,5525,Beta,2025-02-21 18:59:00,4971,9004,Beta,Gamma,Alpha,TAG-2588,5088,4234,6806,2660,6980,Gamma,,,,,,,,,,,,,,2023-01-15,8043,5498,Other,TAG-5645,REF-7168,SKU-5810,8495,6063,8052,,1250,Gamma,2024-01-03,,,,,,,,,,,,,2025-11-14,,,Delta,,,LOT-6010,,4887,,,,Other,Resolved the outstanding question about scope.
100272,Relay User,101400,chen.ford@sampleco.test,Reese Reyes,2026-06-19 01:25:00,elena.silva@examplecorp.test,Rahul Whitfield,2024-04-06 17:37:00,Alpha,,2024-08-23 14:33:00,,,,N,REF-8161,9504,Beta,3336,3461,748,LOT-7550,Delta,100793,100736,,1182,Standard,8087,882,4881,TAG-4508,Other,100582,100129,100485,100245,100413,,100234,100749,,100548,100455,100060,100243,,,,,,,,LOT-4581,100582,100066,100215,100356,,100617,100185,Nina Dorsey,,,Skyler Dorsey,LOT-3106,Nina D.,Arjun Ashby,,Available,TAG-8539,SKU-4544,,TAG-1913,Beta,,Avery Sato,Alpha,taylor.dorsey@acme-fake.test,Individual Contributor,Part-Time,Evergreen Financial Group,Entry,Diego Patel,Male,REF-4787,SKU-8250,4382,Y,TAG-8388,Sofia Calder,Omar Reyes,,Drew Blake,"85,918",Seattle,Philippines,Alpha,Standard,,8478,drew.nguyen@examplecorp.test,Sofia Haddad,Human Resources,,Gamma,,TAG-6031,,,Scheduled a check-in for the coming month.,Chicago,US Evening,Gamma,Payroll Specialist,Sofia Sato,REF-1752,,Delta,Other,SKU-5160,Active,Standard,,6170,,,,4405,8553,5595,Delta,,6849,7648,,2026-01-02 17:29:00,9498,6130,Standard,Delta,Standard,SKU-8907,6318,2074,4194,6078,3827,Delta,2024-02-15 11:43:00,85,953,Standard,Alpha,Other,SKU-7258,4711,1069,9375,6885,3458,Gamma,,,,,,,,,,,,,,2023-11-07,1369,2433,Other,REF-2007,LOT-4274,TAG-3788,1938,,2208,3342,8467,Delta,2023-10-05,,,,,,,,,,,,,2023-03-12,,5404,,,,SKU-8077,,6587,,6599,,,Shared the updated proposal for review.
100479,Relay User,101401,riley.costa@examplecorp.test,Riley Ford,2025-03-15 21:26:00,priya.ivanov@demomail.test,Yara Ivanov,2024-03-02 00:39:00,Alpha,Priya Brooks,2025-05-30 03:16:00,,,,Y,SKU-4539,4890,Standard,3999,6740,2968,REF-6330,Delta,100331,100723,SKU-7298,5251,Other,,,7350,,Gamma,100456,100382,100454,100467,100185,100417,100172,100353,100151,100522,100712,100415,100424,LOT-7063,,Gamma,753,,4909,,,100029,100494,100723,100744,100457,100552,100774,Morgan Brooks,,,Rahul Cohen,SKU-1946,Morgan B.,Sofia Whitfield,,Available,LOT-6723,,,TAG-6827,,,Riley Ford,Alpha,chen.ashby@examplecorp.test,Individual Contributor,Part-Time,Falcon Robotics Group,Senior,Marco Ashby,Female,LOT-8481,LOT-4448,,Y,LOT-6701,Alex Sato,Omar Sato,,Chen Okafor,"32,734",Bengaluru,Philippines,Standard,Beta,,1507,sofia.rossi@acme-fake.test,Alex Ivanov,Finance,Jordan Silva,Gamma,,LOT-7035,,,Resolved the outstanding question about scope.,Denver,US Evening,Beta,Accountant,Diego Silva,,,,Beta,LOT-3006,Active,Standard,Aligned on billing and renewal terms.,,2284,7804,,226,1598,9709,Delta,,9607,,Gamma,2025-03-27 09:57:00,4769,2829,Gamma,Gamma,Standard,REF-2946,3408,9032,5552,9869,98,Standard,2023-11-15 07:09:00,5293,8015,Beta,Gamma,Other,SKU-6635,3774,1019,7854,2756,5597,Standard,,,,,,,,,,,,,,2023-03-05,,3264,,LOT-3137,REF-1963,TAG-9048,6728,7445,,2389,,,2026-06-06,,,,,,,,,,,,,2023-12-05,777,3409,Delta,,,LOT-6451,,,,,,Gamma,Scheduled a check-in for the coming month.
100129,Relay User,101403,quinn.reyes@examplecorp.test,Reese Okafor,2024-02-06 06:56:00,chen.okafor@acme-fake.test,Jamie Ford,2024-10-24 08:38:00,Delta,,2024-05-25 02:15:00,,,,Y,REF-6981,4155,Alpha,6421,8910,6738,REF-7593,Other,100758,100531,SKU-5668,656,Standard,,2442,,,Other,100459,100400,100574,100020,100548,100654,100223,100240,,,100726,100182,100305,,649,Delta,9257,,,,,100555,100069,100591,,,,100015,Marco Garcia,,,Arjun Ivanov,TAG-7673,Marco G.,,SKU-7990,Placed,LOT-6388,REF-3599,,LOT-3991,Other,,Noah Ashby,Other,rowan.whitfield@sampleco.test,Team Lead,Contractor,Cobalt Foods LLP,Entry,Rowan Sato,Non-binary,LOT-3305,SKU-8026,3338,Y,SKU-5700,Rowan Dorsey,Elena Whitfield,,,"184,488",Toronto,India,Delta,Other,,8063,morgan.haddad@demomail.test,Nina Nguyen,Recruiting,Mei Kim,Delta,,SKU-6924,REF-5336,,Reviewed performance and gathered feedback.,Seattle,US Evening,Beta,Operations Associate,Avery Whitfield,,End of Contract,,Delta,TAG-8374,Inactive,Gamma,Resolved the outstanding question about scope.,,,,,7013,9720,5148,Beta,497,,2055,,2024-07-31 05:12:00,3060,2806,Alpha,Standard,Gamma,TAG-3798,2716,9393,8872,2087,685,Gamma,2024-08-14 21:53:00,8705,1435,Delta,Gamma,Beta,LOT-9408,4397,8492,2565,7260,6246,Beta,,,,,,,,,,,,,,2023-05-25,535,2293,Gamma,,TAG-9597,SKU-5496,,,574,5309,1716,Alpha,2024-01-25,,,,,,,,,,,,,2025-03-30,,1872,,LOT-7451,,TAG-7494,8817,,,,2756,,Shared the updated proposal for review.
100424,Relay User,101406,casey.okafor@acme-fake.test,Liam Whitfield,2026-04-03 20:26:00,priya.whitfield@acme-fake.test,Quinn Ford,2024-09-25 10:58:00,Other,Avery Cohen,2025-09-04 14:06:00,,,,Y,SKU-5389,5294,Other,3950,9791,8676,SKU-4914,Gamma,100217,100014,TAG-3658,,Alpha,,7068,3526,,Gamma,100735,100415,100784,100497,100753,100079,100161,100735,,100005,100456,100148,100542,,,,,,148,,,100676,100132,100788,100203,,,100676,Rowan Kim,,,Aisha Haddad,LOT-8827,Rowan K.,Jamie Rossi,,Placed,LOT-2850,LOT-4895,TAG-3707,LOT-8398,,,Rowan Blake,Beta,marco.whitfield@sampleco.test,Team Lead,Part-Time,Cobalt Energy,Entry,Yara Sloan,Prefer not to say,SKU-9831,SKU-4859,,Y,TAG-1906,Nina Sloan,Reese Mensah,,Mei Dorsey,,Atlanta,United Kingdom,Standard,Gamma,,1826,elena.cohen@acme-fake.test,Casey Ashby,Accounting,,Alpha,,LOT-5356,,Resolved the outstanding question about scope.,Aligned on billing and renewal terms.,Bengaluru,US Day,Other,Customer Success Manager,Mei Blake,TAG-5994,End of Contract,,Beta,TAG-2631,Inactive,Delta,Noted a concern to revisit at the next sync.,,,,,2475,3577,9412,Alpha,4652,5838,,Alpha,2024-10-24 18:09:00,7218,5928,Alpha,Gamma,Gamma,LOT-9226,9788,3017,3931,597,7817,Delta,2023-06-13 19:55:00,4605,8161,Delta,Delta,Gamma,SKU-9523,8137,157,875,8371,7262,Beta,,,,,,,,,,,,,,2024-07-22,703,2965,Other,LOT-7003,REF-8169,TAG-9818,2515,5290,1209,4855,1061,,2024-10-07,,,,,,,,,,,,,2025-11-30,1585,,,,,,,,4599,,7873,,Resolved the outstanding question about scope.
100782,Relay User,101407,chen.garcia@sampleco.test,Nina Kim,2023-04-29 21:12:00,nina.ford@acme-fake.test,Fatima Blake,2023-02-10 19:30:00,Beta,Morgan Patel,2025-01-16 02:56:00,,,,Y,LOT-5357,3696,Delta,9873,9434,722,SKU-2923,Delta,100604,100454,TAG-4317,4953,,3166,,,TAG-7306,Alpha,100262,100518,100686,100462,100637,100487,,100339,100494,100142,100099,100455,100323,,5644,,,,5505,SKU-2333,TAG-7513,,,100667,,100765,100526,100132,Morgan Larsson,,Fatima Nguyen,Drew Ashby,TAG-2349,Morgan L.,Chen Kim,,Available,LOT-4266,,TAG-2079,LOT-1458,Delta,,Rowan Mercer,Beta,nina.dorsey@examplecorp.test,Team Lead,Intern,Meridian Health LLC,Senior,Skyler Calder,Male,REF-2670,LOT-7324,8128,N,,Marco Sato,Mei Cohen,REF-2199,Priya Cohen,,Chicago,Mexico,Other,Standard,,3757,rahul.nguyen@sampleco.test,Drew Larsson,Operations,Riley Patel,Beta,,SKU-2381,SKU-8527,,Reviewed performance and gathered feedback.,Austin,US Evening,,Software Developer,Riley Costa,SKU-2395,,,Beta,REF-7105,Active,Other,,9141,8484,,Delta,7539,4491,2903,Other,5885,,1956,Delta,2023-09-12 01:02:00,7527,4399,Delta,Gamma,Other,REF-8605,9408,3970,8096,5956,7017,Beta,2023-03-15 08:33:00,1172,6442,Alpha,Alpha,Standard,REF-3482,9637,5897,1765,8125,4878,Delta,,,,,,,,,,,,,,2026-07-17,9207,4223,,LOT-3029,LOT-5718,LOT-2061,9875,9640,9485,5953,7354,Gamma,2024-08-26,,,,,,,,,,,,,2025-07-25,,7499,,LOT-1504,,,8117,,,,5751,Other,Resolved the outstanding question about scope.
100782,Relay User,101409,alex.nguyen@acme-fake.test,Casey Blake,2026-02-14 16:22:00,avery.kim@examplecorp.test,Quinn Haddad,2025-08-16 11:07:00,Standard,Casey Kim,2024-10-12 02:18:00,,,,N,SKU-8465,6431,Delta,3134,5483,4223,REF-3825,Alpha,100474,100172,LOT-7682,,Beta,5437,7794,4537,TAG-2741,Beta,100750,100232,100617,100034,100254,100197,100235,100782,100469,100220,100229,,100234,,9433,,1429,,5329,,,100069,100234,100176,,,100012,100555,Omar Mercer,,,Rowan Kim,SKU-4507,Omar M.,Yara Garcia,,Available,,LOT-8506,,SKU-1024,Other,,Mei Silva,Gamma,sofia.sloan@sampleco.test,Director,Intern,Vertex Retail,Senior,Nina Blake,Male,LOT-8241,SKU-5123,,Y,,Mei Dorsey,Yara Whitfield,,,,Chicago,India,Standard,Delta,,2179,omar.rossi@demomail.test,Jamie Mensah,Sales,Priya Vance,Standard,Y,LOT-2230,,,,Phoenix,US Day,Gamma,Recruiter,Marco Nguyen,SKU-5305,,,Gamma,REF-6599,Active,Other,,,,,,5359,7070,6297,Gamma,9092,286,499,,2023-04-20 10:10:00,3113,4066,Alpha,Other,Alpha,SKU-2563,4751,258,9182,5810,3731,Gamma,2022-11-18 18:27:00,4142,6073,Alpha,Alpha,Beta,TAG-5176,141,2664,6792,3370,3534,Other,,,,,,,,,,,,,,2024-07-15,3070,2050,Other,LOT-4495,REF-7758,TAG-9826,3275,6802,6855,1667,6220,Beta,2024-02-10,,,,,,,,,,,,,2025-04-02,4464,,,,,,4271,6926,,,,Alpha,Shared the updated proposal for review.
100242,Relay User,101410,reese.mercer@acme-fake.test,Sofia Dorsey,2024-04-20 01:25:00,aisha.vance@sampleco.test,Taylor Ivanov,2022-12-29 03:46:00,Other,,2024-11-10 20:47:00,,,,N,SKU-9509,5436,Gamma,3714,3779,5718,SKU-1582,Gamma,100322,100164,LOT-3319,,Gamma,,3267,2781,LOT-1117,Alpha,100683,100509,100645,100058,100104,100290,,100120,100616,100551,100158,100792,,,,Alpha,,8630,4204,REF-4188,,100559,100551,100262,100298,,,100178,Taylor Ivanov,,,Casey Vance,LOT-8628,Taylor I.,Reese Sloan,LOT-7089,Placed,,REF-3680,,SKU-1999,,,Priya Silva,Other,emerson.cohen@demomail.test,Director,Contractor,Vertex Analytics,Entry,Noah Whitfield,Male,LOT-6258,TAG-4126,2142,Y,SKU-5279,,Alex Ford,LOT-1721,Noah Silva,"133,482",London,Australia,,Other,Aligned on billing and renewal terms.,8318,reese.mensah@demomail.test,Noah Okafor,Human Resources,Morgan Reyes,Standard,,LOT-2162,TAG-6937,,,Austin,US Night,Alpha,Customer Success Manager,Riley Vance,TAG-8041,,,Delta,TAG-2220,Active,Standard,,3891,,,Delta,5084,6933,1774,Other,,7344,4002,Other,2025-09-25 13:17:00,1695,3790,Standard,Delta,Delta,SKU-2640,4408,7874,236,3266,7907,Delta,2024-03-20 08:49:00,2722,6889,Standard,Delta,Standard,REF-8276,6842,197,1012,605,5525,Other,,,,,,,,,,,,,,2026-06-07,,,Standard,,REF-8938,SKU-8167,8837,381,2312,7487,,Delta,2024-04-16,,,,,,,,,,,,,2025-07-17,,,,,,TAG-1015,,,8332,,,,Resolved the outstanding question about scope.
100360,Relay User,101412,morgan.mercer@examplecorp.test,Morgan Kim,2025-05-06 03:56:00,omar.ivanov@examplecorp.test,Rowan Ivanov,2023-09-11 23:51:00,Beta,Emerson Mercer,2024-07-26 00:14:00,,,,Y,LOT-7504,1003,Other,4205,6111,1597,TAG-8622,Alpha,100376,100798,TAG-8386,,,7900,,,SKU-1665,,100744,100366,100793,100420,100343,100654,100531,100673,100173,100523,,,100164,LOT-4371,,,,,,SKU-8747,TAG-9511,100760,100239,100771,,,,100223,Morgan Reyes,,,Diego Nguyen,REF-6046,Morgan R.,,,Available,REF-9118,,,TAG-2471,Gamma,,Chen Mercer,Other,arjun.haddad@demomail.test,Director,Part-Time,Vertex Energy Corp,Mid-Level,Rahul Reyes,Prefer not to say,TAG-9620,SKU-9638,4824,Y,LOT-1702,Reese Haddad,Riley Sloan,,Emerson Ashby,"33,682",Denver,Philippines,Delta,Beta,,8993,omar.dorsey@examplecorp.test,Jamie Ford,Sales,Elena Nguyen,Other,,SKU-3331,,,,Denver,US Day,,HR Generalist,Marco Haddad,REF-4861,,,Other,REF-2028,Active,Other,Shared the updated proposal for review.,,3805,,,379,7029,2707,Other,7976,9037,4169,,2025-04-26 10:44:00,9495,1305,Other,Delta,Beta,SKU-5933,9917,5048,3702,9702,3829,Delta,2025-12-20 05:14:00,4276,967,Other,Alpha,Standard,LOT-7254,2237,8855,4340,2390,147,Beta,,,,,,,,,,,,,,2025-12-12,449,3425,Gamma,REF-2387,SKU-6751,,1034,4362,,8909,3690,Gamma,2025-08-04,,,,,,,,,,,,,2025-01-11,,,,,TAG-7141,TAG-7257,,5366,9286,1382,7838,Alpha,Scheduled a check-in for the coming month.
100552,Relay User,101415,nina.ashby@demomail.test,Skyler Ivanov,2024-12-30 11:43:00,diego.nguyen@examplecorp.test,Priya Ford,2022-10-15 06:11:00,Delta,Skyler Ashby,2023-11-21 16:17:00,,,,N,SKU-9958,9535,Beta,2358,9802,8675,LOT-2084,Gamma,100209,100799,,7315,Alpha,7598,,1707,,Other,100086,100309,100679,100171,100554,100661,,100542,,100535,100227,,100452,TAG-2765,,,,,6173,,,100165,100681,100267,100205,,100596,100500,Yara Blake,,,,REF-7562,Yara B.,Taylor Sato,TAG-9542,Placed,REF-7289,TAG-6378,LOT-2351,SKU-2980,Other,,Jamie Okafor,Alpha,marco.haddad@demomail.test,Individual Contributor,Contractor,Delta Health LLP,Junior,Riley Brooks,Male,REF-6812,LOT-5342,,N,TAG-2784,Jordan Silva,Sofia Sloan,,Sofia Ford,,Phoenix,Philippines,Standard,Beta,,4182,marco.sloan@acme-fake.test,Avery Larsson,Human Resources,Priya Dorsey,Standard,,REF-7839,,,Noted a concern to revisit at the next sync.,Austin,Flexible,Delta,QA Engineer,Drew Sloan,,,,Alpha,TAG-3491,Active,Standard,,1276,8615,1164,,7352,5191,7436,Beta,6595,7270,3118,Standard,2024-06-06 23:59:00,7564,9056,Beta,Delta,Delta,REF-6756,5294,3606,1180,9692,5362,Gamma,2024-04-22 00:58:00,4201,5296,Beta,Delta,Standard,LOT-2707,7962,2800,3551,5353,8576,Delta,,,,,,,,,,,,,,2024-02-24,174,6055,Alpha,REF-3497,LOT-7148,TAG-3032,,5821,456,,9609,Delta,2024-03-24,,,,,,,,,,,,,2025-04-04,,,Beta,,SKU-2188,,4796,,,5940,8736,,Discussed timeline and next steps with the account.
100770,Relay User,101417,elena.costa@acme-fake.test,Fatima Brooks,2025-11-07 23:37:00,quinn.blake@examplecorp.test,Marco Silva,2026-05-08 15:32:00,Delta,,2024-09-15 19:02:00,,,,N,TAG-7706,2678,Alpha,1449,5294,9461,TAG-1485,Standard,100205,100176,LOT-8678,,Other,,,,,,100063,100322,100107,100132,100370,100723,100610,100673,100767,100313,100755,100286,100496,TAG-5404,,Beta,899,3640,,,TAG-6861,100010,100094,100799,,,100558,100755,Mei Dorsey,,,,TAG-1494,Mei D.,,,Placed,LOT-6628,,,TAG-6051,Beta,,Sofia Ashby,Standard,taylor.blake@demomail.test,Manager,Intern,Falcon Retail Ltd,Mid-Level,Noah Rossi,Female,TAG-9987,LOT-3867,4385,N,REF-1291,Omar Sloan,Morgan Garcia,REF-3309,Yara Rossi,,Austin,India,Beta,Alpha,Reviewed performance and gathered feedback.,942,diego.rossi@examplecorp.test,Priya Kim,Accounting,Rahul Haddad,Gamma,,LOT-5009,TAG-8071,,,Phoenix,US Night,Alpha,Payroll Specialist,Skyler Sloan,,,,Beta,SKU-8140,Active,Delta,,,,3881,,2581,7068,9746,Standard,8808,9366,,Delta,2025-05-03 02:50:00,8136,1963,Alpha,Standard,Standard,LOT-3668,1924,9218,28,3461,9900,Standard,2026-07-01 01:36:00,2774,2222,Standard,Standard,Gamma,REF-8049,3697,9114,3370,7781,1428,Other,,,,,,,,,,,,,,2025-04-28,,3198,,REF-7712,SKU-7520,,,,1386,7506,4645,Delta,2023-01-13,,,,,,,,,,,,,2024-09-08,,869,,,,,5235,2711,,,8652,,Scheduled a check-in for the coming month.
100546,Relay User,101418,drew.garcia@examplecorp.test,Quinn Brooks,2024-05-13 01:23:00,marco.ivanov@acme-fake.test,Morgan Ivanov,2025-06-07 13:12:00,Standard,,2023-07-14 07:02:00,,,,Y,SKU-5553,3781,Delta,2123,4689,3418,LOT-7730,Standard,100522,100770,,341,Standard,6498,390,3180,SKU-4569,Standard,100652,100679,100143,100571,100288,100251,100062,100259,100642,100254,,100267,100117,REF-2315,,Gamma,3583,,7869,,TAG-8819,100658,100432,100097,,100735,,100040,Marco Rossi,,,Elena Reyes,LOT-4666,Marco R.,Nina Whitfield,REF-2401,Placed,,,,LOT-2610,Gamma,,Rowan Vance,Alpha,taylor.calder@examplecorp.test,Director,Intern,Meridian Robotics Group,Entry,Reese Garcia,Non-binary,SKU-2913,SKU-5315,,Y,,,Morgan Rossi,REF-1452,Emerson Ashby,"1,642",Denver,Germany,Other,Beta,Reviewed performance and gathered feedback.,,drew.mercer@acme-fake.test,Sofia Reyes,Finance,Jordan Ivanov,Delta,,LOT-1898,,,Shared the updated proposal for review.,Mumbai,US Day,Other,Recruiter,Taylor Calder,SKU-7753,End of Contract,,Alpha,SKU-1615,Inactive,Delta,,9458,,,,1174,8884,9851,Beta,3593,,3072,Standard,2024-04-24 15:11:00,8392,1732,Other,Delta,Other,LOT-9666,3698,2952,8484,9909,6427,Other,2025-09-08 21:26:00,9514,7390,Delta,Alpha,Delta,TAG-2321,7603,1656,1552,1354,8933,Standard,,,,,,,,,,,,,,2025-12-24,8046,298,,TAG-5482,TAG-6517,TAG-9282,8460,,7596,8292,9171,Alpha,2024-04-13,,,,,,,,,,,,,2023-12-03,,,,,,,,,,2150,,Other,Followed up on the open items from last week.
100395,Relay User,101421,elena.ashby@demomail.test,Arjun Dorsey,2026-07-09 22:21:00,marco.vance@demomail.test,Emerson Ivanov,2023-07-18 22:33:00,Alpha,,2025-06-29 12:15:00,,,,Y,SKU-5410,3484,Beta,4090,2122,7691,REF-4710,Delta,100206,100107,SKU-7901,8025,Gamma,,1998,,SKU-3694,,100523,100569,100359,100389,100408,100723,100316,100208,,100771,100685,100554,100408,REF-2843,4569,Alpha,7629,,,,SKU-6840,100208,100063,100712,100161,100142,100075,100658,Elena Sato,,,,TAG-4560,Elena S.,Alex Sloan,SKU-5522,Placed,REF-6746,TAG-7083,,TAG-9520,Other,,Jordan Reyes,Standard,arjun.cohen@sampleco.test,Manager,Contractor,Delta Ventures Inc,Mid-Level,Casey Ford,Non-binary,LOT-3900,SKU-2568,6214,N,,Jordan Mensah,Emerson Rossi,TAG-1166,Marco Ashby,"66,744",Dallas,Germany,Beta,Delta,,2057,casey.costa@sampleco.test,Mei Patel,Software Engineering,Casey Mensah,Gamma,,REF-4296,,,Noted a concern to revisit at the next sync.,Austin,US Day,Standard,QA Engineer,Taylor Vance,SKU-1241,,,Delta,REF-5963,Active,Beta,,,,9786,,1846,533,6782,Alpha,1897,8539,,,2025-02-14 11:08:00,2160,4700,Gamma,Alpha,Standard,SKU-2279,9521,2871,5587,9990,1374,Gamma,2025-01-06 23:31:00,3453,1155,Gamma,Other,Alpha,SKU-9374,9582,4803,1591,3653,5095,Gamma,,,,,,,,,,,,,,2023-12-01,,9058,Gamma,REF-1216,REF-4109,TAG-7539,4275,6030,8731,5389,9133,,2023-12-27,,,,,,,,,,,,,2024-06-16,,9464,Beta,,,REF-2322,,658,1602,2552,4151,,Reviewed performance and gathered feedback.
100475,Relay User,101422,elena.silva@examplecorp.test,Chen Whitfield,2024-04-25 16:17:00,avery.garcia@demomail.test,Reese Okafor,2025-08-26 23:21:00,Delta,Casey Whitfield,2024-03-18 16:13:00,,,,N,LOT-8799,5992,Alpha,6242,6838,1511,REF-1647,Gamma,100642,100692,SKU-6593,1320,Gamma,3650,,7457,TAG-2794,,100699,100393,100503,100656,100056,,,100209,100377,100479,,100418,,,,,987,5929,,,,100649,100380,100582,100041,,100325,100363,Reese Mensah,,,Fatima Vance,SKU-1741,Reese M.,,,Placed,TAG-4439,LOT-7161,,TAG-6584,Delta,,Rowan Rossi,Alpha,emerson.vance@acme-fake.test,Manager,Full-Time,Ironwood Dynamics Group,Junior,Avery Dorsey,Non-binary,LOT-8989,TAG-9550,8683,Y,LOT-6549,Casey Silva,Omar Cohen,,Avery Blake,"240,697",Chicago,United States,Gamma,Other,Scheduled a check-in for the coming month.,1632,alex.okafor@acme-fake.test,Yara Silva,Human Resources,,Standard,,SKU-7581,LOT-4714,,Resolved the outstanding question about scope.,London,US Evening,Standard,Operations Associate,Rahul Silva,REF-6110,,,Beta,TAG-4773,Active,Beta,Followed up on the open items from last week.,,,5633,Beta,981,8416,6652,Other,,2557,9068,,2024-03-29 08:56:00,8235,4628,Delta,Standard,Standard,TAG-8528,5364,9984,1876,2130,4249,Delta,2024-10-19 18:27:00,4719,9731,Gamma,Alpha,Standard,TAG-3945,8432,466,6471,555,7635,Delta,,,,,,,,,,,,,,2024-10-01,,4870,,,REF-5355,SKU-9950,857,2250,7618,6182,661,Alpha,2024-02-18,,,,,,,,,,,,,2025-12-21,,,Other,,,TAG-8108,,9778,2090,,6523,Delta,Aligned on billing and renewal terms.
100688,Relay User,101423,elena.vance@sampleco.test,Riley Mercer,2025-11-22 02:38:00,sofia.mensah@examplecorp.test,Arjun Vance,2024-04-16 16:31:00,Alpha,Arjun Vance,2023-12-03 10:26:00,,,,Y,REF-5715,704,Standard,7783,5797,3957,REF-5048,Alpha,100041,,,3535,Other,5707,4396,2295,LOT-8348,,100393,100417,100189,100763,100494,100588,100076,100420,100676,100625,100314,100376,100722,,978,Alpha,2950,4569,,TAG-3976,,100290,100142,100323,,100314,100539,100558,Rahul Brooks,,,Rowan Haddad,,Rahul B.,Arjun Silva,,Placed,TAG-1723,LOT-4062,,TAG-3667,Other,,Noah Cohen,Beta,emerson.vance@demomail.test,Director,Part-Time,Meridian Systems Inc,Senior,Avery Rossi,Female,TAG-9903,SKU-4695,,N,REF-9629,Riley Garcia,Drew Nguyen,REF-1885,Skyler Rossi,"169,369",Dallas,Philippines,Delta,Gamma,,8792,rahul.mensah@acme-fake.test,Skyler Mensah,Data & Analytics,,Alpha,,TAG-3012,,Scheduled a check-in for the coming month.,,Toronto,Flexible,Alpha,HR Generalist,Aisha Brooks,,End of Contract,,Other,SKU-5694,Inactive,Delta,,,,,,8937,4271,9001,Gamma,5399,2848,,Delta,2025-02-10 07:59:00,9033,6312,Standard,Standard,Delta,LOT-8797,7217,2717,1992,5981,3781,Alpha,2023-05-13 23:52:00,3635,9700,Other,Alpha,Beta,TAG-6410,8128,5539,5602,3429,6793,Other,,,,,,,,,,,,,,2023-07-24,,,Standard,LOT-9881,LOT-7368,SKU-4450,8383,5535,,4644,4052,,2022-12-05,,,,,,,,,,,,,2022-10-08,6094,,Beta,TAG-7175,SKU-5762,TAG-7676,,1033,995,112,,,Shared the updated proposal for review.
100200,Relay User,101425,avery.blake@demomail.test,Alex Ashby,2023-04-24 08:22:00,rahul.ivanov@sampleco.test,Alex Cohen,2025-10-01 21:02:00,Beta,Omar Silva,2023-04-21 01:37:00,,,,Y,TAG-6662,3373,Other,5453,7776,9937,SKU-5870,Delta,100236,100269,LOT-1857,9352,,4485,,469,,Beta,100432,100103,100186,100585,100624,100548,100690,100063,,100016,100334,100368,100598,,,,,,,,,100178,100104,100371,100308,,100699,100301,Alex Costa,,,Morgan Okafor,,Alex C.,Aisha Vance,,N/A,REF-9155,,,REF-5283,Other,,Jamie Larsson,Other,skyler.mensah@acme-fake.test,Manager,Intern,Cobalt Partners LLC,Entry,Riley Ashby,Prefer not to say,LOT-1333,REF-4220,7351,Y,REF-5730,Jamie Patel,Liam Whitfield,,,"7,452",Bengaluru,Canada,,Beta,Followed up on the open items from last week.,3875,noah.cohen@demomail.test,Diego Nguyen,Data & Analytics,,Beta,,SKU-5167,,,,Mumbai,Flexible,Alpha,QA Engineer,Aisha Mercer,LOT-3813,,,Other,LOT-9295,Active,Alpha,Resolved the outstanding question about scope.,,,,Alpha,5460,324,1151,Delta,4446,7900,9984,Gamma,2025-12-13 14:23:00,5566,6912,Other,Delta,Other,REF-5654,2336,1736,5267,7327,381,Delta,2023-07-24 08:03:00,2496,1420,Delta,Gamma,Beta,LOT-6232,7133,6498,3305,4097,5829,Alpha,,,,,,,,,,,,,,2024-04-19,,,Beta,REF-7440,SKU-6984,,,,324,9796,2499,Alpha,2022-11-14,,,,,,,,,,,,,2023-10-18,2096,,,REF-3441,,SKU-9164,5867,3279,,,1236,Alpha,Reviewed performance and gathered feedback.
100771,Relay User,101426,noah.mercer@examplecorp.test,Omar Silva,2025-08-02 01:15:00,morgan.whitfield@demomail.test,Liam Sloan,2022-11-07 00:51:00,Gamma,Avery Whitfield,2023-08-23 05:25:00,,,,Y,TAG-8756,6999,Standard,7991,6043,2957,LOT-4090,Beta,100195,100705,SKU-3397,,,,,3259,REF-7398,,100803,100656,100099,100667,100729,100037,100726,100770,100034,100049,100784,100652,100025,,,,,,,TAG-7651,,100538,100455,100132,100591,100484,100452,100003,Quinn Kim,,,Alex Dorsey,LOT-5483,Quinn K.,,,Placed,,TAG-7427,,LOT-9950,Delta,,Noah Okafor,Delta,aisha.larsson@sampleco.test,Individual Contributor,Intern,Lakeside Holdings,Entry,Priya Haddad,Male,TAG-8069,TAG-1838,2120,Y,REF-4840,Noah Mercer,Rahul Okafor,REF-4722,,"187,456",Denver,India,Other,Beta,Reviewed performance and gathered feedback.,482,drew.ivanov@acme-fake.test,Aisha Larsson,Accounting,Priya Ford,Standard,,LOT-7338,,Followed up on the open items from last week.,Scheduled a check-in for the coming month.,Phoenix,US Evening,Other,Payroll Specialist,Chen Costa,SKU-9084,Performance,,Other,LOT-1328,Inactive,Other,,,2642,,Alpha,2391,2931,5007,Standard,9194,2016,,Alpha,2023-03-17 09:08:00,6172,1141,Beta,Gamma,Other,LOT-2908,8265,1224,2946,4965,455,Other,2024-04-02 18:03:00,2530,9198,Other,Alpha,Delta,TAG-4245,3443,7173,8891,26,9860,Alpha,,,,,,,,,,,,,,2024-07-12,,9928,Other,,,REF-8935,3839,,8120,,5481,,2024-12-16,,,,,,,,,,,,,2024-12-01,,8466,,TAG-3584,,TAG-3056,,315,4865,2566,,,Noted a concern to revisit at the next sync.
100046,Relay User,101428,omar.brooks@examplecorp.test,Alex Haddad,2026-07-20 00:10:00,priya.okafor@examplecorp.test,Taylor Haddad,2023-07-21 20:20:00,Alpha,Arjun Kim,2022-11-15 12:20:00,,,,Y,LOT-1760,2694,Gamma,6919,8751,5705,REF-9383,Delta,100731,100267,,,Other,1795,1247,334,TAG-8453,Beta,100161,100604,100405,100136,100424,100158,100613,100601,100165,100099,100080,,100291,LOT-1950,,,,4224,,,,100532,100517,100101,100641,,100091,100107,Rahul Kim,,,,SKU-9946,Rahul K.,Chen Dorsey,,Placed but Available,TAG-1141,,,LOT-1361,Other,,Avery Patel,Beta,quinn.costa@sampleco.test,Individual Contributor,Part-Time,Beacon Textiles LLP,Lead,Chen Sloan,Non-binary,REF-9184,SKU-6080,1807,N,TAG-5543,Rahul Sloan,Avery Vance,TAG-5674,,"216,353",Manila,India,,Alpha,,7458,noah.patel@acme-fake.test,Chen Ivanov,Marketing,,Other,,REF-5687,LOT-6011,,Shared the updated proposal for review.,Denver,US Night,Other,Recruiter,Reese Vance,LOT-5003,Restructuring,,Standard,SKU-5079,Inactive,Other,,,,,,7204,5990,6159,Beta,2541,5931,7306,Gamma,2023-02-07 17:45:00,143,3569,Other,Other,Other,SKU-2801,2561,5846,3976,4996,2319,Delta,2024-04-25 07:02:00,9487,904,Alpha,Beta,Gamma,TAG-8428,8021,5578,6731,8793,9401,Standard,,,,,,,,,,,,,,2022-12-01,5543,9207,,TAG-5087,,SKU-4143,7409,4546,,4225,6158,Alpha,2025-11-12,,,,,,,,,,,,,2022-11-08,3807,,,REF-3787,,REF-8057,6729,,,,,,Followed up on the open items from last week.
100015,Relay User,101431,fatima.whitfield@demomail.test,Casey Ashby,2023-05-09 08:03:00,arjun.dorsey@acme-fake.test,Jordan Rossi,2024-01-13 11:54:00,Standard,,2025-06-06 22:58:00,,,,Y,REF-5212,1059,Alpha,4196,4393,2010,SKU-9861,Delta,100664,100634,LOT-8211,6529,Gamma,,2073,7867,TAG-3374,Delta,100360,100186,100370,100543,100034,100313,100656,100209,100535,100516,100692,100734,100280,,6940,,3981,6209,4809,SKU-3318,LOT-5249,100285,100056,100301,,100579,,100132,Priya Okafor,,,,,Priya O.,Nina Ashby,SKU-9421,N/A,SKU-8646,,,LOT-2210,Gamma,,Mei Rossi,Standard,avery.vance@acme-fake.test,Manager,Part-Time,Ironwood Media,Lead,Sofia Kim,Prefer not to say,SKU-7832,SKU-4486,5440,N,,Arjun Reyes,Rahul Haddad,,Elena Kim,,Chicago,Germany,Beta,Other,Followed up on the open items from last week.,1223,priya.ivanov@demomail.test,Casey Garcia,Software Engineering,,Delta,,LOT-4639,SKU-8522,,Scheduled a check-in for the coming month.,Toronto,US Evening,Standard,Software Developer,Yara Garcia,LOT-4510,,Alpha,Standard,TAG-3539,Active,Alpha,,,,,,2691,2656,5902,Delta,5394,8392,4607,Delta,2026-03-31 10:16:00,178,8874,Other,Other,Gamma,SKU-4131,3568,7948,5437,1366,5825,Gamma,2023-07-16 18:21:00,3469,1212,Standard,Gamma,Gamma,REF-6476,2527,2505,9314,6270,4756,Other,,,,,,,,,,,,,,2025-06-03,8009,,Gamma,SKU-9301,TAG-7174,LOT-5652,3927,,1504,3519,,Gamma,2023-06-19,,,,,,,,,,,,,2025-08-29,7760,651,,LOT-7522,LOT-7714,LOT-1981,2127,,3906,3576,,,Followed up on the open items from last week.
100587,Relay User,101434,drew.sato@sampleco.test,Reese Whitfield,2024-06-07 01:55:00,reese.sato@sampleco.test,Aisha Vance,2024-06-02 18:44:00,Standard,,2025-11-08 19:47:00,,,,N,LOT-9968,2219,Other,9024,2597,9608,REF-3293,Beta,,100034,TAG-4364,,Standard,,7186,,,,100285,100755,100139,100053,100031,100782,100746,100080,,100405,100498,100063,,,,,570,,4937,,,100281,100800,100481,100351,100333,100046,100029,Sofia Silva,,,,TAG-9361,Sofia S.,Arjun Cohen,TAG-1921,Coming Soon,REF-3410,,,LOT-5344,Standard,,Skyler Okafor,Alpha,taylor.garcia@acme-fake.test,Manager,Intern,Everest Solutions Group,Mid-Level,Omar Silva,Non-binary,SKU-9036,LOT-6932,2406,N,LOT-4708,Priya Nguyen,Noah Sato,,Yara Sato,"115,802",Chicago,Australia,Alpha,Beta,,8614,casey.mercer@demomail.test,Casey Brooks,Sales,Fatima Sloan,Other,,SKU-3680,,,,Denver,Flexible,Standard,Data Analyst,Marco Ivanov,LOT-6854,Voluntary Resignation,,Gamma,SKU-3807,Inactive,Gamma,Shared the updated proposal for review.,,6660,8545,,8384,620,9654,Gamma,2076,5570,9517,,2025-05-10 23:20:00,9329,3519,Standard,Standard,Gamma,LOT-7814,6673,252,7200,1371,8672,Beta,2023-11-08 21:29:00,5710,4335,Beta,Standard,Other,SKU-4137,8098,9603,9086,3367,9070,Alpha,,,,,,,,,,,,,,2025-07-24,784,1266,Alpha,SKU-8076,,REF-4747,5036,9276,9439,,,,2025-11-24,,,,,,,,,,8599,,,2025-02-05,,7478,,,SKU-2971,LOT-5352,7376,6935,9043,,,Delta,Aligned on billing and renewal terms.
100216,Relay User,101436,drew.ivanov@demomail.test,Alex Larsson,2024-04-12 18:16:00,aisha.ford@acme-fake.test,Rowan Costa,2023-11-30 16:10:00,,Aisha Mercer,2022-10-04 21:58:00,,,,N,SKU-7832,9923,Gamma,3170,8515,733,SKU-2516,Gamma,100497,100470,,1841,Delta,9687,1919,3140,,,100517,100169,100585,100496,100683,100603,100405,100190,,100080,100331,100417,100627,SKU-5349,,Delta,5595,,,,LOT-5754,100470,100031,100003,100142,100759,100017,100023,Priya Reyes,,,Arjun Calder,REF-6539,Priya R.,Nina Sloan,LOT-6967,Placed,SKU-4785,SKU-7053,REF-6764,LOT-5279,,,Skyler Sato,Alpha,arjun.sloan@demomail.test,Individual Contributor,Full-Time,Vertex Retail LLP,Mid-Level,Mei Whitfield,Female,SKU-7762,TAG-6187,1832,Y,,Skyler Brooks,Jordan Mensah,,,"55,075",Austin,Canada,Standard,Alpha,,8129,noah.nguyen@examplecorp.test,Alex Haddad,Marketing,Drew Mercer,Beta,,LOT-6877,,,,Denver,US Night,Standard,Accountant,Alex Ashby,TAG-5305,,Gamma,Alpha,SKU-3202,Active,Standard,Followed up on the open items from last week.,,4819,,Gamma,8592,8462,8458,Standard,9417,3403,,Standard,2026-07-06 15:25:00,3358,2264,Beta,Delta,Standard,REF-2430,3559,9620,2812,6015,7859,Other,2023-11-19 00:46:00,3091,2805,Other,Other,Gamma,REF-6868,4529,3820,455,125,5087,Standard,,,,,,,,,,,,,,2023-03-30,2380,2086,,REF-6938,TAG-7613,SKU-3545,,,6754,1437,1420,Other,2024-12-10,,,,,,,,,,,,,2025-03-28,8544,7067,,LOT-9518,REF-2688,,,4047,,1229,5338,,Noted a concern to revisit at the next sync.
100799,Relay User,101439,avery.brooks@sampleco.test,Yara Rossi,2026-06-08 14:17:00,rowan.mensah@acme-fake.test,Rahul Costa,2023-07-04 01:50:00,Standard,,2025-06-27 11:16:00,,,,N,TAG-5950,4380,Delta,220,5200,268,SKU-7526,Beta,100034,100342,,,Gamma,1991,2958,,REF-5847,Delta,100447,100382,100223,100473,100793,100477,,100111,,100328,100598,,100576,LOT-4978,1389,Alpha,7787,9620,8673,LOT-6377,,100360,100025,100548,100699,,,100090,Elena Haddad,,,Jamie Mensah,SKU-1091,Elena H.,Aisha Nguyen,LOT-4468,Available,,REF-5827,,REF-6432,Gamma,,Quinn Whitfield,Gamma,diego.rossi@demomail.test,Director,Intern,Cobalt Dynamics,Junior,Morgan Whitfield,Prefer not to say,REF-8955,LOT-2900,5196,Y,SKU-6655,Rahul Nguyen,Chen Nguyen,LOT-6421,Elena Garcia,"148,344",Austin,India,Other,Standard,Resolved the outstanding question about scope.,4311,avery.larsson@acme-fake.test,Taylor Calder,Operations,,Delta,Y,TAG-4790,SKU-2683,,,Atlanta,US Day,Standard,Software Developer,Rahul Ivanov,,,,Other,REF-5049,Active,Delta,,7473,,3433,,8785,1890,9425,Standard,,,,,2025-07-03 08:40:00,8016,6165,Alpha,Gamma,Standard,REF-2514,6731,362,4130,3843,5303,Gamma,2026-01-29 08:42:00,3085,2437,Standard,Delta,Delta,TAG-6813,5887,5495,7560,1406,3742,Standard,,,,,,,,,,,,,,2023-01-19,5971,2255,,SKU-1579,LOT-2032,TAG-8954,7799,427,6102,1890,2951,Other,2023-05-17,,,,,,Standard,,,,,,,2026-05-12,,9762,Alpha,REF-3204,SKU-3476,LOT-4084,,,,,,,Noted a concern to revisit at the next sync.
100601,Relay User,101441,riley.dorsey@sampleco.test,Riley Larsson,2024-04-11 05:10:00,jordan.patel@sampleco.test,Skyler Dorsey,2024-09-15 12:25:00,Delta,,2026-02-04 10:33:00,,,,Y,REF-5134,1083,Alpha,4440,4612,2649,SKU-6083,Standard,100699,100345,,,,,7529,6386,,,100123,100016,100782,100658,100146,100171,,100734,100383,,100603,,100101,,,,,,,TAG-1816,,100796,100598,100305,100485,,100097,100632,Drew Ashby,,,Omar Mensah,TAG-5711,Drew A.,Morgan Haddad,,Placed,REF-2350,,,LOT-5767,,,Elena Dorsey,Beta,chen.dorsey@demomail.test,Team Lead,Intern,Brightpath Media Ltd,Junior,Fatima Haddad,Non-binary,REF-2263,SKU-2318,3506,N,,Taylor Silva,Arjun Sato,REF-2056,Chen Silva,"74,976",Bengaluru,United States,,Beta,Followed up on the open items from last week.,,skyler.calder@demomail.test,Diego Dorsey,Marketing,Diego Okafor,Other,,TAG-8575,SKU-5176,,Noted a concern to revisit at the next sync.,Manila,US Night,Alpha,Customer Success Manager,Quinn Mercer,LOT-5814,,,Beta,LOT-2414,Active,Alpha,,,,,Standard,2606,2548,7426,Standard,7177,88,,,2024-05-02 21:27:00,6309,6265,Beta,Other,Standard,LOT-2421,96,503,4970,910,8303,Delta,2023-07-17 14:28:00,555,4629,Standard,Beta,Alpha,SKU-9443,5715,8447,7008,6285,3741,Beta,,,,,,,,,,,,,,2023-07-08,8069,286,Standard,LOT-9989,,SKU-7835,7985,6688,2982,1224,600,Other,2023-11-09,6662,,,,,,,,,,,,2024-04-11,9874,9861,Other,TAG-9360,SKU-6312,REF-1521,,,6478,,3535,,Reviewed performance and gathered feedback.
100518,Relay User,101444,noah.blake@acme-fake.test,Elena Larsson,2026-04-02 00:06:00,liam.reyes@acme-fake.test,Riley Calder,2026-02-10 15:37:00,Alpha,Nina Garcia,2026-01-13 06:36:00,,,,Y,TAG-9514,4558,Standard,7124,6960,2860,SKU-8037,Delta,100554,100359,LOT-2875,6149,,8124,,6709,REF-8920,,100377,100216,100432,100080,100597,100014,100620,100429,100468,,100348,100603,100186,,1664,,,,,,,100391,100457,100269,100469,100275,,100456,Drew Mercer,,,,LOT-7530,Drew M.,Rahul Sato,,Placed,,,,TAG-5076,Delta,,Fatima Mercer,Beta,rahul.ford@examplecorp.test,Team Lead,Full-Time,Northwind Logistics LLP,Lead,Noah Reyes,Female,SKU-9123,LOT-3688,8329,N,TAG-3238,Sofia Brooks,Rahul Cohen,,,"7,882",Atlanta,Canada,,Other,,7730,reese.patel@examplecorp.test,Aisha Brooks,Recruiting,Mei Blake,Alpha,,LOT-7546,,,Shared the updated proposal for review.,Atlanta,Flexible,Gamma,Support Specialist,Fatima Silva,,,,Beta,LOT-8593,Active,Other,Resolved the outstanding question about scope.,,,6218,,503,879,3967,Other,5964,,,Standard,2023-12-18 07:32:00,5166,7753,Gamma,Other,Delta,TAG-6255,1392,4470,7757,246,6807,Other,2026-06-06 21:53:00,3696,7597,Delta,Standard,Delta,SKU-1361,8276,2715,636,2418,3934,Delta,,,,,,,,,,,,,,2024-07-01,5476,7032,,LOT-4321,LOT-1636,SKU-9716,7026,,2248,,4337,Beta,2026-01-30,,,,,,,,,,,,,2022-10-02,3111,,,,SKU-8344,,,,5369,,6432,Beta,Discussed timeline and next steps with the account.
100535,Relay User,101446,yara.ford@sampleco.test,Priya Whitfield,2023-07-13 12:54:00,liam.reyes@sampleco.test,Taylor Mensah,2023-04-26 14:46:00,Standard,Quinn Patel,2025-06-22 21:46:00,,,,Y,TAG-3352,3195,Standard,2844,9304,2624,LOT-4915,Other,100717,100746,LOT-3283,,,,8572,7554,,Gamma,100332,100070,100044,100070,100598,100205,100360,100291,100099,100049,100587,,100053,,,,,,4532,,,100037,,100352,100037,100552,100229,100363,Reese Patel,,,Emerson Costa,TAG-6874,Reese P.,Rahul Garcia,,Available,LOT-4011,,TAG-6553,SKU-2555,Delta,,Rahul Ford,Beta,diego.dorsey@sampleco.test,Individual Contributor,Part-Time,Cobalt Financial Ltd,Junior,Jamie Silva,Prefer not to say,LOT-9345,SKU-9559,4228,Y,,Liam Mensah,Jamie Whitfield,REF-9875,Mei Ivanov,"89,605",London,Germany,Delta,Standard,,3494,skyler.brooks@sampleco.test,Morgan Nguyen,Marketing,,Beta,,LOT-4214,,,,Bengaluru,Flexible,,Marketing Coordinator,Riley Garcia,SKU-5834,,,Beta,LOT-8295,Active,Gamma,,,,499,,2030,8208,414,Alpha,891,2840,,Alpha,2024-06-20 21:25:00,4047,6044,Beta,Standard,Beta,SKU-5529,5059,846,3836,5746,9099,Alpha,2026-06-11 08:16:00,4868,889,Alpha,Gamma,Standard,SKU-8016,1815,2277,762,3712,3576,Standard,,,,,,,,,,,,,,2026-02-10,7329,5844,,LOT-9253,TAG-5997,LOT-6901,6656,7920,5668,4628,7808,,2024-07-08,,,,,,,,,,,,,2022-12-16,5643,,Alpha,,,LOT-8308,,3937,2486,6314,,,Discussed timeline and next steps with the account.
100009,Relay User,101447,diego.dorsey@acme-fake.test,Sofia Calder,2023-01-16 11:46:00,emerson.whitfield@examplecorp.test,Riley Mercer,2023-06-09 00:12:00,Alpha,Jamie Sato,2023-10-14 19:09:00,,,,N,SKU-4233,9662,Alpha,7095,4617,6015,SKU-2983,Beta,100060,100645,SKU-9376,,,9237,381,1083,SKU-8575,Alpha,100030,100298,100049,100286,100720,100040,100314,100197,,100429,100106,100206,100509,,,,,7442,2954,,,100509,100139,100712,100591,100386,100164,100070,Sofia Mercer,,,Elena Kim,REF-7251,Sofia M.,Elena Sato,,Placed,SKU-2941,SKU-2884,,LOT-5199,,,Chen Calder,Other,sofia.rossi@examplecorp.test,Director,Full-Time,Ironwood Analytics LLC,Senior,Yara Brooks,Non-binary,REF-3770,SKU-9038,,Y,,Morgan Ashby,Mei Reyes,TAG-8064,,,Austin,United States,Delta,Delta,Reviewed performance and gathered feedback.,648,jamie.mensah@examplecorp.test,Casey Silva,Finance,Yara Silva,Other,,LOT-4640,,Followed up on the open items from last week.,,London,Flexible,Other,Payroll Specialist,Casey Larsson,REF-3728,Restructuring,,Alpha,LOT-5587,Inactive,Beta,Shared the updated proposal for review.,,,,,6650,7865,3324,Beta,2127,3508,6797,Delta,2023-10-10 17:19:00,1048,846,Gamma,Beta,Standard,TAG-9380,7145,9108,484,4193,7550,Gamma,2025-12-12 10:39:00,4436,3714,Delta,Delta,Other,REF-6302,7218,6029,1639,3104,3968,Delta,,,,,,,,,,,,,,2023-07-23,,1886,Gamma,REF-9447,REF-2583,SKU-7988,5791,7299,2206,9867,6706,Other,2025-06-11,,,,,,,,,,,,,2025-12-12,4109,,Alpha,SKU-7610,,,3621,,,,6926,,Scheduled a check-in for the coming month.
100447,Relay User,101449,casey.larsson@acme-fake.test,Quinn Sato,2025-01-17 10:22:00,casey.whitfield@demomail.test,Riley Mercer,2025-03-25 09:05:00,Other,Rahul Haddad,2023-06-17 21:31:00,,,,N,REF-5545,8282,Alpha,3345,6535,5129,SKU-6056,Beta,100723,100462,SKU-7031,930,Standard,4240,1893,7970,SKU-1503,Standard,100290,100197,100079,100173,100784,,100699,100008,100516,100767,100269,100683,100523,,,,,,,,,100241,100182,100654,100388,100641,100015,100189,Liam Nguyen,,,Casey Cohen,LOT-8596,Liam N.,,,Placed but Available,SKU-5733,TAG-7232,,REF-9326,,,Skyler Dorsey,Standard,nina.rossi@demomail.test,Director,Contractor,Pioneer Solutions Inc,Junior,Skyler Rossi,Female,LOT-4943,REF-7099,5125,N,,Jordan Whitfield,Nina Okafor,,Jamie Blake,,Bengaluru,Mexico,Beta,Other,,4971,mei.garcia@examplecorp.test,Mei Patel,Operations,Drew Rossi,Alpha,,SKU-7889,,,,Phoenix,US Evening,,Executive Assistant,Morgan Costa,,,,Other,LOT-4696,Active,Alpha,,7457,5132,2056,,2231,2803,4590,Delta,,7442,8499,Standard,2023-05-17 08:07:00,4922,1022,Other,Alpha,Standard,LOT-4528,1330,9463,2416,8248,4200,Gamma,2026-06-23 23:30:00,1648,6269,Alpha,Delta,Standard,LOT-1424,140,1335,1039,2686,5485,Other,,,,,,,,,,,,,,2026-07-22,1161,9321,,SKU-7171,REF-7657,REF-7547,6629,9316,5078,7923,8893,,2024-12-07,,,,,,,,,,,,,2023-06-07,,,,,SKU-2631,,,,,893,,Gamma,Aligned on billing and renewal terms.
100486,Relay User,101450,quinn.larsson@acme-fake.test,Morgan Patel,2023-10-11 11:06:00,taylor.okafor@examplecorp.test,Elena Sloan,2023-11-22 13:16:00,Alpha,,2025-09-21 22:42:00,,,,Y,SKU-3037,3910,Beta,6847,4010,4565,TAG-3863,Alpha,100632,,,2349,Beta,,,6524,,Gamma,100113,100683,100395,100702,100704,100099,100786,100051,100313,100684,100673,,100601,,,,,,,TAG-7113,SKU-6210,100136,100511,100637,,100750,100189,100403,Reese Blake,,,Casey Sato,REF-1907,Reese B.,,SKU-6161,Not Available,LOT-1222,,,REF-6261,,,Avery Mercer,Alpha,marco.sloan@demomail.test,Manager,Intern,Copper Ventures Group,Lead,Priya Cohen,Female,TAG-8504,REF-4140,,N,,Reese Garcia,Liam Whitfield,,Nina Costa,"235,043",London,United States,Gamma,Standard,,9600,taylor.mercer@demomail.test,Drew Rossi,Human Resources,Aisha Sato,Alpha,,REF-2805,,Reviewed performance and gathered feedback.,Noted a concern to revisit at the next sync.,Phoenix,US Evening,Alpha,QA Engineer,Yara Whitfield,TAG-5195,Performance,Standard,Delta,REF-8732,Inactive,Delta,Noted a concern to revisit at the next sync.,5059,,,Alpha,1090,6084,1305,Other,3222,6638,7666,Gamma,2023-10-09 09:17:00,3986,8303,Alpha,Other,Beta,SKU-7795,1987,6454,4530,4228,4794,Delta,2023-07-31 14:11:00,5783,3320,Beta,Other,Standard,TAG-3838,7846,1750,3997,6365,6056,Other,,,,,,,,,,,,,,2024-09-19,7653,54,Alpha,TAG-7356,TAG-6330,REF-2029,3538,,7640,5878,,Gamma,2023-06-11,,,,,,,,,,,,,2023-12-07,9692,,Beta,REF-7063,,REF-6880,,,,,,,Resolved the outstanding question about scope.
100142,Relay User,101451,nina.larsson@demomail.test,Avery Okafor,2024-06-01 23:41:00,aisha.garcia@examplecorp.test,Nina Nguyen,2025-02-19 23:26:00,Gamma,,2024-05-01 23:06:00,,,,N,REF-4880,5849,Alpha,8775,4731,5503,TAG-3551,Other,100667,100690,,4345,Other,7496,,4860,,Alpha,100239,100241,100654,100462,100434,100099,100685,100310,,,100370,100486,100539,,,,6039,,7550,,,100518,100391,100520,100742,100456,,100447,Fatima Ashby,,,Arjun Haddad,TAG-6807,Fatima A.,Jordan Patel,,Placed,TAG-3047,TAG-5960,,REF-9920,Gamma,,Sofia Reyes,Gamma,sofia.okafor@acme-fake.test,Director,Intern,Ironwood Holdings Inc,Entry,Diego Silva,Non-binary,SKU-7045,TAG-1643,,N,,Aisha Garcia,Diego Ashby,SKU-3805,Noah Reyes,"19,287",Phoenix,Australia,,Delta,Discussed timeline and next steps with the account.,7692,avery.mercer@sampleco.test,Liam Mercer,Recruiting,Marco Patel,Gamma,,TAG-9255,TAG-6660,,Noted a concern to revisit at the next sync.,Denver,US Day,Beta,Recruiter,Morgan Mercer,SKU-5655,,,Gamma,TAG-7888,Active,Delta,,,5504,,Other,3439,7048,7853,Gamma,6058,1799,,,2022-10-31 09:23:00,1827,1035,Beta,Standard,Gamma,TAG-2311,925,5429,24,5817,6230,Alpha,2024-10-07 05:46:00,7657,7024,Standard,Standard,Gamma,SKU-1216,6111,7060,4234,1017,7305,Beta,,,,,,,,,,,,,,2024-09-12,5151,6053,Gamma,,TAG-9292,TAG-4076,4652,1671,3227,7227,,,2024-05-26,,,Gamma,,,,,,,,,,2025-04-08,,,,,,,,5241,,,3444,Gamma,Scheduled a check-in for the coming month.
100755,Relay User,101454,elena.silva@acme-fake.test,Priya Dorsey,2025-12-10 03:27:00,yara.ford@acme-fake.test,Sofia Mercer,2026-03-11 13:49:00,,,2025-03-29 23:44:00,,,,Y,REF-1423,3023,Gamma,9032,340,6338,LOT-9948,Alpha,100518,,TAG-3669,9586,Other,1893,234,4024,,,100079,100496,100565,100368,100620,100424,100301,100408,,,100388,100474,100089,,,Alpha,,4593,,,,100699,100153,100322,,,100386,100484,Rahul Ford,,,Liam Dorsey,TAG-7347,Rahul F.,Yara Silva,,Placed,REF-7839,REF-7027,,SKU-7587,Alpha,,Alex Okafor,Beta,noah.rossi@sampleco.test,Individual Contributor,Part-Time,Keystone Retail Ltd,Entry,Jamie Larsson,Female,SKU-9055,TAG-3994,7597,Y,,Drew Haddad,Arjun Dorsey,,,"189,515",Denver,United States,Delta,Alpha,Resolved the outstanding question about scope.,8499,drew.sloan@sampleco.test,Riley Whitfield,Data & Analytics,Priya Cohen,Standard,,REF-6594,TAG-4746,,,Toronto,US Day,Alpha,Support Specialist,Fatima Rossi,,Performance,,Standard,LOT-1703,Inactive,Alpha,Reviewed performance and gathered feedback.,,7100,8180,,4494,700,633,Alpha,8141,1317,5592,Gamma,2023-06-27 17:46:00,9283,5174,Standard,Gamma,Standard,SKU-5121,9696,4427,829,5118,1345,Standard,2024-01-29 14:28:00,9916,9123,Other,Delta,Standard,TAG-8214,9231,4500,4064,5721,7059,Beta,,,,,,,,,,,,,,2024-07-10,4565,,Beta,REF-5202,LOT-7692,,9872,7188,2114,3396,,,2026-07-22,,,,,,,,,,,,,2024-10-13,,3684,,LOT-4661,,TAG-8704,25,7118,,2036,2591,,Resolved the outstanding question about scope.
100735,Relay User,101455,omar.ashby@sampleco.test,Elena Blake,2023-04-16 21:27:00,casey.okafor@sampleco.test,Elena Mercer,2025-01-02 23:47:00,Standard,Liam Ivanov,2023-10-03 19:31:00,,,,Y,REF-8782,4100,Delta,9838,2688,3160,SKU-9125,Beta,100503,100628,,1241,Gamma,9831,2208,8215,LOT-9742,Other,100189,100008,100164,100345,100475,100076,,100075,100386,100110,,100041,100734,,,Standard,,9112,,,,100180,100106,100376,100746,,100374,100555,Sofia Calder,SKU-5415,,,REF-3906,Sofia C.,Casey Dorsey,SKU-4785,Placed,REF-5882,LOT-1581,,REF-2583,,,Sofia Ford,Delta,aisha.ivanov@examplecorp.test,Individual Contributor,Part-Time,Blue Ridge Foods LLP,Junior,Taylor Cohen,Male,REF-3844,REF-1739,,Y,,Rahul Sloan,Arjun Silva,,Reese Garcia,,Mumbai,India,Alpha,Other,Scheduled a check-in for the coming month.,,nina.nguyen@sampleco.test,Morgan Mensah,Finance,Elena Cohen,Gamma,,SKU-2941,,,Discussed timeline and next steps with the account.,Denver,US Day,Standard,Recruiter,Sofia Mensah,SKU-5485,,,Standard,REF-4175,Active,Gamma,,6539,,,Delta,8949,8248,1556,Alpha,6179,5744,6066,Standard,2026-04-02 02:15:00,9829,5768,Other,Other,Standard,LOT-3853,6655,5320,4284,5525,8711,Gamma,2024-12-29 11:53:00,3754,4469,Delta,Alpha,Other,LOT-8128,424,2832,7888,1627,6366,Gamma,,,,,,,,,,,,,,2023-10-18,3215,,Alpha,REF-2291,,,9328,9196,4441,9913,1063,Beta,2024-03-21,,,,,,,,,,,,,2025-12-20,,,,SKU-8315,LOT-6717,,4256,,,6677,2415,Other,Followed up on the open items from last week.
100236,Relay User,101457,quinn.sato@sampleco.test,Elena Rossi,2023-06-13 17:55:00,rahul.vance@demomail.test,Priya Vance,2024-01-17 13:21:00,,Sofia Reyes,2025-08-03 01:35:00,,,,Y,TAG-6143,4849,Other,4974,8318,7615,SKU-3368,Gamma,100429,100670,TAG-2923,,Standard,8472,8671,8255,SKU-8168,,100485,100063,100142,100722,100293,100366,100126,100555,100717,100178,100486,,100041,,,,7656,,8211,SKU-7766,,100513,100280,100765,100245,100319,,100421,Reese Larsson,,,Quinn Ford,SKU-8083,Reese L.,Omar Sato,LOT-5178,Placed,,,,LOT-1494,Beta,,Chen Sloan,Standard,avery.okafor@demomail.test,Individual Contributor,Intern,Harbor Dynamics Inc,Lead,Chen Mensah,Non-binary,TAG-2702,REF-2292,8464,N,LOT-1616,Casey Reyes,Quinn Reyes,,Jamie Sato,"61,335",Austin,Germany,Alpha,Alpha,Resolved the outstanding question about scope.,,diego.whitfield@acme-fake.test,Chen Ivanov,Accounting,Omar Garcia,Standard,,REF-6467,,,Reviewed performance and gathered feedback.,Mumbai,US Day,Standard,Recruiter,Quinn Brooks,TAG-2303,Restructuring,Delta,Beta,SKU-9986,Inactive,Beta,,,,142,,8339,3215,6049,Standard,5540,,,Other,2026-05-19 20:49:00,2221,4767,Gamma,Standard,Delta,TAG-2603,5335,6256,7542,2802,5303,Alpha,2024-03-21 20:10:00,2092,4899,Beta,Alpha,Standard,TAG-1937,5907,1626,852,1029,7911,Delta,,,,,,,,,,,,,,2025-06-19,993,7164,Alpha,,SKU-5559,SKU-6805,8526,8905,,4299,6491,Beta,2024-03-05,,,,,,,,,,,,,2025-10-10,4582,2006,,,,,6979,6707,2955,6052,,Standard,Reviewed performance and gathered feedback.
100282,Relay User,101458,emerson.sato@acme-fake.test,Jordan Okafor,2024-07-11 00:47:00,avery.calder@sampleco.test,Sofia Garcia,2023-06-24 16:50:00,,,2024-12-31 20:00:00,,,,N,REF-8062,8720,Alpha,8943,1105,7476,LOT-8531,Beta,100784,100224,,,,6560,1336,6106,,,100749,100597,100497,100229,100113,100041,100652,100186,100172,100715,,100454,100069,,7735,,,,,,,100200,100037,100042,100539,,100712,100632,Chen Blake,,,,,Chen B.,Jamie Whitfield,TAG-5034,Available,REF-5589,,,LOT-9040,,,Sofia Ivanov,Alpha,liam.rossi@demomail.test,Team Lead,Intern,Brightpath Retail Ltd,Lead,Rowan Reyes,Female,TAG-5204,SKU-8150,6491,N,LOT-4481,Yara Ashby,Quinn Larsson,TAG-8217,Morgan Mensah,"203,184",Bengaluru,Australia,Beta,Standard,,4537,marco.nguyen@sampleco.test,Skyler Brooks,Sales,Elena Reyes,Gamma,,LOT-4829,,,,Atlanta,Flexible,Beta,Customer Success Manager,Mei Whitfield,LOT-1363,,,Standard,LOT-6467,Active,Standard,,9520,,,,6566,8881,2223,Other,8419,2041,4140,Standard,2026-02-24 20:41:00,3730,6351,Delta,Beta,Standard,LOT-1193,4215,3856,6722,8890,5138,Standard,2026-03-21 12:24:00,2691,5821,Delta,Delta,Standard,REF-6577,5067,8332,5704,1934,1701,Gamma,,,,,,,,,,,,,,2024-10-05,6695,7741,Beta,REF-2445,REF-9522,,5685,7639,6357,1026,7576,,2025-07-29,,,,,,,,,,,,,2025-11-10,,,,TAG-5366,TAG-6151,,,,9031,3454,389,,Reviewed performance and gathered feedback.
100726,Relay User,101461,fatima.costa@examplecorp.test,Chen Brooks,2023-04-28 08:53:00,fatima.patel@demomail.test,Skyler Ashby,2024-03-27 22:56:00,Delta,Diego Blake,2024-06-14 01:35:00,,,,Y,SKU-4620,8374,Beta,8906,3018,9517,SKU-6787,Alpha,100702,100692,,5396,,7225,,7196,REF-4122,Other,100120,100622,100239,100702,100692,100319,100245,100672,,100056,,,100746,TAG-6127,,,,,2088,,,100767,100389,100538,100405,100073,100607,100192,Riley Reyes,,,Aisha Sloan,,Riley R.,Diego Kim,,Not Available,SKU-4259,TAG-6534,,SKU-9404,Beta,,Casey Ford,Beta,liam.blake@acme-fake.test,Director,Intern,Lakeside Partners LLP,Junior,Arjun Sloan,Prefer not to say,REF-1149,TAG-2820,8323,N,REF-6227,Alex Sato,Arjun Brooks,,Jordan Rossi,,Atlanta,Germany,Other,Delta,,8774,casey.costa@examplecorp.test,Yara Okafor,Human Resources,,Standard,,LOT-4279,SKU-7494,,,Toronto,US Evening,Beta,Data Analyst,Skyler Brooks,,,,Beta,TAG-3833,Active,Other,,9927,,,,6445,9078,6425,Other,8497,,,Beta,2025-06-29 17:19:00,7901,739,Alpha,Delta,Other,LOT-6577,268,2648,1832,7531,6490,Alpha,2026-01-18 04:21:00,6402,2619,Delta,Other,Other,TAG-8714,7941,4515,8002,1681,5154,Alpha,,,,,,,,,,,,,,2025-05-01,,1721,Alpha,LOT-6413,,REF-5548,1888,1374,5216,,,Beta,2025-03-13,,,,,,,,,,,,,2025-09-23,,,,SKU-2898,,,,,,1379,836,Delta,Scheduled a check-in for the coming month.
100607,Relay User,101463,reese.haddad@examplecorp.test,Diego Silva,2023-08-28 08:46:00,taylor.ford@examplecorp.test,Drew Patel,2025-08-19 01:48:00,Standard,Marco Sloan,2023-09-30 22:19:00,,,,N,LOT-6277,3653,Gamma,3116,1385,6188,TAG-1480,Beta,100128,100755,SKU-6402,6100,,4122,2764,,REF-7535,,100060,100426,100617,100049,100161,100424,100288,100020,100585,100180,100020,100184,100164,,,Beta,4124,7254,,TAG-7333,TAG-6862,100029,100777,100755,100255,100658,100156,100188,Jamie Patel,,,,SKU-3735,Jamie P.,Avery Kim,SKU-6897,N/A,,,TAG-5845,SKU-5332,Alpha,,Chen Mensah,Gamma,alex.ashby@examplecorp.test,Manager,Full-Time,Brightpath Partners,Senior,Jamie Garcia,Non-binary,LOT-9045,REF-4642,,Y,SKU-5672,Nina Reyes,Casey Dorsey,,Fatima Ashby,,Denver,United States,Gamma,Standard,Reviewed performance and gathered feedback.,,sofia.nguyen@acme-fake.test,Reese Blake,Marketing,Taylor Ford,Other,,REF-1025,,,,Austin,US Evening,Beta,Data Analyst,Quinn Dorsey,LOT-1122,Restructuring,,Delta,LOT-6487,Inactive,Beta,,8836,,,,3367,2153,369,Standard,4750,,6456,,2022-12-06 08:01:00,132,8177,Gamma,Alpha,Other,REF-7687,5447,3926,5542,2275,1629,Beta,2025-02-20 14:54:00,6168,8177,Gamma,Other,Gamma,TAG-8641,1037,3632,3114,1060,6932,Beta,,,,,,,,,,,,,,2023-08-22,,3285,Gamma,SKU-4377,,TAG-7005,6327,3427,5681,,4819,Delta,2024-02-24,,,,Gamma,,,,,,,,,2023-11-28,1520,,Alpha,LOT-1556,,,,,6130,,1315,,Noted a concern to revisit at the next sync.
100388,Relay User,101466,diego.patel@examplecorp.test,Elena Reyes,2022-10-04 21:28:00,aisha.sato@examplecorp.test,Liam Cohen,2024-06-18 02:29:00,Standard,,2026-03-22 17:36:00,,,,N,TAG-5563,9166,Beta,5629,4182,9496,TAG-6663,Standard,100083,100421,LOT-9859,5255,Delta,9280,,4883,,Gamma,100625,100456,100389,100692,100023,100319,100520,100216,,100526,100798,,100153,,2682,,,5705,,,,,100090,100637,,100542,,100182,Aisha Garcia,,,Riley Garcia,TAG-1448,Aisha G.,Noah Okafor,,Placed,REF-5859,,,SKU-3158,Gamma,,Nina Haddad,Alpha,sofia.larsson@examplecorp.test,Team Lead,Contractor,Horizon Foods Co,Entry,Liam Mercer,Male,SKU-2873,TAG-1423,4248,N,SKU-8907,Chen Calder,Sofia Rossi,,Casey Ford,"199,061",London,United States,Standard,Beta,,7051,taylor.dorsey@sampleco.test,Elena Ford,Human Resources,Taylor Whitfield,Gamma,,SKU-2705,,,,Bengaluru,US Evening,Standard,Data Analyst,Noah Reyes,SKU-2887,,,Standard,REF-6976,Active,Beta,,,,,,6709,7210,8088,Alpha,,3425,,Standard,2025-12-21 13:16:00,528,6765,Beta,Delta,Delta,TAG-3593,5647,1260,4754,3811,2687,Alpha,2026-01-29 16:21:00,1849,4121,Gamma,Standard,Other,SKU-5989,5940,2868,2656,6640,1654,Alpha,,,,,,,,,,,,,,2024-12-02,4621,6916,,SKU-9025,REF-5262,TAG-3111,3429,9511,1046,650,3805,Gamma,2023-07-17,,,,,,,,,,,,,2023-11-13,,9568,Gamma,SKU-7888,SKU-2039,SKU-6027,,,,,1527,Alpha,Aligned on billing and renewal terms.
100735,Relay User,101469,avery.mercer@acme-fake.test,Liam Sato,2023-07-20 23:33:00,skyler.patel@sampleco.test,Quinn Calder,2024-10-12 00:46:00,Gamma,Marco Ivanov,2023-07-23 22:51:00,,,,Y,LOT-5408,2375,Delta,5844,7816,2067,SKU-6716,Gamma,100044,100117,,,,7465,1126,,,Alpha,100649,100509,100560,100658,100551,,100522,100788,100497,100400,,100161,100308,,,,8215,,6843,,SKU-3895,100236,100421,100393,,100009,,100040,Casey Silva,,,Diego Okafor,LOT-8445,Casey S.,Marco Sloan,,Not Available,SKU-1544,,LOT-5120,TAG-4419,,,Liam Ivanov,Beta,priya.whitfield@acme-fake.test,Director,Part-Time,Copper Partners Group,Mid-Level,Omar Patel,Non-binary,LOT-2382,SKU-3091,7554,Y,TAG-8666,Diego Larsson,Nina Larsson,SKU-3217,Liam Rossi,"178,475",Phoenix,United States,,Beta,Shared the updated proposal for review.,,taylor.silva@demomail.test,Fatima Mercer,Software Engineering,,Alpha,,LOT-4796,REF-1489,Noted a concern to revisit at the next sync.,Aligned on billing and renewal terms.,Manila,US Night,Alpha,Bookkeeper,Rahul Vance,,,Alpha,Alpha,LOT-8491,Active,Other,,,,6374,,8278,7682,1304,Alpha,8528,7478,8715,Other,2026-05-13 23:07:00,5081,102,Standard,Gamma,Standard,TAG-8690,8370,3694,4094,3443,9834,Alpha,2026-04-05 18:53:00,6307,6562,Gamma,Standard,Gamma,REF-8661,7600,8678,2051,7944,7190,Gamma,,,,,,,,,,,,,,2024-07-11,429,3854,Alpha,LOT-7716,SKU-2821,REF-7969,4914,7370,8083,5345,8585,Beta,2024-12-29,,,,,,,,,,,,,2024-12-06,,2295,,,LOT-9954,LOT-7864,1027,5421,,,,,Discussed timeline and next steps with the account.
100456,Relay User,101470,riley.reyes@examplecorp.test,Fatima Calder,2025-02-09 16:34:00,jamie.haddad@examplecorp.test,Arjun Rossi,2025-06-14 13:46:00,Other,Reese Haddad,2026-04-02 04:26:00,,,,N,TAG-1264,3738,Other,4493,9337,799,REF-8051,Gamma,100410,100122,SKU-3599,7813,Other,720,9160,7195,LOT-6555,Other,100780,100119,100097,100712,100532,100290,100089,100658,,100613,100031,100356,100704,REF-8168,,,9480,5709,,,,100552,100772,100316,100403,100722,,100139,Marco Kim,,,Sofia Reyes,LOT-3763,Marco K.,Marco Sato,,Placed,TAG-9461,REF-9450,LOT-5414,TAG-8564,Delta,,Riley Garcia,Alpha,riley.okafor@acme-fake.test,Team Lead,Intern,Blue Ridge Health Ltd,Entry,Aisha Okafor,Male,SKU-7038,REF-4740,,N,SKU-6905,Omar Haddad,Jordan Garcia,,,,Atlanta,Germany,Alpha,Gamma,,8322,rowan.calder@acme-fake.test,Noah Blake,Customer Support,Liam Reyes,Alpha,,TAG-3863,,,,London,US Night,Beta,Marketing Coordinator,Mei Mensah,SKU-9270,,,Beta,TAG-6873,Active,Delta,,,,2254,Standard,2985,9173,7817,Standard,3267,6987,,Delta,2024-10-19 05:42:00,1777,704,Standard,Gamma,Standard,REF-3938,6228,9251,8934,3623,8857,Alpha,2026-03-12 08:36:00,2430,5443,Other,Gamma,Beta,LOT-4958,496,9455,6059,7883,7570,Standard,,,,,,,,,,,,,,2023-06-29,7751,7458,Delta,,LOT-6429,LOT-7010,,3876,1789,2881,6550,,2022-11-20,,,,,,,,,,,,,2025-12-02,,,,TAG-1986,REF-8522,,1706,8846,835,,2170,,Discussed timeline and next steps with the account.
100314,Relay User,101471,chen.rossi@sampleco.test,Elena Nguyen,2024-12-13 22:12:00,nina.mensah@examplecorp.test,Morgan Mercer,2026-05-09 10:15:00,Gamma,Rowan Blake,2024-03-31 10:23:00,,,,N,SKU-4479,5108,Gamma,2365,4443,5379,TAG-7711,Alpha,100403,100456,REF-5948,5960,Beta,,3278,,LOT-6644,Alpha,100803,100459,100229,100313,100788,100551,100726,100398,100518,100788,,,100417,LOT-1805,,,,,,SKU-6861,,100667,100418,,100645,100720,100308,100110,Casey Garcia,,,,,Casey G.,Elena Sato,,Coming Soon,,,SKU-1501,LOT-7496,Gamma,,Arjun Okafor,Other,riley.okafor@examplecorp.test,Director,Part-Time,Harbor Energy Corp,Mid-Level,Sofia Mercer,Prefer not to say,SKU-4047,SKU-3358,1805,N,LOT-9037,Casey Reyes,Avery Haddad,,Liam Reyes,"64,070",Chicago,Philippines,Gamma,,,8570,arjun.blake@sampleco.test,Drew Garcia,Recruiting,Mei Rossi,Other,,LOT-9188,,,,Phoenix,US Night,Standard,Executive Assistant,Rahul Ford,,,,Gamma,SKU-9578,Active,Beta,,9624,8041,5201,,6523,1071,7721,Standard,9516,8232,5549,Delta,2024-05-26 19:46:00,444,3080,Alpha,Delta,Alpha,SKU-4659,8946,7444,7997,7172,3218,Standard,2026-07-18 07:19:00,6220,7464,Delta,Other,Gamma,LOT-4847,9784,8587,4935,918,1705,Gamma,,,,,,,,,,,,,,2025-11-01,9344,9109,Other,SKU-6065,,LOT-5892,2552,3252,1021,7384,5179,Alpha,2024-12-26,,,,,,,,,,,,,2024-02-29,,,,SKU-4753,SKU-1543,,,4823,,6888,,Delta,Shared the updated proposal for review.
100185,Relay User,101473,avery.dorsey@examplecorp.test,Elena Larsson,2023-07-01 05:47:00,skyler.mercer@examplecorp.test,Elena Dorsey,2024-01-24 16:20:00,Alpha,,2023-07-24 02:45:00,,,,N,TAG-7935,3170,Other,2185,4370,8674,LOT-2651,Standard,100336,100243,REF-4409,9366,Alpha,,,625,,Beta,100628,100464,100161,100676,100702,100164,100661,100115,,,100485,,100037,,,Alpha,,,,TAG-5496,TAG-3316,,100523,100632,100767,100585,,100060,Reese Brooks,,,,LOT-6938,Reese B.,Chen Rossi,,N/A,,,REF-3201,SKU-3062,,,Jordan Calder,Other,noah.okafor@examplecorp.test,Individual Contributor,Contractor,Silverline Foods Inc,Senior,Fatima Sato,Male,REF-9242,TAG-3582,2066,Y,,Reese Nguyen,Rowan Nguyen,,Skyler Brooks,,Bengaluru,Mexico,Standard,Alpha,,9107,drew.reyes@acme-fake.test,Morgan Costa,Marketing,Mei Larsson,Beta,,TAG-8343,REF-7629,Resolved the outstanding question about scope.,Resolved the outstanding question about scope.,Mumbai,Flexible,Delta,Executive Assistant,Fatima Vance,LOT-9350,,,Beta,REF-8840,Active,Gamma,Scheduled a check-in for the coming month.,,,,,677,8158,2092,Delta,8457,,9660,,2025-03-06 21:20:00,8282,3515,Alpha,Gamma,Alpha,TAG-3102,3759,9977,5923,3548,2840,Standard,2022-10-30 16:55:00,3099,9721,Delta,Gamma,Delta,REF-6227,7741,2310,3372,7763,111,Alpha,,,,,,,,,,,,,,2023-08-23,4866,,Standard,TAG-4973,TAG-9983,,7134,7975,,7008,2771,Alpha,2025-01-30,,,,,,,,,,,,,2022-11-05,719,5243,,,TAG-8505,,,,,5155,,,Resolved the outstanding question about scope.
100236,Relay User,101476,casey.kim@demomail.test,Nina Reyes,2026-01-03 06:43:00,mei.kim@acme-fake.test,Avery Ivanov,2023-02-18 20:45:00,Alpha,Sofia Reyes,2024-09-05 01:38:00,,,,Y,SKU-5158,1982,Standard,4553,7398,9377,TAG-2473,Standard,100634,100122,,3109,,8277,7177,2728,,Alpha,100452,100735,100259,100477,100704,100034,100722,100699,100434,100658,100352,,100620,,,,,,2965,REF-5500,,100784,100171,100280,,,,100223,Alex Brooks,,,Sofia Ford,TAG-4925,Alex B.,,REF-7108,Available,SKU-6112,SKU-4610,,LOT-6115,Gamma,,Alex Whitfield,Alpha,avery.brooks@examplecorp.test,Team Lead,Intern,Lakeside Health LLC,Mid-Level,Skyler Nguyen,Female,TAG-3988,SKU-8375,,Y,LOT-1799,Diego Costa,Casey Mercer,,,,Chicago,United States,,Alpha,,5449,diego.cohen@acme-fake.test,Omar Ford,Recruiting,,Standard,,REF-5860,SKU-4998,,,Toronto,US Night,Beta,Payroll Specialist,Jordan Dorsey,,,,Standard,LOT-3918,Active,Other,,3769,,,,3821,7524,507,Standard,,9318,8909,Delta,2025-05-31 16:56:00,1178,3765,Standard,Alpha,Alpha,TAG-7889,1910,8349,4863,7236,8202,Alpha,2024-09-15 16:35:00,3529,4188,Standard,Other,Other,REF-1808,8335,8999,906,1971,2079,Other,,,,,,,,,,,,,,2025-01-28,,,Alpha,SKU-3289,SKU-2385,REF-6777,8037,6496,1720,381,1964,Standard,2026-06-04,,,,,,,,,,,,,2023-04-10,,2639,,,,LOT-6674,,7441,4699,2666,,,Noted a concern to revisit at the next sync.
100615,Relay User,101479,diego.blake@acme-fake.test,Elena Calder,2023-11-26 00:06:00,drew.blake@sampleco.test,Reese Sato,2024-10-12 10:12:00,Delta,Yara Whitfield,2023-11-04 20:34:00,,,,Y,SKU-9017,1675,Delta,8404,3578,9815,LOT-5688,Alpha,100203,100676,,8901,Beta,7002,4222,,TAG-3726,Alpha,100014,100053,100245,100628,100242,100500,100139,100569,100363,100593,,,100026,REF-7437,7415,,,,,,,100469,100132,100329,100684,100302,100538,100063,Nina Reyes,,,Emerson Ivanov,TAG-1366,Nina R.,Nina Silva,,Not Available,SKU-1182,,,REF-4154,Delta,,Diego Sato,Delta,reese.haddad@acme-fake.test,Team Lead,Full-Time,Ironwood Textiles Co,Senior,Casey Vance,Female,REF-9822,SKU-3198,171,Y,,Priya Reyes,Emerson Ashby,SKU-8636,Chen Mercer,,Bengaluru,Mexico,Delta,Beta,,54,morgan.dorsey@examplecorp.test,Avery Patel,Finance,Emerson Calder,Beta,,REF-7400,,,,Chicago,US Evening,,Operations Associate,Marco Mercer,,,,Standard,REF-3036,Active,Delta,,4889,,4157,,9535,4544,4729,Beta,9211,8981,4186,,2024-10-23 03:36:00,9452,6642,Other,Other,Other,REF-8098,7970,8195,5928,8706,2686,Beta,2024-12-19 02:57:00,8820,1341,Delta,Alpha,Delta,LOT-3022,5612,773,603,3961,866,Alpha,,,,,,,,,,,,,,2025-07-15,,9066,Alpha,TAG-2636,TAG-7996,REF-8319,4796,3598,6353,4566,4263,Standard,2024-09-21,,,,,,,,,,,,,2023-03-04,,,Standard,,,SKU-6428,,,,,,,Resolved the outstanding question about scope.
100319,Relay User,101480,rahul.rossi@examplecorp.test,Elena Reyes,2025-06-13 16:36:00,morgan.haddad@demomail.test,Emerson Blake,2024-07-08 05:53:00,Beta,,2024-02-29 08:29:00,,,,Y,TAG-8867,5818,Other,7711,8190,5,LOT-3851,Alpha,100456,100223,,314,Beta,3713,,,REF-3376,Alpha,100184,100624,100601,100604,100551,100421,,100400,100008,,100153,,100262,,,,,3105,,,LOT-6839,100041,100041,100171,100058,100009,100690,100699,Rowan Silva,TAG-4286,,Chen Ivanov,,Rowan S.,Quinn Mercer,,Not Available,SKU-8778,LOT-9244,,SKU-8522,Other,,Noah Whitfield,Beta,diego.ashby@examplecorp.test,Director,Part-Time,Blue Ridge Networks LLP,Junior,Omar Haddad,Non-binary,REF-2816,REF-2409,3971,N,,Drew Ashby,Marco Haddad,REF-8484,,,Manila,Germany,Beta,Other,Discussed timeline and next steps with the account.,,avery.whitfield@examplecorp.test,Mei Calder,Recruiting,,Other,,SKU-1356,TAG-7012,,Noted a concern to revisit at the next sync.,Seattle,Flexible,Other,Customer Success Manager,Skyler Okafor,TAG-4703,,,Other,SKU-4318,Active,Delta,Shared the updated proposal for review.,5211,3633,,,4753,3829,6535,Standard,3377,5512,1433,Other,2024-05-24 03:17:00,1847,8303,Gamma,Other,Gamma,TAG-2729,4556,9553,2617,865,9409,Standard,2025-03-31 14:49:00,9840,7881,Standard,Other,Gamma,LOT-7425,1566,5466,4195,9342,3934,Beta,,,,,,,,,,,,,,2025-02-09,3056,2,Other,TAG-3803,,,1822,8379,9376,5193,2084,Beta,2026-04-26,,,,,,,,,,,,,2026-03-07,8368,,,TAG-3611,LOT-4325,,,,3530,6979,,,Reviewed performance and gathered feedback.
100692,Relay User,101483,priya.reyes@examplecorp.test,Alex Okafor,2025-06-24 00:40:00,rahul.ivanov@demomail.test,Priya Ivanov,2025-11-20 19:53:00,Delta,,2023-04-12 20:38:00,,,,Y,REF-8589,3248,Gamma,1057,6021,226,SKU-8029,Alpha,100272,100704,LOT-3344,5546,Gamma,2544,327,2835,LOT-3145,Other,100554,100398,100715,100323,100642,100236,100241,100030,,100708,100382,100763,100339,SKU-4165,6672,,2008,6209,,TAG-3699,,100090,100759,100760,100044,100288,100539,100654,Arjun Mercer,,,,TAG-6215,Arjun M.,Yara Whitfield,,Placed,SKU-2622,,LOT-1579,REF-8241,,,Reese Brooks,Other,jordan.rossi@examplecorp.test,Team Lead,Full-Time,Harbor Retail Ltd,Entry,Noah Mercer,Female,SKU-4002,REF-5695,,N,TAG-6158,Casey Ivanov,Aisha Mensah,,Noah Rossi,"96,668",Austin,Mexico,Alpha,Beta,,2141,quinn.rossi@acme-fake.test,Nina Mensah,Sales,Morgan Patel,Standard,,TAG-1960,,,Followed up on the open items from last week.,Manila,US Night,,Support Specialist,Quinn Larsson,,Client Request,,Beta,LOT-3632,Inactive,Alpha,Scheduled a check-in for the coming month.,,9586,,,4282,5466,6026,Beta,,5124,2295,Beta,2025-07-06 15:53:00,7787,5136,Gamma,Alpha,Other,TAG-5228,2779,3339,3965,6286,6575,Delta,2022-10-29 19:41:00,197,5587,Other,Beta,Alpha,SKU-6762,3088,7910,2315,9205,4671,Standard,,,,,,,,,,,,,,2023-05-07,468,4615,Gamma,SKU-2477,SKU-1846,REF-8171,8050,,,695,933,Beta,2023-12-02,,,,,,,,,,,,,2025-06-21,,,,,TAG-5376,REF-4488,,2985,7791,,6867,,Scheduled a check-in for the coming month.
100582,Relay User,101484,quinn.rossi@demomail.test,Priya Brooks,2023-08-13 10:22:00,aisha.calder@demomail.test,Morgan Reyes,2026-07-18 18:49:00,Alpha,,2025-06-18 10:52:00,,,,Y,REF-3975,2333,Beta,6668,8221,7311,REF-6285,Delta,100123,100224,SKU-1476,3324,Gamma,6347,8306,5140,LOT-9483,Other,100720,100625,100658,100286,100171,100360,100113,100053,,100634,100516,100322,100487,,,,,8346,,TAG-7528,,100627,100334,100494,100771,,,100400,Quinn Costa,,,Arjun Kim,LOT-1796,Quinn C.,Arjun Patel,,Placed,SKU-4745,SKU-3820,,LOT-5171,Gamma,Standard,Fatima Patel,Beta,jamie.patel@examplecorp.test,Director,Contractor,Meridian Energy LLC,Mid-Level,Morgan Garcia,Male,SKU-1527,TAG-5859,3968,Y,TAG-3785,Yara Mercer,Riley Kim,,,,Seattle,Australia,Beta,Other,,897,casey.sato@sampleco.test,Taylor Ivanov,Finance,Noah Vance,Other,,SKU-6482,,Scheduled a check-in for the coming month.,Shared the updated proposal for review.,Austin,US Night,Alpha,Recruiter,Skyler Larsson,LOT-4231,,,Alpha,LOT-1790,Active,Gamma,,,,,,6154,7488,6496,Alpha,,3478,,Alpha,2025-12-18 08:59:00,9352,3239,Standard,Standard,Beta,REF-8960,1333,5357,93,861,1916,Other,2024-10-15 15:20:00,6949,2613,Gamma,Beta,Delta,SKU-4679,5121,5867,814,9269,8495,Alpha,,,,,,,,,,,,,,2025-01-02,4575,1594,,,REF-6641,TAG-2917,3160,,2174,2705,3271,Beta,2024-10-12,,,,,,,,,,,,,2026-05-28,5462,,,TAG-8851,TAG-4305,TAG-4772,,1781,,,,,Resolved the outstanding question about scope.
100638,Relay User,101485,nina.mercer@sampleco.test,Arjun Ford,2022-10-16 10:03:00,quinn.kim@demomail.test,Emerson Sato,2023-04-04 01:44:00,Standard,Skyler Costa,2024-12-23 06:39:00,,,,N,SKU-1053,4132,Beta,2948,1444,3064,TAG-5446,Alpha,100051,,LOT-8999,,,672,164,2351,REF-3829,Gamma,100487,100582,100734,100734,100738,100522,100585,100351,,100336,100720,,100008,,2710,,,,,,SKU-8852,100676,100459,100800,100208,100429,100686,100203,Jordan Nguyen,,,,REF-3008,Jordan N.,Riley Mercer,REF-4964,Placed,SKU-9612,TAG-4898,REF-5246,SKU-9952,Beta,Beta,Arjun Costa,Standard,jordan.nguyen@sampleco.test,Director,Contractor,Ironwood Logistics LLP,Junior,Yara Mercer,Prefer not to say,TAG-7525,REF-5149,1231,N,,Chen Mercer,Jamie Reyes,,Casey Ford,,Atlanta,Canada,Alpha,Standard,Aligned on billing and renewal terms.,5527,avery.nguyen@demomail.test,Yara Haddad,Accounting,Reese Blake,Alpha,,LOT-9839,,,Shared the updated proposal for review.,Toronto,US Day,Gamma,Marketing Coordinator,Priya Okafor,,,,Gamma,SKU-5120,Active,Gamma,,,,,Alpha,2562,6425,9593,Standard,5703,9483,,,2023-08-08 03:53:00,8216,2433,Gamma,Standard,Standard,SKU-8495,8047,4798,4032,4342,8871,Beta,2023-01-27 20:14:00,3165,9864,Gamma,Gamma,Delta,SKU-6944,9116,3068,4424,2654,4147,Standard,,,,,,,,,,,,,,2025-11-24,,7851,,SKU-8559,,,2759,3730,4470,92,9754,Gamma,2023-01-06,,,,,,,,,,,,,2023-10-10,,5027,Gamma,REF-5224,TAG-2600,TAG-9770,5961,8571,,,,Alpha,Reviewed performance and gathered feedback.
100579,Relay User,101486,quinn.cohen@demomail.test,Jordan Costa,2024-03-18 01:37:00,priya.cohen@examplecorp.test,Liam Blake,2024-12-25 16:47:00,Beta,Arjun Mensah,2026-07-18 13:08:00,,,,N,TAG-6405,6113,Beta,2123,4093,4787,REF-3663,Delta,100173,100066,LOT-4174,,Standard,,6518,,LOT-6725,Gamma,100800,100517,100393,100517,100731,100115,100016,100464,100560,100538,100588,,100455,REF-8025,985,,,8474,,REF-5371,,100702,100142,100262,,100616,100086,100220,Drew Vance,,,Emerson Cohen,TAG-7482,Drew V.,Casey Ford,,Placed,,LOT-1561,,REF-1924,Alpha,,Priya Mercer,Delta,quinn.ivanov@sampleco.test,Manager,Intern,Pioneer Capital LLC,Mid-Level,Casey Silva,Non-binary,REF-2840,TAG-7001,5176,Y,TAG-7782,Drew Haddad,Casey Patel,,Elena Ashby,,Atlanta,Germany,Gamma,Standard,,3846,rowan.brooks@sampleco.test,Elena Larsson,Accounting,,Alpha,,TAG-8127,,,,Denver,US Evening,Alpha,Software Developer,Chen Blake,SKU-6484,,,Beta,REF-1384,Active,Beta,,,,3994,Standard,4558,8821,6148,Delta,4623,4932,1626,Alpha,2025-12-20 03:27:00,4799,9782,Delta,Delta,Gamma,SKU-1739,6174,6673,4499,8479,6059,Gamma,2025-04-20 02:57:00,3372,1962,Alpha,Beta,Standard,LOT-1456,6693,1919,1913,114,1380,Other,,,,,,,,,,,,,,2023-07-06,,2342,Other,REF-8746,TAG-5327,SKU-5904,8606,6885,,3713,2982,,2024-12-02,,,,,,,,,,,,,2026-07-20,,,Standard,,REF-9466,,2756,,2286,,6051,Alpha,Discussed timeline and next steps with the account.
100195,Relay User,101487,reese.reyes@examplecorp.test,Mei Sato,2024-12-30 15:45:00,emerson.ford@demomail.test,Omar Ivanov,2024-08-12 17:48:00,Gamma,Marco Okafor,2025-05-15 03:55:00,,,,Y,LOT-5728,2705,Alpha,550,8562,6776,TAG-9694,Delta,100363,100142,REF-1596,,Delta,9498,8060,,SKU-6135,Alpha,100774,100049,100767,100091,100705,100717,100132,100637,100702,100295,100479,100563,100429,,1441,,,245,,,,100206,100469,100520,,,,100302,Priya Reyes,REF-6003,,Marco Ashby,SKU-1854,Priya R.,Alex Vance,,Available,REF-9830,,,TAG-1287,Standard,,Jordan Reyes,Alpha,elena.dorsey@demomail.test,Manager,Full-Time,Granite Group Group,Senior,Skyler Mercer,Prefer not to say,SKU-6711,TAG-5096,,Y,,Alex Haddad,Arjun Okafor,,,"133,983",Austin,Canada,,Other,,2807,chen.patel@acme-fake.test,Jordan Dorsey,Accounting,Omar Reyes,Beta,,TAG-2903,LOT-2987,,,Atlanta,US Night,Standard,Operations Associate,Diego Sloan,LOT-9539,Voluntary Resignation,Beta,Gamma,REF-9837,Inactive,Delta,,1155,,,,5124,238,5916,Beta,119,3440,453,Gamma,2026-01-29 11:56:00,6705,9274,Alpha,Alpha,Delta,TAG-7450,4921,8222,2333,570,1376,Gamma,2023-03-15 00:37:00,4886,5770,Standard,Standard,Standard,REF-8341,4925,3448,5507,378,2231,Delta,,,,,,,,,,,,,,2026-01-21,7384,8961,Beta,,LOT-4528,TAG-3267,,3493,5246,,4699,Gamma,2023-12-16,,,,,,,,,,,,,2026-04-23,,5161,Beta,,,SKU-5303,9171,699,,,,,Aligned on billing and renewal terms.
100490,Relay User,101489,marco.haddad@demomail.test,Jordan Ivanov,2023-03-27 15:26:00,fatima.whitfield@sampleco.test,Marco Haddad,2023-05-23 23:42:00,Gamma,Fatima Patel,2026-07-26 12:36:00,,,,N,TAG-6722,1957,Delta,7770,905,6979,TAG-2376,Other,100620,100569,REF-2207,4730,Beta,717,8565,1818,,Beta,100398,100440,100462,100005,100527,100251,,100645,100236,100141,100616,100786,,,6841,,,,,LOT-6580,,100293,100344,100560,100646,100479,100467,100094,Drew Reyes,,,,REF-5657,Drew R.,Chen Larsson,LOT-8124,Placed,,,,TAG-1938,Beta,,Nina Calder,Gamma,skyler.reyes@demomail.test,Team Lead,Full-Time,Redwood Media LLC,Junior,Jamie Vance,Female,TAG-5938,SKU-4488,4229,Y,REF-3214,Rahul Reyes,Jordan Larsson,,Fatima Okafor,,Mumbai,Australia,Delta,Other,,2795,noah.okafor@demomail.test,Jamie Blake,Marketing,Mei Brooks,Standard,,TAG-5377,REF-9594,,,Bengaluru,US Evening,Delta,Payroll Specialist,Rowan Mercer,REF-1545,,Beta,Gamma,TAG-5841,Active,Standard,,2070,,2102,,1742,4110,5133,Other,5784,8123,1439,Gamma,2025-01-06 13:57:00,7745,3460,Standard,Standard,Standard,SKU-9637,8344,9183,7327,3482,3837,Delta,2024-02-29 22:17:00,1435,1526,Alpha,Delta,Standard,SKU-2977,2887,6408,2104,5284,6672,Other,,,,,,,,,,,,,,2023-10-01,,8799,,TAG-3402,REF-5037,SKU-7334,,5324,4567,207,7533,Standard,2025-11-21,,,,,,,,,,,,,2024-02-18,5826,4432,Alpha,,TAG-1109,,7506,,1828,7171,,,Aligned on billing and renewal terms.
100037,Relay User,101491,emerson.ivanov@examplecorp.test,Rahul Mensah,2024-08-11 15:35:00,chen.sato@acme-fake.test,Elena Ivanov,2024-01-11 21:43:00,Other,Marco Patel,2026-04-08 13:11:00,,,,Y,TAG-6084,6840,Other,3025,5439,2744,SKU-4512,Delta,100759,100265,LOT-6732,7494,,9844,,6738,LOT-9102,Beta,100171,100413,100314,100415,100185,100593,,100224,,,100482,,,SKU-9295,,Delta,6568,1356,2643,REF-4402,SKU-4740,100780,100632,,100531,100551,,100468,Arjun Sloan,,,Noah Nguyen,SKU-6629,Arjun S.,,,Coming Soon,TAG-7548,,,TAG-6481,Gamma,,Drew Sloan,Delta,arjun.rossi@sampleco.test,Manager,Contractor,Redwood Retail Group,Mid-Level,Morgan Vance,Non-binary,REF-6054,LOT-7850,1300,N,,Arjun Cohen,Casey Kim,,Fatima Reyes,"177,292",Mumbai,United Kingdom,Alpha,Alpha,Followed up on the open items from last week.,5451,casey.mensah@demomail.test,Sofia Brooks,Sales,,Gamma,,SKU-6529,,,Discussed timeline and next steps with the account.,Dallas,US Evening,Standard,QA Engineer,Rowan Brooks,,,,Delta,LOT-8597,Active,Delta,,4445,3665,,,1090,7009,2543,Standard,327,,,,2023-03-21 08:07:00,9419,8455,Gamma,Alpha,Gamma,SKU-9669,3546,9186,3956,2703,3807,Beta,2024-12-10 19:47:00,8307,3883,Alpha,Alpha,Beta,SKU-8812,9469,4978,8276,567,4674,Gamma,,,,,,,,,,,,,,2025-08-18,,6073,Other,LOT-1983,REF-3121,SKU-2788,7937,,7720,8222,3828,Delta,2023-12-30,,,,,,,,,,,,,2024-01-29,,4668,Other,,,,,,,,,,Discussed timeline and next steps with the account.
100620,Relay User,101493,morgan.cohen@sampleco.test,Rowan Brooks,2024-02-17 03:41:00,reese.whitfield@examplecorp.test,Morgan Rossi,2023-08-24 08:07:00,Standard,,2024-11-06 19:59:00,,,,N,SKU-8866,2232,Alpha,8441,7334,2240,LOT-8947,Other,100620,100223,LOT-4240,7235,Delta,2462,4312,,,Standard,100777,100717,100091,100774,100518,100429,100213,100548,,100503,100302,,100631,SKU-3484,9408,,,4616,,,TAG-5387,100704,,100136,,,100467,100141,Noah Mercer,,,Noah Brooks,SKU-1155,Noah M.,Aisha Larsson,,Coming Soon,,,LOT-3085,SKU-5417,Alpha,,Skyler Kim,Standard,nina.okafor@demomail.test,Team Lead,Part-Time,Harbor Media Inc,Mid-Level,Riley Ashby,Prefer not to say,TAG-2520,REF-1852,2992,Y,SKU-6674,Avery Whitfield,Rahul Blake,,Marco Vance,,Phoenix,Canada,Delta,Alpha,Shared the updated proposal for review.,9122,yara.cohen@sampleco.test,Fatima Kim,Accounting,Skyler Brooks,Delta,,TAG-9992,,,,Toronto,Flexible,Other,Marketing Coordinator,Riley Brooks,LOT-4489,,,Delta,REF-5289,Active,Other,Followed up on the open items from last week.,,,8088,Alpha,3762,9542,3044,Delta,,6348,91,Delta,2025-12-19 16:43:00,5686,9217,Alpha,Delta,Alpha,REF-7389,5484,7838,8825,7546,5189,Delta,2025-05-11 10:26:00,6499,7367,Alpha,Standard,Gamma,TAG-3651,5440,3277,3098,2861,2211,Delta,,,,,,,,,,,,,,2023-05-09,1285,6748,Delta,SKU-4124,SKU-6802,REF-7025,,189,5566,8165,8279,Alpha,2026-02-28,,,,,,,,,,,,,2024-07-13,,,Standard,,REF-8867,,1531,1070,4106,6709,,,Resolved the outstanding question about scope.
100295,Relay User,101496,drew.patel@acme-fake.test,Arjun Vance,2025-04-26 08:05:00,jamie.larsson@sampleco.test,Avery Cohen,2024-09-19 05:57:00,Delta,,2026-06-02 14:02:00,,,,N,REF-4844,371,Beta,4165,8244,6598,TAG-2854,Beta,100083,100765,,6405,,,2054,39,,,100568,100543,100770,100340,100532,100224,,100281,,100329,,100301,100500,REF-8762,,,,9593,,,,100016,100702,100607,,100494,100232,100079,Reese Sloan,,,Sofia Mensah,SKU-3266,Reese S.,,,Placed but Available,TAG-6857,,,LOT-1854,Standard,,Jamie Vance,Beta,casey.larsson@demomail.test,Manager,Contractor,Silverline Analytics LLC,Senior,Sofia Mensah,Female,TAG-2721,LOT-1854,5970,N,,Avery Reyes,Skyler Sloan,TAG-5700,Avery Calder,"9,114",Chicago,Mexico,Beta,,Reviewed performance and gathered feedback.,896,fatima.larsson@examplecorp.test,Riley Mercer,Accounting,Noah Larsson,Delta,,LOT-1283,,,Resolved the outstanding question about scope.,Austin,US Night,Beta,Bookkeeper,Rowan Mercer,,,Beta,Standard,REF-1291,Active,Gamma,Followed up on the open items from last week.,2285,,,,6574,2457,4192,Alpha,9993,,,Delta,2022-10-02 09:51:00,9633,7345,Delta,Delta,Beta,REF-4739,9962,362,9698,5076,6647,Beta,2024-01-03 22:56:00,5512,2399,Other,Other,Standard,REF-8024,7133,8349,1052,9382,6366,Alpha,,,,,,,,,,,,,,2025-03-29,,4559,Other,TAG-9496,,LOT-5146,,,5600,6888,9229,Other,2025-01-11,,,,,,,,,,,,,2024-08-08,,,,LOT-3540,REF-8729,,,,,3534,,Gamma,Resolved the outstanding question about scope.
100445,Relay User,101497,nina.kim@sampleco.test,Noah Dorsey,2025-01-14 19:08:00,morgan.ivanov@examplecorp.test,Marco Sato,2025-11-18 07:45:00,Alpha,Quinn Garcia,2025-07-03 03:18:00,,,,N,LOT-8010,1482,Beta,2445,50,2719,REF-8267,Gamma,100164,100777,,6710,,7293,4910,,LOT-4894,,100459,100223,100075,100236,100712,100099,100803,100172,100172,,100445,100115,100235,,,,,,4901,REF-8443,SKU-9956,,100356,100044,,100097,,100248,Omar Ford,SKU-4223,,Rowan Larsson,,Omar F.,Riley Nguyen,SKU-5104,Available,LOT-1421,,,TAG-9491,Alpha,,Taylor Sloan,Alpha,drew.kim@acme-fake.test,Team Lead,Part-Time,Horizon Holdings Ltd,Mid-Level,Taylor Brooks,Female,LOT-3795,TAG-1187,3852,N,TAG-5493,Diego Mercer,Riley Mercer,,Rahul Mensah,,Phoenix,Germany,Other,Beta,Followed up on the open items from last week.,2592,marco.okafor@demomail.test,Mei Costa,Sales,Jamie Patel,Other,,REF-6418,,,Aligned on billing and renewal terms.,Mumbai,US Day,Gamma,Recruiter,Riley Okafor,,,,Standard,SKU-6533,Active,Standard,Discussed timeline and next steps with the account.,8625,,,Delta,2425,8372,9968,Alpha,1824,1484,3136,Alpha,2023-01-29 13:15:00,8697,2307,Beta,Alpha,Beta,TAG-3470,6420,4947,3009,7046,2990,Standard,2025-02-12 22:52:00,1932,9199,Standard,Alpha,Gamma,TAG-1760,7840,6607,357,1735,5936,Other,,,,,,,,,,,,,,2024-04-16,2439,4043,Delta,REF-8729,LOT-1259,,5128,7819,,4621,2801,Gamma,2024-05-08,,,,,,,,,,,,,2025-02-12,,6011,,,TAG-5251,LOT-4433,4229,6259,,,3366,,Noted a concern to revisit at the next sync.
100281,Relay User,101498,alex.costa@sampleco.test,Rahul Okafor,2025-03-11 11:43:00,morgan.cohen@acme-fake.test,Emerson Calder,2023-02-01 09:00:00,Standard,,2025-02-20 14:10:00,,,,Y,LOT-4229,7307,Other,1098,1076,2126,REF-8613,Gamma,100479,100681,SKU-8845,7224,Alpha,8337,2319,8128,,Gamma,100496,100742,100336,100546,100177,100122,100620,100122,100661,100511,100624,,100203,,,,6588,,,TAG-5124,REF-1382,100254,100009,100265,,,,100634,Elena Patel,,,,,Elena P.,Rowan Rossi,SKU-8476,Available,REF-9567,TAG-6916,,SKU-1755,Beta,,Priya Cohen,Beta,noah.ford@sampleco.test,Team Lead,Contractor,Brightpath Industries Ltd,Mid-Level,Casey Okafor,Female,REF-6060,REF-9229,9768,Y,,,Rowan Cohen,,Marco Haddad,,London,Germany,,,,7919,riley.silva@sampleco.test,Mei Mensah,Human Resources,Nina Vance,Delta,,TAG-9840,LOT-5100,,,Bengaluru,US Night,Alpha,Marketing Coordinator,Mei Cohen,,Relocation,,Delta,REF-8281,Inactive,Alpha,,,140,,Beta,4128,3408,1398,Alpha,,,2856,Standard,2025-07-16 22:14:00,4024,830,Alpha,Gamma,Gamma,SKU-6735,8150,801,5265,9560,176,Beta,2026-03-23 17:51:00,5718,2055,Delta,Standard,Beta,SKU-4138,6863,9188,3176,9897,6524,Gamma,,,,,,,,,,,,,,2023-04-10,2980,4664,Standard,SKU-9780,TAG-5467,TAG-7041,6276,,,594,9074,Standard,2025-03-06,,,,,,,,,,,,,2023-08-15,7284,,Delta,,REF-3480,,,,,,,Standard,Aligned on billing and renewal terms.
100015,Relay User,101499,chen.brooks@examplecorp.test,Diego Patel,2025-09-23 08:13:00,diego.mensah@acme-fake.test,Diego Ford,2025-07-05 22:16:00,Alpha,Fatima Ford,2024-04-27 14:12:00,,,,N,SKU-3798,3854,Alpha,9285,6091,9459,LOT-9646,Delta,100482,100094,SKU-2147,9202,,9597,,9467,SKU-9030,Gamma,100058,100034,100232,100333,100142,100083,100694,100482,,,100070,100291,100684,,,,,6433,7120,,TAG-2772,100280,100169,100037,,,,100490,Quinn Vance,,,,TAG-3498,Quinn V.,Omar Brooks,REF-8461,Not Available,SKU-9935,,LOT-1033,REF-7059,Gamma,,Diego Sato,Delta,nina.silva@examplecorp.test,Manager,Contractor,Everest Financial LLC,Senior,Marco Blake,Male,LOT-2403,REF-3261,7588,N,TAG-4241,Sofia Costa,Aisha Calder,,Quinn Dorsey,"3,992",Bengaluru,Mexico,Beta,Other,Shared the updated proposal for review.,2119,arjun.ford@sampleco.test,Priya Sato,Sales,,Other,,REF-9162,,,,Mumbai,Flexible,Beta,Accountant,Aisha Vance,LOT-5678,Relocation,,Gamma,TAG-8475,Inactive,Other,,,3690,,Other,9068,3622,3709,Standard,4295,,,,2024-10-15 11:52:00,8425,6413,Delta,Gamma,Standard,SKU-8538,5512,2394,1519,1609,5203,Alpha,2024-01-26 18:17:00,1785,3330,Gamma,Delta,Beta,TAG-9585,8519,890,3028,450,2663,Gamma,,,,,,,,,,,,,,2023-12-25,3263,9110,,LOT-3394,,REF-3921,1265,3773,3361,,3016,Gamma,2026-01-29,,,,,,,,,,,,,2025-12-12,7716,,,LOT-3740,,,8658,5171,,9872,,Gamma,Reviewed performance and gathered feedback.
100717,Relay User,101501,diego.whitfield@examplecorp.test,Chen Ashby,2025-01-09 17:14:00,drew.okafor@demomail.test,Drew Okafor,2024-08-20 20:14:00,Alpha,,2023-09-14 14:04:00,,,,Y,LOT-1527,4541,Delta,6021,6975,899,LOT-6215,Delta,100314,100513,REF-5235,933,,,1184,8430,SKU-1972,Gamma,100034,100799,100625,100449,100200,100395,100189,100585,,100286,100269,100613,100555,,,,,,,,,100051,100344,100197,100780,100708,100076,100280,Marco Larsson,,,,,Marco L.,Rowan Calder,,Placed,REF-1239,,REF-9562,REF-3259,,Delta,Rowan Rossi,Beta,quinn.ivanov@acme-fake.test,Team Lead,Part-Time,Ironwood Robotics LLC,Mid-Level,Rahul Larsson,Prefer not to say,TAG-6480,SKU-5456,325,Y,TAG-2253,Taylor Garcia,Casey Costa,LOT-2631,Drew Calder,"47,019",Atlanta,United States,,Beta,Noted a concern to revisit at the next sync.,3471,quinn.ford@examplecorp.test,Nina Rossi,Accounting,Skyler Sloan,Gamma,,SKU-3691,,,,Mumbai,US Night,Delta,Executive Assistant,Alex Okafor,TAG-6361,Voluntary Resignation,,Standard,SKU-3148,Inactive,Gamma,,,9312,,,5680,8782,56,Standard,2277,2116,8470,,2023-02-28 01:06:00,8795,8426,Alpha,Alpha,Other,SKU-5871,8950,4086,3591,8168,8024,Alpha,2025-01-18 05:57:00,9995,6669,Beta,Standard,Beta,SKU-5423,8318,511,9892,6780,9025,Other,,,,,,,,,,,,,,2026-04-27,6726,1685,Gamma,REF-6192,LOT-6193,REF-8169,,,7789,8792,546,,2022-10-11,,,,,,,,,42,,,,2023-03-02,7755,5718,,TAG-9970,LOT-7647,TAG-4830,,,6682,9377,,Other,Reviewed performance and gathered feedback.
100014,Relay User,101503,alex.mercer@sampleco.test,Mei Vance,2023-05-06 00:22:00,alex.blake@examplecorp.test,Yara Costa,2024-02-02 17:07:00,Other,Morgan Cohen,2025-03-11 16:14:00,,,,N,TAG-9962,9821,Delta,2025,6182,8709,REF-3023,Alpha,100254,100046,REF-9574,846,Delta,9033,,,SKU-3930,,100634,100598,100388,100684,100080,100031,,100066,100182,100712,100016,100631,100042,,,,,,,,TAG-4351,100195,100496,100353,,100625,,100298,Mei Reyes,,,Rahul Whitfield,SKU-5765,Mei R.,Riley Ashby,REF-1870,Placed,,REF-3252,REF-7216,SKU-1477,,,Elena Silva,Other,omar.ford@demomail.test,Manager,Intern,Everest Solutions LLC,Entry,Marco Blake,Male,REF-5421,SKU-6654,9658,N,LOT-5685,Jordan Dorsey,Alex Brooks,,Jordan Reyes,"38,726",London,Germany,Alpha,,,9247,emerson.ford@demomail.test,Jamie Whitfield,Accounting,Taylor Mensah,Beta,,REF-4318,,,,Toronto,US Day,,Customer Success Manager,Jordan Haddad,,,,Other,SKU-3069,Active,Gamma,Scheduled a check-in for the coming month.,,,,,7353,1509,9961,Beta,3707,9115,3651,Beta,2025-09-22 18:00:00,8631,2170,Gamma,Delta,Delta,SKU-5302,289,1704,4504,3160,4883,Gamma,2025-01-01 12:59:00,4986,3594,Delta,Gamma,Delta,TAG-8232,7987,7263,3127,8081,430,Standard,,,,,,,,,,,,,,2024-10-11,4670,,Other,SKU-6971,REF-7346,LOT-7354,5576,,8682,5270,,Delta,2024-12-09,,,,,,,,,,,,,2024-09-30,4547,,Alpha,LOT-7353,TAG-2246,SKU-7918,,6457,,,6133,,Resolved the outstanding question about scope.
100182,Relay User,101505,fatima.calder@demomail.test,Yara Dorsey,2024-07-11 06:10:00,morgan.garcia@examplecorp.test,Liam Ivanov,2022-10-28 10:16:00,Beta,,2025-12-17 04:33:00,,,,Y,LOT-8550,8272,Standard,8016,83,2043,REF-4077,Delta,100217,100319,,5548,,1403,2741,3844,LOT-5150,Delta,100717,100205,100216,100189,100309,100616,100344,100774,100758,100415,100314,100374,100437,,5978,,1906,,9836,,TAG-7750,100470,100136,100601,,100607,,100749,Elena Mercer,,,Elena Brooks,SKU-9559,Elena M.,,,Not Available,LOT-1121,,,REF-4880,,,Priya Calder,Delta,elena.rossi@acme-fake.test,Team Lead,Contractor,Silverline Logistics,Entry,Arjun Vance,Non-binary,SKU-9120,SKU-5451,3546,N,SKU-5643,Jordan Sloan,Quinn Sato,,Fatima Silva,"244,519",Toronto,United States,Standard,Gamma,,1564,nina.cohen@examplecorp.test,Jamie Calder,Marketing,Nina Ford,Alpha,,SKU-2676,,Followed up on the open items from last week.,,Austin,US Evening,Standard,Payroll Specialist,Noah Blake,SKU-5998,Relocation,,Other,REF-5633,Inactive,Beta,,,,5123,,3954,560,8267,Alpha,,3855,,Alpha,2025-02-05 11:20:00,9768,6317,Delta,Delta,Other,SKU-3798,606,3635,8290,5512,4560,Beta,2025-04-11 16:15:00,8620,8295,Delta,Beta,Other,SKU-5567,516,4141,883,8011,9294,Beta,,,,,,,,,,,,,,2023-10-06,6609,,Beta,LOT-8324,,TAG-8726,7590,4649,2415,3740,2217,Gamma,2024-08-31,,,,,,,,,,,,,2022-11-24,4813,,,,REF-6270,,176,5862,4683,,,,Resolved the outstanding question about scope.
100445,Relay User,101506,nina.mensah@sampleco.test,Arjun Larsson,2024-11-21 11:12:00,noah.ford@acme-fake.test,Marco Kim,2025-10-31 14:55:00,Beta,,2023-08-31 05:57:00,,,,Y,LOT-7319,3779,Gamma,4812,7361,7211,REF-1536,Other,100798,100161,TAG-5676,,Gamma,1516,5487,3152,,Beta,100576,100467,100212,100241,100539,100216,,100705,,100177,100722,100742,100516,,9547,,,5725,,,,100735,100329,100746,100563,,100302,100142,Riley Mercer,SKU-7471,,Nina Rossi,REF-8782,Riley M.,Casey Calder,,Placed,LOT-3942,,REF-9475,TAG-1723,,,Liam Costa,Delta,aisha.rossi@examplecorp.test,Individual Contributor,Part-Time,Copper Industries Corp,Lead,Fatima Reyes,Non-binary,REF-3724,TAG-2123,7696,Y,SKU-9314,Drew Garcia,Skyler Okafor,REF-7478,Avery Dorsey,"111,803",Toronto,Philippines,Alpha,Standard,,6744,mei.mercer@acme-fake.test,Quinn Vance,Operations,Drew Mercer,Other,,SKU-3000,REF-6830,,Reviewed performance and gathered feedback.,Seattle,Flexible,Alpha,Marketing Coordinator,Chen Whitfield,,,,Alpha,LOT-4676,Active,Gamma,,1571,,6838,,1505,4450,4700,Beta,,463,1930,,2024-11-06 04:43:00,5217,9291,Delta,Standard,Alpha,SKU-5601,6819,7183,264,7242,5778,Beta,2025-01-28 20:36:00,1710,858,Other,Alpha,Delta,TAG-5786,3393,1584,3308,4948,5350,Gamma,,,,,,,,,,,,,,2026-03-31,8851,6310,Gamma,REF-6127,LOT-5719,,1491,8332,9244,8399,4981,Standard,2025-11-23,,,,,,,,,,,,,2024-01-15,1633,,,,,LOT-9500,2457,4332,,,,Alpha,Resolved the outstanding question about scope.
100334,Relay User,101508,drew.dorsey@acme-fake.test,Rahul Reyes,2023-05-02 02:50:00,reese.mercer@demomail.test,Morgan Whitfield,2024-12-15 14:02:00,Other,,2026-06-07 03:53:00,,,,Y,SKU-3016,6352,Delta,3294,2942,512,TAG-8649,Standard,100649,100767,,2189,Standard,,6476,5034,SKU-5116,Beta,100474,100683,100685,100322,100030,100031,100642,100302,,100041,100520,100799,100551,LOT-3467,,,7492,,,,,100470,100371,100475,100005,100370,,100424,Arjun Costa,REF-1718,,,REF-8701,Arjun C.,Skyler Dorsey,,Placed,REF-2837,LOT-4498,,LOT-3564,Delta,,Chen Blake,Delta,noah.mercer@examplecorp.test,Team Lead,Intern,Cardinal Industries Corp,Lead,Rahul Costa,Prefer not to say,REF-9098,REF-7912,3096,N,,Liam Calder,Nina Costa,,Quinn Brooks,,Phoenix,Germany,,Standard,Noted a concern to revisit at the next sync.,8271,omar.reyes@acme-fake.test,Rahul Costa,Operations,Jamie Blake,Delta,,LOT-6209,,,,Toronto,US Day,Other,Project Manager,Casey Blake,REF-7236,End of Contract,,Standard,SKU-1185,Inactive,Beta,,,,6422,,9141,9665,3632,Beta,4413,3582,,Other,2025-03-19 09:15:00,7216,8472,Beta,Gamma,Beta,LOT-7000,3872,7239,2688,4864,1469,Beta,2023-05-23 15:41:00,2155,353,Beta,Alpha,Standard,REF-9634,3419,6818,3518,280,2983,Standard,,,,,,,,,,,,,,2025-06-29,,2185,,REF-2599,LOT-3082,,6526,5798,57,2241,4340,Alpha,2026-02-15,,,,,,,,,,,,,2024-07-11,519,,,SKU-9327,,,,1614,,,6425,,Scheduled a check-in for the coming month.
100661,Relay User,101511,liam.larsson@acme-fake.test,Sofia Ivanov,2026-04-21 23:02:00,liam.haddad@demomail.test,Mei Blake,2026-02-10 13:32:00,Alpha,Casey Rossi,2024-07-09 19:39:00,,,,Y,SKU-1762,3655,Other,1056,2037,4483,SKU-8721,Standard,100008,100484,,,Beta,2266,8296,8629,LOT-5988,,100129,100209,100447,100113,100456,100604,100684,100482,,100632,100588,,100345,,4556,Alpha,,,5135,LOT-4298,,100456,100426,100360,100332,100026,,100738,Casey Silva,SKU-3479,,Casey Ivanov,,Casey S.,Fatima Sato,SKU-7140,Placed,LOT-3811,,SKU-6339,REF-6142,Delta,,Morgan Kim,Delta,elena.blake@examplecorp.test,Individual Contributor,Full-Time,Beacon Logistics Corp,Mid-Level,Chen Sloan,Non-binary,SKU-9086,LOT-8876,,N,,Rowan Vance,Chen Nguyen,,Mei Cohen,,Phoenix,Germany,Other,Gamma,,9651,omar.ford@examplecorp.test,Riley Garcia,Operations,,Gamma,,SKU-1007,SKU-4016,,,Austin,US Night,Gamma,Data Analyst,Sofia Nguyen,,,,Standard,LOT-6627,Active,Other,,,8298,2845,,1469,877,7013,Alpha,,1460,,,2024-06-02 22:55:00,5497,6578,Delta,Alpha,Delta,LOT-3361,5159,3778,1695,7905,9547,Other,2025-07-01 23:17:00,6579,938,Delta,Gamma,Other,REF-6811,5612,5049,3350,6747,9206,Delta,,,,,,,,,,,,,,2025-01-24,2154,3781,Alpha,,REF-5115,TAG-9524,8964,8793,7489,7224,695,Other,2023-09-03,,,,,,,,,,,,,2026-02-05,,8976,Beta,LOT-8188,,REF-5920,9734,5485,,,3899,,Aligned on billing and renewal terms.
100134,Relay User,101513,yara.nguyen@sampleco.test,Priya Rossi,2024-11-17 06:40:00,mei.mercer@examplecorp.test,Liam Calder,2023-06-17 20:50:00,Beta,,2022-11-12 20:33:00,,,,N,TAG-8973,8055,Gamma,5221,2387,4132,LOT-2761,Beta,100046,100143,,8873,Standard,5109,,,LOT-1641,,100424,100142,100058,100554,100685,100420,100010,100681,100554,100003,100216,,100771,REF-3193,,,,,,,SKU-7649,100119,100610,100597,100344,100242,100486,100449,Fatima Kim,,,Chen Garcia,TAG-3630,Fatima K.,Yara Rossi,,Placed,SKU-6493,,,SKU-5963,,,Rahul Okafor,Alpha,priya.garcia@demomail.test,Individual Contributor,Contractor,Cardinal Industries Inc,Senior,Rowan Mensah,Non-binary,SKU-5182,SKU-6994,2088,N,,Drew Ashby,Morgan Rossi,,Sofia Sloan,,Denver,United Kingdom,Beta,Other,,8245,sofia.mercer@demomail.test,Morgan Kim,Marketing,Quinn Whitfield,Beta,,TAG-2820,,,,Denver,US Evening,Standard,HR Generalist,Arjun Blake,SKU-7968,,,Beta,REF-1267,Active,Beta,Scheduled a check-in for the coming month.,6679,,3075,Gamma,5502,2689,8850,Standard,,,5646,,2025-11-30 03:22:00,9221,475,Delta,Beta,Delta,LOT-3414,762,6942,6654,5879,3614,Delta,2026-01-28 20:15:00,1483,5106,Gamma,Standard,Gamma,REF-2805,9814,6291,8151,5396,8095,Other,,,,,,,,,,,,,,2023-08-22,2796,5012,Alpha,,SKU-7607,LOT-6278,8999,1447,,,890,,2022-11-22,,,,,,,,,,,,,2022-12-28,,9801,,,,,5003,1427,,6942,,,Scheduled a check-in for the coming month.
100229,Relay User,101514,drew.reyes@demomail.test,Taylor Sloan,2023-12-29 11:39:00,sofia.reyes@demomail.test,Liam Whitfield,2023-05-15 14:57:00,Delta,,2025-09-25 14:24:00,,,,Y,TAG-4632,2809,Other,6334,6500,2984,SKU-3869,Delta,100470,100393,TAG-2271,,Gamma,,6502,2773,,Standard,100063,100203,100464,100099,100522,100128,100386,100429,100389,100715,100576,100454,100234,,,Delta,,,9476,,LOT-2416,100468,,100741,,100200,100117,100332,Noah Vance,,,Yara Okafor,REF-2265,Noah V.,Emerson Haddad,,Placed,REF-1463,,SKU-9649,LOT-7397,,,Jordan Ford,Beta,aisha.blake@sampleco.test,Individual Contributor,Intern,Falcon Foods Corp,Entry,Casey Sato,Male,TAG-6964,SKU-1618,1961,N,SKU-4684,Casey Kim,Taylor Vance,,Taylor Nguyen,"168,444",Atlanta,India,Standard,Beta,Followed up on the open items from last week.,3373,sofia.sloan@acme-fake.test,Arjun Blake,Customer Support,Rowan Rossi,Alpha,,TAG-5367,SKU-7394,,Followed up on the open items from last week.,Atlanta,US Day,Gamma,Financial Analyst,Drew Costa,REF-1081,,,Delta,SKU-4216,Active,Other,,,,2142,,8671,2113,3661,Standard,9965,,,Standard,2026-06-19 16:15:00,9051,8115,Alpha,Alpha,Gamma,TAG-4411,8025,5708,5126,6482,5463,Other,2024-03-28 22:41:00,1333,1441,Other,Standard,Standard,TAG-2516,8934,6792,5110,2347,7563,Standard,,,,,,,,,,,,,,2025-02-04,9680,604,Delta,TAG-5191,SKU-4950,,,707,,,1332,Other,2024-07-10,,,,,,,,,,,,,2025-06-15,8878,5649,,LOT-9327,,LOT-6184,,,4234,,,,Shared the updated proposal for review.
100377,Relay User,101516,skyler.brooks@sampleco.test,Priya Mercer,2022-12-10 13:42:00,taylor.sato@examplecorp.test,Fatima Brooks,2023-10-06 17:23:00,Standard,,2025-07-10 10:07:00,,,,N,LOT-9193,7693,Gamma,3475,6589,3779,LOT-2203,Other,100555,100267,,,,7688,9787,3641,,Delta,100056,100554,100628,100242,100479,100348,,100277,,,100734,100325,100688,,1780,,,,1975,,,100771,100664,100803,100224,,,100213,Rowan Ivanov,,,Avery Blake,REF-2370,Rowan I.,Morgan Mercer,,Placed,LOT-3288,,,REF-6719,Beta,,Noah Rossi,Beta,mei.mensah@examplecorp.test,Manager,Part-Time,Blue Ridge Ventures LLC,Lead,Rowan Sloan,Prefer not to say,REF-6189,LOT-7903,7187,N,,Drew Silva,Skyler Brooks,,Mei Blake,"19,930",Seattle,India,Delta,Other,Reviewed performance and gathered feedback.,8575,jordan.calder@acme-fake.test,Chen Okafor,Customer Support,,Standard,,LOT-9670,,,,Dallas,US Day,,Operations Associate,Drew Mercer,TAG-1939,,,Alpha,TAG-5578,Active,Gamma,,7245,,5792,,2311,6260,7889,Other,,,4856,Delta,2025-05-22 10:42:00,472,832,Beta,Beta,Standard,TAG-4345,3294,1113,2082,3964,6994,Delta,2023-08-05 04:01:00,6477,7072,Delta,Delta,Gamma,SKU-6589,9631,2442,1999,557,8220,Standard,,,,,,,,,,,,,,2024-06-21,7631,6749,Delta,TAG-9094,SKU-2237,REF-2296,3016,2054,2765,,5426,Other,2023-10-01,,,,,,,,,,,,,2024-01-22,,,,,,,4476,,,,3967,Beta,Discussed timeline and next steps with the account.
100123,Relay User,101518,marco.mercer@examplecorp.test,Quinn Cohen,2026-04-28 06:34:00,rahul.whitfield@examplecorp.test,Quinn Brooks,2023-02-25 02:30:00,Beta,,2026-01-19 05:40:00,,,,N,SKU-5825,7711,Standard,1148,346,8349,LOT-5892,Beta,100723,100420,LOT-4424,353,,308,,,REF-6432,,100197,100774,100485,100083,100413,100788,100750,100410,100025,100034,100025,100099,100597,,686,Other,4166,,,,SKU-1911,100672,100368,100744,,100408,,100426,Sofia Kim,,,Rahul Brooks,REF-6422,Sofia K.,,SKU-4618,N/A,TAG-4387,REF-5792,TAG-3101,SKU-9463,,,Jamie Larsson,Beta,riley.blake@examplecorp.test,Individual Contributor,Contractor,Northwind Labs LLP,Senior,Rowan Patel,Non-binary,REF-7623,TAG-1079,1666,Y,,Avery Garcia,Emerson Okafor,REF-4186,Nina Costa,,Seattle,Philippines,Delta,Standard,,7747,morgan.vance@demomail.test,Arjun Ford,Operations,,Alpha,,SKU-6762,,,,Toronto,US Day,Other,Financial Analyst,Rowan Nguyen,LOT-5444,,Standard,Gamma,LOT-1156,Active,Beta,,,,1372,,3444,4637,9319,Other,7632,,,Alpha,2024-11-23 22:20:00,3836,6439,Standard,Other,Beta,REF-8245,4313,1055,751,4254,5729,Standard,2023-10-05 13:09:00,4076,6944,Beta,Standard,Standard,TAG-1709,533,3739,3672,8872,8119,Other,,,,,,,,,,,,,,2025-09-18,9265,5468,Other,SKU-4445,REF-9907,TAG-7504,9142,3161,,7214,8608,Alpha,2026-07-29,,,,,,,,,,,,,2023-10-26,,,Delta,SKU-9964,,TAG-8888,,,,4093,,,Shared the updated proposal for review.
100492,Relay User,101521,marco.silva@sampleco.test,Marco Reyes,2024-07-08 13:30:00,mei.haddad@examplecorp.test,Arjun Whitfield,2023-07-31 09:44:00,Standard,Arjun Kim,2024-04-11 21:14:00,,,,Y,REF-3405,671,Other,168,8532,1013,REF-9939,Gamma,100309,100437,,6262,,2470,,9569,,Beta,100049,100535,100103,100126,100056,100484,,100709,100227,100122,,100681,100104,,,,7039,,,REF-2374,,100220,100672,100257,100601,100310,100217,100069,Alex Ashby,,,Rowan Ashby,,Alex A.,Omar Mercer,SKU-4256,N/A,TAG-7243,,REF-5994,REF-5792,,,Riley Whitfield,Delta,noah.blake@acme-fake.test,Individual Contributor,Contractor,Redwood Logistics Corp,Senior,Sofia Okafor,Non-binary,REF-5004,SKU-2799,1439,Y,REF-3213,Avery Vance,Arjun Blake,,Yara Blake,,Seattle,Canada,,Alpha,,4340,avery.sloan@examplecorp.test,Yara Mercer,Human Resources,,Gamma,,REF-3318,,,,Dallas,US Day,Standard,Operations Associate,Quinn Mercer,SKU-2282,,,Gamma,REF-3328,Active,Other,,,8268,5555,,2459,770,6218,Delta,,,4015,Alpha,2024-10-27 04:30:00,1147,655,Standard,Delta,Standard,TAG-3305,7200,8420,150,5513,9563,Delta,2025-09-16 09:27:00,4922,6842,Delta,Standard,Standard,LOT-1118,3005,8581,3546,5098,2928,Other,,,,,,,,,,,,,,2025-04-11,2654,8287,Delta,LOT-9958,LOT-4072,,8713,9197,9392,3226,8480,Delta,2024-08-25,,,,,,,,,,,,,2023-04-16,,,Other,,,,7605,,2522,5215,16,Other,Scheduled a check-in for the coming month.
100122,Relay User,101523,jordan.ford@sampleco.test,Yara Nguyen,2023-04-17 01:22:00,diego.costa@acme-fake.test,Rowan Ivanov,2024-03-19 04:59:00,,Diego Reyes,2025-06-14 00:05:00,,,,Y,LOT-6545,9772,Alpha,5945,648,3708,LOT-4473,Gamma,100190,100053,SKU-8192,1076,,1530,9834,,REF-8784,Delta,100759,100075,100683,100217,100267,100332,100069,100351,100777,100796,100395,,100513,,,,,,6737,,LOT-3765,100229,100597,100241,,100628,100003,100474,Quinn Sato,,,Arjun Vance,LOT-4869,Quinn S.,Nina Ashby,SKU-5090,Placed,SKU-7203,,,TAG-9244,Gamma,,Jordan Calder,Other,morgan.calder@demomail.test,Team Lead,Intern,Vertex Logistics Corp,Junior,Taylor Kim,Male,REF-9184,LOT-5035,4688,N,REF-2229,Alex Nguyen,Arjun Mensah,SKU-9506,Reese Vance,,Seattle,United Kingdom,Delta,Other,Shared the updated proposal for review.,,skyler.mercer@sampleco.test,Diego Whitfield,Accounting,Skyler Dorsey,Gamma,,LOT-4130,SKU-3156,,Discussed timeline and next steps with the account.,London,US Day,Alpha,Executive Assistant,Chen Costa,,,,Standard,LOT-1756,Active,Delta,,,,,,2983,3602,1958,Other,,,,Other,2024-05-03 14:59:00,376,2461,Delta,Other,Standard,LOT-8481,2900,2514,810,7084,9512,Delta,2024-12-25 21:02:00,4491,384,Gamma,Alpha,Delta,REF-7392,1953,6351,2455,1270,1620,Gamma,,,,,,,,,,,,,,2026-02-20,,2701,,LOT-4868,,LOT-8784,,,7583,6859,,Gamma,2026-01-02,,,,,,,,,,,,,2025-11-03,,,Gamma,TAG-8149,,,440,,,,,Standard,Followed up on the open items from last week.
100481,Relay User,101525,marco.calder@examplecorp.test,Alex Sato,2022-12-05 23:00:00,liam.dorsey@examplecorp.test,Yara Cohen,2024-01-25 23:16:00,Beta,Arjun Sato,2022-10-02 05:50:00,,,,Y,TAG-4552,2963,Alpha,9503,392,4158,REF-2176,Beta,100712,100681,LOT-1634,8230,Delta,,2358,,LOT-7704,,100736,100642,100235,100582,100420,100360,100248,100658,,100156,100738,,,,,,,,6144,,TAG-6571,100569,100560,100543,100111,,100291,100117,Reese Whitfield,,Avery Vance,Drew Sato,SKU-2015,Reese W.,Rahul Ivanov,REF-9787,N/A,REF-2144,REF-2158,REF-3716,LOT-3513,,,Riley Reyes,Beta,diego.haddad@demomail.test,Manager,Part-Time,Falcon Solutions Inc,Entry,Rowan Rossi,Non-binary,LOT-7156,REF-6119,790,N,,Fatima Vance,Quinn Garcia,,Casey Vance,"131,859",Atlanta,United States,Standard,Gamma,,6673,arjun.mensah@examplecorp.test,Chen Whitfield,Accounting,Sofia Ashby,Gamma,,SKU-6590,,,,Dallas,US Day,Delta,Financial Analyst,Liam Whitfield,LOT-4987,End of Contract,,Beta,SKU-7462,Inactive,Beta,,,,,Standard,8888,4858,8227,Beta,1031,8244,,Standard,2024-11-13 03:31:00,8175,106,Gamma,Beta,Standard,LOT-9985,553,3173,2120,3125,3843,Gamma,2024-06-03 06:27:00,8517,8198,Beta,Alpha,Gamma,LOT-1202,7455,7576,2359,8328,5743,Gamma,,,,,,,,,,,,,,2024-01-05,1016,6494,Other,,,LOT-9536,7242,3056,,962,5092,Beta,2024-11-22,,,,,,,,,,,,,2024-11-01,2187,,,,,,,,5014,,3131,,Resolved the outstanding question about scope.
100008,Relay User,101528,chen.haddad@examplecorp.test,Arjun Reyes,2023-01-27 15:51:00,arjun.whitfield@examplecorp.test,Priya Okafor,2024-07-24 18:12:00,Beta,,2026-05-31 18:45:00,,,,Y,REF-1192,4578,Alpha,6847,4756,6061,SKU-4358,Beta,100601,100073,LOT-5746,9582,Standard,7181,,,TAG-4557,,100670,100579,100464,100083,100527,100496,100617,100432,100395,100242,100661,100240,100568,REF-1164,,,,,6094,,,100075,,100257,,100031,100598,100382,Fatima Silva,,,Morgan Rossi,,Fatima S.,Morgan Calder,REF-4058,Not Available,REF-7734,,REF-2339,REF-1232,,,Quinn Rossi,Beta,omar.vance@examplecorp.test,Director,Contractor,Redwood Textiles Group,Entry,Alex Ivanov,Prefer not to say,SKU-8472,REF-4482,4376,Y,TAG-6382,Reese Haddad,Sofia Cohen,,Yara Okafor,"138,252",Toronto,Germany,Alpha,Gamma,,,elena.brooks@demomail.test,Emerson Ashby,Data & Analytics,Morgan Nguyen,Gamma,,REF-3376,TAG-9302,,,Manila,US Day,,Accountant,Jordan Ashby,,,,Other,SKU-3627,Active,Other,Noted a concern to revisit at the next sync.,,,,,5134,4458,9380,Beta,7494,,7317,Beta,2022-12-29 17:46:00,9933,1323,Delta,Alpha,Other,LOT-3754,1688,2568,5892,6171,4575,Delta,2025-04-18 18:44:00,7098,5881,Alpha,Beta,Standard,TAG-7222,96,2245,834,2459,821,Alpha,,,,,,,,,,,,,,2024-10-24,9893,,,TAG-6900,SKU-8924,SKU-9809,1241,6407,8081,977,5497,Alpha,2025-07-20,,,,,,,,,,,,,2024-12-03,,,,TAG-7466,,,,1650,,,1905,,Scheduled a check-in for the coming month.
100555,Relay User,101531,avery.okafor@sampleco.test,Riley Larsson,2026-04-07 02:08:00,taylor.cohen@examplecorp.test,Priya Ford,2025-09-16 08:29:00,Standard,Fatima Rossi,2025-09-16 08:58:00,,,,Y,TAG-9334,3154,Other,9801,5597,3624,LOT-9446,Delta,100079,100014,,9683,Other,,,6653,REF-8889,Delta,100388,100254,100014,100487,100333,100765,,100026,100332,100083,,100257,100172,,3238,,,,977,REF-6258,,100058,100389,100079,,100800,100360,100058,Yara Costa,,Omar Ford,Emerson Brooks,TAG-8566,Yara C.,Drew Patel,,Placed,LOT-1500,,,SKU-5283,,,Drew Larsson,Alpha,casey.whitfield@demomail.test,Manager,Contractor,Silverline Group Group,Junior,Casey Rossi,Non-binary,TAG-1365,REF-7638,8490,Y,,Jamie Haddad,Avery Larsson,,Rowan Blake,"84,127",Manila,Canada,Alpha,Delta,,1789,yara.mercer@sampleco.test,Chen Silva,Marketing,Drew Rossi,Gamma,,SKU-9241,REF-2610,,Aligned on billing and renewal terms.,London,US Day,Beta,HR Generalist,Quinn Dorsey,,,,Gamma,LOT-9144,Active,Delta,Shared the updated proposal for review.,,,,,3908,2094,9390,Standard,,5648,,Other,2022-10-31 03:13:00,8667,7403,Beta,Other,Gamma,LOT-6729,9168,5227,1084,4060,7352,Gamma,2023-03-07 15:34:00,6402,3136,Beta,Beta,Gamma,SKU-9531,2486,5710,9262,1619,1633,Other,,,,,,,,,,,,,,2023-09-30,2106,,,SKU-4152,REF-3734,,1677,9629,9015,3110,5001,Gamma,2024-08-15,,,,,,,,,,,,,2023-12-07,2660,,,,,LOT-5833,,,7531,7839,4521,,Reviewed performance and gathered feedback.
100319,Relay User,101532,rahul.sloan@examplecorp.test,Liam Ivanov,2024-02-06 07:59:00,chen.sato@examplecorp.test,Mei Whitfield,2023-02-25 23:52:00,Alpha,,2026-05-15 11:59:00,,,,N,TAG-8245,2044,Other,4000,6505,2188,TAG-2913,Other,100585,100403,,,Alpha,7813,9567,,TAG-2166,,100062,100642,100481,100178,100673,100042,100798,100734,100229,100503,100239,100527,,,8566,Standard,,,,,REF-7411,100122,100454,100692,100767,100370,100688,100120,Rowan Whitfield,,,Casey Ashby,TAG-1940,Rowan W.,Alex Mercer,,Placed,TAG-7708,,LOT-3718,SKU-6574,Alpha,,Rowan Patel,Alpha,rahul.larsson@examplecorp.test,Team Lead,Contractor,Falcon Capital Inc,Senior,Morgan Okafor,Prefer not to say,LOT-8183,LOT-9027,3677,Y,TAG-6487,Alex Calder,Marco Cohen,SKU-8738,Quinn Ashby,,Phoenix,United States,Alpha,Delta,,3482,omar.brooks@demomail.test,Morgan Silva,Finance,,Alpha,,SKU-4502,SKU-1499,,,Toronto,Flexible,Delta,Support Specialist,Marco Whitfield,,,,Delta,LOT-4921,Active,Alpha,,,,,,613,6762,6411,Standard,,3840,,Other,2023-07-01 08:20:00,3471,7112,Other,Beta,Beta,SKU-5413,2606,1820,8083,6573,6768,Delta,2023-12-08 15:18:00,8356,8004,Delta,Delta,Other,REF-5526,6467,6197,8048,3199,7642,Gamma,,,,,,,,,,,,,,2023-05-03,1425,7098,,,TAG-5766,,5439,8590,2690,9698,,Other,2023-11-01,,,,,,,,,,,,,2024-09-21,1303,,Delta,,REF-8529,REF-3236,,,9286,3139,6380,Alpha,Noted a concern to revisit at the next sync.
100215,Relay User,101533,arjun.silva@demomail.test,Rahul Sloan,2025-12-15 17:35:00,priya.silva@sampleco.test,Emerson Haddad,2023-12-18 01:32:00,Beta,,2026-07-21 14:39:00,,,,Y,SKU-1096,2530,Other,5100,527,1529,LOT-2247,Alpha,100548,100008,TAG-8988,8386,Other,,2390,6830,,,100694,100798,100352,100688,100753,100377,100359,100331,100189,100667,100126,100142,100172,,,Beta,1603,,,,REF-2514,100128,100129,100782,,100708,,100601,Liam Mercer,,,Avery Brooks,SKU-1801,Liam M.,Reese Okafor,,Placed,REF-1912,,,REF-2014,Other,,Noah Mercer,Gamma,sofia.mensah@acme-fake.test,Individual Contributor,Part-Time,Meridian Capital Corp,Mid-Level,Jordan Larsson,Prefer not to say,LOT-8774,LOT-6902,4121,Y,LOT-7931,,Sofia Calder,,Avery Brooks,,Dallas,United States,Delta,Beta,,1112,liam.calder@acme-fake.test,Emerson Vance,Data & Analytics,Marco Sato,Delta,,TAG-6601,,,,Dallas,US Day,Delta,Payroll Specialist,Rahul Vance,SKU-7376,Performance,,Delta,REF-3210,Inactive,Gamma,,197,,3126,,8380,1882,3490,Delta,1676,6171,9948,,2023-06-01 16:44:00,9904,6808,Gamma,Other,Standard,LOT-2168,5474,1537,3129,1012,5123,Standard,2023-03-18 23:30:00,9687,6975,Standard,Alpha,Beta,TAG-7776,4337,6189,310,9323,6428,Alpha,,,,,,,,,,,,,,2023-11-08,4535,3326,,REF-5834,LOT-4805,SKU-7940,4412,4395,9224,8448,496,Standard,2025-01-19,,,,,,,,,,,,,2025-02-17,3296,,Alpha,SKU-1773,SKU-7274,REF-2534,,7782,,8050,,,Reviewed performance and gathered feedback.
100658,Relay User,101535,elena.garcia@sampleco.test,Aisha Cohen,2023-07-12 05:30:00,diego.cohen@demomail.test,Marco Mensah,2026-05-16 18:12:00,Delta,,2024-07-01 02:30:00,,,,Y,SKU-8861,7528,Delta,1761,2270,1500,SKU-2072,Beta,100208,100696,,,Standard,,6684,7221,SKU-9661,Standard,100400,100076,100302,100661,100227,100041,100111,100291,,100310,100482,,100696,REF-9612,370,,6788,,,LOT-2890,SKU-4605,100742,100800,100551,100310,,,100759,Rowan Nguyen,,Chen Whitfield,Chen Okafor,REF-8489,Rowan N.,Aisha Blake,,Not Available,REF-4562,REF-4084,TAG-8308,TAG-3347,,,Noah Ford,Beta,chen.garcia@sampleco.test,Manager,Part-Time,Keystone Solutions LLP,Junior,Taylor Ford,Female,SKU-7224,REF-9611,1026,Y,LOT-9634,Emerson Sloan,Emerson Ford,SKU-2523,Elena Sato,"245,974",Mumbai,Philippines,,Standard,Followed up on the open items from last week.,,avery.blake@examplecorp.test,Drew Cohen,Customer Support,,Alpha,,LOT-8699,,,,Bengaluru,US Day,Alpha,HR Generalist,Casey Ford,,,,Standard,TAG-2935,Active,Alpha,Reviewed performance and gathered feedback.,,,,Standard,2068,8074,6810,Other,,5673,6206,Delta,2026-06-18 18:16:00,1180,9818,Delta,Standard,Alpha,REF-5783,1754,6400,5369,8537,5237,Gamma,2023-08-08 08:47:00,5306,9855,Other,Beta,Alpha,REF-7282,4363,9894,1904,6697,3371,Other,,,,,,,,,,,,,,2025-04-17,9199,,Beta,SKU-3398,LOT-9904,LOT-7581,,6004,3181,,4821,Delta,2025-06-13,,,,,,,,,,,,,2025-06-30,,,,LOT-3919,TAG-5503,,,,,,,,Followed up on the open items from last week.
100624,Relay User,101538,casey.mercer@sampleco.test,Skyler Haddad,2023-02-09 12:43:00,liam.ford@sampleco.test,Rahul Mensah,2026-03-16 18:15:00,Beta,Jordan Whitfield,2025-04-23 08:33:00,,,,N,TAG-5308,4129,Other,7893,5820,2070,REF-3240,Standard,,100240,LOT-4049,2158,,,3609,3674,SKU-2153,Beta,100151,100388,100522,100782,100005,100136,,100432,100345,,100331,100143,100523,,,,3049,7257,,,,100400,100344,100128,,100115,,100620,Liam Whitfield,,,Avery Dorsey,TAG-8204,Liam W.,Rowan Ivanov,LOT-1311,N/A,SKU-5530,LOT-3709,,REF-7692,Alpha,,Taylor Blake,Gamma,noah.calder@acme-fake.test,Director,Contractor,Evergreen Dynamics Corp,Junior,Drew Mensah,Male,TAG-8340,LOT-1129,3515,Y,LOT-5960,Aisha Mensah,Mei Kim,LOT-2546,Alex Mercer,,Bengaluru,United States,Beta,Delta,,5056,skyler.costa@examplecorp.test,Aisha Mensah,Operations,Noah Nguyen,Beta,,LOT-9892,,Aligned on billing and renewal terms.,,Seattle,Flexible,,Data Analyst,Noah Sloan,LOT-6298,,,Other,TAG-8237,Active,Beta,Reviewed performance and gathered feedback.,,493,,,5850,2237,118,Delta,6184,,8177,,2023-10-26 20:30:00,2036,7134,Gamma,Other,Standard,LOT-9616,7736,1109,154,7213,8781,Other,2023-03-10 01:31:00,8599,1639,Alpha,Other,Standard,LOT-8151,761,1455,203,6163,1551,Standard,,,,,,,,,,,,,,2026-07-24,767,6178,Beta,SKU-2208,REF-2218,REF-2112,9037,2526,8823,,2511,Delta,2024-12-19,,,,Delta,,,,,,,,,2024-01-08,9563,,Delta,,TAG-8705,LOT-4739,7841,9662,,,,Other,Shared the updated proposal for review.
100576,Relay User,101539,jamie.dorsey@examplecorp.test,Sofia Reyes,2023-11-25 16:56:00,drew.cohen@acme-fake.test,Skyler Mercer,2024-01-16 07:36:00,Alpha,,2025-11-08 03:49:00,,,,Y,REF-9261,6321,Delta,6184,9801,7425,TAG-4682,Standard,100005,100722,,,Gamma,6122,,,REF-2724,,100782,100555,100616,100796,100151,100424,100560,100799,,100741,100616,100238,100195,,,,,,258,,,100579,100413,100548,100302,,100496,100479,Omar Rossi,,,Riley Sloan,SKU-7216,Omar R.,Drew Brooks,,Placed,LOT-5815,,,SKU-2873,,,Taylor Mensah,Gamma,sofia.brooks@examplecorp.test,Team Lead,Contractor,Northwind Foods Ltd,Entry,Omar Ivanov,Non-binary,REF-6791,REF-4000,3178,Y,TAG-7054,Riley Mensah,Yara Ivanov,,Marco Reyes,"89,901",Chicago,Australia,Gamma,Gamma,,4548,emerson.calder@acme-fake.test,Rowan Whitfield,Accounting,Yara Kim,Standard,,REF-9269,,,Discussed timeline and next steps with the account.,Atlanta,US Evening,Beta,Accountant,Sofia Ivanov,TAG-7704,Client Request,,Other,LOT-7099,Inactive,Delta,Followed up on the open items from last week.,,,,,4722,8725,6370,Beta,9864,,3022,,2025-05-11 08:18:00,3974,5096,Other,Other,Standard,SKU-1925,7903,1438,1673,5531,1952,Delta,2026-05-22 12:28:00,1440,3233,Other,Gamma,Beta,REF-4848,8182,8268,1710,3492,1660,Other,,,,,,,,,,,,,,2024-10-09,8349,4176,Alpha,,REF-7795,TAG-9130,9127,,,8438,4439,Delta,2023-06-22,,,,,,,,,,,,,2026-06-21,336,,,,,,,,8071,,6135,,Shared the updated proposal for review.
100708,Relay User,101542,elena.rossi@examplecorp.test,Yara Cohen,2025-02-07 05:18:00,marco.haddad@acme-fake.test,Emerson Sato,2025-08-09 20:53:00,Beta,Elena Silva,2024-04-13 13:37:00,,,,Y,LOT-9831,7388,Beta,1070,8886,1204,SKU-6879,Delta,100535,100323,REF-9779,3985,,,172,3651,SKU-1012,,100552,100008,100456,100224,100415,100470,,100106,100538,100139,100673,100015,100793,SKU-4946,5356,,,,,,LOT-7346,100104,100473,100568,100265,100694,100272,100288,Rowan Rossi,,,,TAG-9758,Rowan R.,Fatima Mercer,SKU-9729,Placed,LOT-5297,,REF-2167,LOT-4971,,,Nina Garcia,Standard,quinn.reyes@demomail.test,Director,Intern,Keystone Logistics Corp,Mid-Level,Quinn Ford,Non-binary,TAG-7645,SKU-1673,7721,Y,REF-1618,,Sofia Dorsey,SKU-6582,Liam Blake,,Phoenix,Mexico,Gamma,,,7583,chen.blake@examplecorp.test,Diego Kim,Sales,Jamie Whitfield,Delta,,LOT-7438,SKU-9249,,,Phoenix,US Day,Gamma,Customer Success Manager,Sofia Okafor,LOT-8178,Voluntary Resignation,,Gamma,TAG-1885,Inactive,Alpha,,2046,,1976,,8308,5557,4348,Beta,1743,8340,8584,Alpha,2024-06-16 20:32:00,9151,1400,Standard,Alpha,Gamma,SKU-3781,4868,7161,6224,8523,7519,Delta,2023-11-30 00:48:00,6981,7711,Delta,Delta,Standard,TAG-7274,4878,6245,518,429,350,Delta,,,,,,,,,,,,,,2026-04-22,2800,5054,Other,SKU-4811,LOT-9535,TAG-6108,8863,802,,4703,3100,Beta,2023-09-10,,,,,,,,,,,,,2025-08-16,2635,,,,,,6583,,,,,Alpha,Followed up on the open items from last week.
100016,Relay User,101545,nina.mercer@examplecorp.test,Mei Sato,2025-12-08 18:02:00,skyler.dorsey@demomail.test,Emerson Garcia,2024-01-07 10:21:00,Delta,,2023-06-21 01:24:00,,,,Y,SKU-9922,2835,Beta,3558,8402,4967,LOT-1760,Gamma,100755,100679,LOT-5343,,Gamma,4759,3797,3000,,Gamma,100165,100188,100720,100613,100177,100792,100042,100593,,100241,100788,100104,100197,SKU-1925,6880,,,,7984,REF-8002,,100477,100531,100200,,100646,100517,100288,Reese Kim,,,Chen Nguyen,TAG-4450,Reese K.,Emerson Dorsey,SKU-6576,N/A,,,,TAG-4004,,,Fatima Whitfield,Gamma,rahul.kim@acme-fake.test,Team Lead,Full-Time,Harbor Dynamics Group,Senior,Yara Patel,Prefer not to say,SKU-6187,REF-8316,9042,N,REF-4961,Chen Larsson,Diego Calder,LOT-2523,Jamie Calder,,Manila,Mexico,Alpha,Alpha,Resolved the outstanding question about scope.,5847,marco.ivanov@sampleco.test,Noah Reyes,Sales,Morgan Mercer,Gamma,,LOT-9355,TAG-4463,,,Atlanta,US Day,Delta,Bookkeeper,Sofia Brooks,,,,Standard,TAG-1365,Active,Gamma,,4276,3005,,,2858,564,4762,Alpha,5335,1056,9540,,2025-03-11 09:59:00,7847,4205,Other,Delta,Beta,TAG-9062,1883,5479,738,7316,4351,Gamma,2024-10-26 01:22:00,9863,5949,Standard,Beta,Gamma,LOT-6044,2198,1085,6298,1144,9974,Beta,,,,,,,,,,,,,,2026-07-25,8022,9962,,,SKU-6974,SKU-6166,,2207,9144,5896,,Other,2026-04-17,,,,,,,,,,,,,2023-10-08,,,Gamma,LOT-1856,,,,,2821,,7521,,Reviewed performance and gathered feedback.
100398,Relay User,101546,nina.reyes@sampleco.test,Riley Vance,2026-01-17 12:56:00,fatima.costa@examplecorp.test,Mei Nguyen,2026-04-20 13:15:00,Standard,,2024-07-18 04:03:00,,,,N,REF-9874,9423,Other,6157,9630,5960,REF-4523,Other,100569,100679,SKU-7171,8235,,7575,,,,,100343,100056,100645,100169,100750,100310,100527,100632,100334,100169,100708,100500,100248,,,,8388,,,LOT-8057,SKU-7528,100090,100030,100310,100234,,,100560,Liam Patel,SKU-5719,,Nina Reyes,TAG-1007,Liam P.,Diego Sloan,SKU-3842,Placed,LOT-7592,TAG-6329,,LOT-3572,,,Omar Ford,Alpha,taylor.garcia@acme-fake.test,Manager,Intern,Keystone Partners Inc,Lead,Sofia Patel,Prefer not to say,REF-5506,SKU-2083,5644,N,LOT-9746,Morgan Costa,Emerson Haddad,,Fatima Mensah,"120,726",Denver,Australia,Standard,Other,,6176,yara.sloan@sampleco.test,Elena Haddad,Accounting,Arjun Rossi,Other,,REF-4445,,Noted a concern to revisit at the next sync.,Aligned on billing and renewal terms.,Toronto,US Evening,Gamma,Executive Assistant,Casey Kim,LOT-5427,,,Gamma,SKU-9301,Active,Alpha,,2453,,109,,7461,2347,7616,Beta,6186,5795,5118,,2026-05-11 05:48:00,498,9118,Standard,Other,Alpha,LOT-2631,8396,923,397,2468,8260,Delta,2024-03-09 09:28:00,8833,9408,Alpha,Beta,Alpha,REF-7506,244,4421,1625,6207,1137,Standard,,,,,,,,,,,,,,2023-12-22,374,1869,,SKU-9762,LOT-7119,REF-2701,9386,4553,4694,9693,,Other,2023-03-02,,,,,,,,,,,,,2023-01-30,,3198,,,,TAG-6652,,,,8527,1401,,Discussed timeline and next steps with the account.
100195,Relay User,101548,quinn.patel@demomail.test,Fatima Larsson,2025-04-21 05:10:00,rowan.mensah@sampleco.test,Omar Kim,2023-10-09 05:08:00,Standard,,2023-02-27 10:09:00,,,,N,REF-5621,2208,Other,346,9272,9631,TAG-9449,Beta,100115,100490,LOT-2837,2082,,,6359,2268,SKU-2762,,100788,100628,100156,100518,100498,100403,100058,100531,,100473,100243,,100025,LOT-4896,,,,7987,,,,100552,100518,100585,,,,100029,Emerson Reyes,,,Skyler Rossi,SKU-2027,Emerson R.,Reese Ford,,Placed,SKU-4272,,,SKU-7802,Beta,,Quinn Larsson,Other,omar.vance@demomail.test,Manager,Intern,Summit Textiles Corp,Entry,Fatima Dorsey,Non-binary,TAG-1899,REF-8524,8250,N,,Arjun Blake,Quinn Sloan,SKU-9375,Chen Ashby,"12,683",Phoenix,United States,Beta,Delta,Discussed timeline and next steps with the account.,129,jordan.nguyen@sampleco.test,Nina Ashby,Software Engineering,Chen Nguyen,Delta,,LOT-1279,LOT-9102,,,Bengaluru,Flexible,Beta,Executive Assistant,Taylor Garcia,TAG-1802,,,Other,TAG-8392,Active,Alpha,,9013,,,Delta,3064,7861,5356,Beta,6408,,6904,Gamma,2025-09-11 13:47:00,4340,6788,Alpha,Standard,Gamma,SKU-6912,7891,534,121,3411,9581,Other,2023-06-14 03:07:00,3264,3982,Gamma,Delta,Delta,LOT-3700,101,3025,6855,6134,3560,Standard,,,,,,,,,,,,,,2023-11-09,,,,,TAG-4713,,,6409,,238,2810,Other,2022-12-28,5986,,,,,,,,,,,,2025-03-20,,,,SKU-5109,,,902,,,,,,Shared the updated proposal for review.
100784,Relay User,101550,jordan.ashby@demomail.test,Yara Ashby,2026-02-18 06:05:00,rowan.nguyen@acme-fake.test,Skyler Rossi,2023-08-27 14:22:00,Gamma,,2023-01-23 21:17:00,,,,N,LOT-4820,8594,Other,9244,6567,7703,REF-1697,Gamma,100800,100386,SKU-1910,9057,Delta,8639,,,SKU-7200,Alpha,100530,100603,100025,100473,100736,100692,100360,100437,100462,100169,100293,100800,100053,TAG-7497,,,,6751,2622,,,100076,100456,100774,,100076,100236,100563,Diego Ashby,,,Casey Kim,TAG-3753,Diego A.,Emerson Calder,SKU-9895,Coming Soon,LOT-8254,,LOT-1134,LOT-3268,Gamma,,Fatima Haddad,Gamma,diego.okafor@examplecorp.test,Team Lead,Intern,Redwood Systems,Senior,Sofia Whitfield,Female,SKU-2802,TAG-6198,2650,N,,Nina Vance,Quinn Nguyen,REF-8970,Mei Ivanov,"55,498",London,India,Delta,Standard,Aligned on billing and renewal terms.,7610,jordan.mercer@acme-fake.test,Liam Blake,Sales,Marco Mercer,Gamma,,TAG-9178,TAG-7950,,Discussed timeline and next steps with the account.,Manila,Flexible,Standard,Executive Assistant,Marco Mercer,SKU-4519,,,Gamma,TAG-3487,Active,Gamma,Discussed timeline and next steps with the account.,,,,,4001,8690,1287,Delta,,4970,8066,Beta,2022-10-20 12:36:00,3425,8117,Standard,Other,Gamma,SKU-1380,9586,3406,50,7681,6210,Gamma,2024-03-31 05:08:00,5583,7294,Beta,Beta,Delta,SKU-9875,1892,7452,7584,9241,6389,Other,,,,,,,,,,,,,,2023-06-25,9922,6609,Beta,LOT-8499,,SKU-6741,,,2784,565,8674,,2025-01-01,,,,,,,,,,,,,2026-06-29,,3410,,REF-3451,REF-2538,,,,7223,,,,Resolved the outstanding question about scope.
100217,Relay User,101551,taylor.larsson@sampleco.test,Jordan Kim,2024-12-23 17:04:00,noah.vance@acme-fake.test,Drew Costa,2025-02-14 20:56:00,Delta,,2026-02-13 06:40:00,,,,Y,REF-8652,464,Delta,4564,8160,8489,TAG-1391,Gamma,100709,100192,REF-7955,3652,,9384,3250,,LOT-8231,Delta,100290,100382,100104,100620,100107,100498,,100182,100440,100440,,100079,100598,TAG-8579,,Beta,,,,,REF-6962,100622,100156,100030,100110,,,100290,Alex Mensah,,,,,Alex M.,Riley Calder,,Not Available,SKU-9360,SKU-8687,,REF-7991,,,Marco Reyes,Delta,yara.kim@examplecorp.test,Individual Contributor,Contractor,Falcon Partners Inc,Mid-Level,Priya Reyes,Male,TAG-7417,TAG-6398,6254,Y,,Riley Dorsey,Elena Ford,,Aisha Mensah,"215,477",Chicago,Canada,Gamma,Standard,,7309,morgan.calder@sampleco.test,Mei Haddad,Recruiting,Noah Brooks,Alpha,,LOT-1319,LOT-1038,,Resolved the outstanding question about scope.,Phoenix,US Night,Alpha,Bookkeeper,Rowan Okafor,,,,Other,LOT-8406,Active,Delta,Reviewed performance and gathered feedback.,1283,7214,,Other,9622,4610,2809,Alpha,3084,8343,,Gamma,2026-03-22 19:21:00,3336,6887,Beta,Other,Beta,TAG-3470,6358,3839,2358,9528,2690,Alpha,2023-11-03 18:49:00,7246,2979,Standard,Alpha,Delta,TAG-7843,8555,6539,4421,4002,172,Gamma,,,,,,,,,,,,,,2026-03-21,2310,1977,,REF-4138,LOT-1940,TAG-4870,,,5810,1885,9453,Beta,2024-11-25,,,,,,,,,,,,,2024-02-29,2430,,Other,,,REF-1163,,4213,,570,,Gamma,Followed up on the open items from last week.
100615,Relay User,101552,drew.brooks@acme-fake.test,Sofia Blake,2024-05-06 13:38:00,priya.kim@examplecorp.test,Rowan Ford,2023-09-17 15:43:00,Standard,Diego Dorsey,2023-02-15 17:10:00,,,,Y,LOT-9404,7801,Beta,4858,2200,4454,LOT-9643,Alpha,,100302,LOT-1524,,,9962,,4424,,,100694,100638,100161,100597,100622,100530,,100634,100206,100053,100596,100734,100177,,,Delta,3824,8317,,,,100712,100370,100496,100516,100168,,100692,Rowan Ashby,,,Nina Brooks,LOT-3876,Rowan A.,Nina Calder,,Placed,REF-1199,LOT-8408,LOT-8636,LOT-1353,,,Taylor Patel,Gamma,arjun.rossi@acme-fake.test,Team Lead,Intern,Redwood Textiles Co,Junior,Noah Cohen,Prefer not to say,SKU-2606,LOT-7591,4930,N,,Omar Cohen,Avery Ashby,,Reese Larsson,,Atlanta,Canada,Beta,Beta,,3658,elena.okafor@demomail.test,Omar Whitfield,Finance,Avery Patel,Standard,,REF-3946,,,Discussed timeline and next steps with the account.,Chicago,Flexible,Beta,Project Manager,Omar Costa,TAG-4943,Performance,,Delta,TAG-5222,Inactive,Alpha,Shared the updated proposal for review.,,,3282,,5846,4635,7749,Gamma,,8717,1678,Beta,2022-12-25 10:37:00,5161,5574,Delta,Alpha,Alpha,TAG-2290,8171,8881,8710,321,8122,Gamma,2024-06-11 00:14:00,804,7727,Beta,Standard,Alpha,SKU-7888,389,9726,2212,9569,5642,Alpha,,,,,,,,,,,,,,2026-01-08,877,3803,,,SKU-6242,,1546,4678,6375,4751,2305,Delta,2022-12-21,,,,,,,,,,,,,2023-09-05,2012,,,LOT-8632,SKU-2398,,8038,,,,,Beta,Scheduled a check-in for the coming month.
100760,Relay User,101555,yara.okafor@examplecorp.test,Jamie Whitfield,2025-11-16 09:19:00,chen.rossi@examplecorp.test,Rahul Mensah,2023-05-24 08:46:00,Standard,Nina Ashby,2024-12-01 06:20:00,,,,Y,REF-1020,6629,Delta,3849,9787,5252,TAG-9962,Standard,100554,100774,SKU-3002,3525,Delta,2280,5767,6877,,,100005,100426,100014,100692,100420,100165,,100482,100520,100079,100625,,100153,LOT-6129,8425,,7343,,,,TAG-3073,100025,100772,100434,100568,,100560,100487,Sofia Costa,,,Jordan Reyes,TAG-4438,Sofia C.,,,N/A,LOT-9039,REF-3877,,REF-2691,,,Chen Ford,Gamma,sofia.whitfield@examplecorp.test,Individual Contributor,Contractor,Granite Solutions LLP,Mid-Level,Marco Kim,Female,LOT-8382,REF-6878,4999,N,SKU-2874,Diego Haddad,Aisha Silva,,Priya Brooks,"206,989",Austin,United States,,Alpha,Followed up on the open items from last week.,6770,drew.sato@examplecorp.test,Taylor Mensah,Sales,Marco Okafor,Other,,LOT-9483,LOT-6874,,Followed up on the open items from last week.,Mumbai,US Day,Alpha,Project Manager,Chen Patel,REF-7992,,,Standard,REF-3297,Active,Gamma,,,,,Beta,1329,6666,8711,Delta,6499,4736,6337,Other,2023-03-08 17:53:00,7144,7835,Beta,Beta,Alpha,LOT-2041,3426,9024,388,9903,1944,Alpha,2023-04-04 16:24:00,7854,6026,Gamma,Delta,Beta,SKU-9974,8626,3669,2958,8633,7438,Standard,,,,,,,,,,,,,,2025-01-06,4856,6708,Delta,,LOT-2482,SKU-3402,,4635,,1535,5624,Delta,2024-11-23,,,,,,,,,,,,,2025-04-25,,,,SKU-1403,TAG-9621,,4733,,,9631,,,Shared the updated proposal for review.
100452,Relay User,101556,elena.nguyen@examplecorp.test,Chen Ford,2025-10-02 13:45:00,noah.cohen@examplecorp.test,Arjun Sloan,2024-10-16 14:35:00,Other,,2024-02-25 05:09:00,,,,Y,SKU-6179,3782,Beta,9140,4469,878,SKU-9350,Gamma,100386,100434,,6921,Other,84,,,SKU-8628,Delta,100203,100576,100582,100086,100322,100356,100708,100641,100574,100203,100217,,100622,,,,3642,,1408,,,100585,100113,100023,100546,,,100235,Reese Brooks,,,Jordan Reyes,SKU-9007,Reese B.,Priya Brooks,SKU-6525,Not Available,LOT-2446,,TAG-4506,REF-2347,Delta,,Casey Brooks,Alpha,chen.costa@sampleco.test,Director,Intern,Pioneer Capital Group,Mid-Level,Priya Ashby,Male,SKU-3321,REF-6390,9551,Y,REF-5061,Jordan Garcia,Aisha Sloan,TAG-6192,,"179,712",Atlanta,United States,Other,Gamma,Reviewed performance and gathered feedback.,7124,aisha.mercer@demomail.test,Taylor Whitfield,Finance,,Delta,,TAG-9214,LOT-3531,,,Atlanta,Flexible,Alpha,Data Analyst,Morgan Sloan,,Voluntary Resignation,Delta,Standard,REF-4142,Inactive,Beta,,,5815,,Other,7946,7052,6233,Standard,,2288,,,2026-04-20 06:17:00,2483,5596,Delta,Beta,Gamma,REF-3239,1039,2594,5193,5589,3836,Beta,2023-01-05 22:26:00,8525,5434,Beta,Delta,Delta,LOT-2207,1928,6337,845,632,1589,Gamma,,,,,,,,,,,,,,2023-06-02,1598,3313,Delta,TAG-9248,LOT-7844,TAG-8572,8127,2718,4577,6651,559,,2023-03-12,,,,,,,,,,,8460,,2024-02-17,,4492,Other,,,TAG-1363,,,,6851,5438,,Followed up on the open items from last week.
100410,Relay User,101557,elena.calder@sampleco.test,Sofia Costa,2024-04-14 19:10:00,drew.nguyen@examplecorp.test,Casey Cohen,2026-04-30 12:36:00,Standard,,2025-10-27 17:03:00,,,,Y,LOT-7292,8222,Delta,9058,4681,9666,TAG-3800,Gamma,100715,100285,TAG-6326,6221,,7538,,,TAG-3319,Alpha,100686,100322,100522,100485,100607,100403,100301,100329,100696,100782,100771,100291,100080,,,Alpha,9574,,,LOT-5771,,100565,100780,100242,,100136,100117,100558,Skyler Rossi,,,,,Skyler R.,Priya Calder,,N/A,TAG-8183,,SKU-9182,SKU-1482,,,Aisha Garcia,Standard,chen.haddad@acme-fake.test,Manager,Part-Time,Granite Retail,Senior,Rowan Patel,Female,SKU-5394,REF-7061,6235,N,SKU-7347,Taylor Ford,Noah Blake,TAG-4198,Diego Haddad,,Bengaluru,Mexico,Delta,Alpha,Shared the updated proposal for review.,7501,rahul.blake@acme-fake.test,Rahul Reyes,Marketing,,Other,,REF-1844,TAG-5995,,Aligned on billing and renewal terms.,Denver,US Day,Standard,Data Analyst,Drew Vance,LOT-3918,,,Standard,REF-7041,Active,Beta,,,,6401,,9341,2504,6551,Standard,1779,9687,,Standard,2025-03-25 07:08:00,3581,6264,Alpha,Alpha,Gamma,TAG-5854,4743,7085,7735,8546,2037,Gamma,2024-08-28 09:36:00,6784,7382,Beta,Standard,Other,LOT-8517,7559,4384,1112,7967,7812,Standard,,,,,,,,,,,,,,2023-08-19,8644,,,TAG-2876,LOT-2874,,3725,4709,6649,6761,193,Alpha,2026-06-23,,,,,,,7481,,,,,,2024-08-14,,7748,,,,,8146,,4864,2200,,Standard,Resolved the outstanding question about scope.
100632,Relay User,101558,nina.cohen@sampleco.test,Morgan Haddad,2023-01-06 18:09:00,rowan.silva@demomail.test,Avery Rossi,2026-05-26 11:49:00,Alpha,Fatima Mensah,2024-12-05 13:14:00,,,,Y,REF-3199,6338,Gamma,4917,559,8398,SKU-6876,Alpha,100117,100334,,5712,Gamma,1118,,949,SKU-2396,Alpha,100638,100454,100275,100543,100500,100400,,100447,,100165,100616,100726,100259,,3810,Standard,,,,,TAG-5847,100169,,100101,,100122,,100494,Marco Ford,,,Noah Rossi,REF-1988,Marco F.,Reese Rossi,SKU-9012,Placed but Available,TAG-5430,TAG-2470,,REF-1817,,,Noah Rossi,Beta,sofia.sato@acme-fake.test,Manager,Contractor,Brightpath Industries Inc,Lead,Chen Nguyen,Prefer not to say,SKU-6213,TAG-9548,4587,N,,Diego Calder,Jamie Sloan,,Elena Vance,"152,908",Atlanta,Australia,Delta,Other,,1859,skyler.garcia@demomail.test,Yara Vance,Marketing,,Other,,LOT-8781,,,,Atlanta,Flexible,Standard,QA Engineer,Morgan Mensah,LOT-7970,,,Standard,REF-3659,Active,Delta,,,,3147,Standard,5635,7065,9316,Alpha,3174,5778,7165,Gamma,2025-02-07 03:30:00,4209,7908,Standard,Alpha,Delta,LOT-7015,2664,430,7745,6041,803,Gamma,2025-12-27 18:31:00,2521,562,Alpha,Alpha,Delta,REF-1312,1502,7119,639,3466,201,Other,,,,,,,,,,,,,,2024-07-19,6098,,Standard,SKU-2928,LOT-1796,SKU-2435,6543,4918,4579,848,6907,Beta,2026-03-10,,,,,,,,,,,,,2024-05-10,,,,LOT-9455,TAG-4832,LOT-1775,,,,,,Alpha,Discussed timeline and next steps with the account.
100301,Relay User,101560,rowan.sloan@demomail.test,Aisha Patel,2025-05-26 12:04:00,liam.cohen@sampleco.test,Aisha Garcia,2024-04-19 09:53:00,Alpha,Taylor Vance,2025-05-25 19:52:00,,,,N,SKU-2279,1264,Gamma,5176,4655,2242,TAG-7783,Alpha,100049,100151,,4149,Standard,3185,3473,5609,,Delta,100091,100413,100546,100799,100086,100634,,100216,,100746,,100113,100063,,,,3571,3184,4491,LOT-1975,,100254,100708,100641,,,100223,100418,Reese Ford,,,Yara Ashby,TAG-8332,Reese F.,,,Placed,,,SKU-4856,REF-4787,Delta,,Fatima Okafor,Standard,taylor.larsson@examplecorp.test,Team Lead,Contractor,Horizon Retail Inc,Mid-Level,Skyler Mensah,Female,LOT-9642,TAG-4244,8212,Y,TAG-1837,Mei Larsson,Elena Ford,SKU-1896,,,Bengaluru,United Kingdom,,Other,,,avery.nguyen@examplecorp.test,Elena Vance,Data & Analytics,Riley Blake,Standard,,REF-1053,,Resolved the outstanding question about scope.,,Phoenix,US Night,,Project Manager,Arjun Vance,LOT-9234,,,Gamma,REF-6905,Active,Other,Followed up on the open items from last week.,,,,Standard,9645,6133,8582,Gamma,,,,Delta,2025-12-06 10:55:00,2148,6674,Other,Alpha,Gamma,LOT-1381,2019,4158,9766,3043,7479,Alpha,2025-07-14 15:24:00,767,1657,Alpha,Gamma,Delta,SKU-7810,13,6583,944,2673,2174,Standard,,,,,,,,,,,,,,2025-04-03,,8721,Standard,REF-8715,REF-3309,LOT-2439,9331,2423,8667,4651,,,2024-06-09,,,,,,,,,,,,,2025-05-16,8975,9349,,,,LOT-5501,,7060,,,,,Discussed timeline and next steps with the account.
100642,Relay User,101563,liam.kim@acme-fake.test,Morgan Dorsey,2024-08-21 01:09:00,arjun.dorsey@sampleco.test,Noah Costa,2025-03-16 15:06:00,Standard,,2023-05-31 00:18:00,,,,N,TAG-5503,2500,Standard,1465,6806,7687,REF-5097,Alpha,100216,100370,TAG-3411,6491,Alpha,3123,9170,2734,LOT-1562,,100641,100607,100542,100245,100613,,100111,100667,100788,100034,,,,REF-8617,,,,,,,,100290,100527,100227,100282,100627,,100376,Quinn Calder,,,,REF-2882,Quinn C.,Nina Garcia,,Placed,REF-7183,,LOT-9707,LOT-6891,,,Aisha Silva,Delta,emerson.ashby@sampleco.test,Manager,Contractor,Harbor Energy Co,Senior,Casey Okafor,Male,SKU-7357,LOT-9834,,Y,,Mei Larsson,Morgan Whitfield,,Noah Whitfield,"231,953",Phoenix,Germany,Beta,Alpha,,6487,emerson.sato@acme-fake.test,Quinn Patel,Accounting,Arjun Vance,Standard,,REF-8637,SKU-1360,,Resolved the outstanding question about scope.,Bengaluru,US Evening,Alpha,Data Analyst,Drew Nguyen,LOT-9154,,,Delta,LOT-5093,Active,Delta,,,,,,1225,5657,5007,Alpha,7,1681,1104,Other,2023-05-22 11:31:00,3948,789,Alpha,Other,Gamma,LOT-9505,8783,7317,5437,4800,9525,Other,2024-07-12 19:51:00,112,1817,Beta,Standard,Gamma,REF-2855,8290,9006,4784,9767,5891,Delta,,,,,,,,,,,,,,2026-07-26,831,1470,Delta,LOT-7967,REF-4904,LOT-4616,9952,8388,7619,4400,8797,,2024-04-16,,,,,,,,,,,,,2025-03-25,,1526,,TAG-7208,,,5881,5190,,3775,,Delta,Noted a concern to revisit at the next sync.
100389,Relay User,101565,elena.costa@sampleco.test,Nina Ivanov,2026-04-14 07:32:00,reese.mensah@demomail.test,Morgan Blake,2026-05-14 20:47:00,Beta,Jordan Rossi,2023-06-02 06:26:00,,,,Y,REF-9973,175,Standard,4251,1534,7735,LOT-1141,Other,100637,100146,LOT-6515,2543,Beta,,,1826,SKU-9738,Other,100634,100723,100546,100473,100185,100750,,100245,100455,,100628,100759,100755,,3907,,,128,,,,100803,100216,100302,,,,100511,Drew Cohen,,,Avery Vance,,Drew C.,,,Placed,TAG-1526,,,TAG-5707,Standard,,Mei Vance,Other,nina.vance@examplecorp.test,Manager,Intern,Horizon Financial LLP,Entry,Emerson Ashby,Female,SKU-2311,TAG-7459,7645,Y,REF-5735,Drew Sato,Aisha Vance,,,"195,172",Manila,Philippines,Delta,Gamma,,2227,morgan.dorsey@acme-fake.test,Rahul Larsson,Marketing,Sofia Larsson,Gamma,,TAG-2136,REF-5559,,,Phoenix,Flexible,Standard,Payroll Specialist,Emerson Patel,SKU-4033,Restructuring,,Alpha,LOT-7670,Inactive,Beta,Discussed timeline and next steps with the account.,,2528,,,978,7831,9472,Other,7957,5662,5360,Beta,2023-01-19 10:16:00,7658,9701,Beta,Standard,Delta,REF-7529,5931,3579,8711,4465,8806,Delta,2022-11-08 18:45:00,9957,6872,Alpha,Delta,Alpha,LOT-4637,2170,6745,3020,7846,6074,Alpha,,,,,,,,,,,,,,2023-06-18,206,6123,Other,REF-1120,LOT-6604,TAG-5572,2170,4612,,3988,,Beta,2025-06-05,,,,,,,,,,,,,2023-12-14,,,,,,TAG-3410,3300,1332,,,849,Alpha,Discussed timeline and next steps with the account.
100765,Relay User,101568,nina.larsson@examplecorp.test,Diego Reyes,2024-01-13 21:27:00,emerson.nguyen@sampleco.test,Avery Ford,2023-04-14 09:43:00,Standard,Taylor Haddad,2025-10-13 19:59:00,,,,Y,LOT-4044,6350,Standard,5145,1532,4122,LOT-1755,Standard,100134,100215,,367,Alpha,1937,,2490,,,100062,100101,100445,100158,100518,100767,100386,100119,,100492,,100308,,,,Beta,9347,5316,1991,,,100731,100111,100617,,100333,100313,100314,Jordan Sloan,,,,TAG-3436,Jordan S.,Taylor Brooks,,Available,TAG-6170,SKU-4362,,TAG-4208,Alpha,,Noah Rossi,Beta,reese.nguyen@sampleco.test,Individual Contributor,Intern,Lakeside Foods Co,Entry,Fatima Cohen,Female,TAG-8161,TAG-5195,5011,Y,TAG-1800,Rahul Silva,Riley Rossi,,Nina Okafor,"224,733",Atlanta,India,Standard,Gamma,,1554,morgan.haddad@acme-fake.test,Alex Whitfield,Sales,Riley Nguyen,Gamma,,SKU-8640,REF-3576,,,Denver,US Evening,Gamma,Payroll Specialist,Emerson Brooks,LOT-5049,,Gamma,Delta,TAG-7069,Active,Gamma,Discussed timeline and next steps with the account.,7690,,6612,Alpha,1499,7577,9150,Alpha,663,5190,2021,Other,2023-04-06 20:28:00,2406,3538,Beta,Beta,Alpha,LOT-7828,8925,9639,5887,5527,4002,Other,2025-11-10 13:44:00,9623,1800,Gamma,Other,Alpha,TAG-1844,3206,2216,9437,448,1765,Standard,,,,,,,,,,,,,,2025-04-19,8091,5100,Standard,TAG-7712,REF-3300,TAG-8534,3104,4746,8859,6863,9770,Delta,2025-06-09,,,,,,,,,,,,,2025-11-21,,586,,,,REF-9457,,5578,7101,,9603,,Resolved the outstanding question about scope.
100523,Relay User,101570,sofia.silva@demomail.test,Emerson Patel,2026-07-12 03:37:00,alex.nguyen@demomail.test,Noah Silva,2026-07-20 09:50:00,Delta,Skyler Dorsey,2025-06-28 14:21:00,,,,Y,TAG-1114,2800,Gamma,4016,6332,4236,SKU-7030,Standard,,100229,,1696,,,8372,5178,REF-3064,Standard,100558,100336,100603,100393,100522,100101,,100389,100080,100017,100625,,100555,,,Alpha,,,,REF-2693,,100593,100049,,100413,100723,,100322,Arjun Garcia,SKU-3311,,Rowan Larsson,LOT-6079,Arjun G.,,,N/A,SKU-6873,TAG-4629,REF-1298,LOT-5922,,,Elena Calder,Delta,jordan.reyes@acme-fake.test,Manager,Intern,Cardinal Holdings Corp,Lead,Emerson Silva,Non-binary,TAG-5201,LOT-1974,,N,LOT-3609,Arjun Sato,Mei Rossi,TAG-8621,Noah Ford,"190,400",Denver,India,,Gamma,,2691,chen.garcia@demomail.test,Nina Dorsey,Data & Analytics,Alex Ford,Beta,,LOT-8898,TAG-7108,,Resolved the outstanding question about scope.,Chicago,US Day,Gamma,Support Specialist,Arjun Reyes,SKU-1226,Relocation,,Alpha,TAG-1993,Inactive,Alpha,,,,,,9108,2490,4996,Other,2378,,,Delta,2024-05-25 05:08:00,7040,6995,Other,Alpha,Other,SKU-6379,1859,9586,507,5767,4988,Beta,2026-02-20 09:27:00,5572,6244,Other,Standard,Beta,SKU-7638,7880,5843,1288,5068,7410,Alpha,,,,,,,,,,,,,,2022-11-07,3703,8620,Delta,SKU-3265,TAG-1471,REF-6774,8744,4266,8127,8100,7558,Standard,2023-06-14,,,,,,,,,,,,,2023-08-28,,,Beta,,LOT-3502,,6853,2825,,,,Other,Followed up on the open items from last week.
100269,Relay User,101573,chen.cohen@demomail.test,Chen Reyes,2024-11-15 15:08:00,mei.brooks@sampleco.test,Taylor Nguyen,2026-05-31 09:20:00,Beta,,2023-08-09 09:44:00,,,,N,SKU-8502,9187,Alpha,8810,601,300,TAG-3763,Alpha,100607,100601,,4042,Standard,,,7317,SKU-6331,,100530,100328,100497,100408,100285,100242,100497,100479,,100786,100622,100440,100798,SKU-8249,,,,,9827,LOT-9574,SKU-2183,100302,100097,100454,,100107,100301,100720,Drew Sloan,,,Rowan Mercer,,Drew S.,Nina Ashby,,Available,LOT-6771,,,SKU-8557,,,Quinn Reyes,Alpha,taylor.sato@acme-fake.test,Individual Contributor,Full-Time,Keystone Networks Corp,Entry,Marco Sloan,Male,LOT-1552,REF-3567,7043,N,TAG-9079,Rahul Calder,Aisha Ashby,,Quinn Nguyen,,Seattle,Germany,Other,Beta,Followed up on the open items from last week.,,casey.ivanov@acme-fake.test,Aisha Blake,Software Engineering,Nina Okafor,Standard,,SKU-1166,,,Reviewed performance and gathered feedback.,Phoenix,US Day,Beta,Marketing Coordinator,Liam Ivanov,,,Standard,Alpha,REF-8272,Active,Delta,,,,,,7612,8853,1137,Other,,4980,6111,Gamma,2026-01-08 22:39:00,9708,5327,Standard,Standard,Alpha,SKU-5070,6585,1846,1799,7700,5407,Other,2025-11-09 12:39:00,7089,5078,Delta,Beta,Gamma,LOT-9643,8925,2974,716,2131,3268,Alpha,,,,,,,,,,,,,,2023-01-16,,7345,Gamma,,LOT-6499,SKU-1649,,8109,9544,7591,2962,Delta,2022-11-23,,,,,,,,,,,,,2024-03-08,2116,,,,,,6270,3557,,,7555,Other,Resolved the outstanding question about scope.
100780,Relay User,101574,quinn.okafor@acme-fake.test,Liam Garcia,2025-01-19 17:32:00,noah.brooks@acme-fake.test,Omar Dorsey,2023-12-30 10:32:00,Alpha,,2025-12-27 13:31:00,,,,Y,LOT-2551,522,Delta,628,8692,6827,SKU-4767,Delta,100447,100293,SKU-7801,8600,,1962,2846,,,Alpha,100702,100503,100123,100735,100206,100603,100322,100551,100113,100213,100329,,100593,,,,,,,,,100254,100220,100255,100153,100424,100398,100670,Aisha Whitfield,,,Sofia Reyes,LOT-3050,Aisha W.,Emerson Reyes,LOT-8209,Available,TAG-7205,,,REF-2281,,,Liam Larsson,Other,skyler.sato@sampleco.test,Director,Part-Time,Summit Energy LLC,Senior,Reese Mensah,Male,SKU-1443,REF-4074,3765,N,LOT-9479,Fatima Cohen,Sofia Patel,,Chen Haddad,"12,199",Toronto,United States,Gamma,Alpha,,8591,marco.calder@demomail.test,Fatima Brooks,Operations,Nina Costa,Other,,SKU-4037,REF-3280,,Aligned on billing and renewal terms.,Atlanta,US Evening,Beta,Project Manager,Aisha Okafor,TAG-4784,,,Beta,SKU-3352,Active,Alpha,,,,6408,,225,5671,4534,Gamma,,2021,1241,Other,2023-12-03 20:32:00,5486,838,Alpha,Beta,Alpha,TAG-3765,4211,1440,9051,1578,6439,Beta,2026-03-21 05:52:00,2060,5157,Beta,Alpha,Gamma,REF-5319,9870,5743,4948,1155,9908,Beta,,,,,,,,,,,,,,2024-04-13,4048,1085,,REF-6303,LOT-9560,,2209,208,,3153,6953,,2026-01-15,,,,,,,,,,,,,2024-04-02,7598,4030,Beta,TAG-5574,LOT-2362,,,5550,,,,,Shared the updated proposal for review.
100079,Relay User,101576,arjun.reyes@sampleco.test,Diego Blake,2024-09-17 18:11:00,fatima.kim@demomail.test,Elena Cohen,2025-09-22 00:37:00,,Reese Nguyen,2026-01-25 11:27:00,,,,N,LOT-8167,8756,Standard,6377,3400,6508,TAG-3917,Delta,100597,100516,LOT-7306,2107,Standard,4683,4998,6617,LOT-2307,,100267,100539,100498,100206,100129,100717,100136,100073,,,100607,,100688,REF-6339,,Delta,,,,SKU-3621,,100008,100197,100513,100548,,,100080,Jordan Cohen,,,Elena Silva,REF-8484,Jordan C.,Jordan Whitfield,,Placed,SKU-7325,LOT-8680,,REF-7856,,,Quinn Sato,Gamma,emerson.rossi@sampleco.test,Individual Contributor,Intern,Delta Networks Corp,Lead,Marco Sloan,Prefer not to say,SKU-9242,SKU-5606,,N,,Marco Mensah,Riley Sato,,Emerson Ford,,Chicago,Philippines,Standard,Gamma,Aligned on billing and renewal terms.,2282,quinn.garcia@examplecorp.test,Jordan Silva,Customer Support,,Gamma,,LOT-5231,LOT-6968,,,Atlanta,US Evening,Beta,Bookkeeper,Aisha Silva,SKU-7171,,,Delta,SKU-5971,Active,Other,,7951,,5411,,6842,615,4183,Gamma,9337,,943,,2024-02-20 19:29:00,1958,1725,Other,Other,Other,REF-8285,683,279,1321,880,7451,Other,2024-03-20 15:39:00,1005,3333,Alpha,Gamma,Gamma,TAG-7538,6106,1935,9955,2988,3232,Gamma,,,,,,,,,,,,,,2025-06-05,382,9079,Standard,REF-2120,TAG-7518,,5096,7559,4694,1971,360,Beta,2024-09-01,,,,,,,,,,,,,2026-01-04,1934,3571,,,,,,6925,,,9497,,Followed up on the open items from last week.
100262,Relay User,101577,rowan.silva@sampleco.test,Emerson Rossi,2026-05-08 18:43:00,drew.silva@demomail.test,Marco Nguyen,2024-09-05 20:01:00,Alpha,Emerson Rossi,2023-09-24 10:01:00,,,,Y,TAG-5915,6185,Delta,7456,5060,3607,REF-3858,Beta,100070,100293,TAG-5755,8908,Other,7230,1688,44,REF-3412,Beta,100613,100585,100086,100641,100282,100377,100546,100012,,,100169,100356,100143,SKU-3058,8007,,49,1968,,,REF-7786,100413,100477,,100205,,100468,100314,Fatima Dorsey,,,Emerson Larsson,REF-7559,Fatima D.,Casey Vance,SKU-3228,Available,LOT-4290,SKU-5880,,REF-2904,,,Omar Sato,Gamma,emerson.ashby@sampleco.test,Individual Contributor,Part-Time,Copper Retail Corp,Junior,Nina Ashby,Non-binary,SKU-9255,TAG-8545,4451,Y,,Yara Garcia,Quinn Calder,,,,Manila,Canada,Alpha,Gamma,,7636,emerson.kim@acme-fake.test,Marco Mercer,Accounting,Liam Larsson,Standard,,TAG-9327,,,Shared the updated proposal for review.,Toronto,US Evening,Beta,Data Analyst,Alex Calder,,Restructuring,,Beta,REF-1482,Inactive,Other,Followed up on the open items from last week.,,,,,2981,9973,2956,Beta,2975,4097,4633,,2025-06-17 18:13:00,6837,7100,Other,Other,Standard,SKU-2888,6975,5981,6118,9372,2777,Beta,2023-06-07 13:57:00,7778,1003,Gamma,Standard,Other,LOT-5817,5999,7707,788,1590,5291,Alpha,,,,,,,,,,,,,,2023-10-15,,8507,Gamma,LOT-6562,SKU-9314,,5513,5410,2368,,7974,Other,2024-08-13,,,,,,,,,,,,,2023-04-18,,,,,,REF-1687,,,6446,8070,,,Shared the updated proposal for review.
100576,Relay User,101578,sofia.mensah@demomail.test,Emerson Calder,2024-01-22 15:58:00,priya.mensah@acme-fake.test,Casey Okafor,2022-12-04 17:44:00,Beta,Marco Larsson,2025-01-29 02:18:00,,,,Y,LOT-5716,3430,Gamma,7524,6148,4957,TAG-5381,Other,,100217,REF-4669,,Alpha,2048,5284,7855,,,100134,100323,100322,100449,100298,100359,100434,100308,,100251,100334,,100485,SKU-9865,,Beta,1376,,9966,,,100316,100437,100184,100094,100353,100113,100696,Liam Rossi,,Yara Okafor,Casey Reyes,REF-7440,Liam R.,Quinn Ivanov,TAG-1068,Available,LOT-3711,,,LOT-7976,Delta,,Elena Reyes,Delta,quinn.sloan@examplecorp.test,Individual Contributor,Part-Time,Blue Ridge Media Ltd,Lead,Jamie Whitfield,Male,TAG-3285,LOT-6295,6893,N,LOT-2956,Priya Dorsey,Alex Costa,REF-2369,Nina Vance,"2,504",London,United States,Delta,Standard,,8214,fatima.brooks@sampleco.test,Skyler Costa,Marketing,,Delta,,SKU-5879,SKU-1071,,Discussed timeline and next steps with the account.,London,US Day,Gamma,Operations Associate,Marco Garcia,,,,Standard,SKU-4302,Active,Delta,,,3912,,Delta,8845,888,587,Other,,9947,3102,Delta,2023-05-07 20:27:00,672,3481,Delta,Alpha,Other,TAG-8887,7450,7321,264,6443,2351,Gamma,2025-02-21 15:51:00,9936,3913,Beta,Beta,Beta,LOT-5082,6823,7725,1182,8787,5084,Other,,,,,,,,,,,,,,2024-03-14,5075,,Beta,LOT-6339,SKU-1760,,5945,,4507,4787,,Beta,2025-12-22,,,,,,,,,,,,,2025-04-05,,,Beta,,,LOT-4204,,4639,5336,3150,,,Aligned on billing and renewal terms.
100235,Relay User,101580,taylor.sato@acme-fake.test,Reese Mercer,2025-09-11 03:59:00,drew.mercer@demomail.test,Elena Ivanov,2023-04-11 02:06:00,Standard,,2023-09-06 13:30:00,,,,N,LOT-6507,890,Other,4158,7930,1082,TAG-5587,Other,100771,100122,,1968,Other,349,2328,,SKU-7008,,100182,100477,100139,100520,100245,100736,,100305,,100342,100314,100070,100494,,,,,,,,,,100143,100417,,,100731,100750,Riley Patel,,,,TAG-4772,Riley P.,Arjun Vance,,Placed,,,,LOT-1922,,,Priya Mensah,Other,taylor.rossi@examplecorp.test,Individual Contributor,Full-Time,Beacon Industries Inc,Senior,Skyler Sloan,Prefer not to say,LOT-4398,REF-3295,,Y,,Chen Ford,Yara Okafor,TAG-8286,,"71,527",Manila,Germany,Standard,Standard,,,nina.mercer@acme-fake.test,Liam Sato,Software Engineering,Riley Brooks,Standard,,TAG-9605,,,,Toronto,US Day,Standard,Recruiter,Fatima Cohen,TAG-2515,,,Gamma,SKU-9542,Active,Standard,Noted a concern to revisit at the next sync.,,,,Gamma,4750,795,5118,Gamma,,9780,7479,Delta,2023-08-14 12:18:00,4387,8299,Standard,Alpha,Beta,LOT-7067,2019,1250,959,9242,8980,Alpha,2022-10-05 21:00:00,3675,8975,Delta,Standard,Other,LOT-9010,3382,2838,3213,7675,5181,Delta,,,,,,,,,,,,,,2025-08-22,7414,1133,,LOT-9890,TAG-5559,SKU-8246,2553,441,8528,5267,2904,Standard,2023-09-07,,,,,,,,,,,,,2024-07-01,,4888,,LOT-5354,,,,,3569,,6671,,Followed up on the open items from last week.
100758,Relay User,101582,sofia.vance@acme-fake.test,Riley Rossi,2023-09-17 13:15:00,liam.mensah@examplecorp.test,Emerson Sato,2025-11-22 06:46:00,Other,Chen Sato,2023-08-23 06:48:00,,,,Y,REF-9655,2302,Standard,3445,6569,222,LOT-4552,Gamma,100763,100527,TAG-4761,7769,Alpha,1133,,9760,,,100251,100107,100405,100527,100288,100286,,100447,,100445,100522,,100243,,,Gamma,7673,,,,,100005,100189,100339,,100322,100513,100197,Aisha Blake,,,Yara Mercer,LOT-1643,Aisha B.,Liam Rossi,,Placed,SKU-1494,,REF-3992,REF-3553,Beta,,Morgan Ivanov,Delta,arjun.okafor@sampleco.test,Manager,Intern,Lakeside Manufacturing Ltd,Mid-Level,Omar Calder,Prefer not to say,REF-8706,TAG-5885,5995,N,SKU-7550,Emerson Whitfield,Omar Brooks,,Reese Ford,"156,417",Bengaluru,United States,Alpha,Beta,,,avery.patel@examplecorp.test,Morgan Brooks,Software Engineering,,Standard,,LOT-1621,SKU-8792,,,Dallas,US Evening,Beta,Marketing Coordinator,Yara Vance,,,,Standard,REF-7506,Active,Beta,,,,,Beta,6420,4799,5177,Standard,1948,1348,2333,Other,2026-02-06 05:23:00,4402,3363,Alpha,Alpha,Beta,TAG-7763,6578,2186,5788,6071,4952,Standard,2024-04-25 07:39:00,7448,1139,Alpha,Other,Delta,LOT-5773,702,7655,8988,7527,8418,Standard,,,,,,,,,,,,,,2025-12-19,8516,9738,,TAG-4444,REF-3837,LOT-4132,2129,613,5058,6007,,Delta,2025-06-13,,,,,,,,,,,,,2025-09-25,,,Other,SKU-8458,,,8800,1012,,8565,,,Shared the updated proposal for review.
100492,Relay User,101584,aisha.rossi@sampleco.test,Rahul Dorsey,2026-05-09 11:34:00,chen.haddad@sampleco.test,Rowan Larsson,2026-07-05 16:48:00,Alpha,Reese Kim,2023-06-26 22:58:00,,,,Y,LOT-6392,8376,Gamma,353,9545,5633,LOT-7377,Alpha,100758,100712,REF-4184,1721,,7709,3999,9746,SKU-7890,Gamma,100685,100169,100709,100234,100692,100421,100083,100391,,100484,,100492,100313,,1147,Delta,4511,1932,,,,100715,100016,100676,100217,100076,100617,100688,Jordan Silva,,,Fatima Dorsey,LOT-8695,Jordan S.,Omar Garcia,,Placed,TAG-4869,,,TAG-5665,Delta,,Riley Okafor,Standard,rahul.ford@acme-fake.test,Director,Full-Time,Delta Textiles Group,Entry,Emerson Calder,Non-binary,LOT-7782,REF-9969,6834,N,,Rowan Cohen,Chen Sato,,Reese Okafor,,Atlanta,United States,Standard,Delta,,8097,rowan.nguyen@demomail.test,Taylor Ford,Accounting,,Alpha,,REF-7899,,Aligned on billing and renewal terms.,Resolved the outstanding question about scope.,Bengaluru,US Night,Standard,HR Generalist,Drew Vance,SKU-8823,,,Standard,SKU-4652,Active,Other,,,9572,,Gamma,5692,3178,5890,Gamma,,7343,4426,Gamma,2024-04-26 08:04:00,75,1834,Alpha,Other,Beta,LOT-2967,5756,6572,7767,9870,5681,Delta,2026-03-29 13:37:00,1093,5646,Beta,Beta,Gamma,SKU-4807,593,832,2671,5367,2726,Standard,,,,,,,,,,,,,,2025-09-07,2798,5896,Beta,TAG-5668,SKU-3086,SKU-2104,3316,5475,8756,,5883,,2025-06-13,,,,,,,,,,,6201,,2022-12-11,9569,,,,SKU-3295,,4149,,,,6743,Standard,Resolved the outstanding question about scope.
100062,Relay User,101585,mei.mensah@sampleco.test,Marco Ivanov,2024-10-15 18:06:00,jordan.mercer@examplecorp.test,Fatima Patel,2024-08-12 15:29:00,Standard,,2026-06-26 00:32:00,,,,Y,TAG-8823,2909,Gamma,2470,9390,4489,REF-7283,Standard,100598,100573,TAG-7969,5790,,162,,6840,REF-1400,,100712,100591,100490,100772,100487,100128,100142,100576,,100076,,100565,100772,,,,5330,,,,SKU-2265,100293,100329,100746,100576,100173,100563,100042,Drew Patel,,,Jordan Silva,TAG-3054,Drew P.,Quinn Blake,,N/A,REF-1286,LOT-2145,,REF-9377,Alpha,,Avery Vance,Alpha,emerson.garcia@sampleco.test,Manager,Full-Time,Beacon Dynamics Corp,Lead,Diego Silva,Female,REF-5748,REF-8956,7980,N,TAG-7126,Rowan Haddad,Noah Garcia,TAG-5840,Marco Patel,,Austin,United States,Delta,Standard,,218,marco.ivanov@acme-fake.test,Nina Silva,Accounting,Fatima Sloan,Gamma,,LOT-4320,LOT-8851,,,Mumbai,US Night,Other,Payroll Specialist,Arjun Kim,REF-2778,Voluntary Resignation,,Standard,REF-3219,Inactive,Alpha,,,,,Standard,9657,2494,1732,Delta,,,,,2026-01-08 09:22:00,5690,1866,Beta,Other,Delta,SKU-2796,8956,747,8904,5369,3418,Delta,2025-05-27 21:01:00,9983,1004,Alpha,Standard,Delta,TAG-4475,535,194,5706,8548,9013,Gamma,,,,,,,,,,,,,,2024-05-18,,2601,Alpha,REF-5065,LOT-3634,REF-8656,1757,1028,5850,7397,,Other,2025-09-15,,,,,,,,,,,,,2022-12-03,,,Standard,REF-6151,,,1060,,4971,,34,,Aligned on billing and renewal terms.
100158,Relay User,101588,morgan.brooks@examplecorp.test,Fatima Ivanov,2025-07-11 17:59:00,marco.silva@examplecorp.test,Taylor Okafor,2023-05-13 07:26:00,Alpha,Quinn Sato,2024-07-16 19:17:00,,,,Y,SKU-9118,3230,Beta,4823,558,8428,TAG-1891,Standard,100267,100056,,7630,Delta,3034,,,SKU-7352,Standard,100302,100051,100576,100339,100288,100617,100613,100587,,100060,100415,100522,100579,SKU-5435,9069,,,386,,,,100543,100738,100322,100190,,100690,100749,Riley Mercer,,,,LOT-4973,Riley M.,Elena Garcia,,Placed but Available,TAG-8667,,REF-6602,SKU-8463,,,Elena Ivanov,Beta,liam.ashby@sampleco.test,Manager,Part-Time,Cardinal Labs Co,Senior,Liam Haddad,Male,REF-9334,SKU-4763,7594,Y,,Skyler Nguyen,Aisha Larsson,,Arjun Mercer,,Denver,Canada,Beta,Delta,Aligned on billing and renewal terms.,1232,chen.haddad@demomail.test,Mei Okafor,Operations,,Gamma,,TAG-4256,,,,Atlanta,US Evening,Gamma,Executive Assistant,Taylor Ford,,,Beta,Gamma,LOT-1792,Active,Beta,,,2460,,Standard,4462,3656,8899,Gamma,5081,,,Delta,2025-10-02 20:47:00,233,5691,Standard,Alpha,Delta,SKU-1901,1206,9411,845,6914,4619,Other,2023-04-02 01:31:00,1399,5620,Alpha,Alpha,Gamma,SKU-3863,5418,5004,2824,2750,3075,Gamma,,,,,,,,,,,,,,2026-01-07,,3048,,REF-1435,REF-9119,,4308,3744,8702,9318,2771,,2025-03-03,,,,,,,,,,,,,2025-11-12,,6885,,REF-6568,LOT-3898,REF-1559,,,5274,3641,97,Other,Aligned on billing and renewal terms.
100530,Relay User,101590,avery.ford@demomail.test,Morgan Ford,2026-05-27 18:53:00,rowan.costa@examplecorp.test,Riley Brooks,2026-04-30 03:42:00,Delta,Diego Mensah,2025-08-24 06:58:00,,,,Y,LOT-7953,3910,Beta,1940,1367,3545,TAG-7884,Beta,100272,100251,,,Gamma,9333,3279,702,,Gamma,100168,100800,100005,100359,100223,100139,,100302,,100171,100571,100759,100604,SKU-2827,7909,,,,,LOT-1837,REF-3054,100551,100468,100492,100351,100492,100487,100031,Reese Whitfield,,,Jordan Cohen,REF-9671,Reese W.,Fatima Blake,,Placed,SKU-5662,,,LOT-7791,,,Liam Cohen,Gamma,reese.blake@sampleco.test,Manager,Part-Time,Blue Ridge Solutions Co,Entry,Alex Whitfield,Female,REF-2189,SKU-6125,8780,Y,,Priya Brooks,Marco Vance,,Riley Patel,"161,709",Seattle,Germany,Standard,Beta,,8499,jamie.mensah@sampleco.test,Drew Ashby,Data & Analytics,Avery Vance,Gamma,,SKU-9413,,,,Denver,Flexible,,Payroll Specialist,Priya Ford,SKU-8662,,,Delta,LOT-7820,Active,Delta,,,,,Delta,2277,9486,3162,Standard,,,176,Standard,2025-04-06 23:48:00,1944,7866,Other,Delta,Beta,LOT-7859,8639,2304,5321,6765,2197,Standard,2026-01-25 00:52:00,8136,1347,Alpha,Other,Alpha,REF-5967,6033,9856,4970,9727,4188,Delta,,,,,,,,,,,,,,2024-05-27,1125,8839,Alpha,REF-8199,,LOT-7030,,9634,,9630,449,Beta,2023-10-21,,,,,,,,,,,,,2022-10-09,,422,,,,,,6984,2686,,3025,,Shared the updated proposal for review.
100223,Relay User,101591,marco.ford@sampleco.test,Sofia Blake,2024-09-03 03:17:00,skyler.mensah@demomail.test,Omar Dorsey,2025-10-04 01:06:00,Standard,Chen Haddad,2026-06-25 21:29:00,,,,N,TAG-2116,6802,Other,7078,7703,8204,LOT-9936,Gamma,100213,100447,,3696,,1538,,5535,,,100421,100477,100010,100370,100527,,100503,100165,,100429,100069,100771,100532,SKU-6394,431,,,5172,,,REF-9929,100126,100723,100238,100593,100477,100447,100329,Riley Larsson,,,Jamie Nguyen,REF-5385,Riley L.,Omar Blake,,Placed,,TAG-5242,LOT-4783,TAG-5093,,,Fatima Sloan,Beta,reese.ivanov@sampleco.test,Director,Part-Time,Horizon Media Ltd,Junior,Morgan Costa,Prefer not to say,SKU-8053,REF-6342,,N,SKU-3577,Drew Whitfield,Chen Kim,TAG-2186,Casey Dorsey,"116,074",London,Germany,Alpha,Alpha,Resolved the outstanding question about scope.,1360,taylor.silva@acme-fake.test,Chen Costa,Human Resources,,Standard,,LOT-4475,,Scheduled a check-in for the coming month.,,Phoenix,Flexible,Standard,Payroll Specialist,Riley Sloan,SKU-5554,,,Standard,TAG-6670,Active,Beta,,,,,Delta,8536,5795,1944,Beta,5298,,2384,Alpha,2023-06-16 06:00:00,6597,6671,Gamma,Alpha,Alpha,LOT-7962,5105,1185,8359,9122,313,Alpha,2024-10-23 10:13:00,154,5215,Alpha,Standard,Standard,LOT-7896,6967,3067,1429,2320,2213,Delta,,,,,,,,,,,,,,2025-02-12,6051,,Other,REF-2147,SKU-4513,LOT-6993,5492,5321,6335,,4638,Delta,2026-03-04,,,,,,,,,,,,,2025-04-22,,9016,,LOT-7609,,LOT-3389,,8050,,,,Delta,Aligned on billing and renewal terms.
100543,Relay User,101593,jamie.larsson@demomail.test,Priya Kim,2024-09-04 15:32:00,skyler.okafor@examplecorp.test,Liam Larsson,2023-07-25 12:33:00,Beta,Mei Dorsey,2022-12-15 03:45:00,,,,N,REF-1577,2678,Other,7066,7131,3969,REF-4420,Alpha,100400,100596,LOT-7630,378,Alpha,1755,2927,,LOT-9316,,100070,100455,100003,100353,100631,100049,100555,100188,100097,,100793,,100443,,718,Delta,,9119,,LOT-6003,,100717,100753,100513,,,,100344,Liam Ford,,,Elena Nguyen,TAG-7937,Liam F.,Emerson Ashby,,Placed,SKU-3962,SKU-2749,,SKU-9811,Alpha,,Marco Whitfield,Alpha,rowan.sloan@sampleco.test,Individual Contributor,Intern,Atlas Holdings LLC,Mid-Level,Riley Garcia,Female,TAG-5932,LOT-8790,2599,N,REF-8068,Liam Mercer,Diego Rossi,LOT-9667,Rowan Larsson,,Denver,United Kingdom,Alpha,Alpha,Shared the updated proposal for review.,7223,taylor.ford@acme-fake.test,Liam Sato,Data & Analytics,Morgan Sloan,Alpha,,SKU-4295,SKU-7984,Noted a concern to revisit at the next sync.,,Denver,Flexible,Gamma,QA Engineer,Sofia Sato,REF-4581,,,Standard,REF-5452,Active,Alpha,Discussed timeline and next steps with the account.,,,,Delta,4008,1416,3216,Gamma,3564,3956,9680,Standard,2023-10-13 19:19:00,2962,8343,Gamma,Beta,Standard,SKU-7298,3965,5233,9666,7182,6043,Delta,2023-10-23 12:17:00,2199,5151,Other,Standard,Delta,LOT-7818,8760,1555,1900,5412,4056,Standard,,,,,,,,,,,,,,2024-07-25,3369,7644,Gamma,LOT-9486,,LOT-5046,630,1612,6335,,57,Gamma,2024-02-12,,,,,,,,,,,,,2024-10-19,5887,,Gamma,,,,,,9165,,,Gamma,Shared the updated proposal for review.
100520,Relay User,101596,drew.sloan@acme-fake.test,Liam Mercer,2025-04-20 10:57:00,drew.whitfield@sampleco.test,Aisha Ivanov,2023-12-18 12:38:00,Beta,Taylor Larsson,2025-09-28 01:52:00,,,,Y,LOT-3281,5609,Standard,455,1079,5955,LOT-5132,Alpha,,100272,LOT-4623,,Other,9047,7466,,REF-9917,Other,100628,100275,100386,100449,100383,100468,100305,100188,100158,100325,100569,,100464,,4413,Standard,,,8991,LOT-9352,,100151,100685,100560,,100400,100058,100455,Sofia Cohen,,Emerson Sato,Reese Patel,,Sofia C.,,,N/A,REF-1677,REF-5082,,SKU-2448,,,Jordan Blake,Delta,jamie.vance@acme-fake.test,Director,Intern,Evergreen Solutions Co,Lead,Yara Ashby,Prefer not to say,SKU-6011,REF-2730,9655,Y,TAG-3460,Quinn Blake,Casey Dorsey,,Rahul Larsson,"5,990",Atlanta,United Kingdom,,Standard,,,yara.garcia@examplecorp.test,Chen Ivanov,Software Engineering,Marco Vance,Alpha,,SKU-4341,,,Noted a concern to revisit at the next sync.,Atlanta,US Day,Gamma,Accountant,Diego Brooks,REF-3037,Relocation,,Beta,REF-6540,Inactive,Standard,,9790,,5290,,164,521,1644,Beta,4546,5443,8709,,2024-05-24 18:18:00,3159,4425,Other,Delta,Alpha,LOT-3620,9848,9208,1769,7153,3806,Gamma,2023-10-03 17:04:00,344,6387,Standard,Standard,Gamma,SKU-9437,5013,5212,1997,120,6694,Beta,,,,,,,,,,,,,,2024-01-26,,,Other,SKU-2944,LOT-5722,REF-2017,2517,5641,,9406,4240,Beta,2022-11-25,,,,,,,,,,,,,2026-04-23,,564,,,,,8463,,,,7185,Beta,Noted a concern to revisit at the next sync.
100089,Relay User,101598,jamie.garcia@examplecorp.test,Alex Okafor,2023-06-27 20:09:00,nina.okafor@sampleco.test,Arjun Patel,2025-01-27 07:40:00,Beta,Drew Mensah,2023-02-28 11:57:00,,,,Y,TAG-7109,2348,Standard,6700,3931,7264,LOT-4462,Standard,100165,100070,REF-9102,1008,Beta,7980,6184,,LOT-4837,,100497,100238,100417,100097,100343,100551,100582,100139,,100025,100569,,100342,,9251,,,,9810,,TAG-5939,100587,100667,100784,,,100789,100735,Liam Reyes,,,Casey Silva,SKU-2312,Liam R.,Aisha Dorsey,REF-1709,N/A,,REF-4852,SKU-1669,TAG-4975,Alpha,,Riley Reyes,Standard,reese.silva@examplecorp.test,Team Lead,Part-Time,Atlas Solutions Co,Lead,Marco Garcia,Non-binary,LOT-8737,TAG-2108,8954,N,LOT-4775,Taylor Blake,Noah Okafor,,,,Dallas,Mexico,,Delta,,2340,morgan.rossi@demomail.test,Rahul Larsson,Operations,Emerson Rossi,Delta,,LOT-1451,,,,Dallas,US Day,Standard,Recruiter,Rowan Sloan,,,,Gamma,SKU-5547,Active,Standard,,,,,,2739,494,9769,Beta,5244,5926,,,2025-03-28 21:14:00,8757,622,Alpha,Delta,Gamma,SKU-9882,7184,6427,6340,3754,4163,Alpha,2024-11-12 03:10:00,7196,6512,Delta,Beta,Standard,REF-7165,9700,5086,501,7712,9295,Other,,,,,,,,,,,,,,2024-03-29,,5995,Delta,LOT-1310,REF-2246,REF-8344,4362,6611,5727,,2837,Standard,2023-06-17,,,,,,,,,,,,,2026-06-17,3664,,Standard,,TAG-9611,SKU-6338,,,8634,2409,,,Scheduled a check-in for the coming month.
100272,Relay User,101599,casey.ivanov@acme-fake.test,Yara Silva,2025-12-24 05:43:00,avery.garcia@examplecorp.test,Avery Whitfield,2023-06-22 05:32:00,Delta,Drew Rossi,2026-06-26 12:59:00,,,,N,REF-2192,8831,Alpha,343,4554,3168,REF-4763,Other,100664,100664,SKU-7578,,,,7921,,,Alpha,100615,100245,100345,100395,100582,100452,,100257,,100690,,,100548,,8878,,2970,,,SKU-3583,,100603,100563,,100726,100558,100579,100090,Marco Blake,,Quinn Larsson,Avery Ashby,SKU-2592,Marco B.,Fatima Cohen,LOT-4903,Placed,TAG-8405,,,SKU-2285,Beta,,Sofia Calder,Gamma,drew.patel@sampleco.test,Manager,Full-Time,Northwind Labs Co,Entry,Fatima Mensah,Male,REF-8247,SKU-8911,8972,Y,,Emerson Nguyen,Reese Sloan,,Noah Okafor,,Bengaluru,Australia,Delta,Gamma,,9355,priya.dorsey@demomail.test,Elena Ashby,Software Engineering,Jordan Kim,Other,,TAG-1266,,,,London,Flexible,Beta,Support Specialist,Riley Silva,,End of Contract,,Standard,LOT-9958,Inactive,Beta,,,,,Other,1507,3743,2913,Beta,,,8080,,2026-05-10 21:45:00,94,6288,Other,Gamma,Delta,SKU-5794,5510,2361,29,579,8125,Other,2023-06-19 15:20:00,3201,3614,Alpha,Beta,Gamma,LOT-7051,586,7608,3079,3052,4953,Delta,,,,,,,,,,,,,,2026-04-30,2654,8200,Alpha,,REF-5403,REF-9308,58,6860,4566,6616,,Gamma,2024-12-14,,,,,,,,,,,,Other,2024-10-08,5304,9433,,,,,7934,6632,,,4368,,Followed up on the open items from last week.
100177,Relay User,101601,omar.mercer@demomail.test,Noah Rossi,2025-01-16 11:32:00,quinn.reyes@demomail.test,Nina Mensah,2026-03-28 14:52:00,,Sofia Mensah,2023-08-01 23:40:00,,,,N,LOT-5800,9967,Standard,9584,3228,3149,SKU-8566,Delta,100164,100604,SKU-5897,8688,Gamma,4793,6846,,LOT-1610,Alpha,100069,100692,100454,100568,100386,100216,,100062,100482,100217,100171,100634,100142,,,Standard,9148,6680,,TAG-9038,,100240,100475,100642,100464,,,100503,Emerson Reyes,,,Mei Silva,LOT-3086,Emerson R.,,,Not Available,SKU-4070,REF-7962,SKU-2296,TAG-2324,Gamma,,Sofia Vance,Delta,casey.blake@sampleco.test,Manager,Full-Time,Northwind Robotics LLP,Senior,Reese Nguyen,Prefer not to say,SKU-1749,REF-3334,7154,Y,,Drew Nguyen,Nina Garcia,,Mei Reyes,,Bengaluru,Mexico,Delta,Gamma,,6013,rowan.mensah@demomail.test,Priya Ashby,Customer Support,Taylor Blake,Beta,,TAG-4761,SKU-9412,,Scheduled a check-in for the coming month.,Mumbai,Flexible,Other,HR Generalist,Yara Sato,,,,Delta,LOT-9442,Active,Delta,,,192,,,1221,5438,4862,Other,2563,3453,6560,Gamma,2025-07-01 02:26:00,7970,172,Alpha,Delta,Delta,LOT-2081,9719,546,9680,8670,4557,Delta,2024-11-08 16:53:00,529,3824,Other,Other,Delta,LOT-8423,6695,7565,2114,3233,6503,Other,,,,,,,,,,,,,,2025-11-16,9740,,Gamma,,,SKU-2754,2445,1897,7765,1886,8660,Standard,2025-07-09,,,,,,,,,1963,,,,2023-09-19,6618,,,,,,3792,8259,5601,1141,,,Resolved the outstanding question about scope.
100593,Relay User,101602,arjun.garcia@sampleco.test,Casey Haddad,2022-11-10 02:19:00,arjun.ivanov@demomail.test,Sofia Rossi,2024-05-21 02:25:00,Standard,Omar Reyes,2025-09-21 04:11:00,,,,N,LOT-2594,8539,Standard,3329,9532,592,TAG-5026,Alpha,100099,100015,LOT-7510,788,,1966,3055,4206,,Beta,100205,100426,100720,100063,100459,100799,100568,100445,100645,100115,100017,100522,,LOT-3303,6150,,,,,LOT-1690,,100563,100319,100792,100652,100169,,100628,Casey Ford,,,Taylor Kim,LOT-4737,Casey F.,,,N/A,TAG-7965,LOT-7084,,LOT-9877,Standard,,Liam Ford,Standard,priya.whitfield@acme-fake.test,Individual Contributor,Intern,Keystone Networks Corp,Mid-Level,Taylor Whitfield,Female,TAG-4579,LOT-2725,3274,N,,Skyler Kim,Marco Dorsey,,,"16,342",Mumbai,India,,Delta,Shared the updated proposal for review.,6785,quinn.nguyen@demomail.test,Morgan Rossi,Recruiting,Riley Sato,Standard,,SKU-7934,,,,Toronto,US Evening,Delta,HR Generalist,Sofia Ivanov,SKU-7256,Restructuring,,Delta,TAG-4683,Inactive,Gamma,,,,8505,,6191,9752,7861,Other,4177,,,Standard,2023-04-17 21:39:00,3303,9631,Other,Alpha,Standard,TAG-6257,9710,350,1281,6694,2009,Standard,2025-09-03 01:18:00,2497,3327,Gamma,Other,Standard,SKU-6110,4912,492,1520,9802,2008,Standard,,,,,,,,,,,,,,2026-07-04,9489,7022,Other,SKU-5466,,REF-1137,6160,,9633,5076,3011,Delta,2024-10-31,,,,,,,,,,,,,2024-09-08,8874,9981,Other,,SKU-7803,,,,4535,,4008,Other,Scheduled a check-in for the coming month.
100129,Relay User,101604,riley.sato@demomail.test,Omar Larsson,2024-09-29 19:01:00,fatima.cohen@examplecorp.test,Rowan Larsson,2024-03-31 03:50:00,Beta,Noah Nguyen,2025-03-18 15:02:00,,,,N,SKU-2979,7934,Alpha,6634,3957,3069,SKU-6145,Other,100305,,SKU-1779,5794,Delta,,2025,8856,LOT-5350,Beta,100173,100683,100784,100293,100800,100165,100588,100380,100080,100241,,,100331,,1060,Alpha,,,,SKU-3467,,100447,100281,100205,,100560,100076,100316,Quinn Calder,,,Casey Nguyen,SKU-4433,Quinn C.,Chen Reyes,,Placed,REF-1713,,,REF-4022,Other,,Yara Silva,Standard,priya.rossi@acme-fake.test,Team Lead,Part-Time,Northwind Retail Inc,Entry,Diego Reyes,Prefer not to say,REF-1615,SKU-1887,3549,Y,,Elena Okafor,Reese Ford,,Diego Cohen,"173,908",Bengaluru,Canada,Beta,Delta,,2096,alex.ivanov@sampleco.test,Noah Garcia,Data & Analytics,,Alpha,N,LOT-1962,REF-5235,,,Manila,US Evening,,Recruiter,Arjun Mercer,TAG-8082,,,Gamma,REF-2241,Active,Alpha,,,8579,5545,,2351,7870,9665,Gamma,,,,Alpha,2022-10-22 13:33:00,9,5456,Standard,Other,Other,TAG-4348,4180,5895,4363,3526,2132,Gamma,2023-08-26 21:55:00,6449,8015,Beta,Gamma,Beta,REF-6507,4738,8229,6352,7762,3008,Beta,,,,,,,,,,,,,,2024-05-29,1442,9766,Delta,SKU-3798,SKU-2200,TAG-2858,8939,9123,9677,2246,1203,Gamma,2024-05-26,,,,,,,,,,,,,2026-03-04,,,Beta,LOT-5420,,SKU-9905,,,,3688,,Other,Reviewed performance and gathered feedback.
100479,Relay User,101607,skyler.blake@acme-fake.test,Sofia Larsson,2026-03-13 04:07:00,drew.patel@acme-fake.test,Jordan Reyes,2025-11-16 22:26:00,Alpha,,2025-12-21 17:37:00,,,,Y,REF-8984,957,Other,409,3244,1725,LOT-7674,Alpha,100269,100257,LOT-9779,7976,Beta,9112,1513,,SKU-1519,Alpha,100686,100046,100366,100298,100136,100673,100449,100331,,100217,100539,100603,100185,,,Delta,,,2962,,,100146,100070,100784,,,,100673,Diego Rossi,,,Reese Cohen,REF-3768,Diego R.,Casey Ford,,Placed,REF-1537,,SKU-7086,LOT-4074,Beta,,Skyler Brooks,Gamma,taylor.dorsey@examplecorp.test,Director,Contractor,Harbor Solutions Group,Junior,Rahul Sloan,Female,TAG-3235,SKU-2290,6006,Y,REF-6090,Avery Patel,Fatima Okafor,LOT-4058,,"245,349",London,Germany,Beta,Standard,,6272,liam.garcia@sampleco.test,Rahul Mensah,Customer Support,Chen Kim,Alpha,,LOT-8266,,,,Chicago,US Night,Other,Recruiter,Aisha Costa,REF-7289,,,Gamma,REF-2291,Active,Beta,,3686,,,,9504,9669,7901,Beta,,5164,9392,Delta,2022-11-09 05:29:00,980,1477,Gamma,Beta,Delta,REF-8597,7726,7579,776,55,4267,Standard,2024-08-12 01:08:00,9918,446,Gamma,Gamma,Standard,REF-3541,246,8057,5699,4451,8114,Other,,,,,,,,,,,,,,2025-12-11,3412,3182,Other,TAG-4585,LOT-7845,TAG-9735,5165,5507,,8277,8360,Beta,2024-01-04,,,,,,,,,,,,,2024-05-23,,,,,,,5763,,4623,,,,Noted a concern to revisit at the next sync.
100053,Relay User,101609,quinn.brooks@sampleco.test,Rahul Larsson,2025-05-18 00:19:00,fatima.calder@sampleco.test,Drew Cohen,2024-11-10 19:17:00,Gamma,Nina Cohen,2022-11-17 20:06:00,,,,Y,REF-9698,6636,Gamma,7961,7751,9657,TAG-4567,Alpha,100686,100715,REF-4456,9694,Standard,5207,5158,1557,LOT-4173,Alpha,100308,100511,100649,100383,100119,100363,100616,100736,,100560,100286,,100051,LOT-6824,,,5028,9563,,,,100498,100492,,,100443,100796,100746,Skyler Rossi,,,Skyler Garcia,SKU-3446,Skyler R.,Taylor Dorsey,,Placed,,,LOT-6783,LOT-7566,Gamma,,Noah Whitfield,Other,riley.dorsey@demomail.test,Individual Contributor,Intern,Granite Manufacturing Co,Senior,Rowan Rossi,Male,SKU-1353,SKU-2083,8723,Y,LOT-9927,Taylor Costa,Taylor Costa,,Omar Sloan,,Seattle,Germany,Standard,Beta,Aligned on billing and renewal terms.,3209,casey.rossi@examplecorp.test,Nina Okafor,Human Resources,Drew Rossi,Alpha,,REF-8034,,,,Manila,Flexible,Gamma,Executive Assistant,Taylor Sato,SKU-5827,,,Beta,LOT-8016,Active,Beta,,,,1665,,5836,5284,3670,Delta,590,8415,1417,,2026-03-01 06:27:00,2858,2295,Delta,Other,Alpha,TAG-4497,6847,6013,3553,3751,1969,Standard,2025-02-23 01:29:00,839,6681,Delta,Alpha,Alpha,LOT-9964,1382,4797,5790,6783,5174,Delta,,,,,,,,,,,,,,2023-03-12,,5489,,LOT-4412,SKU-4569,TAG-2356,2293,4432,7490,,,,2024-05-01,,,,,,,,,,,,,2025-04-20,6476,,,LOT-9262,,,,1419,,4693,2482,,Followed up on the open items from last week.
100554,Relay User,101612,fatima.calder@sampleco.test,Jordan Calder,2024-02-23 23:09:00,alex.dorsey@acme-fake.test,Liam Nguyen,2024-07-12 03:01:00,,Nina Sato,2023-10-06 20:40:00,,,,N,REF-5911,517,Delta,3250,190,4986,LOT-3241,Other,,100456,LOT-4924,6290,,7226,1017,6525,LOT-9195,,100243,100101,100333,100569,100132,100531,100236,100708,,100704,100708,,100164,,2899,,6928,4176,,,LOT-5527,100591,100277,100632,100165,,100487,100267,Fatima Garcia,,,,LOT-5299,Fatima G.,Noah Nguyen,,Placed,LOT-6869,,,TAG-7404,,,Taylor Rossi,Other,fatima.reyes@demomail.test,Manager,Contractor,Vertex Energy Inc,Junior,Chen Kim,Prefer not to say,LOT-2040,SKU-2486,6405,Y,,Noah Mercer,Marco Ivanov,,Aisha Whitfield,"219,746",Seattle,United States,Gamma,Alpha,,7617,noah.mercer@examplecorp.test,Aisha Garcia,Customer Support,,Gamma,,LOT-9245,,,,Bengaluru,Flexible,,Executive Assistant,Marco Sloan,SKU-7887,,,Alpha,TAG-2411,Active,Standard,Reviewed performance and gathered feedback.,,,1403,Gamma,4321,6765,1190,Beta,9504,1705,5962,Beta,2026-04-13 15:07:00,3350,2453,Other,Alpha,Standard,REF-6173,2165,5332,5154,4523,8517,Delta,2023-12-05 18:36:00,4836,4407,Other,Standard,Delta,LOT-7429,7440,6109,1604,359,1718,Standard,,,,,,,,,,,,,,2024-08-26,,3055,Delta,LOT-6301,TAG-3799,REF-9850,4669,7079,,8710,9617,Beta,2023-09-19,,,,,,,,,,,,,2026-03-08,7003,,,,,REF-3588,,,,5673,,Alpha,Scheduled a check-in for the coming month.
100593,Relay User,101613,drew.blake@sampleco.test,Skyler Mensah,2023-03-09 18:49:00,liam.dorsey@demomail.test,Riley Okafor,2024-12-19 03:31:00,Standard,Aisha Costa,2026-06-15 20:34:00,,,,N,SKU-2196,8380,Alpha,1851,1127,9231,LOT-6210,Delta,100277,100475,LOT-1569,7977,,2313,6058,8949,LOT-2632,Delta,100753,100670,100405,100208,100101,100383,100151,100025,,100178,100753,,100216,,,Beta,,,,,,100010,100604,100712,100368,100164,100310,100277,Noah Patel,,,Elena Kim,,Noah P.,Priya Costa,,Placed,LOT-4967,,SKU-5967,TAG-2596,,,Chen Mensah,Standard,noah.nguyen@demomail.test,Individual Contributor,Contractor,Falcon Labs LLC,Entry,Emerson Costa,Male,LOT-5452,TAG-7666,2990,N,REF-4698,Casey Haddad,Reese Kim,TAG-6332,Nina Haddad,"213,646",Phoenix,United Kingdom,,Standard,,7809,elena.mercer@examplecorp.test,Jamie Rossi,Sales,Jordan Sloan,Other,,LOT-4213,,,,Austin,Flexible,Alpha,Data Analyst,Skyler Ivanov,,,,Alpha,REF-4155,Active,Gamma,,,,,Delta,4763,346,107,Delta,,,3458,Gamma,2023-06-13 17:16:00,9293,8388,Beta,Beta,Gamma,REF-3884,4030,2656,9226,4114,1098,Beta,2025-12-02 13:19:00,2439,7875,Delta,Other,Gamma,SKU-2338,5143,8940,7746,3135,5154,Delta,,,,,,,,,,,,,,2025-04-21,5510,8821,,TAG-2616,TAG-3513,,9491,5985,9287,6885,,Alpha,2023-07-28,,,,,,,,,,,,,2024-05-20,,4234,Other,LOT-3899,LOT-1139,,,8158,,,5176,,Aligned on billing and renewal terms.
100391,Relay User,101615,avery.ashby@examplecorp.test,Jamie Nguyen,2025-06-17 20:25:00,elena.okafor@demomail.test,Mei Okafor,2023-07-28 13:19:00,Gamma,,2025-02-27 09:45:00,,,,Y,SKU-6919,4098,Other,4306,6470,9113,TAG-3152,Beta,100142,,LOT-1926,9821,Gamma,6134,9440,,,Gamma,100753,100143,100076,100232,100486,100673,100314,100291,100242,100345,100408,,100060,,2680,,,8144,1117,,SKU-3541,100560,100356,100192,100037,100014,,100484,Diego Vance,,,Nina Ford,TAG-4165,Diego V.,,,Placed,,,REF-4167,REF-3193,,,Yara Mercer,Alpha,skyler.blake@demomail.test,Team Lead,Contractor,Vertex Media,Mid-Level,Mei Reyes,Non-binary,REF-7811,TAG-3585,3106,N,SKU-2798,Casey Dorsey,Taylor Ivanov,REF-6416,,"152,551",Bengaluru,Germany,Other,Alpha,,866,jordan.garcia@examplecorp.test,Quinn Mensah,Data & Analytics,,Alpha,,TAG-3347,TAG-9185,,,Phoenix,US Evening,Beta,Financial Analyst,Fatima Sloan,,Relocation,,Alpha,REF-2505,Inactive,Other,,,,,,921,5637,5498,Delta,,985,8684,Gamma,2023-01-07 15:27:00,957,8986,Other,Gamma,Standard,REF-7593,4047,7873,674,1625,6791,Gamma,2025-12-06 02:14:00,6338,119,Other,Standard,Delta,REF-7930,3783,2314,8025,7593,9740,Other,,,,,,,,,,,,,,2026-02-24,4281,9400,Alpha,TAG-5653,,,5696,1344,8052,8685,7590,Standard,2025-07-07,,,,,,,,,,,,,2023-10-14,,5019,,,,REF-8225,,,5615,5543,9105,Beta,Shared the updated proposal for review.
100010,Relay User,101616,liam.vance@examplecorp.test,Aisha Mensah,2023-02-23 22:51:00,emerson.calder@acme-fake.test,Diego Sato,2026-07-21 16:51:00,,Jordan Blake,2023-05-04 09:11:00,,,,N,TAG-5194,5626,Gamma,4572,4785,4793,SKU-1788,Beta,100235,100462,SKU-5308,,Standard,5868,8706,2544,TAG-5058,Gamma,100031,100658,100040,100469,100080,100767,100548,100789,100538,100715,100143,100151,,,,,,,4472,REF-7732,TAG-8392,100468,100443,100613,,100295,100688,100518,Marco Whitfield,,,Rowan Sato,LOT-2766,Marco W.,Chen Nguyen,LOT-1818,Placed,,TAG-6173,,SKU-5239,,,Fatima Mensah,Beta,rowan.haddad@demomail.test,Individual Contributor,Contractor,Pioneer Solutions LLC,Junior,Morgan Mercer,Female,SKU-8923,LOT-9795,6087,N,,Rowan Costa,Nina Sato,,Rowan Sloan,"167,674",Phoenix,Australia,,Alpha,,1061,yara.rossi@sampleco.test,Fatima Cohen,Customer Support,Diego Haddad,Alpha,,REF-2529,,,Noted a concern to revisit at the next sync.,Bengaluru,US Night,Alpha,Financial Analyst,Noah Cohen,,Client Request,Gamma,Delta,LOT-4658,Inactive,Delta,,9339,9573,3974,Delta,4526,2969,6683,Alpha,,8416,,Delta,2024-06-22 08:05:00,7283,9147,Other,Standard,Alpha,LOT-7624,4181,2082,5550,8380,207,Delta,2025-02-23 00:40:00,9687,6271,Delta,Gamma,Standard,SKU-4522,6980,2244,1678,4345,964,Delta,,,,,,,,,,,,,,2024-02-24,,,,SKU-6258,TAG-5812,LOT-5956,,7318,1394,7086,3783,Delta,2024-07-03,,,,,,,,,,,,,2023-10-05,,,,,SKU-8701,REF-2705,6073,,,,,,Shared the updated proposal for review.
100265,Relay User,101617,sofia.costa@demomail.test,Marco Silva,2025-09-12 07:05:00,jordan.whitfield@demomail.test,Liam Haddad,2024-12-16 18:24:00,Gamma,,2024-07-01 15:27:00,,,,N,LOT-8143,1323,Alpha,3971,2367,3402,SKU-9760,Other,100527,100281,TAG-3128,,,2799,6143,6946,,Standard,100759,100667,100598,100607,100360,100729,100049,100694,100334,100563,100360,100076,100487,,,Gamma,5332,6501,,,,100763,100229,100683,100171,100328,100593,100432,Liam Ford,,,Morgan Kim,SKU-9699,Liam F.,Emerson Sato,SKU-8019,Placed,REF-1638,TAG-8401,REF-9968,SKU-2406,Gamma,,Morgan Garcia,Standard,morgan.ashby@examplecorp.test,Manager,Contractor,Cardinal Manufacturing LLP,Mid-Level,Noah Okafor,Female,LOT-9591,SKU-8512,2997,Y,,Liam Kim,Sofia Brooks,,Elena Silva,,Phoenix,Mexico,Beta,Other,,2977,emerson.ivanov@demomail.test,Rowan Dorsey,Software Engineering,,Standard,,REF-6915,,,Discussed timeline and next steps with the account.,Chicago,US Day,Other,Marketing Coordinator,Omar Costa,TAG-8563,,,Standard,TAG-2469,Active,Delta,,,,5940,,5662,8903,6391,Gamma,2365,,,Gamma,2025-05-23 11:41:00,1600,9227,Alpha,Alpha,Other,REF-3403,5350,9454,2847,195,8257,Standard,2023-09-11 23:38:00,3219,4493,Delta,Gamma,Standard,TAG-1814,6418,7183,1238,6796,8815,Other,,,,,,,,,,,,,,2025-05-27,8123,,Standard,,REF-4457,TAG-6796,5883,1146,,6817,2911,Standard,2023-01-31,,,,,,,,,,,,,2023-11-24,7262,735,,,REF-6765,,6332,782,,,,Delta,Scheduled a check-in for the coming month.
100479,Relay User,101619,noah.dorsey@examplecorp.test,Emerson Calder,2022-11-16 01:49:00,noah.cohen@demomail.test,Rowan Okafor,2025-08-05 00:31:00,Alpha,Riley Blake,2022-12-17 05:29:00,,,,N,LOT-4114,8741,Standard,7945,5441,6503,TAG-8201,Standard,100371,100323,,9784,Other,,4053,,REF-8075,Gamma,100734,100672,100272,100290,100344,100195,,100275,,100376,100151,100598,,,,,,9106,,LOT-5258,,100245,100559,100239,100086,100690,100328,100224,Casey Cohen,,,Marco Ivanov,REF-8612,Casey C.,Fatima Silva,,Placed,LOT-3810,TAG-9738,TAG-4587,REF-8479,,,Yara Kim,Beta,diego.blake@demomail.test,Team Lead,Full-Time,Delta Capital Co,Senior,Riley Ford,Non-binary,TAG-5603,TAG-3125,1277,N,SKU-6032,Aisha Larsson,Omar Cohen,REF-1413,Fatima Cohen,"44,046",Dallas,India,Alpha,Gamma,Followed up on the open items from last week.,,rowan.ford@examplecorp.test,Riley Ashby,Accounting,Mei Costa,Standard,,TAG-8633,,,,London,US Day,,Executive Assistant,Aisha Haddad,REF-7025,,,Other,TAG-3752,Active,Gamma,,2518,,,,4534,3403,3145,Other,,7266,1161,,2025-10-29 10:58:00,9647,8366,Other,Other,Beta,REF-8733,5036,6019,4889,6800,5339,Gamma,2024-09-05 05:58:00,4666,5391,Delta,Gamma,Alpha,LOT-5056,9775,5311,6469,6021,2686,Standard,,,,,,,,,,,,,,2023-07-14,,,,,TAG-4188,LOT-6787,3424,9785,5590,3843,6650,Alpha,2024-02-29,,,,,,,,9914,,,,,2023-07-16,,,Gamma,,,SKU-9524,5938,846,,,,,Shared the updated proposal for review.
100277,Relay User,101620,marco.haddad@sampleco.test,Yara Okafor,2025-11-17 10:04:00,morgan.rossi@acme-fake.test,Alex Haddad,2025-11-10 16:28:00,Beta,Aisha Garcia,2026-05-23 01:35:00,,,,Y,SKU-6478,9135,Alpha,9779,662,3541,REF-7097,Delta,100591,100176,,9846,Delta,,4438,1125,REF-2388,,100617,100568,100083,100552,100353,100429,,100014,,,100763,,,LOT-4314,,,2975,5175,4875,,,100746,100759,100182,,,100704,100464,Emerson Costa,,,,REF-8533,Emerson C.,Elena Costa,TAG-4282,Not Available,SKU-8760,REF-5441,,LOT-9516,Alpha,,Elena Haddad,Other,casey.calder@acme-fake.test,Manager,Contractor,Cardinal Analytics Group,Lead,Quinn Sato,Prefer not to say,LOT-6685,TAG-4403,4356,N,SKU-6623,Rahul Ford,Emerson Haddad,,Sofia Kim,,London,Philippines,Delta,Standard,,,avery.ashby@acme-fake.test,Marco Whitfield,Recruiting,Chen Garcia,Gamma,,REF-9111,,,Reviewed performance and gathered feedback.,London,US Night,Gamma,HR Generalist,Alex Cohen,REF-5283,,,Delta,REF-9853,Active,Standard,Shared the updated proposal for review.,7152,,1276,,6565,1161,5751,Beta,8233,1586,2848,Alpha,2025-06-06 17:23:00,8312,7030,Gamma,Other,Delta,SKU-8406,9849,8977,8908,2258,2079,Standard,2024-10-27 10:47:00,7471,8110,Gamma,Standard,Delta,LOT-5842,3452,8711,829,3125,8217,Beta,,,,,,,,,,,,,,2024-12-31,4527,8288,Alpha,SKU-9591,,REF-9533,7987,2995,4522,,129,Alpha,2025-04-13,,,,,,,,,,,,,2024-01-06,,,Alpha,,,TAG-3202,,,4635,3536,,Delta,Aligned on billing and renewal terms.
100772,Relay User,101621,sofia.patel@sampleco.test,Jamie Cohen,2025-12-28 05:52:00,rahul.nguyen@demomail.test,Aisha Dorsey,2023-11-26 01:07:00,Standard,Reese Sato,2024-11-30 00:02:00,,,,Y,SKU-4045,8225,Gamma,6122,2608,7096,TAG-3109,Other,100690,100169,SKU-5009,1096,,967,4419,3878,TAG-6933,Delta,100234,100319,100447,100694,100161,100722,,100699,100652,100741,100106,,100786,REF-7474,9147,Standard,9888,4585,,,,100454,100624,100624,100235,100543,,100091,Avery Whitfield,,,Drew Kim,,Avery W.,Morgan Nguyen,,N/A,,REF-8220,,SKU-9045,Other,,Arjun Cohen,Other,priya.reyes@demomail.test,Team Lead,Contractor,Meridian Manufacturing Corp,Senior,Arjun Costa,Non-binary,LOT-5378,LOT-6318,1941,N,SKU-3077,Casey Sato,Rowan Reyes,LOT-4713,,,Chicago,India,Beta,Beta,,3720,priya.nguyen@sampleco.test,Marco Haddad,Sales,Mei Blake,Alpha,,LOT-5605,,Followed up on the open items from last week.,,Toronto,US Day,,Support Specialist,Sofia Rossi,REF-7404,,,Other,TAG-9337,Active,Alpha,Discussed timeline and next steps with the account.,,,,,9627,4927,9719,Other,6930,,2623,,2023-03-02 20:08:00,2286,989,Alpha,Gamma,Alpha,LOT-9328,4828,3936,5812,8618,1315,Other,2023-12-11 06:55:00,8381,6086,Beta,Alpha,Alpha,SKU-5783,5520,3668,4579,62,256,Other,,,,,,,,,,,,,,2023-07-26,2375,3804,Gamma,REF-1344,LOT-9915,SKU-7993,2176,5358,921,2777,4300,Beta,2025-08-04,,,,,,,,5883,,,,,2024-11-11,5498,,,TAG-2702,,,,810,,,,,Noted a concern to revisit at the next sync.
100213,Relay User,101623,rowan.calder@examplecorp.test,Jordan Silva,2024-06-01 01:36:00,marco.mercer@sampleco.test,Skyler Ivanov,2023-01-29 23:53:00,Gamma,,2025-01-10 10:50:00,,,,N,LOT-9934,6228,Standard,2305,686,7490,LOT-6561,Delta,100291,100530,,6169,Standard,8844,2586,,,,100395,100042,100351,100532,100405,,,100432,,100348,100398,100305,100610,LOT-1415,,Gamma,,,3709,REF-4916,,100481,100132,100243,100146,,,100559,Fatima Sato,,,,TAG-2722,Fatima S.,,REF-7081,Coming Soon,LOT-2375,,,LOT-9056,,,Riley Silva,Delta,alex.mensah@acme-fake.test,Manager,Part-Time,Meridian Media Group,Senior,Mei Sato,Female,REF-7052,SKU-2600,1474,Y,,Priya Nguyen,Sofia Costa,,Nina Ford,"202,836",Dallas,Philippines,,Other,,5101,mei.brooks@demomail.test,Rowan Sato,Accounting,Aisha Dorsey,Alpha,,SKU-9971,,Aligned on billing and renewal terms.,Reviewed performance and gathered feedback.,Denver,US Evening,Standard,Marketing Coordinator,Elena Costa,LOT-1762,,,Beta,SKU-8057,Active,Alpha,Aligned on billing and renewal terms.,,7744,6750,,4958,5673,5833,Beta,2566,6836,4507,Delta,2024-10-20 06:07:00,4984,5864,Other,Other,Gamma,REF-6760,1035,6197,2270,2181,170,Alpha,2026-01-16 05:14:00,9111,7718,Delta,Other,Beta,SKU-6072,5392,7273,1842,7687,8285,Alpha,,,,,,,,,,,,,,2022-10-02,1205,,Other,,,TAG-3402,3554,3144,2791,1419,3475,,2024-01-13,,,,,,,,,,,,,2025-03-31,,,Alpha,,,REF-8985,,3125,,,9927,,Noted a concern to revisit at the next sync.
100576,Relay User,101625,rowan.rossi@acme-fake.test,Arjun Patel,2024-08-27 08:31:00,casey.whitfield@acme-fake.test,Avery Mensah,2024-01-25 04:13:00,,,2025-05-02 22:27:00,,,,N,LOT-9427,3701,Gamma,3261,5300,7087,SKU-5504,Other,100642,100511,LOT-8329,2001,Other,,340,7007,,Delta,100120,100656,100523,100242,100672,100080,100008,100742,100134,,100079,,100676,,,,,,,,,100332,100634,100771,100386,,100712,100722,Yara Brooks,,,,LOT-1389,Yara B.,,,Placed,REF-6348,,,REF-3402,,,Reese Silva,Delta,casey.mensah@examplecorp.test,Manager,Contractor,Ironwood Holdings Co,Lead,Casey Okafor,Prefer not to say,TAG-3425,SKU-6008,,N,REF-6582,,Rowan Haddad,TAG-3287,,,Mumbai,India,Alpha,Beta,,8637,drew.dorsey@acme-fake.test,Alex Mensah,Data & Analytics,Aisha Rossi,Gamma,,SKU-7349,TAG-8367,,Resolved the outstanding question about scope.,Toronto,US Night,Other,Accountant,Aisha Mercer,REF-5156,,,Delta,TAG-8020,Active,Standard,,7326,2749,6279,,5926,4671,3573,Delta,,3692,9755,Gamma,2026-04-22 07:55:00,8422,4285,Alpha,Beta,Other,LOT-2159,5967,3639,6419,1608,4011,Alpha,2025-07-20 06:25:00,7085,3924,Gamma,Other,Gamma,SKU-2675,738,736,4839,9265,7697,Standard,,,,,,,,,,,,,,2022-12-12,6012,9199,,,,,241,,,9756,4442,Beta,2023-06-01,,,,,,,,,,,,,2023-06-04,8253,,,TAG-7725,LOT-3629,,,,3727,,,Beta,Discussed timeline and next steps with the account.
100146,Relay User,101626,casey.kim@demomail.test,Emerson Nguyen,2023-05-01 23:33:00,omar.dorsey@examplecorp.test,Priya Mercer,2025-10-13 04:56:00,Alpha,,2025-10-11 04:16:00,,,,N,LOT-3888,3557,Delta,1284,3250,512,SKU-2364,Alpha,100122,100582,REF-1176,5568,Other,2774,262,1199,LOT-7011,Other,100153,100008,100371,100447,100281,100139,100107,100774,100686,100604,100421,100076,,,5081,,,902,,,,100046,100195,100679,100755,100509,100119,100034,Emerson Sloan,TAG-6749,,Morgan Rossi,,Emerson S.,,,Placed,LOT-8826,REF-1923,,REF-7202,,,Priya Garcia,Delta,noah.blake@acme-fake.test,Individual Contributor,Intern,Northwind Manufacturing LLC,Senior,Fatima Garcia,Female,REF-4047,TAG-9324,2793,Y,TAG-2096,Fatima Sloan,Rowan Mensah,LOT-7532,,,Toronto,Canada,Standard,Delta,Followed up on the open items from last week.,8238,avery.ashby@acme-fake.test,Fatima Sloan,Data & Analytics,Nina Mensah,Standard,,TAG-1790,LOT-2130,Reviewed performance and gathered feedback.,,Bengaluru,US Night,Gamma,Operations Associate,Liam Rossi,,,,Delta,LOT-1727,Active,Beta,,,,,,1124,8991,1515,Delta,,,1514,Gamma,2023-07-19 18:21:00,7933,9575,Gamma,Other,Beta,SKU-4294,1735,5162,9423,8560,7028,Standard,2023-10-13 20:41:00,7217,4472,Standard,Alpha,Alpha,TAG-2888,9553,7238,5906,6117,5400,Alpha,,,,,,,,,,,,,,2024-02-23,7225,,Other,REF-1629,SKU-2153,SKU-7241,,8084,615,8017,4619,Gamma,2024-02-11,,,,,,,,,,9276,,,2023-03-30,1810,7769,,TAG-8425,LOT-7580,REF-6377,,9110,886,9434,,Beta,Discussed timeline and next steps with the account.
100126,Relay User,101628,noah.rossi@sampleco.test,Yara Dorsey,2025-09-13 00:40:00,drew.dorsey@demomail.test,Chen Nguyen,2023-04-15 22:21:00,Alpha,Marco Mensah,2025-02-26 20:40:00,,,,Y,SKU-2505,2665,Alpha,9113,6194,4034,REF-9616,Other,100184,100729,TAG-2651,,Beta,7899,9228,6411,SKU-8823,,100475,100062,100681,100571,100456,100148,100792,100308,100386,100400,,,100323,,8779,,7815,,269,,LOT-4939,100395,100498,100617,,,100503,100168,Diego Whitfield,,,Jordan Haddad,TAG-5088,Diego W.,Arjun Ashby,LOT-1208,Placed,REF-2357,,,TAG-7923,Gamma,,Quinn Haddad,Beta,diego.mercer@demomail.test,Individual Contributor,Intern,Ironwood Media Co,Junior,Fatima Haddad,Prefer not to say,REF-7541,TAG-5762,4738,N,,Mei Reyes,Emerson Rossi,,Chen Vance,,Mumbai,Australia,Standard,Gamma,,7159,rahul.ford@acme-fake.test,Elena Dorsey,Recruiting,Mei Garcia,Gamma,,TAG-1309,,,Aligned on billing and renewal terms.,Bengaluru,US Day,,Recruiter,Casey Sato,SKU-1888,,,Other,REF-2311,Active,Delta,,,7706,,Other,7189,6879,9085,Standard,2363,2991,1701,Alpha,2023-12-13 00:05:00,8718,2238,Beta,Standard,Beta,TAG-8338,7323,8954,8148,5589,5511,Gamma,2025-06-28 17:56:00,7757,6793,Beta,Other,Gamma,SKU-9764,511,992,7193,4845,5759,Standard,,,,,,,,,,,,,,2025-07-13,8703,8187,,TAG-1543,LOT-2098,SKU-2580,1136,,8926,,870,Gamma,2026-01-08,,,,,,,,,,,,,2023-12-11,,7921,,,,SKU-1110,4420,,5555,,4775,,Resolved the outstanding question about scope.
100113,Relay User,101631,omar.ivanov@demomail.test,Omar Patel,2023-02-26 13:14:00,mei.ashby@demomail.test,Emerson Reyes,2025-12-02 07:49:00,Beta,Chen Sloan,2023-01-16 06:48:00,,,,Y,REF-1093,3483,Gamma,2372,9311,2108,TAG-1429,Delta,100182,100282,,4515,Standard,,,3530,LOT-3644,Other,100215,100015,100286,100755,100429,100334,100591,100288,100485,,100631,100368,100548,,,,2769,7313,,TAG-7249,REF-5604,100492,100574,100786,,100076,100408,100345,Mei Garcia,,,Skyler Mensah,TAG-2667,Mei G.,Emerson Mercer,LOT-6280,Placed,LOT-2998,,SKU-6379,TAG-1201,Delta,,Liam Rossi,Standard,liam.vance@demomail.test,Team Lead,Part-Time,Cardinal Energy Inc,Lead,Jordan Ashby,Male,TAG-1914,REF-7260,,N,REF-1013,Elena Silva,Liam Ford,SKU-6359,Rowan Rossi,,Seattle,United Kingdom,Alpha,Beta,Reviewed performance and gathered feedback.,4639,elena.mensah@sampleco.test,Noah Sloan,Data & Analytics,Noah Ford,Other,,TAG-3620,,Reviewed performance and gathered feedback.,Reviewed performance and gathered feedback.,Toronto,US Night,Standard,Software Developer,Jamie Haddad,TAG-9418,,Standard,Gamma,TAG-3744,Active,Beta,,,7046,,,5095,9574,5272,Delta,8537,1028,,Other,2026-01-08 13:24:00,2610,5121,Other,Alpha,Delta,REF-1823,6249,3354,6387,2332,7032,Beta,2026-07-06 07:39:00,6677,7603,Delta,Beta,Alpha,LOT-3704,9653,9072,4812,1637,1987,Standard,,,,,,,,,,,,,,2023-07-13,3379,9591,Gamma,,,SKU-3816,2397,,,7291,4115,,2023-10-24,,,,,,,,,,,,,2024-12-10,,,,,,,,,5789,,,,Aligned on billing and renewal terms.
100449,Relay User,101633,aisha.larsson@sampleco.test,Alex Brooks,2023-04-23 02:20:00,skyler.ford@examplecorp.test,Noah Sato,2023-06-17 03:32:00,Other,,2023-04-28 08:03:00,,,,Y,TAG-2806,8840,Beta,1134,5156,6431,SKU-3031,Alpha,100604,100464,,5619,Alpha,4710,2385,,,Beta,100117,100382,100302,100101,100213,100741,,100792,,100546,,100184,100474,SKU-7303,5874,,,,,LOT-9494,,100792,100539,100681,,,100532,100440,Avery Brooks,,,Morgan Cohen,REF-7879,Avery B.,Liam Patel,,Not Available,TAG-6708,,,TAG-3079,Gamma,,Diego Calder,Other,taylor.vance@acme-fake.test,Team Lead,Contractor,Pioneer Media Ltd,Lead,Avery Nguyen,Female,TAG-7276,TAG-1643,,Y,,Emerson Vance,Riley Blake,TAG-5933,,"130,975",Denver,United States,Standard,Beta,Scheduled a check-in for the coming month.,8522,chen.mensah@sampleco.test,Fatima Blake,Recruiting,Marco Sloan,Gamma,,SKU-7271,REF-3937,,Reviewed performance and gathered feedback.,Dallas,US Evening,Gamma,Customer Success Manager,Casey Rossi,TAG-7854,,,Alpha,TAG-6401,Active,Alpha,,5538,,,,3737,473,887,Beta,3973,2753,9184,Beta,2023-08-07 11:47:00,5936,555,Gamma,Other,Alpha,REF-3453,8557,5733,665,2273,1416,Delta,2022-10-23 23:04:00,1500,6601,Delta,Gamma,Gamma,TAG-8447,9988,6126,3245,3433,5603,Alpha,,,,,,,,,,,,,,2022-11-19,2198,8303,Standard,LOT-5053,SKU-4484,SKU-7718,,4101,4389,5983,3216,Alpha,2023-12-25,,,,,,,,,,,,,2024-03-08,,,,SKU-9338,,SKU-3706,1222,,,,,,Discussed timeline and next steps with the account.
100382,Relay User,101636,fatima.ivanov@demomail.test,Aisha Sloan,2024-07-14 04:57:00,arjun.vance@demomail.test,Quinn Rossi,2023-11-24 22:12:00,Gamma,,2023-02-23 17:20:00,,,,N,SKU-7773,6900,Gamma,2159,5458,7070,SKU-1226,Delta,100554,100421,LOT-2625,7208,Delta,769,1047,4915,SKU-9082,Standard,100481,100673,100217,100705,100305,100456,100492,100046,,100696,100136,100559,100543,LOT-3613,2207,Standard,,1313,,,,100151,100158,100767,100610,,,100241,Quinn Vance,TAG-5924,,Rowan Costa,TAG-5580,Quinn V.,Alex Whitfield,,Placed,TAG-4620,,,SKU-3345,,,Skyler Ashby,Other,noah.costa@acme-fake.test,Manager,Part-Time,Granite Analytics LLP,Entry,Fatima Ford,Non-binary,REF-4568,REF-5563,1548,Y,LOT-8028,Avery Ford,Rowan Cohen,,Arjun Sloan,"115,362",Chicago,Australia,Delta,Alpha,,4944,noah.whitfield@sampleco.test,Arjun Mensah,Recruiting,Omar Rossi,Other,,REF-8823,SKU-8620,,,Toronto,US Evening,Other,Data Analyst,Riley Patel,LOT-4988,,,Other,REF-2724,Active,Other,,8737,,1845,Gamma,8327,6093,1175,Beta,9432,4324,,,2023-03-27 01:01:00,3876,3982,Alpha,Gamma,Other,REF-7705,9973,3029,4416,9151,290,Alpha,2024-02-24 13:35:00,441,2009,Delta,Beta,Other,LOT-3044,8683,9147,2029,1539,609,Other,,,,,,,,,,,,,,2023-02-28,1226,8023,Gamma,REF-7807,,SKU-9099,565,,4162,3944,2647,Beta,2025-09-25,,,,,,,,,,,,,2024-09-11,8391,650,,,,LOT-5137,,2147,7753,,,Gamma,Noted a concern to revisit at the next sync.
100634,Relay User,101639,rahul.mensah@examplecorp.test,Skyler Ivanov,2023-10-02 04:58:00,fatima.garcia@demomail.test,Skyler Ivanov,2025-03-15 20:48:00,Standard,,2024-12-08 01:08:00,,,,Y,REF-9025,3223,Delta,6192,3249,8553,TAG-7157,Delta,,100063,SKU-5025,4141,Alpha,4311,1231,,,,100103,100749,100729,100509,100395,100506,100729,100793,100388,100410,100051,,100066,,,,,,,,,100353,100344,100104,,100359,100090,100332,Nina Garcia,,,Diego Silva,TAG-8009,Nina G.,Reese Sato,,Placed,LOT-6185,,,LOT-3509,Alpha,,Avery Okafor,Beta,riley.garcia@sampleco.test,Individual Contributor,Contractor,Atlas Industries Inc,Mid-Level,Diego Larsson,Male,LOT-1005,LOT-2477,1048,Y,REF-4545,Omar Ashby,Yara Haddad,,Emerson Cohen,"16,594",Mumbai,Philippines,Delta,Gamma,Shared the updated proposal for review.,9982,morgan.whitfield@acme-fake.test,Marco Haddad,Marketing,Casey Costa,Alpha,,TAG-5405,,,,Toronto,Flexible,Delta,Software Developer,Liam Vance,TAG-6557,,,Alpha,LOT-6663,Active,Delta,Followed up on the open items from last week.,,,732,,5776,1627,495,Alpha,8816,,2664,,2022-10-28 22:06:00,1228,8471,Gamma,Gamma,Alpha,SKU-7107,6943,6564,2335,5251,9789,Other,2024-08-07 03:36:00,1153,6227,Standard,Alpha,Gamma,SKU-7085,6020,3613,5925,6989,7064,Standard,,,,,,,,,,,,,,2025-09-20,2295,3532,Alpha,REF-9199,TAG-5871,REF-2577,,3687,4631,1251,9465,,2026-04-12,,,,,,,,,,,,,2025-12-12,9199,1510,Other,SKU-9563,,,4466,,,2290,,,Discussed timeline and next steps with the account.
100322,Relay User,101642,noah.brooks@demomail.test,Aisha Nguyen,2024-09-20 09:17:00,yara.ivanov@acme-fake.test,Nina Whitfield,2025-03-12 15:18:00,Beta,Rowan Larsson,2023-11-20 06:16:00,,,,N,TAG-8943,1634,Delta,6646,7860,7576,REF-1165,Other,100789,100516,TAG-4319,,Other,,,,TAG-3914,Gamma,100513,100051,100339,100333,100111,,100688,100176,100190,100777,100410,,100565,,,,,298,9522,TAG-4552,,100421,100267,100405,100295,100759,,100574,Elena Dorsey,,,,SKU-5916,Elena D.,,SKU-2649,Placed,SKU-3257,SKU-5318,,SKU-5005,,,Quinn Mensah,Standard,noah.mercer@sampleco.test,Individual Contributor,Part-Time,Pioneer Group Co,Junior,Elena Sloan,Prefer not to say,TAG-8390,LOT-4184,5717,N,,Nina Silva,Jamie Reyes,,Morgan Dorsey,"43,091",Seattle,Canada,Alpha,Other,Resolved the outstanding question about scope.,1782,elena.garcia@examplecorp.test,Alex Larsson,Accounting,Fatima Kim,Standard,,REF-2508,SKU-4777,,,Dallas,US Day,Standard,Software Developer,Noah Rossi,SKU-8053,,,Beta,TAG-3351,Active,Other,,,,,,8660,848,9340,Delta,,,8663,Gamma,2023-08-10 21:58:00,9435,8897,Gamma,Delta,Standard,REF-7072,727,332,6773,4796,3594,Beta,2024-03-02 19:35:00,2506,5836,Alpha,Other,Beta,LOT-6960,6994,4136,1574,1858,1681,Delta,,,,,,,,,,,,,,2024-08-08,3602,7531,Gamma,,TAG-2428,TAG-7050,3794,2604,,3096,,Other,2025-02-28,,,,,,Other,,,,,,,2026-06-01,4814,690,Delta,,,,,,3695,9934,9690,,Noted a concern to revisit at the next sync.
100034,Relay User,101645,avery.sloan@sampleco.test,Omar Ashby,2025-06-22 09:35:00,elena.sato@sampleco.test,Jordan Dorsey,2024-10-30 02:37:00,Standard,,2024-02-09 18:23:00,,,,Y,REF-3897,8810,Gamma,5895,8768,8367,TAG-1051,Other,100538,100520,REF-1267,7890,Delta,,5686,4433,REF-5287,Other,100637,100473,100023,100426,100708,100573,100470,100569,100686,100798,100420,,100063,,6709,,,,,,,100073,100165,100178,100482,,,100676,Arjun Ford,,Riley Cohen,Drew Costa,TAG-1059,Arjun F.,,TAG-8421,Not Available,REF-3751,,TAG-7578,TAG-8105,,,Rahul Nguyen,Beta,omar.sloan@examplecorp.test,Manager,Part-Time,Horizon Energy LLC,Mid-Level,Drew Ivanov,Prefer not to say,LOT-8941,TAG-1074,1403,N,,Fatima Vance,Skyler Vance,,Omar Ivanov,,Chicago,Germany,,Alpha,Reviewed performance and gathered feedback.,8086,casey.patel@acme-fake.test,Arjun Vance,Human Resources,Drew Costa,Other,,REF-8887,,,,Atlanta,US Evening,,Accountant,Diego Ford,SKU-9079,Restructuring,,Gamma,TAG-8064,Inactive,Other,,,4625,,,6405,3578,2786,Delta,8239,9866,3095,,2023-05-21 00:15:00,6905,1744,Alpha,Gamma,Beta,REF-3039,8963,7857,136,6375,3838,Delta,2023-11-27 04:13:00,1721,2977,Standard,Delta,Beta,REF-6378,7422,1683,3672,7915,2967,Delta,,,,,,,,,,,,,,2025-06-16,1145,9991,,TAG-3445,,REF-4535,,,4921,7179,1926,Other,2026-02-18,,,,,,,,,,,,,2025-04-26,,,,LOT-6967,,,6554,7154,,1650,,,Shared the updated proposal for review.
100197,Relay User,101647,drew.ashby@demomail.test,Omar Nguyen,2023-02-26 06:08:00,alex.reyes@demomail.test,Alex Larsson,2023-04-22 03:56:00,Other,,2024-11-05 00:46:00,,,,N,LOT-7719,3029,Other,5284,9730,7981,LOT-2197,Other,100343,100393,LOT-9226,,Standard,,8107,1245,SKU-5056,Other,100029,100598,100189,100473,100058,100238,100784,100641,,100148,100195,100213,100485,LOT-9418,,,4686,4272,7849,,,100539,100759,100161,100506,100746,,100546,Mei Kim,LOT-3751,,Rowan Haddad,TAG-7487,Mei K.,Riley Nguyen,TAG-2143,Placed,LOT-6871,,,SKU-4027,Gamma,,Casey Mercer,Alpha,noah.larsson@examplecorp.test,Manager,Intern,Granite Networks LLC,Senior,Riley Sloan,Prefer not to say,TAG-4475,REF-8192,7065,N,,Yara Cohen,Quinn Sloan,,Taylor Mensah,,Manila,Australia,Gamma,Standard,,97,omar.cohen@sampleco.test,Noah Okafor,Sales,Drew Garcia,Other,,REF-1535,,,,Atlanta,Flexible,Delta,Operations Associate,Aisha Okafor,SKU-5447,,,Standard,REF-2345,Active,Delta,,,,,,982,7991,4472,Gamma,5765,9754,9302,Gamma,2023-07-24 09:19:00,9068,2704,Delta,Delta,Beta,LOT-9838,803,593,6447,9837,8837,Standard,2026-01-01 12:15:00,7917,4793,Delta,Standard,Gamma,REF-5377,6271,6824,9508,8121,556,Beta,,,,,,,,,,,,,,2025-08-01,1594,9974,,SKU-8457,REF-2883,,7590,3022,2871,6607,6879,,2022-12-04,,,,,,,,,,,,,2022-10-05,,,,,LOT-2126,,3325,6377,,,,,Resolved the outstanding question about scope.
100051,Relay User,101650,diego.calder@acme-fake.test,Chen Nguyen,2025-08-10 14:25:00,morgan.costa@demomail.test,Fatima Larsson,2025-02-26 23:55:00,Gamma,Marco Brooks,2025-09-28 09:51:00,,,,Y,LOT-2070,4501,Gamma,166,8111,3404,LOT-3964,Gamma,100473,100484,TAG-6011,6205,Other,1929,5739,2702,,Gamma,100522,100784,100440,100178,100496,100205,,100613,100305,100582,100301,100389,100360,,,,,,6358,,,,100708,100530,,100497,100120,100631,Rahul Sloan,,,Liam Haddad,LOT-5743,Rahul S.,,,N/A,TAG-9396,REF-9731,,SKU-1960,,,Marco Kim,Delta,taylor.vance@acme-fake.test,Manager,Part-Time,Silverline Energy Corp,Junior,Marco Garcia,Female,REF-4627,REF-9771,8910,N,REF-6487,Morgan Okafor,Arjun Haddad,,Liam Blake,,Manila,Mexico,Other,Gamma,Noted a concern to revisit at the next sync.,774,marco.ashby@demomail.test,Noah Mercer,Sales,Rowan Mensah,Beta,,REF-3817,LOT-9194,,Discussed timeline and next steps with the account.,Austin,US Day,Other,Customer Success Manager,Jamie Vance,LOT-6214,,,Alpha,REF-1688,Active,Delta,Discussed timeline and next steps with the account.,2438,,,Standard,509,1728,9211,Gamma,443,,8449,Other,2025-06-15 07:58:00,2285,5931,Other,Delta,Gamma,SKU-5986,2266,2243,4773,5703,1114,Other,2024-03-01 16:07:00,4623,459,Beta,Other,Other,SKU-7687,947,2473,4055,4661,396,Alpha,,,,,,,,,,,,,,2025-07-31,8076,145,Gamma,SKU-6200,SKU-4384,LOT-1973,2066,,,9156,8266,Gamma,2025-09-14,,,,,,,,,,,,,2023-06-27,123,,Delta,,,,,,460,6913,8846,,Shared the updated proposal for review.
100569,Relay User,101651,fatima.rossi@acme-fake.test,Aisha Silva,2025-02-04 10:01:00,skyler.patel@demomail.test,Rowan Calder,2025-01-15 12:18:00,Other,Liam Whitfield,2026-01-26 16:17:00,,,,N,TAG-4518,5657,Other,9768,3230,6974,SKU-5880,Alpha,100241,100066,LOT-7023,4628,,411,2662,9903,SKU-9712,Other,100615,100342,100705,100235,100506,100151,,100232,,100383,100243,100542,100535,,,,,3218,3428,LOT-5637,,100434,100342,100538,,,100548,100184,Jordan Cohen,,,,SKU-1222,Jordan C.,Omar Ivanov,,Available,REF-8234,REF-6119,SKU-8151,LOT-1204,Standard,,Aisha Okafor,Beta,casey.blake@demomail.test,Manager,Contractor,Silverline Logistics LLC,Senior,Jordan Whitfield,Female,REF-8588,SKU-3579,6014,Y,,,Reese Dorsey,,,"217,700",Atlanta,United Kingdom,Delta,Gamma,Aligned on billing and renewal terms.,7373,liam.okafor@examplecorp.test,Marco Larsson,Marketing,Avery Calder,Other,,REF-7101,,,,Denver,US Night,Alpha,Accountant,Rahul Nguyen,SKU-8440,,,Standard,REF-6744,Active,Other,,,,4761,,1247,1051,3943,Other,8083,6137,8223,Alpha,2026-04-15 09:06:00,8750,2010,Alpha,Standard,Delta,TAG-9129,2577,4064,9986,8975,4458,Beta,2024-11-27 22:23:00,2094,3012,Standard,Standard,Alpha,LOT-2308,7200,8223,3777,3244,5666,Gamma,,,,,,,,,,,,,,2023-10-30,1514,6662,Gamma,LOT-7678,SKU-1139,LOT-9989,8211,,1700,6781,6060,,2026-02-13,,,,,,,,,,,,,2025-12-01,7117,,Gamma,,,REF-8453,5406,,3421,9085,,Delta,Discussed timeline and next steps with the account.
100267,Relay User,101653,fatima.reyes@acme-fake.test,Yara Ivanov,2022-12-04 11:41:00,yara.cohen@acme-fake.test,Sofia Ashby,2022-12-01 10:39:00,Beta,Emerson Costa,2026-04-01 12:50:00,,,,N,TAG-9839,1290,Gamma,7601,4070,6545,SKU-4249,Alpha,100628,100770,SKU-9604,,Delta,,2407,,LOT-7121,Delta,100481,100083,100334,100641,100661,100429,100520,100601,100101,100702,100750,100209,100173,REF-6311,,,,,,,TAG-8550,100026,100290,100522,,100628,100060,100511,Liam Blake,,,Quinn Blake,SKU-9328,Liam B.,,TAG-3865,Placed,LOT-8189,,,LOT-2673,,,Mei Reyes,Other,liam.vance@examplecorp.test,Director,Full-Time,Blue Ridge Holdings Inc,Mid-Level,Sofia Blake,Female,REF-9795,SKU-4665,2291,N,,Morgan Mercer,Fatima Costa,LOT-1699,Chen Reyes,"138,680",Dallas,India,Delta,Standard,,4916,aisha.kim@demomail.test,Nina Brooks,Sales,Yara Vance,Gamma,,REF-8539,,,,Toronto,Flexible,Other,Executive Assistant,Reese Sloan,LOT-6062,,,Beta,REF-5255,Active,Standard,Resolved the outstanding question about scope.,,,,,8168,9007,1797,Beta,5513,8448,1949,Gamma,2026-04-30 05:30:00,8296,6389,Delta,Other,Standard,REF-5526,6945,1080,5927,9507,4989,Standard,2024-03-26 14:23:00,5103,8438,Gamma,Alpha,Delta,TAG-4509,4777,8480,5931,697,4070,Alpha,,,,,,,,,,,,,,2023-12-27,807,1318,Other,TAG-9628,,TAG-4075,8933,,6364,2464,,Alpha,2025-10-24,,,,,,,,,,,,,2025-07-06,,,,,,,3470,410,,,6540,,Reviewed performance and gathered feedback.
100447,Relay User,101655,drew.nguyen@sampleco.test,Chen Mensah,2024-02-15 03:06:00,emerson.silva@sampleco.test,Arjun Mensah,2025-07-10 12:48:00,Standard,Drew Blake,2025-05-24 04:10:00,,,,N,LOT-6966,241,Delta,865,8162,813,LOT-6958,Beta,100049,100744,SKU-5772,2212,Alpha,4304,,,REF-7899,Alpha,100734,100685,100607,100712,100242,100585,100555,100793,,100492,100789,,,,,Beta,,,,,,100692,100574,100717,100576,,100587,100696,Morgan Vance,,,Priya Vance,TAG-9270,Morgan V.,Marco Garcia,,Available,REF-7982,REF-7410,LOT-6288,TAG-3492,,,Riley Ashby,Gamma,chen.garcia@examplecorp.test,Individual Contributor,Intern,Copper Solutions Corp,Lead,Nina Ivanov,Male,SKU-5353,REF-2512,1817,Y,SKU-5146,Morgan Vance,Drew Nguyen,,Rowan Blake,"82,819",Toronto,United States,Beta,Standard,,,casey.dorsey@acme-fake.test,Mei Cohen,Operations,Arjun Ford,Gamma,,TAG-8084,,,Scheduled a check-in for the coming month.,Bengaluru,US Night,Alpha,Recruiter,Noah Vance,LOT-1537,,,Alpha,TAG-6222,Active,Alpha,Shared the updated proposal for review.,,,,,5929,8129,625,Standard,,,,Beta,2025-04-01 19:29:00,4504,1961,Other,Standard,Gamma,LOT-4140,4038,5178,7751,6537,8022,Standard,2024-07-19 07:34:00,8636,6295,Alpha,Gamma,Beta,LOT-8817,2779,111,3611,5258,5905,Delta,,,,,,,,,,,,,,2026-07-07,8796,7804,Delta,,,LOT-4810,7892,4520,1387,,9039,Other,2025-12-26,,,,,,,,,,,,,2025-03-27,,6016,,LOT-6871,,LOT-7809,,,,,,,Discussed timeline and next steps with the account.
100568,Relay User,101657,jordan.vance@sampleco.test,Marco Rossi,2023-10-26 12:12:00,chen.reyes@demomail.test,Emerson Kim,2023-07-20 04:57:00,,,2023-11-05 14:56:00,,,,N,TAG-3244,9010,Other,7496,3129,6233,TAG-4674,Gamma,100070,100257,REF-2214,2320,,,7439,1323,SKU-6713,Other,100308,100029,100389,100607,100080,100103,100788,100126,100631,100305,100236,,100492,,,Beta,5911,5417,,,,100455,100203,100363,100702,,,100089,Jamie Mercer,,,Noah Mensah,REF-6348,Jamie M.,Marco Silva,,Available,LOT-6421,SKU-7089,LOT-8049,REF-5071,Gamma,,Aisha Patel,Delta,fatima.whitfield@demomail.test,Director,Full-Time,Brightpath Holdings,Junior,Chen Vance,Male,TAG-5197,REF-4177,6837,Y,,Noah Whitfield,Diego Cohen,SKU-6618,,"12,520",Denver,Philippines,,Alpha,,4977,sofia.vance@sampleco.test,Riley Blake,Data & Analytics,Chen Mercer,Gamma,,SKU-4809,,Reviewed performance and gathered feedback.,,Dallas,Flexible,Alpha,Software Developer,Jordan Larsson,,,,Other,TAG-1147,Active,Beta,,,,,,4147,7633,9347,Beta,6067,6254,7792,,2022-12-08 06:33:00,2959,8032,Standard,Alpha,Beta,REF-2749,9070,3147,892,45,8777,Gamma,2024-01-04 18:12:00,4519,4048,Standard,Delta,Standard,LOT-4181,3655,2707,2182,6860,2334,Gamma,,,,,,,,,,,,,,2024-03-10,,2740,Other,TAG-4782,LOT-2372,SKU-6924,3002,8810,,7886,9105,Standard,2025-12-10,,,,,,,,,,,,,2024-01-25,,,Delta,,,SKU-4764,671,,,,,Gamma,Followed up on the open items from last week.
100432,Relay User,101659,omar.mercer@acme-fake.test,Yara Patel,2026-05-26 08:45:00,reese.ford@demomail.test,Jamie Reyes,2023-07-31 08:52:00,Standard,,2024-03-16 04:26:00,,,,Y,REF-7956,7483,Other,4316,1224,8731,SKU-8283,Other,,100500,,3341,,6282,,,TAG-2748,,100313,100546,100239,100523,100741,100009,,100340,,100738,100094,,,,,,,,5092,,REF-7704,100532,100509,100017,,100239,,100746,Riley Dorsey,REF-1108,,Rahul Vance,LOT-9199,Riley D.,Casey Brooks,,Placed,REF-1801,,TAG-3871,SKU-3342,Alpha,,Morgan Mercer,Delta,nina.whitfield@sampleco.test,Manager,Full-Time,Meridian Partners LLC,Senior,Casey Larsson,Female,REF-2882,REF-9937,,Y,,Arjun Garcia,Skyler Sato,,Skyler Reyes,,Toronto,United Kingdom,,Beta,Scheduled a check-in for the coming month.,3432,noah.silva@demomail.test,Riley Silva,Recruiting,,Delta,,SKU-9876,,,,Toronto,US Day,Other,Payroll Specialist,Jamie Cohen,REF-6345,,,Other,TAG-4647,Active,Gamma,,1283,,,,6611,6731,8890,Delta,,2191,5241,,2025-02-08 16:57:00,7594,9751,Alpha,Gamma,Standard,SKU-7654,2062,371,525,6663,2866,Alpha,2024-01-31 13:28:00,9252,4289,Other,Beta,Standard,TAG-7406,6126,4913,548,938,3804,Beta,,,,,,,,,,,,,,2024-01-08,910,5433,Beta,SKU-4419,TAG-4170,LOT-8060,,1953,3393,6607,9977,Gamma,2025-02-10,,,,,,,,,,,,,2026-07-10,,8252,,,,LOT-6118,976,1739,3464,5464,,Beta,Scheduled a check-in for the coming month.
100796,Relay User,101660,riley.patel@acme-fake.test,Fatima Kim,2024-09-23 08:17:00,mei.vance@examplecorp.test,Rowan Kim,2022-12-29 12:35:00,Gamma,Rowan Haddad,2025-11-14 05:12:00,,,,Y,TAG-2893,4668,Delta,7796,4204,4481,SKU-9184,Beta,,100500,SKU-6674,7206,Gamma,4283,8349,7391,,Delta,100343,100023,100622,100049,100056,100215,100627,100106,,,100723,100348,100126,,,Beta,3379,,,,,100177,100420,100613,,100796,100195,100771,Marco Dorsey,,,Priya Ashby,REF-9410,Marco D.,Drew Kim,REF-2307,Coming Soon,REF-9260,,,LOT-2418,,,Morgan Garcia,Standard,elena.calder@examplecorp.test,Director,Contractor,Cardinal Networks Co,Lead,Casey Rossi,Non-binary,LOT-1897,TAG-4429,2072,N,SKU-3221,Nina Rossi,Priya Rossi,,,,Austin,United States,Alpha,Gamma,,5870,drew.sato@sampleco.test,Noah Sato,Recruiting,Taylor Nguyen,Gamma,,TAG-8541,SKU-4947,Resolved the outstanding question about scope.,,Mumbai,US Day,,Customer Success Manager,Yara Mensah,,,,Delta,SKU-3951,Active,Standard,,5146,,5520,,7647,3979,1425,Delta,,,310,Delta,2023-08-21 16:43:00,9635,1417,Beta,Standard,Delta,TAG-3717,7402,5398,656,8610,6077,Alpha,2026-03-31 11:47:00,9499,6949,Gamma,Delta,Alpha,LOT-9018,1142,7879,9018,2153,7108,Gamma,,,,,,,,,,,,,,2024-12-15,9994,,Gamma,,,TAG-9757,1564,3882,3017,6345,4887,,2023-05-07,5159,,,,,,,,,,,,2023-10-20,3558,2282,,,,LOT-9275,,9913,378,,2606,,Noted a concern to revisit at the next sync.
100658,Relay User,101661,yara.okafor@demomail.test,Taylor Garcia,2024-04-05 11:32:00,nina.calder@demomail.test,Marco Mercer,2023-04-30 02:58:00,Standard,,2023-02-01 06:08:00,,,,N,SKU-4861,1782,Beta,6883,320,828,REF-1527,Alpha,100517,100040,,,Alpha,4146,5047,4531,,,100496,100371,100548,100280,100681,100603,100593,100106,100298,100060,,,100110,,,Delta,,,,,,100012,100601,100086,,,100115,100601,Chen Patel,,,Omar Ashby,,Chen P.,Diego Cohen,,Coming Soon,TAG-5447,TAG-8212,LOT-8223,TAG-1152,,,Marco Ford,Other,morgan.blake@sampleco.test,Manager,Part-Time,Evergreen Industries LLC,Senior,Jordan Reyes,Female,SKU-9161,TAG-2643,3263,N,TAG-9717,,Avery Garcia,SKU-4704,,,Dallas,Australia,Standard,Standard,,4020,jamie.silva@sampleco.test,Arjun Garcia,Finance,,Delta,,LOT-6912,,,Followed up on the open items from last week.,London,US Day,Beta,HR Generalist,Fatima Calder,,Client Request,,Gamma,SKU-8061,Inactive,Beta,,,852,,,3234,5517,4665,Other,1305,1498,404,Other,2026-02-06 19:46:00,9983,6472,Delta,Gamma,Alpha,SKU-9002,80,7268,1380,1980,6958,Delta,2025-09-18 09:07:00,6707,7509,Other,Alpha,Standard,REF-8730,4911,2507,5453,6092,5845,Beta,,,,,,,,,,,,,,2023-08-23,825,9065,Beta,,,TAG-1437,9339,3168,,5147,1556,Gamma,2025-02-06,,,,,,,,,,,,,2025-10-21,,,,LOT-2565,SKU-2574,LOT-2882,8705,5145,3060,,,Delta,Aligned on billing and renewal terms.
100010,Relay User,101664,mei.rossi@examplecorp.test,Avery Mercer,2022-10-29 03:08:00,sofia.ashby@examplecorp.test,Morgan Sloan,2026-07-06 07:39:00,Gamma,Nina Whitfield,2025-07-29 13:40:00,,,,Y,SKU-7629,6004,Other,9992,1031,7909,REF-6754,Other,100685,100440,,1416,Alpha,2820,,,REF-5622,Alpha,100457,100750,100604,100323,100099,100624,100702,100185,,100178,100518,,100684,,,,,,,SKU-1719,,100637,100215,100106,100172,100667,100044,100755,Rowan Kim,,,Riley Mensah,REF-7724,Rowan K.,Liam Whitfield,REF-9422,Placed,TAG-2842,,,REF-7666,Other,,Elena Patel,Delta,casey.brooks@acme-fake.test,Manager,Full-Time,Cobalt Analytics Ltd,Mid-Level,Jordan Ashby,Prefer not to say,LOT-6705,TAG-1325,4265,Y,,Sofia Calder,Sofia Calder,,Quinn Dorsey,"209,460",Seattle,Philippines,Gamma,Beta,,,casey.blake@sampleco.test,Alex Dorsey,Accounting,Omar Mercer,Beta,,SKU-2695,,,,Seattle,Flexible,Beta,Financial Analyst,Marco Vance,,,,Delta,TAG-2352,Active,Alpha,Noted a concern to revisit at the next sync.,,,,,7906,2179,2603,Standard,55,,4418,Alpha,2026-06-15 02:00:00,2276,2449,Delta,Delta,Beta,LOT-8042,7151,3827,6726,8060,8863,Delta,2026-07-19 01:46:00,3904,7753,Alpha,Gamma,Alpha,REF-1644,2443,6536,9182,8052,5334,Beta,,,,,,,,,,,,,,2024-02-16,,6799,Standard,LOT-2174,REF-1673,,2942,9114,7959,,9942,Beta,2025-02-04,,,,,,,,,,,7431,,2025-08-14,,,,,,,,2683,,,5249,,Shared the updated proposal for review.
100371,Relay User,101666,sofia.ivanov@acme-fake.test,Rowan Cohen,2025-04-12 06:48:00,marco.haddad@demomail.test,Alex Blake,2023-02-15 05:25:00,Beta,Skyler Ashby,2025-04-24 10:33:00,,,,Y,SKU-1574,2475,Delta,1464,3363,6664,SKU-9671,Delta,100603,100239,LOT-7135,4671,,,1157,8032,SKU-6260,Standard,100477,100177,100424,100129,100146,100559,100673,100684,100532,100293,100496,100559,100342,,34,Standard,,7940,6855,SKU-1572,,100490,,100257,100729,100243,100738,100316,Reese Rossi,,,,,Reese R.,Mei Dorsey,,Placed but Available,SKU-8190,LOT-1852,,LOT-2414,Alpha,,Drew Ashby,Other,avery.ashby@acme-fake.test,Individual Contributor,Full-Time,Falcon Textiles Group,Mid-Level,Elena Patel,Female,SKU-6518,REF-9476,6393,Y,,Mei Reyes,Diego Haddad,,,,Seattle,United States,Alpha,Other,,5134,sofia.haddad@acme-fake.test,Chen Ford,Customer Support,,Gamma,,REF-3409,,,Discussed timeline and next steps with the account.,Dallas,Flexible,Other,Financial Analyst,Morgan Silva,,,,Delta,TAG-8146,Active,Alpha,,4668,6753,,,4591,845,5270,Standard,2427,2301,,Gamma,2023-05-12 20:22:00,6350,7086,Standard,Alpha,Alpha,REF-6793,3896,3952,7717,5892,4775,Alpha,2025-06-12 23:42:00,3325,3841,Delta,Delta,Gamma,SKU-3989,2021,2572,7762,801,9469,Other,,,,,,,,,,,,,,2023-07-05,1145,8569,Alpha,LOT-5321,SKU-2432,,7839,9774,9226,5332,7199,Delta,2024-03-21,,,,,,,,,,,,,2023-12-18,,3093,Gamma,,,TAG-1805,,,,6275,7697,,Followed up on the open items from last week.
100146,Relay User,101669,drew.vance@acme-fake.test,Nina Mensah,2024-10-13 05:27:00,chen.sloan@demomail.test,Fatima Nguyen,2024-06-28 20:47:00,Standard,,2024-12-14 23:20:00,,,,Y,REF-7602,5586,Standard,1645,5885,3711,LOT-6689,Delta,100607,100120,,7251,,9572,8720,8621,,,100617,100615,100110,100025,100332,,,100376,,100731,100658,100492,100601,,,,1298,8085,,REF-3679,TAG-4276,100086,100235,100186,,100275,100319,100220,Skyler Mercer,,,Yara Haddad,,Skyler M.,Diego Rossi,,Placed,REF-1447,,REF-7946,TAG-1800,,,Riley Brooks,Other,morgan.ashby@sampleco.test,Director,Contractor,Everest Solutions LLC,Senior,Chen Garcia,Non-binary,TAG-1881,SKU-1423,6840,N,LOT-6082,Priya Cohen,Rowan Calder,,Diego Dorsey,,London,Germany,Gamma,Delta,Discussed timeline and next steps with the account.,696,avery.ford@examplecorp.test,Avery Patel,Recruiting,Sofia Vance,Alpha,,LOT-1841,,,Followed up on the open items from last week.,Mumbai,US Night,Standard,Customer Success Manager,Sofia Okafor,SKU-8059,,,Standard,REF-1132,Active,Delta,,,,875,,7860,4844,1263,Gamma,8219,,906,Gamma,2023-09-15 16:38:00,6398,2825,Delta,Delta,Delta,SKU-3145,5389,7231,3570,8620,342,Gamma,2025-07-03 07:33:00,196,986,Alpha,Beta,Beta,LOT-8776,3516,5356,1316,4906,9851,Gamma,,,,,,,,,,,,,,2023-08-08,9587,,Gamma,REF-2688,TAG-8919,REF-2341,8298,2221,,304,,Gamma,2023-03-06,,,,,,,,,,,,,2026-04-26,,5017,,,,,2092,148,1393,,4882,,Shared the updated proposal for review.
100496,Relay User,101670,chen.ashby@acme-fake.test,Reese Blake,2023-08-05 03:28:00,taylor.cohen@demomail.test,Casey Vance,2025-02-23 06:57:00,,Nina Dorsey,2025-01-23 08:46:00,,,,N,REF-6955,8636,Standard,1363,8385,8370,REF-1821,Alpha,100563,100165,LOT-1326,,Alpha,8919,,6938,TAG-3535,Delta,100734,100172,100622,100089,100103,100251,100165,100295,100496,,100452,100437,100277,,7186,,,,,SKU-3086,TAG-4592,100110,100209,100216,100079,100798,,100625,Fatima Patel,,,Casey Blake,SKU-2993,Fatima P.,Diego Cohen,,Placed,TAG-2880,,,REF-6404,Alpha,,Yara Vance,Other,elena.sato@demomail.test,Team Lead,Full-Time,Silverline Dynamics Corp,Senior,Arjun Blake,Non-binary,SKU-7513,SKU-5148,,N,REF-4688,Arjun Okafor,Nina Silva,,,,Austin,India,Other,Beta,,6708,taylor.larsson@acme-fake.test,Jordan Whitfield,Data & Analytics,Drew Okafor,Delta,,LOT-4241,,,,Bengaluru,US Night,Other,Executive Assistant,Riley Ivanov,TAG-9173,Voluntary Resignation,,Delta,REF-5423,Inactive,Delta,,4550,,,,2314,5842,9849,Gamma,5406,,,Gamma,2025-09-26 05:51:00,3454,7584,Gamma,Alpha,Beta,TAG-2313,8092,7997,8174,2012,7983,Delta,2025-09-07 21:36:00,1627,5632,Beta,Other,Gamma,SKU-1647,4405,1781,183,5411,602,Gamma,,,,,,,,,,,,,,2023-11-27,,3876,,TAG-8087,LOT-6947,LOT-2110,,137,,8587,1236,,2023-03-29,,,,,,,,,,,,,2024-02-18,,,Delta,LOT-6846,,,,,,,7152,,Discussed timeline and next steps with the account.
100717,Relay User,101673,alex.silva@acme-fake.test,Priya Silva,2025-11-12 11:15:00,quinn.whitfield@acme-fake.test,Noah Okafor,2026-05-06 20:01:00,Alpha,Quinn Silva,2023-08-24 05:34:00,,,,Y,LOT-1126,109,Beta,9634,5315,9647,TAG-4080,Standard,100023,100417,LOT-6647,4974,,3668,,649,LOT-9256,Delta,100120,100377,100374,100103,100215,100631,100477,100205,100421,100245,100684,100631,100031,,2373,,7871,,,,,100672,100269,100624,100637,100628,100543,100746,Aisha Cohen,,,Yara Ashby,REF-7185,Aisha C.,Liam Sato,,Placed,TAG-2504,,,SKU-1653,Gamma,,Nina Brooks,Delta,jordan.ford@sampleco.test,Team Lead,Part-Time,Vertex Networks Corp,Entry,Aisha Calder,Female,SKU-9031,REF-5043,,Y,SKU-4872,Morgan Mensah,Quinn Silva,,Omar Ivanov,,Denver,United States,Alpha,Delta,,8767,skyler.mercer@sampleco.test,Noah Blake,Recruiting,Diego Cohen,Delta,,REF-7902,,,,Toronto,US Day,Gamma,QA Engineer,Arjun Dorsey,,,,Beta,LOT-8617,Active,Delta,,,,5745,,7274,1423,6152,Gamma,6900,1386,4635,Alpha,2024-05-08 11:56:00,8003,8315,Alpha,Delta,Alpha,SKU-6845,6987,294,9662,6458,4350,Delta,2026-06-22 14:34:00,4181,8292,Other,Delta,Delta,REF-6421,9905,1660,4683,1203,7320,Beta,,,,,,,,,,,,,,2022-10-04,3775,,Beta,SKU-1258,LOT-5424,,,9197,,639,,Beta,2025-06-12,,,,,,,,,,,,,2023-08-19,,,Beta,REF-9566,LOT-1747,,,,3240,2978,3240,,Scheduled a check-in for the coming month.
100699,Relay User,101674,rowan.dorsey@acme-fake.test,Emerson Kim,2024-05-09 18:32:00,diego.whitfield@sampleco.test,Priya Silva,2026-01-01 00:19:00,Other,Marco Brooks,2024-03-04 10:18:00,,,,Y,LOT-6232,3028,Beta,821,2456,6497,SKU-7807,Delta,100280,100559,REF-9290,3436,,,,8522,,Beta,100259,100363,100034,100029,100334,,100395,100417,100656,100146,100498,,100242,,,,,,,,,,100107,100017,,,,100029,Reese Sloan,,,,,Reese S.,Yara Blake,TAG-8473,Not Available,TAG-9116,,,SKU-7171,Other,,Reese Whitfield,Other,arjun.sato@sampleco.test,Team Lead,Part-Time,Redwood Systems LLC,Entry,Liam Calder,Prefer not to say,SKU-3672,SKU-9305,,N,SKU-7323,Avery Patel,Drew Rossi,,,,Chicago,Mexico,Other,,Followed up on the open items from last week.,106,fatima.garcia@acme-fake.test,Avery Whitfield,Recruiting,Fatima Silva,Gamma,,TAG-6771,,,,Manila,US Night,Delta,Recruiter,Sofia Ivanov,LOT-6218,,,Standard,REF-9470,Active,Alpha,Noted a concern to revisit at the next sync.,2066,,1072,,3597,7841,6747,Other,9845,,7633,,2026-03-26 19:40:00,8955,861,Gamma,Beta,Alpha,SKU-4737,180,5333,1889,7835,1754,Other,2023-09-12 03:00:00,9549,7523,Other,Alpha,Standard,SKU-5480,6910,1240,3984,7003,2697,Beta,,,,,,,,,,,,,,2023-12-02,8874,8609,,SKU-3099,LOT-1691,LOT-1847,1175,4358,3738,,1831,Alpha,2025-05-21,,,,,,,,,,,,,2024-09-15,,1446,Delta,,,TAG-7414,3113,,9855,,,Alpha,Aligned on billing and renewal terms.
100146,Relay User,101677,elena.ivanov@sampleco.test,Emerson Costa,2023-05-22 21:25:00,emerson.blake@sampleco.test,Sofia Reyes,2026-06-10 02:03:00,Gamma,Sofia Larsson,2024-07-31 11:52:00,,,,N,LOT-9411,1630,Gamma,3043,1372,697,LOT-8554,Standard,100192,100328,,2840,Gamma,2885,9517,9260,,Other,100593,100060,100267,100097,100089,100200,100069,100148,100104,100576,100143,,100652,,4216,,,,,,,100097,100670,100760,100120,,100329,100042,Reese Mercer,,,Sofia Brooks,LOT-2537,Reese M.,,,Not Available,SKU-8509,,,TAG-3721,,,Elena Reyes,Standard,sofia.ford@examplecorp.test,Individual Contributor,Contractor,Beacon Solutions Inc,Lead,Reese Haddad,Female,LOT-2113,TAG-1124,,N,TAG-6893,Noah Mercer,Rahul Kim,,,"150,612",Toronto,Canada,Delta,,,,elena.calder@acme-fake.test,Noah Cohen,Software Engineering,,Standard,,LOT-7876,SKU-1723,,,Dallas,US Night,Other,Support Specialist,Omar Cohen,SKU-2149,,Standard,Gamma,TAG-8590,Active,Gamma,Aligned on billing and renewal terms.,9128,,,,7724,4428,5352,Beta,8346,2645,1368,Gamma,2024-12-20 03:54:00,2434,5284,Other,Alpha,Delta,LOT-5713,6027,4842,8502,657,2506,Standard,2026-07-12 22:08:00,2499,7970,Beta,Standard,Standard,REF-8468,9489,2555,6699,5882,2707,Standard,,,,,,,,,,,,,,2024-09-27,2121,3648,Standard,TAG-5190,,REF-2726,4221,9688,7601,4378,3801,Standard,2024-10-11,,,,,,,,,,5650,,,2026-01-22,4550,,,,,,,,2098,,9058,,Resolved the outstanding question about scope.
100746,Relay User,101680,drew.silva@examplecorp.test,Nina Reyes,2025-05-30 05:55:00,skyler.blake@examplecorp.test,Jamie Costa,2024-04-04 00:57:00,Other,Taylor Kim,2025-12-16 06:01:00,,,,N,LOT-1833,9682,Beta,9989,2690,6456,REF-9007,Gamma,100652,100291,,9645,Delta,,961,9581,SKU-7778,,100248,100213,100229,100705,100400,100705,100421,100681,,100610,100290,,,,7770,,,,9928,,,100555,100104,100332,100560,,100141,100788,Taylor Cohen,,,Reese Cohen,SKU-9235,Taylor C.,Fatima Reyes,,Placed,REF-6844,REF-9937,SKU-5539,REF-5112,,,Riley Whitfield,Gamma,aisha.silva@examplecorp.test,Team Lead,Intern,Blue Ridge Ventures,Mid-Level,Elena Garcia,Prefer not to say,TAG-5777,REF-8537,9659,N,TAG-3035,Yara Ford,Marco Blake,,Jamie Ashby,,London,Mexico,Beta,Delta,Followed up on the open items from last week.,9387,rowan.calder@examplecorp.test,Nina Ashby,Data & Analytics,Priya Haddad,Gamma,,SKU-6271,,,Noted a concern to revisit at the next sync.,Bengaluru,US Night,Alpha,Operations Associate,Riley Mensah,TAG-3015,Relocation,,Standard,LOT-2747,Inactive,Standard,,,,,,2687,7087,5954,Standard,5625,3900,4749,,2022-10-21 13:42:00,1855,1540,Delta,Alpha,Alpha,REF-4601,7433,1196,2123,4945,4006,Beta,2026-04-18 02:20:00,8060,5183,Standard,Gamma,Gamma,LOT-9746,2712,434,2432,1006,8483,Beta,,,,,,,,,,,,,,2024-12-27,1212,5331,Gamma,REF-8269,SKU-3589,LOT-9623,4677,6544,,2321,,Gamma,2024-11-21,,,,,,,,,,,,,2025-10-12,1719,,,,TAG-2393,,,8320,8261,,,Alpha,Reviewed performance and gathered feedback.
100046,Relay User,101682,casey.dorsey@examplecorp.test,Rowan Nguyen,2025-01-28 03:42:00,skyler.garcia@sampleco.test,Avery Patel,2026-04-25 18:10:00,Alpha,Liam Kim,2025-12-18 02:43:00,,,,Y,LOT-9376,1330,Delta,1291,5000,2554,TAG-5867,Beta,100141,100664,LOT-1766,2586,,,,,SKU-8306,Alpha,100591,100426,100128,100293,100015,100717,,100029,100603,100240,100301,,100596,,,,6698,,,,,100314,100634,100738,,,,100475,Marco Haddad,,,Alex Nguyen,SKU-1643,Marco H.,Taylor Okafor,,Placed,,,LOT-6870,SKU-4802,,,Reese Nguyen,Gamma,reese.silva@acme-fake.test,Team Lead,Full-Time,Vertex Industries Inc,Senior,Fatima Whitfield,Male,REF-6399,SKU-7799,3566,N,REF-6397,Aisha Ford,Sofia Vance,,,"66,584",Atlanta,India,Gamma,Other,,,nina.ford@examplecorp.test,Jordan Larsson,Operations,Aisha Kim,Standard,,LOT-1111,TAG-2973,,,Toronto,US Evening,Beta,Operations Associate,Rahul Ivanov,TAG-5286,Voluntary Resignation,,Other,TAG-3620,Inactive,Other,,,,,,4431,4675,5641,Alpha,,3832,4023,Standard,2025-09-10 17:16:00,3369,6718,Alpha,Other,Alpha,TAG-4297,346,8594,2106,7089,876,Standard,2023-08-12 04:22:00,6609,6958,Delta,Other,Alpha,LOT-3879,171,7631,6377,5663,8207,Alpha,,,,,,,,,,,,,,2025-01-05,3465,5468,Other,LOT-3273,REF-4069,SKU-4290,9597,5754,5877,3017,8559,Gamma,2026-03-28,,,,,,,,,,,,,2025-08-24,,,,LOT-4907,REF-4044,SKU-7568,,,335,,,,Followed up on the open items from last week.
100203,Relay User,101683,alex.silva@demomail.test,Rahul Ivanov,2025-10-15 23:12:00,omar.blake@sampleco.test,Nina Ford,2023-01-15 11:04:00,Delta,Omar Reyes,2023-11-22 19:51:00,,,,Y,REF-9033,1251,Delta,6892,1624,3388,SKU-8830,Other,100200,100426,TAG-5969,,Delta,702,3299,8093,,Other,100008,100459,100796,100546,100332,100156,100516,100789,,100518,100240,100532,100715,,5807,,,3435,,TAG-8854,,100642,100128,100090,,,100034,100588,Riley Haddad,,Priya Okafor,Morgan Cohen,TAG-7387,Riley H.,Omar Silva,,Coming Soon,SKU-3947,,,SKU-9257,Alpha,,Nina Okafor,Gamma,mei.mensah@demomail.test,Manager,Contractor,Everest Media LLP,Senior,Noah Dorsey,Female,TAG-5915,SKU-2602,,Y,SKU-7643,Reese Okafor,Elena Mensah,,Drew Ashby,,Mumbai,Mexico,Standard,Beta,,3158,emerson.kim@acme-fake.test,Elena Costa,Marketing,,Standard,,LOT-3268,,,Scheduled a check-in for the coming month.,Manila,US Evening,Standard,Customer Success Manager,Noah Brooks,TAG-6663,,,Beta,REF-7906,Active,Beta,,6358,,,,9756,135,3802,Standard,,7560,,,2023-06-07 21:18:00,533,491,Standard,Delta,Standard,SKU-8712,4262,198,5915,6454,1661,Beta,2025-07-24 16:00:00,3083,6073,Standard,Gamma,Beta,LOT-8958,3141,7699,690,2617,9573,Other,,,,,,,,,,,,,,2024-04-23,6649,6126,Standard,TAG-8121,LOT-9203,REF-2692,,9824,,954,9347,Gamma,2025-10-22,,,,,,,,,,,,,2023-06-09,838,,,REF-9066,,,,,,347,,,Discussed timeline and next steps with the account.
100212,Relay User,101685,jamie.haddad@acme-fake.test,Liam Silva,2023-06-11 02:43:00,omar.whitfield@sampleco.test,Yara Patel,2023-11-27 17:42:00,Standard,,2024-05-16 07:32:00,,,,N,REF-9233,4759,Alpha,2789,9583,3258,LOT-8122,Alpha,100742,100254,,4133,Alpha,7838,,,LOT-4806,Gamma,100588,100638,100117,100554,100329,100291,100023,100587,100257,100398,100658,100571,100563,,,Other,4698,5214,7231,SKU-7026,,100415,,100447,100171,,100348,100421,Quinn Rossi,,,Chen Larsson,TAG-1954,Quinn R.,Liam Vance,,N/A,,,,REF-6213,,,Emerson Calder,Beta,marco.dorsey@sampleco.test,Director,Intern,Beacon Robotics Co,Junior,Fatima Larsson,Non-binary,TAG-4049,REF-2973,9282,N,,Arjun Ford,Arjun Blake,,Omar Calder,"102,265",Dallas,Canada,Beta,Alpha,,1931,yara.dorsey@acme-fake.test,Reese Haddad,Finance,Taylor Blake,Delta,N,LOT-1885,,,Noted a concern to revisit at the next sync.,Austin,US Day,,QA Engineer,Arjun Kim,TAG-8590,Relocation,,Delta,LOT-8450,Inactive,Alpha,,,,,,6492,4186,849,Alpha,4899,5640,,Beta,2022-12-24 08:01:00,6767,3384,Delta,Gamma,Delta,SKU-4137,15,9498,9990,1532,949,Alpha,2026-02-09 11:34:00,1198,8608,Beta,Gamma,Alpha,REF-8107,9878,589,6210,3801,1949,Alpha,,,,,,,,,,,,,,2022-11-27,2196,9844,,TAG-3101,SKU-6176,TAG-4122,9728,6459,3355,9809,7416,Alpha,2023-10-23,,,,,,,,,,,,,2022-11-17,8865,,,REF-4201,LOT-4765,,9459,6982,399,,6679,,Resolved the outstanding question about scope.
100477,Relay User,101687,fatima.nguyen@demomail.test,Casey Dorsey,2023-11-30 22:48:00,yara.mercer@examplecorp.test,Jamie Sato,2026-05-23 02:37:00,Other,Chen Costa,2026-07-11 20:26:00,,,,Y,TAG-5393,437,Alpha,2638,6970,4226,LOT-3446,Beta,100195,100731,LOT-5258,5172,Alpha,7104,,,REF-3724,Gamma,100106,100302,100531,100142,100579,100066,100165,100738,100597,100546,100736,100615,100744,,,,,,,SKU-9461,,100452,100132,100099,100513,100777,,100331,Riley Mercer,LOT-7500,,Arjun Garcia,SKU-5006,Riley M.,,,Coming Soon,SKU-3288,,REF-4034,TAG-9296,Delta,,Elena Larsson,Alpha,sofia.mensah@demomail.test,Team Lead,Intern,Horizon Foods Co,Entry,Drew Garcia,Prefer not to say,SKU-6203,REF-9783,4453,N,,Priya Haddad,Drew Vance,,Jordan Cohen,"84,063",Bengaluru,Canada,Gamma,Alpha,,5362,morgan.reyes@demomail.test,Rowan Blake,Accounting,Alex Ivanov,Beta,,LOT-4617,,,Scheduled a check-in for the coming month.,Bengaluru,US Day,Other,Recruiter,Morgan Mercer,,,,Delta,TAG-2680,Active,Gamma,Noted a concern to revisit at the next sync.,,,,,2165,298,3194,Alpha,,9406,,Standard,2023-03-21 13:55:00,5618,6828,Alpha,Gamma,Other,LOT-5895,1278,3567,5703,7748,3224,Other,2025-07-01 07:33:00,5258,7453,Alpha,Alpha,Other,TAG-1525,1047,3895,3972,1734,7654,Delta,,,,,,,,,,,,,,2025-12-19,9976,5893,Delta,SKU-2524,LOT-4211,SKU-4700,6747,9805,4369,4118,8762,Standard,2023-04-16,,,,,,,,,,,,,2026-06-18,,9839,,LOT-7898,REF-7947,LOT-3938,8062,5926,,8497,,Other,Shared the updated proposal for review.
100712,Relay User,101689,fatima.dorsey@acme-fake.test,Fatima Ford,2026-02-24 01:57:00,emerson.sato@examplecorp.test,Alex Ashby,2024-04-16 04:30:00,Gamma,,2025-11-25 02:13:00,,,,N,LOT-5601,3974,Other,1269,6604,2568,TAG-3068,Beta,100683,100503,LOT-1554,9542,,8174,6309,8445,,Beta,100498,100722,100009,100073,100796,100456,100613,100487,100494,100293,100454,100690,100012,,,,,,4389,,,100030,100128,100119,100457,,100046,100123,Sofia Costa,,,Diego Sato,LOT-9609,Sofia C.,Morgan Blake,LOT-6644,Placed,LOT-3233,,TAG-6472,TAG-5369,,,Nina Mercer,Gamma,yara.blake@acme-fake.test,Individual Contributor,Intern,Copper Robotics Ltd,Junior,Liam Ivanov,Prefer not to say,REF-8727,LOT-2474,6606,Y,LOT-5737,Diego Cohen,Mei Ivanov,,Omar Dorsey,"37,786",Phoenix,Germany,,Alpha,,8627,yara.ashby@acme-fake.test,Sofia Nguyen,Accounting,Priya Mercer,Standard,,TAG-2373,TAG-8666,,Aligned on billing and renewal terms.,Denver,US Evening,Standard,QA Engineer,Casey Kim,LOT-1152,,,Delta,TAG-6291,Active,Gamma,,6488,,4397,Other,2165,1382,5204,Standard,6937,9933,,Beta,2022-11-01 15:03:00,9916,8411,Delta,Delta,Other,REF-4519,9098,1369,6141,1601,8443,Alpha,2026-07-15 10:37:00,5614,2854,Other,Gamma,Delta,REF-7261,8113,2878,4644,1440,5323,Delta,,,,,,,,,,,,,,2026-04-23,8882,4589,Beta,LOT-7359,,LOT-3398,,,540,9172,1953,Standard,2023-02-07,,,,,,,,,,,,,2026-04-01,,510,,,TAG-4169,,5547,3113,6577,,,,Reviewed performance and gathered feedback.
100343,Relay User,101691,omar.brooks@demomail.test,Quinn Patel,2022-10-21 10:17:00,rowan.vance@sampleco.test,Diego Sato,2025-05-18 02:16:00,Beta,Reese Dorsey,2023-09-30 22:46:00,,,,Y,LOT-5644,7868,Delta,1523,8154,5832,SKU-8958,Alpha,,100803,TAG-1835,8563,Other,8750,5528,9357,,Alpha,100206,100212,100535,100031,100770,100759,100551,100215,100389,,100771,,100568,,,,3621,,,,TAG-1703,100482,100232,100009,100574,,,100238,Sofia Nguyen,,,Arjun Ashby,LOT-5426,Sofia N.,,LOT-3496,Placed,SKU-1518,LOT-8589,,LOT-2689,,,Arjun Mercer,Delta,yara.mercer@sampleco.test,Director,Part-Time,Keystone Energy,Mid-Level,Jordan Costa,Female,REF-1812,REF-9639,1639,Y,LOT-5161,Morgan Ford,Quinn Dorsey,,Fatima Vance,"189,811",Atlanta,United States,Alpha,Gamma,,1361,priya.garcia@demomail.test,Riley Blake,Recruiting,Chen Mensah,Delta,,TAG-3322,,,,Mumbai,US Night,,Financial Analyst,Morgan Brooks,,Voluntary Resignation,,Gamma,REF-3653,Inactive,Gamma,,2499,,6062,,4505,9260,217,Delta,642,1405,4289,Beta,2023-10-11 05:24:00,5219,8625,Delta,Beta,Standard,TAG-5921,6994,2750,6779,8825,4317,Gamma,2023-06-05 12:32:00,7940,1729,Standard,Other,Gamma,SKU-8148,8226,9188,1017,1245,7128,Other,,,,,,,,,,,,,,2022-10-05,,3904,,REF-9601,REF-5342,TAG-1182,9240,,,7225,1034,,2023-04-20,,,,,,,,,,,,,2023-02-10,,,Alpha,,,SKU-7931,,1892,,7902,5556,,Followed up on the open items from last week.
100046,Relay User,101692,emerson.kim@demomail.test,Alex Sato,2026-07-08 11:44:00,fatima.ford@sampleco.test,Jamie Whitfield,2024-03-31 19:45:00,Other,Priya Sloan,2024-05-23 22:45:00,,,,N,TAG-2475,8577,Alpha,5348,3590,8905,REF-5250,Gamma,100220,100212,,886,Delta,,5816,7808,,Delta,100123,100151,100625,100690,100213,100479,100452,100089,,100579,100172,100634,100408,REF-7741,,,,4301,6879,,TAG-3667,100771,100673,100280,,,100593,100742,Mei Rossi,,,Alex Nguyen,,Mei R.,Arjun Vance,,Placed,REF-1524,TAG-9266,SKU-2239,REF-8393,,,Elena Mercer,Gamma,rahul.garcia@acme-fake.test,Manager,Contractor,Redwood Networks LLP,Mid-Level,Sofia Mensah,Male,LOT-6287,TAG-2685,6016,Y,,Drew Sloan,Nina Sato,,,"100,595",Toronto,Germany,Standard,Gamma,,,elena.ivanov@demomail.test,Quinn Silva,Data & Analytics,,Delta,,REF-4721,,,Aligned on billing and renewal terms.,London,US Night,Standard,HR Generalist,Yara Ivanov,,,,Alpha,LOT-6585,Active,Standard,,6042,,,,9616,8360,8422,Alpha,1795,746,,Delta,2023-03-12 09:44:00,4074,3081,Other,Standard,Standard,REF-3446,198,8580,9495,9327,6230,Gamma,2024-05-28 02:21:00,4706,3731,Other,Beta,Other,REF-2257,636,6643,8979,5878,1695,Gamma,,,,,,,,,,,,,,2025-04-22,1233,2357,,SKU-9543,LOT-3583,LOT-8614,5584,4311,446,9763,,Delta,2025-10-06,,,,,,,,,,,,,2026-04-27,,,,,LOT-6543,REF-6877,,997,469,9576,116,Alpha,Aligned on billing and renewal terms.
100164,Relay User,101693,taylor.rossi@acme-fake.test,Marco Patel,2023-11-19 07:41:00,chen.blake@acme-fake.test,Elena Patel,2023-02-26 12:31:00,Alpha,Alex Sloan,2025-05-29 06:25:00,,,,Y,REF-9450,7891,Other,4638,6617,8838,REF-7236,Alpha,100487,100520,TAG-9490,1538,Other,,3207,,,Alpha,100080,100339,100259,100393,100511,100319,100484,100720,,100153,100560,,100120,,,,,,8932,TAG-3885,,100008,100356,100042,,100383,100517,100245,Quinn Ivanov,,,Rowan Mercer,TAG-5233,Quinn I.,,LOT-1247,Placed,TAG-6958,,,REF-5135,Delta,,Riley Sloan,Gamma,quinn.sloan@sampleco.test,Team Lead,Contractor,Northwind Solutions LLC,Junior,Rowan Silva,Non-binary,LOT-4313,TAG-7347,1126,Y,SKU-2467,Omar Silva,Yara Kim,REF-8091,,"144,696",Toronto,Germany,Standard,Other,,1429,alex.ford@sampleco.test,Omar Whitfield,Customer Support,Skyler Mensah,Alpha,,SKU-9121,,,Discussed timeline and next steps with the account.,Atlanta,US Day,Beta,Project Manager,Alex Brooks,,,,Beta,SKU-3773,Active,Alpha,,,5683,2018,Gamma,689,8955,427,Gamma,,8948,3384,,2024-07-04 20:47:00,165,6513,Alpha,Gamma,Other,TAG-7420,162,2353,3599,6211,4102,Alpha,2023-04-17 04:52:00,857,4641,Alpha,Other,Alpha,TAG-1012,9741,6472,9985,355,2038,Alpha,,,,,,,,,,,,,,2026-02-28,6420,513,Alpha,LOT-5740,,SKU-1974,1581,1081,4777,4470,2524,Alpha,2025-01-02,,,,,,,,,,,,,2024-09-18,8872,,Beta,,,,,,7253,2077,9753,Alpha,Discussed timeline and next steps with the account.
100454,Relay User,101694,riley.nguyen@acme-fake.test,Drew Sloan,2025-02-09 16:54:00,skyler.vance@demomail.test,Avery Garcia,2023-06-21 04:59:00,Standard,Alex Reyes,2024-11-16 05:40:00,,,,Y,SKU-8822,1835,Alpha,7704,417,4386,SKU-5277,Other,100229,100688,SKU-1165,,Beta,6155,8507,7390,,,100532,100310,100610,100243,100008,100440,100634,100518,100772,100645,100070,100293,100195,,7039,,,5565,,,,100403,100559,100417,,100099,100139,100103,Rowan Larsson,TAG-2743,,,LOT-7667,Rowan L.,Elena Vance,,Placed,,REF-7262,REF-6038,SKU-5747,,,Omar Ashby,Other,omar.sato@sampleco.test,Manager,Intern,Beacon Manufacturing LLP,Junior,Chen Blake,Female,TAG-7642,SKU-8810,2084,Y,LOT-6804,Reese Rossi,Reese Vance,,Diego Sloan,,Manila,Mexico,Delta,Beta,,7500,jordan.ford@examplecorp.test,Alex Blake,Marketing,Mei Larsson,Delta,,SKU-7498,,,,Bengaluru,US Day,Other,Operations Associate,Casey Costa,,,,Alpha,LOT-1631,Active,Beta,Shared the updated proposal for review.,,,,,9821,9196,8754,Beta,3351,,135,Alpha,2025-07-28 12:50:00,531,8194,Beta,Beta,Standard,TAG-6339,7754,496,8474,985,2746,Other,2024-04-27 09:00:00,7566,7326,Standard,Other,Standard,LOT-5929,2200,1896,4691,9984,3779,Gamma,,,,,,,,,,,,,,2026-01-17,2709,6266,Other,REF-2750,TAG-5039,LOT-5058,5038,7036,5500,,,Beta,2026-04-18,,,,,,,,,,,,,2023-11-16,,,Gamma,,,SKU-9591,,,,7109,,,Reviewed performance and gathered feedback.
100329,Relay User,101696,elena.garcia@acme-fake.test,Diego Reyes,2025-01-21 20:34:00,liam.vance@demomail.test,Arjun Brooks,2026-02-26 21:51:00,Beta,Nina Ashby,2024-06-15 16:19:00,,,,Y,TAG-2614,6745,Delta,5373,2008,2012,LOT-5754,Beta,100331,100459,LOT-7474,6636,,9508,682,,SKU-6061,Beta,100345,100348,100267,100245,100044,100236,100075,100735,100735,100709,,100206,100285,REF-2037,5694,,4754,,6144,,,100418,100449,100415,100148,100788,100189,100053,Taylor Mensah,,,Mei Ashby,LOT-1516,Taylor M.,Quinn Patel,,N/A,REF-7870,TAG-8042,,LOT-6096,Alpha,,Sofia Vance,Standard,yara.brooks@acme-fake.test,Director,Contractor,Atlas Logistics Co,Mid-Level,Aisha Larsson,Non-binary,LOT-6763,TAG-5257,3066,N,,Morgan Patel,Rowan Vance,,,"58,585",Dallas,India,,Other,Shared the updated proposal for review.,6126,casey.nguyen@demomail.test,Jamie Haddad,Operations,,Standard,,LOT-9186,TAG-9543,,,Atlanta,US Night,,Operations Associate,Noah Ashby,SKU-3481,Client Request,,Alpha,SKU-5194,Inactive,Alpha,Followed up on the open items from last week.,546,,2344,,3020,2357,5371,Alpha,,,1464,Other,2026-02-20 06:19:00,3952,1020,Delta,Beta,Beta,SKU-8080,865,3499,8346,7031,4445,Alpha,2024-05-29 10:59:00,6676,9160,Gamma,Beta,Beta,TAG-9042,7920,4764,2238,473,4960,Beta,,,,,,,,,,,,,,2026-01-21,2787,1113,,TAG-6458,REF-7531,SKU-4751,8960,1714,9768,978,7111,,2023-11-16,,,,,,,,,,,,,2023-10-07,8012,,Beta,,,,,,,,,Other,Scheduled a check-in for the coming month.
100058,Relay User,101698,casey.ivanov@sampleco.test,Jamie Mercer,2025-05-23 01:54:00,fatima.mensah@acme-fake.test,Yara Patel,2024-05-06 09:58:00,Other,Quinn Patel,2026-02-11 09:44:00,,,,N,SKU-9811,4231,Standard,1367,663,8466,LOT-4453,Delta,100760,100753,TAG-4294,6100,Delta,,2837,7839,SKU-9143,Delta,100765,100579,100800,100800,100189,100182,,100176,,,100793,,100496,,,Gamma,,,,,,100281,100424,100573,100359,,100591,100408,Rowan Garcia,,Liam Sloan,Liam Sato,,Rowan G.,,,N/A,,LOT-5251,,SKU-5253,Delta,,Sofia Ashby,Standard,omar.brooks@demomail.test,Manager,Contractor,Atlas Media Co,Lead,Noah Blake,Prefer not to say,LOT-5316,SKU-2834,672,N,,Diego Ashby,Avery Silva,,,"220,155",Chicago,India,Delta,Beta,Discussed timeline and next steps with the account.,2815,jamie.reyes@sampleco.test,Reese Ford,Operations,Quinn Sloan,Delta,,SKU-5408,,,,Atlanta,Flexible,Standard,Marketing Coordinator,Jamie Haddad,SKU-1625,,Other,Other,TAG-4533,Active,Other,,,8338,7433,Beta,1212,2269,7594,Delta,8970,,7574,Alpha,2023-05-03 21:44:00,974,8979,Gamma,Gamma,Other,TAG-5029,6009,9527,1931,4155,5732,Gamma,2026-05-31 05:45:00,9654,9014,Delta,Gamma,Other,TAG-5318,5849,8886,8563,9089,1518,Alpha,,,,,,,,,,,,,,2025-06-11,807,,,TAG-1381,TAG-7461,TAG-4713,986,8120,8438,4915,,Beta,2023-08-02,,,,,,,,,,,,,2023-10-11,,,Alpha,TAG-1923,TAG-4882,LOT-6894,95,,1120,6143,,Beta,Aligned on billing and renewal terms.
100424,Relay User,101699,nina.cohen@acme-fake.test,Aisha Calder,2026-05-22 13:42:00,drew.dorsey@demomail.test,Reese Dorsey,2025-05-04 06:57:00,Gamma,Omar Cohen,2024-04-12 07:51:00,,,,Y,TAG-5626,2050,Standard,5303,4559,8679,LOT-7115,Beta,100518,100726,SKU-4256,,,3824,6939,2879,TAG-8338,Beta,100607,100151,100646,100319,100546,100224,100452,100516,100408,100645,100076,,100667,,,Delta,,,,,,100259,100720,100482,,,100382,100535,Arjun Nguyen,,,Mei Garcia,,Arjun N.,Fatima Calder,REF-5623,Placed,,,,LOT-5591,Delta,,Rowan Nguyen,Delta,quinn.kim@sampleco.test,Manager,Part-Time,Meridian Partners LLP,Entry,Fatima Sloan,Non-binary,LOT-4665,TAG-5122,,N,,Riley Blake,Aisha Ashby,SKU-3644,Arjun Silva,,Phoenix,India,Delta,Beta,,8683,priya.cohen@sampleco.test,Avery Reyes,Recruiting,,Delta,,LOT-1243,TAG-4561,,Discussed timeline and next steps with the account.,Toronto,US Day,Beta,Bookkeeper,Jamie Ivanov,LOT-4302,,,Gamma,SKU-3578,Active,Other,,,,,,3909,1045,4424,Beta,6973,3449,,,2026-04-14 10:59:00,8589,403,Alpha,Standard,Gamma,REF-8221,6317,190,5769,7408,3080,Other,2025-12-03 18:00:00,9316,7392,Alpha,Alpha,Delta,SKU-3144,2644,3637,5973,3970,8179,Delta,,,,,,,,,,,,,,2025-02-23,5998,301,Beta,REF-8618,REF-5445,,3041,,,6199,6683,Alpha,2023-06-30,,,,,,,,,,,,,2022-12-03,3574,,,LOT-6497,,SKU-7459,,,5018,7705,9056,,Scheduled a check-in for the coming month.
100277,Relay User,101700,diego.ashby@examplecorp.test,Liam Rossi,2022-10-04 14:11:00,yara.calder@demomail.test,Elena Silva,2025-04-22 19:10:00,Alpha,Diego Rossi,2024-08-07 02:31:00,,,,Y,REF-3961,2250,Delta,9068,2133,947,SKU-2998,Beta,100243,,,,Standard,,6862,,SKU-6556,Beta,100429,100136,100239,100568,100309,100374,100477,100188,,100044,100009,100216,100496,,8979,,9825,,,LOT-7494,SKU-2761,100234,100079,100538,100520,100517,100115,100469,Rowan Haddad,,,,,Rowan H.,,,Placed,,LOT-2377,,REF-5481,,,Marco Patel,Other,alex.costa@sampleco.test,Team Lead,Intern,Blue Ridge Robotics Corp,Lead,Casey Silva,Prefer not to say,REF-2528,SKU-6024,1675,N,SKU-5850,Elena Calder,Rowan Sato,,Nina Sato,,Toronto,India,Alpha,Delta,,5593,omar.ford@acme-fake.test,Drew Garcia,Operations,,Alpha,,LOT-6251,LOT-5398,Shared the updated proposal for review.,Shared the updated proposal for review.,Denver,Flexible,Other,Customer Success Manager,Noah Garcia,,,,Standard,LOT-9528,Active,Other,,,,1191,,5053,9428,267,Delta,3192,3109,,Beta,2025-01-08 04:44:00,7769,5522,Beta,Standard,Gamma,TAG-8545,7791,7808,9373,8157,7368,Gamma,2023-02-18 05:51:00,9020,5826,Other,Standard,Standard,TAG-7019,3896,6302,2777,3310,8169,Gamma,,,,,,,,,,,,,,2024-07-27,8811,2988,,LOT-9658,,LOT-1007,8635,1362,1754,9431,9748,Beta,2024-02-14,,,,,,,,,,,,,2025-05-07,,,Standard,SKU-4019,,SKU-5547,9609,1646,5655,,,Delta,Discussed timeline and next steps with the account.
100642,Relay User,101702,taylor.ashby@acme-fake.test,Sofia Brooks,2026-05-16 02:27:00,rowan.ivanov@sampleco.test,Noah Cohen,2025-12-22 07:11:00,Beta,Marco Brooks,2023-04-01 03:01:00,,,,Y,TAG-2901,9712,Standard,9153,9490,5646,REF-5111,Standard,100722,100192,REF-4095,7811,,3788,928,1323,SKU-9921,Alpha,100613,100340,100291,100726,100765,100741,100417,100340,,100679,100049,,100492,,6868,,,,,,,100030,100120,100195,100277,100186,100601,100646,Casey Ivanov,,,Jordan Haddad,,Casey I.,Riley Okafor,TAG-1265,Placed,SKU-9591,,,REF-8651,Delta,,Emerson Blake,Gamma,rowan.calder@acme-fake.test,Director,Contractor,Beacon Labs Ltd,Entry,Marco Blake,Prefer not to say,REF-6505,LOT-7116,379,Y,,Aisha Kim,Avery Garcia,TAG-2932,,"26,799",Mumbai,Germany,Gamma,,,8657,noah.silva@acme-fake.test,Avery Kim,Software Engineering,Riley Mensah,Beta,,REF-5678,SKU-5543,,Aligned on billing and renewal terms.,London,US Day,Other,Bookkeeper,Casey Cohen,,,,Standard,SKU-3637,Active,Beta,,,9575,,,1770,4090,3518,Alpha,,3240,4195,,2023-07-29 04:02:00,6025,7947,Other,Gamma,Other,REF-2526,533,785,1776,4397,6485,Other,2026-04-09 13:27:00,7613,165,Standard,Other,Gamma,SKU-5589,5344,9319,7403,7471,5620,Delta,,,,,,,,,,,,,,2024-01-29,,6606,Beta,TAG-3243,,TAG-2866,,,1594,8683,4288,Beta,2024-04-06,,,,,Alpha,,,,,,,,2023-02-10,9911,8046,,,,,,,,5606,7165,,Followed up on the open items from last week.
100576,Relay User,101705,chen.ford@acme-fake.test,Quinn Reyes,2023-01-08 21:29:00,drew.kim@examplecorp.test,Rahul Whitfield,2024-05-21 15:03:00,Standard,Jamie Ford,2023-09-19 19:20:00,,,,N,TAG-6282,538,Alpha,7698,975,49,SKU-2523,Gamma,100628,100063,REF-9753,,,4028,8032,1342,REF-2517,Other,100241,100262,100120,100403,100788,100722,,100638,100511,100353,100661,100377,100325,TAG-8300,19,,,,,,,100245,100699,100142,100171,100094,,100040,Drew Whitfield,REF-2224,,Marco Sato,,Drew W.,Quinn Nguyen,,Placed,SKU-8938,TAG-9724,REF-3894,SKU-5600,,,Casey Kim,Other,diego.cohen@acme-fake.test,Team Lead,Part-Time,Harbor Robotics Corp,Mid-Level,Reese Sato,Male,TAG-7245,TAG-9614,9716,Y,,Rowan Larsson,Riley Ivanov,,,"5,438",Mumbai,Mexico,Alpha,,Followed up on the open items from last week.,9606,casey.blake@examplecorp.test,Jamie Rossi,Operations,Skyler Rossi,Standard,,LOT-2312,SKU-7914,,Scheduled a check-in for the coming month.,Chicago,US Day,Delta,Financial Analyst,Liam Nguyen,,Client Request,,Delta,LOT-9021,Inactive,Alpha,Noted a concern to revisit at the next sync.,,,,,2218,9842,9708,Alpha,3090,2422,,,2022-10-08 17:36:00,744,6960,Other,Delta,Standard,LOT-6625,5409,1733,9940,2945,7308,Gamma,2025-11-10 20:33:00,1828,195,Alpha,Standard,Gamma,LOT-4101,3591,4574,7942,1227,1084,Alpha,,,,,,,,,,,,,,2023-05-15,,2624,Standard,,SKU-5223,REF-2864,3578,3565,5678,,3797,Gamma,2026-06-29,,,,,,,,,,,,,2025-07-10,8767,3739,,REF-8649,,SKU-8651,,,,,,,Resolved the outstanding question about scope.
100291,Relay User,101706,drew.reyes@examplecorp.test,Mei Cohen,2024-07-18 10:43:00,priya.costa@examplecorp.test,Arjun Sato,2025-12-29 01:24:00,Gamma,,2023-02-26 10:16:00,,,,N,TAG-8711,3374,Beta,2427,2810,3180,LOT-2924,Other,100486,100568,SKU-4749,815,Gamma,,,9501,REF-3797,Beta,100699,100620,100291,100070,100009,100348,100200,100265,100243,100182,,,100656,,,,,,769,LOT-4149,SKU-3835,100186,100151,100224,100573,,,100356,Omar Vance,SKU-4848,Chen Sloan,Mei Sloan,LOT-9653,Omar V.,Taylor Rossi,LOT-4907,Placed,LOT-4050,,,TAG-5464,Gamma,,Omar Costa,Delta,avery.haddad@demomail.test,Manager,Full-Time,Northwind Holdings Corp,Mid-Level,Jamie Cohen,Non-binary,SKU-4532,TAG-5934,1792,N,TAG-1321,Rahul Cohen,Jamie Ashby,,Fatima Rossi,"101,051",Atlanta,Philippines,Delta,Beta,Aligned on billing and renewal terms.,4915,rahul.ashby@acme-fake.test,Quinn Okafor,Recruiting,Casey Silva,Alpha,,TAG-2821,SKU-9823,,,Bengaluru,US Night,Delta,Executive Assistant,Casey Dorsey,LOT-6488,End of Contract,Alpha,Standard,REF-4020,Inactive,Alpha,Reviewed performance and gathered feedback.,4487,8864,1429,Delta,9223,9676,5907,Other,3332,1819,6750,Delta,2023-01-12 16:15:00,4324,4479,Alpha,Gamma,Beta,SKU-3751,3981,2361,2713,3339,7391,Standard,2022-10-10 15:57:00,3170,2942,Delta,Gamma,Delta,REF-4549,312,2309,132,8391,9293,Gamma,,,,,,,,,,,,,,2023-04-23,2469,1056,,TAG-5682,,SKU-8183,3541,7582,,204,8894,,2023-08-24,,,,,,,,,,,,,2025-12-16,,1796,,,,,,2258,4558,6375,,,Followed up on the open items from last week.
100129,Relay User,101707,omar.reyes@acme-fake.test,Diego Ashby,2025-09-24 16:57:00,taylor.cohen@demomail.test,Aisha Garcia,2024-05-30 22:27:00,Standard,Jordan Calder,2023-01-09 06:47:00,,,,N,LOT-3343,2550,Other,9638,6866,3099,REF-3691,Delta,100490,100440,TAG-3826,,Gamma,,83,5502,LOT-4437,Gamma,100604,100784,100587,100370,100243,100597,,100607,,100091,100216,,100702,,,Beta,,,,LOT-3840,REF-2215,100241,100789,100565,,,,100731,Quinn Dorsey,,,Liam Ford,LOT-1647,Quinn D.,Omar Sato,,Coming Soon,REF-8173,,LOT-3039,LOT-1636,,,Skyler Okafor,Alpha,morgan.kim@examplecorp.test,Team Lead,Intern,Granite Industries Corp,Lead,Chen Sloan,Male,TAG-2886,LOT-3440,,Y,LOT-1856,Sofia Okafor,Aisha Silva,LOT-4913,,"29,514",Denver,Canada,Gamma,Beta,,,noah.dorsey@demomail.test,Morgan Cohen,Software Engineering,Mei Costa,Other,,REF-3678,,,,Bengaluru,US Evening,Alpha,Data Analyst,Taylor Haddad,SKU-3239,,,Alpha,REF-7546,Active,Standard,,1540,,,,4927,2455,5051,Beta,7569,6509,4146,Beta,2025-07-23 08:03:00,4201,9167,Alpha,Beta,Alpha,REF-1629,6408,6020,3445,9352,1970,Gamma,2025-03-28 23:53:00,584,8863,Other,Standard,Beta,REF-3035,9151,7463,6371,3275,5425,Other,,,,,,,,,,,,,,2023-08-08,1723,9980,Standard,LOT-8962,LOT-6462,,4701,1274,6343,,8125,,2024-06-18,,,,,,,,,,,,,2023-03-29,2361,,,,TAG-5143,TAG-6988,,,4146,,1447,,Shared the updated proposal for review.
100380,Relay User,101708,fatima.mercer@examplecorp.test,Reese Vance,2022-12-23 01:59:00,mei.larsson@demomail.test,Nina Costa,2023-02-18 10:39:00,Gamma,Arjun Calder,2023-09-20 17:16:00,,,,Y,REF-6429,1266,Delta,6300,755,4941,SKU-2347,Alpha,100645,100122,TAG-1110,,,668,7419,,REF-8595,Beta,100400,100755,100723,100601,100248,100624,100646,100049,,100186,,,100359,,,,,2396,,,,100209,100333,100558,,100800,100569,100197,Noah Brooks,,,,TAG-2596,Noah B.,Emerson Ashby,,Placed,TAG-9430,,,LOT-2506,,,Taylor Larsson,Other,taylor.larsson@demomail.test,Director,Full-Time,Blue Ridge Capital LLC,Junior,Priya Kim,Non-binary,SKU-6164,REF-9345,,Y,SKU-4656,Nina Blake,Reese Larsson,SKU-9608,Elena Cohen,,Seattle,United States,Standard,Other,,5426,mei.dorsey@sampleco.test,Morgan Brooks,Software Engineering,,Beta,,TAG-5493,LOT-2496,,,Mumbai,Flexible,Beta,HR Generalist,Nina Whitfield,,,,Beta,LOT-4341,Active,Beta,,,7234,1073,,3607,9347,8572,Alpha,,855,1031,,2023-08-27 15:21:00,7944,3361,Standard,Other,Standard,TAG-1686,1443,1113,7466,5321,8837,Alpha,2026-06-18 08:22:00,3047,8801,Other,Gamma,Other,REF-2000,7400,3563,2934,4813,3461,Gamma,,,,,,,,,,,,,,2024-10-13,6687,4029,Beta,LOT-3021,SKU-2398,,6156,7942,,5162,297,Other,2023-09-07,,,,,,,,,,,,,2023-03-29,,,,,,,,258,,,1217,,Noted a concern to revisit at the next sync.
100434,Relay User,101709,arjun.whitfield@sampleco.test,Emerson Nguyen,2024-03-16 17:52:00,jamie.haddad@demomail.test,Liam Haddad,2024-07-10 23:10:00,Alpha,,2023-01-09 16:16:00,,,,Y,SKU-6114,7016,Gamma,370,5392,9636,TAG-8041,Other,100415,100667,TAG-9053,5923,,2729,,9575,,Beta,100559,100209,100366,100559,100457,100056,,100490,100767,100234,100603,100738,100383,,,Gamma,,,3769,,,100190,100496,100352,,,,100009,Arjun Brooks,,,Yara Vance,LOT-6822,Arjun B.,Liam Haddad,SKU-6943,Available,LOT-8682,,TAG-4134,SKU-9649,,,Rowan Sloan,Standard,diego.okafor@examplecorp.test,Manager,Full-Time,Vertex Labs Ltd,Lead,Emerson Brooks,Female,REF-1290,SKU-3477,3935,Y,,Marco Blake,Drew Patel,LOT-6873,,"157,866",London,United Kingdom,Other,Standard,Reviewed performance and gathered feedback.,5503,avery.ford@examplecorp.test,Aisha Larsson,Marketing,Skyler Ashby,Delta,,TAG-1843,,,Reviewed performance and gathered feedback.,Austin,Flexible,Delta,Payroll Specialist,Omar Kim,SKU-4145,,,Gamma,REF-1386,Active,Beta,,,,,,9252,5247,8087,Standard,,,208,,2025-06-06 08:50:00,4412,1071,Delta,Delta,Beta,REF-7427,6416,7817,6246,8071,8338,Delta,2025-06-12 18:24:00,4955,1713,Gamma,Beta,Standard,LOT-7011,6728,2523,9110,5245,4344,Other,,,,,,,,,,,,,,2026-02-04,,4098,Gamma,LOT-5781,TAG-4991,TAG-3743,8555,6094,2094,1891,9951,Standard,2023-12-02,,,,,,,,,,,,,2026-05-23,,3663,,,,,,1842,7884,8237,,Gamma,Noted a concern to revisit at the next sync.
100128,Relay User,101711,jamie.ashby@demomail.test,Emerson Haddad,2024-12-04 07:51:00,emerson.patel@sampleco.test,Omar Dorsey,2023-10-19 02:31:00,Beta,Avery Mercer,2024-09-14 10:52:00,,,,N,SKU-4284,7933,Delta,4136,997,4073,LOT-8978,Other,100696,100380,,3737,Alpha,2449,6490,1986,SKU-2326,Other,100793,100758,100272,100146,100340,100344,100186,100637,100389,100189,100741,100223,100771,SKU-7141,3615,,,1379,,,,100723,100281,100285,,100800,100146,100030,Skyler Calder,,,Mei Reyes,LOT-6222,Skyler C.,,REF-3422,Available,LOT-1801,LOT-9421,,REF-8999,Beta,,Quinn Sato,Standard,mei.reyes@demomail.test,Individual Contributor,Intern,Granite Logistics Group,Lead,Arjun Nguyen,Non-binary,LOT-8300,REF-6178,,Y,,Marco Nguyen,Sofia Haddad,TAG-1095,Marco Ford,"53,965",Phoenix,India,Beta,Gamma,,4450,mei.mercer@acme-fake.test,Sofia Nguyen,Human Resources,Casey Costa,Delta,,TAG-6901,,Scheduled a check-in for the coming month.,,Denver,US Evening,Standard,Recruiter,Noah Haddad,SKU-8451,,,Standard,SKU-3221,Active,Standard,,,8709,6161,Delta,4926,1592,4884,Beta,8600,,247,,2023-08-31 12:45:00,5387,2099,Other,Gamma,Delta,REF-1525,3462,4715,6904,4618,4243,Other,2023-07-24 00:52:00,3233,8765,Delta,Gamma,Gamma,REF-2555,2907,7027,1351,6853,335,Standard,,,,,,,,,,,,,,2023-09-19,9331,2200,Delta,REF-8713,SKU-2753,TAG-3573,,8808,2250,,,Beta,2024-12-25,,,,,,,,,,7159,,,2023-04-14,403,,,,LOT-1707,TAG-2060,,6638,5613,,2231,,Shared the updated proposal for review.
100654,Relay User,101714,diego.patel@sampleco.test,Alex Reyes,2026-04-12 12:14:00,aisha.vance@acme-fake.test,Mei Haddad,2023-04-02 07:53:00,Standard,Taylor Blake,2022-10-05 15:18:00,,,,N,LOT-1110,3218,Gamma,8972,4795,9248,SKU-4705,Alpha,100010,100298,LOT-2639,4748,,9368,2144,,TAG-6942,Beta,100189,100569,100601,100205,100188,100017,100506,100376,100322,,100803,100259,100548,,,,5776,,,SKU-9124,LOT-8052,100654,100189,100777,100692,,,100479,Rowan Garcia,,,Elena Rossi,REF-8204,Rowan G.,Arjun Brooks,,Placed,SKU-8379,,REF-4057,SKU-3326,,,Nina Rossi,Alpha,avery.kim@examplecorp.test,Director,Intern,Evergreen Analytics LLC,Senior,Casey Patel,Non-binary,TAG-1844,TAG-9452,8503,Y,,Liam Okafor,Reese Blake,,Fatima Mercer,"188,860",Austin,Canada,Beta,Alpha,,9796,yara.brooks@sampleco.test,Yara Okafor,Recruiting,Rahul Vance,Other,,LOT-6519,,,,Denver,US Day,,Payroll Specialist,Riley Mensah,TAG-5340,,,Standard,SKU-3601,Active,Delta,,,5453,,,3180,4367,596,Standard,7950,6912,2603,,2024-02-20 14:02:00,8983,8383,Beta,Delta,Delta,REF-4839,8186,9389,7355,4790,916,Gamma,2026-03-19 06:30:00,5164,420,Delta,Beta,Other,TAG-9281,4051,9130,3160,6325,7374,Alpha,,,,,,,,,,,,,,2025-01-14,,1378,Other,SKU-7420,TAG-1443,TAG-2561,6318,8425,3536,5461,1898,Standard,2024-06-19,,,,,,,,,,,,,2024-02-22,9932,,Beta,,,,7652,,,,,Gamma,Noted a concern to revisit at the next sync.
100017,Relay User,101716,sofia.patel@sampleco.test,Rowan Sato,2025-12-02 20:44:00,emerson.whitfield@acme-fake.test,Taylor Sloan,2023-02-05 17:23:00,Beta,Jamie Larsson,2022-11-28 08:26:00,,,,Y,REF-9885,3256,Other,2969,8994,9237,LOT-5720,Other,100008,100245,,,Beta,8200,7589,,TAG-7577,Gamma,100332,100731,100517,100464,100641,100526,100443,100726,,100477,100487,,100683,,8553,,,,1158,,,100772,100780,100290,100232,,100241,100353,Aisha Kim,,,Omar Brooks,LOT-7793,Aisha K.,Taylor Ashby,,Coming Soon,TAG-2141,LOT-8374,,SKU-5314,Other,,Nina Mercer,Beta,sofia.kim@examplecorp.test,Manager,Full-Time,Cardinal Analytics LLC,Entry,Avery Patel,Prefer not to say,TAG-3104,TAG-7713,7707,Y,,Taylor Larsson,Chen Kim,REF-6200,Mei Ivanov,"144,792",Atlanta,Germany,Alpha,Delta,,8579,omar.mensah@sampleco.test,Noah Whitfield,Accounting,,Gamma,,SKU-7680,,Reviewed performance and gathered feedback.,Discussed timeline and next steps with the account.,Austin,Flexible,,Accountant,Omar Cohen,TAG-9035,,,Beta,SKU-6083,Active,Delta,,,,,,2053,6775,5550,Gamma,6769,2460,7851,Standard,2026-05-09 01:23:00,7412,8853,Delta,Other,Beta,LOT-5567,7304,5023,9270,1549,7025,Alpha,2025-01-05 22:50:00,5246,8656,Other,Delta,Gamma,LOT-9100,763,215,3431,1491,4351,Standard,,,,,,,,,,,,,,2023-06-30,9025,44,Other,LOT-1928,,,8456,5861,,6002,,Alpha,2025-08-16,,,,,,,,,,,,,2024-04-10,2511,2153,,REF-9211,,LOT-1066,,,7256,,,,Resolved the outstanding question about scope.
100622,Relay User,101719,marco.garcia@examplecorp.test,Chen Blake,2023-08-10 15:31:00,rowan.kim@sampleco.test,Priya Dorsey,2025-10-01 13:59:00,Delta,Rahul Haddad,2025-07-02 00:46:00,,,,N,REF-6762,1132,Other,6329,4417,1301,TAG-6099,Beta,100143,100765,REF-1393,722,Alpha,1106,,4607,,Delta,100097,100470,100543,100672,100523,,100670,100799,,,100280,100197,100688,,,Standard,9658,3741,,,LOT-9840,100239,100336,100452,,100704,100239,100684,Elena Mensah,,Reese Rossi,Avery Garcia,REF-5986,Elena M.,Priya Kim,,Not Available,REF-1393,TAG-6639,,LOT-2154,Standard,,Omar Cohen,Alpha,riley.garcia@examplecorp.test,Manager,Full-Time,Blue Ridge Financial,Senior,Jordan Rossi,Non-binary,REF-6453,SKU-6762,5818,N,,Fatima Silva,Alex Vance,SKU-5266,Arjun Cohen,"39,660",Phoenix,Canada,Standard,Beta,,8564,emerson.calder@acme-fake.test,Alex Mensah,Marketing,,Delta,,SKU-7667,,,Scheduled a check-in for the coming month.,Austin,Flexible,Alpha,Payroll Specialist,Rahul Okafor,REF-6439,,,Delta,REF-7674,Active,Other,,3542,,,,4188,4107,9127,Alpha,2021,7274,,Gamma,2025-03-10 02:01:00,5148,3522,Gamma,Alpha,Other,TAG-4560,9793,6849,1939,4982,1401,Gamma,2023-01-02 23:23:00,3531,4135,Other,Delta,Gamma,TAG-6395,727,6414,5749,6069,7969,Alpha,,,,,,,,,,,,,,2025-06-08,8185,2483,Gamma,,LOT-7749,SKU-7793,1210,3988,,,8614,Beta,2026-07-10,,,,,,,,,,,,,2026-01-24,454,6243,Delta,,,REF-8263,5331,3718,,,,,Aligned on billing and renewal terms.
100126,Relay User,101721,elena.calder@demomail.test,Avery Dorsey,2026-03-24 12:15:00,liam.ashby@demomail.test,Noah Sloan,2023-08-30 08:15:00,,,2023-10-19 20:45:00,,,,Y,REF-5333,1453,Standard,1635,6161,5547,LOT-4727,Alpha,100770,100434,LOT-3853,8005,Gamma,6736,8180,9511,SKU-5514,Beta,100503,100030,100753,100288,100717,100386,100531,100558,100090,,100498,,100551,REF-4324,,,9531,,,,REF-6302,100546,100613,100622,,100083,100523,100603,Rahul Nguyen,,,Sofia Blake,REF-9884,Rahul N.,,,Placed,SKU-1155,,,SKU-5801,,,Casey Brooks,Other,arjun.calder@sampleco.test,Manager,Intern,Meridian Labs Ltd,Senior,Sofia Rossi,Prefer not to say,REF-9965,SKU-7888,305,N,,Diego Whitfield,Sofia Cohen,TAG-9607,,"157,208",Austin,United States,Alpha,Other,,7602,liam.cohen@examplecorp.test,Nina Haddad,Accounting,Quinn Vance,Delta,Y,TAG-6528,,,,Bengaluru,US Night,Alpha,Marketing Coordinator,Marco Mercer,LOT-7658,,,Delta,SKU-6913,Active,Other,Discussed timeline and next steps with the account.,,,,Beta,8281,9204,3974,Alpha,5434,8268,5969,Delta,2024-10-28 23:13:00,164,7930,Gamma,Standard,Other,REF-4190,1355,7652,6732,9535,6886,Beta,2025-08-15 03:03:00,1392,3807,Other,Alpha,Delta,SKU-6292,8764,4209,8269,5262,670,Gamma,,,,,,,,,,,,,,2026-05-02,,,Delta,SKU-2666,,,962,2249,9470,188,,,2022-12-13,,,,,,,,,,,,,2025-12-08,,,,,TAG-9056,,,8478,,,,,Resolved the outstanding question about scope.
100415,Relay User,101722,omar.reyes@demomail.test,Liam Reyes,2022-12-12 05:05:00,casey.ivanov@examplecorp.test,Elena Sato,2023-06-08 23:54:00,Standard,,2023-01-24 03:57:00,,,,Y,REF-4818,1300,Alpha,3850,1141,689,LOT-5341,Beta,100141,100692,TAG-5127,6437,Other,,,9320,REF-7481,Delta,100066,100245,100184,100729,100343,100334,,100161,,,,100195,100473,REF-4481,6463,,8792,,,,,100686,100241,100596,100654,,100366,100627,Omar Ford,,,,REF-4227,Omar F.,Chen Sato,,Placed,,SKU-9061,,SKU-7115,Gamma,,Casey Nguyen,Beta,rowan.mercer@acme-fake.test,Manager,Part-Time,Delta Media LLC,Mid-Level,Arjun Patel,Male,TAG-3511,LOT-4298,3112,Y,,Jordan Garcia,Alex Ivanov,,Liam Rossi,"10,540",Atlanta,Germany,Beta,Other,Shared the updated proposal for review.,4262,liam.ford@sampleco.test,Sofia Calder,Software Engineering,,Standard,,SKU-8713,,,,Seattle,US Evening,Standard,Bookkeeper,Sofia Okafor,,,,Delta,SKU-3559,Active,Gamma,,,,,,4598,2924,4922,Beta,6820,3501,9150,Alpha,2025-09-20 11:29:00,7684,3408,Delta,Standard,Delta,LOT-4753,1086,4746,9253,7472,2498,Beta,2023-07-05 10:43:00,4612,1533,Other,Beta,Other,REF-5333,9439,2030,5802,9727,863,Gamma,,,,,,,,,,,,,,2026-01-31,8993,,Delta,REF-3234,REF-8362,,408,2053,8362,8130,2044,Beta,2026-04-12,,,,,,,,,,,,,2024-01-01,8323,,,,,,2817,4185,6007,,,Beta,Noted a concern to revisit at the next sync.
100593,Relay User,101724,sofia.vance@demomail.test,Morgan Ford,2025-08-31 05:11:00,omar.garcia@sampleco.test,Elena Nguyen,2025-03-15 19:09:00,Gamma,Rahul Ashby,2022-10-16 02:29:00,,,,Y,SKU-6150,2242,Delta,5957,8740,1107,TAG-5981,Delta,100780,100765,SKU-3766,,Other,,8565,,,,100632,100146,100076,100403,100535,100359,100452,100153,100113,100627,,,100146,,,,,,,SKU-1624,,100667,100798,100622,100485,,,100377,Nina Garcia,,,Jamie Patel,,Nina G.,Arjun Okafor,,N/A,REF-2210,,,REF-3981,Beta,,Rahul Blake,Delta,elena.ivanov@examplecorp.test,Director,Intern,Blue Ridge Dynamics Co,Senior,Avery Sato,Non-binary,REF-4718,REF-5727,8095,Y,,Priya Blake,Diego Costa,,Elena Brooks,"88,076",Manila,India,Alpha,Other,,,avery.reyes@examplecorp.test,Casey Cohen,Customer Support,,Standard,,TAG-8663,SKU-3761,,,Bengaluru,US Evening,Alpha,Software Developer,Alex Larsson,,End of Contract,,Delta,TAG-8061,Inactive,Alpha,,8770,8779,,,7408,8312,6058,Standard,7674,7814,2141,,2026-07-15 07:54:00,3393,9428,Standard,Standard,Beta,TAG-5036,7634,207,7593,1981,3945,Other,2023-04-21 07:22:00,1769,7155,Beta,Gamma,Delta,TAG-9485,3564,7699,8939,9013,73,Standard,,,,,,,,,,,,,,2025-05-28,,,Other,LOT-3091,LOT-8801,,,2333,,,,,2022-12-22,,,,,,,,,,,,,2024-01-01,,,,,,,7735,3832,,,2811,Beta,Reviewed performance and gathered feedback.
100780,Relay User,101727,alex.cohen@examplecorp.test,Jordan Reyes,2024-03-24 20:25:00,jordan.ivanov@acme-fake.test,Drew Kim,2025-01-25 01:03:00,Gamma,Taylor Haddad,2022-10-27 14:16:00,,,,N,TAG-2140,7180,Alpha,5368,939,6459,LOT-9059,Beta,100291,100571,SKU-5390,,,5181,6347,7019,REF-7608,,100200,100440,100195,100190,100383,100628,100717,100788,,100005,100498,100063,100302,,7289,,4672,1157,,,,100195,100334,,100091,100020,,100142,Noah Sato,,,,TAG-6615,Noah S.,,,Placed but Available,,,,LOT-9177,,,Arjun Whitfield,Delta,liam.blake@demomail.test,Team Lead,Part-Time,Keystone Dynamics Co,Mid-Level,Jamie Mercer,Male,TAG-1760,REF-4857,5936,N,LOT-4721,Avery Reyes,Yara Rossi,,,"176,341",London,Philippines,,Other,Discussed timeline and next steps with the account.,365,avery.sloan@demomail.test,Arjun Okafor,Recruiting,,Other,,SKU-1583,REF-4588,Shared the updated proposal for review.,,Chicago,US Day,,Marketing Coordinator,Priya Ford,,,,Standard,TAG-8221,Active,Standard,,7975,,,Alpha,3466,3533,6648,Delta,,8842,8361,Alpha,2024-04-01 14:13:00,5313,8378,Standard,Gamma,Alpha,LOT-8854,483,8231,7809,6465,9871,Gamma,2025-03-12 14:09:00,1161,5664,Other,Gamma,Standard,REF-9474,380,1904,3341,8647,3921,Beta,,,,,,,,,,,,,,2025-04-25,9233,7915,Alpha,SKU-4998,TAG-2091,SKU-7499,9734,2327,7904,4845,,Delta,2025-06-16,,,,,,,,,,,,,2024-12-14,,8193,Other,REF-8561,,,,,,,,,Scheduled a check-in for the coming month.
100688,Relay User,101730,arjun.blake@sampleco.test,Rowan Cohen,2023-03-18 17:14:00,mei.blake@examplecorp.test,Elena Mensah,2023-03-17 13:14:00,Gamma,,2023-02-04 21:16:00,,,,Y,TAG-9867,6522,Alpha,6327,2168,9453,LOT-9812,Beta,100060,100641,LOT-5097,7985,Beta,,,978,TAG-7055,Alpha,100343,100511,100546,100285,100601,100348,100552,100616,100477,100694,100760,,100722,,,,,9801,,,,100215,100565,100429,100741,100617,,100251,Elena Blake,,,Jamie Blake,SKU-3641,Elena B.,Chen Ford,SKU-7544,Placed,TAG-6593,,,LOT-9697,Gamma,,Skyler Costa,Gamma,quinn.vance@acme-fake.test,Individual Contributor,Part-Time,Northwind Labs LLC,Mid-Level,Priya Ashby,Male,SKU-7514,TAG-9234,1188,Y,LOT-3073,Yara Silva,Avery Garcia,LOT-2700,Skyler Reyes,"142,544",Dallas,Germany,,,,3967,taylor.blake@examplecorp.test,Omar Dorsey,Operations,Noah Nguyen,Delta,,REF-4761,,,,Toronto,US Day,Delta,Software Developer,Omar Blake,SKU-7136,,,Beta,SKU-3752,Active,Alpha,,,,3237,Other,9692,7337,2745,Standard,,9928,6380,Alpha,2023-02-02 13:06:00,8376,8957,Other,Delta,Alpha,TAG-5005,5557,3817,1392,9497,3885,Standard,2025-09-08 09:42:00,2221,2805,Standard,Alpha,Gamma,REF-6140,4394,9465,7982,4142,3839,Alpha,,,,,,,,,,,,,,2024-12-29,9366,7565,Alpha,,TAG-6673,SKU-3952,,3846,3419,8276,,Gamma,2022-11-20,,,,,,,,,,,,,2023-01-12,,6892,,,REF-6709,,5061,,,3104,,Alpha,Scheduled a check-in for the coming month.
100079,Relay User,101731,riley.ashby@acme-fake.test,Arjun Sato,2023-08-21 20:24:00,marco.ford@demomail.test,Diego Silva,2023-01-29 13:35:00,Gamma,Yara Dorsey,2025-08-31 12:21:00,,,,Y,SKU-4962,5659,Beta,8518,2608,7112,TAG-5517,Other,100454,,,,Delta,5262,2242,4177,SKU-6880,Beta,100332,100539,100340,100449,100415,100301,,100424,100615,,100340,,100151,,,,,2526,,,,100232,100736,,100017,,,100617,Casey Calder,,,Omar Okafor,TAG-2338,Casey C.,Liam Garcia,SKU-8156,Coming Soon,TAG-2265,,,LOT-2980,Beta,,Quinn Okafor,Gamma,aisha.silva@sampleco.test,Manager,Contractor,Vertex Retail Corp,Junior,Yara Sato,Female,REF-8000,SKU-3709,5406,Y,TAG-5272,Mei Cohen,Emerson Garcia,SKU-5602,Chen Kim,,Austin,Mexico,Other,Beta,,7841,rahul.rossi@acme-fake.test,Omar Mensah,Operations,,Alpha,,SKU-2530,SKU-4471,Shared the updated proposal for review.,,Manila,US Day,Delta,Bookkeeper,Aisha Mercer,LOT-3516,,,Delta,REF-8634,Active,Other,,,3710,,,7451,389,2592,Gamma,5687,7673,8659,Alpha,2023-12-30 07:54:00,9176,2581,Alpha,Delta,Delta,LOT-8018,3771,2434,5100,2087,2329,Delta,2026-06-02 00:33:00,3773,1882,Alpha,Other,Gamma,REF-8714,2136,8810,2261,5675,4383,Beta,,,,,,,,,,,,,,2024-11-22,6934,,Alpha,SKU-3038,SKU-3116,TAG-4533,6017,,4103,194,8475,Beta,2023-09-22,,,,,,,,,,,,,2024-03-15,,,,TAG-5921,LOT-9730,,7136,9526,,,,,Noted a concern to revisit at the next sync.
100591,Relay User,101734,aisha.sloan@examplecorp.test,Liam Brooks,2024-03-29 14:28:00,arjun.haddad@acme-fake.test,Omar Ivanov,2024-02-07 18:54:00,Delta,Mei Rossi,2022-10-08 18:25:00,,,,Y,LOT-7297,2204,Gamma,4145,4820,9514,TAG-7954,Standard,100750,100128,LOT-8085,,,,7779,843,SKU-4349,,100329,100185,100741,100496,100518,100234,100053,100708,,100750,,100469,100136,LOT-2007,,,,,2212,,,100234,100388,100360,100236,100408,,100516,Yara Silva,,,Elena Costa,TAG-6198,Yara S.,Rowan Ford,,N/A,,,LOT-2284,REF-5341,Alpha,,Chen Kim,Beta,skyler.calder@examplecorp.test,Individual Contributor,Intern,Delta Holdings LLC,Lead,Taylor Costa,Non-binary,LOT-4650,LOT-9777,2122,Y,,Jamie Silva,Reese Nguyen,,Chen Silva,"37,730",London,United States,Delta,Gamma,Scheduled a check-in for the coming month.,7871,reese.vance@examplecorp.test,Jordan Cohen,Software Engineering,,Beta,,TAG-9135,REF-7885,,,Denver,US Day,Gamma,Data Analyst,Mei Mercer,TAG-6082,,,Other,SKU-2618,Active,Beta,,,,1420,Beta,7971,7770,8239,Delta,,,,,2024-09-06 12:28:00,665,5853,Standard,Beta,Other,LOT-6144,2368,6553,8840,3772,3298,Alpha,2024-12-09 18:03:00,1339,365,Beta,Beta,Other,SKU-5590,7045,9560,4374,3853,9582,Standard,,,,,,,,,,,,,,2025-05-24,2076,6739,Beta,LOT-6860,,,,,9531,8753,3802,Gamma,2023-07-25,,,,,,,,,,,,,2023-09-14,8119,9148,Standard,,,,1358,,,,3481,,Discussed timeline and next steps with the account.
100729,Relay User,101737,elena.brooks@sampleco.test,Casey Mensah,2024-01-06 19:20:00,yara.patel@examplecorp.test,Liam Ford,2024-02-26 10:47:00,Delta,Taylor Dorsey,2026-06-01 23:09:00,,,,N,REF-7009,5947,Standard,120,9985,1738,LOT-9100,Beta,100704,100625,,1164,,6056,3409,4923,,Alpha,100282,100069,100692,100319,100490,100670,,100722,,100631,100328,,100455,LOT-5680,,,7185,2201,,,LOT-5302,100288,100588,100563,100079,100097,100735,100319,Mei Mensah,,,,,Mei M.,,,Placed,LOT-8519,SKU-6982,,SKU-6189,Gamma,,Liam Ivanov,Alpha,drew.patel@examplecorp.test,Individual Contributor,Part-Time,Cardinal Health LLP,Mid-Level,Yara Brooks,Non-binary,LOT-5109,TAG-5988,8987,Y,,Fatima Calder,Nina Ashby,LOT-2996,Drew Calder,,Toronto,Canada,Delta,Other,,3696,rahul.haddad@sampleco.test,Alex Costa,Human Resources,,Alpha,,LOT-1480,,,,Chicago,US Evening,Beta,Data Analyst,Emerson Cohen,REF-6723,,,Beta,SKU-1996,Active,Standard,,7624,5737,,,7881,6589,2230,Alpha,1910,7494,7256,Delta,2024-02-08 10:04:00,7573,7782,Gamma,Alpha,Alpha,SKU-5172,7843,1758,4681,1286,8500,Alpha,2026-04-26 23:48:00,6866,3868,Beta,Standard,Gamma,LOT-9560,8403,4863,8750,8073,30,Delta,,,,,,,,,,,,,,2025-11-25,725,8692,Standard,TAG-3586,LOT-6679,,8066,,5201,4560,3222,Alpha,2023-12-20,,,,,,,,,,,,,2024-11-30,8788,,Beta,,TAG-5365,,,,3622,,,,Followed up on the open items from last week.
100782,Relay User,101738,morgan.dorsey@demomail.test,Noah Mensah,2025-10-09 00:02:00,riley.blake@sampleco.test,Riley Sato,2023-10-02 06:09:00,Standard,,2025-02-28 22:20:00,,,,Y,SKU-5410,5207,Other,1828,1583,1095,REF-3578,Gamma,100487,100323,LOT-9779,2630,,1931,1337,,REF-5049,,100302,100042,100551,100494,100099,100736,100552,100792,,100767,100003,100075,100235,,8102,,,7369,,SKU-4957,LOT-7069,100316,,100585,100500,,100339,100552,Arjun Ivanov,,,,LOT-3776,Arjun I.,,,Not Available,REF-8089,,,LOT-8898,,,Emerson Rossi,Beta,fatima.garcia@sampleco.test,Individual Contributor,Intern,Northwind Financial Corp,Junior,Reese Mercer,Female,LOT-1789,TAG-7088,4195,Y,REF-7479,Diego Haddad,Skyler Rossi,,Nina Mensah,"197,505",Toronto,Canada,Alpha,Delta,,8812,reese.nguyen@sampleco.test,Yara Garcia,Finance,Reese Vance,Alpha,Y,REF-3495,REF-4202,,,Bengaluru,US Evening,Alpha,Customer Success Manager,Liam Larsson,REF-1907,,,Alpha,REF-5051,Active,Alpha,Resolved the outstanding question about scope.,,4091,,,5645,3530,5254,Other,5172,4794,,Gamma,2026-04-29 05:06:00,1629,9555,Other,Other,Delta,REF-4688,8435,2793,4433,5091,9206,Alpha,2024-12-17 15:46:00,5692,8933,Delta,Other,Gamma,TAG-3780,1213,8075,3941,1612,6112,Gamma,,,,,,,,,,,,,,2025-06-02,4524,8181,Delta,REF-9478,REF-8118,REF-8754,9123,3593,5245,3503,,Alpha,2025-01-05,,,,,,,,,,,,,2022-12-02,,,,,,REF-9848,,3241,,,6745,Beta,Shared the updated proposal for review.
100676,Relay User,101741,chen.larsson@sampleco.test,Drew Mensah,2023-04-20 07:15:00,arjun.costa@acme-fake.test,Jordan Whitfield,2023-12-29 22:09:00,Standard,Nina Ivanov,2024-01-07 17:16:00,,,,Y,LOT-6057,2927,Gamma,633,3788,37,SKU-4183,Standard,100302,100449,TAG-4167,5223,Beta,4948,,,SKU-7854,Standard,100106,100076,100080,100070,100530,100139,100632,100551,100601,100658,,100771,100073,LOT-8084,,,8304,,6885,REF-9434,SKU-9918,100417,100053,100705,100799,,100089,100494,Elena Larsson,,,Avery Cohen,,Elena L.,Mei Okafor,,Placed,TAG-8546,,SKU-8687,LOT-1759,Delta,,Arjun Sato,Delta,omar.blake@sampleco.test,Manager,Contractor,Northwind Robotics Ltd,Senior,Noah Silva,Non-binary,TAG-1679,TAG-4979,7993,Y,SKU-6826,Diego Rossi,Arjun Silva,,Nina Dorsey,"160,717",Seattle,United Kingdom,,Delta,Scheduled a check-in for the coming month.,2758,morgan.ford@sampleco.test,Alex Ashby,Operations,Priya Ivanov,Alpha,,TAG-1442,,,,Manila,Flexible,Standard,Payroll Specialist,Omar Okafor,SKU-1827,,,Gamma,REF-3257,Active,Other,,,,8290,Gamma,1906,2493,9288,Gamma,,8811,3949,Standard,2025-05-13 07:22:00,7456,2160,Alpha,Beta,Beta,SKU-8298,6129,1372,6318,6738,4714,Delta,2023-01-22 06:12:00,4,1664,Gamma,Delta,Other,REF-4263,7398,1574,9128,1285,8215,Standard,,,,,,,,,,,,,,2024-11-15,3332,,Alpha,LOT-2780,REF-6556,,1620,,2011,,,Alpha,2023-12-19,,,,,,,,,,,,,2025-03-15,,,Other,,,SKU-3548,,,4679,9917,,Beta,Resolved the outstanding question about scope.
100277,Relay User,101743,taylor.kim@acme-fake.test,Quinn Sloan,2026-05-19 22:20:00,taylor.silva@sampleco.test,Arjun Sloan,2023-02-17 00:15:00,Alpha,Sofia Garcia,2023-11-19 22:56:00,,,,N,SKU-8193,539,Gamma,4084,4036,2103,LOT-8237,Standard,100573,100382,SKU-7508,7981,,,7293,,LOT-8011,Beta,100588,100185,100224,100741,100200,100305,,100115,100053,100786,100573,100097,100579,,998,Standard,,,,,,100110,100432,100229,100146,,100468,100103,Avery Vance,,,Quinn Whitfield,REF-8663,Avery V.,Marco Nguyen,,Placed,REF-9874,LOT-6813,,TAG-8273,Alpha,,Drew Ivanov,Delta,liam.kim@examplecorp.test,Director,Full-Time,Harbor Energy Ltd,Lead,Riley Sloan,Non-binary,LOT-5910,SKU-6635,7887,Y,TAG-1832,,Aisha Dorsey,,,"62,359",Manila,Canada,Beta,Other,Reviewed performance and gathered feedback.,3585,jordan.garcia@examplecorp.test,Emerson Dorsey,Marketing,,Standard,,REF-4815,SKU-7629,,Followed up on the open items from last week.,Atlanta,US Evening,Standard,Data Analyst,Rahul Silva,REF-2664,,,Other,TAG-7112,Active,Beta,Shared the updated proposal for review.,3877,,,,3579,4934,7482,Other,2256,9744,2603,Gamma,2026-03-20 15:36:00,3073,6047,Alpha,Delta,Standard,REF-4477,2153,9060,9611,8325,3698,Other,2025-11-22 12:30:00,3531,6302,Beta,Gamma,Other,REF-4396,9026,6992,6551,8034,5366,Alpha,,,,,,,,,,,,,,2023-07-05,1736,,Delta,LOT-8161,,LOT-3199,8572,7252,532,3989,7167,,2024-01-21,,,,,,,,,,,,,2023-09-12,,,Delta,,REF-3052,,,,,3784,,,Discussed timeline and next steps with the account.
100113,Relay User,101745,skyler.haddad@demomail.test,Rahul Haddad,2024-09-16 23:24:00,morgan.vance@examplecorp.test,Marco Haddad,2023-09-16 06:51:00,,,2024-11-05 13:58:00,,,,N,LOT-4502,2505,Standard,320,605,2457,REF-3310,Other,100715,100206,SKU-6662,,Beta,,4695,5878,TAG-1669,Delta,100117,100188,100323,100031,100746,100440,100398,100552,100723,100285,100688,,100494,TAG-8042,,,,9586,,,SKU-3598,100418,100343,100025,100344,,100670,100090,Rowan Whitfield,,,Taylor Vance,,Rowan W.,,REF-4820,Placed,TAG-3642,TAG-3513,TAG-4381,TAG-8097,,,Quinn Garcia,Delta,marco.dorsey@demomail.test,Director,Part-Time,Keystone Logistics LLC,Junior,Avery Reyes,Non-binary,TAG-3270,TAG-1191,,N,SKU-2652,Sofia Reyes,Riley Silva,,Skyler Ivanov,,Manila,Mexico,Delta,Beta,Reviewed performance and gathered feedback.,4278,alex.sloan@sampleco.test,Quinn Ivanov,Software Engineering,,Other,,REF-1124,,,Reviewed performance and gathered feedback.,Seattle,US Evening,Alpha,Operations Associate,Arjun Nguyen,,,,Other,REF-4627,Active,Other,,7876,5723,748,Alpha,2143,5974,1934,Beta,,8945,,Other,2022-12-26 02:02:00,7525,8343,Alpha,Standard,Other,SKU-6665,9721,3153,8321,2518,1314,Other,2026-03-26 08:04:00,5068,1235,Other,Gamma,Gamma,REF-7015,4302,5447,1513,4075,263,Other,,,,,,,,,,,,,,2022-12-12,1657,7331,Beta,SKU-6163,,TAG-9337,9753,4251,3933,,4989,Other,2024-07-17,,,,,,,,,,,,,2024-08-09,,,Other,,,REF-9846,1111,5310,,,339,Beta,Reviewed performance and gathered feedback.
100136,Relay User,101748,priya.cohen@acme-fake.test,Arjun Nguyen,2023-03-09 20:47:00,reese.dorsey@examplecorp.test,Mei Ivanov,2023-09-16 04:43:00,Delta,,2026-03-15 01:14:00,,,,N,LOT-8908,7732,Delta,6649,926,2016,TAG-5101,Standard,100607,100443,,,Delta,,,752,SKU-7823,Alpha,100003,100559,100200,100579,100673,100272,100542,100060,,,100720,100234,,,,Beta,,5726,7127,,TAG-4838,100161,100172,100798,100610,100437,100348,100017,Quinn Rossi,,,Diego Costa,SKU-3446,Quinn R.,,,N/A,LOT-5694,,,TAG-2378,,,Drew Vance,Other,diego.patel@acme-fake.test,Team Lead,Contractor,Lakeside Systems Co,Lead,Diego Larsson,Non-binary,SKU-7815,REF-6865,,N,,Liam Sato,Nina Whitfield,,Noah Blake,,Chicago,United Kingdom,Delta,Gamma,Noted a concern to revisit at the next sync.,3513,chen.okafor@examplecorp.test,Riley Ford,Customer Support,Rowan Dorsey,Beta,,REF-2396,,,,Austin,Flexible,,Customer Success Manager,Reese Brooks,REF-1761,,,Delta,LOT-6666,Active,Other,,,7311,,,5034,2120,2357,Alpha,8921,916,8843,,2025-09-04 17:29:00,3396,6116,Alpha,Alpha,Other,LOT-7339,8023,4770,6390,6371,3878,Alpha,2026-01-13 20:10:00,1314,275,Gamma,Alpha,Standard,REF-1310,4304,8593,9124,9031,4871,Beta,,,,,,,,,,,,,,2023-05-25,7113,5931,Standard,LOT-2746,TAG-9763,SKU-9021,7520,5837,,3005,,Alpha,2023-12-24,,,,,,,,,,,,,2023-02-20,6742,,Alpha,,SKU-8965,,9589,7696,63,,9419,Delta,Scheduled a check-in for the coming month.
100445,Relay User,101751,casey.mensah@demomail.test,Jordan Garcia,2024-03-24 09:52:00,skyler.mercer@examplecorp.test,Arjun Mercer,2025-12-10 16:04:00,Standard,Sofia Vance,2024-02-24 05:15:00,,,,N,LOT-6643,97,Gamma,2763,5404,718,TAG-7214,Delta,100624,100786,TAG-2189,,Beta,9514,2223,1801,SKU-3808,Gamma,100753,100126,100186,100168,100637,100426,100485,100168,,100789,,100506,100720,,,,7784,,,,LOT-9195,100351,100178,100676,,100189,,100744,Liam Kim,,,Yara Okafor,LOT-1555,Liam K.,Reese Okafor,,N/A,TAG-6806,SKU-1798,,SKU-4916,Standard,,Skyler Vance,Delta,casey.ivanov@demomail.test,Manager,Contractor,Harbor Group Corp,Lead,Marco Kim,Female,REF-4400,SKU-1932,,Y,LOT-3886,Priya Blake,Fatima Okafor,,Skyler Patel,,Atlanta,United Kingdom,Delta,Standard,,9667,noah.mensah@examplecorp.test,Noah Vance,Data & Analytics,,Alpha,,TAG-5194,,,,Chicago,US Night,Other,Operations Associate,Alex Blake,REF-6220,Voluntary Resignation,,Gamma,LOT-1107,Inactive,Beta,Noted a concern to revisit at the next sync.,,9828,,,7257,8052,1399,Standard,2525,6224,2436,Gamma,2025-01-26 18:46:00,8697,6491,Gamma,Gamma,Standard,SKU-3724,954,1028,6982,9104,818,Gamma,2023-07-26 18:09:00,451,7092,Delta,Other,Other,SKU-9799,753,6486,1619,6998,1935,Delta,,,,,,,,,,,,,,2026-04-13,,3294,Other,,SKU-3877,LOT-4390,9541,5776,1236,7062,,Other,2023-08-20,,,,,,,,,,,,,2023-10-23,,,,,,REF-4049,,7915,,4869,,,Discussed timeline and next steps with the account.
100164,Relay User,101752,riley.ivanov@acme-fake.test,Avery Mensah,2024-03-19 06:50:00,jamie.mercer@sampleco.test,Avery Larsson,2023-10-01 06:30:00,Other,Jamie Whitfield,2024-06-13 03:07:00,,,,N,TAG-4046,6783,Other,3374,8965,9124,TAG-3376,Alpha,100308,100692,REF-3680,3455,Standard,7918,4702,9469,,,100017,100437,100432,100113,100023,100285,100290,100601,,100301,100342,100449,100340,REF-6816,515,,626,,5844,TAG-7539,,100631,100200,100637,100046,100185,100336,100777,Drew Larsson,,,,LOT-6365,Drew L.,Drew Brooks,,Placed,,,,TAG-4618,Delta,,Chen Cohen,Standard,skyler.vance@acme-fake.test,Individual Contributor,Full-Time,Redwood Labs Co,Mid-Level,Nina Ivanov,Prefer not to say,LOT-9176,SKU-3257,4674,N,,Priya Dorsey,Yara Sato,,Morgan Rossi,,Denver,Philippines,Alpha,Gamma,,5916,jamie.larsson@examplecorp.test,Chen Blake,Customer Support,Quinn Sato,Beta,,LOT-8402,LOT-4913,,Followed up on the open items from last week.,Bengaluru,US Night,Other,Executive Assistant,Jamie Okafor,,,Alpha,Gamma,REF-2835,Active,Delta,Resolved the outstanding question about scope.,,1990,,Gamma,6720,1981,4965,Delta,,4987,3658,Beta,2025-05-29 14:08:00,6543,1783,Other,Other,Beta,LOT-7262,7648,8809,322,530,1797,Gamma,2023-04-07 20:22:00,1493,5941,Alpha,Delta,Delta,TAG-1752,4265,2804,1333,4943,33,Delta,,,,,,,,,,,,,,2026-02-06,7362,7281,Standard,SKU-6488,,TAG-4228,2814,1527,5012,,2226,Gamma,2026-06-14,,,,,,,,,,2807,,,2026-06-25,,3950,,TAG-4705,SKU-8490,LOT-6113,8963,5103,,,,,Scheduled a check-in for the coming month.
100555,Relay User,101755,skyler.dorsey@sampleco.test,Rowan Kim,2023-10-28 11:56:00,aisha.rossi@acme-fake.test,Arjun Ivanov,2025-08-28 12:24:00,Beta,,2022-11-10 08:44:00,,,,Y,REF-8903,2407,Alpha,7902,3893,2553,LOT-8133,Beta,100185,100542,REF-1331,34,Beta,77,3922,,TAG-3311,,100454,100670,100030,100348,100410,100391,100223,100587,,100789,100314,,100437,TAG-1661,,,,,,,,,100408,100554,,,,100113,Taylor Ford,,,Arjun Nguyen,TAG-6556,Taylor F.,Avery Vance,,Coming Soon,,,,TAG-6259,Alpha,,Fatima Okafor,Other,rowan.reyes@acme-fake.test,Manager,Contractor,Harbor Holdings,Senior,Nina Sloan,Male,REF-1523,SKU-8253,538,Y,,Drew Cohen,Morgan Ashby,,Diego Whitfield,"62,694",Chicago,United States,Beta,Delta,Reviewed performance and gathered feedback.,7146,arjun.ivanov@demomail.test,Marco Garcia,Data & Analytics,Diego Cohen,Standard,,SKU-2365,,,Followed up on the open items from last week.,Phoenix,US Evening,,HR Generalist,Riley Sato,,,,Gamma,LOT-7367,Active,Alpha,,5388,,,,6041,7351,6672,Standard,5520,,8783,,2022-10-10 05:17:00,3478,4270,Gamma,Alpha,Beta,TAG-9676,7751,4408,8211,624,729,Delta,2022-10-15 16:57:00,5734,6366,Gamma,Alpha,Gamma,REF-1791,9272,9056,4655,3431,2019,Beta,,,,,,,,,,,,,,2025-01-01,1627,8609,Delta,LOT-3632,SKU-3845,LOT-5172,9386,1523,4493,4087,7982,Gamma,2024-03-29,,,,,,,,,,,,,2023-12-12,727,9011,,REF-6728,REF-1298,SKU-1250,,5604,,,,Other,Shared the updated proposal for review.
100479,Relay User,101758,jamie.blake@examplecorp.test,Yara Whitfield,2025-11-29 03:35:00,yara.nguyen@sampleco.test,Rahul Garcia,2023-10-03 17:05:00,Gamma,,2024-08-26 14:07:00,,,,N,SKU-4790,5206,Delta,6743,5366,6963,LOT-6402,Other,100212,100041,TAG-4105,531,,,,996,REF-9323,Beta,100205,100319,100376,100352,100509,100186,,100654,100139,,100601,100664,100526,SKU-2963,,,,3916,57,,,100015,100646,100203,100236,100348,100259,100224,Drew Calder,,,,REF-2215,Drew C.,,TAG-8431,Available,SKU-2507,,,LOT-9218,,,Chen Okafor,Standard,emerson.rossi@acme-fake.test,Team Lead,Full-Time,Cobalt Capital LLP,Lead,Noah Haddad,Prefer not to say,LOT-8236,SKU-5833,1798,Y,REF-3725,Nina Garcia,Rahul Sloan,,Priya Okafor,"150,768",Atlanta,United States,Beta,Other,Resolved the outstanding question about scope.,,arjun.larsson@demomail.test,Jordan Dorsey,Customer Support,Omar Nguyen,Alpha,,REF-5254,TAG-4133,,Shared the updated proposal for review.,Seattle,US Night,Alpha,QA Engineer,Yara Nguyen,LOT-7138,,,Alpha,REF-4737,Active,Delta,,,3215,,,3539,7765,1643,Alpha,6750,8561,1053,Delta,2024-12-02 00:33:00,6417,2395,Alpha,Beta,Alpha,LOT-3022,8966,4901,5536,4862,6129,Gamma,2024-09-10 05:54:00,6267,8042,Gamma,Beta,Other,REF-4394,8805,5894,5889,1496,8221,Standard,,,,,,,,,,,,,,2024-12-02,6727,1683,,SKU-4582,,,6570,3346,,3479,5605,Delta,2026-05-29,,,,,,,,,,,,,2026-07-05,,9272,,,,,,5149,,,5075,,Resolved the outstanding question about scope.
100780,Relay User,101761,jordan.reyes@acme-fake.test,Avery Garcia,2026-07-15 16:11:00,rowan.ashby@sampleco.test,Taylor Mercer,2022-12-18 18:29:00,Delta,Nina Silva,2024-08-17 15:45:00,,,,Y,LOT-3902,6286,Beta,1630,5139,9825,TAG-3040,Other,100464,100282,,8990,Other,,9894,3429,SKU-5309,,100251,100702,100120,100457,100500,100494,,100517,,100016,100242,100454,100735,TAG-3214,,,6054,,2706,,,,100293,100542,100591,100269,100535,100617,Avery Patel,,,Taylor Vance,,Avery P.,Riley Reyes,,Available,LOT-8892,,TAG-2167,TAG-2297,,,Omar Sloan,Gamma,reese.ashby@sampleco.test,Individual Contributor,Full-Time,Horizon Systems Group,Junior,Rahul Ashby,Female,LOT-2373,LOT-1536,6105,Y,,Quinn Haddad,Diego Patel,,,"177,797",Mumbai,India,Standard,Beta,,6367,noah.whitfield@sampleco.test,Arjun Sloan,Data & Analytics,,Alpha,,REF-5592,SKU-6337,,Discussed timeline and next steps with the account.,London,US Day,Alpha,Executive Assistant,Mei Dorsey,REF-1305,,,Alpha,TAG-3721,Active,Beta,,8821,7691,,Gamma,6515,5465,7696,Delta,2264,6727,,Standard,2023-02-01 21:40:00,7033,5167,Beta,Gamma,Gamma,REF-3560,6265,115,6426,8337,8450,Other,2022-10-23 16:32:00,1300,2040,Other,Gamma,Standard,REF-7918,6579,8777,2283,1638,1293,Standard,,,,,,,,,,,,,,2024-06-14,8638,9455,Gamma,,LOT-8554,REF-6147,5577,3258,,,5795,Gamma,2023-03-08,,,,,,,,,,,,,2023-06-15,9892,,,,REF-5204,,,,,8172,,,Noted a concern to revisit at the next sync.
100482,Relay User,101762,arjun.patel@demomail.test,Liam Whitfield,2023-08-25 21:18:00,arjun.ashby@acme-fake.test,Elena Costa,2025-07-09 14:56:00,Beta,,2025-08-02 17:38:00,,,,Y,REF-5937,5747,Delta,3604,1744,3547,SKU-7525,Other,100579,100058,,,Alpha,8243,6160,,LOT-9289,Alpha,100420,100615,100563,100158,100473,100708,100161,100265,,100498,100702,100029,100753,,,Alpha,9563,,1147,,,100083,100456,100445,100400,100049,100555,100083,Rahul Garcia,,,Jordan Dorsey,TAG-8743,Rahul G.,Mei Reyes,,Placed,TAG-7504,SKU-9326,,LOT-3697,Delta,,Noah Rossi,Gamma,casey.dorsey@sampleco.test,Individual Contributor,Part-Time,Ironwood Networks Ltd,Entry,Emerson Okafor,Male,REF-7157,LOT-4263,3101,Y,TAG-9166,Avery Larsson,Priya Okafor,,Taylor Garcia,"1,149",Seattle,Germany,Beta,Beta,,2210,diego.haddad@demomail.test,Rowan Patel,Recruiting,Riley Nguyen,Gamma,Y,TAG-7638,TAG-2831,,,Dallas,US Day,Beta,Data Analyst,Fatima Silva,REF-7909,,,Beta,TAG-7902,Active,Delta,Discussed timeline and next steps with the account.,,,,Alpha,339,9715,2395,Gamma,4563,5390,9097,Standard,2023-04-05 10:27:00,3138,3558,Delta,Gamma,Delta,TAG-4676,9413,1854,8118,969,8572,Delta,2025-06-14 00:40:00,5967,3608,Alpha,Delta,Alpha,REF-7958,790,5264,2901,4884,1308,Beta,,,,,,,,,,,,,,2023-06-30,7484,6368,Standard,LOT-7382,,LOT-5293,2187,,,3079,263,Standard,2025-01-05,,,,,,,,,,,,,2025-08-01,,,Beta,,,,8945,612,8541,5656,,,Resolved the outstanding question about scope.
100469,Relay User,101763,diego.larsson@sampleco.test,Rowan Ashby,2026-03-29 16:18:00,skyler.haddad@acme-fake.test,Skyler Cohen,2026-05-17 02:53:00,,Quinn Okafor,2024-04-14 00:37:00,,,,Y,LOT-2951,9181,Other,9937,7555,5862,TAG-8893,Delta,100744,100314,TAG-5859,,Gamma,6657,4374,992,,Beta,100333,100113,100309,100026,100200,100413,100641,100104,,100658,100066,,100634,,,,,,,,LOT-4407,100254,100628,100178,,,100344,100325,Drew Vance,,,Mei Sato,SKU-6142,Drew V.,Omar Sloan,,Placed but Available,TAG-5208,,SKU-8480,SKU-5983,Gamma,,Arjun Garcia,Beta,fatima.sato@sampleco.test,Individual Contributor,Intern,Granite Logistics Co,Mid-Level,Yara Ford,Non-binary,LOT-5352,TAG-1512,9659,Y,REF-9276,Marco Kim,Reese Kim,,Taylor Larsson,,Denver,Mexico,Gamma,Gamma,,,elena.ivanov@examplecorp.test,Reese Kim,Sales,Mei Garcia,Beta,,TAG-1419,,,,Mumbai,US Evening,Beta,HR Generalist,Liam Nguyen,,,,Other,SKU-7809,Active,Beta,,1324,,42,,5181,1300,6551,Delta,,7700,8501,Beta,2023-03-15 14:35:00,8634,946,Other,Standard,Alpha,LOT-5911,156,638,2735,814,2789,Delta,2024-10-07 16:37:00,4993,4078,Beta,Standard,Other,LOT-2204,6785,9320,3447,45,4337,Other,,,,,,,,,,,,,,2026-01-27,,,Standard,REF-3919,,TAG-4188,,,2378,6663,8201,Gamma,2022-10-07,,,,,,,,,,,,Delta,2024-02-20,,6009,Other,,,REF-8051,,,1386,2346,,,Shared the updated proposal for review.
100624,Relay User,101764,elena.costa@examplecorp.test,Liam Rossi,2023-11-14 03:21:00,sofia.cohen@acme-fake.test,Yara Vance,2024-03-14 21:50:00,Other,,2024-02-05 20:10:00,,,,N,SKU-7356,8861,Gamma,6114,2062,7571,TAG-7837,Delta,100352,100530,,570,,,,143,SKU-4572,Delta,100012,100753,100176,100786,100708,100029,100331,100380,,100023,,,100624,SKU-9600,,Standard,,4652,,LOT-3306,,100638,100103,100517,,,100360,100555,Riley Larsson,,,,REF-4586,Riley L.,Rahul Costa,REF-5085,Not Available,,,REF-6243,REF-6786,,,Jamie Ashby,Delta,elena.dorsey@examplecorp.test,Team Lead,Part-Time,Ironwood Networks Corp,Lead,Casey Whitfield,Non-binary,SKU-9835,TAG-2437,,N,TAG-9477,Jamie Silva,Marco Calder,SKU-8234,Skyler Ashby,,Denver,Australia,,Alpha,,4058,riley.okafor@sampleco.test,Jamie Sato,Customer Support,Liam Nguyen,Standard,,REF-8905,TAG-3917,,,Manila,Flexible,Delta,Recruiter,Liam Mensah,REF-2479,,,Delta,TAG-1336,Active,Beta,,,,6092,,6559,3342,2151,Other,,2806,,Gamma,2025-04-28 21:02:00,8874,4272,Gamma,Standard,Other,LOT-2851,706,1398,7267,6910,5118,Beta,2025-06-28 21:39:00,5733,9076,Delta,Standard,Alpha,TAG-5660,2384,4342,1517,9373,7094,Other,,,,,,,,,,,,,,2023-07-08,1997,9407,Gamma,,SKU-7672,LOT-1888,971,,,9081,416,Other,2022-11-23,,,,,,,,,,,,,2025-02-24,6809,,Other,LOT-8013,,SKU-4012,,9266,,6064,8190,Gamma,Scheduled a check-in for the coming month.
100511,Relay User,101767,jordan.dorsey@acme-fake.test,Arjun Brooks,2023-04-05 01:26:00,mei.dorsey@sampleco.test,Diego Reyes,2022-10-14 16:21:00,Standard,Alex Costa,2025-11-13 22:32:00,,,,N,LOT-1875,5019,Other,4607,9531,7663,TAG-6646,Beta,100518,100248,,,,8424,9827,6178,,Other,100539,100313,100683,100282,100259,100490,,100190,100535,100418,100699,,100683,SKU-5958,,,,,,,,100293,100156,100090,100344,100447,100615,100290,Liam Dorsey,,,Taylor Haddad,SKU-6788,Liam D.,,,Placed but Available,TAG-7592,,,TAG-8914,,,Chen Cohen,Beta,omar.reyes@sampleco.test,Director,Part-Time,Summit Foods LLP,Senior,Yara Sloan,Male,LOT-5593,SKU-9957,5675,Y,REF-7394,Skyler Ashby,Riley Costa,,Elena Ivanov,"115,643",Dallas,United States,Alpha,Other,,,diego.rossi@examplecorp.test,Morgan Mensah,Data & Analytics,,Standard,,REF-1262,,Scheduled a check-in for the coming month.,,Mumbai,Flexible,Alpha,Financial Analyst,Marco Calder,TAG-9150,,,Gamma,REF-5100,Active,Delta,,2850,6957,4163,,924,8254,3417,Other,2572,6121,8235,Standard,2025-08-29 00:03:00,654,2554,Standard,Standard,Beta,LOT-9087,7627,1649,8223,6829,8785,Alpha,2023-07-15 13:24:00,213,9954,Alpha,Delta,Alpha,SKU-1788,7669,4417,1128,2040,3185,Alpha,,,,,,,,,,,,,,2026-06-20,1979,4736,,TAG-2795,,,4308,8440,9996,707,,,2025-12-04,,,,,,,,,,,,,2024-10-13,,4054,Other,LOT-2675,,,4497,,,,,,Followed up on the open items from last week.
100340,Relay User,101770,jamie.haddad@acme-fake.test,Emerson Vance,2024-10-13 02:50:00,jamie.mensah@sampleco.test,Elena Ford,2022-10-03 23:13:00,Alpha,Drew Silva,2025-03-25 23:10:00,,,,Y,LOT-5114,3106,Other,4769,6108,9588,TAG-4578,Standard,100780,100030,SKU-7333,723,,3092,,4903,LOT-2515,,100177,100506,100126,100010,100786,100780,100742,100161,,100242,100322,,100415,,,,,,,REF-9288,,100654,100280,100382,100788,100484,,100215,Diego Haddad,,,Skyler Kim,,Diego H.,Diego Larsson,,Placed,REF-1722,SKU-5079,LOT-5562,REF-6432,Gamma,,Avery Calder,Other,mei.nguyen@acme-fake.test,Individual Contributor,Contractor,Pioneer Networks Ltd,Lead,Aisha Sato,Female,LOT-3766,TAG-1643,,Y,REF-4796,Omar Ford,Noah Haddad,,Casey Dorsey,,London,United States,Beta,Gamma,,,liam.blake@examplecorp.test,Morgan Dorsey,Marketing,Liam Reyes,Alpha,,LOT-3038,SKU-7643,,,Denver,Flexible,,Operations Associate,Alex Ivanov,TAG-9964,,,Standard,REF-7340,Active,Alpha,,,,,Other,72,4768,1609,Alpha,,,8398,Delta,2024-08-30 19:47:00,4664,2302,Other,Standard,Beta,TAG-5477,4970,448,2219,6793,7855,Beta,2024-02-20 21:33:00,4808,1826,Delta,Other,Beta,LOT-9984,7629,2245,4858,8066,8560,Standard,,,,,,,,,,,,,,2024-10-25,4897,1961,Other,,,,7109,8314,4608,,,Other,2023-04-08,,,,,,,,,,,,,2024-12-24,,,Other,,,,,3975,5279,4911,,,Reviewed performance and gathered feedback.
100091,Relay User,101772,avery.cohen@acme-fake.test,Diego Patel,2026-03-18 10:12:00,rowan.silva@sampleco.test,Elena Okafor,2023-09-25 11:38:00,Gamma,Morgan Reyes,2025-10-07 10:56:00,,,,N,LOT-1042,6474,Delta,4781,9929,848,REF-6192,Delta,100516,100634,,6402,,4770,7465,,REF-4115,Alpha,100661,100026,100485,100568,100603,100755,,100197,100295,100139,100049,100473,100506,,4289,Gamma,7880,,6718,REF-4233,,100646,100339,100094,,100051,,100610,Casey Ford,,,Skyler Haddad,LOT-1037,Casey F.,,REF-3618,Available,,,,SKU-9734,Gamma,,Noah Costa,Alpha,sofia.whitfield@examplecorp.test,Individual Contributor,Contractor,Blue Ridge Labs LLP,Entry,Morgan Cohen,Female,TAG-1833,TAG-1162,,Y,SKU-7975,Arjun Vance,Arjun Calder,,Rahul Garcia,"54,189",Denver,India,Beta,,,5294,quinn.mercer@demomail.test,Marco Kim,Marketing,Morgan Dorsey,Gamma,,REF-6742,LOT-8565,,,Denver,Flexible,,Marketing Coordinator,Yara Larsson,LOT-1838,,,Beta,REF-8971,Active,Gamma,,,,7848,,8940,1788,3798,Beta,7184,5044,9680,Alpha,2025-06-21 20:52:00,2194,2148,Other,Beta,Delta,TAG-6006,254,9336,542,6480,5715,Standard,2024-03-30 08:17:00,5980,8444,Alpha,Delta,Standard,REF-7148,1689,8798,8408,7237,6595,Other,,,,,,,,,,,,,,2026-02-03,2588,9355,Alpha,LOT-8041,LOT-3187,TAG-4012,1685,,3539,8925,3107,Gamma,2025-01-10,,,,,,,,,,,,,2025-02-14,5042,8251,Beta,TAG-3952,,TAG-1968,,,9569,,,,Scheduled a check-in for the coming month.
100017,Relay User,101773,emerson.reyes@acme-fake.test,Nina Sloan,2023-01-10 13:55:00,rowan.haddad@demomail.test,Rowan Mensah,2025-06-25 18:30:00,Gamma,Rahul Silva,2023-04-06 17:10:00,,,,Y,LOT-5243,9993,Alpha,5621,5256,7910,SKU-8018,Other,100104,100245,LOT-1289,,Delta,3419,,,TAG-3454,Delta,100156,100389,100563,100604,100083,100041,100282,100574,100129,100440,100030,100498,100500,,,,2851,,,,TAG-6731,100517,100017,100220,,100511,100571,100115,Jordan Nguyen,,,,SKU-4897,Jordan N.,,,N/A,LOT-9002,LOT-4525,,REF-1176,Beta,,Rahul Okafor,Other,skyler.dorsey@sampleco.test,Director,Contractor,Beacon Retail LLP,Mid-Level,Fatima Sloan,Male,REF-6944,TAG-8217,1939,Y,,Noah Nguyen,Priya Rossi,,Skyler Blake,,London,India,Beta,Delta,,5407,elena.kim@sampleco.test,Yara Nguyen,Recruiting,,Delta,,REF-7297,,,,Denver,Flexible,,Accountant,Quinn Mercer,SKU-5129,,,Delta,SKU-6636,Active,Delta,,,7118,405,,5144,7725,8402,Gamma,,7424,3816,Standard,2025-05-20 13:37:00,6692,6580,Delta,Delta,Standard,REF-4491,456,1906,766,7792,6379,Other,2025-12-24 06:00:00,1319,5929,Alpha,Delta,Standard,SKU-5848,2171,1482,7164,5840,1416,Other,,,,,,,,,,,,,,2024-02-08,3007,,Beta,TAG-5815,LOT-2193,SKU-4544,2503,,3449,4928,8837,Delta,2023-04-06,,,,,,,,,,,,,2022-11-14,,9394,,TAG-4478,,,,,5814,,2227,Delta,Noted a concern to revisit at the next sync.
100565,Relay User,101776,jordan.dorsey@demomail.test,Liam Mercer,2025-03-26 18:23:00,chen.garcia@examplecorp.test,Noah Okafor,2025-08-15 17:40:00,Other,Morgan Larsson,2024-01-10 17:55:00,,,,Y,TAG-3364,5979,Beta,6020,3289,261,LOT-7822,Alpha,100692,100443,LOT-3431,5741,Delta,9421,,7538,TAG-9533,,100012,100624,100235,100755,100765,100649,,100770,100625,100267,100195,100559,100722,LOT-2355,,,,8422,,,,100627,100734,100031,100205,,,100588,Jamie Dorsey,,,Arjun Vance,LOT-6764,Jamie D.,Alex Silva,,Placed,,,,TAG-9914,,,Sofia Sloan,Alpha,quinn.blake@examplecorp.test,Manager,Part-Time,Granite Solutions LLC,Entry,Arjun Haddad,Non-binary,SKU-6162,LOT-4429,1104,Y,TAG-1929,Priya Blake,Noah Mercer,TAG-3605,Casey Kim,"5,577",Mumbai,Canada,,Gamma,Aligned on billing and renewal terms.,8388,riley.ford@examplecorp.test,Aisha Rossi,Data & Analytics,,Delta,,SKU-7373,REF-8696,,Resolved the outstanding question about scope.,Toronto,Flexible,Standard,Bookkeeper,Rowan Costa,,,,Standard,TAG-3824,Active,Delta,,7869,,6086,,3398,9563,5845,Other,1943,2672,158,,2025-12-30 03:55:00,3974,5570,Delta,Alpha,Alpha,REF-7334,3267,9823,6808,3593,9373,Standard,2023-02-03 07:06:00,3688,9565,Standard,Alpha,Gamma,TAG-2183,4521,7147,3230,4498,3248,Standard,,,,,,,,,,,,,,2023-02-25,,6372,Other,TAG-4472,REF-4020,,8998,4042,9813,,,Alpha,2024-02-23,,,,,,,,,,,,,2025-01-28,3961,,,,LOT-8926,,,2506,,3814,,Other,Scheduled a check-in for the coming month.
100649,Relay User,101779,rowan.rossi@sampleco.test,Nina Mercer,2026-07-30 20:13:00,elena.blake@acme-fake.test,Diego Mensah,2024-04-06 01:18:00,Gamma,Aisha Haddad,2024-08-04 21:24:00,,,,N,TAG-5188,3985,Delta,1523,5048,4615,TAG-7776,Gamma,100426,100793,,,,7325,4474,4005,SKU-1065,,100470,100694,100403,100238,100255,100136,100091,100281,,100726,100248,100066,100272,,,,8449,4570,6106,,,100720,100522,100356,,100333,,100089,Noah Dorsey,LOT-9396,,,TAG-2052,Noah D.,Nina Blake,,Available,REF-3248,,,TAG-2377,,,Skyler Ford,Standard,arjun.mercer@examplecorp.test,Team Lead,Full-Time,Atlas Dynamics Co,Mid-Level,Jamie Blake,Male,REF-1201,SKU-1014,2196,Y,SKU-9879,Casey Silva,Priya Ford,LOT-8874,Aisha Cohen,,Dallas,Canada,,Alpha,,1270,yara.ashby@sampleco.test,Rowan Rossi,Customer Support,Skyler Sloan,Other,,TAG-3728,REF-7991,,Followed up on the open items from last week.,Toronto,US Night,Standard,Accountant,Reese Calder,TAG-6853,,,Alpha,REF-6382,Active,Delta,,,,,,3606,5436,2022,Gamma,7955,,9171,Standard,2023-08-30 00:13:00,4812,1163,Alpha,Gamma,Beta,TAG-4135,9234,4371,7094,7143,5558,Delta,2024-01-20 00:03:00,8992,2993,Delta,Beta,Other,REF-5311,3247,481,4691,2781,5887,Gamma,,,,,,,,,,,,,,2025-07-25,5173,,Other,LOT-5940,REF-9308,TAG-3460,1577,6029,700,2423,6136,Other,2025-10-13,,,,,,,,,,,,,2024-02-14,,,,,,REF-6919,,,,,,,Followed up on the open items from last week.
